premises,target_sentence,item_id,context,target,brace,condition,task_id,critical,sentence_surprisal,wieder_surprisal,word_surprisal,critical_surprisal
Letzte Woche hat Linda Judith eine rosa Lampe für ein Zimmer gekauft.,"Vor zwei Tagen hat Judith wieder eine rosa Lampe erhalten, als sie mit einer Freundin unterwegs war.",1,ai,bi,1,positive,0,erhalten,137.0,8.3125,"[('Vor', 12.0), ('zwei', 11.875), ('Tagen', 15.0625), ('hat', 8.1875), ('Judith', 14.25), ('wieder', 8.3125), ('eine', 4.71875), ('rosa', 0.0966796875), ('Lampe', 0.03076171875), ('erhalten', 15.6875), (',', 1.8125), ('als', 8.3125), ('sie', 4.09375), ('mit', 6.25), ('einer', 2.28125), ('Freundin', 10.41650390625), ('unterwegs', 11.4375), ('war', 0.416015625), ('.', 1.421875)]",15.6875
Letzte Woche hat Linda Judith eine rosa Lampe für ein Zimmer gekauft.,"Vor zwei Tagen hat Linda wieder eine rosa Lampe erhalten, als sie mit einer Freundin unterwegs war.",1,ai,bi,2,neutral,0,erhalten,140.0,10.0,"[('Vor', 12.0), ('zwei', 11.875), ('Tagen', 15.0625), ('hat', 8.1875), ('Linda', 4.875), ('wieder', 10.0), ('eine', 5.03125), ('rosa', 0.15234375), ('Lampe', 0.007781982421875), ('erhalten', 18.875), (',', 1.5), ('als', 10.4375), ('sie', 6.625), ('mit', 7.21875), ('einer', 2.1875), ('Freundin', 11.42822265625), ('unterwegs', 12.0625), ('war', 0.69140625), ('.', 1.5)]",18.875
Letzte Woche hat Linda Judith eine rosa Lampe für ein Zimmer gekauft.,"Vor zwei Tagen hat Judith wieder eine rosa Lampe besorgt, als sie mit einer Freundin unterwegs war.",1,ai,bii,1,neutral,1,besorgt,152.0,8.3125,"[('Vor', 12.0), ('zwei', 11.875), ('Tagen', 15.0625), ('hat', 8.1875), ('Judith', 14.25), ('wieder', 8.3125), ('eine', 4.71875), ('rosa', 0.0966796875), ('Lampe', 0.03076171875), ('besorgt', 28.4375), (',', 2.71875), ('als', 7.15625), ('sie', 4.34375), ('mit', 7.0), ('einer', 3.15625), ('Freundin', 10.30517578125), ('unterwegs', 11.6875), ('war', 0.318359375), ('.', 2.71875)]",28.4375
Letzte Woche hat Linda Judith eine rosa Lampe für ein Zimmer gekauft.,"Vor zwei Tagen hat Linda wieder eine rosa Lampe besorgt, als sie mit einer Freundin unterwegs war.",1,ai,bii,2,positive,1,besorgt,156.0,10.0,"[('Vor', 12.0), ('zwei', 11.875), ('Tagen', 15.0625), ('hat', 8.1875), ('Linda', 4.875), ('wieder', 10.0), ('eine', 5.03125), ('rosa', 0.15234375), ('Lampe', 0.007781982421875), ('besorgt', 32.8125), (',', 2.734375), ('als', 8.1875), ('sie', 6.875), ('mit', 9.4375), ('einer', 1.7890625), ('Freundin', 11.3251953125), ('unterwegs', 12.5625), ('war', 0.1318359375), ('.', 2.8125)]",32.8125
Letzte Woche hat Judith Linda eine rosa Lampe für ein Zimmer gekauft.,"Vor zwei Tagen hat Judith wieder eine rosa Lampe erhalten, als sie mit einer Freundin unterwegs war.",1,aii,bi,1,neutral,2,erhalten,145.0,7.1875,"[('Vor', 12.875), ('zwei', 10.625), ('Tagen', 15.3125), ('hat', 8.6875), ('Judith', 4.75), ('wieder', 7.1875), ('eine', 3.0625), ('rosa', 1.21875), ('Lampe', 0.007781982421875), ('erhalten', 19.25), (',', 1.90625), ('als', 9.1875), ('sie', 6.75), ('mit', 9.25), ('einer', 4.4375), ('Freundin', 13.320281982421875), ('unterwegs', 15.125), ('war', 1.0625), ('.', 1.140625)]",19.25
Letzte Woche hat Judith Linda eine rosa Lampe für ein Zimmer gekauft.,"Vor zwei Tagen hat Linda wieder eine rosa Lampe erhalten, als sie mit einer Freundin unterwegs war.",1,aii,bi,2,positive,2,erhalten,136.0,9.125,"[('Vor', 12.875), ('zwei', 10.625), ('Tagen', 15.3125), ('hat', 8.6875), ('Linda', 10.625), ('wieder', 9.125), ('eine', 3.75), ('rosa', 1.328125), ('Lampe', 0.023284912109375), ('erhalten', 15.3125), (',', 1.8125), ('als', 7.90625), ('sie', 6.03125), ('mit', 6.75), ('einer', 1.59375), ('Freundin', 10.975830078125), ('unterwegs', 12.1875), ('war', 0.58984375), ('.', 0.69140625)]",15.3125
Letzte Woche hat Judith Linda eine rosa Lampe für ein Zimmer gekauft.,"Vor zwei Tagen hat Judith wieder eine rosa Lampe besorgt, als sie mit einer Freundin unterwegs war.",1,aii,bii,1,positive,3,besorgt,159.0,7.1875,"[('Vor', 12.875), ('zwei', 10.625), ('Tagen', 15.3125), ('hat', 8.6875), ('Judith', 4.75), ('wieder', 7.1875), ('eine', 3.0625), ('rosa', 1.21875), ('Lampe', 0.007781982421875), ('besorgt', 30.3125), (',', 2.03125), ('als', 8.5), ('sie', 6.15625), ('mit', 10.8125), ('einer', 5.25), ('Freundin', 13.3905029296875), ('unterwegs', 16.0), ('war', 0.138671875), ('.', 3.046875)]",30.3125
Letzte Woche hat Judith Linda eine rosa Lampe für ein Zimmer gekauft.,"Vor zwei Tagen hat Linda wieder eine rosa Lampe besorgt, als sie mit einer Freundin unterwegs war.",1,aii,bii,2,neutral,3,besorgt,157.0,9.125,"[('Vor', 12.875), ('zwei', 10.625), ('Tagen', 15.3125), ('hat', 8.6875), ('Linda', 10.625), ('wieder', 9.125), ('eine', 3.75), ('rosa', 1.328125), ('Lampe', 0.023284912109375), ('besorgt', 26.8125), (',', 1.9609375), ('als', 7.53125), ('sie', 6.34375), ('mit', 9.0), ('einer', 2.484375), ('Freundin', 12.19140625), ('unterwegs', 15.0625), ('war', 0.345703125), ('.', 2.9375)]",26.8125
Letztes Jahr hat Linda Timo ein schönes Geschenk zum Geburtstag gebastelt.,"Vor einer Woche hat Timo wieder ein schönes Geschenk empfangen, weil er bei einer Wichtelaktion mitgemacht hat.",2,ai,bi,1,positive,4,empfangen,184.0,9.9375,"[('Vor', 12.25), ('einer', 11.125), ('Woche', 5.34375), ('hat', 8.875), ('Timo', 14.1875), ('wieder', 9.9375), ('ein', 1.5703125), ('schönes', 6.625), ('Geschenk', -0.0), ('empfangen', 17.1845703125), (',', 1.53125), ('weil', 1.6796875), ('er', 2.9375), ('bei', 7.78125), ('einer', 7.78125), ('Wichtelaktion', 42.9375), ('mitgemacht', 31.4375), ('hat', -0.0), ('.', 0.82421875)]",17.1845703125
Letztes Jahr hat Linda Timo ein schönes Geschenk zum Geburtstag gebastelt.,"Vor einer Woche hat Linda wieder ein schönes Geschenk empfangen, weil sie bei einer Wichtelaktion mitgemacht hat.",2,ai,bi,2,neutral,4,empfangen,154.0,10.5625,"[('Vor', 12.25), ('einer', 11.125), ('Woche', 5.34375), ('hat', 8.875), ('Linda', 5.125), ('wieder', 10.5625), ('ein', 0.640625), ('schönes', 3.46875), ('Geschenk', -0.0), ('empfangen', 20.5), (',', 2.25), ('weil', 4.78125), ('sie', 3.203125), ('bei', 6.75), ('einer', 5.5), ('Wichtelaktion', 29.3125), ('mitgemacht', 24.140625), ('hat', 0.007781982421875), ('.', 0.62890625)]",20.5
Letztes Jahr hat Linda Timo ein schönes Geschenk zum Geburtstag gebastelt.,"Vor einer Woche hat Timo wieder ein schönes Geschenk gemacht, weil er bei einer Wichtelaktion mitgemacht hat.",2,ai,bii,1,neutral,5,gemacht,174.0,9.9375,"[('Vor', 12.25), ('einer', 11.125), ('Woche', 5.34375), ('hat', 8.875), ('Timo', 14.1875), ('wieder', 9.9375), ('ein', 1.5703125), ('schönes', 6.625), ('Geschenk', -0.0), ('gemacht', 15.75), (',', 0.94140625), ('weil', 2.296875), ('er', 2.015625), ('bei', 8.3125), ('einer', 8.125), ('Wichtelaktion', 42.125), ('mitgemacht', 22.50537109375), ('hat', -0.0), ('.', 1.5390625)]",15.75
Letztes Jahr hat Linda Timo ein schönes Geschenk zum Geburtstag gebastelt.,"Vor einer Woche hat Linda wieder ein schönes Geschenk gemacht, weil sie bei einer Wichtelaktion mitgemacht hat.",2,ai,bii,2,positive,5,gemacht,139.0,10.5625,"[('Vor', 12.25), ('einer', 11.125), ('Woche', 5.34375), ('hat', 8.875), ('Linda', 5.125), ('wieder', 10.5625), ('ein', 0.640625), ('schönes', 3.46875), ('Geschenk', -0.0), ('gemacht', 16.75), (',', 0.9765625), ('weil', 3.578125), ('sie', 3.96875), ('bei', 8.3125), ('einer', 6.03125), ('Wichtelaktion', 30.59375), ('mitgemacht', 11.0), ('hat', 0.15234375), ('.', 0.45703125)]",16.75
Letztes Jahr hat Timo Linda ein schönes Geschenk zum Geburtstag gebastelt.,"Vor einer Woche hat Timo wieder ein schönes Geschenk empfangen, weil er bei einer Wichtelaktion mitgemacht hat.",2,aii,bi,1,neutral,6,empfangen,145.0,8.9375,"[('Vor', 12.5625), ('einer', 10.9375), ('Woche', 6.40625), ('hat', 8.125), ('Timo', 1.0078125), ('wieder', 8.9375), ('ein', 0.890625), ('schönes', 3.453125), ('Geschenk', -0.0), ('empfangen', 21.328125), (',', 2.40625), ('weil', 3.6875), ('er', 2.59375), ('bei', 6.5), ('einer', 4.90625), ('Wichtelaktion', 38.46875), ('mitgemacht', 11.671875), ('hat', 0.038330078125), ('.', 0.90234375)]",21.328125
Letztes Jahr hat Timo Linda ein schönes Geschenk zum Geburtstag gebastelt.,"Vor einer Woche hat Linda wieder ein schönes Geschenk empfangen, weil sie bei einer Wichtelaktion mitgemacht hat.",2,aii,bi,2,positive,6,empfangen,164.0,9.625,"[('Vor', 12.5625), ('einer', 10.9375), ('Woche', 6.40625), ('hat', 8.125), ('Linda', 14.4375), ('wieder', 9.625), ('ein', 1.0859375), ('schönes', 1.921875), ('Geschenk', -0.0), ('empfangen', 17.90576171875), (',', 0.8515625), ('weil', 5.09375), ('sie', 2.265625), ('bei', 9.0625), ('einer', 3.671875), ('Wichtelaktion', 29.34375), ('mitgemacht', 30.4375), ('hat', 0.05322265625), ('.', 0.5625)]",17.90576171875
Letztes Jahr hat Timo Linda ein schönes Geschenk zum Geburtstag gebastelt.,"Vor einer Woche hat Timo wieder ein schönes Geschenk gemacht, weil er bei einer Wichtelaktion mitgemacht hat.",2,aii,bii,1,positive,7,gemacht,133.0,8.9375,"[('Vor', 12.5625), ('einer', 10.9375), ('Woche', 6.40625), ('hat', 8.125), ('Timo', 1.0078125), ('wieder', 8.9375), ('ein', 0.890625), ('schönes', 3.453125), ('Geschenk', -0.0), ('gemacht', 17.75), (',', 1.28125), ('weil', 2.4375), ('er', 1.5078125), ('bei', 8.625), ('einer', 7.125), ('Wichtelaktion', 29.625), ('mitgemacht', 11.525390625), ('hat', 0.05322265625), ('.', 0.58984375)]",17.75
Letztes Jahr hat Timo Linda ein schönes Geschenk zum Geburtstag gebastelt.,"Vor einer Woche hat Linda wieder ein schönes Geschenk gemacht, weil sie bei einer Wichtelaktion mitgemacht hat.",2,aii,bii,2,neutral,7,gemacht,155.0,9.625,"[('Vor', 12.5625), ('einer', 10.9375), ('Woche', 6.40625), ('hat', 8.125), ('Linda', 14.4375), ('wieder', 9.625), ('ein', 1.0859375), ('schönes', 1.921875), ('Geschenk', -0.0), ('gemacht', 16.625), (',', 0.81640625), ('weil', 3.21875), ('sie', 1.8515625), ('bei', 8.6875), ('einer', 5.0625), ('Wichtelaktion', 30.96875), ('mitgemacht', 21.7578125), ('hat', 0.007781982421875), ('.', 1.171875)]",16.625
Letztes Jahr hat Linda Thorsten ein selbstgeschriebenes Lied vorgesungen.,"Vor drei Wochen hat Linda wieder ein selbstgeschriebenes Lied gehört, als sie bei einer Freundin daheim war.",3,ai,bi,1,neutral,8,gehört,144.0,10.0625,"[('Vor', 9.6875), ('drei', 8.0), ('Wochen', 16.25), ('hat', 5.0), ('Linda', 8.4375), ('wieder', 10.0625), ('ein', 0.91796875), ('selbstgeschriebenes', 0.236572265625), ('Lied', -0.0), ('gehört', 14.625), (',', 1.4140625), ('als', 8.75), ('sie', 4.46875), ('bei', 8.125), ('einer', 6.25), ('Freundin', 4.46875), ('daheim', 33.375), ('war', 1.171875), ('.', 3.1875)]",14.625
Letztes Jahr hat Linda Thorsten ein selbstgeschriebenes Lied vorgesungen.,"Vor drei Wochen hat Thorsten wieder ein selbstgeschriebenes Lied gehört, als er bei einer Freundin daheim war.",3,ai,bi,2,positive,8,gehört,159.0,9.875,"[('Vor', 9.6875), ('drei', 8.0), ('Wochen', 16.25), ('hat', 5.0), ('Thorsten', 17.6875), ('wieder', 9.875), ('ein', 1.5859375), ('selbstgeschriebenes', 0.054046630859375), ('Lied', -0.0), ('gehört', 14.4375), (',', 1.0625), ('als', 8.1875), ('er', 4.0), ('bei', 10.75), ('einer', 8.8125), ('Freundin', 7.1103515625), ('daheim', 32.0625), ('war', 0.2294921875), ('.', 3.796875)]",14.4375
Letztes Jahr hat Linda Thorsten ein selbstgeschriebenes Lied vorgesungen.,"Vor drei Wochen hat Linda wieder ein selbstgeschriebenes Lied gesungen, als sie bei einer Freundin daheim war.",3,ai,bii,1,positive,9,gesungen,142.0,10.0625,"[('Vor', 9.6875), ('drei', 8.0), ('Wochen', 16.25), ('hat', 5.0), ('Linda', 8.4375), ('wieder', 10.0625), ('ein', 0.91796875), ('selbstgeschriebenes', 0.236572265625), ('Lied', -0.0), ('gesungen', 9.125), (',', 4.875), ('als', 7.6875), ('sie', 3.375), ('bei', 7.125), ('einer', 6.90625), ('Freundin', 5.625), ('daheim', 35.0), ('war', 0.08251953125), ('.', 3.453125)]",9.125
Letztes Jahr hat Linda Thorsten ein selbstgeschriebenes Lied vorgesungen.,"Vor drei Wochen hat Thorsten wieder ein selbstgeschriebenes Lied gesungen, als er bei einer Freundin daheim war.",3,ai,bii,2,neutral,9,gesungen,159.0,9.875,"[('Vor', 9.6875), ('drei', 8.0), ('Wochen', 16.25), ('hat', 5.0), ('Thorsten', 17.6875), ('wieder', 9.875), ('ein', 1.5859375), ('selbstgeschriebenes', 0.054046630859375), ('Lied', -0.0), ('gesungen', 9.375), (',', 6.125), ('als', 7.6875), ('er', 2.9375), ('bei', 9.625), ('einer', 9.5), ('Freundin', 6.80517578125), ('daheim', 35.5625), ('war', 0.0458984375), ('.', 3.25)]",9.375
Letztes Jahr hat Thorsten Linda ein selbstgeschriebenes Lied vorgesungen.,"Vor drei Wochen hat Linda wieder ein selbstgeschriebenes Lied gehört, als sie bei einer Freundin daheim war.",3,aii,bi,1,positive,10,gehört,172.0,8.5,"[('Vor', 8.1875), ('drei', 7.53125), ('Wochen', 13.5625), ('hat', 6.75), ('Linda', 18.25), ('wieder', 8.5), ('ein', 3.96875), ('selbstgeschriebenes', 11.10546875), ('Lied', -0.0), ('gehört', 16.125), (',', 2.078125), ('als', 10.375), ('sie', 4.46875), ('bei', 10.875), ('einer', 7.1875), ('Freundin', 6.007781982421875), ('daheim', 33.5), ('war', 0.84765625), ('.', 2.8125)]",16.125
Letztes Jahr hat Thorsten Linda ein selbstgeschriebenes Lied vorgesungen.,"Vor drei Wochen hat Thorsten wieder ein selbstgeschriebenes Lied gehört, als er bei einer Freundin daheim war.",3,aii,bi,2,neutral,10,gehört,156.0,6.53125,"[('Vor', 8.1875), ('drei', 7.53125), ('Wochen', 13.5625), ('hat', 6.75), ('Thorsten', 10.4375), ('wieder', 6.53125), ('ein', 3.21875), ('selbstgeschriebenes', 10.9765625), ('Lied', -0.0), ('gehört', 14.75), (',', 1.703125), ('als', 8.8125), ('er', 2.3125), ('bei', 9.0625), ('einer', 7.8125), ('Freundin', 8.31201171875), ('daheim', 33.4375), ('war', 0.0458984375), ('.', 2.859375)]",14.75
Letztes Jahr hat Thorsten Linda ein selbstgeschriebenes Lied vorgesungen.,"Vor drei Wochen hat Linda wieder ein selbstgeschriebenes Lied gesungen, als sie bei einer Freundin daheim war.",3,aii,bii,1,neutral,11,gesungen,168.0,8.5,"[('Vor', 8.1875), ('drei', 7.53125), ('Wochen', 13.5625), ('hat', 6.75), ('Linda', 18.25), ('wieder', 8.5), ('ein', 3.96875), ('selbstgeschriebenes', 11.10546875), ('Lied', -0.0), ('gesungen', 9.5), (',', 5.375), ('als', 10.3125), ('sie', 4.03125), ('bei', 7.0625), ('einer', 8.625), ('Freundin', 8.2626953125), ('daheim', 34.8125), ('war', 0.08251953125), ('.', 2.40625)]",9.5
Letztes Jahr hat Thorsten Linda ein selbstgeschriebenes Lied vorgesungen.,"Vor drei Wochen hat Thorsten wieder ein selbstgeschriebenes Lied gesungen, als er bei einer Freundin daheim war.",3,aii,bii,2,positive,11,gesungen,157.0,6.53125,"[('Vor', 8.1875), ('drei', 7.53125), ('Wochen', 13.5625), ('hat', 6.75), ('Thorsten', 10.4375), ('wieder', 6.53125), ('ein', 3.21875), ('selbstgeschriebenes', 10.9765625), ('Lied', -0.0), ('gesungen', 9.4375), (',', 5.125), ('als', 9.3125), ('er', 1.8828125), ('bei', 8.5625), ('einer', 9.125), ('Freundin', 9.21826171875), ('daheim', 35.5), ('war', 0.038330078125), ('.', 1.7890625)]",9.4375
Vorletzte Woche hat Linda Karl eine rote Rose geschenkt.,"Vor vier Tagen hat Linda wieder eine rote Rose bekommen, als sie zu einem Date verabredet war.",4,ai,bi,1,neutral,12,bekommen,165.0,13.125,"[('Vor', 16.25), ('vier', 18.125), ('Tagen', 14.0625), ('hat', 5.9375), ('Linda', 0.0966796875), ('wieder', 13.125), ('eine', 3.625), ('rote', 0.10400390625), ('Rose', 0.023193359375), ('bekommen', 14.875), (',', 3.3125), ('als', 9.6875), ('sie', 4.0625), ('zu', 6.0625), ('einem', 9.0), ('Date', 13.6875), ('verabredet', 29.6953125), ('war', 1.3203125), ('.', 1.6171875)]",14.875
Vorletzte Woche hat Linda Karl eine rote Rose geschenkt.,"Vor vier Tagen hat Karl wieder eine rote Rose bekommen, als er zu einem Date verabredet war.",4,ai,bi,2,positive,12,bekommen,178.0,7.875,"[('Vor', 16.25), ('vier', 18.125), ('Tagen', 14.0625), ('hat', 5.9375), ('Karl', 15.9375), ('wieder', 7.875), ('eine', 2.125), ('rote', 0.023193359375), ('Rose', -0.0), ('bekommen', 14.5625), (',', 2.765625), ('als', 8.1875), ('er', 3.46875), ('zu', 10.125), ('einem', 8.125), ('Date', 14.3125), ('verabredet', 34.765625), ('war', 0.294921875), ('.', 0.89453125)]",14.5625
Vorletzte Woche hat Linda Karl eine rote Rose geschenkt.,"Vor vier Tagen hat Linda wieder eine rote Rose vergeben, als sie zu einem Date verabredet war.",4,ai,bii,1,positive,13,vergeben,184.0,13.125,"[('Vor', 16.25), ('vier', 18.125), ('Tagen', 14.0625), ('hat', 5.9375), ('Linda', 0.0966796875), ('wieder', 13.125), ('eine', 3.625), ('rote', 0.10400390625), ('Rose', 0.023193359375), ('vergeben', 15.40625), (',', 5.875), ('als', 8.6875), ('sie', 5.1875), ('zu', 6.5), ('einem', 9.375), ('Date', 17.5), ('verabredet', 36.4873046875), ('war', 4.0), ('.', 3.65625)]",15.40625
Vorletzte Woche hat Linda Karl eine rote Rose geschenkt.,"Vor vier Tagen hat Karl wieder eine rote Rose vergeben, als er zu einem Date verabredet war.",4,ai,bii,2,neutral,13,vergeben,189.0,7.875,"[('Vor', 16.25), ('vier', 18.125), ('Tagen', 14.0625), ('hat', 5.9375), ('Karl', 15.9375), ('wieder', 7.875), ('eine', 2.125), ('rote', 0.023193359375), ('Rose', -0.0), ('vergeben', 15.1875), (',', 5.75), ('als', 8.6875), ('er', 6.78125), ('zu', 8.5625), ('einem', 8.25), ('Date', 15.625), ('verabredet', 33.06103515625), ('war', 2.46875), ('.', 3.796875)]",15.1875
Vorletzte Woche hat Karl Linda eine rote Rose geschenkt.,"Vor vier Tagen hat Linda wieder eine rote Rose bekommen, als sie zu einem Date verabredet war.",4,aii,bi,1,positive,14,bekommen,183.0,11.1875,"[('Vor', 16.0), ('vier', 15.625), ('Tagen', 12.1875), ('hat', 8.125), ('Linda', 13.375), ('wieder', 11.1875), ('eine', 3.25), ('rote', 0.11767578125), ('Rose', 0.2294921875), ('bekommen', 14.5625), (',', 2.796875), ('als', 8.125), ('sie', 5.1875), ('zu', 6.8125), ('einem', 9.8125), ('Date', 17.375), ('verabredet', 34.921875), ('war', 1.0625), ('.', 2.203125)]",14.5625
Vorletzte Woche hat Karl Linda eine rote Rose geschenkt.,"Vor vier Tagen hat Karl wieder eine rote Rose bekommen, als er zu einem Date verabredet war.",4,aii,bi,2,neutral,14,bekommen,170.0,8.6875,"[('Vor', 16.0), ('vier', 15.625), ('Tagen', 12.1875), ('hat', 8.125), ('Karl', 0.03076171875), ('wieder', 8.6875), ('eine', 2.75), ('rote', 0.023193359375), ('Rose', -0.0), ('bekommen', 15.125), (',', 2.96875), ('als', 8.0), ('er', 3.671875), ('zu', 11.375), ('einem', 8.25), ('Date', 15.625), ('verabredet', 38.1328125), ('war', 2.171875), ('.', 1.375)]",15.125
Vorletzte Woche hat Karl Linda eine rote Rose geschenkt.,"Vor vier Tagen hat Linda wieder eine rote Rose vergeben, als sie zu einem Date verabredet war.",4,aii,bii,1,neutral,15,vergeben,198.0,11.1875,"[('Vor', 16.0), ('vier', 15.625), ('Tagen', 12.1875), ('hat', 8.125), ('Linda', 13.375), ('wieder', 11.1875), ('eine', 3.25), ('rote', 0.11767578125), ('Rose', 0.2294921875), ('vergeben', 18.4375), (',', 4.03125), ('als', 8.75), ('sie', 7.625), ('zu', 9.125), ('einem', 11.75), ('Date', 18.875), ('verabredet', 34.060546875), ('war', 2.390625), ('.', 2.9375)]",18.4375
Vorletzte Woche hat Karl Linda eine rote Rose geschenkt.,"Vor vier Tagen hat Karl wieder eine rote Rose vergeben, als er zu einem Date verabredet war.",4,aii,bii,2,positive,15,vergeben,183.0,8.6875,"[('Vor', 16.0), ('vier', 15.625), ('Tagen', 12.1875), ('hat', 8.125), ('Karl', 0.03076171875), ('wieder', 8.6875), ('eine', 2.75), ('rote', 0.023193359375), ('Rose', -0.0), ('vergeben', 18.625), (',', 4.28125), ('als', 8.6875), ('er', 9.25), ('zu', 11.25), ('einem', 9.25), ('Date', 18.25), ('verabredet', 33.358642578125), ('war', 3.375), ('.', 3.59375)]",18.625
Vor drei Wochen hat Linda Greta einen langen Brief geschrieben.,"Vor einer Woche hat Greta wieder einen langen Brief empfangen, weil sie auf eine Anzeige geantwortet hat.",5,ai,bi,1,positive,16,empfangen,136.0,10.875,"[('Vor', 15.875), ('einer', 8.9375), ('Woche', 0.0155029296875), ('hat', 7.875), ('Greta', 14.4375), ('wieder', 10.875), ('einen', 3.0625), ('langen', 0.0155029296875), ('Brief', 5.0), ('empfangen', 28.875), (',', 3.90625), ('weil', 0.4609375), ('sie', 2.03125), ('auf', 8.125), ('eine', 0.341796875), ('Anzeige', 14.625), ('geantwortet', 10.4375), ('hat', 0.0458984375), ('.', 1.515625)]",28.875
Vor drei Wochen hat Linda Greta einen langen Brief geschrieben.,"Vor einer Woche hat Linda wieder einen langen Brief empfangen, weil sie auf eine Anzeige geantwortet hat.",5,ai,bi,2,neutral,16,empfangen,127.5,11.875,"[('Vor', 15.875), ('einer', 8.9375), ('Woche', 0.0155029296875), ('hat', 7.875), ('Linda', 0.0751953125), ('wieder', 11.875), ('einen', 3.5625), ('langen', 1.6875), ('Brief', 6.75), ('empfangen', 29.3125), (',', 4.40625), ('weil', 1.2578125), ('sie', 3.953125), ('auf', 8.4375), ('eine', 0.2109375), ('Anzeige', 13.9375), ('geantwortet', 7.40625), ('hat', 0.92578125), ('.', 0.76171875)]",29.3125
Vor drei Wochen hat Linda Greta einen langen Brief geschrieben.,"Vor einer Woche hat Greta wieder einen langen Brief verfasst, weil sie auf eine Anzeige geantwortet hat.",5,ai,bii,1,neutral,17,verfasst,135.0,10.875,"[('Vor', 15.875), ('einer', 8.9375), ('Woche', 0.0155029296875), ('hat', 7.875), ('Greta', 14.4375), ('wieder', 10.875), ('einen', 3.0625), ('langen', 0.0155029296875), ('Brief', 5.0), ('verfasst', 22.8125), (',', 3.5), ('weil', 2.5), ('sie', 1.4375), ('auf', 8.0625), ('eine', 1.859375), ('Anzeige', 15.4375), ('geantwortet', 10.3896484375), ('hat', 0.158203125), ('.', 2.25)]",22.8125
Vor drei Wochen hat Linda Greta einen langen Brief geschrieben.,"Vor einer Woche hat Linda wieder einen langen Brief verfasst, weil sie auf eine Anzeige geantwortet hat.",5,ai,bii,2,positive,17,verfasst,126.0,11.875,"[('Vor', 15.875), ('einer', 8.9375), ('Woche', 0.0155029296875), ('hat', 7.875), ('Linda', 0.0751953125), ('wieder', 11.875), ('einen', 3.5625), ('langen', 1.6875), ('Brief', 6.75), ('verfasst', 22.375), (',', 3.578125), ('weil', 3.875), ('sie', 0.96875), ('auf', 9.375), ('eine', 0.84375), ('Anzeige', 14.75), ('geantwortet', 11.935546875), ('hat', 0.08251953125), ('.', 1.6171875)]",22.375
Vor drei Wochen hat Greta Linda einen langen Brief geschrieben.,"Vor einer Woche hat Greta wieder einen langen Brief empfangen, weil sie auf eine Anzeige geantwortet hat.",5,aii,bi,1,neutral,18,empfangen,120.5,10.0,"[('Vor', 13.0625), ('einer', 6.59375), ('Woche', 0.038330078125), ('hat', 6.5), ('Greta', 0.2294921875), ('wieder', 10.0), ('einen', 3.28125), ('langen', 0.05322265625), ('Brief', 4.625), ('empfangen', 27.59375), (',', 5.0), ('weil', 2.0), ('sie', 2.96875), ('auf', 9.5), ('eine', 1.2578125), ('Anzeige', 14.5), ('geantwortet', 12.164031982421875), ('hat', 0.03076171875), ('.', 1.1953125)]",27.59375
Vor drei Wochen hat Greta Linda einen langen Brief geschrieben.,"Vor einer Woche hat Linda wieder einen langen Brief empfangen, weil sie auf eine Anzeige geantwortet hat.",5,aii,bi,2,positive,18,empfangen,133.0,9.625,"[('Vor', 13.0625), ('einer', 6.59375), ('Woche', 0.038330078125), ('hat', 6.5), ('Linda', 13.25), ('wieder', 9.625), ('einen', 4.1875), ('langen', 1.6484375), ('Brief', 3.171875), ('empfangen', 27.53125), (',', 4.875), ('weil', 2.4375), ('sie', 2.75), ('auf', 9.6875), ('eine', 1.015625), ('Anzeige', 14.3125), ('geantwortet', 10.539031982421875), ('hat', 0.007781982421875), ('.', 2.0)]",27.53125
Vor drei Wochen hat Greta Linda einen langen Brief geschrieben.,"Vor einer Woche hat Greta wieder einen langen Brief verfasst, weil sie auf eine Anzeige geantwortet hat.",5,aii,bii,1,positive,19,verfasst,109.5,10.0,"[('Vor', 13.0625), ('einer', 6.59375), ('Woche', 0.038330078125), ('hat', 6.5), ('Greta', 0.2294921875), ('wieder', 10.0), ('einen', 3.28125), ('langen', 0.05322265625), ('Brief', 4.625), ('verfasst', 19.34375), (',', 2.875), ('weil', 2.40625), ('sie', 2.078125), ('auf', 8.8125), ('eine', 0.9296875), ('Anzeige', 16.0), ('geantwortet', 11.4609375), ('hat', 0.038330078125), ('.', 1.2734375)]",19.34375
Vor drei Wochen hat Greta Linda einen langen Brief geschrieben.,"Vor einer Woche hat Linda wieder einen langen Brief verfasst, weil sie auf eine Anzeige geantwortet hat.",5,aii,bii,2,neutral,19,verfasst,125.5,9.625,"[('Vor', 13.0625), ('einer', 6.59375), ('Woche', 0.038330078125), ('hat', 6.5), ('Linda', 13.25), ('wieder', 9.625), ('einen', 4.1875), ('langen', 1.6484375), ('Brief', 3.171875), ('verfasst', 20.5625), (',', 3.25), ('weil', 3.28125), ('sie', 1.8515625), ('auf', 9.75), ('eine', 0.87109375), ('Anzeige', 15.8125), ('geantwortet', 10.20703125), ('hat', 0.007781982421875), ('.', 1.9375)]",20.5625
Vor zwei Monaten hat Judith für Tina einen leckeren Kuchen gebacken.,"Vor zwei Wochen hat Tina wieder einen leckeren Kuchen erhalten, weil sie zu einer Party eingeladen hatte.",6,ai,bi,1,positive,20,erhalten,162.0,12.0,"[('Vor', 12.1875), ('zwei', 15.625), ('Wochen', 8.5625), ('hat', 6.125), ('Tina', 18.125), ('wieder', 12.0), ('einen', 4.34375), ('leckeren', 0.007781982421875), ('Kuchen', -0.0), ('erhalten', 18.0), (',', 3.328125), ('weil', 3.375), ('sie', 1.125), ('zu', 7.40625), ('einer', 9.0), ('Party', 9.4375), ('eingeladen', 20.66015625), ('hatte', 12.6875), ('.', 0.283203125)]",18.0
Vor zwei Monaten hat Judith für Tina einen leckeren Kuchen gebacken.,"Vor zwei Wochen hat Judith wieder einen leckeren Kuchen erhalten, weil sie zu einer Party eingeladen hatte.",6,ai,bi,2,neutral,20,erhalten,146.0,10.625,"[('Vor', 12.1875), ('zwei', 15.625), ('Wochen', 8.5625), ('hat', 6.125), ('Judith', 3.25), ('wieder', 10.625), ('einen', 2.390625), ('leckeren', -0.0), ('Kuchen', -0.0), ('erhalten', 17.5), (',', 4.75), ('weil', 3.859375), ('sie', 1.9453125), ('zu', 7.6875), ('einer', 8.75), ('Party', 9.25), ('eingeladen', 19.494140625), ('hatte', 13.3125), ('.', 0.2041015625)]",17.5
Vor zwei Monaten hat Judith für Tina einen leckeren Kuchen gebacken.,"Vor zwei Wochen hat Tina wieder einen leckeren Kuchen gemacht, weil sie zu einer Party eingeladen hatte.",6,ai,bii,1,neutral,21,gemacht,162.0,12.0,"[('Vor', 12.1875), ('zwei', 15.625), ('Wochen', 8.5625), ('hat', 6.125), ('Tina', 18.125), ('wieder', 12.0), ('einen', 4.34375), ('leckeren', 0.007781982421875), ('Kuchen', -0.0), ('gemacht', 15.25), (',', 6.0), ('weil', 3.515625), ('sie', 1.28125), ('zu', 7.375), ('einer', 8.9375), ('Party', 8.875), ('eingeladen', 24.7109375), ('hatte', 9.0), ('.', 0.11767578125)]",15.25
Vor zwei Monaten hat Judith für Tina einen leckeren Kuchen gebacken.,"Vor zwei Wochen hat Judith wieder einen leckeren Kuchen gemacht, weil sie zu einer Party eingeladen hatte.",6,ai,bii,2,positive,21,gemacht,142.0,10.625,"[('Vor', 12.1875), ('zwei', 15.625), ('Wochen', 8.5625), ('hat', 6.125), ('Judith', 3.25), ('wieder', 10.625), ('einen', 2.390625), ('leckeren', -0.0), ('Kuchen', -0.0), ('gemacht', 16.25), (',', 6.625), ('weil', 2.90625), ('sie', 1.09375), ('zu', 7.25), ('einer', 8.6875), ('Party', 8.25), ('eingeladen', 22.62109375), ('hatte', 9.0), ('.', 0.1787109375)]",16.25
Vor zwei Monaten hat Tina für Judith einen leckeren Kuchen gebacken.,"Vor zwei Wochen hat Tina wieder einen leckeren Kuchen erhalten, weil sie zu einer Party eingeladen hatte.",6,aii,bi,1,neutral,22,erhalten,144.0,11.0625,"[('Vor', 11.0625), ('zwei', 15.4375), ('Wochen', 7.5), ('hat', 5.25), ('Tina', 3.21875), ('wieder', 11.0625), ('einen', 4.21875), ('leckeren', -0.0), ('Kuchen', -0.0), ('erhalten', 16.125), (',', 2.84375), ('weil', 5.75), ('sie', 2.0625), ('zu', 7.4375), ('einer', 10.0), ('Party', 9.1875), ('eingeladen', 19.5625), ('hatte', 13.0), ('.', 0.578125)]",16.125
Vor zwei Monaten hat Tina für Judith einen leckeren Kuchen gebacken.,"Vor zwei Wochen hat Judith wieder einen leckeren Kuchen erhalten, weil sie zu einer Party eingeladen hatte.",6,aii,bi,2,positive,22,erhalten,156.0,9.75,"[('Vor', 11.0625), ('zwei', 15.4375), ('Wochen', 7.5), ('hat', 5.25), ('Judith', 16.75), ('wieder', 9.75), ('einen', 1.578125), ('leckeren', -0.0), ('Kuchen', -0.0), ('erhalten', 16.125), (',', 3.53125), ('weil', 4.53125), ('sie', 1.65625), ('zu', 7.59375), ('einer', 10.9375), ('Party', 8.75), ('eingeladen', 22.5703125), ('hatte', 13.0), ('.', 0.390625)]",16.125
Vor zwei Monaten hat Tina für Judith einen leckeren Kuchen gebacken.,"Vor zwei Wochen hat Tina wieder einen leckeren Kuchen gemacht, weil sie zu einer Party eingeladen hatte.",6,aii,bii,1,positive,23,gemacht,139.0,11.0625,"[('Vor', 11.0625), ('zwei', 15.4375), ('Wochen', 7.5), ('hat', 5.25), ('Tina', 3.21875), ('wieder', 11.0625), ('einen', 4.21875), ('leckeren', -0.0), ('Kuchen', -0.0), ('gemacht', 14.4375), (',', 4.625), ('weil', 2.625), ('sie', 0.69140625), ('zu', 6.1875), ('einer', 9.1875), ('Party', 7.75), ('eingeladen', 27.09375), ('hatte', 8.6875), ('.', 0.11767578125)]",14.4375
Vor zwei Monaten hat Tina für Judith einen leckeren Kuchen gebacken.,"Vor zwei Wochen hat Judith wieder einen leckeren Kuchen gemacht, weil sie zu einer Party eingeladen hatte.",6,aii,bii,2,neutral,23,gemacht,151.0,9.75,"[('Vor', 11.0625), ('zwei', 15.4375), ('Wochen', 7.5), ('hat', 5.25), ('Judith', 16.75), ('wieder', 9.75), ('einen', 1.578125), ('leckeren', -0.0), ('Kuchen', -0.0), ('gemacht', 14.375), (',', 5.625), ('weil', 3.0625), ('sie', 0.8828125), ('zu', 6.625), ('einer', 10.625), ('Party', 8.625), ('eingeladen', 25.234375), ('hatte', 8.3125), ('.', 0.1650390625)]",14.375
Vor einer Woche hat Judith für Sabine eine fetzige CD zusammengestellt.,"Vor drei Tagen hat Sabine wieder eine fetzige CD bekommen, weil sie bei einer Tauschaktion mitgemacht hat.",7,ai,bi,1,positive,24,bekommen,184.0,10.9375,"[('Vor', 13.3125), ('drei', 11.5625), ('Tagen', 19.125), ('hat', 8.25), ('Sabine', 10.1875), ('wieder', 10.9375), ('eine', 5.0), ('fetzige', 0.27734375), ('CD', -0.0), ('bekommen', 13.25), (',', 1.28125), ('weil', 2.6875), ('sie', 3.984375), ('bei', 5.375), ('einer', 5.53125), ('Tauschaktion', 37.125), ('mitgemacht', 34.875), ('hat', 0.0751953125), ('.', 1.3203125)]",13.25
Vor einer Woche hat Judith für Sabine eine fetzige CD zusammengestellt.,"Vor drei Tagen hat Judith wieder eine fetzige CD bekommen, weil sie bei einer Tauschaktion mitgemacht hat.",7,ai,bi,2,neutral,24,bekommen,172.0,9.9375,"[('Vor', 13.3125), ('drei', 11.5625), ('Tagen', 19.125), ('hat', 8.25), ('Judith', 5.375), ('wieder', 9.9375), ('eine', 6.3125), ('fetzige', 0.96630859375), ('CD', -0.0), ('bekommen', 13.875), (',', 1.2890625), ('weil', 3.359375), ('sie', 1.9609375), ('bei', 6.0), ('einer', 6.125), ('Tauschaktion', 30.75), ('mitgemacht', 32.4375), ('hat', 0.10400390625), ('.', 1.15625)]",13.875
Vor einer Woche hat Judith für Sabine eine fetzige CD zusammengestellt.,"Vor drei Tagen hat Sabine wieder eine fetzige CD gebrannt, weil sie bei einer Tauschaktion mitgemacht hat.",7,ai,bii,1,neutral,25,gebrannt,205.0,10.9375,"[('Vor', 13.3125), ('drei', 11.5625), ('Tagen', 19.125), ('hat', 8.25), ('Sabine', 10.1875), ('wieder', 10.9375), ('eine', 5.0), ('fetzige', 0.27734375), ('CD', -0.0), ('gebrannt', 25.03125), (',', 3.296875), ('weil', 3.046875), ('sie', 3.34375), ('bei', 7.46875), ('einer', 5.375), ('Tauschaktion', 43.125), ('mitgemacht', 34.8125), ('hat', 0.03076171875), ('.', 0.76953125)]",25.03125
Vor einer Woche hat Judith für Sabine eine fetzige CD zusammengestellt.,"Vor drei Tagen hat Judith wieder eine fetzige CD gebrannt, weil sie bei einer Tauschaktion mitgemacht hat.",7,ai,bii,2,positive,25,gebrannt,195.0,9.9375,"[('Vor', 13.3125), ('drei', 11.5625), ('Tagen', 19.125), ('hat', 8.25), ('Judith', 5.375), ('wieder', 9.9375), ('eine', 6.3125), ('fetzige', 0.96630859375), ('CD', -0.0), ('gebrannt', 24.65625), (',', 2.609375), ('weil', 2.953125), ('sie', 1.828125), ('bei', 8.75), ('einer', 5.90625), ('Tauschaktion', 38.0), ('mitgemacht', 34.1875), ('hat', 0.060546875), ('.', 0.76953125)]",24.65625
Vor einer Woche hat Sabine für Judith eine fetzige CD zusammengestellt.,"Vor drei Tagen hat Sabine wieder eine fetzige CD bekommen, weil sie bei einer Tauschaktion mitgemacht hat.",7,aii,bi,1,neutral,26,bekommen,133.0,9.5625,"[('Vor', 11.5), ('drei', 7.9375), ('Tagen', 8.5625), ('hat', 1.546875), ('Sabine', 11.625), ('wieder', 9.5625), ('eine', 2.859375), ('fetzige', 0.609375), ('CD', -0.0), ('bekommen', 13.875), (',', 1.59375), ('weil', 3.03125), ('sie', 1.1875), ('bei', 6.9375), ('einer', 1.625), ('Tauschaktion', 27.3125), ('mitgemacht', 21.71875), ('hat', 0.27734375), ('.', 0.7734375)]",13.875
Vor einer Woche hat Sabine für Judith eine fetzige CD zusammengestellt.,"Vor drei Tagen hat Judith wieder eine fetzige CD bekommen, weil sie bei einer Tauschaktion mitgemacht hat.",7,aii,bi,2,positive,26,bekommen,128.0,9.25,"[('Vor', 11.5), ('drei', 7.9375), ('Tagen', 8.5625), ('hat', 1.546875), ('Judith', 4.4375), ('wieder', 9.25), ('eine', 5.78125), ('fetzige', 0.570281982421875), ('CD', -0.0), ('bekommen', 13.625), (',', 1.328125), ('weil', 3.78125), ('sie', 1.8828125), ('bei', 7.5), ('einer', 1.90625), ('Tauschaktion', 25.0625), ('mitgemacht', 22.21875), ('hat', 0.2041015625), ('.', 1.15625)]",13.625
Vor einer Woche hat Sabine für Judith eine fetzige CD zusammengestellt.,"Vor drei Tagen hat Sabine wieder eine fetzige CD gebrannt, weil sie bei einer Tauschaktion mitgemacht hat.",7,aii,bii,1,positive,27,gebrannt,149.0,9.5625,"[('Vor', 11.5), ('drei', 7.9375), ('Tagen', 8.5625), ('hat', 1.546875), ('Sabine', 11.625), ('wieder', 9.5625), ('eine', 2.859375), ('fetzige', 0.609375), ('CD', -0.0), ('gebrannt', 27.03125), (',', 5.0), ('weil', 3.3125), ('sie', 1.5078125), ('bei', 6.53125), ('einer', 1.5859375), ('Tauschaktion', 28.3125), ('mitgemacht', 20.78125), ('hat', 0.08251953125), ('.', 0.494140625)]",27.03125
Vor einer Woche hat Sabine für Judith eine fetzige CD zusammengestellt.,"Vor drei Tagen hat Judith wieder eine fetzige CD gebrannt, weil sie bei einer Tauschaktion mitgemacht hat.",7,aii,bii,2,neutral,27,gebrannt,143.0,9.25,"[('Vor', 11.5), ('drei', 7.9375), ('Tagen', 8.5625), ('hat', 1.546875), ('Judith', 4.4375), ('wieder', 9.25), ('eine', 5.78125), ('fetzige', 0.570281982421875), ('CD', -0.0), ('gebrannt', 26.75), (',', 4.75), ('weil', 3.734375), ('sie', 1.578125), ('bei', 6.75), ('einer', 2.21875), ('Tauschaktion', 24.6875), ('mitgemacht', 22.65625), ('hat', 0.060546875), ('.', 0.5)]",26.75
Letzten Monat hat Judith bei Linda eine neue Blume im Garten eingepflanzt.,"Vor einer Woche hat Linda wieder eine neue Blume bekommen, weil sie von einer Rosensorte begeistert ist.",8,ai,bi,1,positive,28,bekommen,168.0,9.875,"[('Vor', 10.25), ('einer', 6.90625), ('Woche', 6.90625), ('hat', 8.25), ('Linda', 15.5), ('wieder', 9.875), ('eine', 5.9375), ('neue', 6.3125), ('Blume', 0.023193359375), ('bekommen', 18.0), (',', 1.65625), ('weil', 7.4375), ('sie', 0.37890625), ('von', 9.125), ('einer', 0.71484375), ('Rosensorte', 34.5), ('begeistert', 11.375), ('ist', 14.3125), ('.', 0.271484375)]",18.0
Letzten Monat hat Judith bei Linda eine neue Blume im Garten eingepflanzt.,"Vor einer Woche hat Judith wieder eine neue Blume bekommen, weil sie von einer Rosensorte begeistert ist.",8,ai,bi,2,neutral,28,bekommen,154.0,9.0625,"[('Vor', 10.25), ('einer', 6.90625), ('Woche', 6.90625), ('hat', 8.25), ('Judith', 16.0), ('wieder', 9.0625), ('eine', 3.890625), ('neue', 5.5625), ('Blume', 0.05322265625), ('bekommen', 20.5), (',', 1.71875), ('weil', 3.90625), ('sie', 0.158203125), ('von', 10.125), ('einer', 1.25), ('Rosensorte', 29.328125), ('begeistert', 13.0), ('ist', 7.0625), ('.', 0.060546875)]",20.5
Letzten Monat hat Judith bei Linda eine neue Blume im Garten eingepflanzt.,"Vor einer Woche hat Linda wieder eine neue Blume eingegraben, weil sie von einer Rosensorte begeistert ist.",8,ai,bii,1,neutral,29,eingegraben,193.0,9.875,"[('Vor', 10.25), ('einer', 6.90625), ('Woche', 6.90625), ('hat', 8.25), ('Linda', 15.5), ('wieder', 9.875), ('eine', 5.9375), ('neue', 6.3125), ('Blume', 0.023193359375), ('eingegraben', 44.5), (',', 4.15625), ('weil', 7.59375), ('sie', 5.03125), ('von', 9.9375), ('einer', 1.96875), ('Rosensorte', 28.265625), ('begeistert', 9.6875), ('ist', 11.625), ('.', 0.08984375)]",44.5
Letzten Monat hat Judith bei Linda eine neue Blume im Garten eingepflanzt.,"Vor einer Woche hat Judith wieder eine neue Blume eingegraben, weil sie von einer Rosensorte begeistert ist.",8,ai,bii,2,positive,29,eingegraben,190.0,9.0625,"[('Vor', 10.25), ('einer', 6.90625), ('Woche', 6.90625), ('hat', 8.25), ('Judith', 16.0), ('wieder', 9.0625), ('eine', 3.890625), ('neue', 5.5625), ('Blume', 0.05322265625), ('eingegraben', 36.6875), (',', 2.625), ('weil', 5.6875), ('sie', 6.25), ('von', 9.875), ('einer', 1.7421875), ('Rosensorte', 37.0), ('begeistert', 10.9375), ('ist', 12.25), ('.', 0.03076171875)]",36.6875
Letzten Monat hat Linda bei Judith eine neue Blume im Garten eingepflanzt.,"Vor einer Woche hat Linda wieder eine neue Blume bekommen, weil sie von einer Rosensorte begeistert ist.",8,aii,bi,1,neutral,30,bekommen,147.0,10.0625,"[('Vor', 10.0), ('einer', 7.0), ('Woche', 8.125), ('hat', 5.4375), ('Linda', 11.8125), ('wieder', 10.0625), ('eine', 3.46875), ('neue', 6.5), ('Blume', 0.59375), ('bekommen', 15.5), (',', 1.203125), ('weil', 7.6875), ('sie', 0.37890625), ('von', 8.5625), ('einer', 1.6328125), ('Rosensorte', 31.5), ('begeistert', 10.75), ('ist', 6.53125), ('.', 0.294921875)]",15.5
Letzten Monat hat Linda bei Judith eine neue Blume im Garten eingepflanzt.,"Vor einer Woche hat Judith wieder eine neue Blume bekommen, weil sie von einer Rosensorte begeistert ist.",8,aii,bi,2,positive,30,bekommen,147.0,9.625,"[('Vor', 10.0), ('einer', 7.0), ('Woche', 8.125), ('hat', 5.4375), ('Judith', 15.6875), ('wieder', 9.625), ('eine', 2.3125), ('neue', 6.75), ('Blume', -0.0), ('bekommen', 20.5), (',', 1.328125), ('weil', 4.65625), ('sie', 0.22265625), ('von', 8.5), ('einer', 2.1875), ('Rosensorte', 28.140625), ('begeistert', 11.0625), ('ist', 5.625), ('.', 0.138671875)]",20.5
Letzten Monat hat Linda bei Judith eine neue Blume im Garten eingepflanzt.,"Vor einer Woche hat Linda wieder eine neue Blume eingegraben, weil sie von einer Rosensorte begeistert ist.",8,aii,bii,1,positive,31,eingegraben,177.0,10.0625,"[('Vor', 10.0), ('einer', 7.0), ('Woche', 8.125), ('hat', 5.4375), ('Linda', 11.8125), ('wieder', 10.0625), ('eine', 3.46875), ('neue', 6.5), ('Blume', 0.59375), ('eingegraben', 34.8125), (',', 2.140625), ('weil', 7.84375), ('sie', 4.65625), ('von', 9.4375), ('einer', 1.671875), ('Rosensorte', 30.34375), ('begeistert', 11.375), ('ist', 11.375), ('.', 0.158203125)]",34.8125
Letzten Monat hat Linda bei Judith eine neue Blume im Garten eingepflanzt.,"Vor einer Woche hat Judith wieder eine neue Blume eingegraben, weil sie von einer Rosensorte begeistert ist.",8,aii,bii,2,neutral,31,eingegraben,190.0,9.625,"[('Vor', 10.0), ('einer', 7.0), ('Woche', 8.125), ('hat', 5.4375), ('Judith', 15.6875), ('wieder', 9.625), ('eine', 2.3125), ('neue', 6.75), ('Blume', -0.0), ('eingegraben', 37.3125), (',', 1.6640625), ('weil', 6.21875), ('sie', 5.25), ('von', 9.1875), ('einer', 2.3125), ('Rosensorte', 38.03125), ('begeistert', 12.5625), ('ist', 12.25), ('.', 0.06787109375)]",37.3125
Vor einem Jahr hat Judith für Timo ein teures Konzertticket bestellt.,"Vor vier Wochen hat Timo wieder ein teures Konzertticket bekommen, weil sie mit einem Freund feiern will.",9,ai,bi,1,positive,32,bekommen,156.0,11.0,"[('Vor', 10.9375), ('vier', 14.25), ('Wochen', 16.5), ('hat', 0.97265625), ('Timo', 13.9375), ('wieder', 11.0), ('ein', 0.1650390625), ('teures', 0.286376953125), ('Konzertticket', 0.046112060546875), ('bekommen', 12.125), (',', 2.046875), ('weil', 1.90625), ('sie', 7.96875), ('mit', 9.5625), ('einem', 0.171875), ('Freund', 15.625), ('feiern', 16.75), ('will', 21.0), ('.', 1.0703125)]",12.125
Vor einem Jahr hat Judith für Timo ein teures Konzertticket bestellt.,"Vor vier Wochen hat Judith wieder ein teures Konzertticket bekommen, weil er mit einem Freund feiern will.",9,ai,bi,2,neutral,32,bekommen,135.0,14.875,"[('Vor', 10.9375), ('vier', 14.25), ('Wochen', 16.5), ('hat', 0.97265625), ('Judith', 0.1787109375), ('wieder', 14.875), ('ein', 0.08984375), ('teures', 1.35888671875), ('Konzertticket', 0.0687255859375), ('bekommen', 12.125), (',', 1.53125), ('weil', 1.484375), ('er', 5.96875), ('mit', 7.0625), ('einem', 0.25390625), ('Freund', 13.5), ('feiern', 15.5), ('will', 17.125), ('.', 1.5078125)]",12.125
Vor einem Jahr hat Judith für Timo ein teures Konzertticket bestellt.,"Vor vier Wochen hat Timo wieder ein teures Konzertticket erworben, weil sie mit einem Freund feiern will.",9,ai,bii,1,neutral,33,erworben,173.0,11.0,"[('Vor', 10.9375), ('vier', 14.25), ('Wochen', 16.5), ('hat', 0.97265625), ('Timo', 13.9375), ('wieder', 11.0), ('ein', 0.1650390625), ('teures', 0.286376953125), ('Konzertticket', 0.046112060546875), ('erworben', 24.40625), (',', 1.203125), ('weil', 4.625), ('sie', 8.125), ('mit', 7.34375), ('einem', 0.4453125), ('Freund', 19.0), ('feiern', 19.625), ('will', 20.0), ('.', 0.58203125)]",24.40625
Vor einem Jahr hat Judith für Timo ein teures Konzertticket bestellt.,"Vor vier Wochen hat Judith wieder ein teures Konzertticket erworben, weil er mit einem Freund feiern will.",9,ai,bii,2,positive,33,erworben,156.0,14.875,"[('Vor', 10.9375), ('vier', 14.25), ('Wochen', 16.5), ('hat', 0.97265625), ('Judith', 0.1787109375), ('wieder', 14.875), ('ein', 0.08984375), ('teures', 1.35888671875), ('Konzertticket', 0.0687255859375), ('erworben', 31.1171875), (',', 0.69921875), ('weil', 4.46875), ('er', 3.484375), ('mit', 6.8125), ('einem', 2.15625), ('Freund', 14.75), ('feiern', 17.25), ('will', 15.4375), ('.', 0.369140625)]",31.1171875
Vor einem Jahr hat Timo für Judith ein teures Konzertticket bestellt.,"Vor vier Wochen hat Timo wieder ein teures Konzertticket bekommen, weil sie mit einem Freund feiern will.",9,aii,bi,1,neutral,34,bekommen,154.0,17.0,"[('Vor', 12.8125), ('vier', 13.25), ('Wochen', 12.0625), ('hat', 0.27734375), ('Timo', 0.007781982421875), ('wieder', 17.0), ('ein', 1.125), ('teures', 7.1171875), ('Konzertticket', 0.0155029296875), ('bekommen', 17.25), (',', 1.5), ('weil', 1.390625), ('sie', 9.3125), ('mit', 7.8125), ('einem', 1.953125), ('Freund', 13.4375), ('feiern', 13.3125), ('will', 21.875), ('.', 1.9921875)]",17.25
Vor einem Jahr hat Timo für Judith ein teures Konzertticket bestellt.,"Vor vier Wochen hat Judith wieder ein teures Konzertticket bekommen, weil er mit einem Freund feiern will.",9,aii,bi,2,positive,34,bekommen,155.0,10.5625,"[('Vor', 12.8125), ('vier', 13.25), ('Wochen', 12.0625), ('hat', 0.27734375), ('Judith', 12.625), ('wieder', 10.5625), ('ein', 2.828125), ('teures', 3.3828125), ('Konzertticket', 0.007781982421875), ('bekommen', 16.875), (',', 1.671875), ('weil', 1.6875), ('er', 7.75), ('mit', 8.4375), ('einem', 0.69921875), ('Freund', 14.3125), ('feiern', 14.6875), ('will', 19.125), ('.', 1.8515625)]",16.875
Vor einem Jahr hat Timo für Judith ein teures Konzertticket bestellt.,"Vor vier Wochen hat Timo wieder ein teures Konzertticket erworben, weil sie mit einem Freund feiern will.",9,aii,bii,1,positive,35,erworben,134.0,17.0,"[('Vor', 12.8125), ('vier', 13.25), ('Wochen', 12.0625), ('hat', 0.27734375), ('Timo', 0.007781982421875), ('wieder', 17.0), ('ein', 1.125), ('teures', 7.1171875), ('Konzertticket', 0.0155029296875), ('erworben', 27.8125), (',', 1.4375), ('weil', 5.0625), ('sie', 3.421875), ('mit', 4.875), ('einem', 2.65625), ('Freund', 5.78125), ('feiern', 8.6875), ('will', 9.75), ('.', 1.1484375)]",27.8125
Vor einem Jahr hat Timo für Judith ein teures Konzertticket bestellt.,"Vor vier Wochen hat Judith wieder ein teures Konzertticket erworben, weil er mit einem Freund feiern will.",9,aii,bii,2,neutral,35,erworben,179.0,10.5625,"[('Vor', 12.8125), ('vier', 13.25), ('Wochen', 12.0625), ('hat', 0.27734375), ('Judith', 12.625), ('wieder', 10.5625), ('ein', 2.828125), ('teures', 3.3828125), ('Konzertticket', 0.007781982421875), ('erworben', 38.4375), (',', 2.75), ('weil', 4.84375), ('er', 5.90625), ('mit', 7.375), ('einem', 0.2041015625), ('Freund', 15.4375), ('feiern', 15.5), ('will', 20.25), ('.', 0.6484375)]",38.4375
Letztes Semester hat Greta Judith einen kleinen Spickzettel zukommen lassen.,"Vor fünf Tagen hat Judith wieder einen kleinen Spickzettel erhalten, als sie an einer Klausur teilgenommen hat.",10,ai,bi,1,positive,36,erhalten,158.0,10.625,"[('Vor', 16.25), ('fünf', 19.5), ('Tagen', 14.3125), ('hat', 2.671875), ('Judith', 10.9375), ('wieder', 10.625), ('einen', 3.4375), ('kleinen', 0.023193359375), ('Spickzettel', 0.0155029296875), ('erhalten', 14.1875), (',', 1.296875), ('als', 7.875), ('sie', 4.8125), ('an', 12.125), ('einer', 7.46875), ('Klausur', 21.6875), ('teilgenommen', 7.390625), ('hat', 0.06787109375), ('.', 3.09375)]",14.1875
Letztes Semester hat Greta Judith einen kleinen Spickzettel zukommen lassen.,"Vor fünf Tagen hat Greta wieder einen kleinen Spickzettel erhalten, als sie an einer Klausur teilgenommen hat.",10,ai,bi,2,neutral,36,erhalten,148.0,11.6875,"[('Vor', 16.25), ('fünf', 19.5), ('Tagen', 14.3125), ('hat', 2.671875), ('Greta', 3.609375), ('wieder', 11.6875), ('einen', 4.75), ('kleinen', -0.0), ('Spickzettel', 0.0615234375), ('erhalten', 13.3125), (',', 0.435546875), ('als', 6.46875), ('sie', 5.25), ('an', 12.0625), ('einer', 8.25), ('Klausur', 19.125), ('teilgenommen', 8.91015625), ('hat', 0.10400390625), ('.', 1.25)]",13.3125
Letztes Semester hat Greta Judith einen kleinen Spickzettel zukommen lassen.,"Vor fünf Tagen hat Judith wieder einen kleinen Spickzettel weitergegeben, als sie an einer Klausur teilgenommen hat.",10,ai,bii,1,neutral,37,weitergegeben,182.0,10.625,"[('Vor', 16.25), ('fünf', 19.5), ('Tagen', 14.3125), ('hat', 2.671875), ('Judith', 10.9375), ('wieder', 10.625), ('einen', 3.4375), ('kleinen', 0.023193359375), ('Spickzettel', 0.0155029296875), ('weitergegeben', 21.4375), (',', 2.0), ('als', 8.875), ('sie', 10.375), ('an', 15.875), ('einer', 8.375), ('Klausur', 32.875), ('teilgenommen', 2.20703125), ('hat', -0.0), ('.', 2.5625)]",21.4375
Letztes Semester hat Greta Judith einen kleinen Spickzettel zukommen lassen.,"Vor fünf Tagen hat Greta wieder einen kleinen Spickzettel weitergegeben, als sie an einer Klausur teilgenommen hat.",10,ai,bii,2,positive,37,weitergegeben,174.0,11.6875,"[('Vor', 16.25), ('fünf', 19.5), ('Tagen', 14.3125), ('hat', 2.671875), ('Greta', 3.609375), ('wieder', 11.6875), ('einen', 4.75), ('kleinen', -0.0), ('Spickzettel', 0.0615234375), ('weitergegeben', 21.25), (',', 1.0390625), ('als', 8.25), ('sie', 8.5625), ('an', 14.875), ('einer', 9.3125), ('Klausur', 32.3125), ('teilgenommen', 4.2578125), ('hat', 0.0155029296875), ('.', 0.90234375)]",21.25
Letztes Semester hat Judith Greta einen kleinen Spickzettel zukommen lassen.,"Vor fünf Tagen hat Judith wieder einen kleinen Spickzettel erhalten, als sie an einer Klausur teilgenommen hat.",10,aii,bi,1,neutral,38,erhalten,143.0,8.3125,"[('Vor', 15.8125), ('fünf', 19.75), ('Tagen', 14.5), ('hat', 6.46875), ('Judith', 1.6875), ('wieder', 8.3125), ('einen', 2.78125), ('kleinen', 0.007781982421875), ('Spickzettel', 0.007781982421875), ('erhalten', 13.375), (',', 1.6875), ('als', 7.09375), ('sie', 3.5625), ('an', 10.625), ('einer', 8.1875), ('Klausur', 22.25), ('teilgenommen', 5.03515625), ('hat', 0.3359375), ('.', 1.84375)]",13.375
Letztes Semester hat Judith Greta einen kleinen Spickzettel zukommen lassen.,"Vor fünf Tagen hat Greta wieder einen kleinen Spickzettel erhalten, als sie an einer Klausur teilgenommen hat.",10,aii,bi,2,positive,38,erhalten,164.0,11.4375,"[('Vor', 15.8125), ('fünf', 19.75), ('Tagen', 14.5), ('hat', 6.46875), ('Greta', 18.25), ('wieder', 11.4375), ('einen', 2.546875), ('kleinen', 0.0155029296875), ('Spickzettel', -0.0), ('erhalten', 14.3125), (',', 1.4453125), ('als', 8.8125), ('sie', 3.8125), ('an', 11.875), ('einer', 7.8125), ('Klausur', 21.0625), ('teilgenommen', 4.49609375), ('hat', 0.06787109375), ('.', 1.4609375)]",14.3125
Letztes Semester hat Judith Greta einen kleinen Spickzettel zukommen lassen.,"Vor fünf Tagen hat Judith wieder einen kleinen Spickzettel weitergegeben, als sie an einer Klausur teilgenommen hat.",10,aii,bii,1,positive,39,weitergegeben,172.0,8.3125,"[('Vor', 15.8125), ('fünf', 19.75), ('Tagen', 14.5), ('hat', 6.46875), ('Judith', 1.6875), ('wieder', 8.3125), ('einen', 2.78125), ('kleinen', 0.007781982421875), ('Spickzettel', 0.007781982421875), ('weitergegeben', 20.3125), (',', 1.78125), ('als', 8.8125), ('sie', 7.53125), ('an', 13.0625), ('einer', 8.75), ('Klausur', 35.75), ('teilgenommen', 4.1640625), ('hat', 0.0155029296875), ('.', 2.515625)]",20.3125
Letztes Semester hat Judith Greta einen kleinen Spickzettel zukommen lassen.,"Vor fünf Tagen hat Greta wieder einen kleinen Spickzettel weitergegeben, als sie an einer Klausur teilgenommen hat.",10,aii,bii,2,neutral,39,weitergegeben,181.0,11.4375,"[('Vor', 15.8125), ('fünf', 19.75), ('Tagen', 14.5), ('hat', 6.46875), ('Greta', 18.25), ('wieder', 11.4375), ('einen', 2.546875), ('kleinen', 0.0155029296875), ('Spickzettel', -0.0), ('weitergegeben', 20.9375), (',', 2.25), ('als', 8.5625), ('sie', 5.84375), ('an', 13.5), ('einer', 7.71875), ('Klausur', 29.4375), ('teilgenommen', 3.625), ('hat', 0.0155029296875), ('.', 0.65234375)]",20.9375
Vor zwei Monaten hat Thorsten Linda ein interessantes Jobangebot offeriert.,"Vor zwei Tagen hat Linda wieder ein interessantes Jobangebot bekommen, als sie auf einer Jobbörse zugegen war.",11,ai,bi,1,positive,40,bekommen,224.0,10.8125,"[('Vor', 16.625), ('zwei', 16.75), ('Tagen', 12.4375), ('hat', 6.15625), ('Linda', 15.9375), ('wieder', 10.8125), ('ein', 2.203125), ('interessantes', 8.40625), ('Jobangebot', -0.0), ('bekommen', 13.8125), (',', 0.61328125), ('als', 9.125), ('sie', 0.71484375), ('auf', 9.0625), ('einer', 7.71875), ('Jobbörse', 53.34375), ('zugegen', 32.375), ('war', 6.28125), ('.', 1.46875)]",13.8125
Vor zwei Monaten hat Thorsten Linda ein interessantes Jobangebot offeriert.,"Vor zwei Tagen hat Thorsten wieder ein interessantes Jobangebot bekommen, als er auf einer Jobbörse zugegen war.",11,ai,bi,2,neutral,40,bekommen,218.0,8.75,"[('Vor', 16.625), ('zwei', 16.75), ('Tagen', 12.4375), ('hat', 6.15625), ('Thorsten', 0.8515625), ('wieder', 8.75), ('ein', 1.8828125), ('interessantes', 9.9375), ('Jobangebot', -0.0), ('bekommen', 14.4375), (',', 0.470703125), ('als', 8.9375), ('er', 0.318359375), ('auf', 8.375), ('einer', 11.3125), ('Jobbörse', 59.296875), ('zugegen', 34.1875), ('war', 5.375), ('.', 1.609375)]",14.4375
Vor zwei Monaten hat Thorsten Linda ein interessantes Jobangebot offeriert.,"Vor zwei Tagen hat Linda wieder ein interessantes Jobangebot gemacht, als sie auf einer Jobbörse zugegen war.",11,ai,bii,1,neutral,41,gemacht,232.0,10.8125,"[('Vor', 16.625), ('zwei', 16.75), ('Tagen', 12.4375), ('hat', 6.15625), ('Linda', 15.9375), ('wieder', 10.8125), ('ein', 2.203125), ('interessantes', 8.40625), ('Jobangebot', -0.0), ('gemacht', 12.9375), (',', 0.466796875), ('als', 9.75), ('sie', 2.6875), ('auf', 9.8125), ('einer', 7.90625), ('Jobbörse', 59.15625), ('zugegen', 29.9375), ('war', 9.25), ('.', 0.87890625)]",12.9375
Vor zwei Monaten hat Thorsten Linda ein interessantes Jobangebot offeriert.,"Vor zwei Tagen hat Thorsten wieder ein interessantes Jobangebot gemacht, als er auf einer Jobbörse zugegen war.",11,ai,bii,2,positive,41,gemacht,219.0,8.75,"[('Vor', 16.625), ('zwei', 16.75), ('Tagen', 12.4375), ('hat', 6.15625), ('Thorsten', 0.8515625), ('wieder', 8.75), ('ein', 1.8828125), ('interessantes', 9.9375), ('Jobangebot', -0.0), ('gemacht', 12.4375), (',', 0.431640625), ('als', 9.5625), ('er', 0.99609375), ('auf', 8.8125), ('einer', 11.5), ('Jobbörse', 60.828125), ('zugegen', 31.8125), ('war', 7.5), ('.', 1.25)]",12.4375
Vor zwei Monaten hat Linda Thorsten ein interessantes Jobangebot offeriert.,"Vor zwei Tagen hat Linda wieder ein interessantes Jobangebot bekommen, als sie auf einer Jobbörse zugegen war.",11,aii,bi,1,neutral,42,bekommen,230.0,10.75,"[('Vor', 15.375), ('zwei', 19.25), ('Tagen', 13.375), ('hat', 5.0), ('Linda', 0.66796875), ('wieder', 10.75), ('ein', 3.09375), ('interessantes', 11.453125), ('Jobangebot', 0.007781982421875), ('bekommen', 17.625), (',', 0.578125), ('als', 9.6875), ('sie', 4.53125), ('auf', 11.9375), ('einer', 11.375), ('Jobbörse', 52.09375), ('zugegen', 31.625), ('war', 10.125), ('.', 1.53125)]",17.625
Vor zwei Monaten hat Linda Thorsten ein interessantes Jobangebot offeriert.,"Vor zwei Tagen hat Thorsten wieder ein interessantes Jobangebot bekommen, als er auf einer Jobbörse zugegen war.",11,aii,bi,2,positive,42,bekommen,233.0,8.9375,"[('Vor', 15.375), ('zwei', 19.25), ('Tagen', 13.375), ('hat', 5.0), ('Thorsten', 14.3359375), ('wieder', 8.9375), ('ein', 4.65625), ('interessantes', 12.5625), ('Jobangebot', 0.007781982421875), ('bekommen', 17.0), (',', 0.25390625), ('als', 9.25), ('er', 1.9453125), ('auf', 13.0), ('einer', 14.0), ('Jobbörse', 46.9921875), ('zugegen', 28.75), ('war', 5.8125), ('.', 2.65625)]",17.0
Vor zwei Monaten hat Linda Thorsten ein interessantes Jobangebot offeriert.,"Vor zwei Tagen hat Linda wieder ein interessantes Jobangebot gemacht, als sie auf einer Jobbörse zugegen war.",11,aii,bii,1,positive,43,gemacht,222.0,10.75,"[('Vor', 15.375), ('zwei', 19.25), ('Tagen', 13.375), ('hat', 5.0), ('Linda', 0.66796875), ('wieder', 10.75), ('ein', 3.09375), ('interessantes', 11.453125), ('Jobangebot', 0.007781982421875), ('gemacht', 13.625), (',', 0.416015625), ('als', 10.5), ('sie', 4.8125), ('auf', 9.9375), ('einer', 10.6875), ('Jobbörse', 57.09375), ('zugegen', 27.8125), ('war', 5.78125), ('.', 2.296875)]",13.625
Vor zwei Monaten hat Linda Thorsten ein interessantes Jobangebot offeriert.,"Vor zwei Tagen hat Thorsten wieder ein interessantes Jobangebot gemacht, als er auf einer Jobbörse zugegen war.",11,aii,bii,2,neutral,43,gemacht,231.0,8.9375,"[('Vor', 15.375), ('zwei', 19.25), ('Tagen', 13.375), ('hat', 5.0), ('Thorsten', 14.3359375), ('wieder', 8.9375), ('ein', 4.65625), ('interessantes', 12.5625), ('Jobangebot', 0.007781982421875), ('gemacht', 13.875), (',', 0.341796875), ('als', 9.75), ('er', 1.6171875), ('auf', 12.1875), ('einer', 14.0), ('Jobbörse', 51.328125), ('zugegen', 26.875), ('war', 5.375), ('.', 2.59375)]",13.875
Vor drei Jahren hat Thorsten für Timo einen großen Kleiderschrank gekauft.,"Vor einer Woche hat Timo wieder einen großen Kleiderschrank bekommen, weil er mit einem Freund ausgemistet hat.",12,ai,bi,1,positive,44,bekommen,182.0,11.375,"[('Vor', 14.625), ('einer', 14.0), ('Woche', 6.0625), ('hat', 10.875), ('Timo', 15.125), ('wieder', 11.375), ('einen', 7.6875), ('großen', 0.038330078125), ('Kleiderschrank', 0.20703125), ('bekommen', 10.5), (',', 6.125), ('weil', 4.96875), ('er', 2.859375), ('mit', 6.15625), ('einem', 0.400390625), ('Freund', 17.75), ('ausgemistet', 48.75), ('hat', 3.140625), ('.', 1.0546875)]",10.5
Vor drei Jahren hat Thorsten für Timo einen großen Kleiderschrank gekauft.,"Vor einer Woche hat Thorsten wieder einen großen Kleiderschrank bekommen, weil er mit einem Freund ausgemistet hat.",12,ai,bi,2,neutral,44,bekommen,165.0,14.25,"[('Vor', 14.625), ('einer', 14.0), ('Woche', 6.0625), ('hat', 10.875), ('Thorsten', 0.806640625), ('wieder', 14.25), ('einen', 6.90625), ('großen', 0.023193359375), ('Kleiderschrank', 0.15673828125), ('bekommen', 10.5), (',', 6.125), ('weil', 5.25), ('er', 1.5), ('mit', 6.03125), ('einem', 0.318359375), ('Freund', 15.625), ('ausgemistet', 47.5625), ('hat', 3.75), ('.', 0.83203125)]",10.5
Vor drei Jahren hat Thorsten für Timo einen großen Kleiderschrank gekauft.,"Vor einer Woche hat Timo wieder einen großen Kleiderschrank weggegeben, weil er mit einem Freund ausgemistet hat.",12,ai,bii,1,neutral,45,weggegeben,203.0,11.375,"[('Vor', 14.625), ('einer', 14.0), ('Woche', 6.0625), ('hat', 10.875), ('Timo', 15.125), ('wieder', 11.375), ('einen', 7.6875), ('großen', 0.038330078125), ('Kleiderschrank', 0.20703125), ('weggegeben', 28.53125), (',', 5.125), ('weil', 6.8125), ('er', 1.1328125), ('mit', 6.0625), ('einem', 0.4453125), ('Freund', 17.5), ('ausgemistet', 51.1875), ('hat', 5.4375), ('.', 0.3515625)]",28.53125
Vor drei Jahren hat Thorsten für Timo einen großen Kleiderschrank gekauft.,"Vor einer Woche hat Thorsten wieder einen großen Kleiderschrank weggegeben, weil er mit einem Freund ausgemistet hat.",12,ai,bii,2,positive,45,weggegeben,186.0,14.25,"[('Vor', 14.625), ('einer', 14.0), ('Woche', 6.0625), ('hat', 10.875), ('Thorsten', 0.806640625), ('wieder', 14.25), ('einen', 6.90625), ('großen', 0.023193359375), ('Kleiderschrank', 0.15673828125), ('weggegeben', 28.21875), (',', 4.625), ('weil', 7.125), ('er', 0.50390625), ('mit', 5.9375), ('einem', 0.2890625), ('Freund', 16.0), ('ausgemistet', 50.125), ('hat', 5.25), ('.', 0.283203125)]",28.21875
Vor drei Jahren hat Timo für Thorsten einen großen Kleiderschrank gekauft.,"Vor einer Woche hat Timo wieder einen großen Kleiderschrank bekommen, weil er mit einem Freund ausgemistet hat.",12,aii,bi,1,neutral,46,bekommen,95.0,9.6875,"[('Vor', 12.1875), ('einer', 6.25), ('Woche', 6.78125), ('hat', 2.21875), ('Timo', 0.0751953125), ('wieder', 9.6875), ('einen', 3.953125), ('großen', 0.0458984375), ('Kleiderschrank', 0.023284912109375), ('bekommen', 5.90625), (',', 2.390625), ('weil', 5.375), ('er', 2.34375), ('mit', 3.359375), ('einem', 1.9609375), ('Freund', 8.75), ('ausgemistet', 20.53125), ('hat', 2.984375), ('.', 0.171875)]",5.90625
Vor drei Jahren hat Timo für Thorsten einen großen Kleiderschrank gekauft.,"Vor einer Woche hat Thorsten wieder einen großen Kleiderschrank bekommen, weil er mit einem Freund ausgemistet hat.",12,aii,bi,2,positive,46,bekommen,111.0,6.71875,"[('Vor', 12.1875), ('einer', 6.25), ('Woche', 6.78125), ('hat', 2.21875), ('Thorsten', 20.5), ('wieder', 6.71875), ('einen', 4.125), ('großen', 0.038330078125), ('Kleiderschrank', 0.023284912109375), ('bekommen', 6.03125), (',', 2.703125), ('weil', 5.25), ('er', 1.8125), ('mit', 3.375), ('einem', 1.296875), ('Freund', 9.125), ('ausgemistet', 19.09375), ('hat', 3.125), ('.', 0.294921875)]",6.03125
Vor drei Jahren hat Timo für Thorsten einen großen Kleiderschrank gekauft.,"Vor einer Woche hat Timo wieder einen großen Kleiderschrank weggegeben, weil er mit einem Freund ausgemistet hat.",12,aii,bii,1,positive,47,weggegeben,109.0,9.6875,"[('Vor', 12.1875), ('einer', 6.25), ('Woche', 6.78125), ('hat', 2.21875), ('Timo', 0.0751953125), ('wieder', 9.6875), ('einen', 3.953125), ('großen', 0.0458984375), ('Kleiderschrank', 0.023284912109375), ('weggegeben', 20.0), (',', 3.0), ('weil', 5.6875), ('er', 2.3125), ('mit', 3.21875), ('einem', 1.9921875), ('Freund', 8.25), ('ausgemistet', 19.75), ('hat', 3.71875), ('.', 0.0751953125)]",20.0
Vor drei Jahren hat Timo für Thorsten einen großen Kleiderschrank gekauft.,"Vor einer Woche hat Thorsten wieder einen großen Kleiderschrank weggegeben, weil er mit einem Freund ausgemistet hat.",12,aii,bii,2,neutral,47,weggegeben,124.5,6.71875,"[('Vor', 12.1875), ('einer', 6.25), ('Woche', 6.78125), ('hat', 2.21875), ('Thorsten', 20.5), ('wieder', 6.71875), ('einen', 4.125), ('großen', 0.038330078125), ('Kleiderschrank', 0.023284912109375), ('weggegeben', 18.4375), (',', 2.890625), ('weil', 5.75), ('er', 1.671875), ('mit', 3.125), ('einem', 1.09375), ('Freund', 9.0), ('ausgemistet', 19.34375), ('hat', 4.28125), ('.', 0.06787109375)]",18.4375
Letzte Woche hat Thorsten Greta mit einem spannenden Auftrag betreut.,"Vor zwei Tagen hat Greta wieder einen spannenden Auftrag ausgeführt, als sie an einer Konferenz teilgenommen hat.",13,ai,bi,1,positive,48,ausgeführt,170.0,13.9375,"[('Vor', 18.125), ('zwei', 14.875), ('Tagen', 16.125), ('hat', 2.40625), ('Greta', 16.25), ('wieder', 13.9375), ('einen', 4.90625), ('spannenden', 20.1875), ('Auftrag', 0.060546875), ('ausgeführt', 10.375), (',', 1.6640625), ('als', 9.1875), ('sie', 0.5), ('an', 11.3125), ('einer', 5.375), ('Konferenz', 16.375), ('teilgenommen', 5.3125), ('hat', -0.0), ('.', 3.28125)]",10.375
Letzte Woche hat Thorsten Greta mit einem spannenden Auftrag betreut.,"Vor zwei Tagen hat Thorsten wieder einen spannenden Auftrag ausgeführt, als er an einer Konferenz teilgenommen hat.",13,ai,bi,2,neutral,48,ausgeführt,178.0,9.4375,"[('Vor', 18.125), ('zwei', 14.875), ('Tagen', 16.125), ('hat', 2.40625), ('Thorsten', 18.875), ('wieder', 9.4375), ('einen', 7.125), ('spannenden', 23.625), ('Auftrag', 0.023193359375), ('ausgeführt', 11.1875), (',', 1.6875), ('als', 9.25), ('er', 0.2109375), ('an', 9.75), ('einer', 8.625), ('Konferenz', 17.0625), ('teilgenommen', 8.0625), ('hat', -0.0), ('.', 1.25)]",11.1875
Letzte Woche hat Thorsten Greta mit einem spannenden Auftrag betreut.,"Vor zwei Tagen hat Greta wieder einen spannenden Auftrag vergeben, als sie an einer Konferenz teilgenommen hat.",13,ai,bii,1,neutral,49,vergeben,194.0,13.9375,"[('Vor', 18.125), ('zwei', 14.875), ('Tagen', 16.125), ('hat', 2.40625), ('Greta', 16.25), ('wieder', 13.9375), ('einen', 4.90625), ('spannenden', 20.1875), ('Auftrag', 0.060546875), ('vergeben', 22.3125), (',', 2.890625), ('als', 8.75), ('sie', 3.65625), ('an', 11.5), ('einer', 6.59375), ('Konferenz', 19.625), ('teilgenommen', 7.25), ('hat', -0.0), ('.', 4.34375)]",22.3125
Letzte Woche hat Thorsten Greta mit einem spannenden Auftrag betreut.,"Vor zwei Tagen hat Thorsten wieder einen spannenden Auftrag vergeben, als er an einer Konferenz teilgenommen hat.",13,ai,bii,2,positive,49,vergeben,208.0,9.4375,"[('Vor', 18.125), ('zwei', 14.875), ('Tagen', 16.125), ('hat', 2.40625), ('Thorsten', 18.875), ('wieder', 9.4375), ('einen', 7.125), ('spannenden', 23.625), ('Auftrag', 0.023193359375), ('vergeben', 23.4375), (',', 2.84375), ('als', 8.875), ('er', 4.53125), ('an', 12.25), ('einer', 9.125), ('Konferenz', 18.75), ('teilgenommen', 10.507781982421875), ('hat', -0.0), ('.', 6.625)]",23.4375
Letzte Woche hat Greta Thorsten mit einem spannenden Auftrag betreut.,"Vor zwei Tagen hat Greta wieder einen spannenden Auftrag ausgeführt, als sie an einer Konferenz teilgenommen hat.",13,aii,bi,1,neutral,50,ausgeführt,162.0,10.75,"[('Vor', 17.25), ('zwei', 17.125), ('Tagen', 16.25), ('hat', 1.7890625), ('Greta', 6.8125), ('wieder', 10.75), ('einen', 3.046875), ('spannenden', 11.796875), ('Auftrag', 0.007781982421875), ('ausgeführt', 12.1875), (',', 6.375), ('als', 10.0), ('sie', 0.30078125), ('an', 12.0625), ('einer', 6.46875), ('Konferenz', 17.0625), ('teilgenommen', 6.75), ('hat', -0.0), ('.', 5.9375)]",12.1875
Letzte Woche hat Greta Thorsten mit einem spannenden Auftrag betreut.,"Vor zwei Tagen hat Thorsten wieder einen spannenden Auftrag ausgeführt, als er an einer Konferenz teilgenommen hat.",13,aii,bi,2,positive,50,ausgeführt,181.0,18.25,"[('Vor', 17.25), ('zwei', 17.125), ('Tagen', 16.25), ('hat', 1.7890625), ('Thorsten', 21.875), ('wieder', 18.25), ('einen', 5.1875), ('spannenden', 11.125), ('Auftrag', -0.0), ('ausgeführt', 15.5625), (',', 3.359375), ('als', 9.625), ('er', 1.703125), ('an', 9.9375), ('einer', 10.0), ('Konferenz', 15.46875), ('teilgenommen', 2.40625), ('hat', -0.0), ('.', 4.21875)]",15.5625
Letzte Woche hat Greta Thorsten mit einem spannenden Auftrag betreut.,"Vor zwei Tagen hat Greta wieder einen spannenden Auftrag vergeben, als sie an einer Konferenz teilgenommen hat.",13,aii,bii,1,positive,51,vergeben,172.0,10.75,"[('Vor', 17.25), ('zwei', 17.125), ('Tagen', 16.25), ('hat', 1.7890625), ('Greta', 6.8125), ('wieder', 10.75), ('einen', 3.046875), ('spannenden', 11.796875), ('Auftrag', 0.007781982421875), ('vergeben', 21.8125), (',', 4.625), ('als', 8.375), ('sie', 3.1875), ('an', 13.4375), ('einer', 7.90625), ('Konferenz', 17.9375), ('teilgenommen', 3.0936279296875), ('hat', 0.007781982421875), ('.', 6.75)]",21.8125
Letzte Woche hat Greta Thorsten mit einem spannenden Auftrag betreut.,"Vor zwei Tagen hat Thorsten wieder einen spannenden Auftrag vergeben, als er an einer Konferenz teilgenommen hat.",13,aii,bii,2,neutral,51,vergeben,201.0,18.25,"[('Vor', 17.25), ('zwei', 17.125), ('Tagen', 16.25), ('hat', 1.7890625), ('Thorsten', 21.875), ('wieder', 18.25), ('einen', 5.1875), ('spannenden', 11.125), ('Auftrag', -0.0), ('vergeben', 25.875), (',', 5.0), ('als', 7.53125), ('er', 8.0), ('an', 11.625), ('einer', 12.125), ('Konferenz', 17.65625), ('teilgenommen', 0.5234375), ('hat', 0.007781982421875), ('.', 3.59375)]",25.875
Letzten Monat hat Thorsten Sabine ein selbstgemaltes Bild gezeigt.,"Vor zwei Wochen hat Sabine wieder ein selbstgemaltes Bild gesehen, als sie mit einer Künstlerin verabredet war.",14,ai,bi,1,positive,52,gesehen,180.0,8.5625,"[('Vor', 11.125), ('zwei', 14.6875), ('Wochen', 9.9375), ('hat', 5.59375), ('Sabine', 14.125), ('wieder', 8.5625), ('ein', 4.0), ('selbstgemaltes', 5.3505859375), ('Bild', -0.0), ('gesehen', 15.125), (',', 5.25), ('als', 6.40625), ('sie', 1.609375), ('mit', 6.15625), ('einer', 6.8125), ('Künstlerin', 18.5), ('verabredet', 46.4375), ('war', 0.0458984375), ('.', 0.158203125)]",15.125
Letzten Monat hat Thorsten Sabine ein selbstgemaltes Bild gezeigt.,"Vor zwei Wochen hat Thorsten wieder ein selbstgemaltes Bild gesehen, als er mit einer Künstlerin verabredet war.",14,ai,bi,2,neutral,52,gesehen,171.0,7.28125,"[('Vor', 11.125), ('zwei', 14.6875), ('Wochen', 9.9375), ('hat', 5.59375), ('Thorsten', 20.9375), ('wieder', 7.28125), ('ein', 2.234375), ('selbstgemaltes', 1.984375), ('Bild', -0.0), ('gesehen', 12.875), (',', 4.625), ('als', 8.875), ('er', 3.578125), ('mit', 4.4375), ('einer', 7.28125), ('Künstlerin', 16.2655029296875), ('verabredet', 37.6875), ('war', 0.341796875), ('.', 1.0546875)]",12.875
Letzten Monat hat Thorsten Sabine ein selbstgemaltes Bild gezeigt.,"Vor zwei Wochen hat Sabine wieder ein selbstgemaltes Bild präsentiert, als sie mit einer Künstlerin verabredet war.",14,ai,bii,1,neutral,53,präsentiert,168.0,8.5625,"[('Vor', 11.125), ('zwei', 14.6875), ('Wochen', 9.9375), ('hat', 5.59375), ('Sabine', 14.125), ('wieder', 8.5625), ('ein', 4.0), ('selbstgemaltes', 5.3505859375), ('Bild', -0.0), ('präsentiert', 14.875), (',', 4.375), ('als', 7.21875), ('sie', 3.265625), ('mit', 5.46875), ('einer', 6.375), ('Künstlerin', 14.0780029296875), ('verabredet', 38.15625), ('war', 0.1982421875), ('.', 1.0546875)]",14.875
Letzten Monat hat Thorsten Sabine ein selbstgemaltes Bild gezeigt.,"Vor zwei Wochen hat Thorsten wieder ein selbstgemaltes Bild präsentiert, als er mit einer Künstlerin verabredet war.",14,ai,bii,2,positive,53,präsentiert,148.0,7.28125,"[('Vor', 11.125), ('zwei', 14.6875), ('Wochen', 9.9375), ('hat', 5.59375), ('Thorsten', 20.9375), ('wieder', 7.28125), ('ein', 2.234375), ('selbstgemaltes', 1.984375), ('Bild', -0.0), ('präsentiert', 13.375), (',', 3.421875), ('als', 6.90625), ('er', 3.375), ('mit', 6.0), ('einer', 4.3125), ('Künstlerin', 10.24072265625), ('verabredet', 25.34375), ('war', 0.11767578125), ('.', 0.859375)]",13.375
Letzten Monat hat Sabine Thorsten ein selbstgemaltes Bild gezeigt.,"Vor zwei Wochen hat Sabine wieder ein selbstgemaltes Bild gesehen, als sie mit einer Künstlerin verabredet war.",14,aii,bi,1,neutral,54,gesehen,109.5,9.375,"[('Vor', 12.5625), ('zwei', 11.875), ('Wochen', 2.859375), ('hat', 0.431640625), ('Sabine', 9.0), ('wieder', 9.375), ('ein', 1.3828125), ('selbstgemaltes', 0.36126708984375), ('Bild', -0.0), ('gesehen', 9.375), (',', 6.125), ('als', 7.3125), ('sie', 0.32421875), ('mit', 4.0625), ('einer', 3.84375), ('Künstlerin', 8.5780029296875), ('verabredet', 21.546875), ('war', 0.19140625), ('.', 0.2421875)]",9.375
Letzten Monat hat Sabine Thorsten ein selbstgemaltes Bild gezeigt.,"Vor zwei Wochen hat Thorsten wieder ein selbstgemaltes Bild gesehen, als er mit einer Künstlerin verabredet war.",14,aii,bi,2,positive,54,gesehen,120.0,7.34375,"[('Vor', 12.5625), ('zwei', 11.875), ('Wochen', 2.859375), ('hat', 0.431640625), ('Thorsten', 17.75), ('wieder', 7.34375), ('ein', 2.625), ('selbstgemaltes', 0.280731201171875), ('Bild', -0.0), ('gesehen', 8.875), (',', 6.0), ('als', 7.78125), ('er', 0.953125), ('mit', 2.796875), ('einer', 2.875), ('Künstlerin', 9.757781982421875), ('verabredet', 24.8984375), ('war', 0.2109375), ('.', 0.08984375)]",8.875
Letzten Monat hat Sabine Thorsten ein selbstgemaltes Bild gezeigt.,"Vor zwei Wochen hat Sabine wieder ein selbstgemaltes Bild präsentiert, als sie mit einer Künstlerin verabredet war.",14,aii,bii,1,positive,55,präsentiert,109.5,9.375,"[('Vor', 12.5625), ('zwei', 11.875), ('Wochen', 2.859375), ('hat', 0.431640625), ('Sabine', 9.0), ('wieder', 9.375), ('ein', 1.3828125), ('selbstgemaltes', 0.36126708984375), ('Bild', -0.0), ('präsentiert', 10.75), (',', 6.0), ('als', 6.6875), ('sie', 0.71484375), ('mit', 4.4375), ('einer', 3.1875), ('Künstlerin', 8.34326171875), ('verabredet', 20.625), ('war', 0.259765625), ('.', 0.40625)]",10.75
Letzten Monat hat Sabine Thorsten ein selbstgemaltes Bild gezeigt.,"Vor zwei Wochen hat Thorsten wieder ein selbstgemaltes Bild präsentiert, als er mit einer Künstlerin verabredet war.",14,aii,bii,2,neutral,55,präsentiert,120.5,7.34375,"[('Vor', 12.5625), ('zwei', 11.875), ('Wochen', 2.859375), ('hat', 0.431640625), ('Thorsten', 17.75), ('wieder', 7.34375), ('ein', 2.625), ('selbstgemaltes', 0.280731201171875), ('Bild', -0.0), ('präsentiert', 10.625), (',', 5.375), ('als', 6.78125), ('er', 1.34375), ('mit', 3.078125), ('einer', 2.53125), ('Künstlerin', 9.873046875), ('verabredet', 24.62109375), ('war', 0.265625), ('.', 0.2421875)]",10.625
Vor vier Wochen hat Thorsten Tina angeschrien.,"Vor drei Tagen hat Tina wieder eine lautstarke Standpauke bekommen, als sie an einer Bushaltestelle gewartet hat.",15,ai,bi,1,positive,56,bekommen,266.0,13.375,"[('Vor', 12.0), ('drei', 8.625), ('Tagen', 8.3125), ('hat', 8.9375), ('Tina', 12.5625), ('wieder', 13.375), ('eine', 7.0625), ('lautstarke', 40.375), ('Standpauke', 41.15625), ('bekommen', 8.875), (',', 1.4296875), ('als', 7.25), ('sie', 9.3125), ('an', 9.0625), ('einer', 4.4375), ('Bushaltestelle', 46.453125), ('gewartet', 23.1875), ('hat', 1.578125), ('.', 2.890625)]",8.875
Vor vier Wochen hat Thorsten Tina angeschrien.,"Vor drei Tagen hat Thorsten wieder eine lautstarke Standpauke bekommen, als er an einer Bushaltestelle gewartet hat.",15,ai,bi,2,neutral,56,bekommen,251.0,11.1875,"[('Vor', 12.0), ('drei', 8.625), ('Tagen', 8.3125), ('hat', 8.9375), ('Thorsten', 0.27734375), ('wieder', 11.1875), ('eine', 6.25), ('lautstarke', 41.4375), ('Standpauke', 38.5625), ('bekommen', 10.3125), (',', 1.28125), ('als', 7.71875), ('er', 10.1875), ('an', 9.9375), ('einer', 4.40625), ('Bushaltestelle', 45.244140625), ('gewartet', 22.0625), ('hat', 1.328125), ('.', 3.203125)]",10.3125
Vor vier Wochen hat Thorsten Tina angeschrien.,"Vor drei Tagen hat Tina wieder eine lautstarke Standpauke gehalten, als sie an einer Bushaltestelle gewartet hat.",15,ai,bii,1,neutral,57,gehalten,272.0,13.375,"[('Vor', 12.0), ('drei', 8.625), ('Tagen', 8.3125), ('hat', 8.9375), ('Tina', 12.5625), ('wieder', 13.375), ('eine', 7.0625), ('lautstarke', 40.375), ('Standpauke', 41.15625), ('gehalten', 8.9375), (',', 1.625), ('als', 7.25), ('sie', 8.5625), ('an', 9.625), ('einer', 6.375), ('Bushaltestelle', 48.28125), ('gewartet', 21.75), ('hat', 3.78125), ('.', 3.65625)]",8.9375
Vor vier Wochen hat Thorsten Tina angeschrien.,"Vor drei Tagen hat Thorsten wieder eine lautstarke Standpauke gehalten, als er an einer Bushaltestelle gewartet hat.",15,ai,bii,2,positive,57,gehalten,250.0,11.1875,"[('Vor', 12.0), ('drei', 8.625), ('Tagen', 8.3125), ('hat', 8.9375), ('Thorsten', 0.27734375), ('wieder', 11.1875), ('eine', 6.25), ('lautstarke', 41.4375), ('Standpauke', 38.5625), ('gehalten', 8.75), (',', 1.640625), ('als', 7.65625), ('er', 9.1875), ('an', 10.4375), ('einer', 3.984375), ('Bushaltestelle', 43.6162109375), ('gewartet', 22.0625), ('hat', 2.859375), ('.', 4.15625)]",8.75
Vor vier Wochen hat Tina Thorsten angeschrien.,"Vor drei Tagen hat Tina wieder eine lautstarke Standpauke bekommen, als sie an einer Bushaltestelle gewartet hat.",15,aii,bi,1,neutral,58,bekommen,245.0,12.25,"[('Vor', 11.4375), ('drei', 8.3125), ('Tagen', 6.375), ('hat', 7.375), ('Tina', 0.023193359375), ('wieder', 12.25), ('eine', 5.25), ('lautstarke', 41.4375), ('Standpauke', 39.65625), ('bekommen', 9.125), (',', 1.4375), ('als', 8.25), ('sie', 9.5), ('an', 10.3125), ('einer', 3.875), ('Bushaltestelle', 42.30322265625), ('gewartet', 23.3125), ('hat', 2.015625), ('.', 2.359375)]",9.125
Vor vier Wochen hat Tina Thorsten angeschrien.,"Vor drei Tagen hat Thorsten wieder eine lautstarke Standpauke bekommen, als er an einer Bushaltestelle gewartet hat.",15,aii,bi,2,positive,58,bekommen,249.0,12.75,"[('Vor', 11.4375), ('drei', 8.3125), ('Tagen', 6.375), ('hat', 7.375), ('Thorsten', 6.21875), ('wieder', 12.75), ('eine', 6.25), ('lautstarke', 42.5625), ('Standpauke', 38.90625), ('bekommen', 9.6875), (',', 1.1796875), ('als', 8.3125), ('er', 8.875), ('an', 10.0625), ('einer', 4.125), ('Bushaltestelle', 40.77734375), ('gewartet', 22.1875), ('hat', 1.0234375), ('.', 2.484375)]",9.6875
Vor vier Wochen hat Tina Thorsten angeschrien.,"Vor drei Tagen hat Tina wieder eine lautstarke Standpauke gehalten, als sie an einer Bushaltestelle gewartet hat.",15,aii,bii,1,positive,59,gehalten,247.0,12.25,"[('Vor', 11.4375), ('drei', 8.3125), ('Tagen', 6.375), ('hat', 7.375), ('Tina', 0.023193359375), ('wieder', 12.25), ('eine', 5.25), ('lautstarke', 41.4375), ('Standpauke', 39.65625), ('gehalten', 8.875), (',', 2.109375), ('als', 7.40625), ('sie', 8.25), ('an', 10.375), ('einer', 4.4375), ('Bushaltestelle', 42.507781982421875), ('gewartet', 23.0625), ('hat', 3.421875), ('.', 4.03125)]",8.875
Vor vier Wochen hat Tina Thorsten angeschrien.,"Vor drei Tagen hat Thorsten wieder eine lautstarke Standpauke gehalten, als er an einer Bushaltestelle gewartet hat.",15,aii,bii,2,neutral,59,gehalten,244.0,12.75,"[('Vor', 11.4375), ('drei', 8.3125), ('Tagen', 6.375), ('hat', 7.375), ('Thorsten', 6.21875), ('wieder', 12.75), ('eine', 6.25), ('lautstarke', 42.5625), ('Standpauke', 38.90625), ('gehalten', 8.5625), (',', 1.5), ('als', 7.75), ('er', 8.625), ('an', 10.125), ('einer', 3.53125), ('Bushaltestelle', 38.296875), ('gewartet', 21.3125), ('hat', 1.40625), ('.', 3.0)]",8.5625
Vor vier Monaten hat Greta Sabine ein tragisches Gedicht vorgetragen.,"Vor zwei Tagen hat Sabine wieder ein tragisches Gedicht gehört, als sie bei einem Kleinkunstabend zugegen war.",16,ai,bi,1,positive,60,gehört,232.0,13.5,"[('Vor', 12.3125), ('zwei', 20.25), ('Tagen', 14.8125), ('hat', 3.796875), ('Sabine', 12.25), ('wieder', 13.5), ('ein', 2.875), ('tragisches', 0.0155029296875), ('Gedicht', -0.0), ('gehört', 20.125), (',', 1.3203125), ('als', 7.375), ('sie', 4.28125), ('bei', 11.5), ('einem', 8.375), ('Kleinkunstabend', 60.59375), ('zugegen', 28.125), ('war', 6.625), ('.', 3.4375)]",20.125
Vor vier Monaten hat Greta Sabine ein tragisches Gedicht vorgetragen.,"Vor zwei Tagen hat Greta wieder ein tragisches Gedicht gehört, als sie bei einem Kleinkunstabend zugegen war.",16,ai,bi,2,neutral,60,gehört,215.0,11.5,"[('Vor', 12.3125), ('zwei', 20.25), ('Tagen', 14.8125), ('hat', 3.796875), ('Greta', 4.375), ('wieder', 11.5), ('ein', 0.71484375), ('tragisches', 0.060546875), ('Gedicht', -0.0), ('gehört', 18.75), (',', 1.3828125), ('als', 7.84375), ('sie', 2.921875), ('bei', 10.1875), ('einem', 7.875), ('Kleinkunstabend', 63.03125), ('zugegen', 28.125), ('war', 4.0625), ('.', 3.21875)]",18.75
Vor vier Monaten hat Greta Sabine ein tragisches Gedicht vorgetragen.,"Vor zwei Tagen hat Sabine wieder ein tragisches Gedicht rezitiert, als sie bei einem Kleinkunstabend zugegen war.",16,ai,bii,1,neutral,61,rezitiert,249.0,13.5,"[('Vor', 12.3125), ('zwei', 20.25), ('Tagen', 14.8125), ('hat', 3.796875), ('Sabine', 12.25), ('wieder', 13.5), ('ein', 2.875), ('tragisches', 0.0155029296875), ('Gedicht', -0.0), ('rezitiert', 29.71875), (',', 1.140625), ('als', 8.3125), ('sie', 5.875), ('bei', 10.125), ('einem', 8.125), ('Kleinkunstabend', 67.21875), ('zugegen', 28.125), ('war', 7.15625), ('.', 3.5)]",29.71875
Vor vier Monaten hat Greta Sabine ein tragisches Gedicht vorgetragen.,"Vor zwei Tagen hat Greta wieder ein tragisches Gedicht rezitiert, als sie bei einem Kleinkunstabend zugegen war.",16,ai,bii,2,positive,61,rezitiert,234.0,11.5,"[('Vor', 12.3125), ('zwei', 20.25), ('Tagen', 14.8125), ('hat', 3.796875), ('Greta', 4.375), ('wieder', 11.5), ('ein', 0.71484375), ('tragisches', 0.060546875), ('Gedicht', -0.0), ('rezitiert', 27.84375), (',', 1.3359375), ('als', 8.125), ('sie', 5.15625), ('bei', 9.75), ('einem', 7.375), ('Kleinkunstabend', 64.0), ('zugegen', 31.5), ('war', 7.3125), ('.', 4.15625)]",27.84375
Vor vier Monaten hat Sabine Greta ein tragisches Gedicht vorgetragen.,"Vor zwei Tagen hat Sabine wieder ein tragisches Gedicht gehört, als sie bei einem Kleinkunstabend zugegen war.",16,aii,bi,1,neutral,62,gehört,229.0,9.375,"[('Vor', 11.75), ('zwei', 20.25), ('Tagen', 13.3125), ('hat', 4.0), ('Sabine', 0.0458984375), ('wieder', 9.375), ('ein', 3.09375), ('tragisches', 5.28125), ('Gedicht', 0.023193359375), ('gehört', 19.75), (',', 0.59375), ('als', 8.8125), ('sie', 1.6953125), ('bei', 12.0), ('einem', 7.375), ('Kleinkunstabend', 69.125), ('zugegen', 33.25), ('war', 3.953125), ('.', 5.0)]",19.75
Vor vier Monaten hat Sabine Greta ein tragisches Gedicht vorgetragen.,"Vor zwei Tagen hat Greta wieder ein tragisches Gedicht gehört, als sie bei einem Kleinkunstabend zugegen war.",16,aii,bi,2,positive,62,gehört,233.0,12.25,"[('Vor', 11.75), ('zwei', 20.25), ('Tagen', 13.3125), ('hat', 4.0), ('Greta', 18.75), ('wieder', 12.25), ('ein', 2.28125), ('tragisches', 3.578125), ('Gedicht', 0.0155029296875), ('gehört', 18.25), (',', 0.8125), ('als', 8.8125), ('sie', 2.78125), ('bei', 11.5), ('einem', 6.03125), ('Kleinkunstabend', 62.9375), ('zugegen', 27.8125), ('war', 4.15625), ('.', 3.65625)]",18.25
Vor vier Monaten hat Sabine Greta ein tragisches Gedicht vorgetragen.,"Vor zwei Tagen hat Sabine wieder ein tragisches Gedicht rezitiert, als sie bei einem Kleinkunstabend zugegen war.",16,aii,bii,1,positive,63,rezitiert,254.0,9.375,"[('Vor', 11.75), ('zwei', 20.25), ('Tagen', 13.3125), ('hat', 4.0), ('Sabine', 0.0458984375), ('wieder', 9.375), ('ein', 3.09375), ('tragisches', 5.28125), ('Gedicht', 0.023193359375), ('rezitiert', 32.5), (',', 1.6328125), ('als', 8.9375), ('sie', 3.65625), ('bei', 10.125), ('einem', 8.625), ('Kleinkunstabend', 81.3125), ('zugegen', 29.9375), ('war', 7.71875), ('.', 2.8125)]",32.5
Vor vier Monaten hat Sabine Greta ein tragisches Gedicht vorgetragen.,"Vor zwei Tagen hat Greta wieder ein tragisches Gedicht rezitiert, als sie bei einem Kleinkunstabend zugegen war.",16,aii,bii,2,neutral,63,rezitiert,268.0,12.25,"[('Vor', 11.75), ('zwei', 20.25), ('Tagen', 13.3125), ('hat', 4.0), ('Greta', 18.75), ('wieder', 12.25), ('ein', 2.28125), ('tragisches', 3.578125), ('Gedicht', 0.0155029296875), ('rezitiert', 27.78125), (',', 1.609375), ('als', 8.5), ('sie', 3.546875), ('bei', 9.625), ('einem', 7.375), ('Kleinkunstabend', 77.6875), ('zugegen', 30.0), ('war', 12.1875), ('.', 3.140625)]",27.78125
Vor zwei Monaten hat Greta vor Tina einen komplizierten Vortrag gehalten.,"Vor drei Tagen hat Tina wieder einen komplizierten Vortrag gehört, als sie auf einer Tagung gewesen ist.",17,ai,bi,1,positive,64,gehört,170.0,14.5625,"[('Vor', 9.5), ('drei', 12.625), ('Tagen', 10.625), ('hat', 3.1875), ('Tina', 11.375), ('wieder', 14.5625), ('einen', 7.375), ('komplizierten', 0.1053466796875), ('Vortrag', 0.007781982421875), ('gehört', 13.9375), (',', 2.8125), ('als', 8.75), ('sie', 3.875), ('auf', 10.75), ('einer', 10.5), ('Tagung', 29.125), ('gewesen', 10.25), ('ist', 7.875), ('.', 3.203125)]",13.9375
Vor zwei Monaten hat Greta vor Tina einen komplizierten Vortrag gehalten.,"Vor drei Tagen hat Greta wieder einen komplizierten Vortrag gehört, als sie auf einer Tagung gewesen ist.",17,ai,bi,2,neutral,64,gehört,130.0,11.5625,"[('Vor', 9.5), ('drei', 12.625), ('Tagen', 10.625), ('hat', 3.1875), ('Greta', 3.453125), ('wieder', 11.5625), ('einen', 2.296875), ('komplizierten', 0.242431640625), ('Vortrag', 0.007781982421875), ('gehört', 9.6875), (',', 3.6875), ('als', 7.3125), ('sie', 1.359375), ('auf', 6.5625), ('einer', 6.875), ('Tagung', 23.6875), ('gewesen', 10.1875), ('ist', 5.0), ('.', 1.71875)]",9.6875
Vor zwei Monaten hat Greta vor Tina einen komplizierten Vortrag gehalten.,"Vor drei Tagen hat Tina wieder einen komplizierten Vortrag präsentiert, als sie auf einer Tagung gewesen ist.",17,ai,bii,1,neutral,65,präsentiert,174.0,14.5625,"[('Vor', 9.5), ('drei', 12.625), ('Tagen', 10.625), ('hat', 3.1875), ('Tina', 11.375), ('wieder', 14.5625), ('einen', 7.375), ('komplizierten', 0.1053466796875), ('Vortrag', 0.007781982421875), ('präsentiert', 14.8125), (',', 3.890625), ('als', 8.375), ('sie', 4.875), ('auf', 8.5625), ('einer', 11.0625), ('Tagung', 28.8125), ('gewesen', 12.6875), ('ist', 6.5625), ('.', 5.0)]",14.8125
Vor zwei Monaten hat Greta vor Tina einen komplizierten Vortrag gehalten.,"Vor drei Tagen hat Greta wieder einen komplizierten Vortrag präsentiert, als sie auf einer Tagung gewesen ist.",17,ai,bii,2,positive,65,präsentiert,140.0,11.5625,"[('Vor', 9.5), ('drei', 12.625), ('Tagen', 10.625), ('hat', 3.1875), ('Greta', 3.453125), ('wieder', 11.5625), ('einen', 2.296875), ('komplizierten', 0.242431640625), ('Vortrag', 0.007781982421875), ('präsentiert', 10.1875), (',', 5.46875), ('als', 6.8125), ('sie', 2.1875), ('auf', 6.53125), ('einer', 7.8125), ('Tagung', 25.0625), ('gewesen', 12.625), ('ist', 4.71875), ('.', 4.625)]",10.1875
Vor zwei Monaten hat Tina vor Greta einen komplizierten Vortrag gehalten.,"Vor drei Tagen hat Tina wieder einen komplizierten Vortrag gehört, als sie auf einer Tagung gewesen ist.",17,aii,bi,1,neutral,66,gehört,169.0,12.125,"[('Vor', 8.0625), ('drei', 13.1875), ('Tagen', 10.875), ('hat', 6.65625), ('Tina', 0.15234375), ('wieder', 12.125), ('einen', 4.53125), ('komplizierten', 3.49951171875), ('Vortrag', 0.0155029296875), ('gehört', 14.75), (',', 3.21875), ('als', 9.375), ('sie', 4.1875), ('auf', 10.4375), ('einer', 9.375), ('Tagung', 30.875), ('gewesen', 14.4375), ('ist', 10.375), ('.', 2.640625)]",14.75
Vor zwei Monaten hat Tina vor Greta einen komplizierten Vortrag gehalten.,"Vor drei Tagen hat Greta wieder einen komplizierten Vortrag gehört, als sie auf einer Tagung gewesen ist.",17,aii,bi,2,positive,66,gehört,182.0,10.6875,"[('Vor', 8.0625), ('drei', 13.1875), ('Tagen', 10.875), ('hat', 6.65625), ('Greta', 16.5), ('wieder', 10.6875), ('einen', 4.375), ('komplizierten', 2.414031982421875), ('Vortrag', 0.0155029296875), ('gehört', 14.875), (',', 3.734375), ('als', 8.625), ('sie', 4.71875), ('auf', 10.0625), ('einer', 7.90625), ('Tagung', 31.625), ('gewesen', 15.0625), ('ist', 10.3125), ('.', 2.21875)]",14.875
Vor zwei Monaten hat Tina vor Greta einen komplizierten Vortrag gehalten.,"Vor drei Tagen hat Tina wieder einen komplizierten Vortrag präsentiert, als sie auf einer Tagung gewesen ist.",17,aii,bii,1,positive,67,präsentiert,168.0,12.125,"[('Vor', 8.0625), ('drei', 13.1875), ('Tagen', 10.875), ('hat', 6.65625), ('Tina', 0.15234375), ('wieder', 12.125), ('einen', 4.53125), ('komplizierten', 3.49951171875), ('Vortrag', 0.0155029296875), ('präsentiert', 16.75), (',', 3.578125), ('als', 8.4375), ('sie', 4.8125), ('auf', 8.9375), ('einer', 9.8125), ('Tagung', 30.5), ('gewesen', 15.6875), ('ist', 7.65625), ('.', 2.953125)]",16.75
Vor zwei Monaten hat Tina vor Greta einen komplizierten Vortrag gehalten.,"Vor drei Tagen hat Greta wieder einen komplizierten Vortrag präsentiert, als sie auf einer Tagung gewesen ist.",17,aii,bii,2,neutral,67,präsentiert,181.0,10.6875,"[('Vor', 8.0625), ('drei', 13.1875), ('Tagen', 10.875), ('hat', 6.65625), ('Greta', 16.5), ('wieder', 10.6875), ('einen', 4.375), ('komplizierten', 2.414031982421875), ('Vortrag', 0.0155029296875), ('präsentiert', 16.5), (',', 4.125), ('als', 8.0625), ('sie', 4.71875), ('auf', 8.875), ('einer', 10.1875), ('Tagung', 30.5625), ('gewesen', 14.375), ('ist', 8.0625), ('.', 3.0)]",16.5
Vor einer Woche hat Greta Thorsten einen Cocktail ausgegeben.,"Vor vier Tagen hat Thorsten wieder einen leckeren Cocktail bekommen, als er in einer Bar gewesen ist.",18,ai,bi,1,positive,68,bekommen,195.0,14.75,"[('Vor', 11.0625), ('vier', 15.875), ('Tagen', 13.0625), ('hat', 6.53125), ('Thorsten', 7.6875), ('wieder', 14.75), ('einen', 3.453125), ('leckeren', 18.4921875), ('Cocktail', 8.5), ('bekommen', 17.5), (',', 5.625), ('als', 7.84375), ('er', 5.90625), ('in', 10.875), ('einer', 10.5625), ('Bar', 10.25), ('gewesen', 12.125), ('ist', 10.125), ('.', 5.15625)]",17.5
Vor einer Woche hat Greta Thorsten einen Cocktail ausgegeben.,"Vor vier Tagen hat Greta wieder einen leckeren Cocktail bekommen, als sie in einer Bar gewesen ist.",18,ai,bi,2,neutral,68,bekommen,181.0,10.25,"[('Vor', 11.0625), ('vier', 15.875), ('Tagen', 13.0625), ('hat', 6.53125), ('Greta', 5.9375), ('wieder', 10.25), ('einen', 1.5859375), ('leckeren', 16.970703125), ('Cocktail', 9.875), ('bekommen', 17.75), (',', 2.875), ('als', 7.46875), ('sie', 5.375), ('in', 8.6875), ('einer', 10.4375), ('Bar', 10.375), ('gewesen', 11.4375), ('ist', 11.0), ('.', 4.375)]",17.75
Vor einer Woche hat Greta Thorsten einen Cocktail ausgegeben.,"Vor vier Tagen hat Thorsten wieder einen leckeren Cocktail bezahlt, als er in einer Bar gewesen ist.",18,ai,bii,1,neutral,69,bezahlt,188.0,14.75,"[('Vor', 11.0625), ('vier', 15.875), ('Tagen', 13.0625), ('hat', 6.53125), ('Thorsten', 7.6875), ('wieder', 14.75), ('einen', 3.453125), ('leckeren', 18.4921875), ('Cocktail', 8.5), ('bezahlt', 16.970703125), (',', 1.265625), ('als', 6.5625), ('er', 8.5), ('in', 9.0), ('einer', 8.8125), ('Bar', 9.0625), ('gewesen', 15.1875), ('ist', 7.78125), ('.', 5.59375)]",16.970703125
Vor einer Woche hat Greta Thorsten einen Cocktail ausgegeben.,"Vor vier Tagen hat Greta wieder einen leckeren Cocktail bezahlt, als sie in einer Bar gewesen ist.",18,ai,bii,2,positive,69,bezahlt,179.0,10.25,"[('Vor', 11.0625), ('vier', 15.875), ('Tagen', 13.0625), ('hat', 6.53125), ('Greta', 5.9375), ('wieder', 10.25), ('einen', 1.5859375), ('leckeren', 16.970703125), ('Cocktail', 9.875), ('bezahlt', 16.716796875), (',', 1.4765625), ('als', 7.0625), ('sie', 8.625), ('in', 7.5625), ('einer', 8.9375), ('Bar', 9.8125), ('gewesen', 13.3125), ('ist', 9.625), ('.', 5.0)]",16.716796875
Vor einer Woche hat Thorsten Greta einen Cocktail ausgegeben.,"Vor vier Tagen hat Thorsten wieder einen leckeren Cocktail bekommen, als er in einer Bar gewesen ist.",18,aii,bi,1,neutral,70,bekommen,153.0,10.875,"[('Vor', 9.25), ('vier', 13.375), ('Tagen', 7.15625), ('hat', 3.140625), ('Thorsten', 0.4755859375), ('wieder', 10.875), ('einen', 1.078125), ('leckeren', 24.203125), ('Cocktail', 2.453125), ('bekommen', 15.125), (',', 0.59765625), ('als', 10.0625), ('er', 3.390625), ('in', 7.03125), ('einer', 6.96875), ('Bar', 10.0), ('gewesen', 17.875), ('ist', 4.46875), ('.', 5.4375)]",15.125
Vor einer Woche hat Thorsten Greta einen Cocktail ausgegeben.,"Vor vier Tagen hat Greta wieder einen leckeren Cocktail bekommen, als sie in einer Bar gewesen ist.",18,aii,bi,2,positive,70,bekommen,149.0,11.5,"[('Vor', 9.25), ('vier', 13.375), ('Tagen', 7.15625), ('hat', 3.140625), ('Greta', 16.0), ('wieder', 11.5), ('einen', 0.94140625), ('leckeren', 19.03125), ('Cocktail', 4.9375), ('bekommen', 16.625), (',', 0.515625), ('als', 9.375), ('sie', 2.875), ('in', 4.53125), ('einer', 3.75), ('Bar', 5.75), ('gewesen', 14.1875), ('ist', 2.203125), ('.', 4.1875)]",16.625
Vor einer Woche hat Thorsten Greta einen Cocktail ausgegeben.,"Vor vier Tagen hat Thorsten wieder einen leckeren Cocktail bezahlt, als er in einer Bar gewesen ist.",18,aii,bii,1,positive,71,bezahlt,153.0,10.875,"[('Vor', 9.25), ('vier', 13.375), ('Tagen', 7.15625), ('hat', 3.140625), ('Thorsten', 0.4755859375), ('wieder', 10.875), ('einen', 1.078125), ('leckeren', 24.203125), ('Cocktail', 2.453125), ('bezahlt', 16.53515625), (',', 1.078125), ('als', 8.1875), ('er', 4.875), ('in', 7.0), ('einer', 6.15625), ('Bar', 10.125), ('gewesen', 18.125), ('ist', 4.28125), ('.', 4.4375)]",16.53515625
Vor einer Woche hat Thorsten Greta einen Cocktail ausgegeben.,"Vor vier Tagen hat Greta wieder einen leckeren Cocktail bezahlt, als sie in einer Bar gewesen ist.",18,aii,bii,2,neutral,71,bezahlt,161.0,11.5,"[('Vor', 9.25), ('vier', 13.375), ('Tagen', 7.15625), ('hat', 3.140625), ('Greta', 16.0), ('wieder', 11.5), ('einen', 0.94140625), ('leckeren', 19.03125), ('Cocktail', 4.9375), ('bezahlt', 18.71875), (',', 0.71484375), ('als', 10.75), ('sie', 4.15625), ('in', 6.4375), ('einer', 4.8125), ('Bar', 8.3125), ('gewesen', 16.5), ('ist', 0.625), ('.', 4.5625)]",18.71875
Vor zwei Wochen hat Greta Judith ein Kompliment gemacht.,"Vor einer Woche hat Judith wieder ein nettes Kompliment erhalten, als sie in einem Park spazieren war.",19,ai,bi,1,positive,72,erhalten,174.0,8.9375,"[('Vor', 16.375), ('einer', 10.5625), ('Woche', 0.060546875), ('hat', 4.75), ('Judith', 12.0625), ('wieder', 8.9375), ('ein', 2.0625), ('nettes', 24.28125), ('Kompliment', 4.34326171875), ('erhalten', 15.75), (',', 3.78125), ('als', 8.0), ('sie', 3.3125), ('in', 7.59375), ('einem', 3.125), ('Park', 15.125), ('spazieren', 21.5), ('war', 10.5625), ('.', 2.046875)]",15.75
Vor zwei Wochen hat Greta Judith ein Kompliment gemacht.,"Vor einer Woche hat Greta wieder ein nettes Kompliment erhalten, als sie in einem Park spazieren war.",19,ai,bi,2,neutral,72,erhalten,174.0,15.25,"[('Vor', 16.375), ('einer', 10.5625), ('Woche', 0.060546875), ('hat', 4.75), ('Greta', 0.038330078125), ('wieder', 15.25), ('ein', 2.21875), ('nettes', 24.1875), ('Kompliment', 5.560546875), ('erhalten', 16.5), (',', 3.296875), ('als', 7.625), ('sie', 4.1875), ('in', 7.25), ('einem', 3.609375), ('Park', 15.625), ('spazieren', 23.1875), ('war', 11.625), ('.', 2.046875)]",16.5
Vor zwei Wochen hat Greta Judith ein Kompliment gemacht.,"Vor einer Woche hat Judith wieder ein nettes Kompliment verteilt, als sie in einem Park spazieren war.",19,ai,bii,1,neutral,73,verteilt,184.0,8.9375,"[('Vor', 16.375), ('einer', 10.5625), ('Woche', 0.060546875), ('hat', 4.75), ('Judith', 12.0625), ('wieder', 8.9375), ('ein', 2.0625), ('nettes', 24.28125), ('Kompliment', 4.34326171875), ('verteilt', 13.4375), (',', 5.84375), ('als', 8.125), ('sie', 4.96875), ('in', 8.0625), ('einem', 4.1875), ('Park', 17.375), ('spazieren', 25.8125), ('war', 10.875), ('.', 1.65625)]",13.4375
Vor zwei Wochen hat Greta Judith ein Kompliment gemacht.,"Vor einer Woche hat Greta wieder ein nettes Kompliment verteilt, als sie in einem Park spazieren war.",19,ai,bii,2,positive,73,verteilt,180.0,15.25,"[('Vor', 16.375), ('einer', 10.5625), ('Woche', 0.060546875), ('hat', 4.75), ('Greta', 0.038330078125), ('wieder', 15.25), ('ein', 2.21875), ('nettes', 24.1875), ('Kompliment', 5.560546875), ('verteilt', 13.5), (',', 6.40625), ('als', 7.875), ('sie', 5.65625), ('in', 7.1875), ('einem', 4.5625), ('Park', 18.0), ('spazieren', 24.6875), ('war', 11.375), ('.', 1.625)]",13.5
Vor zwei Wochen hat Judith Greta ein Kompliment gemacht.,"Vor einer Woche hat Judith wieder ein nettes Kompliment erhalten, als sie in einem Park spazieren war.",19,aii,bi,1,neutral,74,erhalten,192.0,16.25,"[('Vor', 20.0), ('einer', 14.0), ('Woche', 0.060546875), ('hat', 5.96875), ('Judith', 0.1318359375), ('wieder', 16.25), ('ein', 3.5), ('nettes', 25.6875), ('Kompliment', 7.0966796875), ('erhalten', 16.375), (',', 4.03125), ('als', 8.75), ('sie', 4.375), ('in', 7.8125), ('einem', 5.59375), ('Park', 15.25), ('spazieren', 24.375), ('war', 11.0), ('.', 1.625)]",16.375
Vor zwei Wochen hat Judith Greta ein Kompliment gemacht.,"Vor einer Woche hat Greta wieder ein nettes Kompliment erhalten, als sie in einem Park spazieren war.",19,aii,bi,2,positive,74,erhalten,207.0,11.0,"[('Vor', 20.0), ('einer', 14.0), ('Woche', 0.060546875), ('hat', 5.96875), ('Greta', 12.25), ('wieder', 11.0), ('ein', 3.59375), ('nettes', 28.1875), ('Kompliment', 9.4609375), ('erhalten', 17.625), (',', 4.625), ('als', 8.375), ('sie', 4.65625), ('in', 8.875), ('einem', 4.5625), ('Park', 15.8125), ('spazieren', 23.09375), ('war', 13.125), ('.', 2.140625)]",17.625
Vor zwei Wochen hat Judith Greta ein Kompliment gemacht.,"Vor einer Woche hat Judith wieder ein nettes Kompliment verteilt, als sie in einem Park spazieren war.",19,aii,bii,1,positive,75,verteilt,198.0,16.25,"[('Vor', 20.0), ('einer', 14.0), ('Woche', 0.060546875), ('hat', 5.96875), ('Judith', 0.1318359375), ('wieder', 16.25), ('ein', 3.5), ('nettes', 25.6875), ('Kompliment', 7.0966796875), ('verteilt', 13.625), (',', 4.40625), ('als', 8.875), ('sie', 6.125), ('in', 8.0), ('einem', 6.375), ('Park', 17.875), ('spazieren', 27.375), ('war', 11.875), ('.', 1.0859375)]",13.625
Vor zwei Wochen hat Judith Greta ein Kompliment gemacht.,"Vor einer Woche hat Greta wieder ein nettes Kompliment verteilt, als sie in einem Park spazieren war.",19,aii,bii,2,neutral,75,verteilt,214.0,11.0,"[('Vor', 20.0), ('einer', 14.0), ('Woche', 0.060546875), ('hat', 5.96875), ('Greta', 12.25), ('wieder', 11.0), ('ein', 3.59375), ('nettes', 28.1875), ('Kompliment', 9.4609375), ('verteilt', 13.875), (',', 4.96875), ('als', 8.625), ('sie', 6.5625), ('in', 8.875), ('einem', 5.40625), ('Park', 18.5), ('spazieren', 25.625), ('war', 15.75), ('.', 1.71875)]",13.875
Vor drei Monaten hat Greta Karl ein französisches Lied beigebracht.,"Vor zwei Wochen hat Karl wieder ein französisches Lied gelernt, als er mit einem Freund unterwegs war.",20,ai,bi,1,positive,76,gelernt,157.0,10.8125,"[('Vor', 11.8125), ('zwei', 15.625), ('Wochen', 17.5), ('hat', 1.7734375), ('Karl', 12.9375), ('wieder', 10.8125), ('ein', 2.09375), ('französisches', 6.1875), ('Lied', -0.0), ('gelernt', 18.5625), (',', 0.486328125), ('als', 7.78125), ('er', 2.625), ('mit', 10.75), ('einem', 0.5), ('Freund', 9.1875), ('unterwegs', 23.25), ('war', 0.007781982421875), ('.', 5.375)]",18.5625
Vor drei Monaten hat Greta Karl ein französisches Lied beigebracht.,"Vor zwei Wochen hat Greta wieder ein französisches Lied gelernt, als sie mit einem Freund unterwegs war.",20,ai,bi,2,neutral,76,gelernt,153.0,11.6875,"[('Vor', 11.8125), ('zwei', 15.625), ('Wochen', 17.5), ('hat', 1.7734375), ('Greta', 1.140625), ('wieder', 11.6875), ('ein', 1.1015625), ('französisches', 15.9837646484375), ('Lied', -0.0), ('gelernt', 14.8125), (',', 0.55859375), ('als', 8.1875), ('sie', 5.40625), ('mit', 7.53125), ('einem', 1.9375), ('Freund', 9.5625), ('unterwegs', 23.0), ('war', 0.10400390625), ('.', 5.53125)]",14.8125
Vor drei Monaten hat Greta Karl ein französisches Lied beigebracht.,"Vor zwei Wochen hat Karl wieder einem Freund ein französisches Lied beigebracht, als er mit einem Freund unterwegs war.",20,ai,bii,1,neutral,77,beigebracht,177.0,10.8125,"[('Vor', 11.8125), ('zwei', 15.625), ('Wochen', 17.5), ('hat', 1.7734375), ('Karl', 12.9375), ('wieder', 10.8125), ('einem', 16.5), ('Freund', 12.0), ('ein', 3.375), ('französisches', 13.50390625), ('Lied', -0.0), ('beigebracht', -0.0), (',', 7.0), ('als', 7.5625), ('er', 6.40625), ('mit', 11.125), ('einem', 0.0751953125), ('Freund', 0.0155029296875), ('unterwegs', 24.75), ('war', 0.0155029296875), ('.', 3.8125)]",-0.0
Vor drei Monaten hat Greta Karl ein französisches Lied beigebracht.,"Vor zwei Wochen hat Greta wieder einem Freund ein französisches Lied beigebracht, als sie mit einem Freund unterwegs war.",20,ai,bii,2,positive,77,beigebracht,167.0,11.6875,"[('Vor', 11.8125), ('zwei', 15.625), ('Wochen', 17.5), ('hat', 1.7734375), ('Greta', 1.140625), ('wieder', 11.6875), ('einem', 13.3125), ('Freund', 11.875), ('ein', 0.890625), ('französisches', 14.38037109375), ('Lied', -0.0), ('beigebracht', -0.0), (',', 6.75), ('als', 7.75), ('sie', 9.3125), ('mit', 8.3125), ('einem', 0.03076171875), ('Freund', 0.0155029296875), ('unterwegs', 26.375), ('war', 3.234375), ('.', 4.8125)]",-0.0
Vor drei Monaten hat Karl Greta ein französisches Lied beigebracht.,"Vor zwei Wochen hat Karl wieder ein französisches Lied gelernt, als er mit einem Freund unterwegs war.",20,aii,bi,1,neutral,78,gelernt,164.0,10.5625,"[('Vor', 11.8125), ('zwei', 18.375), ('Wochen', 19.625), ('hat', 2.9375), ('Karl', 0.007781982421875), ('wieder', 10.5625), ('ein', 2.25), ('französisches', 9.311614990234375), ('Lied', 0.007781982421875), ('gelernt', 16.5703125), (',', 0.4453125), ('als', 7.75), ('er', 5.25), ('mit', 11.25), ('einem', 0.953125), ('Freund', 12.9375), ('unterwegs', 26.5), ('war', 0.007781982421875), ('.', 7.375)]",16.5703125
Vor drei Monaten hat Karl Greta ein französisches Lied beigebracht.,"Vor zwei Wochen hat Greta wieder ein französisches Lied gelernt, als sie mit einem Freund unterwegs war.",20,aii,bi,2,positive,78,gelernt,192.0,15.3125,"[('Vor', 11.8125), ('zwei', 18.375), ('Wochen', 19.625), ('hat', 2.9375), ('Greta', 22.25), ('wieder', 15.3125), ('ein', 5.8125), ('französisches', 9.4364013671875), ('Lied', -0.0), ('gelernt', 15.884765625), (',', 0.921875), ('als', 7.625), ('sie', 7.875), ('mit', 9.5625), ('einem', 1.1640625), ('Freund', 11.1875), ('unterwegs', 25.0), ('war', 0.0155029296875), ('.', 7.125)]",15.884765625
Vor drei Monaten hat Karl Greta ein französisches Lied beigebracht.,"Vor zwei Wochen hat Karl wieder einem Freund ein französisches Lied beigebracht, als er mit einem Freund unterwegs war.",20,aii,bii,1,positive,79,beigebracht,185.0,10.5625,"[('Vor', 11.8125), ('zwei', 18.375), ('Wochen', 19.625), ('hat', 2.9375), ('Karl', 0.007781982421875), ('wieder', 10.5625), ('einem', 15.875), ('Freund', 16.75), ('ein', 4.09375), ('französisches', 17.460906982421875), ('Lied', -0.0), ('beigebracht', -0.0), (',', 6.875), ('als', 8.3125), ('er', 7.15625), ('mit', 11.875), ('einem', 0.007781982421875), ('Freund', 0.03076171875), ('unterwegs', 28.75), ('war', 0.060546875), ('.', 4.8125)]",-0.0
Vor drei Monaten hat Karl Greta ein französisches Lied beigebracht.,"Vor zwei Wochen hat Greta wieder einem Freund ein französisches Lied beigebracht, als sie mit einem Freund unterwegs war.",20,aii,bii,2,neutral,79,beigebracht,213.0,15.3125,"[('Vor', 11.8125), ('zwei', 18.375), ('Wochen', 19.625), ('hat', 2.9375), ('Greta', 22.25), ('wieder', 15.3125), ('einem', 19.5), ('Freund', 15.3125), ('ein', 1.953125), ('französisches', 18.10888671875), ('Lied', -0.0), ('beigebracht', -0.0), (',', 7.0), ('als', 8.25), ('sie', 10.125), ('mit', 9.25), ('einem', 0.023193359375), ('Freund', 0.023193359375), ('unterwegs', 27.5), ('war', 0.8984375), ('.', 4.6875)]",-0.0
Letztes Jahr hat Tina Timo eine Überraschungsparty zum bestandenen Examen organisiert.,"Vor vier Monaten hat Timo wieder eine große Überraschungsparty bekommen, weil er in einem Preisausschreiben gewonnen hatte.",21,ai,bi,1,positive,80,bekommen,189.0,12.25,"[('Vor', 12.0), ('vier', 16.5), ('Monaten', 19.0), ('hat', 11.5), ('Timo', 16.25), ('wieder', 12.25), ('eine', 5.78125), ('große', 13.875), ('Überraschungsparty', 1.952850341796875), ('bekommen', 15.6875), (',', 0.0966796875), ('weil', 1.15625), ('er', 4.625), ('in', 5.6875), ('einem', 6.375), ('Preisausschreiben', 41.65625), ('gewonnen', 1.5546875), ('hatte', 1.671875), ('.', 1.8125)]",15.6875
Letztes Jahr hat Tina Timo eine Überraschungsparty zum bestandenen Examen organisiert.,"Vor vier Monaten hat Tina wieder eine große Überraschungsparty bekommen, weil sie in einem Preisausschreiben gewonnen hatte.",21,ai,bi,2,neutral,80,bekommen,180.0,15.0625,"[('Vor', 12.0), ('vier', 16.5), ('Monaten', 19.0), ('hat', 11.5), ('Tina', 0.98828125), ('wieder', 15.0625), ('eine', 5.78125), ('große', 11.5), ('Überraschungsparty', 3.8271484375), ('bekommen', 16.25), (',', 0.060546875), ('weil', 1.390625), ('sie', 5.75), ('in', 6.75), ('einem', 5.40625), ('Preisausschreiben', 41.75), ('gewonnen', 1.109375), ('hatte', 3.765625), ('.', 1.7109375)]",16.25
Letztes Jahr hat Tina Timo eine Überraschungsparty zum bestandenen Examen organisiert.,"Vor vier Monaten hat Timo wieder eine große Überraschungsparty ausgerichtet, weil er in einem Preisausschreiben gewonnen hatte.",21,ai,bii,1,neutral,81,ausgerichtet,197.0,12.25,"[('Vor', 12.0), ('vier', 16.5), ('Monaten', 19.0), ('hat', 11.5), ('Timo', 16.25), ('wieder', 12.25), ('eine', 5.78125), ('große', 13.875), ('Überraschungsparty', 1.952850341796875), ('ausgerichtet', 12.060546875), (',', 3.40625), ('weil', 1.9375), ('er', 2.46875), ('in', 4.71875), ('einem', 5.75), ('Preisausschreiben', 46.625), ('gewonnen', 1.6328125), ('hatte', 4.875), ('.', 4.5)]",12.060546875
Letztes Jahr hat Tina Timo eine Überraschungsparty zum bestandenen Examen organisiert.,"Vor vier Monaten hat Tina wieder eine große Überraschungsparty ausgerichtet, weil sie in einem Preisausschreiben gewonnen hatte.",21,ai,bii,2,positive,81,ausgerichtet,187.0,15.0625,"[('Vor', 12.0), ('vier', 16.5), ('Monaten', 19.0), ('hat', 11.5), ('Tina', 0.98828125), ('wieder', 15.0625), ('eine', 5.78125), ('große', 11.5), ('Überraschungsparty', 3.8271484375), ('ausgerichtet', 13.873046875), (',', 3.53125), ('weil', 2.375), ('sie', 2.140625), ('in', 5.65625), ('einem', 5.40625), ('Preisausschreiben', 44.3125), ('gewonnen', 2.03125), ('hatte', 7.375), ('.', 4.375)]",13.873046875
Letztes Jahr hat Timo Tina eine Überraschungsparty zum bestandenen Examen organisiert.,"Vor vier Monaten hat Timo wieder eine große Überraschungsparty bekommen, weil er in einem Preisausschreiben gewonnen hatte.",21,aii,bi,1,neutral,82,bekommen,179.0,15.0,"[('Vor', 11.1875), ('vier', 18.75), ('Monaten', 19.375), ('hat', 7.5625), ('Timo', 4.78125), ('wieder', 15.0), ('eine', 5.21875), ('große', 12.875), ('Überraschungsparty', 1.8193359375), ('bekommen', 19.0), (',', 0.2353515625), ('weil', 0.66796875), ('er', 2.6875), ('in', 5.6875), ('einem', 6.625), ('Preisausschreiben', 42.125), ('gewonnen', 0.306640625), ('hatte', 3.1875), ('.', 1.5078125)]",19.0
Letztes Jahr hat Timo Tina eine Überraschungsparty zum bestandenen Examen organisiert.,"Vor vier Monaten hat Tina wieder eine große Überraschungsparty bekommen, weil sie in einem Preisausschreiben gewonnen hatte.",21,aii,bi,2,positive,82,bekommen,192.0,13.9375,"[('Vor', 11.1875), ('vier', 18.75), ('Monaten', 19.375), ('hat', 7.5625), ('Tina', 13.6875), ('wieder', 13.9375), ('eine', 6.625), ('große', 13.375), ('Überraschungsparty', 2.220703125), ('bekommen', 20.25), (',', 0.1318359375), ('weil', 1.140625), ('sie', 3.28125), ('in', 5.84375), ('einem', 3.984375), ('Preisausschreiben', 41.9375), ('gewonnen', 1.890625), ('hatte', 5.875), ('.', 0.578125)]",20.25
Letztes Jahr hat Timo Tina eine Überraschungsparty zum bestandenen Examen organisiert.,"Vor vier Monaten hat Timo wieder eine große Überraschungsparty ausgerichtet, weil er in einem Preisausschreiben gewonnen hatte.",21,aii,bii,1,positive,83,ausgerichtet,185.0,15.0,"[('Vor', 11.1875), ('vier', 18.75), ('Monaten', 19.375), ('hat', 7.5625), ('Timo', 4.78125), ('wieder', 15.0), ('eine', 5.21875), ('große', 12.875), ('Überraschungsparty', 1.8193359375), ('ausgerichtet', 16.632781982421875), (',', 2.9375), ('weil', 1.0234375), ('er', 0.90625), ('in', 4.5625), ('einem', 5.78125), ('Preisausschreiben', 45.0625), ('gewonnen', 2.125), ('hatte', 4.75), ('.', 4.625)]",16.632781982421875
Letztes Jahr hat Timo Tina eine Überraschungsparty zum bestandenen Examen organisiert.,"Vor vier Monaten hat Tina wieder eine große Überraschungsparty ausgerichtet, weil sie in einem Preisausschreiben gewonnen hatte.",21,aii,bii,2,neutral,83,ausgerichtet,203.0,13.9375,"[('Vor', 11.1875), ('vier', 18.75), ('Monaten', 19.375), ('hat', 7.5625), ('Tina', 13.6875), ('wieder', 13.9375), ('eine', 6.625), ('große', 13.375), ('Überraschungsparty', 2.220703125), ('ausgerichtet', 18.75), (',', 3.046875), ('weil', 1.71875), ('sie', 0.59375), ('in', 5.84375), ('einem', 4.5), ('Preisausschreiben', 44.8125), ('gewonnen', 4.53125), ('hatte', 9.125), ('.', 3.046875)]",18.75
Vor vier Wochen hat Tina Greta von einer albernen Geschichte aus ihrem Leben berichtet.,"Vor zwei Tagen hat Greta wieder eine alberne Geschichte gehört, als sie auf einer Geburtstagsparty eingeladen war.",22,ai,bi,1,positive,84,gehört,175.0,8.9375,"[('Vor', 13.625), ('zwei', 9.0625), ('Tagen', 8.375), ('hat', 6.0625), ('Greta', 11.9375), ('wieder', 8.9375), ('eine', 3.421875), ('alberne', 0.280517578125), ('Geschichte', -0.0), ('gehört', 13.5625), (',', 2.578125), ('als', 8.0625), ('sie', 3.078125), ('auf', 9.5625), ('einer', 7.84375), ('Geburtstagsparty', 38.0625), ('eingeladen', 26.875), ('war', 2.734375), ('.', 0.55078125)]",13.5625
Vor vier Wochen hat Tina Greta von einer albernen Geschichte aus ihrem Leben berichtet.,"Vor zwei Tagen hat Tina wieder eine alberne Geschichte gehört, als sie auf einer Geburtstagsparty eingeladen war.",22,ai,bi,2,neutral,84,gehört,161.0,9.6875,"[('Vor', 13.625), ('zwei', 9.0625), ('Tagen', 8.375), ('hat', 6.0625), ('Tina', 0.216796875), ('wieder', 9.6875), ('eine', 3.328125), ('alberne', 1.2420654296875), ('Geschichte', -0.0), ('gehört', 12.75), (',', 3.453125), ('als', 7.96875), ('sie', 2.84375), ('auf', 8.25), ('einer', 8.1875), ('Geburtstagsparty', 39.875), ('eingeladen', 22.625), ('war', 2.859375), ('.', 0.30078125)]",12.75
Vor vier Wochen hat Tina Greta von einer albernen Geschichte aus ihrem Leben berichtet.,"Vor zwei Tagen hat Greta wieder eine alberne Geschichte erzählt, als sie auf einer Geburtstagsparty eingeladen war.",22,ai,bii,1,neutral,85,erzählt,164.0,8.9375,"[('Vor', 13.625), ('zwei', 9.0625), ('Tagen', 8.375), ('hat', 6.0625), ('Greta', 11.9375), ('wieder', 8.9375), ('eine', 3.421875), ('alberne', 0.280517578125), ('Geschichte', -0.0), ('erzählt', 4.375), (',', 2.375), ('als', 8.375), ('sie', 1.75), ('auf', 7.6875), ('einer', 3.96875), ('Geburtstagsparty', 39.125), ('eingeladen', 30.3125), ('war', 4.28125), ('.', 0.22265625)]",4.375
Vor vier Wochen hat Tina Greta von einer albernen Geschichte aus ihrem Leben berichtet.,"Vor zwei Tagen hat Tina wieder eine alberne Geschichte erzählt, als sie auf einer Geburtstagsparty eingeladen war.",22,ai,bii,2,positive,85,erzählt,152.0,9.6875,"[('Vor', 13.625), ('zwei', 9.0625), ('Tagen', 8.375), ('hat', 6.0625), ('Tina', 0.216796875), ('wieder', 9.6875), ('eine', 3.328125), ('alberne', 1.2420654296875), ('Geschichte', -0.0), ('erzählt', 3.53125), (',', 2.875), ('als', 8.625), ('sie', 1.5625), ('auf', 7.125), ('einer', 5.25), ('Geburtstagsparty', 38.0), ('eingeladen', 27.90625), ('war', 5.03125), ('.', 0.138671875)]",3.53125
Vor vier Wochen hat Greta Tina von einer albernen Geschichte aus ihrem Leben berichtet.,"Vor zwei Tagen hat Greta wieder eine alberne Geschichte gehört, als sie auf einer Geburtstagsparty eingeladen war.",22,aii,bi,1,neutral,86,gehört,171.0,12.5,"[('Vor', 13.4375), ('zwei', 9.4375), ('Tagen', 9.125), ('hat', 6.1875), ('Greta', 1.1171875), ('wieder', 12.5), ('eine', 2.34375), ('alberne', 0.3338623046875), ('Geschichte', -0.0), ('gehört', 11.875), (',', 3.21875), ('als', 9.0625), ('sie', 2.609375), ('auf', 10.0), ('einer', 6.46875), ('Geburtstagsparty', 41.0), ('eingeladen', 29.375), ('war', 2.953125), ('.', 0.2421875)]",11.875
Vor vier Wochen hat Greta Tina von einer albernen Geschichte aus ihrem Leben berichtet.,"Vor zwei Tagen hat Tina wieder eine alberne Geschichte gehört, als sie auf einer Geburtstagsparty eingeladen war.",22,aii,bi,2,positive,86,gehört,166.0,10.8125,"[('Vor', 13.4375), ('zwei', 9.4375), ('Tagen', 9.125), ('hat', 6.1875), ('Tina', 10.4375), ('wieder', 10.8125), ('eine', 2.0625), ('alberne', 1.0078125), ('Geschichte', -0.0), ('gehört', 12.1875), (',', 2.8125), ('als', 9.375), ('sie', 1.84375), ('auf', 9.4375), ('einer', 5.5), ('Geburtstagsparty', 37.25), ('eingeladen', 20.40625), ('war', 3.703125), ('.', 0.55859375)]",12.1875
Vor vier Wochen hat Greta Tina von einer albernen Geschichte aus ihrem Leben berichtet.,"Vor zwei Tagen hat Greta wieder eine alberne Geschichte erzählt, als sie auf einer Geburtstagsparty eingeladen war.",22,aii,bii,1,positive,87,erzählt,154.0,12.5,"[('Vor', 13.4375), ('zwei', 9.4375), ('Tagen', 9.125), ('hat', 6.1875), ('Greta', 1.1171875), ('wieder', 12.5), ('eine', 2.34375), ('alberne', 0.3338623046875), ('Geschichte', -0.0), ('erzählt', 2.25), (',', 2.8125), ('als', 9.6875), ('sie', 1.1328125), ('auf', 7.5625), ('einer', 3.515625), ('Geburtstagsparty', 41.3125), ('eingeladen', 27.4375), ('war', 4.03125), ('.', 0.171875)]",2.25
Vor vier Wochen hat Greta Tina von einer albernen Geschichte aus ihrem Leben berichtet.,"Vor zwei Tagen hat Tina wieder eine alberne Geschichte erzählt, als sie auf einer Geburtstagsparty eingeladen war.",22,aii,bii,2,neutral,87,erzählt,166.0,10.8125,"[('Vor', 13.4375), ('zwei', 9.4375), ('Tagen', 9.125), ('hat', 6.1875), ('Tina', 10.4375), ('wieder', 10.8125), ('eine', 2.0625), ('alberne', 1.0078125), ('Geschichte', -0.0), ('erzählt', 2.03125), (',', 2.625), ('als', 9.8125), ('sie', 1.0703125), ('auf', 7.78125), ('einer', 3.84375), ('Geburtstagsparty', 42.03125), ('eingeladen', 29.5), ('war', 4.28125), ('.', 0.08984375)]",2.03125
Vor einer Woche hat Tina Sabine wütend gemacht.,"Vor zwei Tagen hat Sabine wieder einen kleinen Wutanfall bekommen, als sie an einer Schlange anstehen musste.",23,ai,bi,1,positive,88,bekommen,302.0,15.0,"[('Vor', 12.875), ('zwei', 15.25), ('Tagen', 15.25), ('hat', 0.66796875), ('Sabine', 14.4375), ('wieder', 15.0), ('einen', 11.25), ('kleinen', 11.1875), ('Wutanfall', 66.5625), ('bekommen', 12.125), (',', 1.90625), ('als', 9.0), ('sie', 7.625), ('an', 15.875), ('einer', 13.5625), ('Schlange', 23.25), ('anstehen', 26.71875), ('musste', 27.25), ('.', 3.0)]",12.125
Vor einer Woche hat Tina Sabine wütend gemacht.,"Vor zwei Tagen hat Tina wieder einen kleinen Wutanfall bekommen, als sie an einer Schlange anstehen musste.",23,ai,bi,2,neutral,88,bekommen,286.0,20.25,"[('Vor', 12.875), ('zwei', 15.25), ('Tagen', 15.25), ('hat', 0.66796875), ('Tina', 0.0155029296875), ('wieder', 20.25), ('einen', 10.625), ('kleinen', 8.6875), ('Wutanfall', 67.0625), ('bekommen', 13.375), (',', 2.421875), ('als', 8.375), ('sie', 6.5), ('an', 13.75), ('einer', 7.6875), ('Schlange', 24.0625), ('anstehen', 31.28125), ('musste', 23.875), ('.', 3.359375)]",13.375
Vor einer Woche hat Tina Sabine wütend gemacht.,"Vor zwei Tagen hat Sabine wieder einen kleinen Wutanfall provoziert, als sie an einer Schlange anstehen musste.",23,ai,bii,1,neutral,89,provoziert,292.0,15.0,"[('Vor', 12.875), ('zwei', 15.25), ('Tagen', 15.25), ('hat', 0.66796875), ('Sabine', 14.4375), ('wieder', 15.0), ('einen', 11.25), ('kleinen', 11.1875), ('Wutanfall', 66.5625), ('provoziert', 8.695281982421875), (',', 1.1796875), ('als', 6.84375), ('sie', 8.0), ('an', 14.3125), ('einer', 10.125), ('Schlange', 20.75), ('anstehen', 25.6875), ('musste', 27.75), ('.', 5.53125)]",8.695281982421875
Vor einer Woche hat Tina Sabine wütend gemacht.,"Vor zwei Tagen hat Tina wieder einen kleinen Wutanfall provoziert, als sie an einer Schlange anstehen musste.",23,ai,bii,2,positive,89,provoziert,288.0,20.25,"[('Vor', 12.875), ('zwei', 15.25), ('Tagen', 15.25), ('hat', 0.66796875), ('Tina', 0.0155029296875), ('wieder', 20.25), ('einen', 10.625), ('kleinen', 8.6875), ('Wutanfall', 67.0625), ('provoziert', 11.29150390625), (',', 1.75), ('als', 7.5), ('sie', 6.0625), ('an', 13.8125), ('einer', 7.84375), ('Schlange', 23.8125), ('anstehen', 29.5625), ('musste', 27.625), ('.', 9.0)]",11.29150390625
Vor einer Woche hat Sabine Tina wütend gemacht.,"Vor zwei Tagen hat Sabine wieder einen kleinen Wutanfall bekommen, als sie an einer Schlange anstehen musste.",23,aii,bi,1,neutral,90,bekommen,258.0,12.1875,"[('Vor', 12.4375), ('zwei', 12.0), ('Tagen', 16.25), ('hat', 1.3125), ('Sabine', 0.4609375), ('wieder', 12.1875), ('einen', 10.875), ('kleinen', 10.9375), ('Wutanfall', 67.5625), ('bekommen', 13.6875), (',', 1.1875), ('als', 12.3125), ('sie', 1.015625), ('an', 11.1875), ('einer', 9.125), ('Schlange', 17.65625), ('anstehen', 28.5), ('musste', 15.0625), ('.', 3.875)]",13.6875
Vor einer Woche hat Sabine Tina wütend gemacht.,"Vor zwei Tagen hat Tina wieder einen kleinen Wutanfall bekommen, als sie an einer Schlange anstehen musste.",23,aii,bi,2,positive,90,bekommen,224.0,12.75,"[('Vor', 12.4375), ('zwei', 12.0), ('Tagen', 16.25), ('hat', 1.3125), ('Tina', 11.9375), ('wieder', 12.75), ('einen', 11.5625), ('kleinen', 9.0625), ('Wutanfall', 67.125), ('bekommen', 12.5625), (',', 1.78125), ('als', 11.1875), ('sie', 0.2421875), ('an', 8.25), ('einer', 5.96875), ('Schlange', 11.1484375), ('anstehen', 12.953125), ('musste', 3.46875), ('.', 1.96875)]",12.5625
Vor einer Woche hat Sabine Tina wütend gemacht.,"Vor zwei Tagen hat Sabine wieder einen kleinen Wutanfall provoziert, als sie an einer Schlange anstehen musste.",23,aii,bii,1,positive,91,provoziert,211.0,12.1875,"[('Vor', 12.4375), ('zwei', 12.0), ('Tagen', 16.25), ('hat', 1.3125), ('Sabine', 0.4609375), ('wieder', 12.1875), ('einen', 10.875), ('kleinen', 10.9375), ('Wutanfall', 67.5625), ('provoziert', 9.585693359375), (',', 2.734375), ('als', 5.40625), ('sie', 0.431640625), ('an', 9.75), ('einer', 5.59375), ('Schlange', 10.59375), ('anstehen', 15.75), ('musste', 3.125), ('.', 3.65625)]",9.585693359375
Vor einer Woche hat Sabine Tina wütend gemacht.,"Vor zwei Tagen hat Tina wieder einen kleinen Wutanfall provoziert, als sie an einer Schlange anstehen musste.",23,aii,bii,2,neutral,91,provoziert,221.0,12.75,"[('Vor', 12.4375), ('zwei', 12.0), ('Tagen', 16.25), ('hat', 1.3125), ('Tina', 11.9375), ('wieder', 12.75), ('einen', 11.5625), ('kleinen', 9.0625), ('Wutanfall', 67.125), ('provoziert', 10.695281982421875), (',', 2.75), ('als', 8.5625), ('sie', 1.03125), ('an', 9.1875), ('einer', 5.3125), ('Schlange', 9.9296875), ('anstehen', 9.890625), ('musste', 7.9375), ('.', 1.6640625)]",10.695281982421875
Letzten Monat hat Tina Thorsten ein Lied gewidmet.,"Vor einer Woche hat Thorsten wieder eine nette Widmung bekommen, weil er an einem Song mitgearbeitet hat.",24,ai,bi,1,positive,92,bekommen,212.0,10.125,"[('Vor', 10.9375), ('einer', 9.8125), ('Woche', 7.96875), ('hat', 9.25), ('Thorsten', 23.125), ('wieder', 10.125), ('eine', 6.71875), ('nette', 11.1875), ('Widmung', 44.5625), ('bekommen', 12.1875), (',', 1.25), ('weil', 4.09375), ('er', 3.421875), ('an', 9.875), ('einem', 9.5), ('Song', 14.875), ('mitgearbeitet', 23.09375), ('hat', 0.36328125), ('.', 0.0966796875)]",12.1875
Letzten Monat hat Tina Thorsten ein Lied gewidmet.,"Vor einer Woche hat Tina wieder eine nette Widmung bekommen, weil sie an einem Song mitgearbeitet hat.",24,ai,bi,2,neutral,92,bekommen,207.0,11.0,"[('Vor', 10.9375), ('einer', 9.8125), ('Woche', 7.96875), ('hat', 9.25), ('Tina', 10.0625), ('wieder', 11.0), ('eine', 2.484375), ('nette', 10.625), ('Widmung', 45.75), ('bekommen', 9.625), (',', 2.5), ('weil', 4.78125), ('sie', 3.78125), ('an', 11.8125), ('einem', 7.84375), ('Song', 16.75), ('mitgearbeitet', 25.75), ('hat', 6.34375), ('.', 0.03076171875)]",9.625
Letzten Monat hat Tina Thorsten ein Lied gewidmet.,"Vor einer Woche hat Thorsten wieder eine nette Widmung geschrieben, weil er an einem Song mitgearbeitet hat.",24,ai,bii,1,neutral,93,geschrieben,210.0,10.125,"[('Vor', 10.9375), ('einer', 9.8125), ('Woche', 7.96875), ('hat', 9.25), ('Thorsten', 23.125), ('wieder', 10.125), ('eine', 6.71875), ('nette', 11.1875), ('Widmung', 44.5625), ('geschrieben', 6.78125), (',', 4.15625), ('weil', 5.5), ('er', 3.078125), ('an', 9.8125), ('einem', 9.3125), ('Song', 14.375), ('mitgearbeitet', 22.25), ('hat', 0.4453125), ('.', 0.69921875)]",6.78125
Letzten Monat hat Tina Thorsten ein Lied gewidmet.,"Vor einer Woche hat Tina wieder eine nette Widmung geschrieben, weil sie an einem Song mitgearbeitet hat.",24,ai,bii,2,positive,93,geschrieben,199.0,11.0,"[('Vor', 10.9375), ('einer', 9.8125), ('Woche', 7.96875), ('hat', 9.25), ('Tina', 10.0625), ('wieder', 11.0), ('eine', 2.484375), ('nette', 10.625), ('Widmung', 45.75), ('geschrieben', 2.78125), (',', 4.5625), ('weil', 5.78125), ('sie', 3.78125), ('an', 11.25), ('einem', 9.0625), ('Song', 15.5), ('mitgearbeitet', 25.4375), ('hat', 3.265625), ('.', 0.15234375)]",2.78125
Letzten Monat hat Thorsten Tina ein Lied gewidmet.,"Vor einer Woche hat Thorsten wieder eine nette Widmung bekommen, weil er an einem Song mitgearbeitet hat.",24,aii,bi,1,neutral,94,bekommen,173.0,9.5625,"[('Vor', 10.375), ('einer', 10.75), ('Woche', 6.375), ('hat', 7.53125), ('Thorsten', 9.25), ('wieder', 9.5625), ('eine', 3.1875), ('nette', 9.1875), ('Widmung', 41.8125), ('bekommen', 6.625), (',', 1.9375), ('weil', 5.34375), ('er', 6.25), ('an', 8.6875), ('einem', 5.625), ('Song', 11.5), ('mitgearbeitet', 16.96875), ('hat', 0.9765625), ('.', 0.90625)]",6.625
Letzten Monat hat Thorsten Tina ein Lied gewidmet.,"Vor einer Woche hat Tina wieder eine nette Widmung bekommen, weil sie an einem Song mitgearbeitet hat.",24,aii,bi,2,positive,94,bekommen,182.0,9.1875,"[('Vor', 10.375), ('einer', 10.75), ('Woche', 6.375), ('hat', 7.53125), ('Tina', 11.4375), ('wieder', 9.1875), ('eine', 4.875), ('nette', 13.75), ('Widmung', 37.140625), ('bekommen', 7.84375), (',', 1.75), ('weil', 5.15625), ('sie', 5.15625), ('an', 11.25), ('einem', 4.65625), ('Song', 13.875), ('mitgearbeitet', 18.25), ('hat', 1.3828125), ('.', 0.76171875)]",7.84375
Letzten Monat hat Thorsten Tina ein Lied gewidmet.,"Vor einer Woche hat Thorsten wieder eine nette Widmung geschrieben, weil er an einem Song mitgearbeitet hat.",24,aii,bii,1,positive,95,geschrieben,178.0,9.5625,"[('Vor', 10.375), ('einer', 10.75), ('Woche', 6.375), ('hat', 7.53125), ('Thorsten', 9.25), ('wieder', 9.5625), ('eine', 3.1875), ('nette', 9.1875), ('Widmung', 41.8125), ('geschrieben', 5.5), (',', 5.125), ('weil', 8.0625), ('er', 5.28125), ('an', 8.5), ('einem', 5.8125), ('Song', 11.0625), ('mitgearbeitet', 18.09375), ('hat', 1.375), ('.', 0.91015625)]",5.5
Letzten Monat hat Thorsten Tina ein Lied gewidmet.,"Vor einer Woche hat Tina wieder eine nette Widmung geschrieben, weil sie an einem Song mitgearbeitet hat.",24,aii,bii,2,neutral,95,geschrieben,184.0,9.1875,"[('Vor', 10.375), ('einer', 10.75), ('Woche', 6.375), ('hat', 7.53125), ('Tina', 11.4375), ('wieder', 9.1875), ('eine', 4.875), ('nette', 13.75), ('Widmung', 37.140625), ('geschrieben', 4.09375), (',', 4.28125), ('weil', 6.0), ('sie', 5.03125), ('an', 11.25), ('einem', 5.46875), ('Song', 13.6875), ('mitgearbeitet', 18.53125), ('hat', 1.59375), ('.', 2.359375)]",4.09375
Vor vier Wochen hat Tina vor Karl einen lustigen Sketch aufgeführt.,"Vor zwei Wochen hat Karl wieder einen lustigen Sketch gesehen, als er auf einem Comedyfestival gewesen ist.",25,ai,bi,1,positive,96,gesehen,162.0,8.625,"[('Vor', 9.3125), ('zwei', 8.25), ('Wochen', 2.71875), ('hat', 2.21875), ('Karl', 14.0625), ('wieder', 8.625), ('einen', 2.53125), ('lustigen', 0.0386962890625), ('Sketch', 0.007781982421875), ('gesehen', 17.875), (',', 0.39453125), ('als', 7.46875), ('er', 3.5625), ('auf', 9.125), ('einem', 6.9375), ('Comedyfestival', 35.625), ('gewesen', 21.125), ('ist', 9.0), ('.', 3.546875)]",17.875
Vor vier Wochen hat Tina vor Karl einen lustigen Sketch aufgeführt.,"Vor zwei Wochen hat Tina wieder einen lustigen Sketch gesehen, als sie auf einem Comedyfestival gewesen ist.",25,ai,bi,2,neutral,96,gesehen,157.0,10.5625,"[('Vor', 9.3125), ('zwei', 8.25), ('Wochen', 2.71875), ('hat', 2.21875), ('Tina', 0.038330078125), ('wieder', 10.5625), ('einen', 1.0703125), ('lustigen', 0.0462646484375), ('Sketch', 0.0155029296875), ('gesehen', 17.75), (',', 0.373046875), ('als', 7.59375), ('sie', 4.6875), ('auf', 6.875), ('einem', 13.625), ('Comedyfestival', 38.875), ('gewesen', 20.0), ('ist', 9.5), ('.', 3.03125)]",17.75
Vor vier Wochen hat Tina vor Karl einen lustigen Sketch aufgeführt.,"Vor zwei Wochen hat Karl wieder einen lustigen Sketch dargeboten, als er auf einem Comedyfestival gewesen ist.",25,ai,bii,1,neutral,97,dargeboten,179.0,8.625,"[('Vor', 9.3125), ('zwei', 8.25), ('Wochen', 2.71875), ('hat', 2.21875), ('Karl', 14.0625), ('wieder', 8.625), ('einen', 2.53125), ('lustigen', 0.0386962890625), ('Sketch', 0.007781982421875), ('dargeboten', 36.65625), (',', 4.5), ('als', 6.875), ('er', 3.0625), ('auf', 8.875), ('einem', 6.0625), ('Comedyfestival', 39.625), ('gewesen', 17.125), ('ist', 6.78125), ('.', 2.046875)]",36.65625
Vor vier Wochen hat Tina vor Karl einen lustigen Sketch aufgeführt.,"Vor zwei Wochen hat Tina wieder einen lustigen Sketch dargeboten, als sie auf einem Comedyfestival gewesen ist.",25,ai,bii,2,positive,97,dargeboten,167.0,10.5625,"[('Vor', 9.3125), ('zwei', 8.25), ('Wochen', 2.71875), ('hat', 2.21875), ('Tina', 0.038330078125), ('wieder', 10.5625), ('einen', 1.0703125), ('lustigen', 0.0462646484375), ('Sketch', 0.0155029296875), ('dargeboten', 35.78125), (',', 3.890625), ('als', 6.625), ('sie', 3.890625), ('auf', 7.5), ('einem', 6.75), ('Comedyfestival', 40.375), ('gewesen', 18.375), ('ist', 7.4375), ('.', 1.9609375)]",35.78125
Vor vier Wochen hat Karl vor Tina einen lustigen Sketch aufgeführt.,"Vor zwei Wochen hat Karl wieder einen lustigen Sketch gesehen, als er auf einem Comedyfestival gewesen ist.",25,aii,bi,1,neutral,98,gesehen,123.0,7.5,"[('Vor', 8.9375), ('zwei', 9.9375), ('Wochen', 3.9375), ('hat', 1.9453125), ('Karl', 0.32421875), ('wieder', 7.5), ('einen', 1.0859375), ('lustigen', 10.03125), ('Sketch', 0.42578125), ('gesehen', 11.9375), (',', 0.515625), ('als', 7.15625), ('er', 1.3984375), ('auf', 8.1875), ('einem', 4.71875), ('Comedyfestival', 26.625), ('gewesen', 10.5625), ('ist', 5.84375), ('.', 1.75)]",11.9375
Vor vier Wochen hat Karl vor Tina einen lustigen Sketch aufgeführt.,"Vor zwei Wochen hat Tina wieder einen lustigen Sketch gesehen, als sie auf einem Comedyfestival gewesen ist.",25,aii,bi,2,positive,98,gesehen,140.0,9.375,"[('Vor', 8.9375), ('zwei', 9.9375), ('Wochen', 3.9375), ('hat', 1.9453125), ('Tina', 11.875), ('wieder', 9.375), ('einen', 1.71875), ('lustigen', 6.6484375), ('Sketch', 0.341796875), ('gesehen', 13.625), (',', 0.421875), ('als', 6.21875), ('sie', 2.59375), ('auf', 6.03125), ('einem', 5.40625), ('Comedyfestival', 28.375), ('gewesen', 13.5), ('ist', 6.46875), ('.', 2.1875)]",13.625
Vor vier Wochen hat Karl vor Tina einen lustigen Sketch aufgeführt.,"Vor zwei Wochen hat Karl wieder einen lustigen Sketch dargeboten, als er auf einem Comedyfestival gewesen ist.",25,aii,bii,1,positive,99,dargeboten,144.0,7.5,"[('Vor', 8.9375), ('zwei', 9.9375), ('Wochen', 3.9375), ('hat', 1.9453125), ('Karl', 0.32421875), ('wieder', 7.5), ('einen', 1.0859375), ('lustigen', 10.03125), ('Sketch', 0.42578125), ('dargeboten', 30.5), (',', 3.90625), ('als', 7.78125), ('er', 1.5546875), ('auf', 7.1875), ('einem', 5.40625), ('Comedyfestival', 27.125), ('gewesen', 10.9375), ('ist', 4.21875), ('.', 1.015625)]",30.5
Vor vier Wochen hat Karl vor Tina einen lustigen Sketch aufgeführt.,"Vor zwei Wochen hat Tina wieder einen lustigen Sketch dargeboten, als sie auf einem Comedyfestival gewesen ist.",25,aii,bii,2,neutral,99,dargeboten,161.0,9.375,"[('Vor', 8.9375), ('zwei', 9.9375), ('Wochen', 3.9375), ('hat', 1.9453125), ('Tina', 11.875), ('wieder', 9.375), ('einen', 1.71875), ('lustigen', 6.6484375), ('Sketch', 0.341796875), ('dargeboten', 34.0), (',', 4.40625), ('als', 7.15625), ('sie', 2.484375), ('auf', 6.25), ('einem', 5.875), ('Comedyfestival', 27.4375), ('gewesen', 12.625), ('ist', 4.84375), ('.', 1.296875)]",34.0
Vorletzten Monat hat Sabine Tina eine neue Gitarrensaite besorgt.,"Vor drei Tagen hat Tina wieder eine neue Gitarrensaite erhalten, als sie mit einem Freund einkaufen war.",26,ai,bi,1,positive,100,erhalten,227.0,14.8125,"[('Vor', 12.9375), ('drei', 14.5625), ('Tagen', 15.875), ('hat', 4.0625), ('Tina', 20.875), ('wieder', 14.8125), ('eine', 4.09375), ('neue', 0.007781982421875), ('Gitarrensaite', 11.6708984375), ('erhalten', 18.25), (',', 1.59375), ('als', 8.125), ('sie', 8.875), ('mit', 11.125), ('einem', 3.65625), ('Freund', 14.25), ('einkaufen', 43.09375), ('war', 17.125), ('.', 2.21875)]",18.25
Vorletzten Monat hat Sabine Tina eine neue Gitarrensaite besorgt.,"Vor drei Tagen hat Sabine wieder eine neue Gitarrensaite erhalten, als sie mit einem Freund einkaufen war.",26,ai,bi,2,neutral,100,erhalten,222.0,13.9375,"[('Vor', 12.9375), ('drei', 14.5625), ('Tagen', 15.875), ('hat', 4.0625), ('Sabine', 0.451171875), ('wieder', 13.9375), ('eine', 7.15625), ('neue', 0.10400390625), ('Gitarrensaite', 15.384765625), ('erhalten', 18.5), (',', 1.703125), ('als', 8.625), ('sie', 9.375), ('mit', 10.5625), ('einem', 3.625), ('Freund', 19.25), ('einkaufen', 47.25), ('war', 16.0), ('.', 2.203125)]",18.5
Vorletzten Monat hat Sabine Tina eine neue Gitarrensaite besorgt.,"Vor drei Tagen hat Tina wieder eine neue Gitarrensaite gekauft, als sie mit einem Freund einkaufen war.",26,ai,bii,1,neutral,101,gekauft,240.0,14.8125,"[('Vor', 12.9375), ('drei', 14.5625), ('Tagen', 15.875), ('hat', 4.0625), ('Tina', 20.875), ('wieder', 14.8125), ('eine', 4.09375), ('neue', 0.007781982421875), ('Gitarrensaite', 11.6708984375), ('gekauft', 19.25), (',', 3.84375), ('als', 10.625), ('sie', 9.5), ('mit', 11.1875), ('einem', 4.90625), ('Freund', 16.75), ('einkaufen', 42.6875), ('war', 17.875), ('.', 4.03125)]",19.25
Vorletzten Monat hat Sabine Tina eine neue Gitarrensaite besorgt.,"Vor drei Tagen hat Sabine wieder eine neue Gitarrensaite gekauft, als sie mit einem Freund einkaufen war.",26,ai,bii,2,positive,101,gekauft,235.0,13.9375,"[('Vor', 12.9375), ('drei', 14.5625), ('Tagen', 15.875), ('hat', 4.0625), ('Sabine', 0.451171875), ('wieder', 13.9375), ('eine', 7.15625), ('neue', 0.10400390625), ('Gitarrensaite', 15.384765625), ('gekauft', 19.0), (',', 4.09375), ('als', 11.6875), ('sie', 10.25), ('mit', 10.5), ('einem', 6.78125), ('Freund', 21.375), ('einkaufen', 44.875), ('war', 17.25), ('.', 4.5)]",19.0
Vorletzten Monat hat Tina Sabine eine neue Gitarrensaite besorgt.,"Vor drei Tagen hat Tina wieder eine neue Gitarrensaite erhalten, als sie mit einem Freund einkaufen war.",26,aii,bi,1,neutral,102,erhalten,136.0,10.875,"[('Vor', 11.75), ('drei', 9.0), ('Tagen', 7.46875), ('hat', 0.0458984375), ('Tina', 0.03076171875), ('wieder', 10.875), ('eine', 1.2265625), ('neue', 0.45703125), ('Gitarrensaite', 10.0625), ('erhalten', 15.5), (',', 1.84375), ('als', 7.75), ('sie', 3.1875), ('mit', 6.1875), ('einem', 2.3125), ('Freund', 8.125), ('einkaufen', 26.75), ('war', 10.125), ('.', 3.421875)]",15.5
Vorletzten Monat hat Tina Sabine eine neue Gitarrensaite besorgt.,"Vor drei Tagen hat Sabine wieder eine neue Gitarrensaite erhalten, als sie mit einem Freund einkaufen war.",26,aii,bi,2,positive,102,erhalten,150.0,8.0,"[('Vor', 11.75), ('drei', 9.0), ('Tagen', 7.46875), ('hat', 0.0458984375), ('Sabine', 14.0), ('wieder', 8.0), ('eine', 1.359375), ('neue', 0.66796875), ('Gitarrensaite', 11.132781982421875), ('erhalten', 14.8125), (',', 1.9375), ('als', 8.1875), ('sie', 2.015625), ('mit', 5.6875), ('einem', 4.15625), ('Freund', 10.5625), ('einkaufen', 26.25), ('war', 10.0625), ('.', 3.0625)]",14.8125
Vorletzten Monat hat Tina Sabine eine neue Gitarrensaite besorgt.,"Vor drei Tagen hat Tina wieder eine neue Gitarrensaite gekauft, als sie mit einem Freund einkaufen war.",26,aii,bii,1,positive,103,gekauft,134.0,10.875,"[('Vor', 11.75), ('drei', 9.0), ('Tagen', 7.46875), ('hat', 0.0458984375), ('Tina', 0.03076171875), ('wieder', 10.875), ('eine', 1.2265625), ('neue', 0.45703125), ('Gitarrensaite', 10.0625), ('gekauft', 14.5625), (',', 3.859375), ('als', 8.3125), ('sie', 3.484375), ('mit', 5.90625), ('einem', 1.875), ('Freund', 7.4375), ('einkaufen', 22.953125), ('war', 9.875), ('.', 4.5)]",14.5625
Vorletzten Monat hat Tina Sabine eine neue Gitarrensaite besorgt.,"Vor drei Tagen hat Sabine wieder eine neue Gitarrensaite gekauft, als sie mit einem Freund einkaufen war.",26,aii,bii,2,neutral,103,gekauft,152.0,8.0,"[('Vor', 11.75), ('drei', 9.0), ('Tagen', 7.46875), ('hat', 0.0458984375), ('Sabine', 14.0), ('wieder', 8.0), ('eine', 1.359375), ('neue', 0.66796875), ('Gitarrensaite', 11.132781982421875), ('gekauft', 14.4375), (',', 4.15625), ('als', 8.5), ('sie', 2.5625), ('mit', 6.1875), ('einem', 3.921875), ('Freund', 10.3125), ('einkaufen', 22.375), ('war', 10.8125), ('.', 5.0)]",14.4375
Letzten Monat hat Sabine Thorsten ein schweres Paket gebracht.,"Vor einer Woche hat Thorsten wieder ein schweres Paket entgegengenommen, während er an eine Geburtstagsparty gedacht hat.",27,ai,bi,1,positive,104,entgegengenommen,131.0,7.5,"[('Vor', 11.5625), ('einer', 5.65625), ('Woche', 7.6875), ('hat', 1.46875), ('Thorsten', 20.0), ('wieder', 7.5), ('ein', 3.109375), ('schweres', 0.14990234375), ('Paket', 0.007781982421875), ('entgegengenommen', 23.4111328125), (',', 2.5), ('während', 4.5), ('er', 1.390625), ('an', 5.3125), ('eine', 3.40625), ('Geburtstagsparty', 23.625), ('gedacht', 6.9375), ('hat', 2.984375), ('.', 0.03076171875)]",23.4111328125
Letzten Monat hat Sabine Thorsten ein schweres Paket gebracht.,"Vor einer Woche hat Sabine wieder ein schweres Paket entgegengenommen, während sie an eine Geburtstagsparty gedacht hat.",27,ai,bi,2,neutral,104,entgegengenommen,123.0,9.625,"[('Vor', 11.5625), ('einer', 5.65625), ('Woche', 7.6875), ('hat', 1.46875), ('Sabine', 2.875), ('wieder', 9.625), ('ein', 3.28125), ('schweres', 0.0760498046875), ('Paket', -0.0), ('entgegengenommen', 22.49609375), (',', 3.3125), ('während', 5.25), ('sie', 2.5), ('an', 6.96875), ('eine', 3.296875), ('Geburtstagsparty', 25.5625), ('gedacht', 7.28125), ('hat', 3.953125), ('.', 0.03076171875)]",22.49609375
Letzten Monat hat Sabine Thorsten ein schweres Paket gebracht.,"Vor einer Woche hat Thorsten wieder ein schweres Paket abgegeben, während er an eine Geburtstagsparty gedacht hat.",27,ai,bii,1,neutral,105,abgegeben,121.5,7.5,"[('Vor', 11.5625), ('einer', 5.65625), ('Woche', 7.6875), ('hat', 1.46875), ('Thorsten', 20.0), ('wieder', 7.5), ('ein', 3.109375), ('schweres', 0.14990234375), ('Paket', 0.007781982421875), ('abgegeben', 14.4375), (',', 6.0), ('während', 4.6875), ('er', 1.75), ('an', 5.5), ('eine', 3.5625), ('Geburtstagsparty', 18.421875), ('gedacht', 7.21875), ('hat', 2.90625), ('.', 0.0458984375)]",14.4375
Letzten Monat hat Sabine Thorsten ein schweres Paket gebracht.,"Vor einer Woche hat Sabine wieder ein schweres Paket abgegeben, während sie an eine Geburtstagsparty gedacht hat.",27,ai,bii,2,positive,105,abgegeben,113.5,9.625,"[('Vor', 11.5625), ('einer', 5.65625), ('Woche', 7.6875), ('hat', 1.46875), ('Sabine', 2.875), ('wieder', 9.625), ('ein', 3.28125), ('schweres', 0.0760498046875), ('Paket', -0.0), ('abgegeben', 20.1875), (',', 6.5), ('während', 5.78125), ('sie', 1.84375), ('an', 6.78125), ('eine', 3.25), ('Geburtstagsparty', 17.1171875), ('gedacht', 6.21875), ('hat', 3.703125), ('.', 0.0155029296875)]",20.1875
Letzten Monat hat Thorsten Sabine ein schweres Paket gebracht.,"Vor einer Woche hat Thorsten wieder ein schweres Paket entgegengenommen, während er an eine Geburtstagsparty gedacht hat.",27,aii,bi,1,neutral,106,entgegengenommen,190.0,13.3125,"[('Vor', 11.375), ('einer', 12.5), ('Woche', 5.4375), ('hat', 8.25), ('Thorsten', 6.875), ('wieder', 13.3125), ('ein', 1.390625), ('schweres', 0.11767578125), ('Paket', -0.0), ('entgegengenommen', 38.1484375), (',', 3.1875), ('während', 8.5625), ('er', 3.03125), ('an', 9.125), ('eine', 5.8125), ('Geburtstagsparty', 46.375), ('gedacht', 13.5), ('hat', 2.421875), ('.', 0.62890625)]",38.1484375
Letzten Monat hat Thorsten Sabine ein schweres Paket gebracht.,"Vor einer Woche hat Sabine wieder ein schweres Paket entgegengenommen, während sie an eine Geburtstagsparty gedacht hat.",27,aii,bi,2,positive,106,entgegengenommen,191.0,9.9375,"[('Vor', 11.375), ('einer', 12.5), ('Woche', 5.4375), ('hat', 8.25), ('Sabine', 13.625), ('wieder', 9.9375), ('ein', 3.421875), ('schweres', 0.22265625), ('Paket', -0.0), ('entgegengenommen', 38.65625), (',', 2.9375), ('während', 7.90625), ('sie', 1.2578125), ('an', 9.9375), ('eine', 3.546875), ('Geburtstagsparty', 44.0625), ('gedacht', 13.0625), ('hat', 4.65625), ('.', 0.12451171875)]",38.65625
Letzten Monat hat Thorsten Sabine ein schweres Paket gebracht.,"Vor einer Woche hat Thorsten wieder ein schweres Paket abgegeben, während er an eine Geburtstagsparty gedacht hat.",27,aii,bii,1,positive,107,abgegeben,169.0,13.3125,"[('Vor', 11.375), ('einer', 12.5), ('Woche', 5.4375), ('hat', 8.25), ('Thorsten', 6.875), ('wieder', 13.3125), ('ein', 1.390625), ('schweres', 0.11767578125), ('Paket', -0.0), ('abgegeben', 16.03125), (',', 7.0), ('während', 9.6875), ('er', 3.375), ('an', 9.75), ('eine', 5.78125), ('Geburtstagsparty', 43.3125), ('gedacht', 12.75), ('hat', 1.8828125), ('.', 0.54296875)]",16.03125
Letzten Monat hat Thorsten Sabine ein schweres Paket gebracht.,"Vor einer Woche hat Sabine wieder ein schweres Paket abgegeben, während sie an eine Geburtstagsparty gedacht hat.",27,aii,bii,2,neutral,107,abgegeben,188.0,9.9375,"[('Vor', 11.375), ('einer', 12.5), ('Woche', 5.4375), ('hat', 8.25), ('Sabine', 13.625), ('wieder', 9.9375), ('ein', 3.421875), ('schweres', 0.22265625), ('Paket', -0.0), ('abgegeben', 19.3125), (',', 6.625), ('während', 10.0625), ('sie', 1.46875), ('an', 9.4375), ('eine', 8.375), ('Geburtstagsparty', 46.875), ('gedacht', 15.0625), ('hat', 5.59375), ('.', 0.1982421875)]",19.3125
Letztes Jahr hat Sabine Karl einen guten Wein per Post geschickt.,"Vor zwei Monaten hat Karl wieder einen guten Wein empfangen, weil er bei einem Weinhändler eingekauft hat.",28,ai,bi,1,positive,108,empfangen,163.0,8.0625,"[('Vor', 13.75), ('zwei', 13.25), ('Monaten', 28.375), ('hat', 2.78125), ('Karl', 15.5), ('wieder', 8.0625), ('einen', 4.03125), ('guten', -0.0), ('Wein', -0.0), ('empfangen', 20.62451171875), (',', 2.3125), ('weil', 2.6875), ('er', 1.921875), ('bei', 7.96875), ('einem', 6.15625), ('Weinhändler', 16.3271484375), ('eingekauft', 18.5), ('hat', 0.27734375), ('.', 0.06787109375)]",20.62451171875
Letztes Jahr hat Sabine Karl einen guten Wein per Post geschickt.,"Vor zwei Monaten hat Sabine wieder einen guten Wein empfangen, weil sie bei einem Weinhändler eingekauft hat.",28,ai,bi,2,neutral,108,empfangen,147.0,9.375,"[('Vor', 13.75), ('zwei', 13.25), ('Monaten', 28.375), ('hat', 2.78125), ('Sabine', 3.96875), ('wieder', 9.375), ('einen', 4.21875), ('guten', -0.0), ('Wein', -0.0), ('empfangen', 21.15234375), (',', 2.5), ('weil', 7.125), ('sie', 0.1650390625), ('bei', 5.75), ('einem', 2.84375), ('Weinhändler', 18.00390625), ('eingekauft', 13.625), ('hat', 0.22265625), ('.', 0.08984375)]",21.15234375
Letztes Jahr hat Sabine Karl einen guten Wein per Post geschickt.,"Vor zwei Monaten hat Karl wieder einen guten Wein versendet, weil er bei einem Weinhändler eingekauft hat.",28,ai,bii,1,neutral,109,versendet,211.0,8.0625,"[('Vor', 13.75), ('zwei', 13.25), ('Monaten', 28.375), ('hat', 2.78125), ('Karl', 15.5), ('wieder', 8.0625), ('einen', 4.03125), ('guten', -0.0), ('Wein', -0.0), ('versendet', 22.8125), (',', 5.0), ('weil', 3.84375), ('er', 4.03125), ('bei', 5.875), ('einem', 7.0), ('Weinhändler', 45.75), ('eingekauft', 29.84375), ('hat', 0.6796875), ('.', 0.6015625)]",22.8125
Letztes Jahr hat Sabine Karl einen guten Wein per Post geschickt.,"Vor zwei Monaten hat Sabine wieder einen guten Wein versendet, weil sie bei einem Weinhändler eingekauft hat.",28,ai,bii,2,positive,109,versendet,206.0,9.375,"[('Vor', 13.75), ('zwei', 13.25), ('Monaten', 28.375), ('hat', 2.78125), ('Sabine', 3.96875), ('wieder', 9.375), ('einen', 4.21875), ('guten', -0.0), ('Wein', -0.0), ('versendet', 20.46875), (',', 5.875), ('weil', 4.15625), ('sie', 2.65625), ('bei', 6.5625), ('einem', 4.59375), ('Weinhändler', 48.0), ('eingekauft', 34.4375), ('hat', 2.046875), ('.', 1.265625)]",20.46875
Letztes Jahr hat Karl Sabine einen guten Wein per Post geschickt.,"Vor zwei Monaten hat Karl wieder einen guten Wein empfangen, weil er bei einem Weinhändler eingekauft hat.",28,aii,bi,1,neutral,110,empfangen,142.0,9.75,"[('Vor', 13.625), ('zwei', 13.75), ('Monaten', 23.125), ('hat', 0.57421875), ('Karl', 0.0458984375), ('wieder', 9.75), ('einen', 3.203125), ('guten', -0.0), ('Wein', 0.0458984375), ('empfangen', 21.53125), (',', 1.890625), ('weil', 3.53125), ('er', 3.65625), ('bei', 8.125), ('einem', 6.65625), ('Weinhändler', 19.9140625), ('eingekauft', 12.1015625), ('hat', 0.138671875), ('.', 0.08251953125)]",21.53125
Letztes Jahr hat Karl Sabine einen guten Wein per Post geschickt.,"Vor zwei Monaten hat Sabine wieder einen guten Wein empfangen, weil sie bei einem Weinhändler eingekauft hat.",28,aii,bi,2,positive,110,empfangen,171.0,10.6875,"[('Vor', 13.625), ('zwei', 13.75), ('Monaten', 23.125), ('hat', 0.57421875), ('Sabine', 18.625), ('wieder', 10.6875), ('einen', 5.125), ('guten', -0.0), ('Wein', -0.0), ('empfangen', 20.45751953125), (',', 1.90625), ('weil', 4.53125), ('sie', 5.75), ('bei', 10.0625), ('einem', 6.65625), ('Weinhändler', 22.09375), ('eingekauft', 13.85546875), ('hat', 0.11767578125), ('.', 0.038330078125)]",20.45751953125
Letztes Jahr hat Karl Sabine einen guten Wein per Post geschickt.,"Vor zwei Monaten hat Karl wieder einen guten Wein versendet, weil er bei einem Weinhändler eingekauft hat.",28,aii,bii,1,positive,111,versendet,196.0,9.75,"[('Vor', 13.625), ('zwei', 13.75), ('Monaten', 23.125), ('hat', 0.57421875), ('Karl', 0.0458984375), ('wieder', 9.75), ('einen', 3.203125), ('guten', -0.0), ('Wein', 0.0458984375), ('versendet', 23.5625), (',', 6.125), ('weil', 2.921875), ('er', 5.375), ('bei', 6.5625), ('einem', 6.875), ('Weinhändler', 45.4375), ('eingekauft', 31.25), ('hat', 0.0155029296875), ('.', 3.46875)]",23.5625
Letztes Jahr hat Karl Sabine einen guten Wein per Post geschickt.,"Vor zwei Monaten hat Sabine wieder einen guten Wein versendet, weil sie bei einem Weinhändler eingekauft hat.",28,aii,bii,2,neutral,111,versendet,227.0,10.6875,"[('Vor', 13.625), ('zwei', 13.75), ('Monaten', 23.125), ('hat', 0.57421875), ('Sabine', 18.625), ('wieder', 10.6875), ('einen', 5.125), ('guten', -0.0), ('Wein', -0.0), ('versendet', 23.3125), (',', 5.75), ('weil', 2.5), ('sie', 4.625), ('bei', 7.46875), ('einem', 6.9375), ('Weinhändler', 52.5), ('eingekauft', 34.3125), ('hat', 1.25), ('.', 2.40625)]",23.3125
Vergangene Woche hat Sabine Judith eine knusprige Brezel vom Bäcker mitgebracht.,"Vor zwei Tagen hat Judith wieder eine knusprige Brezel bekommen, als sie auf einer Lebensmittelmesse unterwegs war.",29,ai,bi,1,positive,112,bekommen,174.0,11.25,"[('Vor', 13.125), ('zwei', 12.0), ('Tagen', 10.25), ('hat', 6.3125), ('Judith', 17.625), ('wieder', 11.25), ('eine', 4.21875), ('knusprige', 0.007781982421875), ('Brezel', 0.007781982421875), ('bekommen', 19.875), (',', 0.216796875), ('als', 8.6875), ('sie', 2.1875), ('auf', 13.3125), ('einer', 5.1875), ('Lebensmittelmesse', 32.8125), ('unterwegs', 14.8125), ('war', 0.2294921875), ('.', 1.6015625)]",19.875
Vergangene Woche hat Sabine Judith eine knusprige Brezel vom Bäcker mitgebracht.,"Vor zwei Tagen hat Sabine wieder eine knusprige Brezel bekommen, als sie auf einer Lebensmittelmesse unterwegs war.",29,ai,bi,2,neutral,112,bekommen,160.0,11.6875,"[('Vor', 13.125), ('zwei', 12.0), ('Tagen', 10.25), ('hat', 6.3125), ('Sabine', 0.007781982421875), ('wieder', 11.6875), ('eine', 4.6875), ('knusprige', -0.0), ('Brezel', 0.007781982421875), ('bekommen', 20.625), (',', 0.1650390625), ('als', 8.25), ('sie', 2.875), ('auf', 13.25), ('einer', 5.625), ('Lebensmittelmesse', 34.0625), ('unterwegs', 16.125), ('war', 0.431640625), ('.', 0.5234375)]",20.625
Vergangene Woche hat Sabine Judith eine knusprige Brezel vom Bäcker mitgebracht.,"Vor zwei Tagen hat Judith wieder eine knusprige Brezel besorgt, als sie auf einer Lebensmittelmesse unterwegs war.",29,ai,bii,1,neutral,113,besorgt,194.0,11.25,"[('Vor', 13.125), ('zwei', 12.0), ('Tagen', 10.25), ('hat', 6.3125), ('Judith', 17.625), ('wieder', 11.25), ('eine', 4.21875), ('knusprige', 0.007781982421875), ('Brezel', 0.007781982421875), ('besorgt', 28.8125), (',', 0.42578125), ('als', 10.0625), ('sie', 3.03125), ('auf', 15.125), ('einer', 8.5625), ('Lebensmittelmesse', 33.8125), ('unterwegs', 15.625), ('war', 0.038330078125), ('.', 3.28125)]",28.8125
Vergangene Woche hat Sabine Judith eine knusprige Brezel vom Bäcker mitgebracht.,"Vor zwei Tagen hat Sabine wieder eine knusprige Brezel besorgt, als sie auf einer Lebensmittelmesse unterwegs war.",29,ai,bii,2,positive,113,besorgt,180.0,11.6875,"[('Vor', 13.125), ('zwei', 12.0), ('Tagen', 10.25), ('hat', 6.3125), ('Sabine', 0.007781982421875), ('wieder', 11.6875), ('eine', 4.6875), ('knusprige', -0.0), ('Brezel', 0.007781982421875), ('besorgt', 28.53125), (',', 0.22265625), ('als', 10.375), ('sie', 3.875), ('auf', 15.125), ('einer', 9.5625), ('Lebensmittelmesse', 34.4375), ('unterwegs', 16.375), ('war', 0.05322265625), ('.', 3.40625)]",28.53125
Vergangene Woche hat Judith Sabine eine knusprige Brezel vom Bäcker mitgebracht.,"Vor zwei Tagen hat Judith wieder eine knusprige Brezel bekommen, als sie auf einer Lebensmittelmesse unterwegs war.",29,aii,bi,1,neutral,114,bekommen,138.0,11.4375,"[('Vor', 10.0), ('zwei', 7.3125), ('Tagen', 3.0625), ('hat', 2.78125), ('Judith', 0.72265625), ('wieder', 11.4375), ('eine', 6.09375), ('knusprige', 0.0966796875), ('Brezel', 0.0155029296875), ('bekommen', 14.9375), (',', 2.15625), ('als', 7.5), ('sie', 0.6484375), ('auf', 7.6875), ('einer', 12.625), ('Lebensmittelmesse', 36.75), ('unterwegs', 13.875), ('war', 0.05322265625), ('.', 0.55859375)]",14.9375
Vergangene Woche hat Judith Sabine eine knusprige Brezel vom Bäcker mitgebracht.,"Vor zwei Tagen hat Sabine wieder eine knusprige Brezel bekommen, als sie auf einer Lebensmittelmesse unterwegs war.",29,aii,bi,2,positive,114,bekommen,148.0,11.9375,"[('Vor', 10.0), ('zwei', 7.3125), ('Tagen', 3.0625), ('hat', 2.78125), ('Sabine', 7.21875), ('wieder', 11.9375), ('eine', 5.125), ('knusprige', 0.05322265625), ('Brezel', 0.0155029296875), ('bekommen', 16.75), (',', 3.65625), ('als', 7.5), ('sie', 0.2890625), ('auf', 7.25), ('einer', 14.0625), ('Lebensmittelmesse', 35.75), ('unterwegs', 14.625), ('war', 0.05322265625), ('.', 0.39453125)]",16.75
Vergangene Woche hat Judith Sabine eine knusprige Brezel vom Bäcker mitgebracht.,"Vor zwei Tagen hat Judith wieder eine knusprige Brezel besorgt, als sie auf einer Lebensmittelmesse unterwegs war.",29,aii,bii,1,positive,115,besorgt,149.0,11.4375,"[('Vor', 10.0), ('zwei', 7.3125), ('Tagen', 3.0625), ('hat', 2.78125), ('Judith', 0.72265625), ('wieder', 11.4375), ('eine', 6.09375), ('knusprige', 0.0966796875), ('Brezel', 0.0155029296875), ('besorgt', 19.75), (',', 1.5703125), ('als', 8.0), ('sie', 1.046875), ('auf', 8.1875), ('einer', 13.8125), ('Lebensmittelmesse', 39.0), ('unterwegs', 15.0625), ('war', 0.007781982421875), ('.', 1.40625)]",19.75
Vergangene Woche hat Judith Sabine eine knusprige Brezel vom Bäcker mitgebracht.,"Vor zwei Tagen hat Sabine wieder eine knusprige Brezel besorgt, als sie auf einer Lebensmittelmesse unterwegs war.",29,aii,bii,2,neutral,115,besorgt,158.0,11.9375,"[('Vor', 10.0), ('zwei', 7.3125), ('Tagen', 3.0625), ('hat', 2.78125), ('Sabine', 7.21875), ('wieder', 11.9375), ('eine', 5.125), ('knusprige', 0.05322265625), ('Brezel', 0.0155029296875), ('besorgt', 22.25), (',', 1.5703125), ('als', 7.9375), ('sie', 0.69921875), ('auf', 7.625), ('einer', 13.375), ('Lebensmittelmesse', 40.9375), ('unterwegs', 14.875), ('war', 0.007781982421875), ('.', 1.703125)]",22.25
Vor zwei Wochen hat Sabine Linda angelogen.,"Vor vier Tagen hat Linda wieder eine gemeine Lüge gehört, als sie an einem Streit beteiligt war.",30,ai,bi,1,positive,116,gehört,197.0,12.5625,"[('Vor', 11.0625), ('vier', 15.0), ('Tagen', 9.6875), ('hat', 6.8125), ('Linda', 12.25), ('wieder', 12.5625), ('eine', 7.84375), ('gemeine', 19.75), ('Lüge', 22.875), ('gehört', 9.625), (',', 0.69140625), ('als', 8.125), ('sie', 5.40625), ('an', 14.4375), ('einem', 7.65625), ('Streit', 17.25), ('beteiligt', 4.03125), ('war', 6.25), ('.', 6.0)]",9.625
Vor zwei Wochen hat Sabine Linda angelogen.,"Vor vier Tagen hat Sabine wieder eine gemeine Lüge gehört, als sie an einem Streit beteiligt war.",30,ai,bi,2,neutral,116,gehört,182.0,9.75,"[('Vor', 11.0625), ('vier', 15.0), ('Tagen', 9.6875), ('hat', 6.8125), ('Sabine', 0.0155029296875), ('wieder', 9.75), ('eine', 6.1875), ('gemeine', 17.90625), ('Lüge', 24.73046875), ('gehört', 9.3125), (',', 0.76171875), ('als', 7.6875), ('sie', 6.25), ('an', 13.6875), ('einem', 8.5625), ('Streit', 19.0), ('beteiligt', 5.9375), ('war', 4.625), ('.', 4.625)]",9.3125
Vor zwei Wochen hat Sabine Linda angelogen.,"Vor vier Tagen hat Linda wieder eine gemeine Lüge erzählt, als sie an einem Streit beteiligt war.",30,ai,bii,1,neutral,117,erzählt,196.0,12.5625,"[('Vor', 11.0625), ('vier', 15.0), ('Tagen', 9.6875), ('hat', 6.8125), ('Linda', 12.25), ('wieder', 12.5625), ('eine', 7.84375), ('gemeine', 19.75), ('Lüge', 22.875), ('erzählt', 9.5), (',', 0.609375), ('als', 9.4375), ('sie', 4.5), ('an', 14.75), ('einem', 8.3125), ('Streit', 16.25), ('beteiligt', 5.0), ('war', 6.375), ('.', 3.28125)]",9.5
Vor zwei Wochen hat Sabine Linda angelogen.,"Vor vier Tagen hat Sabine wieder eine gemeine Lüge erzählt, als sie an einem Streit beteiligt war.",30,ai,bii,2,positive,117,erzählt,181.0,9.75,"[('Vor', 11.0625), ('vier', 15.0), ('Tagen', 9.6875), ('hat', 6.8125), ('Sabine', 0.0155029296875), ('wieder', 9.75), ('eine', 6.1875), ('gemeine', 17.90625), ('Lüge', 24.73046875), ('erzählt', 8.875), (',', 1.234375), ('als', 8.5625), ('sie', 5.40625), ('an', 14.1875), ('einem', 8.25), ('Streit', 19.25), ('beteiligt', 6.4375), ('war', 3.90625), ('.', 3.40625)]",8.875
Vor zwei Wochen hat Linda Sabine angelogen.,"Vor vier Tagen hat Linda wieder eine gemeine Lüge gehört, als sie an einem Streit beteiligt war.",30,aii,bi,1,neutral,118,gehört,191.0,20.75,"[('Vor', 13.0), ('vier', 16.75), ('Tagen', 12.375), ('hat', 7.0625), ('Linda', 0.22265625), ('wieder', 20.75), ('eine', 7.0625), ('gemeine', 18.5625), ('Lüge', 23.921875), ('gehört', 10.4375), (',', 0.81640625), ('als', 7.5), ('sie', 4.8125), ('an', 12.375), ('einem', 8.125), ('Streit', 18.0), ('beteiligt', 1.6484375), ('war', 4.28125), ('.', 3.40625)]",10.4375
Vor zwei Wochen hat Linda Sabine angelogen.,"Vor vier Tagen hat Sabine wieder eine gemeine Lüge gehört, als sie an einem Streit beteiligt war.",30,aii,bi,2,positive,118,gehört,191.0,12.8125,"[('Vor', 13.0), ('vier', 16.75), ('Tagen', 12.375), ('hat', 7.0625), ('Sabine', 3.21875), ('wieder', 12.8125), ('eine', 5.71875), ('gemeine', 17.03125), ('Lüge', 24.748046875), ('gehört', 9.5), (',', 0.72265625), ('als', 7.25), ('sie', 5.28125), ('an', 13.75), ('einem', 11.5625), ('Streit', 19.5), ('beteiligt', 1.5859375), ('war', 5.375), ('.', 3.296875)]",9.5
Vor zwei Wochen hat Linda Sabine angelogen.,"Vor vier Tagen hat Linda wieder eine gemeine Lüge erzählt, als sie an einem Streit beteiligt war.",30,aii,bii,1,positive,119,erzählt,190.0,20.75,"[('Vor', 13.0), ('vier', 16.75), ('Tagen', 12.375), ('hat', 7.0625), ('Linda', 0.22265625), ('wieder', 20.75), ('eine', 7.0625), ('gemeine', 18.5625), ('Lüge', 23.921875), ('erzählt', 10.375), (',', 1.0078125), ('als', 8.375), ('sie', 3.953125), ('an', 12.625), ('einem', 7.28125), ('Streit', 17.5), ('beteiligt', 3.34375), ('war', 2.671875), ('.', 2.703125)]",10.375
Vor zwei Wochen hat Linda Sabine angelogen.,"Vor vier Tagen hat Sabine wieder eine gemeine Lüge erzählt, als sie an einem Streit beteiligt war.",30,aii,bii,2,neutral,119,erzählt,188.0,12.8125,"[('Vor', 13.0), ('vier', 16.75), ('Tagen', 12.375), ('hat', 7.0625), ('Sabine', 3.21875), ('wieder', 12.8125), ('eine', 5.71875), ('gemeine', 17.03125), ('Lüge', 24.748046875), ('erzählt', 9.5625), (',', 1.15625), ('als', 9.0625), ('sie', 3.546875), ('an', 14.0625), ('einem', 9.6875), ('Streit', 18.375), ('beteiligt', 3.3125), ('war', 4.03125), ('.', 2.9375)]",9.5625
Vor drei Wochen hat Timo Judith massiert.,"Vor vier Tagen hat Judith wieder eine wohltuende Massage bekommen, während sie mit einer Freundin gelernt hat.",31,ai,bi,1,positive,120,bekommen,242.0,14.875,"[('Vor', 14.625), ('vier', 16.75), ('Tagen', 9.625), ('hat', 5.15625), ('Judith', 20.375), ('wieder', 14.875), ('eine', 7.59375), ('wohltuende', 47.0625), ('Massage', 11.375), ('bekommen', 12.8125), (',', 2.0625), ('während', 7.59375), ('sie', 8.0625), ('mit', 11.25), ('einer', 4.46875), ('Freundin', 13.62109375), ('gelernt', 25.0625), ('hat', 7.5625), ('.', 2.375)]",12.8125
Vor drei Wochen hat Timo Judith massiert.,"Vor vier Tagen hat Timo wieder eine wohltuende Massage bekommen, während er mit einer Freundin gelernt hat.",31,ai,bi,2,neutral,120,bekommen,218.0,18.875,"[('Vor', 14.625), ('vier', 16.75), ('Tagen', 9.625), ('hat', 5.15625), ('Timo', -0.0), ('wieder', 18.875), ('eine', 6.5), ('wohltuende', 48.8125), ('Massage', 12.4375), ('bekommen', 11.375), (',', 2.34375), ('während', 8.875), ('er', 5.09375), ('mit', 10.125), ('einer', 4.5625), ('Freundin', 15.4375), ('gelernt', 22.625), ('hat', 0.8046875), ('.', 3.703125)]",11.375
Vor drei Wochen hat Timo Judith massiert.,"Vor vier Tagen hat Judith wieder eine wohltuende Massage gegeben, während sie mit einer Freundin gelernt hat.",31,ai,bii,1,neutral,121,gegeben,238.0,14.875,"[('Vor', 14.625), ('vier', 16.75), ('Tagen', 9.625), ('hat', 5.15625), ('Judith', 20.375), ('wieder', 14.875), ('eine', 7.59375), ('wohltuende', 47.0625), ('Massage', 11.375), ('gegeben', 9.4375), (',', 3.0), ('während', 8.0625), ('sie', 8.4375), ('mit', 9.1875), ('einer', 5.21875), ('Freundin', 13.8359375), ('gelernt', 24.9375), ('hat', 4.96875), ('.', 3.78125)]",9.4375
Vor drei Wochen hat Timo Judith massiert.,"Vor vier Tagen hat Timo wieder eine wohltuende Massage gegeben, während er mit einer Freundin gelernt hat.",31,ai,bii,2,positive,121,gegeben,213.0,18.875,"[('Vor', 14.625), ('vier', 16.75), ('Tagen', 9.625), ('hat', 5.15625), ('Timo', -0.0), ('wieder', 18.875), ('eine', 6.5), ('wohltuende', 48.8125), ('Massage', 12.4375), ('gegeben', 7.9375), (',', 1.703125), ('während', 9.0), ('er', 5.3125), ('mit', 9.375), ('einer', 4.625), ('Freundin', 16.3125), ('gelernt', 21.0), ('hat', 0.486328125), ('.', 4.625)]",7.9375
Vor drei Wochen hat Judith Timo massiert.,"Vor vier Tagen hat Judith wieder eine wohltuende Massage bekommen, während sie mit einer Freundin gelernt hat.",31,aii,bi,1,neutral,122,bekommen,226.0,20.75,"[('Vor', 16.5), ('vier', 18.375), ('Tagen', 12.25), ('hat', 4.0625), ('Judith', 0.007781982421875), ('wieder', 20.75), ('eine', 5.875), ('wohltuende', 43.4375), ('Massage', 13.625), ('bekommen', 11.625), (',', 1.921875), ('während', 9.0625), ('sie', 6.75), ('mit', 10.8125), ('einer', 6.5625), ('Freundin', 12.4765625), ('gelernt', 22.75), ('hat', 6.8125), ('.', 2.59375)]",11.625
Vor drei Wochen hat Judith Timo massiert.,"Vor vier Tagen hat Timo wieder eine wohltuende Massage bekommen, während er mit einer Freundin gelernt hat.",31,aii,bi,2,positive,122,bekommen,225.0,14.25,"[('Vor', 16.5), ('vier', 18.375), ('Tagen', 12.25), ('hat', 4.0625), ('Timo', 13.4375), ('wieder', 14.25), ('eine', 6.5625), ('wohltuende', 48.375), ('Massage', 14.1875), ('bekommen', 11.5625), (',', 1.65625), ('während', 9.875), ('er', 4.0625), ('mit', 10.0), ('einer', 7.9375), ('Freundin', 13.05859375), ('gelernt', 12.71875), ('hat', 0.83203125), ('.', 4.84375)]",11.5625
Vor drei Wochen hat Judith Timo massiert.,"Vor vier Tagen hat Judith wieder eine wohltuende Massage gegeben, während sie mit einer Freundin gelernt hat.",31,aii,bii,1,positive,123,gegeben,222.0,20.75,"[('Vor', 16.5), ('vier', 18.375), ('Tagen', 12.25), ('hat', 4.0625), ('Judith', 0.007781982421875), ('wieder', 20.75), ('eine', 5.875), ('wohltuende', 43.4375), ('Massage', 13.625), ('gegeben', 8.625), (',', 1.9375), ('während', 9.375), ('sie', 6.6875), ('mit', 9.5), ('einer', 5.71875), ('Freundin', 11.98828125), ('gelernt', 23.75), ('hat', 5.53125), ('.', 3.671875)]",8.625
Vor drei Wochen hat Judith Timo massiert.,"Vor vier Tagen hat Timo wieder eine wohltuende Massage gegeben, während er mit einer Freundin gelernt hat.",31,aii,bii,2,neutral,123,gegeben,219.0,14.25,"[('Vor', 16.5), ('vier', 18.375), ('Tagen', 12.25), ('hat', 4.0625), ('Timo', 13.4375), ('wieder', 14.25), ('eine', 6.5625), ('wohltuende', 48.375), ('Massage', 14.1875), ('gegeben', 7.4375), (',', 1.484375), ('während', 9.375), ('er', 4.4375), ('mit', 10.125), ('einer', 6.0), ('Freundin', 12.865234375), ('gelernt', 13.4375), ('hat', 0.4453125), ('.', 5.03125)]",7.4375
Vor drei Monaten hat Timo Linda ein weißes Bücherregal gebaut.,"Vor zwei Wochen hat Linda wieder ein weißes Bücherregal geschreinert, weil sie in eine WG gezogen ist.",32,ai,bi,1,neutral,124,geschreinert,220.0,10.8125,"[('Vor', 15.9375), ('zwei', 13.0), ('Wochen', 10.6875), ('hat', 3.546875), ('Linda', 19.75), ('wieder', 10.8125), ('ein', 3.015625), ('weißes', 9.125), ('Bücherregal', 0.046112060546875), ('geschreinert', 42.125), (',', 6.25), ('weil', 6.9375), ('sie', 7.625), ('in', 10.375), ('eine', 7.1875), ('WG', 24.875), ('gezogen', 15.0625), ('ist', 13.25), ('.', 0.52734375)]",42.125
Vor drei Monaten hat Timo Linda ein weißes Bücherregal gebaut.,"Vor zwei Wochen hat Timo wieder ein weißes Bücherregal geschreinert, weil er in eine WG gezogen ist.",32,ai,bi,2,positive,124,geschreinert,183.0,9.5625,"[('Vor', 15.9375), ('zwei', 13.0), ('Wochen', 10.6875), ('hat', 3.546875), ('Timo', -0.0), ('wieder', 9.5625), ('ein', 0.953125), ('weißes', 8.1875), ('Bücherregal', 1.0771484375), ('geschreinert', 38.9375), (',', 4.75), ('weil', 4.46875), ('er', 4.375), ('in', 7.28125), ('eine', 9.6875), ('WG', 24.375), ('gezogen', 14.625), ('ist', 11.0), ('.', 0.69921875)]",38.9375
Vor drei Monaten hat Timo Linda ein weißes Bücherregal gebaut.,"Vor zwei Wochen hat Linda wieder ein weißes Bücherregal erhalten, weil sie in eine WG gezogen ist.",32,ai,bii,1,positive,125,erhalten,183.0,10.8125,"[('Vor', 15.9375), ('zwei', 13.0), ('Wochen', 10.6875), ('hat', 3.546875), ('Linda', 19.75), ('wieder', 10.8125), ('ein', 3.015625), ('weißes', 9.125), ('Bücherregal', 0.046112060546875), ('erhalten', 18.625), (',', 5.875), ('weil', 5.53125), ('sie', 5.25), ('in', 7.96875), ('eine', 5.9375), ('WG', 21.25), ('gezogen', 14.0625), ('ist', 11.4375), ('.', 1.40625)]",18.625
Vor drei Monaten hat Timo Linda ein weißes Bücherregal gebaut.,"Vor zwei Wochen hat Timo wieder ein weißes Bücherregal erhalten, weil er in eine WG gezogen ist.",32,ai,bii,2,neutral,125,erhalten,149.0,9.5625,"[('Vor', 15.9375), ('zwei', 13.0), ('Wochen', 10.6875), ('hat', 3.546875), ('Timo', -0.0), ('wieder', 9.5625), ('ein', 0.953125), ('weißes', 8.1875), ('Bücherregal', 1.0771484375), ('erhalten', 18.375), (',', 5.5), ('weil', 3.4375), ('er', 2.140625), ('in', 5.59375), ('eine', 7.6875), ('WG', 19.75), ('gezogen', 15.9375), ('ist', 7.34375), ('.', 0.58203125)]",18.375
Vor drei Monaten hat Linda Timo ein weißes Bücherregal gebaut.,"Vor zwei Wochen hat Linda wieder ein weißes Bücherregal geschreinert, weil sie in eine WG gezogen ist.",32,aii,bi,1,positive,126,geschreinert,203.0,15.625,"[('Vor', 15.25), ('zwei', 15.1875), ('Wochen', 12.5625), ('hat', 3.140625), ('Linda', 0.007781982421875), ('wieder', 15.625), ('ein', 0.578125), ('weißes', 7.125), ('Bücherregal', 0.7537841796875), ('geschreinert', 44.5), (',', 5.125), ('weil', 4.65625), ('sie', 8.375), ('in', 8.3125), ('eine', 6.6875), ('WG', 23.625), ('gezogen', 15.625), ('ist', 13.875), ('.', 1.5)]",44.5
Vor drei Monaten hat Linda Timo ein weißes Bücherregal gebaut.,"Vor zwei Wochen hat Timo wieder ein weißes Bücherregal geschreinert, weil er in eine WG gezogen ist.",32,aii,bi,2,neutral,126,geschreinert,167.0,11.5625,"[('Vor', 15.25), ('zwei', 15.1875), ('Wochen', 12.5625), ('hat', 3.140625), ('Timo', 16.0), ('wieder', 11.5625), ('ein', 0.8828125), ('weißes', 5.75), ('Bücherregal', 7.113250732421875), ('geschreinert', 35.25), (',', 3.5), ('weil', 4.125), ('er', 1.6015625), ('in', 4.84375), ('eine', 5.875), ('WG', 15.25), ('gezogen', 6.0), ('ist', 3.03125), ('.', 0.32421875)]",35.25
Vor drei Monaten hat Linda Timo ein weißes Bücherregal gebaut.,"Vor zwei Wochen hat Linda wieder ein weißes Bücherregal erhalten, weil sie in eine WG gezogen ist.",32,aii,bii,1,neutral,127,erhalten,165.0,15.625,"[('Vor', 15.25), ('zwei', 15.1875), ('Wochen', 12.5625), ('hat', 3.140625), ('Linda', 0.007781982421875), ('wieder', 15.625), ('ein', 0.578125), ('weißes', 7.125), ('Bücherregal', 0.7537841796875), ('erhalten', 18.25), (',', 5.625), ('weil', 3.96875), ('sie', 5.25), ('in', 6.375), ('eine', 5.9375), ('WG', 20.5), ('gezogen', 14.75), ('ist', 12.25), ('.', 2.015625)]",18.25
Vor drei Monaten hat Linda Timo ein weißes Bücherregal gebaut.,"Vor zwei Wochen hat Timo wieder ein weißes Bücherregal erhalten, weil er in eine WG gezogen ist.",32,aii,bii,2,positive,127,erhalten,150.0,11.5625,"[('Vor', 15.25), ('zwei', 15.1875), ('Wochen', 12.5625), ('hat', 3.140625), ('Timo', 16.0), ('wieder', 11.5625), ('ein', 0.8828125), ('weißes', 5.75), ('Bücherregal', 7.113250732421875), ('erhalten', 20.5), (',', 5.25), ('weil', 4.4375), ('er', 1.515625), ('in', 4.5), ('eine', 6.46875), ('WG', 14.1875), ('gezogen', 2.125), ('ist', 2.8125), ('.', 0.45703125)]",20.5
Letzten Monat hat Timo Greta ein peinliches Geheimnis verraten.,"Vor drei Tagen hat Greta wieder ein peinliches Geheimnis erfahren, als sie an einem Klassentreffen teilgenommen hat.",33,ai,bi,1,positive,128,erfahren,158.0,8.875,"[('Vor', 11.75), ('drei', 10.25), ('Tagen', 17.375), ('hat', 7.21875), ('Greta', 14.375), ('wieder', 8.875), ('ein', 3.09375), ('peinliches', 8.0155029296875), ('Geheimnis', -0.0), ('erfahren', 10.5), (',', 1.8515625), ('als', 8.625), ('sie', 2.6875), ('an', 9.3125), ('einem', 5.34375), ('Klassentreffen', 31.84375), ('teilgenommen', 4.4375), ('hat', 0.08251953125), ('.', 2.09375)]",10.5
Letzten Monat hat Timo Greta ein peinliches Geheimnis verraten.,"Vor drei Tagen hat Timo wieder ein peinliches Geheimnis erfahren, als er an einem Klassentreffen teilgenommen hat.",33,ai,bi,2,neutral,128,erfahren,185.0,8.125,"[('Vor', 11.75), ('drei', 10.25), ('Tagen', 17.375), ('hat', 7.21875), ('Timo', 9.5625), ('wieder', 8.125), ('ein', 2.28125), ('peinliches', 13.4375), ('Geheimnis', -0.0), ('erfahren', 10.3125), (',', 2.265625), ('als', 9.125), ('er', 2.34375), ('an', 11.1875), ('einem', 4.15625), ('Klassentreffen', 54.25), ('teilgenommen', 7.5), ('hat', -0.0), ('.', 3.90625)]",10.3125
Letzten Monat hat Timo Greta ein peinliches Geheimnis verraten.,"Vor drei Tagen hat Greta wieder ein peinliches Geheimnis preisgegeben, als sie an einem Klassentreffen teilgenommen hat.",33,ai,bii,1,neutral,129,preisgegeben,163.0,8.875,"[('Vor', 11.75), ('drei', 10.25), ('Tagen', 17.375), ('hat', 7.21875), ('Greta', 14.375), ('wieder', 8.875), ('ein', 3.09375), ('peinliches', 8.0155029296875), ('Geheimnis', -0.0), ('preisgegeben', 16.21875), (',', 4.65625), ('als', 7.6875), ('sie', 2.703125), ('an', 9.0625), ('einem', 4.125), ('Klassentreffen', 31.375), ('teilgenommen', 4.1640625), ('hat', 0.038330078125), ('.', 2.125)]",16.21875
Letzten Monat hat Timo Greta ein peinliches Geheimnis verraten.,"Vor drei Tagen hat Timo wieder ein peinliches Geheimnis preisgegeben, als er an einem Klassentreffen teilgenommen hat.",33,ai,bii,2,positive,129,preisgegeben,201.0,8.125,"[('Vor', 11.75), ('drei', 10.25), ('Tagen', 17.375), ('hat', 7.21875), ('Timo', 9.5625), ('wieder', 8.125), ('ein', 2.28125), ('peinliches', 13.4375), ('Geheimnis', -0.0), ('preisgegeben', 18.171875), (',', 5.75), ('als', 9.0), ('er', 1.0), ('an', 13.6875), ('einem', 2.828125), ('Klassentreffen', 56.625), ('teilgenommen', 10.28125), ('hat', -0.0), ('.', 3.96875)]",18.171875
Letzten Monat hat Greta Timo ein peinliches Geheimnis verraten.,"Vor drei Tagen hat Greta wieder ein peinliches Geheimnis erfahren, als sie an einem Klassentreffen teilgenommen hat.",33,aii,bi,1,neutral,130,erfahren,120.5,6.3125,"[('Vor', 11.4375), ('drei', 9.3125), ('Tagen', 8.625), ('hat', 4.84375), ('Greta', 6.25), ('wieder', 6.3125), ('ein', 3.109375), ('peinliches', 10.138671875), ('Geheimnis', 0.007781982421875), ('erfahren', 6.71875), (',', 1.453125), ('als', 8.375), ('sie', 1.6328125), ('an', 7.09375), ('einem', 2.765625), ('Klassentreffen', 27.78125), ('teilgenommen', 1.9765625), ('hat', 0.03076171875), ('.', 2.71875)]",6.71875
Letzten Monat hat Greta Timo ein peinliches Geheimnis verraten.,"Vor drei Tagen hat Timo wieder ein peinliches Geheimnis erfahren, als er an einem Klassentreffen teilgenommen hat.",33,aii,bi,2,positive,130,erfahren,120.0,6.625,"[('Vor', 11.4375), ('drei', 9.3125), ('Tagen', 8.625), ('hat', 4.84375), ('Timo', 12.75), ('wieder', 6.625), ('ein', 3.9375), ('peinliches', 7.43359375), ('Geheimnis', 0.0155029296875), ('erfahren', 6.5625), (',', 1.53125), ('als', 7.625), ('er', 0.431640625), ('an', 6.875), ('einem', 2.28125), ('Klassentreffen', 25.40625), ('teilgenommen', 2.30859375), ('hat', 0.023193359375), ('.', 2.015625)]",6.5625
Letzten Monat hat Greta Timo ein peinliches Geheimnis verraten.,"Vor drei Tagen hat Greta wieder ein peinliches Geheimnis preisgegeben, als sie an einem Klassentreffen teilgenommen hat.",33,aii,bii,1,positive,131,preisgegeben,130.0,6.3125,"[('Vor', 11.4375), ('drei', 9.3125), ('Tagen', 8.625), ('hat', 4.84375), ('Greta', 6.25), ('wieder', 6.3125), ('ein', 3.109375), ('peinliches', 10.138671875), ('Geheimnis', 0.007781982421875), ('preisgegeben', 16.171875), (',', 1.734375), ('als', 7.9375), ('sie', 0.76953125), ('an', 7.0), ('einem', 2.03125), ('Klassentreffen', 29.6875), ('teilgenommen', 2.6640625), ('hat', 0.0155029296875), ('.', 2.421875)]",16.171875
Letzten Monat hat Greta Timo ein peinliches Geheimnis verraten.,"Vor drei Tagen hat Timo wieder ein peinliches Geheimnis preisgegeben, als er an einem Klassentreffen teilgenommen hat.",33,aii,bii,2,neutral,131,preisgegeben,130.0,6.625,"[('Vor', 11.4375), ('drei', 9.3125), ('Tagen', 8.625), ('hat', 4.84375), ('Timo', 12.75), ('wieder', 6.625), ('ein', 3.9375), ('peinliches', 7.43359375), ('Geheimnis', 0.0155029296875), ('preisgegeben', 16.40625), (',', 1.828125), ('als', 7.4375), ('er', 0.306640625), ('an', 6.15625), ('einem', 1.7734375), ('Klassentreffen', 27.0), ('teilgenommen', 2.3359375), ('hat', 0.0155029296875), ('.', 1.90625)]",16.40625
Vor vier Monaten hat Timo Sabine einen neuen Haarschnitt verpasst.,"Vor einer Woche hat Sabine wieder einen neuen Haarschnitt bekommen, weil sie an einem Frisurenwettbewerb teilgenommen hat.",34,ai,bi,1,positive,132,bekommen,194.0,16.5,"[('Vor', 14.0625), ('einer', 13.4375), ('Woche', 5.875), ('hat', 7.5), ('Sabine', 18.75), ('wieder', 16.5), ('einen', 5.34375), ('neuen', 0.007781982421875), ('Haarschnitt', -0.0), ('bekommen', 15.5625), (',', 2.578125), ('weil', 3.875), ('sie', 3.0625), ('an', 11.9375), ('einem', 7.1875), ('Frisurenwettbewerb', 64.1875), ('teilgenommen', 2.61083984375), ('hat', 0.007781982421875), ('.', 1.703125)]",15.5625
Vor vier Monaten hat Timo Sabine einen neuen Haarschnitt verpasst.,"Vor einer Woche hat Timo wieder einen neuen Haarschnitt bekommen, weil er an einem Frisurenwettbewerb teilgenommen hat.",34,ai,bi,2,neutral,132,bekommen,165.0,10.6875,"[('Vor', 14.0625), ('einer', 13.4375), ('Woche', 5.875), ('hat', 7.5), ('Timo', 1.125), ('wieder', 10.6875), ('einen', 4.4375), ('neuen', 0.0458984375), ('Haarschnitt', 0.0155029296875), ('bekommen', 15.4375), (',', 2.078125), ('weil', 4.15625), ('er', 2.25), ('an', 11.25), ('einem', 3.78125), ('Frisurenwettbewerb', 63.8046875), ('teilgenommen', 3.04638671875), ('hat', -0.0), ('.', 1.703125)]",15.4375
Vor vier Monaten hat Timo Sabine einen neuen Haarschnitt verpasst.,"Vor einer Woche hat Sabine wieder einen neuen Haarschnitt kreiert, weil sie an einem Frisurenwettbewerb teilgenommen hat.",34,ai,bii,1,neutral,133,kreiert,220.0,16.5,"[('Vor', 14.0625), ('einer', 13.4375), ('Woche', 5.875), ('hat', 7.5), ('Sabine', 18.75), ('wieder', 16.5), ('einen', 5.34375), ('neuen', 0.007781982421875), ('Haarschnitt', -0.0), ('kreiert', 34.0), (',', 2.03125), ('weil', 5.8125), ('sie', 3.53125), ('an', 11.0), ('einem', 4.0625), ('Frisurenwettbewerb', 74.796875), ('teilgenommen', 1.56103515625), ('hat', -0.0), ('.', 1.3203125)]",34.0
Vor vier Monaten hat Timo Sabine einen neuen Haarschnitt verpasst.,"Vor einer Woche hat Timo wieder einen neuen Haarschnitt kreiert, weil er an einem Frisurenwettbewerb teilgenommen hat.",34,ai,bii,2,positive,133,kreiert,199.0,10.6875,"[('Vor', 14.0625), ('einer', 13.4375), ('Woche', 5.875), ('hat', 7.5), ('Timo', 1.125), ('wieder', 10.6875), ('einen', 4.4375), ('neuen', 0.0458984375), ('Haarschnitt', 0.0155029296875), ('kreiert', 35.125), (',', 2.375), ('weil', 6.1875), ('er', 3.296875), ('an', 8.9375), ('einem', 4.25), ('Frisurenwettbewerb', 77.65625), ('teilgenommen', 2.0771484375), ('hat', -0.0), ('.', 1.8125)]",35.125
Vor vier Monaten hat Sabine Timo einen neuen Haarschnitt verpasst.,"Vor einer Woche hat Sabine wieder einen neuen Haarschnitt bekommen, weil sie an einem Frisurenwettbewerb teilgenommen hat.",34,aii,bi,1,neutral,134,bekommen,177.0,13.25,"[('Vor', 11.8125), ('einer', 14.125), ('Woche', 6.96875), ('hat', 8.875), ('Sabine', 0.435546875), ('wieder', 13.25), ('einen', 1.734375), ('neuen', 0.060546875), ('Haarschnitt', -0.0), ('bekommen', 15.6875), (',', 2.0), ('weil', 5.0), ('sie', 2.703125), ('an', 14.4375), ('einem', 6.53125), ('Frisurenwettbewerb', 68.203125), ('teilgenommen', 3.49609375), ('hat', -0.0), ('.', 1.3125)]",15.6875
Vor vier Monaten hat Sabine Timo einen neuen Haarschnitt verpasst.,"Vor einer Woche hat Timo wieder einen neuen Haarschnitt bekommen, weil er an einem Frisurenwettbewerb teilgenommen hat.",34,aii,bi,2,positive,134,bekommen,192.0,11.6875,"[('Vor', 11.8125), ('einer', 14.125), ('Woche', 6.96875), ('hat', 8.875), ('Timo', 16.25), ('wieder', 11.6875), ('einen', 4.0625), ('neuen', 0.2041015625), ('Haarschnitt', -0.0), ('bekommen', 15.25), (',', 2.84375), ('weil', 6.03125), ('er', 1.9140625), ('an', 11.5625), ('einem', 4.875), ('Frisurenwettbewerb', 69.671875), ('teilgenommen', 3.695068359375), ('hat', -0.0), ('.', 2.25)]",15.25
Vor vier Monaten hat Sabine Timo einen neuen Haarschnitt verpasst.,"Vor einer Woche hat Sabine wieder einen neuen Haarschnitt kreiert, weil sie an einem Frisurenwettbewerb teilgenommen hat.",34,aii,bii,1,positive,135,kreiert,211.0,13.25,"[('Vor', 11.8125), ('einer', 14.125), ('Woche', 6.96875), ('hat', 8.875), ('Sabine', 0.435546875), ('wieder', 13.25), ('einen', 1.734375), ('neuen', 0.060546875), ('Haarschnitt', -0.0), ('kreiert', 39.125), (',', 2.71875), ('weil', 6.125), ('sie', 3.046875), ('an', 12.6875), ('einem', 4.4375), ('Frisurenwettbewerb', 80.390625), ('teilgenommen', 3.158203125), ('hat', -0.0), ('.', 1.703125)]",39.125
Vor vier Monaten hat Sabine Timo einen neuen Haarschnitt verpasst.,"Vor einer Woche hat Timo wieder einen neuen Haarschnitt kreiert, weil er an einem Frisurenwettbewerb teilgenommen hat.",34,aii,bii,2,neutral,135,kreiert,225.0,11.6875,"[('Vor', 11.8125), ('einer', 14.125), ('Woche', 6.96875), ('hat', 8.875), ('Timo', 16.25), ('wieder', 11.6875), ('einen', 4.0625), ('neuen', 0.2041015625), ('Haarschnitt', -0.0), ('kreiert', 36.0), (',', 2.28125), ('weil', 6.25), ('er', 3.171875), ('an', 10.375), ('einem', 4.09375), ('Frisurenwettbewerb', 83.859375), ('teilgenommen', 2.84326171875), ('hat', -0.0), ('.', 1.8125)]",36.0
Vorletzte Woche hat Timo Tina fünf Euro geborgt.,"Vor zwei Tagen hat Tina wieder eine kleine Geldsumme ausgeliehen, als sie in einer Kneipe verabredet war.",35,ai,bi,1,positive,136,ausgeliehen,252.0,10.5,"[('Vor', 15.0), ('zwei', 8.5), ('Tagen', 8.875), ('hat', 4.03125), ('Tina', 12.0625), ('wieder', 10.5), ('eine', 5.125), ('kleine', 6.875), ('Geldsumme', 36.794921875), ('ausgeliehen', 35.875), (',', 1.375), ('als', 6.25), ('sie', 8.375), ('in', 6.90625), ('einer', 6.25), ('Kneipe', 32.1875), ('verabredet', 41.890625), ('war', 0.369140625), ('.', 4.78125)]",35.875
Vorletzte Woche hat Timo Tina fünf Euro geborgt.,"Vor zwei Tagen hat Timo wieder eine kleine Geldsumme ausgeliehen, als er in einer Kneipe verabredet war.",35,ai,bi,2,neutral,136,ausgeliehen,247.0,12.5,"[('Vor', 15.0), ('zwei', 8.5), ('Tagen', 8.875), ('hat', 4.03125), ('Timo', 0.03076171875), ('wieder', 12.5), ('eine', 5.5), ('kleine', 6.71875), ('Geldsumme', 35.666015625), ('ausgeliehen', 39.625), (',', 2.265625), ('als', 6.6875), ('er', 6.40625), ('in', 7.53125), ('einer', 6.125), ('Kneipe', 34.0), ('verabredet', 42.953125), ('war', 0.283203125), ('.', 4.40625)]",39.625
Vorletzte Woche hat Timo Tina fünf Euro geborgt.,"Vor zwei Tagen hat Tina wieder eine kleine Geldsumme verliehen, als sie in einer Kneipe verabredet war.",35,ai,bii,1,neutral,137,verliehen,236.0,10.5,"[('Vor', 15.0), ('zwei', 8.5), ('Tagen', 8.875), ('hat', 4.03125), ('Tina', 12.0625), ('wieder', 10.5), ('eine', 5.125), ('kleine', 6.875), ('Geldsumme', 36.794921875), ('verliehen', 15.875), (',', 1.203125), ('als', 6.9375), ('sie', 7.03125), ('in', 8.875), ('einer', 5.78125), ('Kneipe', 37.5), ('verabredet', 39.03515625), ('war', 1.359375), ('.', 4.53125)]",15.875
Vorletzte Woche hat Timo Tina fünf Euro geborgt.,"Vor zwei Tagen hat Timo wieder eine kleine Geldsumme verliehen, als er in einer Kneipe verabredet war.",35,ai,bii,2,positive,137,verliehen,224.0,12.5,"[('Vor', 15.0), ('zwei', 8.5), ('Tagen', 8.875), ('hat', 4.03125), ('Timo', 0.03076171875), ('wieder', 12.5), ('eine', 5.5), ('kleine', 6.71875), ('Geldsumme', 35.666015625), ('verliehen', 20.75), (',', 1.9609375), ('als', 7.34375), ('er', 5.8125), ('in', 9.375), ('einer', 5.53125), ('Kneipe', 34.0), ('verabredet', 38.1171875), ('war', 0.73046875), ('.', 3.5625)]",20.75
Vorletzte Woche hat Tina Timo fünf Euro geborgt.,"Vor zwei Tagen hat Tina wieder eine kleine Geldsumme ausgeliehen, als sie in einer Kneipe verabredet war.",35,aii,bi,1,neutral,138,ausgeliehen,272.0,10.125,"[('Vor', 14.5), ('zwei', 11.875), ('Tagen', 12.4375), ('hat', 7.6875), ('Tina', 0.98828125), ('wieder', 10.125), ('eine', 4.28125), ('kleine', 7.6875), ('Geldsumme', 39.51171875), ('ausgeliehen', 40.9375), (',', 2.25), ('als', 7.6875), ('sie', 9.25), ('in', 7.09375), ('einer', 6.03125), ('Kneipe', 38.25), ('verabredet', 43.75390625), ('war', 1.5), ('.', 5.625)]",40.9375
Vorletzte Woche hat Tina Timo fünf Euro geborgt.,"Vor zwei Tagen hat Timo wieder eine kleine Geldsumme ausgeliehen, als er in einer Kneipe verabredet war.",35,aii,bi,2,positive,138,ausgeliehen,262.0,9.875,"[('Vor', 14.5), ('zwei', 11.875), ('Tagen', 12.4375), ('hat', 7.6875), ('Timo', 9.6875), ('wieder', 9.875), ('eine', 7.375), ('kleine', 7.875), ('Geldsumme', 36.908203125), ('ausgeliehen', 36.4375), (',', 0.84765625), ('als', 6.75), ('er', 5.3125), ('in', 8.5), ('einer', 6.9375), ('Kneipe', 33.8125), ('verabredet', 38.72265625), ('war', 0.53515625), ('.', 6.25)]",36.4375
Vorletzte Woche hat Tina Timo fünf Euro geborgt.,"Vor zwei Tagen hat Tina wieder eine kleine Geldsumme verliehen, als sie in einer Kneipe verabredet war.",35,aii,bii,1,positive,139,verliehen,245.0,10.125,"[('Vor', 14.5), ('zwei', 11.875), ('Tagen', 12.4375), ('hat', 7.6875), ('Tina', 0.98828125), ('wieder', 10.125), ('eine', 4.28125), ('kleine', 7.6875), ('Geldsumme', 39.51171875), ('verliehen', 18.46875), (',', 1.125), ('als', 7.09375), ('sie', 6.9375), ('in', 8.0), ('einer', 5.78125), ('Kneipe', 38.0), ('verabredet', 42.1328125), ('war', 3.34375), ('.', 5.125)]",18.46875
Vorletzte Woche hat Tina Timo fünf Euro geborgt.,"Vor zwei Tagen hat Timo wieder eine kleine Geldsumme verliehen, als er in einer Kneipe verabredet war.",35,aii,bii,2,neutral,139,verliehen,241.0,9.875,"[('Vor', 14.5), ('zwei', 11.875), ('Tagen', 12.4375), ('hat', 7.6875), ('Timo', 9.6875), ('wieder', 9.875), ('eine', 7.375), ('kleine', 7.875), ('Geldsumme', 36.908203125), ('verliehen', 15.5625), (',', 0.54296875), ('als', 6.5625), ('er', 2.859375), ('in', 8.75), ('einer', 5.71875), ('Kneipe', 37.25), ('verabredet', 37.703125), ('war', 2.078125), ('.', 5.625)]",15.5625
Vor einem Monat hat Karl Thorsten eine dringende Erinnerung per Mail zukommen lassen.,"Vor zwei Wochen hat Thorsten wieder eine dringende Erinnerung erhalten, während er an einem Projekt gearbeitet hat.",36,ai,bi,1,positive,140,erhalten,122.0,9.1875,"[('Vor', 11.6875), ('zwei', 8.5625), ('Wochen', 8.625), ('hat', 1.71875), ('Thorsten', 13.163330078125), ('wieder', 9.1875), ('eine', 5.4375), ('dringende', 0.357421875), ('Erinnerung', -0.0), ('erhalten', 12.875), (',', 0.58203125), ('während', 6.5625), ('er', 3.4375), ('an', 9.25), ('einem', 8.8125), ('Projekt', 10.4375), ('gearbeitet', 8.0), ('hat', 0.0155029296875), ('.', 3.5)]",12.875
Vor einem Monat hat Karl Thorsten eine dringende Erinnerung per Mail zukommen lassen.,"Vor zwei Wochen hat Karl wieder eine dringende Erinnerung erhalten, während er an einem Projekt gearbeitet hat.",36,ai,bi,2,neutral,140,erhalten,106.0,7.8125,"[('Vor', 11.6875), ('zwei', 8.5625), ('Wochen', 8.625), ('hat', 1.71875), ('Karl', 0.27734375), ('wieder', 7.8125), ('eine', 3.046875), ('dringende', 0.30078125), ('Erinnerung', 0.007781982421875), ('erhalten', 13.0625), (',', 0.3359375), ('während', 7.4375), ('er', 2.8125), ('an', 8.6875), ('einem', 9.25), ('Projekt', 12.6875), ('gearbeitet', 7.1875), ('hat', 0.023193359375), ('.', 2.59375)]",13.0625
Vor einem Monat hat Karl Thorsten eine dringende Erinnerung per Mail zukommen lassen.,"Vor zwei Wochen hat Thorsten wieder eine dringende Erinnerung verschickt, während er an einem Projekt gearbeitet hat.",36,ai,bii,1,neutral,141,verschickt,137.0,9.1875,"[('Vor', 11.6875), ('zwei', 8.5625), ('Wochen', 8.625), ('hat', 1.71875), ('Thorsten', 13.163330078125), ('wieder', 9.1875), ('eine', 5.4375), ('dringende', 0.357421875), ('Erinnerung', -0.0), ('verschickt', 27.375), (',', 3.1875), ('während', 6.40625), ('er', 2.59375), ('an', 9.125), ('einem', 8.1875), ('Projekt', 9.6875), ('gearbeitet', 7.851531982421875), ('hat', 0.0155029296875), ('.', 3.484375)]",27.375
Vor einem Monat hat Karl Thorsten eine dringende Erinnerung per Mail zukommen lassen.,"Vor zwei Wochen hat Karl wieder eine dringende Erinnerung verschickt, während er an einem Projekt gearbeitet hat.",36,ai,bii,2,positive,141,verschickt,118.5,7.8125,"[('Vor', 11.6875), ('zwei', 8.5625), ('Wochen', 8.625), ('hat', 1.71875), ('Karl', 0.27734375), ('wieder', 7.8125), ('eine', 3.046875), ('dringende', 0.30078125), ('Erinnerung', 0.007781982421875), ('verschickt', 26.25), (',', 2.5), ('während', 6.96875), ('er', 2.109375), ('an', 8.9375), ('einem', 8.1875), ('Projekt', 10.0625), ('gearbeitet', 7.90625), ('hat', 0.0155029296875), ('.', 3.765625)]",26.25
Vor einem Monat hat Thorsten Karl eine dringende Erinnerung per Mail zukommen lassen.,"Vor zwei Wochen hat Thorsten wieder eine dringende Erinnerung erhalten, während er an einem Projekt gearbeitet hat.",36,aii,bi,1,neutral,142,erhalten,134.0,11.125,"[('Vor', 12.625), ('zwei', 12.6875), ('Wochen', 11.9375), ('hat', 3.125), ('Thorsten', 0.470703125), ('wieder', 11.125), ('eine', 6.25), ('dringende', 7.039031982421875), ('Erinnerung', -0.0), ('erhalten', 14.0), (',', 0.1318359375), ('während', 11.5625), ('er', 1.109375), ('an', 8.625), ('einem', 9.0), ('Projekt', 10.875), ('gearbeitet', 8.625), ('hat', -0.0), ('.', 4.84375)]",14.0
Vor einem Monat hat Thorsten Karl eine dringende Erinnerung per Mail zukommen lassen.,"Vor zwei Wochen hat Karl wieder eine dringende Erinnerung erhalten, während er an einem Projekt gearbeitet hat.",36,aii,bi,2,positive,142,erhalten,140.0,8.5625,"[('Vor', 12.625), ('zwei', 12.6875), ('Wochen', 11.9375), ('hat', 3.125), ('Karl', 9.8125), ('wieder', 8.5625), ('eine', 3.9375), ('dringende', 5.185546875), ('Erinnerung', 0.007781982421875), ('erhalten', 12.5), (',', 2.03125), ('während', 11.3125), ('er', 0.890625), ('an', 9.125), ('einem', 8.5), ('Projekt', 13.5625), ('gearbeitet', 8.625), ('hat', -0.0), ('.', 5.3125)]",12.5
Vor einem Monat hat Thorsten Karl eine dringende Erinnerung per Mail zukommen lassen.,"Vor zwei Wochen hat Thorsten wieder eine dringende Erinnerung verschickt, während er an einem Projekt gearbeitet hat.",36,aii,bii,1,positive,143,verschickt,149.0,11.125,"[('Vor', 12.625), ('zwei', 12.6875), ('Wochen', 11.9375), ('hat', 3.125), ('Thorsten', 0.470703125), ('wieder', 11.125), ('eine', 6.25), ('dringende', 7.039031982421875), ('Erinnerung', -0.0), ('verschickt', 32.5625), (',', 1.21875), ('während', 9.25), ('er', 1.6875), ('an', 8.875), ('einem', 6.15625), ('Projekt', 10.6875), ('gearbeitet', 10.0625), ('hat', -0.0), ('.', 3.5625)]",32.5625
Vor einem Monat hat Thorsten Karl eine dringende Erinnerung per Mail zukommen lassen.,"Vor zwei Wochen hat Karl wieder eine dringende Erinnerung verschickt, während er an einem Projekt gearbeitet hat.",36,aii,bii,2,neutral,143,verschickt,154.0,8.5625,"[('Vor', 12.625), ('zwei', 12.6875), ('Wochen', 11.9375), ('hat', 3.125), ('Karl', 9.8125), ('wieder', 8.5625), ('eine', 3.9375), ('dringende', 5.185546875), ('Erinnerung', 0.007781982421875), ('verschickt', 32.875), (',', 1.09375), ('während', 9.1875), ('er', 1.359375), ('an', 11.0), ('einem', 7.65625), ('Projekt', 9.9375), ('gearbeitet', 9.0), ('hat', 0.007781982421875), ('.', 3.9375)]",32.875
Vor vier Jahren hat Karl Judith ein maßgefertigtes Bett gebaut.,"Vor fünf Wochen hat Judith wieder ein maßgefertigtes Bett bekommen, weil sie mit einem Freund zusammen zieht.",37,ai,bi,1,positive,144,bekommen,153.0,14.4375,"[('Vor', 13.875), ('fünf', 13.25), ('Wochen', 12.6875), ('hat', 4.0625), ('Judith', 22.25), ('wieder', 14.4375), ('ein', 0.1982421875), ('maßgefertigtes', 1.833831787109375), ('Bett', 0.007781982421875), ('bekommen', 10.625), (',', 6.0), ('weil', 2.625), ('sie', 0.578125), ('mit', 5.4375), ('einem', 2.765625), ('Freund', 7.75), ('zusammen', 10.0625), ('zieht', 22.875), ('.', 1.8046875)]",10.625
Vor vier Jahren hat Karl Judith ein maßgefertigtes Bett gebaut.,"Vor fünf Wochen hat Karl wieder ein maßgefertigtes Bett bekommen, weil er mit einem Freund zusammen zieht.",37,ai,bi,2,neutral,144,bekommen,122.0,14.75,"[('Vor', 13.875), ('fünf', 13.25), ('Wochen', 12.6875), ('hat', 4.0625), ('Karl', -0.0), ('wieder', 14.75), ('ein', 0.0751953125), ('maßgefertigtes', 3.167694091796875), ('Bett', -0.0), ('bekommen', 13.0625), (',', 3.90625), ('weil', 2.578125), ('er', 1.7578125), ('mit', 4.15625), ('einem', 1.4765625), ('Freund', 7.28125), ('zusammen', 8.1875), ('zieht', 16.75), ('.', 1.15625)]",13.0625
Vor vier Jahren hat Karl Judith ein maßgefertigtes Bett gebaut.,"Vor fünf Wochen hat Judith wieder ein maßgefertigtes Bett konstruiert, weil sie mit einem Freund zusammen zieht.",37,ai,bii,1,neutral,145,konstruiert,148.0,14.4375,"[('Vor', 13.875), ('fünf', 13.25), ('Wochen', 12.6875), ('hat', 4.0625), ('Judith', 22.25), ('wieder', 14.4375), ('ein', 0.1982421875), ('maßgefertigtes', 1.833831787109375), ('Bett', 0.007781982421875), ('konstruiert', 8.6875), (',', 5.875), ('weil', 5.1875), ('sie', 0.490234375), ('mit', 4.59375), ('einem', 1.875), ('Freund', 7.53125), ('zusammen', 8.4375), ('zieht', 21.875), ('.', 0.90234375)]",8.6875
Vor vier Jahren hat Karl Judith ein maßgefertigtes Bett gebaut.,"Vor fünf Wochen hat Karl wieder ein maßgefertigtes Bett konstruiert, weil er mit einem Freund zusammen zieht.",37,ai,bii,2,positive,145,konstruiert,120.0,14.75,"[('Vor', 13.875), ('fünf', 13.25), ('Wochen', 12.6875), ('hat', 4.0625), ('Karl', -0.0), ('wieder', 14.75), ('ein', 0.0751953125), ('maßgefertigtes', 3.167694091796875), ('Bett', -0.0), ('konstruiert', 9.8125), (',', 5.375), ('weil', 4.8125), ('er', 1.234375), ('mit', 4.1875), ('einem', 1.21875), ('Freund', 7.03125), ('zusammen', 7.25), ('zieht', 16.5), ('.', 0.72265625)]",9.8125
Vor vier Jahren hat Judith Karl ein maßgefertigtes Bett gebaut.,"Vor fünf Wochen hat Judith wieder ein maßgefertigtes Bett bekommen, weil sie mit einem Freund zusammen zieht.",37,aii,bi,1,neutral,146,bekommen,173.0,17.5,"[('Vor', 16.125), ('fünf', 12.75), ('Wochen', 14.0), ('hat', 8.625), ('Judith', 0.05322265625), ('wieder', 17.5), ('ein', 0.490234375), ('maßgefertigtes', 11.3310546875), ('Bett', -0.0), ('bekommen', 17.75), (',', 2.6875), ('weil', 2.140625), ('sie', 7.75), ('mit', 9.0), ('einem', 1.0), ('Freund', 9.625), ('zusammen', 16.375), ('zieht', 22.5), ('.', 3.25)]",17.75
Vor vier Jahren hat Judith Karl ein maßgefertigtes Bett gebaut.,"Vor fünf Wochen hat Karl wieder ein maßgefertigtes Bett bekommen, weil er mit einem Freund zusammen zieht.",37,aii,bi,2,positive,146,bekommen,141.0,11.9375,"[('Vor', 16.125), ('fünf', 12.75), ('Wochen', 14.0), ('hat', 8.625), ('Karl', 13.0), ('wieder', 11.9375), ('ein', 1.390625), ('maßgefertigtes', 3.31103515625), ('Bett', 0.0458984375), ('bekommen', 13.3125), (',', 4.28125), ('weil', 2.25), ('er', 0.138671875), ('mit', 4.34375), ('einem', 1.921875), ('Freund', 6.9375), ('zusammen', 8.375), ('zieht', 17.25), ('.', 0.93359375)]",13.3125
Vor vier Jahren hat Judith Karl ein maßgefertigtes Bett gebaut.,"Vor fünf Wochen hat Judith wieder ein maßgefertigtes Bett konstruiert, weil sie mit einem Freund zusammen zieht.",37,aii,bii,1,positive,147,konstruiert,175.0,17.5,"[('Vor', 16.125), ('fünf', 12.75), ('Wochen', 14.0), ('hat', 8.625), ('Judith', 0.05322265625), ('wieder', 17.5), ('ein', 0.490234375), ('maßgefertigtes', 11.3310546875), ('Bett', -0.0), ('konstruiert', 11.75), (',', 7.375), ('weil', 3.984375), ('sie', 7.375), ('mit', 10.375), ('einem', 0.92578125), ('Freund', 11.9375), ('zusammen', 15.875), ('zieht', 22.5), ('.', 2.046875)]",11.75
Vor vier Jahren hat Judith Karl ein maßgefertigtes Bett gebaut.,"Vor fünf Wochen hat Karl wieder ein maßgefertigtes Bett konstruiert, weil er mit einem Freund zusammen zieht.",37,aii,bii,2,neutral,147,konstruiert,141.0,11.9375,"[('Vor', 16.125), ('fünf', 12.75), ('Wochen', 14.0), ('hat', 8.625), ('Karl', 13.0), ('wieder', 11.9375), ('ein', 1.390625), ('maßgefertigtes', 3.31103515625), ('Bett', 0.0458984375), ('konstruiert', 10.125), (',', 5.90625), ('weil', 4.40625), ('er', 0.12451171875), ('mit', 4.0625), ('einem', 1.734375), ('Freund', 6.71875), ('zusammen', 7.5625), ('zieht', 18.25), ('.', 0.84765625)]",10.125
Vor drei Monaten hat Karl für Linda ein neues Instrument gekauft.,"Vor zwei Wochen hat Linda wieder ein neues Instrument bekommen, weil sie in ein Orchester eingetreten ist.",38,ai,bi,1,positive,148,bekommen,157.0,10.3125,"[('Vor', 13.875), ('zwei', 11.6875), ('Wochen', 9.875), ('hat', 0.1318359375), ('Linda', 17.375), ('wieder', 10.3125), ('ein', 3.40625), ('neues', 2.625), ('Instrument', 0.007781982421875), ('bekommen', 13.5), (',', 4.875), ('weil', 3.0625), ('sie', 4.03125), ('in', 8.75), ('ein', 1.53125), ('Orchester', 31.0), ('eingetreten', 19.09375), ('ist', 0.1650390625), ('.', 1.4609375)]",13.5
Vor drei Monaten hat Karl für Linda ein neues Instrument gekauft.,"Vor zwei Wochen hat Karl wieder ein neues Instrument bekommen, weil er in ein Orchester eingetreten ist.",38,ai,bi,2,neutral,148,bekommen,137.0,12.6875,"[('Vor', 13.875), ('zwei', 11.6875), ('Wochen', 9.875), ('hat', 0.1318359375), ('Karl', 0.007781982421875), ('wieder', 12.6875), ('ein', 1.84375), ('neues', 0.06787109375), ('Instrument', -0.0), ('bekommen', 13.75), (',', 5.375), ('weil', 2.5625), ('er', 1.328125), ('in', 7.40625), ('ein', 2.609375), ('Orchester', 34.375), ('eingetreten', 17.59375), ('ist', 0.007781982421875), ('.', 1.7890625)]",13.75
Vor drei Monaten hat Karl für Linda ein neues Instrument gekauft.,"Vor zwei Wochen hat Linda wieder ein neues Instrument erstanden, weil sie in ein Orchester eingetreten ist.",38,ai,bii,1,neutral,149,erstanden,187.0,10.3125,"[('Vor', 13.875), ('zwei', 11.6875), ('Wochen', 9.875), ('hat', 0.1318359375), ('Linda', 17.375), ('wieder', 10.3125), ('ein', 3.40625), ('neues', 2.625), ('Instrument', 0.007781982421875), ('erstanden', 28.0), (',', 7.25), ('weil', 3.984375), ('sie', 5.125), ('in', 6.625), ('ein', 3.953125), ('Orchester', 34.75), ('eingetreten', 20.3125), ('ist', 0.8984375), ('.', 6.875)]",28.0
Vor drei Monaten hat Karl für Linda ein neues Instrument gekauft.,"Vor zwei Wochen hat Karl wieder ein neues Instrument erstanden, weil er in ein Orchester eingetreten ist.",38,ai,bii,2,positive,149,erstanden,169.0,12.6875,"[('Vor', 13.875), ('zwei', 11.6875), ('Wochen', 9.875), ('hat', 0.1318359375), ('Karl', 0.007781982421875), ('wieder', 12.6875), ('ein', 1.84375), ('neues', 0.06787109375), ('Instrument', -0.0), ('erstanden', 26.0), (',', 7.875), ('weil', 4.46875), ('er', 3.53125), ('in', 7.1875), ('ein', 5.78125), ('Orchester', 35.75), ('eingetreten', 21.3125), ('ist', 1.046875), ('.', 5.625)]",26.0
Vor drei Monaten hat Linda für Karl ein neues Instrument gekauft.,"Vor zwei Wochen hat Linda wieder ein neues Instrument bekommen, weil sie in ein Orchester eingetreten ist.",38,aii,bi,1,neutral,150,bekommen,171.0,13.0625,"[('Vor', 15.25), ('zwei', 15.9375), ('Wochen', 10.9375), ('hat', 0.038330078125), ('Linda', 0.007781982421875), ('wieder', 13.0625), ('ein', 3.171875), ('neues', 0.19140625), ('Instrument', 0.0155029296875), ('bekommen', 13.625), (',', 4.40625), ('weil', 2.625), ('sie', 3.171875), ('in', 8.125), ('ein', 2.75), ('Orchester', 40.4375), ('eingetreten', 35.0625), ('ist', 0.0155029296875), ('.', 2.59375)]",13.625
Vor drei Monaten hat Linda für Karl ein neues Instrument gekauft.,"Vor zwei Wochen hat Karl wieder ein neues Instrument bekommen, weil er in ein Orchester eingetreten ist.",38,aii,bi,2,positive,150,bekommen,187.0,8.9375,"[('Vor', 15.25), ('zwei', 15.9375), ('Wochen', 10.9375), ('hat', 0.038330078125), ('Karl', 18.5), ('wieder', 8.9375), ('ein', 4.03125), ('neues', 0.0155029296875), ('Instrument', 0.007781982421875), ('bekommen', 14.5), (',', 4.5), ('weil', 2.203125), ('er', 4.375), ('in', 8.0625), ('ein', 4.375), ('Orchester', 39.3125), ('eingetreten', 28.25), ('ist', 3.078125), ('.', 5.125)]",14.5
Vor drei Monaten hat Linda für Karl ein neues Instrument gekauft.,"Vor zwei Wochen hat Linda wieder ein neues Instrument erstanden, weil sie in ein Orchester eingetreten ist.",38,aii,bii,1,positive,151,erstanden,192.0,13.0625,"[('Vor', 15.25), ('zwei', 15.9375), ('Wochen', 10.9375), ('hat', 0.038330078125), ('Linda', 0.007781982421875), ('wieder', 13.0625), ('ein', 3.171875), ('neues', 0.19140625), ('Instrument', 0.0155029296875), ('erstanden', 27.6875), (',', 4.90625), ('weil', 4.96875), ('sie', 4.875), ('in', 8.25), ('ein', 3.890625), ('Orchester', 40.6875), ('eingetreten', 27.8125), ('ist', 3.015625), ('.', 7.5)]",27.6875
Vor drei Monaten hat Linda für Karl ein neues Instrument gekauft.,"Vor zwei Wochen hat Karl wieder ein neues Instrument erstanden, weil er in ein Orchester eingetreten ist.",38,aii,bii,2,neutral,151,erstanden,187.0,8.9375,"[('Vor', 15.25), ('zwei', 15.9375), ('Wochen', 10.9375), ('hat', 0.038330078125), ('Karl', 18.5), ('wieder', 8.9375), ('ein', 4.03125), ('neues', 0.0155029296875), ('Instrument', 0.007781982421875), ('erstanden', 34.875), (',', 3.53125), ('weil', 2.15625), ('er', 3.65625), ('in', 7.84375), ('ein', 4.53125), ('Orchester', 33.25), ('eingetreten', 18.5625), ('ist', 0.76953125), ('.', 3.765625)]",34.875
Letztes Jahr hat Karl Timo einen kräftigen Fausthieb verpasst.,"Vor vier Wochen hat Timo wieder einen kräftigen Fausthieb ausgeteilt, als er in eine Schlägerei verwickelt war.",39,ai,bi,1,neutral,152,ausgeteilt,208.0,9.375,"[('Vor', 12.125), ('vier', 18.5), ('Wochen', 18.625), ('hat', 1.6171875), ('Timo', 17.625), ('wieder', 9.375), ('einen', 5.40625), ('kräftigen', 0.0155029296875), ('Fausthieb', -0.0), ('ausgeteilt', 21.5), (',', 3.9375), ('als', 7.46875), ('er', 5.40625), ('in', 7.65625), ('eine', 7.65625), ('Schlägerei', 38.9375), ('verwickelt', 28.3212890625), ('war', 0.9765625), ('.', 3.046875)]",21.5
Letztes Jahr hat Karl Timo einen kräftigen Fausthieb verpasst.,"Vor vier Wochen hat Karl wieder einen kräftigen Fausthieb ausgeteilt, als er in eine Schlägerei verwickelt war.",39,ai,bi,2,positive,152,ausgeteilt,181.0,8.8125,"[('Vor', 12.125), ('vier', 18.5), ('Wochen', 18.625), ('hat', 1.6171875), ('Karl', 0.65234375), ('wieder', 8.8125), ('einen', 2.125), ('kräftigen', 0.0155029296875), ('Fausthieb', -0.0), ('ausgeteilt', 23.4375), (',', 3.296875), ('als', 10.0625), ('er', 4.25), ('in', 7.3125), ('eine', 8.0), ('Schlägerei', 37.9375), ('verwickelt', 22.17041015625), ('war', 0.171875), ('.', 2.25)]",23.4375
Letztes Jahr hat Karl Timo einen kräftigen Fausthieb verpasst.,"Vor vier Wochen hat Timo wieder einen kräftigen Fausthieb abbekommen, als er in eine Schlägerei verwickelt war.",39,ai,bii,1,positive,153,abbekommen,198.0,9.375,"[('Vor', 12.125), ('vier', 18.5), ('Wochen', 18.625), ('hat', 1.6171875), ('Timo', 17.625), ('wieder', 9.375), ('einen', 5.40625), ('kräftigen', 0.0155029296875), ('Fausthieb', -0.0), ('abbekommen', 24.7734375), (',', 2.546875), ('als', 4.90625), ('er', 4.15625), ('in', 6.8125), ('eine', 6.875), ('Schlägerei', 36.34375), ('verwickelt', 26.726531982421875), ('war', 0.4609375), ('.', 0.69140625)]",24.7734375
Letztes Jahr hat Karl Timo einen kräftigen Fausthieb verpasst.,"Vor vier Wochen hat Karl wieder einen kräftigen Fausthieb abbekommen, als er in eine Schlägerei verwickelt war.",39,ai,bii,2,neutral,153,abbekommen,167.0,8.8125,"[('Vor', 12.125), ('vier', 18.5), ('Wochen', 18.625), ('hat', 1.6171875), ('Karl', 0.65234375), ('wieder', 8.8125), ('einen', 2.125), ('kräftigen', 0.0155029296875), ('Fausthieb', -0.0), ('abbekommen', 26.546875), (',', 1.71875), ('als', 5.4375), ('er', 6.25), ('in', 6.34375), ('eine', 6.78125), ('Schlägerei', 33.03125), ('verwickelt', 17.890594482421875), ('war', 0.1787109375), ('.', 0.48046875)]",26.546875
Letztes Jahr hat Timo Karl einen kräftigen Fausthieb verpasst.,"Vor vier Wochen hat Timo wieder einen kräftigen Fausthieb ausgeteilt, als er in eine Schlägerei verwickelt war.",39,aii,bi,1,positive,154,ausgeteilt,194.0,10.0625,"[('Vor', 10.5625), ('vier', 17.25), ('Wochen', 23.75), ('hat', 3.0), ('Timo', 8.9375), ('wieder', 10.0625), ('einen', 5.125), ('kräftigen', 0.08251953125), ('Fausthieb', 0.007781982421875), ('ausgeteilt', 19.5), (',', 3.828125), ('als', 7.28125), ('er', 3.0625), ('in', 7.40625), ('eine', 7.71875), ('Schlägerei', 39.1875), ('verwickelt', 24.00146484375), ('war', 0.98046875), ('.', 2.15625)]",19.5
Letztes Jahr hat Timo Karl einen kräftigen Fausthieb verpasst.,"Vor vier Wochen hat Karl wieder einen kräftigen Fausthieb ausgeteilt, als er in eine Schlägerei verwickelt war.",39,aii,bi,2,neutral,154,ausgeteilt,200.0,8.375,"[('Vor', 10.5625), ('vier', 17.25), ('Wochen', 23.75), ('hat', 3.0), ('Karl', 17.375), ('wieder', 8.375), ('einen', 5.125), ('kräftigen', 1.8515625), ('Fausthieb', -0.0), ('ausgeteilt', 18.375), (',', 3.1875), ('als', 6.625), ('er', 5.3125), ('in', 7.5625), ('eine', 7.46875), ('Schlägerei', 39.0), ('verwickelt', 22.3280029296875), ('war', 1.7421875), ('.', 1.609375)]",18.375
Letztes Jahr hat Timo Karl einen kräftigen Fausthieb verpasst.,"Vor vier Wochen hat Timo wieder einen kräftigen Fausthieb abbekommen, als er in eine Schlägerei verwickelt war.",39,aii,bii,1,neutral,155,abbekommen,188.0,10.0625,"[('Vor', 10.5625), ('vier', 17.25), ('Wochen', 23.75), ('hat', 3.0), ('Timo', 8.9375), ('wieder', 10.0625), ('einen', 5.125), ('kräftigen', 0.08251953125), ('Fausthieb', 0.007781982421875), ('abbekommen', 24.28125), (',', 2.84375), ('als', 5.96875), ('er', 4.53125), ('in', 6.21875), ('eine', 6.84375), ('Schlägerei', 33.015625), ('verwickelt', 24.382781982421875), ('war', 0.9921875), ('.', 0.2109375)]",24.28125
Letztes Jahr hat Timo Karl einen kräftigen Fausthieb verpasst.,"Vor vier Wochen hat Karl wieder einen kräftigen Fausthieb abbekommen, als er in eine Schlägerei verwickelt war.",39,aii,bii,2,positive,155,abbekommen,196.0,8.375,"[('Vor', 10.5625), ('vier', 17.25), ('Wochen', 23.75), ('hat', 3.0), ('Karl', 17.375), ('wieder', 8.375), ('einen', 5.125), ('kräftigen', 1.8515625), ('Fausthieb', -0.0), ('abbekommen', 20.9375), (',', 2.15625), ('als', 6.40625), ('er', 5.53125), ('in', 7.25), ('eine', 6.9375), ('Schlägerei', 34.40625), ('verwickelt', 23.476531982421875), ('war', 0.2041015625), ('.', 1.0625)]",20.9375
Vor einem halben Jahr hat Karl Greta charmant zum Tanzen aufgefordert.,"Vor zwei Wochen hat Greta wieder eine charmante Tanzaufforderung erhalten, als sie auf einer Party einsam war.",40,ai,bi,1,positive,156,erhalten,185.0,8.375,"[('Vor', 11.5625), ('zwei', 10.1875), ('Wochen', 7.09375), ('hat', 0.0751953125), ('Greta', 16.625), ('wieder', 8.375), ('eine', 2.6875), ('charmante', 20.03125), ('Tanzaufforderung', 31.195281982421875), ('erhalten', 4.84375), (',', 0.25390625), ('als', 6.65625), ('sie', 3.1875), ('auf', 7.0625), ('einer', 8.5), ('Party', 15.3125), ('einsam', 23.4375), ('war', 5.125), ('.', 2.6875)]",4.84375
Vor einem halben Jahr hat Karl Greta charmant zum Tanzen aufgefordert.,"Vor zwei Wochen hat Karl wieder eine charmante Tanzaufforderung erhalten, als er auf einer Party einsam war.",40,ai,bi,2,neutral,156,erhalten,172.0,7.40625,"[('Vor', 11.5625), ('zwei', 10.1875), ('Wochen', 7.09375), ('hat', 0.0751953125), ('Karl', 0.0751953125), ('wieder', 7.40625), ('eine', 3.359375), ('charmante', 15.5625), ('Tanzaufforderung', 32.445281982421875), ('erhalten', 6.03125), (',', 0.1982421875), ('als', 6.59375), ('er', 2.90625), ('auf', 7.75), ('einer', 10.125), ('Party', 16.125), ('einsam', 24.8125), ('war', 6.875), ('.', 3.171875)]",6.03125
Vor einem halben Jahr hat Karl Greta charmant zum Tanzen aufgefordert.,"Vor zwei Wochen hat Greta wieder eine charmante Tanzaufforderung ausgesprochen, als sie auf einer Party einsam war.",40,ai,bii,1,neutral,157,ausgesprochen,193.0,8.375,"[('Vor', 11.5625), ('zwei', 10.1875), ('Wochen', 7.09375), ('hat', 0.0751953125), ('Greta', 16.625), ('wieder', 8.375), ('eine', 2.6875), ('charmante', 20.03125), ('Tanzaufforderung', 31.195281982421875), ('ausgesprochen', 11.03125), (',', 0.421875), ('als', 5.5625), ('sie', 4.28125), ('auf', 8.125), ('einer', 8.125), ('Party', 14.6875), ('einsam', 24.9375), ('war', 6.40625), ('.', 1.703125)]",11.03125
Vor einem halben Jahr hat Karl Greta charmant zum Tanzen aufgefordert.,"Vor zwei Wochen hat Karl wieder eine charmante Tanzaufforderung ausgesprochen, als er auf einer Party einsam war.",40,ai,bii,2,positive,157,ausgesprochen,189.0,7.40625,"[('Vor', 11.5625), ('zwei', 10.1875), ('Wochen', 7.09375), ('hat', 0.0751953125), ('Karl', 0.0751953125), ('wieder', 7.40625), ('eine', 3.359375), ('charmante', 15.5625), ('Tanzaufforderung', 32.445281982421875), ('ausgesprochen', 8.59375), (',', 0.416015625), ('als', 5.375), ('er', 3.921875), ('auf', 8.125), ('einer', 12.375), ('Party', 16.875), ('einsam', 30.4375), ('war', 10.5), ('.', 4.5)]",8.59375
Vor einem halben Jahr hat Greta Karl charmant zum Tanzen aufgefordert.,"Vor zwei Wochen hat Greta wieder eine charmante Tanzaufforderung erhalten, als sie auf einer Party einsam war.",40,aii,bi,1,neutral,158,erhalten,162.0,9.5625,"[('Vor', 11.3125), ('zwei', 9.125), ('Wochen', 8.0), ('hat', 0.283203125), ('Greta', 0.345703125), ('wieder', 9.5625), ('eine', 3.140625), ('charmante', 18.59375), ('Tanzaufforderung', 31.460693359375), ('erhalten', 6.25), (',', 0.578125), ('als', 6.125), ('sie', 2.125), ('auf', 6.25), ('einer', 7.09375), ('Party', 13.625), ('einsam', 19.125), ('war', 6.125), ('.', 2.578125)]",6.25
Vor einem halben Jahr hat Greta Karl charmant zum Tanzen aufgefordert.,"Vor zwei Wochen hat Karl wieder eine charmante Tanzaufforderung erhalten, als er auf einer Party einsam war.",40,aii,bi,2,positive,158,erhalten,169.0,7.1875,"[('Vor', 11.3125), ('zwei', 9.125), ('Wochen', 8.0), ('hat', 0.283203125), ('Karl', 12.3125), ('wieder', 7.1875), ('eine', 3.859375), ('charmante', 16.125), ('Tanzaufforderung', 26.8592529296875), ('erhalten', 6.3125), (',', 0.890625), ('als', 6.5), ('er', 3.0625), ('auf', 7.21875), ('einer', 9.125), ('Party', 12.9375), ('einsam', 22.6875), ('war', 3.484375), ('.', 2.015625)]",6.3125
Vor einem halben Jahr hat Greta Karl charmant zum Tanzen aufgefordert.,"Vor zwei Wochen hat Greta wieder eine charmante Tanzaufforderung ausgesprochen, als sie auf einer Party einsam war.",40,aii,bii,1,positive,159,ausgesprochen,175.0,9.5625,"[('Vor', 11.3125), ('zwei', 9.125), ('Wochen', 8.0), ('hat', 0.283203125), ('Greta', 0.345703125), ('wieder', 9.5625), ('eine', 3.140625), ('charmante', 18.59375), ('Tanzaufforderung', 31.460693359375), ('ausgesprochen', 9.953125), (',', 1.34375), ('als', 5.625), ('sie', 4.03125), ('auf', 7.28125), ('einer', 8.125), ('Party', 13.6875), ('einsam', 23.3125), ('war', 8.0625), ('.', 1.5)]",9.953125
Vor einem halben Jahr hat Greta Karl charmant zum Tanzen aufgefordert.,"Vor zwei Wochen hat Karl wieder eine charmante Tanzaufforderung ausgesprochen, als er auf einer Party einsam war.",40,aii,bii,2,neutral,159,ausgesprochen,178.0,7.1875,"[('Vor', 11.3125), ('zwei', 9.125), ('Wochen', 8.0), ('hat', 0.283203125), ('Karl', 12.3125), ('wieder', 7.1875), ('eine', 3.859375), ('charmante', 16.125), ('Tanzaufforderung', 26.8592529296875), ('ausgesprochen', 10.75), (',', 1.0625), ('als', 5.8125), ('er', 4.125), ('auf', 6.71875), ('einer', 8.625), ('Party', 14.3125), ('einsam', 24.375), ('war', 4.0625), ('.', 3.28125)]",10.75
