id;premises;target_sentence;conclusion;gold_label;item_id;context_condition;target_variant;response_option
exp1_01_pa_p_f_once;Letzte Woche hat Linda Judith eine rosa Lampe fur ein Zimmer gekauft.;Vor zwei Tagen hat Judith wieder eine rosa Lampe erhalten, als sie mit einer Freundin unterwegs war.;Judith hat einmal eine rosa Lampe erhalten.;neutral;1;positive;a;once
exp1_01_pa_p_f_twice;Letzte Woche hat Linda Judith eine rosa Lampe fur ein Zimmer gekauft.;Vor zwei Tagen hat Judith wieder eine rosa Lampe erhalten, als sie mit einer Freundin unterwegs war.;Judith hat mindestens zweimal eine rosa Lampe erhalten.;entailment;1;positive;a;twice
exp1_01_pa_p_f_cannot_say;Letzte Woche hat Linda Judith eine rosa Lampe fur ein Zimmer gekauft.;Vor zwei Tagen hat Judith wieder eine rosa Lampe erhalten, als sie mit einer Freundin unterwegs war.;Es lässt sich nicht sagen, wie oft Judith eine rosa Lampe erhalten hat.;neutral;1;positive;a;cannot say
exp1_01_pa_n_d_once;Letzte Woche hat Linda Judith eine rosa Lampe fur ein Zimmer gekauft.;Vor zwei Tagen hat Linda wieder eine rosa Lampe erhalten, als sie mit einer Freundin unterwegs war.;Linda hat einmal eine rosa Lampe erhalten.;entailment;1;neutral;a;once
exp1_01_pa_n_d_twice;Letzte Woche hat Linda Judith eine rosa Lampe fur ein Zimmer gekauft.;Vor zwei Tagen hat Linda wieder eine rosa Lampe erhalten, als sie mit einer Freundin unterwegs war.;Linda hat mindestens zweimal eine rosa Lampe erhalten.;neutral;1;neutral;a;twice
exp1_01_pa_n_d_cannot_say;Letzte Woche hat Linda Judith eine rosa Lampe fur ein Zimmer gekauft.;Vor zwei Tagen hat Linda wieder eine rosa Lampe erhalten, als sie mit einer Freundin unterwegs war.;Es lässt sich nicht sagen, wie oft Linda eine rosa Lampe erhalten hat.;neutral;1;neutral;a;cannot say
exp1_01_pb_p_f_once;Letzte Woche hat Linda Judith eine rosa Lampe fur ein Zimmer gekauft.;Vor zwei Tagen hat Judith wieder eine rosa Lampe besorgt, als sie mit einer Freundin unterwegs war.;Judith hat einmal eine rosa Lampe besorgt.;neutral;1;positive;b;once
exp1_01_pb_p_f_twice;Letzte Woche hat Linda Judith eine rosa Lampe fur ein Zimmer gekauft.;Vor zwei Tagen hat Judith wieder eine rosa Lampe besorgt, als sie mit einer Freundin unterwegs war.;Judith hat mindestens zweimal eine rosa Lampe besorgt.;entailment;1;positive;b;twice
exp1_01_pb_p_f_cannot_say;Letzte Woche hat Linda Judith eine rosa Lampe fur ein Zimmer gekauft.;Vor zwei Tagen hat Judith wieder eine rosa Lampe besorgt, als sie mit einer Freundin unterwegs war.;Es lässt sich nicht sagen, wie oft Judith eine rosa Lampe besorgt hat.;neutral;1;positive;b;cannot say
exp1_01_pb_n_d_once;Letzte Woche hat Linda Judith eine rosa Lampe fur ein Zimmer gekauft.;Vor zwei Tagen hat Linda wieder eine rosa Lampe besorgt, als sie mit einer Freundin unterwegs war.;Linda hat einmal eine rosa Lampe besorgt.;entailment;1;neutral;b;once
exp1_01_pb_n_d_twice;Letzte Woche hat Linda Judith eine rosa Lampe fur ein Zimmer gekauft.;Vor zwei Tagen hat Linda wieder eine rosa Lampe besorgt, als sie mit einer Freundin unterwegs war.;Linda hat mindestens zweimal eine rosa Lampe besorgt.;neutral;1;neutral;b;twice
exp1_01_pb_n_d_cannot_say;Letzte Woche hat Linda Judith eine rosa Lampe fur ein Zimmer gekauft.;Vor zwei Tagen hat Linda wieder eine rosa Lampe besorgt, als sie mit einer Freundin unterwegs war.;Es lässt sich nicht sagen, wie oft Linda eine rosa Lampe besorgt hat.;neutral;1;neutral;b;cannot say
exp1_01_na_p_f_once;Letzte Woche hat Judith Linda eine rosa Lampe fur ein Zimmer gekauft.;Vor zwei Tagen hat Linda wieder eine rosa Lampe erhalten, als sie mit einer Freundin unterwegs war.;Linda hat einmal eine rosa Lampe erhalten.;entailment;1;positive;a;once
exp1_01_na_p_f_twice;Letzte Woche hat Judith Linda eine rosa Lampe fur ein Zimmer gekauft.;Vor zwei Tagen hat Linda wieder eine rosa Lampe erhalten, als sie mit einer Freundin unterwegs war.;Linda hat mindestens zweimal eine rosa Lampe erhalten.;neutral;1;positive;a;twice
exp1_01_na_p_f_cannot_say;Letzte Woche hat Judith Linda eine rosa Lampe fur ein Zimmer gekauft.;Vor zwei Tagen hat Linda wieder eine rosa Lampe erhalten, als sie mit einer Freundin unterwegs war.;Es lässt sich nicht sagen, wie oft Linda eine rosa Lampe erhalten hat.;neutral;1;positive;a;cannot say
exp1_01_na_n_d_once;Letzte Woche hat Judith Linda eine rosa Lampe fur ein Zimmer gekauft.;Vor zwei Tagen hat Judith wieder eine rosa Lampe erhalten, als sie mit einer Freundin unterwegs war.;Judith hat einmal eine rosa Lampe erhalten.;neutral;1;neutral;a;once
exp1_01_na_n_d_twice;Letzte Woche hat Judith Linda eine rosa Lampe fur ein Zimmer gekauft.;Vor zwei Tagen hat Judith wieder eine rosa Lampe erhalten, als sie mit einer Freundin unterwegs war.;Judith hat mindestens zweimal eine rosa Lampe erhalten.;entailment;1;neutral;a;twice
exp1_01_na_n_d_cannot_say;Letzte Woche hat Judith Linda eine rosa Lampe fur ein Zimmer gekauft.;Vor zwei Tagen hat Judith wieder eine rosa Lampe erhalten, als sie mit einer Freundin unterwegs war.;Es lässt sich nicht sagen, wie oft Judith eine rosa Lampe erhalten hat.;neutral;1;neutral;a;cannot say
exp1_01_nb_p_f_once;Letzte Woche hat Judith Linda eine rosa Lampe fur ein Zimmer gekauft.;Vor zwei Tagen hat Linda wieder eine rosa Lampe besorgt, als sie mit einer Freundin unterwegs war.;Linda hat einmal eine rosa Lampe besorgt.;entailment;1;positive;b;once
exp1_01_nb_p_f_twice;Letzte Woche hat Judith Linda eine rosa Lampe fur ein Zimmer gekauft.;Vor zwei Tagen hat Linda wieder eine rosa Lampe besorgt, als sie mit einer Freundin unterwegs war.;Linda hat mindestens zweimal eine rosa Lampe besorgt.;neutral;1;positive;b;twice
exp1_01_nb_p_f_cannot_say;Letzte Woche hat Judith Linda eine rosa Lampe fur ein Zimmer gekauft.;Vor zwei Tagen hat Linda wieder eine rosa Lampe besorgt, als sie mit einer Freundin unterwegs war.;Es lässt sich nicht sagen, wie oft Linda eine rosa Lampe besorgt hat.;neutral;1;positive;b;cannot say
exp1_01_nb_n_d_once;Letzte Woche hat Judith Linda eine rosa Lampe fur ein Zimmer gekauft.;Vor zwei Tagen hat Judith wieder eine rosa Lampe besorgt, als sie mit einer Freundin unterwegs war.;Judith hat einmal eine rosa Lampe besorgt.;neutral;1;neutral;b;once
exp1_01_nb_n_d_twice;Letzte Woche hat Judith Linda eine rosa Lampe fur ein Zimmer gekauft.;Vor zwei Tagen hat Judith wieder eine rosa Lampe besorgt, als sie mit einer Freundin unterwegs war.;Judith hat mindestens zweimal eine rosa Lampe besorgt.;entailment;1;neutral;b;twice
exp1_01_nb_n_d_cannot_say;Letzte Woche hat Judith Linda eine rosa Lampe fur ein Zimmer gekauft.;Vor zwei Tagen hat Judith wieder eine rosa Lampe besorgt, als sie mit einer Freundin unterwegs war.;Es lässt sich nicht sagen, wie oft Judith eine rosa Lampe besorgt hat.;neutral;1;neutral;b;cannot say
exp1_02_pa_p_f_once;Letztes Jahr hat Linda Timo ein schones Geschenk zum Geburtstag gebastelt.;Vor einer Woche hat Timo wieder ein schones Geschenk empfangen, weil er bei einer Wichtelaktion mitgemacht hat.;Timo hat einmal ein schones Geschenk empfangen.;neutral;2;positive;a;once
exp1_02_pa_p_f_twice;Letztes Jahr hat Linda Timo ein schones Geschenk zum Geburtstag gebastelt.;Vor einer Woche hat Timo wieder ein schones Geschenk empfangen, weil er bei einer Wichtelaktion mitgemacht hat.;Timo hat mindestens zweimal ein schones Geschenk empfangen.;entailment;2;positive;a;twice
exp1_02_pa_p_f_cannot_say;Letztes Jahr hat Linda Timo ein schones Geschenk zum Geburtstag gebastelt.;Vor einer Woche hat Timo wieder ein schones Geschenk empfangen, weil er bei einer Wichtelaktion mitgemacht hat.;Es lässt sich nicht sagen, wie oft Timo ein schones Geschenk empfangen hat.;neutral;2;positive;a;cannot say
exp1_02_pa_n_d_once;Letztes Jahr hat Linda Timo ein schones Geschenk zum Geburtstag gebastelt.;Vor einer Woche hat Linda wieder ein schones Geschenk empfangen, weil sie bei einer Wichtelaktion mitgemacht hat.;Linda hat einmal ein schones Geschenk empfangen.;entailment;2;neutral;a;once
exp1_02_pa_n_d_twice;Letztes Jahr hat Linda Timo ein schones Geschenk zum Geburtstag gebastelt.;Vor einer Woche hat Linda wieder ein schones Geschenk empfangen, weil sie bei einer Wichtelaktion mitgemacht hat.;Linda hat mindestens zweimal ein schones Geschenk empfangen.;neutral;2;neutral;a;twice
exp1_02_pa_n_d_cannot_say;Letztes Jahr hat Linda Timo ein schones Geschenk zum Geburtstag gebastelt.;Vor einer Woche hat Linda wieder ein schones Geschenk empfangen, weil sie bei einer Wichtelaktion mitgemacht hat.;Es lässt sich nicht sagen, wie oft Linda ein schones Geschenk empfangen hat.;neutral;2;neutral;a;cannot say
exp1_02_pb_p_f_once;Letztes Jahr hat Linda Timo ein schones Geschenk zum Geburtstag gebastelt.;Vor einer Woche hat Timo wieder ein schones Geschenk gemacht, weil er bei einer Wichtelaktion mitgemacht hat.;Timo hat einmal ein schones Geschenk gemacht.;neutral;2;positive;b;once
exp1_02_pb_p_f_twice;Letztes Jahr hat Linda Timo ein schones Geschenk zum Geburtstag gebastelt.;Vor einer Woche hat Timo wieder ein schones Geschenk gemacht, weil er bei einer Wichtelaktion mitgemacht hat.;Timo hat mindestens zweimal ein schones Geschenk gemacht.;entailment;2;positive;b;twice
exp1_02_pb_p_f_cannot_say;Letztes Jahr hat Linda Timo ein schones Geschenk zum Geburtstag gebastelt.;Vor einer Woche hat Timo wieder ein schones Geschenk gemacht, weil er bei einer Wichtelaktion mitgemacht hat.;Es lässt sich nicht sagen, wie oft Timo ein schones Geschenk gemacht hat.;neutral;2;positive;b;cannot say
exp1_02_pb_n_d_once;Letztes Jahr hat Linda Timo ein schones Geschenk zum Geburtstag gebastelt.;Vor einer Woche hat Linda wieder ein schones Geschenk gemacht, weil sie bei einer Wichtelaktion mitgemacht hat.;Linda hat einmal ein schones Geschenk gemacht.;entailment;2;neutral;b;once
exp1_02_pb_n_d_twice;Letztes Jahr hat Linda Timo ein schones Geschenk zum Geburtstag gebastelt.;Vor einer Woche hat Linda wieder ein schones Geschenk gemacht, weil sie bei einer Wichtelaktion mitgemacht hat.;Linda hat mindestens zweimal ein schones Geschenk gemacht.;neutral;2;neutral;b;twice
exp1_02_pb_n_d_cannot_say;Letztes Jahr hat Linda Timo ein schones Geschenk zum Geburtstag gebastelt.;Vor einer Woche hat Linda wieder ein schones Geschenk gemacht, weil sie bei einer Wichtelaktion mitgemacht hat.;Es lässt sich nicht sagen, wie oft Linda ein schones Geschenk gemacht hat.;neutral;2;neutral;b;cannot say
exp1_02_na_p_f_once;Letztes Jahr hat Timo Linda ein schones Geschenk zum Geburtstag gebastelt.;Vor einer Woche hat Linda wieder ein schones Geschenk empfangen, weil sie bei einer Wichtelaktion mitgemacht hat.;Linda hat einmal ein schones Geschenk empfangen.;entailment;2;positive;a;once
exp1_02_na_p_f_twice;Letztes Jahr hat Timo Linda ein schones Geschenk zum Geburtstag gebastelt.;Vor einer Woche hat Linda wieder ein schones Geschenk empfangen, weil sie bei einer Wichtelaktion mitgemacht hat.;Linda hat mindestens zweimal ein schones Geschenk empfangen.;neutral;2;positive;a;twice
exp1_02_na_p_f_cannot_say;Letztes Jahr hat Timo Linda ein schones Geschenk zum Geburtstag gebastelt.;Vor einer Woche hat Linda wieder ein schones Geschenk empfangen, weil sie bei einer Wichtelaktion mitgemacht hat.;Es lässt sich nicht sagen, wie oft Linda ein schones Geschenk empfangen hat.;neutral;2;positive;a;cannot say
exp1_02_na_n_d_once;Letztes Jahr hat Timo Linda ein schones Geschenk zum Geburtstag gebastelt.;Vor einer Woche hat Timo wieder ein schones Geschenk empfangen, weil er bei einer Wichtelaktion mitgemacht hat.;Timo hat einmal ein schones Geschenk empfangen.;neutral;2;neutral;a;once
exp1_02_na_n_d_twice;Letztes Jahr hat Timo Linda ein schones Geschenk zum Geburtstag gebastelt.;Vor einer Woche hat Timo wieder ein schones Geschenk empfangen, weil er bei einer Wichtelaktion mitgemacht hat.;Timo hat mindestens zweimal ein schones Geschenk empfangen.;entailment;2;neutral;a;twice
exp1_02_na_n_d_cannot_say;Letztes Jahr hat Timo Linda ein schones Geschenk zum Geburtstag gebastelt.;Vor einer Woche hat Timo wieder ein schones Geschenk empfangen, weil er bei einer Wichtelaktion mitgemacht hat.;Es lässt sich nicht sagen, wie oft Timo ein schones Geschenk empfangen hat.;neutral;2;neutral;a;cannot say
exp1_02_nb_p_f_once;Letztes Jahr hat Timo Linda ein schones Geschenk zum Geburtstag gebastelt.;Vor einer Woche hat Linda wieder ein schones Geschenk gemacht, weil sie bei einer Wichtelaktion mitgemacht hat.;Linda hat einmal ein schones Geschenk gemacht.;entailment;2;positive;b;once
exp1_02_nb_p_f_twice;Letztes Jahr hat Timo Linda ein schones Geschenk zum Geburtstag gebastelt.;Vor einer Woche hat Linda wieder ein schones Geschenk gemacht, weil sie bei einer Wichtelaktion mitgemacht hat.;Linda hat mindestens zweimal ein schones Geschenk gemacht.;neutral;2;positive;b;twice
exp1_02_nb_p_f_cannot_say;Letztes Jahr hat Timo Linda ein schones Geschenk zum Geburtstag gebastelt.;Vor einer Woche hat Linda wieder ein schones Geschenk gemacht, weil sie bei einer Wichtelaktion mitgemacht hat.;Es lässt sich nicht sagen, wie oft Linda ein schones Geschenk gemacht hat.;neutral;2;positive;b;cannot say
exp1_02_nb_n_d_once;Letztes Jahr hat Timo Linda ein schones Geschenk zum Geburtstag gebastelt.;Vor einer Woche hat Timo wieder ein schones Geschenk gemacht, weil er bei einer Wichtelaktion mitgemacht hat.;Timo hat einmal ein schones Geschenk gemacht.;neutral;2;neutral;b;once
exp1_02_nb_n_d_twice;Letztes Jahr hat Timo Linda ein schones Geschenk zum Geburtstag gebastelt.;Vor einer Woche hat Timo wieder ein schones Geschenk gemacht, weil er bei einer Wichtelaktion mitgemacht hat.;Timo hat mindestens zweimal ein schones Geschenk gemacht.;entailment;2;neutral;b;twice
exp1_02_nb_n_d_cannot_say;Letztes Jahr hat Timo Linda ein schones Geschenk zum Geburtstag gebastelt.;Vor einer Woche hat Timo wieder ein schones Geschenk gemacht, weil er bei einer Wichtelaktion mitgemacht hat.;Es lässt sich nicht sagen, wie oft Timo ein schones Geschenk gemacht hat.;neutral;2;neutral;b;cannot say
exp1_03_pa_p_f_once;Letztes Jahr hat Linda Thorsten ein selbstgeschriebenes Lied vorgesungen.;Vor drei Wochen hat Linda wieder ein selbstgeschriebenes Lied gehort, als sie bei einer Freundin daheim war.;Linda hat einmal ein selbstgeschriebenes Lied gehort.;neutral;3;positive;a;once
exp1_03_pa_p_f_twice;Letztes Jahr hat Linda Thorsten ein selbstgeschriebenes Lied vorgesungen.;Vor drei Wochen hat Linda wieder ein selbstgeschriebenes Lied gehort, als sie bei einer Freundin daheim war.;Linda hat mindestens zweimal ein selbstgeschriebenes Lied gehort.;entailment;3;positive;a;twice
exp1_03_pa_p_f_cannot_say;Letztes Jahr hat Linda Thorsten ein selbstgeschriebenes Lied vorgesungen.;Vor drei Wochen hat Linda wieder ein selbstgeschriebenes Lied gehort, als sie bei einer Freundin daheim war.;Es lässt sich nicht sagen, wie oft Linda ein selbstgeschriebenes Lied gehort hat.;neutral;3;positive;a;cannot say
exp1_03_pa_n_d_once;Letztes Jahr hat Linda Thorsten ein selbstgeschriebenes Lied vorgesungen.;Vor drei Wochen hat Thorsten wieder ein selbstgeschriebenes Lied gehort, als er bei einer Freundin daheim war.;Thorsten hat einmal ein selbstgeschriebenes Lied gehort.;entailment;3;neutral;a;once
exp1_03_pa_n_d_twice;Letztes Jahr hat Linda Thorsten ein selbstgeschriebenes Lied vorgesungen.;Vor drei Wochen hat Thorsten wieder ein selbstgeschriebenes Lied gehort, als er bei einer Freundin daheim war.;Thorsten hat mindestens zweimal ein selbstgeschriebenes Lied gehort.;neutral;3;neutral;a;twice
exp1_03_pa_n_d_cannot_say;Letztes Jahr hat Linda Thorsten ein selbstgeschriebenes Lied vorgesungen.;Vor drei Wochen hat Thorsten wieder ein selbstgeschriebenes Lied gehort, als er bei einer Freundin daheim war.;Es lässt sich nicht sagen, wie oft Thorsten ein selbstgeschriebenes Lied gehort hat.;neutral;3;neutral;a;cannot say
exp1_03_pb_p_f_once;Letztes Jahr hat Linda Thorsten ein selbstgeschriebenes Lied vorgesungen.;Vor drei Wochen hat Linda wieder ein selbstgeschriebenes Lied gesungen, als sie bei einer Freundin daheim war.;Linda hat einmal ein selbstgeschriebenes Lied gesungen.;neutral;3;positive;b;once
exp1_03_pb_p_f_twice;Letztes Jahr hat Linda Thorsten ein selbstgeschriebenes Lied vorgesungen.;Vor drei Wochen hat Linda wieder ein selbstgeschriebenes Lied gesungen, als sie bei einer Freundin daheim war.;Linda hat mindestens zweimal ein selbstgeschriebenes Lied gesungen.;entailment;3;positive;b;twice
exp1_03_pb_p_f_cannot_say;Letztes Jahr hat Linda Thorsten ein selbstgeschriebenes Lied vorgesungen.;Vor drei Wochen hat Linda wieder ein selbstgeschriebenes Lied gesungen, als sie bei einer Freundin daheim war.;Es lässt sich nicht sagen, wie oft Linda ein selbstgeschriebenes Lied gesungen hat.;neutral;3;positive;b;cannot say
exp1_03_pb_n_d_once;Letztes Jahr hat Linda Thorsten ein selbstgeschriebenes Lied vorgesungen.;Vor drei Wochen hat Thorsten wieder ein selbstgeschriebenes Lied gesungen, als er bei einer Freundin daheim war.;Thorsten hat einmal ein selbstgeschriebenes Lied gesungen.;entailment;3;neutral;b;once
exp1_03_pb_n_d_twice;Letztes Jahr hat Linda Thorsten ein selbstgeschriebenes Lied vorgesungen.;Vor drei Wochen hat Thorsten wieder ein selbstgeschriebenes Lied gesungen, als er bei einer Freundin daheim war.;Thorsten hat mindestens zweimal ein selbstgeschriebenes Lied gesungen.;neutral;3;neutral;b;twice
exp1_03_pb_n_d_cannot_say;Letztes Jahr hat Linda Thorsten ein selbstgeschriebenes Lied vorgesungen.;Vor drei Wochen hat Thorsten wieder ein selbstgeschriebenes Lied gesungen, als er bei einer Freundin daheim war.;Es lässt sich nicht sagen, wie oft Thorsten ein selbstgeschriebenes Lied gesungen hat.;neutral;3;neutral;b;cannot say
exp1_03_na_p_f_once;Letztes Jahr hat Thorsten Linda ein selbstgeschriebenes Lied vorgesungen.;Vor drei Wochen hat Thorsten wieder ein selbstgeschriebenes Lied gehort, als er bei einer Freundin daheim war.;Thorsten hat einmal ein selbstgeschriebenes Lied gehort.;entailment;3;positive;a;once
exp1_03_na_p_f_twice;Letztes Jahr hat Thorsten Linda ein selbstgeschriebenes Lied vorgesungen.;Vor drei Wochen hat Thorsten wieder ein selbstgeschriebenes Lied gehort, als er bei einer Freundin daheim war.;Thorsten hat mindestens zweimal ein selbstgeschriebenes Lied gehort.;neutral;3;positive;a;twice
exp1_03_na_p_f_cannot_say;Letztes Jahr hat Thorsten Linda ein selbstgeschriebenes Lied vorgesungen.;Vor drei Wochen hat Thorsten wieder ein selbstgeschriebenes Lied gehort, als er bei einer Freundin daheim war.;Es lässt sich nicht sagen, wie oft Thorsten ein selbstgeschriebenes Lied gehort hat.;neutral;3;positive;a;cannot say
exp1_03_na_n_d_once;Letztes Jahr hat Thorsten Linda ein selbstgeschriebenes Lied vorgesungen.;Vor drei Wochen hat Linda wieder ein selbstgeschriebenes Lied gehort, als sie bei einer Freundin daheim war.;Linda hat einmal ein selbstgeschriebenes Lied gehort.;neutral;3;neutral;a;once
exp1_03_na_n_d_twice;Letztes Jahr hat Thorsten Linda ein selbstgeschriebenes Lied vorgesungen.;Vor drei Wochen hat Linda wieder ein selbstgeschriebenes Lied gehort, als sie bei einer Freundin daheim war.;Linda hat mindestens zweimal ein selbstgeschriebenes Lied gehort.;entailment;3;neutral;a;twice
exp1_03_na_n_d_cannot_say;Letztes Jahr hat Thorsten Linda ein selbstgeschriebenes Lied vorgesungen.;Vor drei Wochen hat Linda wieder ein selbstgeschriebenes Lied gehort, als sie bei einer Freundin daheim war.;Es lässt sich nicht sagen, wie oft Linda ein selbstgeschriebenes Lied gehort hat.;neutral;3;neutral;a;cannot say
exp1_03_nb_p_f_once;Letztes Jahr hat Thorsten Linda ein selbstgeschriebenes Lied vorgesungen.;Vor drei Wochen hat Thorsten wieder ein selbstgeschriebenes Lied gesungen, als er bei einer Freundin daheim war.;Thorsten hat einmal ein selbstgeschriebenes Lied gesungen.;entailment;3;positive;b;once
exp1_03_nb_p_f_twice;Letztes Jahr hat Thorsten Linda ein selbstgeschriebenes Lied vorgesungen.;Vor drei Wochen hat Thorsten wieder ein selbstgeschriebenes Lied gesungen, als er bei einer Freundin daheim war.;Thorsten hat mindestens zweimal ein selbstgeschriebenes Lied gesungen.;neutral;3;positive;b;twice
exp1_03_nb_p_f_cannot_say;Letztes Jahr hat Thorsten Linda ein selbstgeschriebenes Lied vorgesungen.;Vor drei Wochen hat Thorsten wieder ein selbstgeschriebenes Lied gesungen, als er bei einer Freundin daheim war.;Es lässt sich nicht sagen, wie oft Thorsten ein selbstgeschriebenes Lied gesungen hat.;neutral;3;positive;b;cannot say
exp1_03_nb_n_d_once;Letztes Jahr hat Thorsten Linda ein selbstgeschriebenes Lied vorgesungen.;Vor drei Wochen hat Linda wieder ein selbstgeschriebenes Lied gesungen, als sie bei einer Freundin daheim war.;Linda hat einmal ein selbstgeschriebenes Lied gesungen.;neutral;3;neutral;b;once
exp1_03_nb_n_d_twice;Letztes Jahr hat Thorsten Linda ein selbstgeschriebenes Lied vorgesungen.;Vor drei Wochen hat Linda wieder ein selbstgeschriebenes Lied gesungen, als sie bei einer Freundin daheim war.;Linda hat mindestens zweimal ein selbstgeschriebenes Lied gesungen.;entailment;3;neutral;b;twice
exp1_03_nb_n_d_cannot_say;Letztes Jahr hat Thorsten Linda ein selbstgeschriebenes Lied vorgesungen.;Vor drei Wochen hat Linda wieder ein selbstgeschriebenes Lied gesungen, als sie bei einer Freundin daheim war.;Es lässt sich nicht sagen, wie oft Linda ein selbstgeschriebenes Lied gesungen hat.;neutral;3;neutral;b;cannot say
exp1_04_pa_p_f_once;Vorletzte Woche hat Linda Karl eine rote Rose geschenkt.;Vor vier Tagen hat Linda wieder eine rote Rose bekommen, als sie zu einem Date verabredet war.;Linda hat einmal eine rote Rose bekommen.;neutral;4;positive;a;once
exp1_04_pa_p_f_twice;Vorletzte Woche hat Linda Karl eine rote Rose geschenkt.;Vor vier Tagen hat Linda wieder eine rote Rose bekommen, als sie zu einem Date verabredet war.;Linda hat mindestens zweimal eine rote Rose bekommen.;entailment;4;positive;a;twice
exp1_04_pa_p_f_cannot_say;Vorletzte Woche hat Linda Karl eine rote Rose geschenkt.;Vor vier Tagen hat Linda wieder eine rote Rose bekommen, als sie zu einem Date verabredet war.;Es lässt sich nicht sagen, wie oft Linda eine rote Rose bekommen hat.;neutral;4;positive;a;cannot say
exp1_04_pa_n_d_once;Vorletzte Woche hat Linda Karl eine rote Rose geschenkt.;Vor vier Tagen hat Karl wieder eine rote Rose bekommen, als er zu einem Date verabredet war.;Karl hat einmal eine rote Rose bekommen.;entailment;4;neutral;a;once
exp1_04_pa_n_d_twice;Vorletzte Woche hat Linda Karl eine rote Rose geschenkt.;Vor vier Tagen hat Karl wieder eine rote Rose bekommen, als er zu einem Date verabredet war.;Karl hat mindestens zweimal eine rote Rose bekommen.;neutral;4;neutral;a;twice
exp1_04_pa_n_d_cannot_say;Vorletzte Woche hat Linda Karl eine rote Rose geschenkt.;Vor vier Tagen hat Karl wieder eine rote Rose bekommen, als er zu einem Date verabredet war.;Es lässt sich nicht sagen, wie oft Karl eine rote Rose bekommen hat.;neutral;4;neutral;a;cannot say
exp1_04_pb_p_f_once;Vorletzte Woche hat Linda Karl eine rote Rose geschenkt.;Vor vier Tagen hat Linda wieder eine rote Rose vergeben, als sie zu einem Date verabredet war.;Linda hat einmal eine rote Rose vergeben.;neutral;4;positive;b;once
exp1_04_pb_p_f_twice;Vorletzte Woche hat Linda Karl eine rote Rose geschenkt.;Vor vier Tagen hat Linda wieder eine rote Rose vergeben, als sie zu einem Date verabredet war.;Linda hat mindestens zweimal eine rote Rose vergeben.;entailment;4;positive;b;twice
exp1_04_pb_p_f_cannot_say;Vorletzte Woche hat Linda Karl eine rote Rose geschenkt.;Vor vier Tagen hat Linda wieder eine rote Rose vergeben, als sie zu einem Date verabredet war.;Es lässt sich nicht sagen, wie oft Linda eine rote Rose vergeben hat.;neutral;4;positive;b;cannot say
exp1_04_pb_n_d_once;Vorletzte Woche hat Linda Karl eine rote Rose geschenkt.;Vor vier Tagen hat Karl wieder eine rote Rose vergeben, als er zu einem Date verabredet war.;Karl hat einmal eine rote Rose vergeben.;entailment;4;neutral;b;once
exp1_04_pb_n_d_twice;Vorletzte Woche hat Linda Karl eine rote Rose geschenkt.;Vor vier Tagen hat Karl wieder eine rote Rose vergeben, als er zu einem Date verabredet war.;Karl hat mindestens zweimal eine rote Rose vergeben.;neutral;4;neutral;b;twice
exp1_04_pb_n_d_cannot_say;Vorletzte Woche hat Linda Karl eine rote Rose geschenkt.;Vor vier Tagen hat Karl wieder eine rote Rose vergeben, als er zu einem Date verabredet war.;Es lässt sich nicht sagen, wie oft Karl eine rote Rose vergeben hat.;neutral;4;neutral;b;cannot say
exp1_04_na_p_f_once;Vorletzte Woche hat Karl Linda eine rote Rose geschenkt.;Vor vier Tagen hat Karl wieder eine rote Rose bekommen, als er zu einem Date verabredet war.;Karl hat einmal eine rote Rose bekommen.;entailment;4;positive;a;once
exp1_04_na_p_f_twice;Vorletzte Woche hat Karl Linda eine rote Rose geschenkt.;Vor vier Tagen hat Karl wieder eine rote Rose bekommen, als er zu einem Date verabredet war.;Karl hat mindestens zweimal eine rote Rose bekommen.;neutral;4;positive;a;twice
exp1_04_na_p_f_cannot_say;Vorletzte Woche hat Karl Linda eine rote Rose geschenkt.;Vor vier Tagen hat Karl wieder eine rote Rose bekommen, als er zu einem Date verabredet war.;Es lässt sich nicht sagen, wie oft Karl eine rote Rose bekommen hat.;neutral;4;positive;a;cannot say
exp1_04_na_n_d_once;Vorletzte Woche hat Karl Linda eine rote Rose geschenkt.;Vor vier Tagen hat Linda wieder eine rote Rose bekommen, als sie zu einem Date verabredet war.;Linda hat einmal eine rote Rose bekommen.;neutral;4;neutral;a;once
exp1_04_na_n_d_twice;Vorletzte Woche hat Karl Linda eine rote Rose geschenkt.;Vor vier Tagen hat Linda wieder eine rote Rose bekommen, als sie zu einem Date verabredet war.;Linda hat mindestens zweimal eine rote Rose bekommen.;entailment;4;neutral;a;twice
exp1_04_na_n_d_cannot_say;Vorletzte Woche hat Karl Linda eine rote Rose geschenkt.;Vor vier Tagen hat Linda wieder eine rote Rose bekommen, als sie zu einem Date verabredet war.;Es lässt sich nicht sagen, wie oft Linda eine rote Rose bekommen hat.;neutral;4;neutral;a;cannot say
exp1_04_nb_p_f_once;Vorletzte Woche hat Karl Linda eine rote Rose geschenkt.;Vor vier Tagen hat Karl wieder eine rote Rose vergeben, als er zu einem Date verabredet war.;Karl hat einmal eine rote Rose vergeben.;entailment;4;positive;b;once
exp1_04_nb_p_f_twice;Vorletzte Woche hat Karl Linda eine rote Rose geschenkt.;Vor vier Tagen hat Karl wieder eine rote Rose vergeben, als er zu einem Date verabredet war.;Karl hat mindestens zweimal eine rote Rose vergeben.;neutral;4;positive;b;twice
exp1_04_nb_p_f_cannot_say;Vorletzte Woche hat Karl Linda eine rote Rose geschenkt.;Vor vier Tagen hat Karl wieder eine rote Rose vergeben, als er zu einem Date verabredet war.;Es lässt sich nicht sagen, wie oft Karl eine rote Rose vergeben hat.;neutral;4;positive;b;cannot say
exp1_04_nb_n_d_once;Vorletzte Woche hat Karl Linda eine rote Rose geschenkt.;Vor vier Tagen hat Linda wieder eine rote Rose vergeben, als sie zu einem Date verabredet war.;Linda hat einmal eine rote Rose vergeben.;neutral;4;neutral;b;once
exp1_04_nb_n_d_twice;Vorletzte Woche hat Karl Linda eine rote Rose geschenkt.;Vor vier Tagen hat Linda wieder eine rote Rose vergeben, als sie zu einem Date verabredet war.;Linda hat mindestens zweimal eine rote Rose vergeben.;entailment;4;neutral;b;twice
exp1_04_nb_n_d_cannot_say;Vorletzte Woche hat Karl Linda eine rote Rose geschenkt.;Vor vier Tagen hat Linda wieder eine rote Rose vergeben, als sie zu einem Date verabredet war.;Es lässt sich nicht sagen, wie oft Linda eine rote Rose vergeben hat.;neutral;4;neutral;b;cannot say
exp1_05_pa_p_f_once;Vor drei Wochen hat Linda Greta einen langen Brief geschrieben.;Vor einer Woche hat Greta wieder einen langen Brief empfangen, weil sie auf eine Anzeige geantwortet hat.;Greta hat einmal einen langen Brief empfangen.;neutral;5;positive;a;once
exp1_05_pa_p_f_twice;Vor drei Wochen hat Linda Greta einen langen Brief geschrieben.;Vor einer Woche hat Greta wieder einen langen Brief empfangen, weil sie auf eine Anzeige geantwortet hat.;Greta hat mindestens zweimal einen langen Brief empfangen.;entailment;5;positive;a;twice
exp1_05_pa_p_f_cannot_say;Vor drei Wochen hat Linda Greta einen langen Brief geschrieben.;Vor einer Woche hat Greta wieder einen langen Brief empfangen, weil sie auf eine Anzeige geantwortet hat.;Es lässt sich nicht sagen, wie oft Greta einen langen Brief empfangen hat.;neutral;5;positive;a;cannot say
exp1_05_pa_n_d_once;Vor drei Wochen hat Linda Greta einen langen Brief geschrieben.;Vor einer Woche hat Linda wieder einen langen Brief empfangen, weil sie auf eine Anzeige geantwortet hat.;Linda hat einmal einen langen Brief empfangen.;entailment;5;neutral;a;once
exp1_05_pa_n_d_twice;Vor drei Wochen hat Linda Greta einen langen Brief geschrieben.;Vor einer Woche hat Linda wieder einen langen Brief empfangen, weil sie auf eine Anzeige geantwortet hat.;Linda hat mindestens zweimal einen langen Brief empfangen.;neutral;5;neutral;a;twice
exp1_05_pa_n_d_cannot_say;Vor drei Wochen hat Linda Greta einen langen Brief geschrieben.;Vor einer Woche hat Linda wieder einen langen Brief empfangen, weil sie auf eine Anzeige geantwortet hat.;Es lässt sich nicht sagen, wie oft Linda einen langen Brief empfangen hat.;neutral;5;neutral;a;cannot say
exp1_05_pb_p_f_once;Vor drei Wochen hat Linda Greta einen langen Brief geschrieben.;Vor einer Woche hat Greta wieder einen langen Brief verfasst, weil sie auf eine Anzeige geantwortet hat.;Greta hat einmal einen langen Brief verfasst.;neutral;5;positive;b;once
exp1_05_pb_p_f_twice;Vor drei Wochen hat Linda Greta einen langen Brief geschrieben.;Vor einer Woche hat Greta wieder einen langen Brief verfasst, weil sie auf eine Anzeige geantwortet hat.;Greta hat mindestens zweimal einen langen Brief verfasst.;entailment;5;positive;b;twice
exp1_05_pb_p_f_cannot_say;Vor drei Wochen hat Linda Greta einen langen Brief geschrieben.;Vor einer Woche hat Greta wieder einen langen Brief verfasst, weil sie auf eine Anzeige geantwortet hat.;Es lässt sich nicht sagen, wie oft Greta einen langen Brief verfasst hat.;neutral;5;positive;b;cannot say
exp1_05_pb_n_d_once;Vor drei Wochen hat Linda Greta einen langen Brief geschrieben.;Vor einer Woche hat Linda wieder einen langen Brief verfasst, weil sie auf eine Anzeige geantwortet hat.;Linda hat einmal einen langen Brief verfasst.;entailment;5;neutral;b;once
exp1_05_pb_n_d_twice;Vor drei Wochen hat Linda Greta einen langen Brief geschrieben.;Vor einer Woche hat Linda wieder einen langen Brief verfasst, weil sie auf eine Anzeige geantwortet hat.;Linda hat mindestens zweimal einen langen Brief verfasst.;neutral;5;neutral;b;twice
exp1_05_pb_n_d_cannot_say;Vor drei Wochen hat Linda Greta einen langen Brief geschrieben.;Vor einer Woche hat Linda wieder einen langen Brief verfasst, weil sie auf eine Anzeige geantwortet hat.;Es lässt sich nicht sagen, wie oft Linda einen langen Brief verfasst hat.;neutral;5;neutral;b;cannot say
exp1_05_na_p_f_once;Vor drei Wochen hat Greta Linda einen langen Brief geschrieben.;Vor einer Woche hat Linda wieder einen langen Brief empfangen, weil sie auf eine Anzeige geantwortet hat.;Linda hat einmal einen langen Brief empfangen.;entailment;5;positive;a;once
exp1_05_na_p_f_twice;Vor drei Wochen hat Greta Linda einen langen Brief geschrieben.;Vor einer Woche hat Linda wieder einen langen Brief empfangen, weil sie auf eine Anzeige geantwortet hat.;Linda hat mindestens zweimal einen langen Brief empfangen.;neutral;5;positive;a;twice
exp1_05_na_p_f_cannot_say;Vor drei Wochen hat Greta Linda einen langen Brief geschrieben.;Vor einer Woche hat Linda wieder einen langen Brief empfangen, weil sie auf eine Anzeige geantwortet hat.;Es lässt sich nicht sagen, wie oft Linda einen langen Brief empfangen hat.;neutral;5;positive;a;cannot say
exp1_05_na_n_d_once;Vor drei Wochen hat Greta Linda einen langen Brief geschrieben.;Vor einer Woche hat Greta wieder einen langen Brief empfangen, weil sie auf eine Anzeige geantwortet hat.;Greta hat einmal einen langen Brief empfangen.;neutral;5;neutral;a;once
exp1_05_na_n_d_twice;Vor drei Wochen hat Greta Linda einen langen Brief geschrieben.;Vor einer Woche hat Greta wieder einen langen Brief empfangen, weil sie auf eine Anzeige geantwortet hat.;Greta hat mindestens zweimal einen langen Brief empfangen.;entailment;5;neutral;a;twice
exp1_05_na_n_d_cannot_say;Vor drei Wochen hat Greta Linda einen langen Brief geschrieben.;Vor einer Woche hat Greta wieder einen langen Brief empfangen, weil sie auf eine Anzeige geantwortet hat.;Es lässt sich nicht sagen, wie oft Greta einen langen Brief empfangen hat.;neutral;5;neutral;a;cannot say
exp1_05_nb_p_f_once;Vor drei Wochen hat Greta Linda einen langen Brief geschrieben.;Vor einer Woche hat Linda wieder einen langen Brief verfasst, weil sie auf eine Anzeige geantwortet hat.;Linda hat einmal einen langen Brief verfasst.;entailment;5;positive;b;once
exp1_05_nb_p_f_twice;Vor drei Wochen hat Greta Linda einen langen Brief geschrieben.;Vor einer Woche hat Linda wieder einen langen Brief verfasst, weil sie auf eine Anzeige geantwortet hat.;Linda hat mindestens zweimal einen langen Brief verfasst.;neutral;5;positive;b;twice
exp1_05_nb_p_f_cannot_say;Vor drei Wochen hat Greta Linda einen langen Brief geschrieben.;Vor einer Woche hat Linda wieder einen langen Brief verfasst, weil sie auf eine Anzeige geantwortet hat.;Es lässt sich nicht sagen, wie oft Linda einen langen Brief verfasst hat.;neutral;5;positive;b;cannot say
exp1_05_nb_n_d_once;Vor drei Wochen hat Greta Linda einen langen Brief geschrieben.;Vor einer Woche hat Greta wieder einen langen Brief verfasst, weil sie auf eine Anzeige geantwortet hat.;Greta hat einmal einen langen Brief verfasst.;neutral;5;neutral;b;once
exp1_05_nb_n_d_twice;Vor drei Wochen hat Greta Linda einen langen Brief geschrieben.;Vor einer Woche hat Greta wieder einen langen Brief verfasst, weil sie auf eine Anzeige geantwortet hat.;Greta hat mindestens zweimal einen langen Brief verfasst.;entailment;5;neutral;b;twice
exp1_05_nb_n_d_cannot_say;Vor drei Wochen hat Greta Linda einen langen Brief geschrieben.;Vor einer Woche hat Greta wieder einen langen Brief verfasst, weil sie auf eine Anzeige geantwortet hat.;Es lässt sich nicht sagen, wie oft Greta einen langen Brief verfasst hat.;neutral;5;neutral;b;cannot say
exp1_06_pa_p_f_once;Vor zwei Monaten hat Judith fur Tina einen leckeren Kuchen gebacken.;Vor zwei Wochen hat Tina wieder einen leckeren Kuchen erhalten, weil sie zu einer Party eingeladen hatte.;Tina hat einmal einen leckeren Kuchen erhalten.;neutral;6;positive;a;once
exp1_06_pa_p_f_twice;Vor zwei Monaten hat Judith fur Tina einen leckeren Kuchen gebacken.;Vor zwei Wochen hat Tina wieder einen leckeren Kuchen erhalten, weil sie zu einer Party eingeladen hatte.;Tina hat mindestens zweimal einen leckeren Kuchen erhalten.;entailment;6;positive;a;twice
exp1_06_pa_p_f_cannot_say;Vor zwei Monaten hat Judith fur Tina einen leckeren Kuchen gebacken.;Vor zwei Wochen hat Tina wieder einen leckeren Kuchen erhalten, weil sie zu einer Party eingeladen hatte.;Es lässt sich nicht sagen, wie oft Tina einen leckeren Kuchen erhalten hat.;neutral;6;positive;a;cannot say
exp1_06_pa_n_d_once;Vor zwei Monaten hat Judith fur Tina einen leckeren Kuchen gebacken.;Vor zwei Wochen hat Judith wieder einen leckeren Kuchen erhalten, weil sie zu einer Party eingeladen hatte.;Judith hat einmal einen leckeren Kuchen erhalten.;entailment;6;neutral;a;once
exp1_06_pa_n_d_twice;Vor zwei Monaten hat Judith fur Tina einen leckeren Kuchen gebacken.;Vor zwei Wochen hat Judith wieder einen leckeren Kuchen erhalten, weil sie zu einer Party eingeladen hatte.;Judith hat mindestens zweimal einen leckeren Kuchen erhalten.;neutral;6;neutral;a;twice
exp1_06_pa_n_d_cannot_say;Vor zwei Monaten hat Judith fur Tina einen leckeren Kuchen gebacken.;Vor zwei Wochen hat Judith wieder einen leckeren Kuchen erhalten, weil sie zu einer Party eingeladen hatte.;Es lässt sich nicht sagen, wie oft Judith einen leckeren Kuchen erhalten hat.;neutral;6;neutral;a;cannot say
exp1_06_pb_p_f_once;Vor zwei Monaten hat Judith fur Tina einen leckeren Kuchen gebacken.;Vor zwei Wochen hat Tina wieder einen leckeren Kuchen gemacht, weil sie zu einer Party eingeladen hatte.;Tina hat einmal einen leckeren Kuchen gemacht.;neutral;6;positive;b;once
exp1_06_pb_p_f_twice;Vor zwei Monaten hat Judith fur Tina einen leckeren Kuchen gebacken.;Vor zwei Wochen hat Tina wieder einen leckeren Kuchen gemacht, weil sie zu einer Party eingeladen hatte.;Tina hat mindestens zweimal einen leckeren Kuchen gemacht.;entailment;6;positive;b;twice
exp1_06_pb_p_f_cannot_say;Vor zwei Monaten hat Judith fur Tina einen leckeren Kuchen gebacken.;Vor zwei Wochen hat Tina wieder einen leckeren Kuchen gemacht, weil sie zu einer Party eingeladen hatte.;Es lässt sich nicht sagen, wie oft Tina einen leckeren Kuchen gemacht hat.;neutral;6;positive;b;cannot say
exp1_06_pb_n_d_once;Vor zwei Monaten hat Judith fur Tina einen leckeren Kuchen gebacken.;Vor zwei Wochen hat Judith wieder einen leckeren Kuchen gemacht, weil sie zu einer Party eingeladen hatte.;Judith hat einmal einen leckeren Kuchen gemacht.;entailment;6;neutral;b;once
exp1_06_pb_n_d_twice;Vor zwei Monaten hat Judith fur Tina einen leckeren Kuchen gebacken.;Vor zwei Wochen hat Judith wieder einen leckeren Kuchen gemacht, weil sie zu einer Party eingeladen hatte.;Judith hat mindestens zweimal einen leckeren Kuchen gemacht.;neutral;6;neutral;b;twice
exp1_06_pb_n_d_cannot_say;Vor zwei Monaten hat Judith fur Tina einen leckeren Kuchen gebacken.;Vor zwei Wochen hat Judith wieder einen leckeren Kuchen gemacht, weil sie zu einer Party eingeladen hatte.;Es lässt sich nicht sagen, wie oft Judith einen leckeren Kuchen gemacht hat.;neutral;6;neutral;b;cannot say
exp1_06_na_p_f_once;Vor zwei Monaten hat Tina fur Judith einen leckeren Kuchen gebacken.;Vor zwei Wochen hat Judith wieder einen leckeren Kuchen erhalten, weil sie zu einer Party eingeladen hatte.;Judith hat einmal einen leckeren Kuchen erhalten.;entailment;6;positive;a;once
exp1_06_na_p_f_twice;Vor zwei Monaten hat Tina fur Judith einen leckeren Kuchen gebacken.;Vor zwei Wochen hat Judith wieder einen leckeren Kuchen erhalten, weil sie zu einer Party eingeladen hatte.;Judith hat mindestens zweimal einen leckeren Kuchen erhalten.;neutral;6;positive;a;twice
exp1_06_na_p_f_cannot_say;Vor zwei Monaten hat Tina fur Judith einen leckeren Kuchen gebacken.;Vor zwei Wochen hat Judith wieder einen leckeren Kuchen erhalten, weil sie zu einer Party eingeladen hatte.;Es lässt sich nicht sagen, wie oft Judith einen leckeren Kuchen erhalten hat.;neutral;6;positive;a;cannot say
exp1_06_na_n_d_once;Vor zwei Monaten hat Tina fur Judith einen leckeren Kuchen gebacken.;Vor zwei Wochen hat Tina wieder einen leckeren Kuchen erhalten, weil sie zu einer Party eingeladen hatte.;Tina hat einmal einen leckeren Kuchen erhalten.;neutral;6;neutral;a;once
exp1_06_na_n_d_twice;Vor zwei Monaten hat Tina fur Judith einen leckeren Kuchen gebacken.;Vor zwei Wochen hat Tina wieder einen leckeren Kuchen erhalten, weil sie zu einer Party eingeladen hatte.;Tina hat mindestens zweimal einen leckeren Kuchen erhalten.;entailment;6;neutral;a;twice
exp1_06_na_n_d_cannot_say;Vor zwei Monaten hat Tina fur Judith einen leckeren Kuchen gebacken.;Vor zwei Wochen hat Tina wieder einen leckeren Kuchen erhalten, weil sie zu einer Party eingeladen hatte.;Es lässt sich nicht sagen, wie oft Tina einen leckeren Kuchen erhalten hat.;neutral;6;neutral;a;cannot say
exp1_06_nb_p_f_once;Vor zwei Monaten hat Tina fur Judith einen leckeren Kuchen gebacken.;Vor zwei Wochen hat Judith wieder einen leckeren Kuchen gemacht, weil sie zu einer Party eingeladen hatte.;Judith hat einmal einen leckeren Kuchen gemacht.;entailment;6;positive;b;once
exp1_06_nb_p_f_twice;Vor zwei Monaten hat Tina fur Judith einen leckeren Kuchen gebacken.;Vor zwei Wochen hat Judith wieder einen leckeren Kuchen gemacht, weil sie zu einer Party eingeladen hatte.;Judith hat mindestens zweimal einen leckeren Kuchen gemacht.;neutral;6;positive;b;twice
exp1_06_nb_p_f_cannot_say;Vor zwei Monaten hat Tina fur Judith einen leckeren Kuchen gebacken.;Vor zwei Wochen hat Judith wieder einen leckeren Kuchen gemacht, weil sie zu einer Party eingeladen hatte.;Es lässt sich nicht sagen, wie oft Judith einen leckeren Kuchen gemacht hat.;neutral;6;positive;b;cannot say
exp1_06_nb_n_d_once;Vor zwei Monaten hat Tina fur Judith einen leckeren Kuchen gebacken.;Vor zwei Wochen hat Tina wieder einen leckeren Kuchen gemacht, weil sie zu einer Party eingeladen hatte.;Tina hat einmal einen leckeren Kuchen gemacht.;neutral;6;neutral;b;once
exp1_06_nb_n_d_twice;Vor zwei Monaten hat Tina fur Judith einen leckeren Kuchen gebacken.;Vor zwei Wochen hat Tina wieder einen leckeren Kuchen gemacht, weil sie zu einer Party eingeladen hatte.;Tina hat mindestens zweimal einen leckeren Kuchen gemacht.;entailment;6;neutral;b;twice
exp1_06_nb_n_d_cannot_say;Vor zwei Monaten hat Tina fur Judith einen leckeren Kuchen gebacken.;Vor zwei Wochen hat Tina wieder einen leckeren Kuchen gemacht, weil sie zu einer Party eingeladen hatte.;Es lässt sich nicht sagen, wie oft Tina einen leckeren Kuchen gemacht hat.;neutral;6;neutral;b;cannot say
exp1_07_pa_p_f_once;Vor einer Woche hat Judith fur Sabine eine fetzige CD zusammengestellt.;Vor drei Tagen hat Sabine wieder eine fetzige CD bekommen, weil sie bei einer Tauschaktion mitgemacht hat.;Sabine hat einmal eine fetzige CD bekommen.;neutral;7;positive;a;once
exp1_07_pa_p_f_twice;Vor einer Woche hat Judith fur Sabine eine fetzige CD zusammengestellt.;Vor drei Tagen hat Sabine wieder eine fetzige CD bekommen, weil sie bei einer Tauschaktion mitgemacht hat.;Sabine hat mindestens zweimal eine fetzige CD bekommen.;entailment;7;positive;a;twice
exp1_07_pa_p_f_cannot_say;Vor einer Woche hat Judith fur Sabine eine fetzige CD zusammengestellt.;Vor drei Tagen hat Sabine wieder eine fetzige CD bekommen, weil sie bei einer Tauschaktion mitgemacht hat.;Es lässt sich nicht sagen, wie oft Sabine eine fetzige CD bekommen hat.;neutral;7;positive;a;cannot say
exp1_07_pa_n_d_once;Vor einer Woche hat Judith fur Sabine eine fetzige CD zusammengestellt.;Vor drei Tagen hat Judith wieder eine fetzige CD bekommen, weil sie bei einer Tauschaktion mitgemacht hat.;Judith hat einmal eine fetzige CD bekommen.;entailment;7;neutral;a;once
exp1_07_pa_n_d_twice;Vor einer Woche hat Judith fur Sabine eine fetzige CD zusammengestellt.;Vor drei Tagen hat Judith wieder eine fetzige CD bekommen, weil sie bei einer Tauschaktion mitgemacht hat.;Judith hat mindestens zweimal eine fetzige CD bekommen.;neutral;7;neutral;a;twice
exp1_07_pa_n_d_cannot_say;Vor einer Woche hat Judith fur Sabine eine fetzige CD zusammengestellt.;Vor drei Tagen hat Judith wieder eine fetzige CD bekommen, weil sie bei einer Tauschaktion mitgemacht hat.;Es lässt sich nicht sagen, wie oft Judith eine fetzige CD bekommen hat.;neutral;7;neutral;a;cannot say
exp1_07_pb_p_f_once;Vor einer Woche hat Judith fur Sabine eine fetzige CD zusammengestellt.;Vor drei Tagen hat Sabine wieder eine fetzige CD gebrannt, weil sie bei einer Tauschaktion mitgemacht hat.;Sabine hat einmal eine fetzige CD gebrannt.;neutral;7;positive;b;once
exp1_07_pb_p_f_twice;Vor einer Woche hat Judith fur Sabine eine fetzige CD zusammengestellt.;Vor drei Tagen hat Sabine wieder eine fetzige CD gebrannt, weil sie bei einer Tauschaktion mitgemacht hat.;Sabine hat mindestens zweimal eine fetzige CD gebrannt.;entailment;7;positive;b;twice
exp1_07_pb_p_f_cannot_say;Vor einer Woche hat Judith fur Sabine eine fetzige CD zusammengestellt.;Vor drei Tagen hat Sabine wieder eine fetzige CD gebrannt, weil sie bei einer Tauschaktion mitgemacht hat.;Es lässt sich nicht sagen, wie oft Sabine eine fetzige CD gebrannt hat.;neutral;7;positive;b;cannot say
exp1_07_pb_n_d_once;Vor einer Woche hat Judith fur Sabine eine fetzige CD zusammengestellt.;Vor drei Tagen hat Judith wieder eine fetzige CD gebrannt, weil sie bei einer Tauschaktion mitgemacht hat.;Judith hat einmal eine fetzige CD gebrannt.;entailment;7;neutral;b;once
exp1_07_pb_n_d_twice;Vor einer Woche hat Judith fur Sabine eine fetzige CD zusammengestellt.;Vor drei Tagen hat Judith wieder eine fetzige CD gebrannt, weil sie bei einer Tauschaktion mitgemacht hat.;Judith hat mindestens zweimal eine fetzige CD gebrannt.;neutral;7;neutral;b;twice
exp1_07_pb_n_d_cannot_say;Vor einer Woche hat Judith fur Sabine eine fetzige CD zusammengestellt.;Vor drei Tagen hat Judith wieder eine fetzige CD gebrannt, weil sie bei einer Tauschaktion mitgemacht hat.;Es lässt sich nicht sagen, wie oft Judith eine fetzige CD gebrannt hat.;neutral;7;neutral;b;cannot say
exp1_07_na_p_f_once;Vor einer Woche hat Sabine fur Judith eine fetzige CD zusammengestellt.;Vor drei Tagen hat Judith wieder eine fetzige CD bekommen, weil sie bei einer Tauschaktion mitgemacht hat.;Judith hat einmal eine fetzige CD bekommen.;entailment;7;positive;a;once
exp1_07_na_p_f_twice;Vor einer Woche hat Sabine fur Judith eine fetzige CD zusammengestellt.;Vor drei Tagen hat Judith wieder eine fetzige CD bekommen, weil sie bei einer Tauschaktion mitgemacht hat.;Judith hat mindestens zweimal eine fetzige CD bekommen.;neutral;7;positive;a;twice
exp1_07_na_p_f_cannot_say;Vor einer Woche hat Sabine fur Judith eine fetzige CD zusammengestellt.;Vor drei Tagen hat Judith wieder eine fetzige CD bekommen, weil sie bei einer Tauschaktion mitgemacht hat.;Es lässt sich nicht sagen, wie oft Judith eine fetzige CD bekommen hat.;neutral;7;positive;a;cannot say
exp1_07_na_n_d_once;Vor einer Woche hat Sabine fur Judith eine fetzige CD zusammengestellt.;Vor drei Tagen hat Sabine wieder eine fetzige CD bekommen, weil sie bei einer Tauschaktion mitgemacht hat.;Sabine hat einmal eine fetzige CD bekommen.;neutral;7;neutral;a;once
exp1_07_na_n_d_twice;Vor einer Woche hat Sabine fur Judith eine fetzige CD zusammengestellt.;Vor drei Tagen hat Sabine wieder eine fetzige CD bekommen, weil sie bei einer Tauschaktion mitgemacht hat.;Sabine hat mindestens zweimal eine fetzige CD bekommen.;entailment;7;neutral;a;twice
exp1_07_na_n_d_cannot_say;Vor einer Woche hat Sabine fur Judith eine fetzige CD zusammengestellt.;Vor drei Tagen hat Sabine wieder eine fetzige CD bekommen, weil sie bei einer Tauschaktion mitgemacht hat.;Es lässt sich nicht sagen, wie oft Sabine eine fetzige CD bekommen hat.;neutral;7;neutral;a;cannot say
exp1_07_nb_p_f_once;Vor einer Woche hat Sabine fur Judith eine fetzige CD zusammengestellt.;Vor drei Tagen hat Judith wieder eine fetzige CD gebrannt, weil sie bei einer Tauschaktion mitgemacht hat.;Judith hat einmal eine fetzige CD gebrannt.;entailment;7;positive;b;once
exp1_07_nb_p_f_twice;Vor einer Woche hat Sabine fur Judith eine fetzige CD zusammengestellt.;Vor drei Tagen hat Judith wieder eine fetzige CD gebrannt, weil sie bei einer Tauschaktion mitgemacht hat.;Judith hat mindestens zweimal eine fetzige CD gebrannt.;neutral;7;positive;b;twice
exp1_07_nb_p_f_cannot_say;Vor einer Woche hat Sabine fur Judith eine fetzige CD zusammengestellt.;Vor drei Tagen hat Judith wieder eine fetzige CD gebrannt, weil sie bei einer Tauschaktion mitgemacht hat.;Es lässt sich nicht sagen, wie oft Judith eine fetzige CD gebrannt hat.;neutral;7;positive;b;cannot say
exp1_07_nb_n_d_once;Vor einer Woche hat Sabine fur Judith eine fetzige CD zusammengestellt.;Vor drei Tagen hat Sabine wieder eine fetzige CD gebrannt, weil sie bei einer Tauschaktion mitgemacht hat.;Sabine hat einmal eine fetzige CD gebrannt.;neutral;7;neutral;b;once
exp1_07_nb_n_d_twice;Vor einer Woche hat Sabine fur Judith eine fetzige CD zusammengestellt.;Vor drei Tagen hat Sabine wieder eine fetzige CD gebrannt, weil sie bei einer Tauschaktion mitgemacht hat.;Sabine hat mindestens zweimal eine fetzige CD gebrannt.;entailment;7;neutral;b;twice
exp1_07_nb_n_d_cannot_say;Vor einer Woche hat Sabine fur Judith eine fetzige CD zusammengestellt.;Vor drei Tagen hat Sabine wieder eine fetzige CD gebrannt, weil sie bei einer Tauschaktion mitgemacht hat.;Es lässt sich nicht sagen, wie oft Sabine eine fetzige CD gebrannt hat.;neutral;7;neutral;b;cannot say
exp1_08_pa_p_f_once;Letzten Monat hat Judith bei Linda eine neue Blume im Garten eingepflanzt.;Vor einer Woche hat Linda wieder eine neue Blume bekommen, weil sie von einer Rosensorte begeistert ist.;Linda hat einmal eine neue Blume bekommen.;neutral;8;positive;a;once
exp1_08_pa_p_f_twice;Letzten Monat hat Judith bei Linda eine neue Blume im Garten eingepflanzt.;Vor einer Woche hat Linda wieder eine neue Blume bekommen, weil sie von einer Rosensorte begeistert ist.;Linda hat mindestens zweimal eine neue Blume bekommen.;entailment;8;positive;a;twice
exp1_08_pa_p_f_cannot_say;Letzten Monat hat Judith bei Linda eine neue Blume im Garten eingepflanzt.;Vor einer Woche hat Linda wieder eine neue Blume bekommen, weil sie von einer Rosensorte begeistert ist.;Es lässt sich nicht sagen, wie oft Linda eine neue Blume bekommen hat.;neutral;8;positive;a;cannot say
exp1_08_pa_n_d_once;Letzten Monat hat Judith bei Linda eine neue Blume im Garten eingepflanzt.;Vor einer Woche hat Judith wieder eine neue Blume bekommen, weil sie von einer Rosensorte begeistert ist.;Judith hat einmal eine neue Blume bekommen.;entailment;8;neutral;a;once
exp1_08_pa_n_d_twice;Letzten Monat hat Judith bei Linda eine neue Blume im Garten eingepflanzt.;Vor einer Woche hat Judith wieder eine neue Blume bekommen, weil sie von einer Rosensorte begeistert ist.;Judith hat mindestens zweimal eine neue Blume bekommen.;neutral;8;neutral;a;twice
exp1_08_pa_n_d_cannot_say;Letzten Monat hat Judith bei Linda eine neue Blume im Garten eingepflanzt.;Vor einer Woche hat Judith wieder eine neue Blume bekommen, weil sie von einer Rosensorte begeistert ist.;Es lässt sich nicht sagen, wie oft Judith eine neue Blume bekommen hat.;neutral;8;neutral;a;cannot say
exp1_08_pb_p_f_once;Letzten Monat hat Judith bei Linda eine neue Blume im Garten eingepflanzt.;Vor einer Woche hat Linda wieder eine neue Blume eingegraben, weil sie von einer Rosensorte begeistert ist.;Linda hat einmal eine neue Blume eingegraben.;neutral;8;positive;b;once
exp1_08_pb_p_f_twice;Letzten Monat hat Judith bei Linda eine neue Blume im Garten eingepflanzt.;Vor einer Woche hat Linda wieder eine neue Blume eingegraben, weil sie von einer Rosensorte begeistert ist.;Linda hat mindestens zweimal eine neue Blume eingegraben.;entailment;8;positive;b;twice
exp1_08_pb_p_f_cannot_say;Letzten Monat hat Judith bei Linda eine neue Blume im Garten eingepflanzt.;Vor einer Woche hat Linda wieder eine neue Blume eingegraben, weil sie von einer Rosensorte begeistert ist.;Es lässt sich nicht sagen, wie oft Linda eine neue Blume eingegraben hat.;neutral;8;positive;b;cannot say
exp1_08_pb_n_d_once;Letzten Monat hat Judith bei Linda eine neue Blume im Garten eingepflanzt.;Vor einer Woche hat Judith wieder eine neue Blume eingegraben, weil sie von einer Rosensorte begeistert ist.;Judith hat einmal eine neue Blume eingegraben.;entailment;8;neutral;b;once
exp1_08_pb_n_d_twice;Letzten Monat hat Judith bei Linda eine neue Blume im Garten eingepflanzt.;Vor einer Woche hat Judith wieder eine neue Blume eingegraben, weil sie von einer Rosensorte begeistert ist.;Judith hat mindestens zweimal eine neue Blume eingegraben.;neutral;8;neutral;b;twice
exp1_08_pb_n_d_cannot_say;Letzten Monat hat Judith bei Linda eine neue Blume im Garten eingepflanzt.;Vor einer Woche hat Judith wieder eine neue Blume eingegraben, weil sie von einer Rosensorte begeistert ist.;Es lässt sich nicht sagen, wie oft Judith eine neue Blume eingegraben hat.;neutral;8;neutral;b;cannot say
exp1_08_na_p_f_once;Letzten Monat hat Linda bei Judith eine neue Blume im Garten eingepflanzt.;Vor einer Woche hat Judith wieder eine neue Blume bekommen, weil sie von einer Rosensorte begeistert ist.;Judith hat einmal eine neue Blume bekommen.;entailment;8;positive;a;once
exp1_08_na_p_f_twice;Letzten Monat hat Linda bei Judith eine neue Blume im Garten eingepflanzt.;Vor einer Woche hat Judith wieder eine neue Blume bekommen, weil sie von einer Rosensorte begeistert ist.;Judith hat mindestens zweimal eine neue Blume bekommen.;neutral;8;positive;a;twice
exp1_08_na_p_f_cannot_say;Letzten Monat hat Linda bei Judith eine neue Blume im Garten eingepflanzt.;Vor einer Woche hat Judith wieder eine neue Blume bekommen, weil sie von einer Rosensorte begeistert ist.;Es lässt sich nicht sagen, wie oft Judith eine neue Blume bekommen hat.;neutral;8;positive;a;cannot say
exp1_08_na_n_d_once;Letzten Monat hat Linda bei Judith eine neue Blume im Garten eingepflanzt.;Vor einer Woche hat Linda wieder eine neue Blume bekommen, weil sie von einer Rosensorte begeistert ist.;Linda hat einmal eine neue Blume bekommen.;neutral;8;neutral;a;once
exp1_08_na_n_d_twice;Letzten Monat hat Linda bei Judith eine neue Blume im Garten eingepflanzt.;Vor einer Woche hat Linda wieder eine neue Blume bekommen, weil sie von einer Rosensorte begeistert ist.;Linda hat mindestens zweimal eine neue Blume bekommen.;entailment;8;neutral;a;twice
exp1_08_na_n_d_cannot_say;Letzten Monat hat Linda bei Judith eine neue Blume im Garten eingepflanzt.;Vor einer Woche hat Linda wieder eine neue Blume bekommen, weil sie von einer Rosensorte begeistert ist.;Es lässt sich nicht sagen, wie oft Linda eine neue Blume bekommen hat.;neutral;8;neutral;a;cannot say
exp1_08_nb_p_f_once;Letzten Monat hat Linda bei Judith eine neue Blume im Garten eingepflanzt.;Vor einer Woche hat Judith wieder eine neue Blume eingegraben, weil sie von einer Rosensorte begeistert ist.;Judith hat einmal eine neue Blume eingegraben.;entailment;8;positive;b;once
exp1_08_nb_p_f_twice;Letzten Monat hat Linda bei Judith eine neue Blume im Garten eingepflanzt.;Vor einer Woche hat Judith wieder eine neue Blume eingegraben, weil sie von einer Rosensorte begeistert ist.;Judith hat mindestens zweimal eine neue Blume eingegraben.;neutral;8;positive;b;twice
exp1_08_nb_p_f_cannot_say;Letzten Monat hat Linda bei Judith eine neue Blume im Garten eingepflanzt.;Vor einer Woche hat Judith wieder eine neue Blume eingegraben, weil sie von einer Rosensorte begeistert ist.;Es lässt sich nicht sagen, wie oft Judith eine neue Blume eingegraben hat.;neutral;8;positive;b;cannot say
exp1_08_nb_n_d_once;Letzten Monat hat Linda bei Judith eine neue Blume im Garten eingepflanzt.;Vor einer Woche hat Linda wieder eine neue Blume eingegraben, weil sie von einer Rosensorte begeistert ist.;Linda hat einmal eine neue Blume eingegraben.;neutral;8;neutral;b;once
exp1_08_nb_n_d_twice;Letzten Monat hat Linda bei Judith eine neue Blume im Garten eingepflanzt.;Vor einer Woche hat Linda wieder eine neue Blume eingegraben, weil sie von einer Rosensorte begeistert ist.;Linda hat mindestens zweimal eine neue Blume eingegraben.;entailment;8;neutral;b;twice
exp1_08_nb_n_d_cannot_say;Letzten Monat hat Linda bei Judith eine neue Blume im Garten eingepflanzt.;Vor einer Woche hat Linda wieder eine neue Blume eingegraben, weil sie von einer Rosensorte begeistert ist.;Es lässt sich nicht sagen, wie oft Linda eine neue Blume eingegraben hat.;neutral;8;neutral;b;cannot say
exp1_09_pa_p_f_once;Vor einem Jahr hat Judith fur Timo ein teures Konzertticket bestellt.;Vor vier Wochen hat Timo wieder ein teures Konzertticket bekommen, weil sie mit einem Freund feiern will.;Timo hat einmal ein teures Konzertticket bekommen.;neutral;9;positive;a;once
exp1_09_pa_p_f_twice;Vor einem Jahr hat Judith fur Timo ein teures Konzertticket bestellt.;Vor vier Wochen hat Timo wieder ein teures Konzertticket bekommen, weil sie mit einem Freund feiern will.;Timo hat mindestens zweimal ein teures Konzertticket bekommen.;entailment;9;positive;a;twice
exp1_09_pa_p_f_cannot_say;Vor einem Jahr hat Judith fur Timo ein teures Konzertticket bestellt.;Vor vier Wochen hat Timo wieder ein teures Konzertticket bekommen, weil sie mit einem Freund feiern will.;Es lässt sich nicht sagen, wie oft Timo ein teures Konzertticket bekommen hat.;neutral;9;positive;a;cannot say
exp1_09_pa_n_d_once;Vor einem Jahr hat Judith fur Timo ein teures Konzertticket bestellt.;Vor vier Wochen hat Judith wieder ein teures Konzertticket bekommen, weil er mit einem Freund feiern will.;Judith hat einmal ein teures Konzertticket bekommen.;entailment;9;neutral;a;once
exp1_09_pa_n_d_twice;Vor einem Jahr hat Judith fur Timo ein teures Konzertticket bestellt.;Vor vier Wochen hat Judith wieder ein teures Konzertticket bekommen, weil er mit einem Freund feiern will.;Judith hat mindestens zweimal ein teures Konzertticket bekommen.;neutral;9;neutral;a;twice
exp1_09_pa_n_d_cannot_say;Vor einem Jahr hat Judith fur Timo ein teures Konzertticket bestellt.;Vor vier Wochen hat Judith wieder ein teures Konzertticket bekommen, weil er mit einem Freund feiern will.;Es lässt sich nicht sagen, wie oft Judith ein teures Konzertticket bekommen hat.;neutral;9;neutral;a;cannot say
exp1_09_pb_p_f_once;Vor einem Jahr hat Judith fur Timo ein teures Konzertticket bestellt.;Vor vier Wochen hat Timo wieder ein teures Konzertticket erworben, weil sie mit einem Freund feiern will.;Timo hat einmal ein teures Konzertticket erworben.;neutral;9;positive;b;once
exp1_09_pb_p_f_twice;Vor einem Jahr hat Judith fur Timo ein teures Konzertticket bestellt.;Vor vier Wochen hat Timo wieder ein teures Konzertticket erworben, weil sie mit einem Freund feiern will.;Timo hat mindestens zweimal ein teures Konzertticket erworben.;entailment;9;positive;b;twice
exp1_09_pb_p_f_cannot_say;Vor einem Jahr hat Judith fur Timo ein teures Konzertticket bestellt.;Vor vier Wochen hat Timo wieder ein teures Konzertticket erworben, weil sie mit einem Freund feiern will.;Es lässt sich nicht sagen, wie oft Timo ein teures Konzertticket erworben hat.;neutral;9;positive;b;cannot say
exp1_09_pb_n_d_once;Vor einem Jahr hat Judith fur Timo ein teures Konzertticket bestellt.;Vor vier Wochen hat Judith wieder ein teures Konzertticket erworben, weil er mit einem Freund feiern will.;Judith hat einmal ein teures Konzertticket erworben.;entailment;9;neutral;b;once
exp1_09_pb_n_d_twice;Vor einem Jahr hat Judith fur Timo ein teures Konzertticket bestellt.;Vor vier Wochen hat Judith wieder ein teures Konzertticket erworben, weil er mit einem Freund feiern will.;Judith hat mindestens zweimal ein teures Konzertticket erworben.;neutral;9;neutral;b;twice
exp1_09_pb_n_d_cannot_say;Vor einem Jahr hat Judith fur Timo ein teures Konzertticket bestellt.;Vor vier Wochen hat Judith wieder ein teures Konzertticket erworben, weil er mit einem Freund feiern will.;Es lässt sich nicht sagen, wie oft Judith ein teures Konzertticket erworben hat.;neutral;9;neutral;b;cannot say
exp1_09_na_p_f_once;Vor einem Jahr hat Timo fur Judith ein teures Konzertticket bestellt.;Vor vier Wochen hat Judith wieder ein teures Konzertticket bekommen, weil er mit einem Freund feiern will.;Judith hat einmal ein teures Konzertticket bekommen.;entailment;9;positive;a;once
exp1_09_na_p_f_twice;Vor einem Jahr hat Timo fur Judith ein teures Konzertticket bestellt.;Vor vier Wochen hat Judith wieder ein teures Konzertticket bekommen, weil er mit einem Freund feiern will.;Judith hat mindestens zweimal ein teures Konzertticket bekommen.;neutral;9;positive;a;twice
exp1_09_na_p_f_cannot_say;Vor einem Jahr hat Timo fur Judith ein teures Konzertticket bestellt.;Vor vier Wochen hat Judith wieder ein teures Konzertticket bekommen, weil er mit einem Freund feiern will.;Es lässt sich nicht sagen, wie oft Judith ein teures Konzertticket bekommen hat.;neutral;9;positive;a;cannot say
exp1_09_na_n_d_once;Vor einem Jahr hat Timo fur Judith ein teures Konzertticket bestellt.;Vor vier Wochen hat Timo wieder ein teures Konzertticket bekommen, weil sie mit einem Freund feiern will.;Timo hat einmal ein teures Konzertticket bekommen.;neutral;9;neutral;a;once
exp1_09_na_n_d_twice;Vor einem Jahr hat Timo fur Judith ein teures Konzertticket bestellt.;Vor vier Wochen hat Timo wieder ein teures Konzertticket bekommen, weil sie mit einem Freund feiern will.;Timo hat mindestens zweimal ein teures Konzertticket bekommen.;entailment;9;neutral;a;twice
exp1_09_na_n_d_cannot_say;Vor einem Jahr hat Timo fur Judith ein teures Konzertticket bestellt.;Vor vier Wochen hat Timo wieder ein teures Konzertticket bekommen, weil sie mit einem Freund feiern will.;Es lässt sich nicht sagen, wie oft Timo ein teures Konzertticket bekommen hat.;neutral;9;neutral;a;cannot say
exp1_09_nb_p_f_once;Vor einem Jahr hat Timo fur Judith ein teures Konzertticket bestellt.;Vor vier Wochen hat Judith wieder ein teures Konzertticket erworben, weil er mit einem Freund feiern will.;Judith hat einmal ein teures Konzertticket erworben.;entailment;9;positive;b;once
exp1_09_nb_p_f_twice;Vor einem Jahr hat Timo fur Judith ein teures Konzertticket bestellt.;Vor vier Wochen hat Judith wieder ein teures Konzertticket erworben, weil er mit einem Freund feiern will.;Judith hat mindestens zweimal ein teures Konzertticket erworben.;neutral;9;positive;b;twice
exp1_09_nb_p_f_cannot_say;Vor einem Jahr hat Timo fur Judith ein teures Konzertticket bestellt.;Vor vier Wochen hat Judith wieder ein teures Konzertticket erworben, weil er mit einem Freund feiern will.;Es lässt sich nicht sagen, wie oft Judith ein teures Konzertticket erworben hat.;neutral;9;positive;b;cannot say
exp1_09_nb_n_d_once;Vor einem Jahr hat Timo fur Judith ein teures Konzertticket bestellt.;Vor vier Wochen hat Timo wieder ein teures Konzertticket erworben, weil sie mit einem Freund feiern will.;Timo hat einmal ein teures Konzertticket erworben.;neutral;9;neutral;b;once
exp1_09_nb_n_d_twice;Vor einem Jahr hat Timo fur Judith ein teures Konzertticket bestellt.;Vor vier Wochen hat Timo wieder ein teures Konzertticket erworben, weil sie mit einem Freund feiern will.;Timo hat mindestens zweimal ein teures Konzertticket erworben.;entailment;9;neutral;b;twice
exp1_09_nb_n_d_cannot_say;Vor einem Jahr hat Timo fur Judith ein teures Konzertticket bestellt.;Vor vier Wochen hat Timo wieder ein teures Konzertticket erworben, weil sie mit einem Freund feiern will.;Es lässt sich nicht sagen, wie oft Timo ein teures Konzertticket erworben hat.;neutral;9;neutral;b;cannot say
exp1_10_pa_p_f_once;Letztes Semester hat Greta Judith einen kleinen Spickzettel zukommen lassen.;Vor funf Tagen hat Judith wieder einen kleinen Spickzettel erhalten, als sie an einer Klausur teilgenommen hat.;Judith hat einmal einen kleinen Spickzettel erhalten.;neutral;10;positive;a;once
exp1_10_pa_p_f_twice;Letztes Semester hat Greta Judith einen kleinen Spickzettel zukommen lassen.;Vor funf Tagen hat Judith wieder einen kleinen Spickzettel erhalten, als sie an einer Klausur teilgenommen hat.;Judith hat mindestens zweimal einen kleinen Spickzettel erhalten.;entailment;10;positive;a;twice
exp1_10_pa_p_f_cannot_say;Letztes Semester hat Greta Judith einen kleinen Spickzettel zukommen lassen.;Vor funf Tagen hat Judith wieder einen kleinen Spickzettel erhalten, als sie an einer Klausur teilgenommen hat.;Es lässt sich nicht sagen, wie oft Judith einen kleinen Spickzettel erhalten hat.;neutral;10;positive;a;cannot say
exp1_10_pa_n_d_once;Letztes Semester hat Greta Judith einen kleinen Spickzettel zukommen lassen.;Vor funf Tagen hat Greta wieder einen kleinen Spickzettel erhalten, als sie an einer Klausur teilgenommen hat.;Greta hat einmal einen kleinen Spickzettel erhalten.;entailment;10;neutral;a;once
exp1_10_pa_n_d_twice;Letztes Semester hat Greta Judith einen kleinen Spickzettel zukommen lassen.;Vor funf Tagen hat Greta wieder einen kleinen Spickzettel erhalten, als sie an einer Klausur teilgenommen hat.;Greta hat mindestens zweimal einen kleinen Spickzettel erhalten.;neutral;10;neutral;a;twice
exp1_10_pa_n_d_cannot_say;Letztes Semester hat Greta Judith einen kleinen Spickzettel zukommen lassen.;Vor funf Tagen hat Greta wieder einen kleinen Spickzettel erhalten, als sie an einer Klausur teilgenommen hat.;Es lässt sich nicht sagen, wie oft Greta einen kleinen Spickzettel erhalten hat.;neutral;10;neutral;a;cannot say
exp1_10_pb_p_f_once;Letztes Semester hat Greta Judith einen kleinen Spickzettel zukommen lassen.;Vor funf Tagen hat Judith wieder einen kleinen Spickzettel weitergegeben, als sie an einer Klausur teilgenommen hat.;Judith hat einmal einen kleinen Spickzettel weitergegeben.;neutral;10;positive;b;once
exp1_10_pb_p_f_twice;Letztes Semester hat Greta Judith einen kleinen Spickzettel zukommen lassen.;Vor funf Tagen hat Judith wieder einen kleinen Spickzettel weitergegeben, als sie an einer Klausur teilgenommen hat.;Judith hat mindestens zweimal einen kleinen Spickzettel weitergegeben.;entailment;10;positive;b;twice
exp1_10_pb_p_f_cannot_say;Letztes Semester hat Greta Judith einen kleinen Spickzettel zukommen lassen.;Vor funf Tagen hat Judith wieder einen kleinen Spickzettel weitergegeben, als sie an einer Klausur teilgenommen hat.;Es lässt sich nicht sagen, wie oft Judith einen kleinen Spickzettel weitergegeben hat.;neutral;10;positive;b;cannot say
exp1_10_pb_n_d_once;Letztes Semester hat Greta Judith einen kleinen Spickzettel zukommen lassen.;Vor funf Tagen hat Greta wieder einen kleinen Spickzettel weitergegeben, als sie an einer Klausur teilgenommen hat.;Greta hat einmal einen kleinen Spickzettel weitergegeben.;entailment;10;neutral;b;once
exp1_10_pb_n_d_twice;Letztes Semester hat Greta Judith einen kleinen Spickzettel zukommen lassen.;Vor funf Tagen hat Greta wieder einen kleinen Spickzettel weitergegeben, als sie an einer Klausur teilgenommen hat.;Greta hat mindestens zweimal einen kleinen Spickzettel weitergegeben.;neutral;10;neutral;b;twice
exp1_10_pb_n_d_cannot_say;Letztes Semester hat Greta Judith einen kleinen Spickzettel zukommen lassen.;Vor funf Tagen hat Greta wieder einen kleinen Spickzettel weitergegeben, als sie an einer Klausur teilgenommen hat.;Es lässt sich nicht sagen, wie oft Greta einen kleinen Spickzettel weitergegeben hat.;neutral;10;neutral;b;cannot say
exp1_10_na_p_f_once;Letztes Semester hat Judith Greta einen kleinen Spickzettel zukommen lassen.;Vor funf Tagen hat Greta wieder einen kleinen Spickzettel erhalten, als sie an einer Klausur teilgenommen hat.;Greta hat einmal einen kleinen Spickzettel erhalten.;entailment;10;positive;a;once
exp1_10_na_p_f_twice;Letztes Semester hat Judith Greta einen kleinen Spickzettel zukommen lassen.;Vor funf Tagen hat Greta wieder einen kleinen Spickzettel erhalten, als sie an einer Klausur teilgenommen hat.;Greta hat mindestens zweimal einen kleinen Spickzettel erhalten.;neutral;10;positive;a;twice
exp1_10_na_p_f_cannot_say;Letztes Semester hat Judith Greta einen kleinen Spickzettel zukommen lassen.;Vor funf Tagen hat Greta wieder einen kleinen Spickzettel erhalten, als sie an einer Klausur teilgenommen hat.;Es lässt sich nicht sagen, wie oft Greta einen kleinen Spickzettel erhalten hat.;neutral;10;positive;a;cannot say
exp1_10_na_n_d_once;Letztes Semester hat Judith Greta einen kleinen Spickzettel zukommen lassen.;Vor funf Tagen hat Judith wieder einen kleinen Spickzettel erhalten, als sie an einer Klausur teilgenommen hat.;Judith hat einmal einen kleinen Spickzettel erhalten.;neutral;10;neutral;a;once
exp1_10_na_n_d_twice;Letztes Semester hat Judith Greta einen kleinen Spickzettel zukommen lassen.;Vor funf Tagen hat Judith wieder einen kleinen Spickzettel erhalten, als sie an einer Klausur teilgenommen hat.;Judith hat mindestens zweimal einen kleinen Spickzettel erhalten.;entailment;10;neutral;a;twice
exp1_10_na_n_d_cannot_say;Letztes Semester hat Judith Greta einen kleinen Spickzettel zukommen lassen.;Vor funf Tagen hat Judith wieder einen kleinen Spickzettel erhalten, als sie an einer Klausur teilgenommen hat.;Es lässt sich nicht sagen, wie oft Judith einen kleinen Spickzettel erhalten hat.;neutral;10;neutral;a;cannot say
exp1_10_nb_p_f_once;Letztes Semester hat Judith Greta einen kleinen Spickzettel zukommen lassen.;Vor funf Tagen hat Greta wieder einen kleinen Spickzettel weitergegeben, als sie an einer Klausur teilgenommen hat.;Greta hat einmal einen kleinen Spickzettel weitergegeben.;entailment;10;positive;b;once
exp1_10_nb_p_f_twice;Letztes Semester hat Judith Greta einen kleinen Spickzettel zukommen lassen.;Vor funf Tagen hat Greta wieder einen kleinen Spickzettel weitergegeben, als sie an einer Klausur teilgenommen hat.;Greta hat mindestens zweimal einen kleinen Spickzettel weitergegeben.;neutral;10;positive;b;twice
exp1_10_nb_p_f_cannot_say;Letztes Semester hat Judith Greta einen kleinen Spickzettel zukommen lassen.;Vor funf Tagen hat Greta wieder einen kleinen Spickzettel weitergegeben, als sie an einer Klausur teilgenommen hat.;Es lässt sich nicht sagen, wie oft Greta einen kleinen Spickzettel weitergegeben hat.;neutral;10;positive;b;cannot say
exp1_10_nb_n_d_once;Letztes Semester hat Judith Greta einen kleinen Spickzettel zukommen lassen.;Vor funf Tagen hat Judith wieder einen kleinen Spickzettel weitergegeben, als sie an einer Klausur teilgenommen hat.;Judith hat einmal einen kleinen Spickzettel weitergegeben.;neutral;10;neutral;b;once
exp1_10_nb_n_d_twice;Letztes Semester hat Judith Greta einen kleinen Spickzettel zukommen lassen.;Vor funf Tagen hat Judith wieder einen kleinen Spickzettel weitergegeben, als sie an einer Klausur teilgenommen hat.;Judith hat mindestens zweimal einen kleinen Spickzettel weitergegeben.;entailment;10;neutral;b;twice
exp1_10_nb_n_d_cannot_say;Letztes Semester hat Judith Greta einen kleinen Spickzettel zukommen lassen.;Vor funf Tagen hat Judith wieder einen kleinen Spickzettel weitergegeben, als sie an einer Klausur teilgenommen hat.;Es lässt sich nicht sagen, wie oft Judith einen kleinen Spickzettel weitergegeben hat.;neutral;10;neutral;b;cannot say
exp1_11_pa_p_f_once;Vor zwei Monaten hat Thorsten Linda ein interessantes Jobangebot offeriert.;Vor zwei Tagen hat Linda wieder ein interessantes Jobangebot bekommen, als sie auf einer Jobborse zugegen war.;Linda hat einmal ein interessantes Jobangebot bekommen.;neutral;11;positive;a;once
exp1_11_pa_p_f_twice;Vor zwei Monaten hat Thorsten Linda ein interessantes Jobangebot offeriert.;Vor zwei Tagen hat Linda wieder ein interessantes Jobangebot bekommen, als sie auf einer Jobborse zugegen war.;Linda hat mindestens zweimal ein interessantes Jobangebot bekommen.;entailment;11;positive;a;twice
exp1_11_pa_p_f_cannot_say;Vor zwei Monaten hat Thorsten Linda ein interessantes Jobangebot offeriert.;Vor zwei Tagen hat Linda wieder ein interessantes Jobangebot bekommen, als sie auf einer Jobborse zugegen war.;Es lässt sich nicht sagen, wie oft Linda ein interessantes Jobangebot bekommen hat.;neutral;11;positive;a;cannot say
exp1_11_pa_n_d_once;Vor zwei Monaten hat Thorsten Linda ein interessantes Jobangebot offeriert.;Vor zwei Tagen hat Thorsten wieder ein interessantes Jobangebot bekommen, als er auf einer Jobborse zugegen war.;Thorsten hat einmal ein interessantes Jobangebot bekommen.;entailment;11;neutral;a;once
exp1_11_pa_n_d_twice;Vor zwei Monaten hat Thorsten Linda ein interessantes Jobangebot offeriert.;Vor zwei Tagen hat Thorsten wieder ein interessantes Jobangebot bekommen, als er auf einer Jobborse zugegen war.;Thorsten hat mindestens zweimal ein interessantes Jobangebot bekommen.;neutral;11;neutral;a;twice
exp1_11_pa_n_d_cannot_say;Vor zwei Monaten hat Thorsten Linda ein interessantes Jobangebot offeriert.;Vor zwei Tagen hat Thorsten wieder ein interessantes Jobangebot bekommen, als er auf einer Jobborse zugegen war.;Es lässt sich nicht sagen, wie oft Thorsten ein interessantes Jobangebot bekommen hat.;neutral;11;neutral;a;cannot say
exp1_11_pb_p_f_once;Vor zwei Monaten hat Thorsten Linda ein interessantes Jobangebot offeriert.;Vor zwei Tagen hat Linda wieder ein interessantes Jobangebot gemacht, als sie auf einer Jobborse zugegen war.;Linda hat einmal ein interessantes Jobangebot gemacht.;neutral;11;positive;b;once
exp1_11_pb_p_f_twice;Vor zwei Monaten hat Thorsten Linda ein interessantes Jobangebot offeriert.;Vor zwei Tagen hat Linda wieder ein interessantes Jobangebot gemacht, als sie auf einer Jobborse zugegen war.;Linda hat mindestens zweimal ein interessantes Jobangebot gemacht.;entailment;11;positive;b;twice
exp1_11_pb_p_f_cannot_say;Vor zwei Monaten hat Thorsten Linda ein interessantes Jobangebot offeriert.;Vor zwei Tagen hat Linda wieder ein interessantes Jobangebot gemacht, als sie auf einer Jobborse zugegen war.;Es lässt sich nicht sagen, wie oft Linda ein interessantes Jobangebot gemacht hat.;neutral;11;positive;b;cannot say
exp1_11_pb_n_d_once;Vor zwei Monaten hat Thorsten Linda ein interessantes Jobangebot offeriert.;Vor zwei Tagen hat Thorsten wieder ein interessantes Jobangebot gemacht, als er auf einer Jobborse zugegen war.;Thorsten hat einmal ein interessantes Jobangebot gemacht.;entailment;11;neutral;b;once
exp1_11_pb_n_d_twice;Vor zwei Monaten hat Thorsten Linda ein interessantes Jobangebot offeriert.;Vor zwei Tagen hat Thorsten wieder ein interessantes Jobangebot gemacht, als er auf einer Jobborse zugegen war.;Thorsten hat mindestens zweimal ein interessantes Jobangebot gemacht.;neutral;11;neutral;b;twice
exp1_11_pb_n_d_cannot_say;Vor zwei Monaten hat Thorsten Linda ein interessantes Jobangebot offeriert.;Vor zwei Tagen hat Thorsten wieder ein interessantes Jobangebot gemacht, als er auf einer Jobborse zugegen war.;Es lässt sich nicht sagen, wie oft Thorsten ein interessantes Jobangebot gemacht hat.;neutral;11;neutral;b;cannot say
exp1_11_na_p_f_once;Vor zwei Monaten hat Linda Thorsten ein interessantes Jobangebot offeriert.;Vor zwei Tagen hat Thorsten wieder ein interessantes Jobangebot bekommen, als er auf einer Jobborse zugegen war.;Thorsten hat einmal ein interessantes Jobangebot bekommen.;entailment;11;positive;a;once
exp1_11_na_p_f_twice;Vor zwei Monaten hat Linda Thorsten ein interessantes Jobangebot offeriert.;Vor zwei Tagen hat Thorsten wieder ein interessantes Jobangebot bekommen, als er auf einer Jobborse zugegen war.;Thorsten hat mindestens zweimal ein interessantes Jobangebot bekommen.;neutral;11;positive;a;twice
exp1_11_na_p_f_cannot_say;Vor zwei Monaten hat Linda Thorsten ein interessantes Jobangebot offeriert.;Vor zwei Tagen hat Thorsten wieder ein interessantes Jobangebot bekommen, als er auf einer Jobborse zugegen war.;Es lässt sich nicht sagen, wie oft Thorsten ein interessantes Jobangebot bekommen hat.;neutral;11;positive;a;cannot say
exp1_11_na_n_d_once;Vor zwei Monaten hat Linda Thorsten ein interessantes Jobangebot offeriert.;Vor zwei Tagen hat Linda wieder ein interessantes Jobangebot bekommen, als sie auf einer Jobborse zugegen war.;Linda hat einmal ein interessantes Jobangebot bekommen.;neutral;11;neutral;a;once
exp1_11_na_n_d_twice;Vor zwei Monaten hat Linda Thorsten ein interessantes Jobangebot offeriert.;Vor zwei Tagen hat Linda wieder ein interessantes Jobangebot bekommen, als sie auf einer Jobborse zugegen war.;Linda hat mindestens zweimal ein interessantes Jobangebot bekommen.;entailment;11;neutral;a;twice
exp1_11_na_n_d_cannot_say;Vor zwei Monaten hat Linda Thorsten ein interessantes Jobangebot offeriert.;Vor zwei Tagen hat Linda wieder ein interessantes Jobangebot bekommen, als sie auf einer Jobborse zugegen war.;Es lässt sich nicht sagen, wie oft Linda ein interessantes Jobangebot bekommen hat.;neutral;11;neutral;a;cannot say
exp1_11_nb_p_f_once;Vor zwei Monaten hat Linda Thorsten ein interessantes Jobangebot offeriert.;Vor zwei Tagen hat Thorsten wieder ein interessantes Jobangebot gemacht, als er auf einer Jobborse zugegen war.;Thorsten hat einmal ein interessantes Jobangebot gemacht.;entailment;11;positive;b;once
exp1_11_nb_p_f_twice;Vor zwei Monaten hat Linda Thorsten ein interessantes Jobangebot offeriert.;Vor zwei Tagen hat Thorsten wieder ein interessantes Jobangebot gemacht, als er auf einer Jobborse zugegen war.;Thorsten hat mindestens zweimal ein interessantes Jobangebot gemacht.;neutral;11;positive;b;twice
exp1_11_nb_p_f_cannot_say;Vor zwei Monaten hat Linda Thorsten ein interessantes Jobangebot offeriert.;Vor zwei Tagen hat Thorsten wieder ein interessantes Jobangebot gemacht, als er auf einer Jobborse zugegen war.;Es lässt sich nicht sagen, wie oft Thorsten ein interessantes Jobangebot gemacht hat.;neutral;11;positive;b;cannot say
exp1_11_nb_n_d_once;Vor zwei Monaten hat Linda Thorsten ein interessantes Jobangebot offeriert.;Vor zwei Tagen hat Linda wieder ein interessantes Jobangebot gemacht, als sie auf einer Jobborse zugegen war.;Linda hat einmal ein interessantes Jobangebot gemacht.;neutral;11;neutral;b;once
exp1_11_nb_n_d_twice;Vor zwei Monaten hat Linda Thorsten ein interessantes Jobangebot offeriert.;Vor zwei Tagen hat Linda wieder ein interessantes Jobangebot gemacht, als sie auf einer Jobborse zugegen war.;Linda hat mindestens zweimal ein interessantes Jobangebot gemacht.;entailment;11;neutral;b;twice
exp1_11_nb_n_d_cannot_say;Vor zwei Monaten hat Linda Thorsten ein interessantes Jobangebot offeriert.;Vor zwei Tagen hat Linda wieder ein interessantes Jobangebot gemacht, als sie auf einer Jobborse zugegen war.;Es lässt sich nicht sagen, wie oft Linda ein interessantes Jobangebot gemacht hat.;neutral;11;neutral;b;cannot say
exp1_12_pa_p_f_once;Vor drei Jahren hat Thorsten fur Timo einen großen Kleiderschrank gekauft.;Vor einer Woche hat Timo wieder einen großen Kleiderschrank bekommen, weil er mit einem Freund ausgemistet hat.;Timo hat einmal einen großen Kleiderschrank bekommen.;neutral;12;positive;a;once
exp1_12_pa_p_f_twice;Vor drei Jahren hat Thorsten fur Timo einen großen Kleiderschrank gekauft.;Vor einer Woche hat Timo wieder einen großen Kleiderschrank bekommen, weil er mit einem Freund ausgemistet hat.;Timo hat mindestens zweimal einen großen Kleiderschrank bekommen.;entailment;12;positive;a;twice
exp1_12_pa_p_f_cannot_say;Vor drei Jahren hat Thorsten fur Timo einen großen Kleiderschrank gekauft.;Vor einer Woche hat Timo wieder einen großen Kleiderschrank bekommen, weil er mit einem Freund ausgemistet hat.;Es lässt sich nicht sagen, wie oft Timo einen großen Kleiderschrank bekommen hat.;neutral;12;positive;a;cannot say
exp1_12_pa_n_d_once;Vor drei Jahren hat Thorsten fur Timo einen großen Kleiderschrank gekauft.;Vor einer Woche hat Thorsten wieder einen großen Kleiderschrank bekommen, weil er mit einem Freund ausgemistet hat.;Thorsten hat einmal einen großen Kleiderschrank bekommen.;entailment;12;neutral;a;once
exp1_12_pa_n_d_twice;Vor drei Jahren hat Thorsten fur Timo einen großen Kleiderschrank gekauft.;Vor einer Woche hat Thorsten wieder einen großen Kleiderschrank bekommen, weil er mit einem Freund ausgemistet hat.;Thorsten hat mindestens zweimal einen großen Kleiderschrank bekommen.;neutral;12;neutral;a;twice
exp1_12_pa_n_d_cannot_say;Vor drei Jahren hat Thorsten fur Timo einen großen Kleiderschrank gekauft.;Vor einer Woche hat Thorsten wieder einen großen Kleiderschrank bekommen, weil er mit einem Freund ausgemistet hat.;Es lässt sich nicht sagen, wie oft Thorsten einen großen Kleiderschrank bekommen hat.;neutral;12;neutral;a;cannot say
exp1_12_pb_p_f_once;Vor drei Jahren hat Thorsten fur Timo einen großen Kleiderschrank gekauft.;Vor einer Woche hat Timo wieder einen großen Kleiderschrank weggegeben, weil er mit einem Freund ausgemistet hat.;Timo hat einmal einen großen Kleiderschrank weggegeben.;neutral;12;positive;b;once
exp1_12_pb_p_f_twice;Vor drei Jahren hat Thorsten fur Timo einen großen Kleiderschrank gekauft.;Vor einer Woche hat Timo wieder einen großen Kleiderschrank weggegeben, weil er mit einem Freund ausgemistet hat.;Timo hat mindestens zweimal einen großen Kleiderschrank weggegeben.;entailment;12;positive;b;twice
exp1_12_pb_p_f_cannot_say;Vor drei Jahren hat Thorsten fur Timo einen großen Kleiderschrank gekauft.;Vor einer Woche hat Timo wieder einen großen Kleiderschrank weggegeben, weil er mit einem Freund ausgemistet hat.;Es lässt sich nicht sagen, wie oft Timo einen großen Kleiderschrank weggegeben hat.;neutral;12;positive;b;cannot say
exp1_12_pb_n_d_once;Vor drei Jahren hat Thorsten fur Timo einen großen Kleiderschrank gekauft.;Vor einer Woche hat Thorsten wieder einen großen Kleiderschrank weggegeben, weil er mit einem Freund ausgemistet hat.;Thorsten hat einmal einen großen Kleiderschrank weggegeben.;entailment;12;neutral;b;once
exp1_12_pb_n_d_twice;Vor drei Jahren hat Thorsten fur Timo einen großen Kleiderschrank gekauft.;Vor einer Woche hat Thorsten wieder einen großen Kleiderschrank weggegeben, weil er mit einem Freund ausgemistet hat.;Thorsten hat mindestens zweimal einen großen Kleiderschrank weggegeben.;neutral;12;neutral;b;twice
exp1_12_pb_n_d_cannot_say;Vor drei Jahren hat Thorsten fur Timo einen großen Kleiderschrank gekauft.;Vor einer Woche hat Thorsten wieder einen großen Kleiderschrank weggegeben, weil er mit einem Freund ausgemistet hat.;Es lässt sich nicht sagen, wie oft Thorsten einen großen Kleiderschrank weggegeben hat.;neutral;12;neutral;b;cannot say
exp1_12_na_p_f_once;Vor drei Jahren hat Timo fur Thorsten einen großen Kleiderschrank gekauft.;Vor einer Woche hat Thorsten wieder einen großen Kleiderschrank bekommen, weil er mit einem Freund ausgemistet hat.;Thorsten hat einmal einen großen Kleiderschrank bekommen.;entailment;12;positive;a;once
exp1_12_na_p_f_twice;Vor drei Jahren hat Timo fur Thorsten einen großen Kleiderschrank gekauft.;Vor einer Woche hat Thorsten wieder einen großen Kleiderschrank bekommen, weil er mit einem Freund ausgemistet hat.;Thorsten hat mindestens zweimal einen großen Kleiderschrank bekommen.;neutral;12;positive;a;twice
exp1_12_na_p_f_cannot_say;Vor drei Jahren hat Timo fur Thorsten einen großen Kleiderschrank gekauft.;Vor einer Woche hat Thorsten wieder einen großen Kleiderschrank bekommen, weil er mit einem Freund ausgemistet hat.;Es lässt sich nicht sagen, wie oft Thorsten einen großen Kleiderschrank bekommen hat.;neutral;12;positive;a;cannot say
exp1_12_na_n_d_once;Vor drei Jahren hat Timo fur Thorsten einen großen Kleiderschrank gekauft.;Vor einer Woche hat Timo wieder einen großen Kleiderschrank bekommen, weil er mit einem Freund ausgemistet hat.;Timo hat einmal einen großen Kleiderschrank bekommen.;neutral;12;neutral;a;once
exp1_12_na_n_d_twice;Vor drei Jahren hat Timo fur Thorsten einen großen Kleiderschrank gekauft.;Vor einer Woche hat Timo wieder einen großen Kleiderschrank bekommen, weil er mit einem Freund ausgemistet hat.;Timo hat mindestens zweimal einen großen Kleiderschrank bekommen.;entailment;12;neutral;a;twice
exp1_12_na_n_d_cannot_say;Vor drei Jahren hat Timo fur Thorsten einen großen Kleiderschrank gekauft.;Vor einer Woche hat Timo wieder einen großen Kleiderschrank bekommen, weil er mit einem Freund ausgemistet hat.;Es lässt sich nicht sagen, wie oft Timo einen großen Kleiderschrank bekommen hat.;neutral;12;neutral;a;cannot say
exp1_12_nb_p_f_once;Vor drei Jahren hat Timo fur Thorsten einen großen Kleiderschrank gekauft.;Vor einer Woche hat Thorsten wieder einen großen Kleiderschrank weggegeben, weil er mit einem Freund ausgemistet hat.;Thorsten hat einmal einen großen Kleiderschrank weggegeben.;entailment;12;positive;b;once
exp1_12_nb_p_f_twice;Vor drei Jahren hat Timo fur Thorsten einen großen Kleiderschrank gekauft.;Vor einer Woche hat Thorsten wieder einen großen Kleiderschrank weggegeben, weil er mit einem Freund ausgemistet hat.;Thorsten hat mindestens zweimal einen großen Kleiderschrank weggegeben.;neutral;12;positive;b;twice
exp1_12_nb_p_f_cannot_say;Vor drei Jahren hat Timo fur Thorsten einen großen Kleiderschrank gekauft.;Vor einer Woche hat Thorsten wieder einen großen Kleiderschrank weggegeben, weil er mit einem Freund ausgemistet hat.;Es lässt sich nicht sagen, wie oft Thorsten einen großen Kleiderschrank weggegeben hat.;neutral;12;positive;b;cannot say
exp1_12_nb_n_d_once;Vor drei Jahren hat Timo fur Thorsten einen großen Kleiderschrank gekauft.;Vor einer Woche hat Timo wieder einen großen Kleiderschrank weggegeben, weil er mit einem Freund ausgemistet hat.;Timo hat einmal einen großen Kleiderschrank weggegeben.;neutral;12;neutral;b;once
exp1_12_nb_n_d_twice;Vor drei Jahren hat Timo fur Thorsten einen großen Kleiderschrank gekauft.;Vor einer Woche hat Timo wieder einen großen Kleiderschrank weggegeben, weil er mit einem Freund ausgemistet hat.;Timo hat mindestens zweimal einen großen Kleiderschrank weggegeben.;entailment;12;neutral;b;twice
exp1_12_nb_n_d_cannot_say;Vor drei Jahren hat Timo fur Thorsten einen großen Kleiderschrank gekauft.;Vor einer Woche hat Timo wieder einen großen Kleiderschrank weggegeben, weil er mit einem Freund ausgemistet hat.;Es lässt sich nicht sagen, wie oft Timo einen großen Kleiderschrank weggegeben hat.;neutral;12;neutral;b;cannot say
exp1_13_pa_p_f_once;Letzte Woche hat Thorsten Greta mit einem spannenden Auftrag betreut.;Vor zwei Tagen hat Greta wieder einen spannenden Auftrag ausgefuhrt, als sie an einer Konferenz teilgenommen hat.;Greta hat einmal einen spannenden Auftrag ausgefuhrt.;neutral;13;positive;a;once
exp1_13_pa_p_f_twice;Letzte Woche hat Thorsten Greta mit einem spannenden Auftrag betreut.;Vor zwei Tagen hat Greta wieder einen spannenden Auftrag ausgefuhrt, als sie an einer Konferenz teilgenommen hat.;Greta hat mindestens zweimal einen spannenden Auftrag ausgefuhrt.;entailment;13;positive;a;twice
exp1_13_pa_p_f_cannot_say;Letzte Woche hat Thorsten Greta mit einem spannenden Auftrag betreut.;Vor zwei Tagen hat Greta wieder einen spannenden Auftrag ausgefuhrt, als sie an einer Konferenz teilgenommen hat.;Es lässt sich nicht sagen, wie oft Greta einen spannenden Auftrag ausgefuhrt hat.;neutral;13;positive;a;cannot say
exp1_13_pa_n_d_once;Letzte Woche hat Thorsten Greta mit einem spannenden Auftrag betreut.;Vor zwei Tagen hat Thorsten wieder einen spannenden Auftrag ausgefuhrt, als er an einer Konferenz teilgenommen hat.;Thorsten hat einmal einen spannenden Auftrag ausgefuhrt.;entailment;13;neutral;a;once
exp1_13_pa_n_d_twice;Letzte Woche hat Thorsten Greta mit einem spannenden Auftrag betreut.;Vor zwei Tagen hat Thorsten wieder einen spannenden Auftrag ausgefuhrt, als er an einer Konferenz teilgenommen hat.;Thorsten hat mindestens zweimal einen spannenden Auftrag ausgefuhrt.;neutral;13;neutral;a;twice
exp1_13_pa_n_d_cannot_say;Letzte Woche hat Thorsten Greta mit einem spannenden Auftrag betreut.;Vor zwei Tagen hat Thorsten wieder einen spannenden Auftrag ausgefuhrt, als er an einer Konferenz teilgenommen hat.;Es lässt sich nicht sagen, wie oft Thorsten einen spannenden Auftrag ausgefuhrt hat.;neutral;13;neutral;a;cannot say
exp1_13_pb_p_f_once;Letzte Woche hat Thorsten Greta mit einem spannenden Auftrag betreut.;Vor zwei Tagen hat Greta wieder einen spannenden Auftrag vergeben, als sie an einer Konferenz teilgenommen hat.;Greta hat einmal einen spannenden Auftrag vergeben.;neutral;13;positive;b;once
exp1_13_pb_p_f_twice;Letzte Woche hat Thorsten Greta mit einem spannenden Auftrag betreut.;Vor zwei Tagen hat Greta wieder einen spannenden Auftrag vergeben, als sie an einer Konferenz teilgenommen hat.;Greta hat mindestens zweimal einen spannenden Auftrag vergeben.;entailment;13;positive;b;twice
exp1_13_pb_p_f_cannot_say;Letzte Woche hat Thorsten Greta mit einem spannenden Auftrag betreut.;Vor zwei Tagen hat Greta wieder einen spannenden Auftrag vergeben, als sie an einer Konferenz teilgenommen hat.;Es lässt sich nicht sagen, wie oft Greta einen spannenden Auftrag vergeben hat.;neutral;13;positive;b;cannot say
exp1_13_pb_n_d_once;Letzte Woche hat Thorsten Greta mit einem spannenden Auftrag betreut.;Vor zwei Tagen hat Thorsten wieder einen spannenden Auftrag vergeben, als er an einer Konferenz teilgenommen hat.;Thorsten hat einmal einen spannenden Auftrag vergeben.;entailment;13;neutral;b;once
exp1_13_pb_n_d_twice;Letzte Woche hat Thorsten Greta mit einem spannenden Auftrag betreut.;Vor zwei Tagen hat Thorsten wieder einen spannenden Auftrag vergeben, als er an einer Konferenz teilgenommen hat.;Thorsten hat mindestens zweimal einen spannenden Auftrag vergeben.;neutral;13;neutral;b;twice
exp1_13_pb_n_d_cannot_say;Letzte Woche hat Thorsten Greta mit einem spannenden Auftrag betreut.;Vor zwei Tagen hat Thorsten wieder einen spannenden Auftrag vergeben, als er an einer Konferenz teilgenommen hat.;Es lässt sich nicht sagen, wie oft Thorsten einen spannenden Auftrag vergeben hat.;neutral;13;neutral;b;cannot say
exp1_13_na_p_f_once;Letzte Woche hat Greta Thorsten mit einem spannenden Auftrag betreut.;Vor zwei Tagen hat Thorsten wieder einen spannenden Auftrag ausgefuhrt, als er an einer Konferenz teilgenommen hat.;Thorsten hat einmal einen spannenden Auftrag ausgefuhrt.;entailment;13;positive;a;once
exp1_13_na_p_f_twice;Letzte Woche hat Greta Thorsten mit einem spannenden Auftrag betreut.;Vor zwei Tagen hat Thorsten wieder einen spannenden Auftrag ausgefuhrt, als er an einer Konferenz teilgenommen hat.;Thorsten hat mindestens zweimal einen spannenden Auftrag ausgefuhrt.;neutral;13;positive;a;twice
exp1_13_na_p_f_cannot_say;Letzte Woche hat Greta Thorsten mit einem spannenden Auftrag betreut.;Vor zwei Tagen hat Thorsten wieder einen spannenden Auftrag ausgefuhrt, als er an einer Konferenz teilgenommen hat.;Es lässt sich nicht sagen, wie oft Thorsten einen spannenden Auftrag ausgefuhrt hat.;neutral;13;positive;a;cannot say
exp1_13_na_n_d_once;Letzte Woche hat Greta Thorsten mit einem spannenden Auftrag betreut.;Vor zwei Tagen hat Greta wieder einen spannenden Auftrag ausgefuhrt, als sie an einer Konferenz teilgenommen hat.;Greta hat einmal einen spannenden Auftrag ausgefuhrt.;neutral;13;neutral;a;once
exp1_13_na_n_d_twice;Letzte Woche hat Greta Thorsten mit einem spannenden Auftrag betreut.;Vor zwei Tagen hat Greta wieder einen spannenden Auftrag ausgefuhrt, als sie an einer Konferenz teilgenommen hat.;Greta hat mindestens zweimal einen spannenden Auftrag ausgefuhrt.;entailment;13;neutral;a;twice
exp1_13_na_n_d_cannot_say;Letzte Woche hat Greta Thorsten mit einem spannenden Auftrag betreut.;Vor zwei Tagen hat Greta wieder einen spannenden Auftrag ausgefuhrt, als sie an einer Konferenz teilgenommen hat.;Es lässt sich nicht sagen, wie oft Greta einen spannenden Auftrag ausgefuhrt hat.;neutral;13;neutral;a;cannot say
exp1_13_nb_p_f_once;Letzte Woche hat Greta Thorsten mit einem spannenden Auftrag betreut.;Vor zwei Tagen hat Thorsten wieder einen spannenden Auftrag vergeben, als er an einer Konferenz teilgenommen hat.;Thorsten hat einmal einen spannenden Auftrag vergeben.;entailment;13;positive;b;once
exp1_13_nb_p_f_twice;Letzte Woche hat Greta Thorsten mit einem spannenden Auftrag betreut.;Vor zwei Tagen hat Thorsten wieder einen spannenden Auftrag vergeben, als er an einer Konferenz teilgenommen hat.;Thorsten hat mindestens zweimal einen spannenden Auftrag vergeben.;neutral;13;positive;b;twice
exp1_13_nb_p_f_cannot_say;Letzte Woche hat Greta Thorsten mit einem spannenden Auftrag betreut.;Vor zwei Tagen hat Thorsten wieder einen spannenden Auftrag vergeben, als er an einer Konferenz teilgenommen hat.;Es lässt sich nicht sagen, wie oft Thorsten einen spannenden Auftrag vergeben hat.;neutral;13;positive;b;cannot say
exp1_13_nb_n_d_once;Letzte Woche hat Greta Thorsten mit einem spannenden Auftrag betreut.;Vor zwei Tagen hat Greta wieder einen spannenden Auftrag vergeben, als sie an einer Konferenz teilgenommen hat.;Greta hat einmal einen spannenden Auftrag vergeben.;neutral;13;neutral;b;once
exp1_13_nb_n_d_twice;Letzte Woche hat Greta Thorsten mit einem spannenden Auftrag betreut.;Vor zwei Tagen hat Greta wieder einen spannenden Auftrag vergeben, als sie an einer Konferenz teilgenommen hat.;Greta hat mindestens zweimal einen spannenden Auftrag vergeben.;entailment;13;neutral;b;twice
exp1_13_nb_n_d_cannot_say;Letzte Woche hat Greta Thorsten mit einem spannenden Auftrag betreut.;Vor zwei Tagen hat Greta wieder einen spannenden Auftrag vergeben, als sie an einer Konferenz teilgenommen hat.;Es lässt sich nicht sagen, wie oft Greta einen spannenden Auftrag vergeben hat.;neutral;13;neutral;b;cannot say
exp1_14_pa_p_f_once;Letzten Monat hat Thorsten Sabine ein selbstgemaltes Bild gezeigt.;Vor zwei Wochen hat Sabine wieder ein selbstgemaltes Bild gesehen, als sie mit einer Kunstlerin verabredet war.;Sabine hat einmal ein selbstgemaltes Bild gesehen.;neutral;14;positive;a;once
exp1_14_pa_p_f_twice;Letzten Monat hat Thorsten Sabine ein selbstgemaltes Bild gezeigt.;Vor zwei Wochen hat Sabine wieder ein selbstgemaltes Bild gesehen, als sie mit einer Kunstlerin verabredet war.;Sabine hat mindestens zweimal ein selbstgemaltes Bild gesehen.;entailment;14;positive;a;twice
exp1_14_pa_p_f_cannot_say;Letzten Monat hat Thorsten Sabine ein selbstgemaltes Bild gezeigt.;Vor zwei Wochen hat Sabine wieder ein selbstgemaltes Bild gesehen, als sie mit einer Kunstlerin verabredet war.;Es lässt sich nicht sagen, wie oft Sabine ein selbstgemaltes Bild gesehen hat.;neutral;14;positive;a;cannot say
exp1_14_pa_n_d_once;Letzten Monat hat Thorsten Sabine ein selbstgemaltes Bild gezeigt.;Vor zwei Wochen hat Thorsten wieder ein selbstgemaltes Bild gesehen, als er mit einer Kunstlerin verabredet war.;Thorsten hat einmal ein selbstgemaltes Bild gesehen.;entailment;14;neutral;a;once
exp1_14_pa_n_d_twice;Letzten Monat hat Thorsten Sabine ein selbstgemaltes Bild gezeigt.;Vor zwei Wochen hat Thorsten wieder ein selbstgemaltes Bild gesehen, als er mit einer Kunstlerin verabredet war.;Thorsten hat mindestens zweimal ein selbstgemaltes Bild gesehen.;neutral;14;neutral;a;twice
exp1_14_pa_n_d_cannot_say;Letzten Monat hat Thorsten Sabine ein selbstgemaltes Bild gezeigt.;Vor zwei Wochen hat Thorsten wieder ein selbstgemaltes Bild gesehen, als er mit einer Kunstlerin verabredet war.;Es lässt sich nicht sagen, wie oft Thorsten ein selbstgemaltes Bild gesehen hat.;neutral;14;neutral;a;cannot say
exp1_14_pb_p_f_once;Letzten Monat hat Thorsten Sabine ein selbstgemaltes Bild gezeigt.;Vor zwei Wochen hat Sabine wieder ein selbstgemaltes Bild prapentiert, als sie mit einer Kunstlerin verabredet war.;Sabine hat einmal ein selbstgemaltes Bild prapentiert.;neutral;14;positive;b;once
exp1_14_pb_p_f_twice;Letzten Monat hat Thorsten Sabine ein selbstgemaltes Bild gezeigt.;Vor zwei Wochen hat Sabine wieder ein selbstgemaltes Bild prapentiert, als sie mit einer Kunstlerin verabredet war.;Sabine hat mindestens zweimal ein selbstgemaltes Bild prapentiert.;entailment;14;positive;b;twice
exp1_14_pb_p_f_cannot_say;Letzten Monat hat Thorsten Sabine ein selbstgemaltes Bild gezeigt.;Vor zwei Wochen hat Sabine wieder ein selbstgemaltes Bild prapentiert, als sie mit einer Kunstlerin verabredet war.;Es lässt sich nicht sagen, wie oft Sabine ein selbstgemaltes Bild prapentiert hat.;neutral;14;positive;b;cannot say
exp1_14_pb_n_d_once;Letzten Monat hat Thorsten Sabine ein selbstgemaltes Bild gezeigt.;Vor zwei Wochen hat Thorsten wieder ein selbstgemaltes Bild prapentiert, als er mit einer Kunstlerin verabredet war.;Thorsten hat einmal ein selbstgemaltes Bild prapentiert.;entailment;14;neutral;b;once
exp1_14_pb_n_d_twice;Letzten Monat hat Thorsten Sabine ein selbstgemaltes Bild gezeigt.;Vor zwei Wochen hat Thorsten wieder ein selbstgemaltes Bild prapentiert, als er mit einer Kunstlerin verabredet war.;Thorsten hat mindestens zweimal ein selbstgemaltes Bild prapentiert.;neutral;14;neutral;b;twice
exp1_14_pb_n_d_cannot_say;Letzten Monat hat Thorsten Sabine ein selbstgemaltes Bild gezeigt.;Vor zwei Wochen hat Thorsten wieder ein selbstgemaltes Bild prapentiert, als er mit einer Kunstlerin verabredet war.;Es lässt sich nicht sagen, wie oft Thorsten ein selbstgemaltes Bild prapentiert hat.;neutral;14;neutral;b;cannot say
exp1_14_na_p_f_once;Letzten Monat hat Sabine Thorsten ein selbstgemaltes Bild gezeigt.;Vor zwei Wochen hat Thorsten wieder ein selbstgemaltes Bild gesehen, als er mit einer Kunstlerin verabredet war.;Thorsten hat einmal ein selbstgemaltes Bild gesehen.;entailment;14;positive;a;once
exp1_14_na_p_f_twice;Letzten Monat hat Sabine Thorsten ein selbstgemaltes Bild gezeigt.;Vor zwei Wochen hat Thorsten wieder ein selbstgemaltes Bild gesehen, als er mit einer Kunstlerin verabredet war.;Thorsten hat mindestens zweimal ein selbstgemaltes Bild gesehen.;neutral;14;positive;a;twice
exp1_14_na_p_f_cannot_say;Letzten Monat hat Sabine Thorsten ein selbstgemaltes Bild gezeigt.;Vor zwei Wochen hat Thorsten wieder ein selbstgemaltes Bild gesehen, als er mit einer Kunstlerin verabredet war.;Es lässt sich nicht sagen, wie oft Thorsten ein selbstgemaltes Bild gesehen hat.;neutral;14;positive;a;cannot say
exp1_14_na_n_d_once;Letzten Monat hat Sabine Thorsten ein selbstgemaltes Bild gezeigt.;Vor zwei Wochen hat Sabine wieder ein selbstgemaltes Bild gesehen, als sie mit einer Kunstlerin verabredet war.;Sabine hat einmal ein selbstgemaltes Bild gesehen.;neutral;14;neutral;a;once
exp1_14_na_n_d_twice;Letzten Monat hat Sabine Thorsten ein selbstgemaltes Bild gezeigt.;Vor zwei Wochen hat Sabine wieder ein selbstgemaltes Bild gesehen, als sie mit einer Kunstlerin verabredet war.;Sabine hat mindestens zweimal ein selbstgemaltes Bild gesehen.;entailment;14;neutral;a;twice
exp1_14_na_n_d_cannot_say;Letzten Monat hat Sabine Thorsten ein selbstgemaltes Bild gezeigt.;Vor zwei Wochen hat Sabine wieder ein selbstgemaltes Bild gesehen, als sie mit einer Kunstlerin verabredet war.;Es lässt sich nicht sagen, wie oft Sabine ein selbstgemaltes Bild gesehen hat.;neutral;14;neutral;a;cannot say
exp1_14_nb_p_f_once;Letzten Monat hat Sabine Thorsten ein selbstgemaltes Bild gezeigt.;Vor zwei Wochen hat Thorsten wieder ein selbstgemaltes Bild prapentiert, als er mit einer Kunstlerin verabredet war.;Thorsten hat einmal ein selbstgemaltes Bild prapentiert.;entailment;14;positive;b;once
exp1_14_nb_p_f_twice;Letzten Monat hat Sabine Thorsten ein selbstgemaltes Bild gezeigt.;Vor zwei Wochen hat Thorsten wieder ein selbstgemaltes Bild prapentiert, als er mit einer Kunstlerin verabredet war.;Thorsten hat mindestens zweimal ein selbstgemaltes Bild prapentiert.;neutral;14;positive;b;twice
exp1_14_nb_p_f_cannot_say;Letzten Monat hat Sabine Thorsten ein selbstgemaltes Bild gezeigt.;Vor zwei Wochen hat Thorsten wieder ein selbstgemaltes Bild prapentiert, als er mit einer Kunstlerin verabredet war.;Es lässt sich nicht sagen, wie oft Thorsten ein selbstgemaltes Bild prapentiert hat.;neutral;14;positive;b;cannot say
exp1_14_nb_n_d_once;Letzten Monat hat Sabine Thorsten ein selbstgemaltes Bild gezeigt.;Vor zwei Wochen hat Sabine wieder ein selbstgemaltes Bild prapentiert, als sie mit einer Kunstlerin verabredet war.;Sabine hat einmal ein selbstgemaltes Bild prapentiert.;neutral;14;neutral;b;once
exp1_14_nb_n_d_twice;Letzten Monat hat Sabine Thorsten ein selbstgemaltes Bild gezeigt.;Vor zwei Wochen hat Sabine wieder ein selbstgemaltes Bild prapentiert, als sie mit einer Kunstlerin verabredet war.;Sabine hat mindestens zweimal ein selbstgemaltes Bild prapentiert.;entailment;14;neutral;b;twice
exp1_14_nb_n_d_cannot_say;Letzten Monat hat Sabine Thorsten ein selbstgemaltes Bild gezeigt.;Vor zwei Wochen hat Sabine wieder ein selbstgemaltes Bild prapentiert, als sie mit einer Kunstlerin verabredet war.;Es lässt sich nicht sagen, wie oft Sabine ein selbstgemaltes Bild prapentiert hat.;neutral;14;neutral;b;cannot say
exp1_15_pa_p_f_once;Vor vier Wochen hat Thorsten Tina angeschrien.;Vor drei Tagen hat Tina wieder eine lautstarke Standpauke bekommen, als sie an einer Bushaltestelle gewartet hat.;Tina hat einmal eine lautstarke Standpauke bekommen.;neutral;15;positive;a;once
exp1_15_pa_p_f_twice;Vor vier Wochen hat Thorsten Tina angeschrien.;Vor drei Tagen hat Tina wieder eine lautstarke Standpauke bekommen, als sie an einer Bushaltestelle gewartet hat.;Tina hat mindestens zweimal eine lautstarke Standpauke bekommen.;entailment;15;positive;a;twice
exp1_15_pa_p_f_cannot_say;Vor vier Wochen hat Thorsten Tina angeschrien.;Vor drei Tagen hat Tina wieder eine lautstarke Standpauke bekommen, als sie an einer Bushaltestelle gewartet hat.;Es lässt sich nicht sagen, wie oft Tina eine lautstarke Standpauke bekommen hat.;neutral;15;positive;a;cannot say
exp1_15_pa_n_d_once;Vor vier Wochen hat Thorsten Tina angeschrien.;Vor drei Tagen hat Thorsten wieder eine lautstarke Standpauke bekommen, als er an einer Bushaltestelle gewartet hat.;Thorsten hat einmal eine lautstarke Standpauke bekommen.;entailment;15;neutral;a;once
exp1_15_pa_n_d_twice;Vor vier Wochen hat Thorsten Tina angeschrien.;Vor drei Tagen hat Thorsten wieder eine lautstarke Standpauke bekommen, als er an einer Bushaltestelle gewartet hat.;Thorsten hat mindestens zweimal eine lautstarke Standpauke bekommen.;neutral;15;neutral;a;twice
exp1_15_pa_n_d_cannot_say;Vor vier Wochen hat Thorsten Tina angeschrien.;Vor drei Tagen hat Thorsten wieder eine lautstarke Standpauke bekommen, als er an einer Bushaltestelle gewartet hat.;Es lässt sich nicht sagen, wie oft Thorsten eine lautstarke Standpauke bekommen hat.;neutral;15;neutral;a;cannot say
exp1_15_pb_p_f_once;Vor vier Wochen hat Thorsten Tina angeschrien.;Vor drei Tagen hat Tina wieder eine lautstarke Standpauke gehalten, als sie an einer Bushaltestelle gewartet hat.;Tina hat einmal eine lautstarke Standpauke gehalten.;neutral;15;positive;b;once
exp1_15_pb_p_f_twice;Vor vier Wochen hat Thorsten Tina angeschrien.;Vor drei Tagen hat Tina wieder eine lautstarke Standpauke gehalten, als sie an einer Bushaltestelle gewartet hat.;Tina hat mindestens zweimal eine lautstarke Standpauke gehalten.;entailment;15;positive;b;twice
exp1_15_pb_p_f_cannot_say;Vor vier Wochen hat Thorsten Tina angeschrien.;Vor drei Tagen hat Tina wieder eine lautstarke Standpauke gehalten, als sie an einer Bushaltestelle gewartet hat.;Es lässt sich nicht sagen, wie oft Tina eine lautstarke Standpauke gehalten hat.;neutral;15;positive;b;cannot say
exp1_15_pb_n_d_once;Vor vier Wochen hat Thorsten Tina angeschrien.;Vor drei Tagen hat Thorsten wieder eine lautstarke Standpauke gehalten, als er an einer Bushaltestelle gewartet hat.;Thorsten hat einmal eine lautstarke Standpauke gehalten.;entailment;15;neutral;b;once
exp1_15_pb_n_d_twice;Vor vier Wochen hat Thorsten Tina angeschrien.;Vor drei Tagen hat Thorsten wieder eine lautstarke Standpauke gehalten, als er an einer Bushaltestelle gewartet hat.;Thorsten hat mindestens zweimal eine lautstarke Standpauke gehalten.;neutral;15;neutral;b;twice
exp1_15_pb_n_d_cannot_say;Vor vier Wochen hat Thorsten Tina angeschrien.;Vor drei Tagen hat Thorsten wieder eine lautstarke Standpauke gehalten, als er an einer Bushaltestelle gewartet hat.;Es lässt sich nicht sagen, wie oft Thorsten eine lautstarke Standpauke gehalten hat.;neutral;15;neutral;b;cannot say
exp1_15_na_p_f_once;Vor vier Wochen hat Tina Thorsten angeschrien.;Vor drei Tagen hat Thorsten wieder eine lautstarke Standpauke bekommen, als er an einer Bushaltestelle gewartet hat.;Thorsten hat einmal eine lautstarke Standpauke bekommen.;entailment;15;positive;a;once
exp1_15_na_p_f_twice;Vor vier Wochen hat Tina Thorsten angeschrien.;Vor drei Tagen hat Thorsten wieder eine lautstarke Standpauke bekommen, als er an einer Bushaltestelle gewartet hat.;Thorsten hat mindestens zweimal eine lautstarke Standpauke bekommen.;neutral;15;positive;a;twice
exp1_15_na_p_f_cannot_say;Vor vier Wochen hat Tina Thorsten angeschrien.;Vor drei Tagen hat Thorsten wieder eine lautstarke Standpauke bekommen, als er an einer Bushaltestelle gewartet hat.;Es lässt sich nicht sagen, wie oft Thorsten eine lautstarke Standpauke bekommen hat.;neutral;15;positive;a;cannot say
exp1_15_na_n_d_once;Vor vier Wochen hat Tina Thorsten angeschrien.;Vor drei Tagen hat Tina wieder eine lautstarke Standpauke bekommen, als sie an einer Bushaltestelle gewartet hat.;Tina hat einmal eine lautstarke Standpauke bekommen.;neutral;15;neutral;a;once
exp1_15_na_n_d_twice;Vor vier Wochen hat Tina Thorsten angeschrien.;Vor drei Tagen hat Tina wieder eine lautstarke Standpauke bekommen, als sie an einer Bushaltestelle gewartet hat.;Tina hat mindestens zweimal eine lautstarke Standpauke bekommen.;entailment;15;neutral;a;twice
exp1_15_na_n_d_cannot_say;Vor vier Wochen hat Tina Thorsten angeschrien.;Vor drei Tagen hat Tina wieder eine lautstarke Standpauke bekommen, als sie an einer Bushaltestelle gewartet hat.;Es lässt sich nicht sagen, wie oft Tina eine lautstarke Standpauke bekommen hat.;neutral;15;neutral;a;cannot say
exp1_15_nb_p_f_once;Vor vier Wochen hat Tina Thorsten angeschrien.;Vor drei Tagen hat Thorsten wieder eine lautstarke Standpauke gehalten, als er an einer Bushaltestelle gewartet hat.;Thorsten hat einmal eine lautstarke Standpauke gehalten.;entailment;15;positive;b;once
exp1_15_nb_p_f_twice;Vor vier Wochen hat Tina Thorsten angeschrien.;Vor drei Tagen hat Thorsten wieder eine lautstarke Standpauke gehalten, als er an einer Bushaltestelle gewartet hat.;Thorsten hat mindestens zweimal eine lautstarke Standpauke gehalten.;neutral;15;positive;b;twice
exp1_15_nb_p_f_cannot_say;Vor vier Wochen hat Tina Thorsten angeschrien.;Vor drei Tagen hat Thorsten wieder eine lautstarke Standpauke gehalten, als er an einer Bushaltestelle gewartet hat.;Es lässt sich nicht sagen, wie oft Thorsten eine lautstarke Standpauke gehalten hat.;neutral;15;positive;b;cannot say
exp1_15_nb_n_d_once;Vor vier Wochen hat Tina Thorsten angeschrien.;Vor drei Tagen hat Tina wieder eine lautstarke Standpauke gehalten, als sie an einer Bushaltestelle gewartet hat.;Tina hat einmal eine lautstarke Standpauke gehalten.;neutral;15;neutral;b;once
exp1_15_nb_n_d_twice;Vor vier Wochen hat Tina Thorsten angeschrien.;Vor drei Tagen hat Tina wieder eine lautstarke Standpauke gehalten, als sie an einer Bushaltestelle gewartet hat.;Tina hat mindestens zweimal eine lautstarke Standpauke gehalten.;entailment;15;neutral;b;twice
exp1_15_nb_n_d_cannot_say;Vor vier Wochen hat Tina Thorsten angeschrien.;Vor drei Tagen hat Tina wieder eine lautstarke Standpauke gehalten, als sie an einer Bushaltestelle gewartet hat.;Es lässt sich nicht sagen, wie oft Tina eine lautstarke Standpauke gehalten hat.;neutral;15;neutral;b;cannot say
exp1_16_pa_p_f_once;Vor vier Monaten hat Greta Sabine ein tragisches Gedicht vorgetragen.;Vor zwei Tagen hat Sabine wieder ein tragisches Gedicht gehort, als sie bei einem Kleinkunstabend zugegen war.;Sabine hat einmal ein tragisches Gedicht gehort.;neutral;16;positive;a;once
exp1_16_pa_p_f_twice;Vor vier Monaten hat Greta Sabine ein tragisches Gedicht vorgetragen.;Vor zwei Tagen hat Sabine wieder ein tragisches Gedicht gehort, als sie bei einem Kleinkunstabend zugegen war.;Sabine hat mindestens zweimal ein tragisches Gedicht gehort.;entailment;16;positive;a;twice
exp1_16_pa_p_f_cannot_say;Vor vier Monaten hat Greta Sabine ein tragisches Gedicht vorgetragen.;Vor zwei Tagen hat Sabine wieder ein tragisches Gedicht gehort, als sie bei einem Kleinkunstabend zugegen war.;Es lässt sich nicht sagen, wie oft Sabine ein tragisches Gedicht gehort hat.;neutral;16;positive;a;cannot say
exp1_16_pa_n_d_once;Vor vier Monaten hat Greta Sabine ein tragisches Gedicht vorgetragen.;Vor zwei Tagen hat Greta wieder ein tragisches Gedicht gehort, als sie bei einem Kleinkunstabend zugegen war.;Greta hat einmal ein tragisches Gedicht gehort.;entailment;16;neutral;a;once
exp1_16_pa_n_d_twice;Vor vier Monaten hat Greta Sabine ein tragisches Gedicht vorgetragen.;Vor zwei Tagen hat Greta wieder ein tragisches Gedicht gehort, als sie bei einem Kleinkunstabend zugegen war.;Greta hat mindestens zweimal ein tragisches Gedicht gehort.;neutral;16;neutral;a;twice
exp1_16_pa_n_d_cannot_say;Vor vier Monaten hat Greta Sabine ein tragisches Gedicht vorgetragen.;Vor zwei Tagen hat Greta wieder ein tragisches Gedicht gehort, als sie bei einem Kleinkunstabend zugegen war.;Es lässt sich nicht sagen, wie oft Greta ein tragisches Gedicht gehort hat.;neutral;16;neutral;a;cannot say
exp1_16_pb_p_f_once;Vor vier Monaten hat Greta Sabine ein tragisches Gedicht vorgetragen.;Vor zwei Tagen hat Sabine wieder ein tragisches Gedicht rezitiert, als sie bei einem Kleinkunstabend zugegen war.;Sabine hat einmal ein tragisches Gedicht rezitiert.;neutral;16;positive;b;once
exp1_16_pb_p_f_twice;Vor vier Monaten hat Greta Sabine ein tragisches Gedicht vorgetragen.;Vor zwei Tagen hat Sabine wieder ein tragisches Gedicht rezitiert, als sie bei einem Kleinkunstabend zugegen war.;Sabine hat mindestens zweimal ein tragisches Gedicht rezitiert.;entailment;16;positive;b;twice
exp1_16_pb_p_f_cannot_say;Vor vier Monaten hat Greta Sabine ein tragisches Gedicht vorgetragen.;Vor zwei Tagen hat Sabine wieder ein tragisches Gedicht rezitiert, als sie bei einem Kleinkunstabend zugegen war.;Es lässt sich nicht sagen, wie oft Sabine ein tragisches Gedicht rezitiert hat.;neutral;16;positive;b;cannot say
exp1_16_pb_n_d_once;Vor vier Monaten hat Greta Sabine ein tragisches Gedicht vorgetragen.;Vor zwei Tagen hat Greta wieder ein tragisches Gedicht rezitiert, als sie bei einem Kleinkunstabend zugegen war.;Greta hat einmal ein tragisches Gedicht rezitiert.;entailment;16;neutral;b;once
exp1_16_pb_n_d_twice;Vor vier Monaten hat Greta Sabine ein tragisches Gedicht vorgetragen.;Vor zwei Tagen hat Greta wieder ein tragisches Gedicht rezitiert, als sie bei einem Kleinkunstabend zugegen war.;Greta hat mindestens zweimal ein tragisches Gedicht rezitiert.;neutral;16;neutral;b;twice
exp1_16_pb_n_d_cannot_say;Vor vier Monaten hat Greta Sabine ein tragisches Gedicht vorgetragen.;Vor zwei Tagen hat Greta wieder ein tragisches Gedicht rezitiert, als sie bei einem Kleinkunstabend zugegen war.;Es lässt sich nicht sagen, wie oft Greta ein tragisches Gedicht rezitiert hat.;neutral;16;neutral;b;cannot say
exp1_16_na_p_f_once;Vor vier Monaten hat Sabine Greta ein tragisches Gedicht vorgetragen.;Vor zwei Tagen hat Greta wieder ein tragisches Gedicht gehort, als sie bei einem Kleinkunstabend zugegen war.;Greta hat einmal ein tragisches Gedicht gehort.;entailment;16;positive;a;once
exp1_16_na_p_f_twice;Vor vier Monaten hat Sabine Greta ein tragisches Gedicht vorgetragen.;Vor zwei Tagen hat Greta wieder ein tragisches Gedicht gehort, als sie bei einem Kleinkunstabend zugegen war.;Greta hat mindestens zweimal ein tragisches Gedicht gehort.;neutral;16;positive;a;twice
exp1_16_na_p_f_cannot_say;Vor vier Monaten hat Sabine Greta ein tragisches Gedicht vorgetragen.;Vor zwei Tagen hat Greta wieder ein tragisches Gedicht gehort, als sie bei einem Kleinkunstabend zugegen war.;Es lässt sich nicht sagen, wie oft Greta ein tragisches Gedicht gehort hat.;neutral;16;positive;a;cannot say
exp1_16_na_n_d_once;Vor vier Monaten hat Sabine Greta ein tragisches Gedicht vorgetragen.;Vor zwei Tagen hat Sabine wieder ein tragisches Gedicht gehort, als sie bei einem Kleinkunstabend zugegen war.;Sabine hat einmal ein tragisches Gedicht gehort.;neutral;16;neutral;a;once
exp1_16_na_n_d_twice;Vor vier Monaten hat Sabine Greta ein tragisches Gedicht vorgetragen.;Vor zwei Tagen hat Sabine wieder ein tragisches Gedicht gehort, als sie bei einem Kleinkunstabend zugegen war.;Sabine hat mindestens zweimal ein tragisches Gedicht gehort.;entailment;16;neutral;a;twice
exp1_16_na_n_d_cannot_say;Vor vier Monaten hat Sabine Greta ein tragisches Gedicht vorgetragen.;Vor zwei Tagen hat Sabine wieder ein tragisches Gedicht gehort, als sie bei einem Kleinkunstabend zugegen war.;Es lässt sich nicht sagen, wie oft Sabine ein tragisches Gedicht gehort hat.;neutral;16;neutral;a;cannot say
exp1_16_nb_p_f_once;Vor vier Monaten hat Sabine Greta ein tragisches Gedicht vorgetragen.;Vor zwei Tagen hat Greta wieder ein tragisches Gedicht rezitiert, als sie bei einem Kleinkunstabend zugegen war.;Greta hat einmal ein tragisches Gedicht rezitiert.;entailment;16;positive;b;once
exp1_16_nb_p_f_twice;Vor vier Monaten hat Sabine Greta ein tragisches Gedicht vorgetragen.;Vor zwei Tagen hat Greta wieder ein tragisches Gedicht rezitiert, als sie bei einem Kleinkunstabend zugegen war.;Greta hat mindestens zweimal ein tragisches Gedicht rezitiert.;neutral;16;positive;b;twice
exp1_16_nb_p_f_cannot_say;Vor vier Monaten hat Sabine Greta ein tragisches Gedicht vorgetragen.;Vor zwei Tagen hat Greta wieder ein tragisches Gedicht rezitiert, als sie bei einem Kleinkunstabend zugegen war.;Es lässt sich nicht sagen, wie oft Greta ein tragisches Gedicht rezitiert hat.;neutral;16;positive;b;cannot say
exp1_16_nb_n_d_once;Vor vier Monaten hat Sabine Greta ein tragisches Gedicht vorgetragen.;Vor zwei Tagen hat Sabine wieder ein tragisches Gedicht rezitiert, als sie bei einem Kleinkunstabend zugegen war.;Sabine hat einmal ein tragisches Gedicht rezitiert.;neutral;16;neutral;b;once
exp1_16_nb_n_d_twice;Vor vier Monaten hat Sabine Greta ein tragisches Gedicht vorgetragen.;Vor zwei Tagen hat Sabine wieder ein tragisches Gedicht rezitiert, als sie bei einem Kleinkunstabend zugegen war.;Sabine hat mindestens zweimal ein tragisches Gedicht rezitiert.;entailment;16;neutral;b;twice
exp1_16_nb_n_d_cannot_say;Vor vier Monaten hat Sabine Greta ein tragisches Gedicht vorgetragen.;Vor zwei Tagen hat Sabine wieder ein tragisches Gedicht rezitiert, als sie bei einem Kleinkunstabend zugegen war.;Es lässt sich nicht sagen, wie oft Sabine ein tragisches Gedicht rezitiert hat.;neutral;16;neutral;b;cannot say
exp1_17_pa_p_f_once;Vor zwei Monaten hat Greta vor Tina einen komplizierten Vortrag gehalten.;Vor drei Tagen hat Tina wieder einen komplizierten Vortrag gehort, als sie auf einer Tagung gewesen ist.;Tina hat einmal einen komplizierten Vortrag gehort.;neutral;17;positive;a;once
exp1_17_pa_p_f_twice;Vor zwei Monaten hat Greta vor Tina einen komplizierten Vortrag gehalten.;Vor drei Tagen hat Tina wieder einen komplizierten Vortrag gehort, als sie auf einer Tagung gewesen ist.;Tina hat mindestens zweimal einen komplizierten Vortrag gehort.;entailment;17;positive;a;twice
exp1_17_pa_p_f_cannot_say;Vor zwei Monaten hat Greta vor Tina einen komplizierten Vortrag gehalten.;Vor drei Tagen hat Tina wieder einen komplizierten Vortrag gehort, als sie auf einer Tagung gewesen ist.;Es lässt sich nicht sagen, wie oft Tina einen komplizierten Vortrag gehort hat.;neutral;17;positive;a;cannot say
exp1_17_pa_n_d_once;Vor zwei Monaten hat Greta vor Tina einen komplizierten Vortrag gehalten.;Vor drei Tagen hat Greta wieder einen komplizierten Vortrag gehort, als sie auf einer Tagung gewesen ist.;Greta hat einmal einen komplizierten Vortrag gehort.;entailment;17;neutral;a;once
exp1_17_pa_n_d_twice;Vor zwei Monaten hat Greta vor Tina einen komplizierten Vortrag gehalten.;Vor drei Tagen hat Greta wieder einen komplizierten Vortrag gehort, als sie auf einer Tagung gewesen ist.;Greta hat mindestens zweimal einen komplizierten Vortrag gehort.;neutral;17;neutral;a;twice
exp1_17_pa_n_d_cannot_say;Vor zwei Monaten hat Greta vor Tina einen komplizierten Vortrag gehalten.;Vor drei Tagen hat Greta wieder einen komplizierten Vortrag gehort, als sie auf einer Tagung gewesen ist.;Es lässt sich nicht sagen, wie oft Greta einen komplizierten Vortrag gehort hat.;neutral;17;neutral;a;cannot say
exp1_17_pb_p_f_once;Vor zwei Monaten hat Greta vor Tina einen komplizierten Vortrag gehalten.;Vor drei Tagen hat Tina wieder einen komplizierten Vortrag prasentiert, als sie auf einer Tagung gewesen ist.;Tina hat einmal einen komplizierten Vortrag prasentiert.;neutral;17;positive;b;once
exp1_17_pb_p_f_twice;Vor zwei Monaten hat Greta vor Tina einen komplizierten Vortrag gehalten.;Vor drei Tagen hat Tina wieder einen komplizierten Vortrag prasentiert, als sie auf einer Tagung gewesen ist.;Tina hat mindestens zweimal einen komplizierten Vortrag prasentiert.;entailment;17;positive;b;twice
exp1_17_pb_p_f_cannot_say;Vor zwei Monaten hat Greta vor Tina einen komplizierten Vortrag gehalten.;Vor drei Tagen hat Tina wieder einen komplizierten Vortrag prasentiert, als sie auf einer Tagung gewesen ist.;Es lässt sich nicht sagen, wie oft Tina einen komplizierten Vortrag prasentiert hat.;neutral;17;positive;b;cannot say
exp1_17_pb_n_d_once;Vor zwei Monaten hat Greta vor Tina einen komplizierten Vortrag gehalten.;Vor drei Tagen hat Greta wieder einen komplizierten Vortrag prasentiert, als sie auf einer Tagung gewesen ist.;Greta hat einmal einen komplizierten Vortrag prasentiert.;entailment;17;neutral;b;once
exp1_17_pb_n_d_twice;Vor zwei Monaten hat Greta vor Tina einen komplizierten Vortrag gehalten.;Vor drei Tagen hat Greta wieder einen komplizierten Vortrag prasentiert, als sie auf einer Tagung gewesen ist.;Greta hat mindestens zweimal einen komplizierten Vortrag prasentiert.;neutral;17;neutral;b;twice
exp1_17_pb_n_d_cannot_say;Vor zwei Monaten hat Greta vor Tina einen komplizierten Vortrag gehalten.;Vor drei Tagen hat Greta wieder einen komplizierten Vortrag prasentiert, als sie auf einer Tagung gewesen ist.;Es lässt sich nicht sagen, wie oft Greta einen komplizierten Vortrag prasentiert hat.;neutral;17;neutral;b;cannot say
exp1_17_na_p_f_once;Vor zwei Monaten hat Tina vor Greta einen komplizierten Vortrag gehalten.;Vor drei Tagen hat Greta wieder einen komplizierten Vortrag gehort, als sie auf einer Tagung gewesen ist.;Greta hat einmal einen komplizierten Vortrag gehort.;entailment;17;positive;a;once
exp1_17_na_p_f_twice;Vor zwei Monaten hat Tina vor Greta einen komplizierten Vortrag gehalten.;Vor drei Tagen hat Greta wieder einen komplizierten Vortrag gehort, als sie auf einer Tagung gewesen ist.;Greta hat mindestens zweimal einen komplizierten Vortrag gehort.;neutral;17;positive;a;twice
exp1_17_na_p_f_cannot_say;Vor zwei Monaten hat Tina vor Greta einen komplizierten Vortrag gehalten.;Vor drei Tagen hat Greta wieder einen komplizierten Vortrag gehort, als sie auf einer Tagung gewesen ist.;Es lässt sich nicht sagen, wie oft Greta einen komplizierten Vortrag gehort hat.;neutral;17;positive;a;cannot say
exp1_17_na_n_d_once;Vor zwei Monaten hat Tina vor Greta einen komplizierten Vortrag gehalten.;Vor drei Tagen hat Tina wieder einen komplizierten Vortrag gehort, als sie auf einer Tagung gewesen ist.;Tina hat einmal einen komplizierten Vortrag gehort.;neutral;17;neutral;a;once
exp1_17_na_n_d_twice;Vor zwei Monaten hat Tina vor Greta einen komplizierten Vortrag gehalten.;Vor drei Tagen hat Tina wieder einen komplizierten Vortrag gehort, als sie auf einer Tagung gewesen ist.;Tina hat mindestens zweimal einen komplizierten Vortrag gehort.;entailment;17;neutral;a;twice
exp1_17_na_n_d_cannot_say;Vor zwei Monaten hat Tina vor Greta einen komplizierten Vortrag gehalten.;Vor drei Tagen hat Tina wieder einen komplizierten Vortrag gehort, als sie auf einer Tagung gewesen ist.;Es lässt sich nicht sagen, wie oft Tina einen komplizierten Vortrag gehort hat.;neutral;17;neutral;a;cannot say
exp1_17_nb_p_f_once;Vor zwei Monaten hat Tina vor Greta einen komplizierten Vortrag gehalten.;Vor drei Tagen hat Greta wieder einen komplizierten Vortrag prasentiert, als sie auf einer Tagung gewesen ist.;Greta hat einmal einen komplizierten Vortrag prasentiert.;entailment;17;positive;b;once
exp1_17_nb_p_f_twice;Vor zwei Monaten hat Tina vor Greta einen komplizierten Vortrag gehalten.;Vor drei Tagen hat Greta wieder einen komplizierten Vortrag prasentiert, als sie auf einer Tagung gewesen ist.;Greta hat mindestens zweimal einen komplizierten Vortrag prasentiert.;neutral;17;positive;b;twice
exp1_17_nb_p_f_cannot_say;Vor zwei Monaten hat Tina vor Greta einen komplizierten Vortrag gehalten.;Vor drei Tagen hat Greta wieder einen komplizierten Vortrag prasentiert, als sie auf einer Tagung gewesen ist.;Es lässt sich nicht sagen, wie oft Greta einen komplizierten Vortrag prasentiert hat.;neutral;17;positive;b;cannot say
exp1_17_nb_n_d_once;Vor zwei Monaten hat Tina vor Greta einen komplizierten Vortrag gehalten.;Vor drei Tagen hat Tina wieder einen komplizierten Vortrag prasentiert, als sie auf einer Tagung gewesen ist.;Tina hat einmal einen komplizierten Vortrag prasentiert.;neutral;17;neutral;b;once
exp1_17_nb_n_d_twice;Vor zwei Monaten hat Tina vor Greta einen komplizierten Vortrag gehalten.;Vor drei Tagen hat Tina wieder einen komplizierten Vortrag prasentiert, als sie auf einer Tagung gewesen ist.;Tina hat mindestens zweimal einen komplizierten Vortrag prasentiert.;entailment;17;neutral;b;twice
exp1_17_nb_n_d_cannot_say;Vor zwei Monaten hat Tina vor Greta einen komplizierten Vortrag gehalten.;Vor drei Tagen hat Tina wieder einen komplizierten Vortrag prasentiert, als sie auf einer Tagung gewesen ist.;Es lässt sich nicht sagen, wie oft Tina einen komplizierten Vortrag prasentiert hat.;neutral;17;neutral;b;cannot say
exp1_18_pa_p_f_once;Vor einer Woche hat Greta Thorsten einen Cocktail ausgegeben.;Vor vier Tagen hat Thorsten wieder einen leckeren Cocktail bekommen, als er in einer Bar gewesen ist.;Thorsten hat einmal einen leckeren Cocktail bekommen.;neutral;18;positive;a;once
exp1_18_pa_p_f_twice;Vor einer Woche hat Greta Thorsten einen Cocktail ausgegeben.;Vor vier Tagen hat Thorsten wieder einen leckeren Cocktail bekommen, als er in einer Bar gewesen ist.;Thorsten hat mindestens zweimal einen leckeren Cocktail bekommen.;entailment;18;positive;a;twice
exp1_18_pa_p_f_cannot_say;Vor einer Woche hat Greta Thorsten einen Cocktail ausgegeben.;Vor vier Tagen hat Thorsten wieder einen leckeren Cocktail bekommen, als er in einer Bar gewesen ist.;Es lässt sich nicht sagen, wie oft Thorsten einen leckeren Cocktail bekommen hat.;neutral;18;positive;a;cannot say
exp1_18_pa_n_d_once;Vor einer Woche hat Greta Thorsten einen Cocktail ausgegeben.;Vor vier Tagen hat Greta wieder einen leckeren Cocktail bekommen, als sie in einer Bar gewesen ist.;Greta hat einmal einen leckeren Cocktail bekommen.;entailment;18;neutral;a;once
exp1_18_pa_n_d_twice;Vor einer Woche hat Greta Thorsten einen Cocktail ausgegeben.;Vor vier Tagen hat Greta wieder einen leckeren Cocktail bekommen, als sie in einer Bar gewesen ist.;Greta hat mindestens zweimal einen leckeren Cocktail bekommen.;neutral;18;neutral;a;twice
exp1_18_pa_n_d_cannot_say;Vor einer Woche hat Greta Thorsten einen Cocktail ausgegeben.;Vor vier Tagen hat Greta wieder einen leckeren Cocktail bekommen, als sie in einer Bar gewesen ist.;Es lässt sich nicht sagen, wie oft Greta einen leckeren Cocktail bekommen hat.;neutral;18;neutral;a;cannot say
exp1_18_pb_p_f_once;Vor einer Woche hat Greta Thorsten einen Cocktail ausgegeben.;Vor vier Tagen hat Thorsten wieder einen leckeren Cocktail bezahlt, als er in einer Bar gewesen ist.;Thorsten hat einmal einen leckeren Cocktail bezahlt.;neutral;18;positive;b;once
exp1_18_pb_p_f_twice;Vor einer Woche hat Greta Thorsten einen Cocktail ausgegeben.;Vor vier Tagen hat Thorsten wieder einen leckeren Cocktail bezahlt, als er in einer Bar gewesen ist.;Thorsten hat mindestens zweimal einen leckeren Cocktail bezahlt.;entailment;18;positive;b;twice
exp1_18_pb_p_f_cannot_say;Vor einer Woche hat Greta Thorsten einen Cocktail ausgegeben.;Vor vier Tagen hat Thorsten wieder einen leckeren Cocktail bezahlt, als er in einer Bar gewesen ist.;Es lässt sich nicht sagen, wie oft Thorsten einen leckeren Cocktail bezahlt hat.;neutral;18;positive;b;cannot say
exp1_18_pb_n_d_once;Vor einer Woche hat Greta Thorsten einen Cocktail ausgegeben.;Vor vier Tagen hat Greta wieder einen leckeren Cocktail bezahlt, als sie in einer Bar gewesen ist.;Greta hat einmal einen leckeren Cocktail bezahlt.;entailment;18;neutral;b;once
exp1_18_pb_n_d_twice;Vor einer Woche hat Greta Thorsten einen Cocktail ausgegeben.;Vor vier Tagen hat Greta wieder einen leckeren Cocktail bezahlt, als sie in einer Bar gewesen ist.;Greta hat mindestens zweimal einen leckeren Cocktail bezahlt.;neutral;18;neutral;b;twice
exp1_18_pb_n_d_cannot_say;Vor einer Woche hat Greta Thorsten einen Cocktail ausgegeben.;Vor vier Tagen hat Greta wieder einen leckeren Cocktail bezahlt, als sie in einer Bar gewesen ist.;Es lässt sich nicht sagen, wie oft Greta einen leckeren Cocktail bezahlt hat.;neutral;18;neutral;b;cannot say
exp1_18_na_p_f_once;Vor einer Woche hat Thorsten Greta einen Cocktail ausgegeben.;Vor vier Tagen hat Greta wieder einen leckeren Cocktail bekommen, als sie in einer Bar gewesen ist.;Greta hat einmal einen leckeren Cocktail bekommen.;entailment;18;positive;a;once
exp1_18_na_p_f_twice;Vor einer Woche hat Thorsten Greta einen Cocktail ausgegeben.;Vor vier Tagen hat Greta wieder einen leckeren Cocktail bekommen, als sie in einer Bar gewesen ist.;Greta hat mindestens zweimal einen leckeren Cocktail bekommen.;neutral;18;positive;a;twice
exp1_18_na_p_f_cannot_say;Vor einer Woche hat Thorsten Greta einen Cocktail ausgegeben.;Vor vier Tagen hat Greta wieder einen leckeren Cocktail bekommen, als sie in einer Bar gewesen ist.;Es lässt sich nicht sagen, wie oft Greta einen leckeren Cocktail bekommen hat.;neutral;18;positive;a;cannot say
exp1_18_na_n_d_once;Vor einer Woche hat Thorsten Greta einen Cocktail ausgegeben.;Vor vier Tagen hat Thorsten wieder einen leckeren Cocktail bekommen, als er in einer Bar gewesen ist.;Thorsten hat einmal einen leckeren Cocktail bekommen.;neutral;18;neutral;a;once
exp1_18_na_n_d_twice;Vor einer Woche hat Thorsten Greta einen Cocktail ausgegeben.;Vor vier Tagen hat Thorsten wieder einen leckeren Cocktail bekommen, als er in einer Bar gewesen ist.;Thorsten hat mindestens zweimal einen leckeren Cocktail bekommen.;entailment;18;neutral;a;twice
exp1_18_na_n_d_cannot_say;Vor einer Woche hat Thorsten Greta einen Cocktail ausgegeben.;Vor vier Tagen hat Thorsten wieder einen leckeren Cocktail bekommen, als er in einer Bar gewesen ist.;Es lässt sich nicht sagen, wie oft Thorsten einen leckeren Cocktail bekommen hat.;neutral;18;neutral;a;cannot say
exp1_18_nb_p_f_once;Vor einer Woche hat Thorsten Greta einen Cocktail ausgegeben.;Vor vier Tagen hat Greta wieder einen leckeren Cocktail bezahlt, als sie in einer Bar gewesen ist.;Greta hat einmal einen leckeren Cocktail bezahlt.;entailment;18;positive;b;once
exp1_18_nb_p_f_twice;Vor einer Woche hat Thorsten Greta einen Cocktail ausgegeben.;Vor vier Tagen hat Greta wieder einen leckeren Cocktail bezahlt, als sie in einer Bar gewesen ist.;Greta hat mindestens zweimal einen leckeren Cocktail bezahlt.;neutral;18;positive;b;twice
exp1_18_nb_p_f_cannot_say;Vor einer Woche hat Thorsten Greta einen Cocktail ausgegeben.;Vor vier Tagen hat Greta wieder einen leckeren Cocktail bezahlt, als sie in einer Bar gewesen ist.;Es lässt sich nicht sagen, wie oft Greta einen leckeren Cocktail bezahlt hat.;neutral;18;positive;b;cannot say
exp1_18_nb_n_d_once;Vor einer Woche hat Thorsten Greta einen Cocktail ausgegeben.;Vor vier Tagen hat Thorsten wieder einen leckeren Cocktail bezahlt, als er in einer Bar gewesen ist.;Thorsten hat einmal einen leckeren Cocktail bezahlt.;neutral;18;neutral;b;once
exp1_18_nb_n_d_twice;Vor einer Woche hat Thorsten Greta einen Cocktail ausgegeben.;Vor vier Tagen hat Thorsten wieder einen leckeren Cocktail bezahlt, als er in einer Bar gewesen ist.;Thorsten hat mindestens zweimal einen leckeren Cocktail bezahlt.;entailment;18;neutral;b;twice
exp1_18_nb_n_d_cannot_say;Vor einer Woche hat Thorsten Greta einen Cocktail ausgegeben.;Vor vier Tagen hat Thorsten wieder einen leckeren Cocktail bezahlt, als er in einer Bar gewesen ist.;Es lässt sich nicht sagen, wie oft Thorsten einen leckeren Cocktail bezahlt hat.;neutral;18;neutral;b;cannot say
exp1_19_pa_p_f_once;Vor zwei Wochen hat Greta Judith ein Kompliment gemacht.;Vor einer Woche hat Judith wieder ein nettes Kompliment erhalten, als sie in einem Park spazieren war.;Judith hat einmal ein nettes Kompliment erhalten.;neutral;19;positive;a;once
exp1_19_pa_p_f_twice;Vor zwei Wochen hat Greta Judith ein Kompliment gemacht.;Vor einer Woche hat Judith wieder ein nettes Kompliment erhalten, als sie in einem Park spazieren war.;Judith hat mindestens zweimal ein nettes Kompliment erhalten.;entailment;19;positive;a;twice
exp1_19_pa_p_f_cannot_say;Vor zwei Wochen hat Greta Judith ein Kompliment gemacht.;Vor einer Woche hat Judith wieder ein nettes Kompliment erhalten, als sie in einem Park spazieren war.;Es lässt sich nicht sagen, wie oft Judith ein nettes Kompliment erhalten hat.;neutral;19;positive;a;cannot say
exp1_19_pa_n_d_once;Vor zwei Wochen hat Greta Judith ein Kompliment gemacht.;Vor einer Woche hat Greta wieder ein nettes Kompliment erhalten, als sie in einem Park spazieren war.;Greta hat einmal ein nettes Kompliment erhalten.;entailment;19;neutral;a;once
exp1_19_pa_n_d_twice;Vor zwei Wochen hat Greta Judith ein Kompliment gemacht.;Vor einer Woche hat Greta wieder ein nettes Kompliment erhalten, als sie in einem Park spazieren war.;Greta hat mindestens zweimal ein nettes Kompliment erhalten.;neutral;19;neutral;a;twice
exp1_19_pa_n_d_cannot_say;Vor zwei Wochen hat Greta Judith ein Kompliment gemacht.;Vor einer Woche hat Greta wieder ein nettes Kompliment erhalten, als sie in einem Park spazieren war.;Es lässt sich nicht sagen, wie oft Greta ein nettes Kompliment erhalten hat.;neutral;19;neutral;a;cannot say
exp1_19_pb_p_f_once;Vor zwei Wochen hat Greta Judith ein Kompliment gemacht.;Vor einer Woche hat Judith wieder ein nettes Kompliment verteilt, als sie in einem Park spazieren war.;Judith hat einmal ein nettes Kompliment verteilt.;neutral;19;positive;b;once
exp1_19_pb_p_f_twice;Vor zwei Wochen hat Greta Judith ein Kompliment gemacht.;Vor einer Woche hat Judith wieder ein nettes Kompliment verteilt, als sie in einem Park spazieren war.;Judith hat mindestens zweimal ein nettes Kompliment verteilt.;entailment;19;positive;b;twice
exp1_19_pb_p_f_cannot_say;Vor zwei Wochen hat Greta Judith ein Kompliment gemacht.;Vor einer Woche hat Judith wieder ein nettes Kompliment verteilt, als sie in einem Park spazieren war.;Es lässt sich nicht sagen, wie oft Judith ein nettes Kompliment verteilt hat.;neutral;19;positive;b;cannot say
exp1_19_pb_n_d_once;Vor zwei Wochen hat Greta Judith ein Kompliment gemacht.;Vor einer Woche hat Greta wieder ein nettes Kompliment verteilt, als sie in einem Park spazieren war.;Greta hat einmal ein nettes Kompliment verteilt.;entailment;19;neutral;b;once
exp1_19_pb_n_d_twice;Vor zwei Wochen hat Greta Judith ein Kompliment gemacht.;Vor einer Woche hat Greta wieder ein nettes Kompliment verteilt, als sie in einem Park spazieren war.;Greta hat mindestens zweimal ein nettes Kompliment verteilt.;neutral;19;neutral;b;twice
exp1_19_pb_n_d_cannot_say;Vor zwei Wochen hat Greta Judith ein Kompliment gemacht.;Vor einer Woche hat Greta wieder ein nettes Kompliment verteilt, als sie in einem Park spazieren war.;Es lässt sich nicht sagen, wie oft Greta ein nettes Kompliment verteilt hat.;neutral;19;neutral;b;cannot say
exp1_19_na_p_f_once;Vor zwei Wochen hat Judith Greta ein Kompliment gemacht.;Vor einer Woche hat Greta wieder ein nettes Kompliment erhalten, als sie in einem Park spazieren war.;Greta hat einmal ein nettes Kompliment erhalten.;entailment;19;positive;a;once
exp1_19_na_p_f_twice;Vor zwei Wochen hat Judith Greta ein Kompliment gemacht.;Vor einer Woche hat Greta wieder ein nettes Kompliment erhalten, als sie in einem Park spazieren war.;Greta hat mindestens zweimal ein nettes Kompliment erhalten.;neutral;19;positive;a;twice
exp1_19_na_p_f_cannot_say;Vor zwei Wochen hat Judith Greta ein Kompliment gemacht.;Vor einer Woche hat Greta wieder ein nettes Kompliment erhalten, als sie in einem Park spazieren war.;Es lässt sich nicht sagen, wie oft Greta ein nettes Kompliment erhalten hat.;neutral;19;positive;a;cannot say
exp1_19_na_n_d_once;Vor zwei Wochen hat Judith Greta ein Kompliment gemacht.;Vor einer Woche hat Judith wieder ein nettes Kompliment erhalten, als sie in einem Park spazieren war.;Judith hat einmal ein nettes Kompliment erhalten.;neutral;19;neutral;a;once
exp1_19_na_n_d_twice;Vor zwei Wochen hat Judith Greta ein Kompliment gemacht.;Vor einer Woche hat Judith wieder ein nettes Kompliment erhalten, als sie in einem Park spazieren war.;Judith hat mindestens zweimal ein nettes Kompliment erhalten.;entailment;19;neutral;a;twice
exp1_19_na_n_d_cannot_say;Vor zwei Wochen hat Judith Greta ein Kompliment gemacht.;Vor einer Woche hat Judith wieder ein nettes Kompliment erhalten, als sie in einem Park spazieren war.;Es lässt sich nicht sagen, wie oft Judith ein nettes Kompliment erhalten hat.;neutral;19;neutral;a;cannot say
exp1_19_nb_p_f_once;Vor zwei Wochen hat Judith Greta ein Kompliment gemacht.;Vor einer Woche hat Greta wieder ein nettes Kompliment verteilt, als sie in einem Park spazieren war.;Greta hat einmal ein nettes Kompliment verteilt.;entailment;19;positive;b;once
exp1_19_nb_p_f_twice;Vor zwei Wochen hat Judith Greta ein Kompliment gemacht.;Vor einer Woche hat Greta wieder ein nettes Kompliment verteilt, als sie in einem Park spazieren war.;Greta hat mindestens zweimal ein nettes Kompliment verteilt.;neutral;19;positive;b;twice
exp1_19_nb_p_f_cannot_say;Vor zwei Wochen hat Judith Greta ein Kompliment gemacht.;Vor einer Woche hat Greta wieder ein nettes Kompliment verteilt, als sie in einem Park spazieren war.;Es lässt sich nicht sagen, wie oft Greta ein nettes Kompliment verteilt hat.;neutral;19;positive;b;cannot say
exp1_19_nb_n_d_once;Vor zwei Wochen hat Judith Greta ein Kompliment gemacht.;Vor einer Woche hat Judith wieder ein nettes Kompliment verteilt, als sie in einem Park spazieren war.;Judith hat einmal ein nettes Kompliment verteilt.;neutral;19;neutral;b;once
exp1_19_nb_n_d_twice;Vor zwei Wochen hat Judith Greta ein Kompliment gemacht.;Vor einer Woche hat Judith wieder ein nettes Kompliment verteilt, als sie in einem Park spazieren war.;Judith hat mindestens zweimal ein nettes Kompliment verteilt.;entailment;19;neutral;b;twice
exp1_19_nb_n_d_cannot_say;Vor zwei Wochen hat Judith Greta ein Kompliment gemacht.;Vor einer Woche hat Judith wieder ein nettes Kompliment verteilt, als sie in einem Park spazieren war.;Es lässt sich nicht sagen, wie oft Judith ein nettes Kompliment verteilt hat.;neutral;19;neutral;b;cannot say
exp1_20_pa_p_f_once;Vor drei Monaten hat Greta Karl ein franzosisches Lied beigebracht.;Vor zwei Wochen hat Karl wieder ein franzosisches Lied gelernt, als er mit einem Freund unterwegs war.;Karl hat einmal ein franzosisches Lied gelernt.;neutral;20;positive;a;once
exp1_20_pa_p_f_twice;Vor drei Monaten hat Greta Karl ein franzosisches Lied beigebracht.;Vor zwei Wochen hat Karl wieder ein franzosisches Lied gelernt, als er mit einem Freund unterwegs war.;Karl hat mindestens zweimal ein franzosisches Lied gelernt.;entailment;20;positive;a;twice
exp1_20_pa_p_f_cannot_say;Vor drei Monaten hat Greta Karl ein franzosisches Lied beigebracht.;Vor zwei Wochen hat Karl wieder ein franzosisches Lied gelernt, als er mit einem Freund unterwegs war.;Es lässt sich nicht sagen, wie oft Karl ein franzosisches Lied gelernt hat.;neutral;20;positive;a;cannot say
exp1_20_pa_n_d_once;Vor drei Monaten hat Greta Karl ein franzosisches Lied beigebracht.;Vor zwei Wochen hat Greta wieder ein franzosisches Lied gelernt, als sie mit einem Freund unterwegs war.;Greta hat einmal ein franzosisches Lied gelernt.;entailment;20;neutral;a;once
exp1_20_pa_n_d_twice;Vor drei Monaten hat Greta Karl ein franzosisches Lied beigebracht.;Vor zwei Wochen hat Greta wieder ein franzosisches Lied gelernt, als sie mit einem Freund unterwegs war.;Greta hat mindestens zweimal ein franzosisches Lied gelernt.;neutral;20;neutral;a;twice
exp1_20_pa_n_d_cannot_say;Vor drei Monaten hat Greta Karl ein franzosisches Lied beigebracht.;Vor zwei Wochen hat Greta wieder ein franzosisches Lied gelernt, als sie mit einem Freund unterwegs war.;Es lässt sich nicht sagen, wie oft Greta ein franzosisches Lied gelernt hat.;neutral;20;neutral;a;cannot say
exp1_20_pb_p_f_once;Vor drei Monaten hat Greta Karl ein franzosisches Lied beigebracht.;Vor zwei Wochen hat Karl wieder ein franzosisches Lied gesungen, als er mit einem Freund unterwegs war.;Karl hat einmal ein franzosisches Lied gesungen.;neutral;20;positive;b;once
exp1_20_pb_p_f_twice;Vor drei Monaten hat Greta Karl ein franzosisches Lied beigebracht.;Vor zwei Wochen hat Karl wieder ein franzosisches Lied gesungen, als er mit einem Freund unterwegs war.;Karl hat mindestens zweimal ein franzosisches Lied gesungen.;entailment;20;positive;b;twice
exp1_20_pb_p_f_cannot_say;Vor drei Monaten hat Greta Karl ein franzosisches Lied beigebracht.;Vor zwei Wochen hat Karl wieder ein franzosisches Lied gesungen, als er mit einem Freund unterwegs war.;Es lässt sich nicht sagen, wie oft Karl ein franzosisches Lied gesungen hat.;neutral;20;positive;b;cannot say
exp1_20_pb_n_d_once;Vor drei Monaten hat Greta Karl ein franzosisches Lied beigebracht.;Vor zwei Wochen hat Greta wieder ein franzosisches Lied gesungen, als sie mit einem Freund unterwegs war.;Greta hat einmal ein franzosisches Lied gesungen.;entailment;20;neutral;b;once
exp1_20_pb_n_d_twice;Vor drei Monaten hat Greta Karl ein franzosisches Lied beigebracht.;Vor zwei Wochen hat Greta wieder ein franzosisches Lied gesungen, als sie mit einem Freund unterwegs war.;Greta hat mindestens zweimal ein franzosisches Lied gesungen.;neutral;20;neutral;b;twice
exp1_20_pb_n_d_cannot_say;Vor drei Monaten hat Greta Karl ein franzosisches Lied beigebracht.;Vor zwei Wochen hat Greta wieder ein franzosisches Lied gesungen, als sie mit einem Freund unterwegs war.;Es lässt sich nicht sagen, wie oft Greta ein franzosisches Lied gesungen hat.;neutral;20;neutral;b;cannot say
exp1_20_na_p_f_once;Vor drei Monaten hat Karl Greta ein franzosisches Lied beigebracht.;Vor zwei Wochen hat Greta wieder ein franzosisches Lied gelernt, als sie mit einem Freund unterwegs war.;Greta hat einmal ein franzosisches Lied gelernt.;entailment;20;positive;a;once
exp1_20_na_p_f_twice;Vor drei Monaten hat Karl Greta ein franzosisches Lied beigebracht.;Vor zwei Wochen hat Greta wieder ein franzosisches Lied gelernt, als sie mit einem Freund unterwegs war.;Greta hat mindestens zweimal ein franzosisches Lied gelernt.;neutral;20;positive;a;twice
exp1_20_na_p_f_cannot_say;Vor drei Monaten hat Karl Greta ein franzosisches Lied beigebracht.;Vor zwei Wochen hat Greta wieder ein franzosisches Lied gelernt, als sie mit einem Freund unterwegs war.;Es lässt sich nicht sagen, wie oft Greta ein franzosisches Lied gelernt hat.;neutral;20;positive;a;cannot say
exp1_20_na_n_d_once;Vor drei Monaten hat Karl Greta ein franzosisches Lied beigebracht.;Vor zwei Wochen hat Karl wieder ein franzosisches Lied gelernt, als er mit einem Freund unterwegs war.;Karl hat einmal ein franzosisches Lied gelernt.;neutral;20;neutral;a;once
exp1_20_na_n_d_twice;Vor drei Monaten hat Karl Greta ein franzosisches Lied beigebracht.;Vor zwei Wochen hat Karl wieder ein franzosisches Lied gelernt, als er mit einem Freund unterwegs war.;Karl hat mindestens zweimal ein franzosisches Lied gelernt.;entailment;20;neutral;a;twice
exp1_20_na_n_d_cannot_say;Vor drei Monaten hat Karl Greta ein franzosisches Lied beigebracht.;Vor zwei Wochen hat Karl wieder ein franzosisches Lied gelernt, als er mit einem Freund unterwegs war.;Es lässt sich nicht sagen, wie oft Karl ein franzosisches Lied gelernt hat.;neutral;20;neutral;a;cannot say
exp1_20_nb_p_f_once;Vor drei Monaten hat Karl Greta ein franzosisches Lied beigebracht.;Vor zwei Wochen hat Greta wieder ein franzosisches Lied gesungen, als sie mit einem Freund unterwegs war.;Greta hat einmal ein franzosisches Lied gesungen.;entailment;20;positive;b;once
exp1_20_nb_p_f_twice;Vor drei Monaten hat Karl Greta ein franzosisches Lied beigebracht.;Vor zwei Wochen hat Greta wieder ein franzosisches Lied gesungen, als sie mit einem Freund unterwegs war.;Greta hat mindestens zweimal ein franzosisches Lied gesungen.;neutral;20;positive;b;twice
exp1_20_nb_p_f_cannot_say;Vor drei Monaten hat Karl Greta ein franzosisches Lied beigebracht.;Vor zwei Wochen hat Greta wieder ein franzosisches Lied gesungen, als sie mit einem Freund unterwegs war.;Es lässt sich nicht sagen, wie oft Greta ein franzosisches Lied gesungen hat.;neutral;20;positive;b;cannot say
exp1_20_nb_n_d_once;Vor drei Monaten hat Karl Greta ein franzosisches Lied beigebracht.;Vor zwei Wochen hat Karl wieder ein franzosisches Lied gesungen, als er mit einem Freund unterwegs war.;Karl hat einmal ein franzosisches Lied gesungen.;neutral;20;neutral;b;once
exp1_20_nb_n_d_twice;Vor drei Monaten hat Karl Greta ein franzosisches Lied beigebracht.;Vor zwei Wochen hat Karl wieder ein franzosisches Lied gesungen, als er mit einem Freund unterwegs war.;Karl hat mindestens zweimal ein franzosisches Lied gesungen.;entailment;20;neutral;b;twice
exp1_20_nb_n_d_cannot_say;Vor drei Monaten hat Karl Greta ein franzosisches Lied beigebracht.;Vor zwei Wochen hat Karl wieder ein franzosisches Lied gesungen, als er mit einem Freund unterwegs war.;Es lässt sich nicht sagen, wie oft Karl ein franzosisches Lied gesungen hat.;neutral;20;neutral;b;cannot say
exp1_21_pa_p_f_once;Letztes Jahr hat Tina Timo eine Uberraschungsparty zum bestandenen Examen organisiert.;Vor vier Monaten hat Timo wieder eine große Uberraschungsparty bekommen, weil er in einem Preisausschreiben gewonnen hatte.;Timo hat einmal eine große Uberraschungsparty bekommen.;neutral;21;positive;a;once
exp1_21_pa_p_f_twice;Letztes Jahr hat Tina Timo eine Uberraschungsparty zum bestandenen Examen organisiert.;Vor vier Monaten hat Timo wieder eine große Uberraschungsparty bekommen, weil er in einem Preisausschreiben gewonnen hatte.;Timo hat mindestens zweimal eine große Uberraschungsparty bekommen.;entailment;21;positive;a;twice
exp1_21_pa_p_f_cannot_say;Letztes Jahr hat Tina Timo eine Uberraschungsparty zum bestandenen Examen organisiert.;Vor vier Monaten hat Timo wieder eine große Uberraschungsparty bekommen, weil er in einem Preisausschreiben gewonnen hatte.;Es lässt sich nicht sagen, wie oft Timo eine große Uberraschungsparty bekommen hat.;neutral;21;positive;a;cannot say
exp1_21_pa_n_d_once;Letztes Jahr hat Tina Timo eine Uberraschungsparty zum bestandenen Examen organisiert.;Vor vier Monaten hat Tina wieder eine große Uberraschungsparty bekommen, weil sie in einem Preisausschreiben gewonnen hatte.;Tina hat einmal eine große Uberraschungsparty bekommen.;entailment;21;neutral;a;once
exp1_21_pa_n_d_twice;Letztes Jahr hat Tina Timo eine Uberraschungsparty zum bestandenen Examen organisiert.;Vor vier Monaten hat Tina wieder eine große Uberraschungsparty bekommen, weil sie in einem Preisausschreiben gewonnen hatte.;Tina hat mindestens zweimal eine große Uberraschungsparty bekommen.;neutral;21;neutral;a;twice
exp1_21_pa_n_d_cannot_say;Letztes Jahr hat Tina Timo eine Uberraschungsparty zum bestandenen Examen organisiert.;Vor vier Monaten hat Tina wieder eine große Uberraschungsparty bekommen, weil sie in einem Preisausschreiben gewonnen hatte.;Es lässt sich nicht sagen, wie oft Tina eine große Uberraschungsparty bekommen hat.;neutral;21;neutral;a;cannot say
exp1_21_pb_p_f_once;Letztes Jahr hat Tina Timo eine Uberraschungsparty zum bestandenen Examen organisiert.;Vor vier Monaten hat Timo wieder eine große Uberraschungsparty ausgerichtet, weil er in einem Preisausschreiben gewonnen hatte.;Timo hat einmal eine große Uberraschungsparty ausgerichtet.;neutral;21;positive;b;once
exp1_21_pb_p_f_twice;Letztes Jahr hat Tina Timo eine Uberraschungsparty zum bestandenen Examen organisiert.;Vor vier Monaten hat Timo wieder eine große Uberraschungsparty ausgerichtet, weil er in einem Preisausschreiben gewonnen hatte.;Timo hat mindestens zweimal eine große Uberraschungsparty ausgerichtet.;entailment;21;positive;b;twice
exp1_21_pb_p_f_cannot_say;Letztes Jahr hat Tina Timo eine Uberraschungsparty zum bestandenen Examen organisiert.;Vor vier Monaten hat Timo wieder eine große Uberraschungsparty ausgerichtet, weil er in einem Preisausschreiben gewonnen hatte.;Es lässt sich nicht sagen, wie oft Timo eine große Uberraschungsparty ausgerichtet hat.;neutral;21;positive;b;cannot say
exp1_21_pb_n_d_once;Letztes Jahr hat Tina Timo eine Uberraschungsparty zum bestandenen Examen organisiert.;Vor vier Monaten hat Tina wieder eine große Uberraschungsparty ausgerichtet, weil sie in einem Preisausschreiben gewonnen hatte.;Tina hat einmal eine große Uberraschungsparty ausgerichtet.;entailment;21;neutral;b;once
exp1_21_pb_n_d_twice;Letztes Jahr hat Tina Timo eine Uberraschungsparty zum bestandenen Examen organisiert.;Vor vier Monaten hat Tina wieder eine große Uberraschungsparty ausgerichtet, weil sie in einem Preisausschreiben gewonnen hatte.;Tina hat mindestens zweimal eine große Uberraschungsparty ausgerichtet.;neutral;21;neutral;b;twice
exp1_21_pb_n_d_cannot_say;Letztes Jahr hat Tina Timo eine Uberraschungsparty zum bestandenen Examen organisiert.;Vor vier Monaten hat Tina wieder eine große Uberraschungsparty ausgerichtet, weil sie in einem Preisausschreiben gewonnen hatte.;Es lässt sich nicht sagen, wie oft Tina eine große Uberraschungsparty ausgerichtet hat.;neutral;21;neutral;b;cannot say
exp1_21_na_p_f_once;Letztes Jahr hat Timo Tina eine Uberraschungsparty zum bestandenen Examen organisiert.;Vor vier Monaten hat Tina wieder eine große Uberraschungsparty bekommen, weil sie in einem Preisausschreiben gewonnen hatte.;Tina hat einmal eine große Uberraschungsparty bekommen.;entailment;21;positive;a;once
exp1_21_na_p_f_twice;Letztes Jahr hat Timo Tina eine Uberraschungsparty zum bestandenen Examen organisiert.;Vor vier Monaten hat Tina wieder eine große Uberraschungsparty bekommen, weil sie in einem Preisausschreiben gewonnen hatte.;Tina hat mindestens zweimal eine große Uberraschungsparty bekommen.;neutral;21;positive;a;twice
exp1_21_na_p_f_cannot_say;Letztes Jahr hat Timo Tina eine Uberraschungsparty zum bestandenen Examen organisiert.;Vor vier Monaten hat Tina wieder eine große Uberraschungsparty bekommen, weil sie in einem Preisausschreiben gewonnen hatte.;Es lässt sich nicht sagen, wie oft Tina eine große Uberraschungsparty bekommen hat.;neutral;21;positive;a;cannot say
exp1_21_na_n_d_once;Letztes Jahr hat Timo Tina eine Uberraschungsparty zum bestandenen Examen organisiert.;Vor vier Monaten hat Timo wieder eine große Uberraschungsparty bekommen, weil er in einem Preisausschreiben gewonnen hatte.;Timo hat einmal eine große Uberraschungsparty bekommen.;neutral;21;neutral;a;once
exp1_21_na_n_d_twice;Letztes Jahr hat Timo Tina eine Uberraschungsparty zum bestandenen Examen organisiert.;Vor vier Monaten hat Timo wieder eine große Uberraschungsparty bekommen, weil er in einem Preisausschreiben gewonnen hatte.;Timo hat mindestens zweimal eine große Uberraschungsparty bekommen.;entailment;21;neutral;a;twice
exp1_21_na_n_d_cannot_say;Letztes Jahr hat Timo Tina eine Uberraschungsparty zum bestandenen Examen organisiert.;Vor vier Monaten hat Timo wieder eine große Uberraschungsparty bekommen, weil er in einem Preisausschreiben gewonnen hatte.;Es lässt sich nicht sagen, wie oft Timo eine große Uberraschungsparty bekommen hat.;neutral;21;neutral;a;cannot say
exp1_21_nb_p_f_once;Letztes Jahr hat Timo Tina eine Uberraschungsparty zum bestandenen Examen organisiert.;Vor vier Monaten hat Tina wieder eine große Uberraschungsparty ausgerichtet, weil sie in einem Preisausschreiben gewonnen hatte.;Tina hat einmal eine große Uberraschungsparty ausgerichtet.;entailment;21;positive;b;once
exp1_21_nb_p_f_twice;Letztes Jahr hat Timo Tina eine Uberraschungsparty zum bestandenen Examen organisiert.;Vor vier Monaten hat Tina wieder eine große Uberraschungsparty ausgerichtet, weil sie in einem Preisausschreiben gewonnen hatte.;Tina hat mindestens zweimal eine große Uberraschungsparty ausgerichtet.;neutral;21;positive;b;twice
exp1_21_nb_p_f_cannot_say;Letztes Jahr hat Timo Tina eine Uberraschungsparty zum bestandenen Examen organisiert.;Vor vier Monaten hat Tina wieder eine große Uberraschungsparty ausgerichtet, weil sie in einem Preisausschreiben gewonnen hatte.;Es lässt sich nicht sagen, wie oft Tina eine große Uberraschungsparty ausgerichtet hat.;neutral;21;positive;b;cannot say
exp1_21_nb_n_d_once;Letztes Jahr hat Timo Tina eine Uberraschungsparty zum bestandenen Examen organisiert.;Vor vier Monaten hat Timo wieder eine große Uberraschungsparty ausgerichtet, weil er in einem Preisausschreiben gewonnen hatte.;Timo hat einmal eine große Uberraschungsparty ausgerichtet.;neutral;21;neutral;b;once
exp1_21_nb_n_d_twice;Letztes Jahr hat Timo Tina eine Uberraschungsparty zum bestandenen Examen organisiert.;Vor vier Monaten hat Timo wieder eine große Uberraschungsparty ausgerichtet, weil er in einem Preisausschreiben gewonnen hatte.;Timo hat mindestens zweimal eine große Uberraschungsparty ausgerichtet.;entailment;21;neutral;b;twice
exp1_21_nb_n_d_cannot_say;Letztes Jahr hat Timo Tina eine Uberraschungsparty zum bestandenen Examen organisiert.;Vor vier Monaten hat Timo wieder eine große Uberraschungsparty ausgerichtet, weil er in einem Preisausschreiben gewonnen hatte.;Es lässt sich nicht sagen, wie oft Timo eine große Uberraschungsparty ausgerichtet hat.;neutral;21;neutral;b;cannot say
exp1_22_pa_p_f_once;Vor vier Wochen hat Tina Greta von einer albernen Geschichte aus ihrem Leben berichtet.;Vor zwei Tagen hat Greta wieder eine alberne Geschichte gehort, als sie auf einer Geburtstagsparty eingeladen war.;Greta hat einmal eine alberne Geschichte gehort.;neutral;22;positive;a;once
exp1_22_pa_p_f_twice;Vor vier Wochen hat Tina Greta von einer albernen Geschichte aus ihrem Leben berichtet.;Vor zwei Tagen hat Greta wieder eine alberne Geschichte gehort, als sie auf einer Geburtstagsparty eingeladen war.;Greta hat mindestens zweimal eine alberne Geschichte gehort.;entailment;22;positive;a;twice
exp1_22_pa_p_f_cannot_say;Vor vier Wochen hat Tina Greta von einer albernen Geschichte aus ihrem Leben berichtet.;Vor zwei Tagen hat Greta wieder eine alberne Geschichte gehort, als sie auf einer Geburtstagsparty eingeladen war.;Es lässt sich nicht sagen, wie oft Greta eine alberne Geschichte gehort hat.;neutral;22;positive;a;cannot say
exp1_22_pa_n_d_once;Vor vier Wochen hat Tina Greta von einer albernen Geschichte aus ihrem Leben berichtet.;Vor zwei Tagen hat Tina wieder eine alberne Geschichte gehort, als sie auf einer Geburtstagsparty eingeladen war.;Tina hat einmal eine alberne Geschichte gehort.;entailment;22;neutral;a;once
exp1_22_pa_n_d_twice;Vor vier Wochen hat Tina Greta von einer albernen Geschichte aus ihrem Leben berichtet.;Vor zwei Tagen hat Tina wieder eine alberne Geschichte gehort, als sie auf einer Geburtstagsparty eingeladen war.;Tina hat mindestens zweimal eine alberne Geschichte gehort.;neutral;22;neutral;a;twice
exp1_22_pa_n_d_cannot_say;Vor vier Wochen hat Tina Greta von einer albernen Geschichte aus ihrem Leben berichtet.;Vor zwei Tagen hat Tina wieder eine alberne Geschichte gehort, als sie auf einer Geburtstagsparty eingeladen war.;Es lässt sich nicht sagen, wie oft Tina eine alberne Geschichte gehort hat.;neutral;22;neutral;a;cannot say
exp1_22_pb_p_f_once;Vor vier Wochen hat Tina Greta von einer albernen Geschichte aus ihrem Leben berichtet.;Vor zwei Tagen hat Greta wieder eine alberne Geschichte erzahlt, als sie auf einer Geburtstagsparty eingeladen war.;Greta hat einmal eine alberne Geschichte erzahlt.;neutral;22;positive;b;once
exp1_22_pb_p_f_twice;Vor vier Wochen hat Tina Greta von einer albernen Geschichte aus ihrem Leben berichtet.;Vor zwei Tagen hat Greta wieder eine alberne Geschichte erzahlt, als sie auf einer Geburtstagsparty eingeladen war.;Greta hat mindestens zweimal eine alberne Geschichte erzahlt.;entailment;22;positive;b;twice
exp1_22_pb_p_f_cannot_say;Vor vier Wochen hat Tina Greta von einer albernen Geschichte aus ihrem Leben berichtet.;Vor zwei Tagen hat Greta wieder eine alberne Geschichte erzahlt, als sie auf einer Geburtstagsparty eingeladen war.;Es lässt sich nicht sagen, wie oft Greta eine alberne Geschichte erzahlt hat.;neutral;22;positive;b;cannot say
exp1_22_pb_n_d_once;Vor vier Wochen hat Tina Greta von einer albernen Geschichte aus ihrem Leben berichtet.;Vor zwei Tagen hat Tina wieder eine alberne Geschichte erzahlt, als sie auf einer Geburtstagsparty eingeladen war.;Tina hat einmal eine alberne Geschichte erzahlt.;entailment;22;neutral;b;once
exp1_22_pb_n_d_twice;Vor vier Wochen hat Tina Greta von einer albernen Geschichte aus ihrem Leben berichtet.;Vor zwei Tagen hat Tina wieder eine alberne Geschichte erzahlt, als sie auf einer Geburtstagsparty eingeladen war.;Tina hat mindestens zweimal eine alberne Geschichte erzahlt.;neutral;22;neutral;b;twice
exp1_22_pb_n_d_cannot_say;Vor vier Wochen hat Tina Greta von einer albernen Geschichte aus ihrem Leben berichtet.;Vor zwei Tagen hat Tina wieder eine alberne Geschichte erzahlt, als sie auf einer Geburtstagsparty eingeladen war.;Es lässt sich nicht sagen, wie oft Tina eine alberne Geschichte erzahlt hat.;neutral;22;neutral;b;cannot say
exp1_22_na_p_f_once;Vor vier Wochen hat Greta Tina von einer albernen Geschichte aus ihrem Leben berichtet.;Vor zwei Tagen hat Tina wieder eine alberne Geschichte gehort, als sie auf einer Geburtstagsparty eingeladen war.;Tina hat einmal eine alberne Geschichte gehort.;entailment;22;positive;a;once
exp1_22_na_p_f_twice;Vor vier Wochen hat Greta Tina von einer albernen Geschichte aus ihrem Leben berichtet.;Vor zwei Tagen hat Tina wieder eine alberne Geschichte gehort, als sie auf einer Geburtstagsparty eingeladen war.;Tina hat mindestens zweimal eine alberne Geschichte gehort.;neutral;22;positive;a;twice
exp1_22_na_p_f_cannot_say;Vor vier Wochen hat Greta Tina von einer albernen Geschichte aus ihrem Leben berichtet.;Vor zwei Tagen hat Tina wieder eine alberne Geschichte gehort, als sie auf einer Geburtstagsparty eingeladen war.;Es lässt sich nicht sagen, wie oft Tina eine alberne Geschichte gehort hat.;neutral;22;positive;a;cannot say
exp1_22_na_n_d_once;Vor vier Wochen hat Greta Tina von einer albernen Geschichte aus ihrem Leben berichtet.;Vor zwei Tagen hat Greta wieder eine alberne Geschichte gehort, als sie auf einer Geburtstagsparty eingeladen war.;Greta hat einmal eine alberne Geschichte gehort.;neutral;22;neutral;a;once
exp1_22_na_n_d_twice;Vor vier Wochen hat Greta Tina von einer albernen Geschichte aus ihrem Leben berichtet.;Vor zwei Tagen hat Greta wieder eine alberne Geschichte gehort, als sie auf einer Geburtstagsparty eingeladen war.;Greta hat mindestens zweimal eine alberne Geschichte gehort.;entailment;22;neutral;a;twice
exp1_22_na_n_d_cannot_say;Vor vier Wochen hat Greta Tina von einer albernen Geschichte aus ihrem Leben berichtet.;Vor zwei Tagen hat Greta wieder eine alberne Geschichte gehort, als sie auf einer Geburtstagsparty eingeladen war.;Es lässt sich nicht sagen, wie oft Greta eine alberne Geschichte gehort hat.;neutral;22;neutral;a;cannot say
exp1_22_nb_p_f_once;Vor vier Wochen hat Greta Tina von einer albernen Geschichte aus ihrem Leben berichtet.;Vor zwei Tagen hat Tina wieder eine alberne Geschichte erzahlt, als sie auf einer Geburtstagsparty eingeladen war.;Tina hat einmal eine alberne Geschichte erzahlt.;entailment;22;positive;b;once
exp1_22_nb_p_f_twice;Vor vier Wochen hat Greta Tina von einer albernen Geschichte aus ihrem Leben berichtet.;Vor zwei Tagen hat Tina wieder eine alberne Geschichte erzahlt, als sie auf einer Geburtstagsparty eingeladen war.;Tina hat mindestens zweimal eine alberne Geschichte erzahlt.;neutral;22;positive;b;twice
exp1_22_nb_p_f_cannot_say;Vor vier Wochen hat Greta Tina von einer albernen Geschichte aus ihrem Leben berichtet.;Vor zwei Tagen hat Tina wieder eine alberne Geschichte erzahlt, als sie auf einer Geburtstagsparty eingeladen war.;Es lässt sich nicht sagen, wie oft Tina eine alberne Geschichte erzahlt hat.;neutral;22;positive;b;cannot say
exp1_22_nb_n_d_once;Vor vier Wochen hat Greta Tina von einer albernen Geschichte aus ihrem Leben berichtet.;Vor zwei Tagen hat Greta wieder eine alberne Geschichte erzahlt, als sie auf einer Geburtstagsparty eingeladen war.;Greta hat einmal eine alberne Geschichte erzahlt.;neutral;22;neutral;b;once
exp1_22_nb_n_d_twice;Vor vier Wochen hat Greta Tina von einer albernen Geschichte aus ihrem Leben berichtet.;Vor zwei Tagen hat Greta wieder eine alberne Geschichte erzahlt, als sie auf einer Geburtstagsparty eingeladen war.;Greta hat mindestens zweimal eine alberne Geschichte erzahlt.;entailment;22;neutral;b;twice
exp1_22_nb_n_d_cannot_say;Vor vier Wochen hat Greta Tina von einer albernen Geschichte aus ihrem Leben berichtet.;Vor zwei Tagen hat Greta wieder eine alberne Geschichte erzahlt, als sie auf einer Geburtstagsparty eingeladen war.;Es lässt sich nicht sagen, wie oft Greta eine alberne Geschichte erzahlt hat.;neutral;22;neutral;b;cannot say
exp1_23_pa_p_f_once;Vor einer Woche hat Tina Sabine wutend gemacht.;Vor zwei Tagen hat Sabine wieder einen kleinen Wutanfall bekommen, als sie an einer Schlange anstehen musste.;Sabine hat einmal einen kleinen Wutanfall bekommen.;neutral;23;positive;a;once
exp1_23_pa_p_f_twice;Vor einer Woche hat Tina Sabine wutend gemacht.;Vor zwei Tagen hat Sabine wieder einen kleinen Wutanfall bekommen, als sie an einer Schlange anstehen musste.;Sabine hat mindestens zweimal einen kleinen Wutanfall bekommen.;entailment;23;positive;a;twice
exp1_23_pa_p_f_cannot_say;Vor einer Woche hat Tina Sabine wutend gemacht.;Vor zwei Tagen hat Sabine wieder einen kleinen Wutanfall bekommen, als sie an einer Schlange anstehen musste.;Es lässt sich nicht sagen, wie oft Sabine einen kleinen Wutanfall bekommen hat.;neutral;23;positive;a;cannot say
exp1_23_pa_n_d_once;Vor einer Woche hat Tina Sabine wutend gemacht.;Vor zwei Tagen hat Tina wieder einen kleinen Wutanfall bekommen, als sie an einer Schlange anstehen musste.;Tina hat einmal einen kleinen Wutanfall bekommen.;entailment;23;neutral;a;once
exp1_23_pa_n_d_twice;Vor einer Woche hat Tina Sabine wutend gemacht.;Vor zwei Tagen hat Tina wieder einen kleinen Wutanfall bekommen, als sie an einer Schlange anstehen musste.;Tina hat mindestens zweimal einen kleinen Wutanfall bekommen.;neutral;23;neutral;a;twice
exp1_23_pa_n_d_cannot_say;Vor einer Woche hat Tina Sabine wutend gemacht.;Vor zwei Tagen hat Tina wieder einen kleinen Wutanfall bekommen, als sie an einer Schlange anstehen musste.;Es lässt sich nicht sagen, wie oft Tina einen kleinen Wutanfall bekommen hat.;neutral;23;neutral;a;cannot say
exp1_23_pb_p_f_once;Vor einer Woche hat Tina Sabine wutend gemacht.;Vor zwei Tagen hat Sabine wieder einen kleinen Wutanfall provoziert, als sie an einer Schlange anstehen musste.;Sabine hat einmal einen kleinen Wutanfall provoziert.;neutral;23;positive;b;once
exp1_23_pb_p_f_twice;Vor einer Woche hat Tina Sabine wutend gemacht.;Vor zwei Tagen hat Sabine wieder einen kleinen Wutanfall provoziert, als sie an einer Schlange anstehen musste.;Sabine hat mindestens zweimal einen kleinen Wutanfall provoziert.;entailment;23;positive;b;twice
exp1_23_pb_p_f_cannot_say;Vor einer Woche hat Tina Sabine wutend gemacht.;Vor zwei Tagen hat Sabine wieder einen kleinen Wutanfall provoziert, als sie an einer Schlange anstehen musste.;Es lässt sich nicht sagen, wie oft Sabine einen kleinen Wutanfall provoziert hat.;neutral;23;positive;b;cannot say
exp1_23_pb_n_d_once;Vor einer Woche hat Tina Sabine wutend gemacht.;Vor zwei Tagen hat Tina wieder einen kleinen Wutanfall provoziert, als sie an einer Schlange anstehen musste.;Tina hat einmal einen kleinen Wutanfall provoziert.;entailment;23;neutral;b;once
exp1_23_pb_n_d_twice;Vor einer Woche hat Tina Sabine wutend gemacht.;Vor zwei Tagen hat Tina wieder einen kleinen Wutanfall provoziert, als sie an einer Schlange anstehen musste.;Tina hat mindestens zweimal einen kleinen Wutanfall provoziert.;neutral;23;neutral;b;twice
exp1_23_pb_n_d_cannot_say;Vor einer Woche hat Tina Sabine wutend gemacht.;Vor zwei Tagen hat Tina wieder einen kleinen Wutanfall provoziert, als sie an einer Schlange anstehen musste.;Es lässt sich nicht sagen, wie oft Tina einen kleinen Wutanfall provoziert hat.;neutral;23;neutral;b;cannot say
exp1_23_na_p_f_once;Vor einer Woche hat Sabine Tina wutend gemacht.;Vor zwei Tagen hat Tina wieder einen kleinen Wutanfall bekommen, als sie an einer Schlange anstehen musste.;Tina hat einmal einen kleinen Wutanfall bekommen.;entailment;23;positive;a;once
exp1_23_na_p_f_twice;Vor einer Woche hat Sabine Tina wutend gemacht.;Vor zwei Tagen hat Tina wieder einen kleinen Wutanfall bekommen, als sie an einer Schlange anstehen musste.;Tina hat mindestens zweimal einen kleinen Wutanfall bekommen.;neutral;23;positive;a;twice
exp1_23_na_p_f_cannot_say;Vor einer Woche hat Sabine Tina wutend gemacht.;Vor zwei Tagen hat Tina wieder einen kleinen Wutanfall bekommen, als sie an einer Schlange anstehen musste.;Es lässt sich nicht sagen, wie oft Tina einen kleinen Wutanfall bekommen hat.;neutral;23;positive;a;cannot say
exp1_23_na_n_d_once;Vor einer Woche hat Sabine Tina wutend gemacht.;Vor zwei Tagen hat Sabine wieder einen kleinen Wutanfall bekommen, als sie an einer Schlange anstehen musste.;Sabine hat einmal einen kleinen Wutanfall bekommen.;neutral;23;neutral;a;once
exp1_23_na_n_d_twice;Vor einer Woche hat Sabine Tina wutend gemacht.;Vor zwei Tagen hat Sabine wieder einen kleinen Wutanfall bekommen, als sie an einer Schlange anstehen musste.;Sabine hat mindestens zweimal einen kleinen Wutanfall bekommen.;entailment;23;neutral;a;twice
exp1_23_na_n_d_cannot_say;Vor einer Woche hat Sabine Tina wutend gemacht.;Vor zwei Tagen hat Sabine wieder einen kleinen Wutanfall bekommen, als sie an einer Schlange anstehen musste.;Es lässt sich nicht sagen, wie oft Sabine einen kleinen Wutanfall bekommen hat.;neutral;23;neutral;a;cannot say
exp1_23_nb_p_f_once;Vor einer Woche hat Sabine Tina wutend gemacht.;Vor zwei Tagen hat Tina wieder einen kleinen Wutanfall provoziert, als sie an einer Schlange anstehen musste.;Tina hat einmal einen kleinen Wutanfall provoziert.;entailment;23;positive;b;once
exp1_23_nb_p_f_twice;Vor einer Woche hat Sabine Tina wutend gemacht.;Vor zwei Tagen hat Tina wieder einen kleinen Wutanfall provoziert, als sie an einer Schlange anstehen musste.;Tina hat mindestens zweimal einen kleinen Wutanfall provoziert.;neutral;23;positive;b;twice
exp1_23_nb_p_f_cannot_say;Vor einer Woche hat Sabine Tina wutend gemacht.;Vor zwei Tagen hat Tina wieder einen kleinen Wutanfall provoziert, als sie an einer Schlange anstehen musste.;Es lässt sich nicht sagen, wie oft Tina einen kleinen Wutanfall provoziert hat.;neutral;23;positive;b;cannot say
exp1_23_nb_n_d_once;Vor einer Woche hat Sabine Tina wutend gemacht.;Vor zwei Tagen hat Sabine wieder einen kleinen Wutanfall provoziert, als sie an einer Schlange anstehen musste.;Sabine hat einmal einen kleinen Wutanfall provoziert.;neutral;23;neutral;b;once
exp1_23_nb_n_d_twice;Vor einer Woche hat Sabine Tina wutend gemacht.;Vor zwei Tagen hat Sabine wieder einen kleinen Wutanfall provoziert, als sie an einer Schlange anstehen musste.;Sabine hat mindestens zweimal einen kleinen Wutanfall provoziert.;entailment;23;neutral;b;twice
exp1_23_nb_n_d_cannot_say;Vor einer Woche hat Sabine Tina wutend gemacht.;Vor zwei Tagen hat Sabine wieder einen kleinen Wutanfall provoziert, als sie an einer Schlange anstehen musste.;Es lässt sich nicht sagen, wie oft Sabine einen kleinen Wutanfall provoziert hat.;neutral;23;neutral;b;cannot say
exp1_24_pa_p_f_once;Letzten Monat hat Tina Thorsten ein Lied gewidmet.;Vor einer Woche hat Thorsten wieder eine nette Widmung bekommen, weil er an einem Song mitgearbeitet hat.;Thorsten hat einmal eine nette Widmung bekommen.;neutral;24;positive;a;once
exp1_24_pa_p_f_twice;Letzten Monat hat Tina Thorsten ein Lied gewidmet.;Vor einer Woche hat Thorsten wieder eine nette Widmung bekommen, weil er an einem Song mitgearbeitet hat.;Thorsten hat mindestens zweimal eine nette Widmung bekommen.;entailment;24;positive;a;twice
exp1_24_pa_p_f_cannot_say;Letzten Monat hat Tina Thorsten ein Lied gewidmet.;Vor einer Woche hat Thorsten wieder eine nette Widmung bekommen, weil er an einem Song mitgearbeitet hat.;Es lässt sich nicht sagen, wie oft Thorsten eine nette Widmung bekommen hat.;neutral;24;positive;a;cannot say
exp1_24_pa_n_d_once;Letzten Monat hat Tina Thorsten ein Lied gewidmet.;Vor einer Woche hat Tina wieder eine nette Widmung bekommen, weil sie an einem Song mitgearbeitet hat.;Tina hat einmal eine nette Widmung bekommen.;entailment;24;neutral;a;once
exp1_24_pa_n_d_twice;Letzten Monat hat Tina Thorsten ein Lied gewidmet.;Vor einer Woche hat Tina wieder eine nette Widmung bekommen, weil sie an einem Song mitgearbeitet hat.;Tina hat mindestens zweimal eine nette Widmung bekommen.;neutral;24;neutral;a;twice
exp1_24_pa_n_d_cannot_say;Letzten Monat hat Tina Thorsten ein Lied gewidmet.;Vor einer Woche hat Tina wieder eine nette Widmung bekommen, weil sie an einem Song mitgearbeitet hat.;Es lässt sich nicht sagen, wie oft Tina eine nette Widmung bekommen hat.;neutral;24;neutral;a;cannot say
exp1_24_pb_p_f_once;Letzten Monat hat Tina Thorsten ein Lied gewidmet.;Vor einer Woche hat Thorsten wieder eine nette Widmung geschrieben, weil er an einem Song mitgearbeitet hat.;Thorsten hat einmal eine nette Widmung geschrieben.;neutral;24;positive;b;once
exp1_24_pb_p_f_twice;Letzten Monat hat Tina Thorsten ein Lied gewidmet.;Vor einer Woche hat Thorsten wieder eine nette Widmung geschrieben, weil er an einem Song mitgearbeitet hat.;Thorsten hat mindestens zweimal eine nette Widmung geschrieben.;entailment;24;positive;b;twice
exp1_24_pb_p_f_cannot_say;Letzten Monat hat Tina Thorsten ein Lied gewidmet.;Vor einer Woche hat Thorsten wieder eine nette Widmung geschrieben, weil er an einem Song mitgearbeitet hat.;Es lässt sich nicht sagen, wie oft Thorsten eine nette Widmung geschrieben hat.;neutral;24;positive;b;cannot say
exp1_24_pb_n_d_once;Letzten Monat hat Tina Thorsten ein Lied gewidmet.;Vor einer Woche hat Tina wieder eine nette Widmung geschrieben, weil sie an einem Song mitgearbeitet hat.;Tina hat einmal eine nette Widmung geschrieben.;entailment;24;neutral;b;once
exp1_24_pb_n_d_twice;Letzten Monat hat Tina Thorsten ein Lied gewidmet.;Vor einer Woche hat Tina wieder eine nette Widmung geschrieben, weil sie an einem Song mitgearbeitet hat.;Tina hat mindestens zweimal eine nette Widmung geschrieben.;neutral;24;neutral;b;twice
exp1_24_pb_n_d_cannot_say;Letzten Monat hat Tina Thorsten ein Lied gewidmet.;Vor einer Woche hat Tina wieder eine nette Widmung geschrieben, weil sie an einem Song mitgearbeitet hat.;Es lässt sich nicht sagen, wie oft Tina eine nette Widmung geschrieben hat.;neutral;24;neutral;b;cannot say
exp1_24_na_p_f_once;Letzten Monat hat Thorsten Tina ein Lied gewidmet.;Vor einer Woche hat Tina wieder eine nette Widmung bekommen, weil sie an einem Song mitgearbeitet hat.;Tina hat einmal eine nette Widmung bekommen.;entailment;24;positive;a;once
exp1_24_na_p_f_twice;Letzten Monat hat Thorsten Tina ein Lied gewidmet.;Vor einer Woche hat Tina wieder eine nette Widmung bekommen, weil sie an einem Song mitgearbeitet hat.;Tina hat mindestens zweimal eine nette Widmung bekommen.;neutral;24;positive;a;twice
exp1_24_na_p_f_cannot_say;Letzten Monat hat Thorsten Tina ein Lied gewidmet.;Vor einer Woche hat Tina wieder eine nette Widmung bekommen, weil sie an einem Song mitgearbeitet hat.;Es lässt sich nicht sagen, wie oft Tina eine nette Widmung bekommen hat.;neutral;24;positive;a;cannot say
exp1_24_na_n_d_once;Letzten Monat hat Thorsten Tina ein Lied gewidmet.;Vor einer Woche hat Thorsten wieder eine nette Widmung bekommen, weil er an einem Song mitgearbeitet hat.;Thorsten hat einmal eine nette Widmung bekommen.;neutral;24;neutral;a;once
exp1_24_na_n_d_twice;Letzten Monat hat Thorsten Tina ein Lied gewidmet.;Vor einer Woche hat Thorsten wieder eine nette Widmung bekommen, weil er an einem Song mitgearbeitet hat.;Thorsten hat mindestens zweimal eine nette Widmung bekommen.;entailment;24;neutral;a;twice
exp1_24_na_n_d_cannot_say;Letzten Monat hat Thorsten Tina ein Lied gewidmet.;Vor einer Woche hat Thorsten wieder eine nette Widmung bekommen, weil er an einem Song mitgearbeitet hat.;Es lässt sich nicht sagen, wie oft Thorsten eine nette Widmung bekommen hat.;neutral;24;neutral;a;cannot say
exp1_24_nb_p_f_once;Letzten Monat hat Thorsten Tina ein Lied gewidmet.;Vor einer Woche hat Tina wieder eine nette Widmung geschrieben, weil sie an einem Song mitgearbeitet hat.;Tina hat einmal eine nette Widmung geschrieben.;entailment;24;positive;b;once
exp1_24_nb_p_f_twice;Letzten Monat hat Thorsten Tina ein Lied gewidmet.;Vor einer Woche hat Tina wieder eine nette Widmung geschrieben, weil sie an einem Song mitgearbeitet hat.;Tina hat mindestens zweimal eine nette Widmung geschrieben.;neutral;24;positive;b;twice
exp1_24_nb_p_f_cannot_say;Letzten Monat hat Thorsten Tina ein Lied gewidmet.;Vor einer Woche hat Tina wieder eine nette Widmung geschrieben, weil sie an einem Song mitgearbeitet hat.;Es lässt sich nicht sagen, wie oft Tina eine nette Widmung geschrieben hat.;neutral;24;positive;b;cannot say
exp1_24_nb_n_d_once;Letzten Monat hat Thorsten Tina ein Lied gewidmet.;Vor einer Woche hat Thorsten wieder eine nette Widmung geschrieben, weil er an einem Song mitgearbeitet hat.;Thorsten hat einmal eine nette Widmung geschrieben.;neutral;24;neutral;b;once
exp1_24_nb_n_d_twice;Letzten Monat hat Thorsten Tina ein Lied gewidmet.;Vor einer Woche hat Thorsten wieder eine nette Widmung geschrieben, weil er an einem Song mitgearbeitet hat.;Thorsten hat mindestens zweimal eine nette Widmung geschrieben.;entailment;24;neutral;b;twice
exp1_24_nb_n_d_cannot_say;Letzten Monat hat Thorsten Tina ein Lied gewidmet.;Vor einer Woche hat Thorsten wieder eine nette Widmung geschrieben, weil er an einem Song mitgearbeitet hat.;Es lässt sich nicht sagen, wie oft Thorsten eine nette Widmung geschrieben hat.;neutral;24;neutral;b;cannot say
exp1_25_pa_p_f_once;Vor vier Wochen hat Tina vor Karl einen lustigen Sketch aufgefuhrt.;Vor zwei Wochen hat Karl wieder einen lustigen Sketch gesehen, als er auf einem Comedyfestival gewesen ist.;Karl hat einmal einen lustigen Sketch gesehen.;neutral;25;positive;a;once
exp1_25_pa_p_f_twice;Vor vier Wochen hat Tina vor Karl einen lustigen Sketch aufgefuhrt.;Vor zwei Wochen hat Karl wieder einen lustigen Sketch gesehen, als er auf einem Comedyfestival gewesen ist.;Karl hat mindestens zweimal einen lustigen Sketch gesehen.;entailment;25;positive;a;twice
exp1_25_pa_p_f_cannot_say;Vor vier Wochen hat Tina vor Karl einen lustigen Sketch aufgefuhrt.;Vor zwei Wochen hat Karl wieder einen lustigen Sketch gesehen, als er auf einem Comedyfestival gewesen ist.;Es lässt sich nicht sagen, wie oft Karl einen lustigen Sketch gesehen hat.;neutral;25;positive;a;cannot say
exp1_25_pa_n_d_once;Vor vier Wochen hat Tina vor Karl einen lustigen Sketch aufgefuhrt.;Vor zwei Wochen hat Tina wieder einen lustigen Sketch gesehen, als sie auf einem Comedyfestival gewesen ist.;Tina hat einmal einen lustigen Sketch gesehen.;entailment;25;neutral;a;once
exp1_25_pa_n_d_twice;Vor vier Wochen hat Tina vor Karl einen lustigen Sketch aufgefuhrt.;Vor zwei Wochen hat Tina wieder einen lustigen Sketch gesehen, als sie auf einem Comedyfestival gewesen ist.;Tina hat mindestens zweimal einen lustigen Sketch gesehen.;neutral;25;neutral;a;twice
exp1_25_pa_n_d_cannot_say;Vor vier Wochen hat Tina vor Karl einen lustigen Sketch aufgefuhrt.;Vor zwei Wochen hat Tina wieder einen lustigen Sketch gesehen, als sie auf einem Comedyfestival gewesen ist.;Es lässt sich nicht sagen, wie oft Tina einen lustigen Sketch gesehen hat.;neutral;25;neutral;a;cannot say
exp1_25_pb_p_f_once;Vor vier Wochen hat Tina vor Karl einen lustigen Sketch aufgefuhrt.;Vor zwei Wochen hat Karl wieder einen lustigen Sketch dargeboten, als er auf einem Comedyfestival gewesen ist.;Karl hat einmal einen lustigen Sketch dargeboten.;neutral;25;positive;b;once
exp1_25_pb_p_f_twice;Vor vier Wochen hat Tina vor Karl einen lustigen Sketch aufgefuhrt.;Vor zwei Wochen hat Karl wieder einen lustigen Sketch dargeboten, als er auf einem Comedyfestival gewesen ist.;Karl hat mindestens zweimal einen lustigen Sketch dargeboten.;entailment;25;positive;b;twice
exp1_25_pb_p_f_cannot_say;Vor vier Wochen hat Tina vor Karl einen lustigen Sketch aufgefuhrt.;Vor zwei Wochen hat Karl wieder einen lustigen Sketch dargeboten, als er auf einem Comedyfestival gewesen ist.;Es lässt sich nicht sagen, wie oft Karl einen lustigen Sketch dargeboten hat.;neutral;25;positive;b;cannot say
exp1_25_pb_n_d_once;Vor vier Wochen hat Tina vor Karl einen lustigen Sketch aufgefuhrt.;Vor zwei Wochen hat Tina wieder einen lustigen Sketch dargeboten, als sie auf einem Comedyfestival gewesen ist.;Tina hat einmal einen lustigen Sketch dargeboten.;entailment;25;neutral;b;once
exp1_25_pb_n_d_twice;Vor vier Wochen hat Tina vor Karl einen lustigen Sketch aufgefuhrt.;Vor zwei Wochen hat Tina wieder einen lustigen Sketch dargeboten, als sie auf einem Comedyfestival gewesen ist.;Tina hat mindestens zweimal einen lustigen Sketch dargeboten.;neutral;25;neutral;b;twice
exp1_25_pb_n_d_cannot_say;Vor vier Wochen hat Tina vor Karl einen lustigen Sketch aufgefuhrt.;Vor zwei Wochen hat Tina wieder einen lustigen Sketch dargeboten, als sie auf einem Comedyfestival gewesen ist.;Es lässt sich nicht sagen, wie oft Tina einen lustigen Sketch dargeboten hat.;neutral;25;neutral;b;cannot say
exp1_25_na_p_f_once;Vor vier Wochen hat Karl vor Tina einen lustigen Sketch aufgefuhrt.;Vor zwei Wochen hat Tina wieder einen lustigen Sketch gesehen, als sie auf einem Comedyfestival gewesen ist.;Tina hat einmal einen lustigen Sketch gesehen.;entailment;25;positive;a;once
exp1_25_na_p_f_twice;Vor vier Wochen hat Karl vor Tina einen lustigen Sketch aufgefuhrt.;Vor zwei Wochen hat Tina wieder einen lustigen Sketch gesehen, als sie auf einem Comedyfestival gewesen ist.;Tina hat mindestens zweimal einen lustigen Sketch gesehen.;neutral;25;positive;a;twice
exp1_25_na_p_f_cannot_say;Vor vier Wochen hat Karl vor Tina einen lustigen Sketch aufgefuhrt.;Vor zwei Wochen hat Tina wieder einen lustigen Sketch gesehen, als sie auf einem Comedyfestival gewesen ist.;Es lässt sich nicht sagen, wie oft Tina einen lustigen Sketch gesehen hat.;neutral;25;positive;a;cannot say
exp1_25_na_n_d_once;Vor vier Wochen hat Karl vor Tina einen lustigen Sketch aufgefuhrt.;Vor zwei Wochen hat Karl wieder einen lustigen Sketch gesehen, als er auf einem Comedyfestival gewesen ist.;Karl hat einmal einen lustigen Sketch gesehen.;neutral;25;neutral;a;once
exp1_25_na_n_d_twice;Vor vier Wochen hat Karl vor Tina einen lustigen Sketch aufgefuhrt.;Vor zwei Wochen hat Karl wieder einen lustigen Sketch gesehen, als er auf einem Comedyfestival gewesen ist.;Karl hat mindestens zweimal einen lustigen Sketch gesehen.;entailment;25;neutral;a;twice
exp1_25_na_n_d_cannot_say;Vor vier Wochen hat Karl vor Tina einen lustigen Sketch aufgefuhrt.;Vor zwei Wochen hat Karl wieder einen lustigen Sketch gesehen, als er auf einem Comedyfestival gewesen ist.;Es lässt sich nicht sagen, wie oft Karl einen lustigen Sketch gesehen hat.;neutral;25;neutral;a;cannot say
exp1_25_nb_p_f_once;Vor vier Wochen hat Karl vor Tina einen lustigen Sketch aufgefuhrt.;Vor zwei Wochen hat Tina wieder einen lustigen Sketch dargeboten, als sie auf einem Comedyfestival gewesen ist.;Tina hat einmal einen lustigen Sketch dargeboten.;entailment;25;positive;b;once
exp1_25_nb_p_f_twice;Vor vier Wochen hat Karl vor Tina einen lustigen Sketch aufgefuhrt.;Vor zwei Wochen hat Tina wieder einen lustigen Sketch dargeboten, als sie auf einem Comedyfestival gewesen ist.;Tina hat mindestens zweimal einen lustigen Sketch dargeboten.;neutral;25;positive;b;twice
exp1_25_nb_p_f_cannot_say;Vor vier Wochen hat Karl vor Tina einen lustigen Sketch aufgefuhrt.;Vor zwei Wochen hat Tina wieder einen lustigen Sketch dargeboten, als sie auf einem Comedyfestival gewesen ist.;Es lässt sich nicht sagen, wie oft Tina einen lustigen Sketch dargeboten hat.;neutral;25;positive;b;cannot say
exp1_25_nb_n_d_once;Vor vier Wochen hat Karl vor Tina einen lustigen Sketch aufgefuhrt.;Vor zwei Wochen hat Karl wieder einen lustigen Sketch dargeboten, als er auf einem Comedyfestival gewesen ist.;Karl hat einmal einen lustigen Sketch dargeboten.;neutral;25;neutral;b;once
exp1_25_nb_n_d_twice;Vor vier Wochen hat Karl vor Tina einen lustigen Sketch aufgefuhrt.;Vor zwei Wochen hat Karl wieder einen lustigen Sketch dargeboten, als er auf einem Comedyfestival gewesen ist.;Karl hat mindestens zweimal einen lustigen Sketch dargeboten.;entailment;25;neutral;b;twice
exp1_25_nb_n_d_cannot_say;Vor vier Wochen hat Karl vor Tina einen lustigen Sketch aufgefuhrt.;Vor zwei Wochen hat Karl wieder einen lustigen Sketch dargeboten, als er auf einem Comedyfestival gewesen ist.;Es lässt sich nicht sagen, wie oft Karl einen lustigen Sketch dargeboten hat.;neutral;25;neutral;b;cannot say
exp1_26_pa_p_f_once;Vorletzten Monat hat Sabine Tina eine neue Gitarrensaite besorgt.;Vor drei Tagen hat Tina wieder eine neue Gitarrensaite erhalten, als sie mit einem Freund einkaufen war.;Tina hat einmal eine neue Gitarrensaite erhalten.;neutral;26;positive;a;once
exp1_26_pa_p_f_twice;Vorletzten Monat hat Sabine Tina eine neue Gitarrensaite besorgt.;Vor drei Tagen hat Tina wieder eine neue Gitarrensaite erhalten, als sie mit einem Freund einkaufen war.;Tina hat mindestens zweimal eine neue Gitarrensaite erhalten.;entailment;26;positive;a;twice
exp1_26_pa_p_f_cannot_say;Vorletzten Monat hat Sabine Tina eine neue Gitarrensaite besorgt.;Vor drei Tagen hat Tina wieder eine neue Gitarrensaite erhalten, als sie mit einem Freund einkaufen war.;Es lässt sich nicht sagen, wie oft Tina eine neue Gitarrensaite erhalten hat.;neutral;26;positive;a;cannot say
exp1_26_pa_n_d_once;Vorletzten Monat hat Sabine Tina eine neue Gitarrensaite besorgt.;Vor drei Tagen hat Sabine wieder eine neue Gitarrensaite erhalten, als sie mit einem Freund einkaufen war.;Sabine hat einmal eine neue Gitarrensaite erhalten.;entailment;26;neutral;a;once
exp1_26_pa_n_d_twice;Vorletzten Monat hat Sabine Tina eine neue Gitarrensaite besorgt.;Vor drei Tagen hat Sabine wieder eine neue Gitarrensaite erhalten, als sie mit einem Freund einkaufen war.;Sabine hat mindestens zweimal eine neue Gitarrensaite erhalten.;neutral;26;neutral;a;twice
exp1_26_pa_n_d_cannot_say;Vorletzten Monat hat Sabine Tina eine neue Gitarrensaite besorgt.;Vor drei Tagen hat Sabine wieder eine neue Gitarrensaite erhalten, als sie mit einem Freund einkaufen war.;Es lässt sich nicht sagen, wie oft Sabine eine neue Gitarrensaite erhalten hat.;neutral;26;neutral;a;cannot say
exp1_26_pb_p_f_once;Vorletzten Monat hat Sabine Tina eine neue Gitarrensaite besorgt.;Vor drei Tagen hat Tina wieder eine neue Gitarrensaite gekauft, als sie mit einem Freund einkaufen war.;Tina hat einmal eine neue Gitarrensaite gekauft.;neutral;26;positive;b;once
exp1_26_pb_p_f_twice;Vorletzten Monat hat Sabine Tina eine neue Gitarrensaite besorgt.;Vor drei Tagen hat Tina wieder eine neue Gitarrensaite gekauft, als sie mit einem Freund einkaufen war.;Tina hat mindestens zweimal eine neue Gitarrensaite gekauft.;entailment;26;positive;b;twice
exp1_26_pb_p_f_cannot_say;Vorletzten Monat hat Sabine Tina eine neue Gitarrensaite besorgt.;Vor drei Tagen hat Tina wieder eine neue Gitarrensaite gekauft, als sie mit einem Freund einkaufen war.;Es lässt sich nicht sagen, wie oft Tina eine neue Gitarrensaite gekauft hat.;neutral;26;positive;b;cannot say
exp1_26_pb_n_d_once;Vorletzten Monat hat Sabine Tina eine neue Gitarrensaite besorgt.;Vor drei Tagen hat Sabine wieder eine neue Gitarrensaite gekauft, als sie mit einem Freund einkaufen war.;Sabine hat einmal eine neue Gitarrensaite gekauft.;entailment;26;neutral;b;once
exp1_26_pb_n_d_twice;Vorletzten Monat hat Sabine Tina eine neue Gitarrensaite besorgt.;Vor drei Tagen hat Sabine wieder eine neue Gitarrensaite gekauft, als sie mit einem Freund einkaufen war.;Sabine hat mindestens zweimal eine neue Gitarrensaite gekauft.;neutral;26;neutral;b;twice
exp1_26_pb_n_d_cannot_say;Vorletzten Monat hat Sabine Tina eine neue Gitarrensaite besorgt.;Vor drei Tagen hat Sabine wieder eine neue Gitarrensaite gekauft, als sie mit einem Freund einkaufen war.;Es lässt sich nicht sagen, wie oft Sabine eine neue Gitarrensaite gekauft hat.;neutral;26;neutral;b;cannot say
exp1_26_na_p_f_once;Vorletzten Monat hat Tina Sabine eine neue Gitarrensaite besorgt.;Vor drei Tagen hat Sabine wieder eine neue Gitarrensaite erhalten, als sie mit einem Freund einkaufen war.;Sabine hat einmal eine neue Gitarrensaite erhalten.;entailment;26;positive;a;once
exp1_26_na_p_f_twice;Vorletzten Monat hat Tina Sabine eine neue Gitarrensaite besorgt.;Vor drei Tagen hat Sabine wieder eine neue Gitarrensaite erhalten, als sie mit einem Freund einkaufen war.;Sabine hat mindestens zweimal eine neue Gitarrensaite erhalten.;neutral;26;positive;a;twice
exp1_26_na_p_f_cannot_say;Vorletzten Monat hat Tina Sabine eine neue Gitarrensaite besorgt.;Vor drei Tagen hat Sabine wieder eine neue Gitarrensaite erhalten, als sie mit einem Freund einkaufen war.;Es lässt sich nicht sagen, wie oft Sabine eine neue Gitarrensaite erhalten hat.;neutral;26;positive;a;cannot say
exp1_26_na_n_d_once;Vorletzten Monat hat Tina Sabine eine neue Gitarrensaite besorgt.;Vor drei Tagen hat Tina wieder eine neue Gitarrensaite erhalten, als sie mit einem Freund einkaufen war.;Tina hat einmal eine neue Gitarrensaite erhalten.;neutral;26;neutral;a;once
exp1_26_na_n_d_twice;Vorletzten Monat hat Tina Sabine eine neue Gitarrensaite besorgt.;Vor drei Tagen hat Tina wieder eine neue Gitarrensaite erhalten, als sie mit einem Freund einkaufen war.;Tina hat mindestens zweimal eine neue Gitarrensaite erhalten.;entailment;26;neutral;a;twice
exp1_26_na_n_d_cannot_say;Vorletzten Monat hat Tina Sabine eine neue Gitarrensaite besorgt.;Vor drei Tagen hat Tina wieder eine neue Gitarrensaite erhalten, als sie mit einem Freund einkaufen war.;Es lässt sich nicht sagen, wie oft Tina eine neue Gitarrensaite erhalten hat.;neutral;26;neutral;a;cannot say
exp1_26_nb_p_f_once;Vorletzten Monat hat Tina Sabine eine neue Gitarrensaite besorgt.;Vor drei Tagen hat Sabine wieder eine neue Gitarrensaite gekauft, als sie mit einem Freund einkaufen war.;Sabine hat einmal eine neue Gitarrensaite gekauft.;entailment;26;positive;b;once
exp1_26_nb_p_f_twice;Vorletzten Monat hat Tina Sabine eine neue Gitarrensaite besorgt.;Vor drei Tagen hat Sabine wieder eine neue Gitarrensaite gekauft, als sie mit einem Freund einkaufen war.;Sabine hat mindestens zweimal eine neue Gitarrensaite gekauft.;neutral;26;positive;b;twice
exp1_26_nb_p_f_cannot_say;Vorletzten Monat hat Tina Sabine eine neue Gitarrensaite besorgt.;Vor drei Tagen hat Sabine wieder eine neue Gitarrensaite gekauft, als sie mit einem Freund einkaufen war.;Es lässt sich nicht sagen, wie oft Sabine eine neue Gitarrensaite gekauft hat.;neutral;26;positive;b;cannot say
exp1_26_nb_n_d_once;Vorletzten Monat hat Tina Sabine eine neue Gitarrensaite besorgt.;Vor drei Tagen hat Tina wieder eine neue Gitarrensaite gekauft, als sie mit einem Freund einkaufen war.;Tina hat einmal eine neue Gitarrensaite gekauft.;neutral;26;neutral;b;once
exp1_26_nb_n_d_twice;Vorletzten Monat hat Tina Sabine eine neue Gitarrensaite besorgt.;Vor drei Tagen hat Tina wieder eine neue Gitarrensaite gekauft, als sie mit einem Freund einkaufen war.;Tina hat mindestens zweimal eine neue Gitarrensaite gekauft.;entailment;26;neutral;b;twice
exp1_26_nb_n_d_cannot_say;Vorletzten Monat hat Tina Sabine eine neue Gitarrensaite besorgt.;Vor drei Tagen hat Tina wieder eine neue Gitarrensaite gekauft, als sie mit einem Freund einkaufen war.;Es lässt sich nicht sagen, wie oft Tina eine neue Gitarrensaite gekauft hat.;neutral;26;neutral;b;cannot say
exp1_27_pa_p_f_once;Letzten Monat hat Sabine Thorsten ein schweres Paket gebracht.;Vor einer Woche hat Thorsten wieder ein schweres Paket entgegengenommen, wahrend er an eine Geburtstagsparty gedacht hat.;Thorsten hat einmal ein schweres Paket entgegengenommen.;neutral;27;positive;a;once
exp1_27_pa_p_f_twice;Letzten Monat hat Sabine Thorsten ein schweres Paket gebracht.;Vor einer Woche hat Thorsten wieder ein schweres Paket entgegengenommen, wahrend er an eine Geburtstagsparty gedacht hat.;Thorsten hat mindestens zweimal ein schweres Paket entgegengenommen.;entailment;27;positive;a;twice
exp1_27_pa_p_f_cannot_say;Letzten Monat hat Sabine Thorsten ein schweres Paket gebracht.;Vor einer Woche hat Thorsten wieder ein schweres Paket entgegengenommen, wahrend er an eine Geburtstagsparty gedacht hat.;Es lässt sich nicht sagen, wie oft Thorsten ein schweres Paket entgegengenommen hat.;neutral;27;positive;a;cannot say
exp1_27_pa_n_d_once;Letzten Monat hat Sabine Thorsten ein schweres Paket gebracht.;Vor einer Woche hat Sabine wieder ein schweres Paket entgegengenommen, wahrend sie an eine Geburtstagsparty gedacht hat.;Sabine hat einmal ein schweres Paket entgegengenommen.;entailment;27;neutral;a;once
exp1_27_pa_n_d_twice;Letzten Monat hat Sabine Thorsten ein schweres Paket gebracht.;Vor einer Woche hat Sabine wieder ein schweres Paket entgegengenommen, wahrend sie an eine Geburtstagsparty gedacht hat.;Sabine hat mindestens zweimal ein schweres Paket entgegengenommen.;neutral;27;neutral;a;twice
exp1_27_pa_n_d_cannot_say;Letzten Monat hat Sabine Thorsten ein schweres Paket gebracht.;Vor einer Woche hat Sabine wieder ein schweres Paket entgegengenommen, wahrend sie an eine Geburtstagsparty gedacht hat.;Es lässt sich nicht sagen, wie oft Sabine ein schweres Paket entgegengenommen hat.;neutral;27;neutral;a;cannot say
exp1_27_pb_p_f_once;Letzten Monat hat Sabine Thorsten ein schweres Paket gebracht.;Vor einer Woche hat Thorsten wieder ein schweres Paket abgegeben, wahrend er an eine Geburtstagsparty gedacht hat.;Thorsten hat einmal ein schweres Paket abgegeben.;neutral;27;positive;b;once
exp1_27_pb_p_f_twice;Letzten Monat hat Sabine Thorsten ein schweres Paket gebracht.;Vor einer Woche hat Thorsten wieder ein schweres Paket abgegeben, wahrend er an eine Geburtstagsparty gedacht hat.;Thorsten hat mindestens zweimal ein schweres Paket abgegeben.;entailment;27;positive;b;twice
exp1_27_pb_p_f_cannot_say;Letzten Monat hat Sabine Thorsten ein schweres Paket gebracht.;Vor einer Woche hat Thorsten wieder ein schweres Paket abgegeben, wahrend er an eine Geburtstagsparty gedacht hat.;Es lässt sich nicht sagen, wie oft Thorsten ein schweres Paket abgegeben hat.;neutral;27;positive;b;cannot say
exp1_27_pb_n_d_once;Letzten Monat hat Sabine Thorsten ein schweres Paket gebracht.;Vor einer Woche hat Sabine wieder ein schweres Paket abgegeben, wahrend sie an eine Geburtstagsparty gedacht hat.;Sabine hat einmal ein schweres Paket abgegeben.;entailment;27;neutral;b;once
exp1_27_pb_n_d_twice;Letzten Monat hat Sabine Thorsten ein schweres Paket gebracht.;Vor einer Woche hat Sabine wieder ein schweres Paket abgegeben, wahrend sie an eine Geburtstagsparty gedacht hat.;Sabine hat mindestens zweimal ein schweres Paket abgegeben.;neutral;27;neutral;b;twice
exp1_27_pb_n_d_cannot_say;Letzten Monat hat Sabine Thorsten ein schweres Paket gebracht.;Vor einer Woche hat Sabine wieder ein schweres Paket abgegeben, wahrend sie an eine Geburtstagsparty gedacht hat.;Es lässt sich nicht sagen, wie oft Sabine ein schweres Paket abgegeben hat.;neutral;27;neutral;b;cannot say
exp1_27_na_p_f_once;Letzten Monat hat Thorsten Sabine ein schweres Paket gebracht.;Vor einer Woche hat Sabine wieder ein schweres Paket entgegengenommen, wahrend sie an eine Geburtstagsparty gedacht hat.;Sabine hat einmal ein schweres Paket entgegengenommen.;entailment;27;positive;a;once
exp1_27_na_p_f_twice;Letzten Monat hat Thorsten Sabine ein schweres Paket gebracht.;Vor einer Woche hat Sabine wieder ein schweres Paket entgegengenommen, wahrend sie an eine Geburtstagsparty gedacht hat.;Sabine hat mindestens zweimal ein schweres Paket entgegengenommen.;neutral;27;positive;a;twice
exp1_27_na_p_f_cannot_say;Letzten Monat hat Thorsten Sabine ein schweres Paket gebracht.;Vor einer Woche hat Sabine wieder ein schweres Paket entgegengenommen, wahrend sie an eine Geburtstagsparty gedacht hat.;Es lässt sich nicht sagen, wie oft Sabine ein schweres Paket entgegengenommen hat.;neutral;27;positive;a;cannot say
exp1_27_na_n_d_once;Letzten Monat hat Thorsten Sabine ein schweres Paket gebracht.;Vor einer Woche hat Thorsten wieder ein schweres Paket entgegengenommen, wahrend er an eine Geburtstagsparty gedacht hat.;Thorsten hat einmal ein schweres Paket entgegengenommen.;neutral;27;neutral;a;once
exp1_27_na_n_d_twice;Letzten Monat hat Thorsten Sabine ein schweres Paket gebracht.;Vor einer Woche hat Thorsten wieder ein schweres Paket entgegengenommen, wahrend er an eine Geburtstagsparty gedacht hat.;Thorsten hat mindestens zweimal ein schweres Paket entgegengenommen.;entailment;27;neutral;a;twice
exp1_27_na_n_d_cannot_say;Letzten Monat hat Thorsten Sabine ein schweres Paket gebracht.;Vor einer Woche hat Thorsten wieder ein schweres Paket entgegengenommen, wahrend er an eine Geburtstagsparty gedacht hat.;Es lässt sich nicht sagen, wie oft Thorsten ein schweres Paket entgegengenommen hat.;neutral;27;neutral;a;cannot say
exp1_27_nb_p_f_once;Letzten Monat hat Thorsten Sabine ein schweres Paket gebracht.;Vor einer Woche hat Sabine wieder ein schweres Paket abgegeben, wahrend sie an eine Geburtstagsparty gedacht hat.;Sabine hat einmal ein schweres Paket abgegeben.;entailment;27;positive;b;once
exp1_27_nb_p_f_twice;Letzten Monat hat Thorsten Sabine ein schweres Paket gebracht.;Vor einer Woche hat Sabine wieder ein schweres Paket abgegeben, wahrend sie an eine Geburtstagsparty gedacht hat.;Sabine hat mindestens zweimal ein schweres Paket abgegeben.;neutral;27;positive;b;twice
exp1_27_nb_p_f_cannot_say;Letzten Monat hat Thorsten Sabine ein schweres Paket gebracht.;Vor einer Woche hat Sabine wieder ein schweres Paket abgegeben, wahrend sie an eine Geburtstagsparty gedacht hat.;Es lässt sich nicht sagen, wie oft Sabine ein schweres Paket abgegeben hat.;neutral;27;positive;b;cannot say
exp1_27_nb_n_d_once;Letzten Monat hat Thorsten Sabine ein schweres Paket gebracht.;Vor einer Woche hat Thorsten wieder ein schweres Paket abgegeben, wahrend er an eine Geburtstagsparty gedacht hat.;Thorsten hat einmal ein schweres Paket abgegeben.;neutral;27;neutral;b;once
exp1_27_nb_n_d_twice;Letzten Monat hat Thorsten Sabine ein schweres Paket gebracht.;Vor einer Woche hat Thorsten wieder ein schweres Paket abgegeben, wahrend er an eine Geburtstagsparty gedacht hat.;Thorsten hat mindestens zweimal ein schweres Paket abgegeben.;entailment;27;neutral;b;twice
exp1_27_nb_n_d_cannot_say;Letzten Monat hat Thorsten Sabine ein schweres Paket gebracht.;Vor einer Woche hat Thorsten wieder ein schweres Paket abgegeben, wahrend er an eine Geburtstagsparty gedacht hat.;Es lässt sich nicht sagen, wie oft Thorsten ein schweres Paket abgegeben hat.;neutral;27;neutral;b;cannot say
exp1_28_pa_p_f_once;Letztes Jahr hat Sabine Karl einen guten Wein per Post geschickt.;Vor zwei Monaten hat Karl wieder einen guten Wein empfangen, weil er bei einem Weinhandler eingekauft hat.;Karl hat einmal einen guten Wein empfangen.;neutral;28;positive;a;once
exp1_28_pa_p_f_twice;Letztes Jahr hat Sabine Karl einen guten Wein per Post geschickt.;Vor zwei Monaten hat Karl wieder einen guten Wein empfangen, weil er bei einem Weinhandler eingekauft hat.;Karl hat mindestens zweimal einen guten Wein empfangen.;entailment;28;positive;a;twice
exp1_28_pa_p_f_cannot_say;Letztes Jahr hat Sabine Karl einen guten Wein per Post geschickt.;Vor zwei Monaten hat Karl wieder einen guten Wein empfangen, weil er bei einem Weinhandler eingekauft hat.;Es lässt sich nicht sagen, wie oft Karl einen guten Wein empfangen hat.;neutral;28;positive;a;cannot say
exp1_28_pa_n_d_once;Letztes Jahr hat Sabine Karl einen guten Wein per Post geschickt.;Vor zwei Monaten hat Sabine wieder einen guten Wein empfangen, weil sie bei einem Weinhandler eingekauft hat.;Sabine hat einmal einen guten Wein empfangen.;entailment;28;neutral;a;once
exp1_28_pa_n_d_twice;Letztes Jahr hat Sabine Karl einen guten Wein per Post geschickt.;Vor zwei Monaten hat Sabine wieder einen guten Wein empfangen, weil sie bei einem Weinhandler eingekauft hat.;Sabine hat mindestens zweimal einen guten Wein empfangen.;neutral;28;neutral;a;twice
exp1_28_pa_n_d_cannot_say;Letztes Jahr hat Sabine Karl einen guten Wein per Post geschickt.;Vor zwei Monaten hat Sabine wieder einen guten Wein empfangen, weil sie bei einem Weinhandler eingekauft hat.;Es lässt sich nicht sagen, wie oft Sabine einen guten Wein empfangen hat.;neutral;28;neutral;a;cannot say
exp1_28_pb_p_f_once;Letztes Jahr hat Sabine Karl einen guten Wein per Post geschickt.;Vor zwei Monaten hat Karl wieder einen guten Wein versendet, weil er bei einem Weinhandler eingekauft hat.;Karl hat einmal einen guten Wein versendet.;neutral;28;positive;b;once
exp1_28_pb_p_f_twice;Letztes Jahr hat Sabine Karl einen guten Wein per Post geschickt.;Vor zwei Monaten hat Karl wieder einen guten Wein versendet, weil er bei einem Weinhandler eingekauft hat.;Karl hat mindestens zweimal einen guten Wein versendet.;entailment;28;positive;b;twice
exp1_28_pb_p_f_cannot_say;Letztes Jahr hat Sabine Karl einen guten Wein per Post geschickt.;Vor zwei Monaten hat Karl wieder einen guten Wein versendet, weil er bei einem Weinhandler eingekauft hat.;Es lässt sich nicht sagen, wie oft Karl einen guten Wein versendet hat.;neutral;28;positive;b;cannot say
exp1_28_pb_n_d_once;Letztes Jahr hat Sabine Karl einen guten Wein per Post geschickt.;Vor zwei Monaten hat Sabine wieder einen guten Wein versendet, weil sie bei einem Weinhandler eingekauft hat.;Sabine hat einmal einen guten Wein versendet.;entailment;28;neutral;b;once
exp1_28_pb_n_d_twice;Letztes Jahr hat Sabine Karl einen guten Wein per Post geschickt.;Vor zwei Monaten hat Sabine wieder einen guten Wein versendet, weil sie bei einem Weinhandler eingekauft hat.;Sabine hat mindestens zweimal einen guten Wein versendet.;neutral;28;neutral;b;twice
exp1_28_pb_n_d_cannot_say;Letztes Jahr hat Sabine Karl einen guten Wein per Post geschickt.;Vor zwei Monaten hat Sabine wieder einen guten Wein versendet, weil sie bei einem Weinhandler eingekauft hat.;Es lässt sich nicht sagen, wie oft Sabine einen guten Wein versendet hat.;neutral;28;neutral;b;cannot say
exp1_28_na_p_f_once;Letztes Jahr hat Karl Sabine einen guten Wein per Post geschickt.;Vor zwei Monaten hat Sabine wieder einen guten Wein empfangen, weil sie bei einem Weinhandler eingekauft hat.;Sabine hat einmal einen guten Wein empfangen.;entailment;28;positive;a;once
exp1_28_na_p_f_twice;Letztes Jahr hat Karl Sabine einen guten Wein per Post geschickt.;Vor zwei Monaten hat Sabine wieder einen guten Wein empfangen, weil sie bei einem Weinhandler eingekauft hat.;Sabine hat mindestens zweimal einen guten Wein empfangen.;neutral;28;positive;a;twice
exp1_28_na_p_f_cannot_say;Letztes Jahr hat Karl Sabine einen guten Wein per Post geschickt.;Vor zwei Monaten hat Sabine wieder einen guten Wein empfangen, weil sie bei einem Weinhandler eingekauft hat.;Es lässt sich nicht sagen, wie oft Sabine einen guten Wein empfangen hat.;neutral;28;positive;a;cannot say
exp1_28_na_n_d_once;Letztes Jahr hat Karl Sabine einen guten Wein per Post geschickt.;Vor zwei Monaten hat Karl wieder einen guten Wein empfangen, weil er bei einem Weinhandler eingekauft hat.;Karl hat einmal einen guten Wein empfangen.;neutral;28;neutral;a;once
exp1_28_na_n_d_twice;Letztes Jahr hat Karl Sabine einen guten Wein per Post geschickt.;Vor zwei Monaten hat Karl wieder einen guten Wein empfangen, weil er bei einem Weinhandler eingekauft hat.;Karl hat mindestens zweimal einen guten Wein empfangen.;entailment;28;neutral;a;twice
exp1_28_na_n_d_cannot_say;Letztes Jahr hat Karl Sabine einen guten Wein per Post geschickt.;Vor zwei Monaten hat Karl wieder einen guten Wein empfangen, weil er bei einem Weinhandler eingekauft hat.;Es lässt sich nicht sagen, wie oft Karl einen guten Wein empfangen hat.;neutral;28;neutral;a;cannot say
exp1_28_nb_p_f_once;Letztes Jahr hat Karl Sabine einen guten Wein per Post geschickt.;Vor zwei Monaten hat Sabine wieder einen guten Wein versendet, weil sie bei einem Weinhandler eingekauft hat.;Sabine hat einmal einen guten Wein versendet.;entailment;28;positive;b;once
exp1_28_nb_p_f_twice;Letztes Jahr hat Karl Sabine einen guten Wein per Post geschickt.;Vor zwei Monaten hat Sabine wieder einen guten Wein versendet, weil sie bei einem Weinhandler eingekauft hat.;Sabine hat mindestens zweimal einen guten Wein versendet.;neutral;28;positive;b;twice
exp1_28_nb_p_f_cannot_say;Letztes Jahr hat Karl Sabine einen guten Wein per Post geschickt.;Vor zwei Monaten hat Sabine wieder einen guten Wein versendet, weil sie bei einem Weinhandler eingekauft hat.;Es lässt sich nicht sagen, wie oft Sabine einen guten Wein versendet hat.;neutral;28;positive;b;cannot say
exp1_28_nb_n_d_once;Letztes Jahr hat Karl Sabine einen guten Wein per Post geschickt.;Vor zwei Monaten hat Karl wieder einen guten Wein versendet, weil er bei einem Weinhandler eingekauft hat.;Karl hat einmal einen guten Wein versendet.;neutral;28;neutral;b;once
exp1_28_nb_n_d_twice;Letztes Jahr hat Karl Sabine einen guten Wein per Post geschickt.;Vor zwei Monaten hat Karl wieder einen guten Wein versendet, weil er bei einem Weinhandler eingekauft hat.;Karl hat mindestens zweimal einen guten Wein versendet.;entailment;28;neutral;b;twice
exp1_28_nb_n_d_cannot_say;Letztes Jahr hat Karl Sabine einen guten Wein per Post geschickt.;Vor zwei Monaten hat Karl wieder einen guten Wein versendet, weil er bei einem Weinhandler eingekauft hat.;Es lässt sich nicht sagen, wie oft Karl einen guten Wein versendet hat.;neutral;28;neutral;b;cannot say
exp1_29_pa_p_f_once;Vergangene Woche hat Sabine Judith eine knusprige Brezel vom Backer mitgebracht.;Vor zwei Tagen hat Judith wieder eine knusprige Brezel bekommen, als sie auf einer Lebensmittelmesse unterwegs war.;Judith hat einmal eine knusprige Brezel bekommen.;neutral;29;positive;a;once
exp1_29_pa_p_f_twice;Vergangene Woche hat Sabine Judith eine knusprige Brezel vom Backer mitgebracht.;Vor zwei Tagen hat Judith wieder eine knusprige Brezel bekommen, als sie auf einer Lebensmittelmesse unterwegs war.;Judith hat mindestens zweimal eine knusprige Brezel bekommen.;entailment;29;positive;a;twice
exp1_29_pa_p_f_cannot_say;Vergangene Woche hat Sabine Judith eine knusprige Brezel vom Backer mitgebracht.;Vor zwei Tagen hat Judith wieder eine knusprige Brezel bekommen, als sie auf einer Lebensmittelmesse unterwegs war.;Es lässt sich nicht sagen, wie oft Judith eine knusprige Brezel bekommen hat.;neutral;29;positive;a;cannot say
exp1_29_pa_n_d_once;Vergangene Woche hat Sabine Judith eine knusprige Brezel vom Backer mitgebracht.;Vor zwei Tagen hat Sabine wieder eine knusprige Brezel bekommen, als sie auf einer Lebensmittelmesse unterwegs war.;Sabine hat einmal eine knusprige Brezel bekommen.;entailment;29;neutral;a;once
exp1_29_pa_n_d_twice;Vergangene Woche hat Sabine Judith eine knusprige Brezel vom Backer mitgebracht.;Vor zwei Tagen hat Sabine wieder eine knusprige Brezel bekommen, als sie auf einer Lebensmittelmesse unterwegs war.;Sabine hat mindestens zweimal eine knusprige Brezel bekommen.;neutral;29;neutral;a;twice
exp1_29_pa_n_d_cannot_say;Vergangene Woche hat Sabine Judith eine knusprige Brezel vom Backer mitgebracht.;Vor zwei Tagen hat Sabine wieder eine knusprige Brezel bekommen, als sie auf einer Lebensmittelmesse unterwegs war.;Es lässt sich nicht sagen, wie oft Sabine eine knusprige Brezel bekommen hat.;neutral;29;neutral;a;cannot say
exp1_29_pb_p_f_once;Vergangene Woche hat Sabine Judith eine knusprige Brezel vom Backer mitgebracht.;Vor zwei Tagen hat Judith wieder eine knusprige Brezel besorgt, als sie auf einer Lebensmittelmesse unterwegs war.;Judith hat einmal eine knusprige Brezel besorgt.;neutral;29;positive;b;once
exp1_29_pb_p_f_twice;Vergangene Woche hat Sabine Judith eine knusprige Brezel vom Backer mitgebracht.;Vor zwei Tagen hat Judith wieder eine knusprige Brezel besorgt, als sie auf einer Lebensmittelmesse unterwegs war.;Judith hat mindestens zweimal eine knusprige Brezel besorgt.;entailment;29;positive;b;twice
exp1_29_pb_p_f_cannot_say;Vergangene Woche hat Sabine Judith eine knusprige Brezel vom Backer mitgebracht.;Vor zwei Tagen hat Judith wieder eine knusprige Brezel besorgt, als sie auf einer Lebensmittelmesse unterwegs war.;Es lässt sich nicht sagen, wie oft Judith eine knusprige Brezel besorgt hat.;neutral;29;positive;b;cannot say
exp1_29_pb_n_d_once;Vergangene Woche hat Sabine Judith eine knusprige Brezel vom Backer mitgebracht.;Vor zwei Tagen hat Sabine wieder eine knusprige Brezel besorgt, als sie auf einer Lebensmittelmesse unterwegs war.;Sabine hat einmal eine knusprige Brezel besorgt.;entailment;29;neutral;b;once
exp1_29_pb_n_d_twice;Vergangene Woche hat Sabine Judith eine knusprige Brezel vom Backer mitgebracht.;Vor zwei Tagen hat Sabine wieder eine knusprige Brezel besorgt, als sie auf einer Lebensmittelmesse unterwegs war.;Sabine hat mindestens zweimal eine knusprige Brezel besorgt.;neutral;29;neutral;b;twice
exp1_29_pb_n_d_cannot_say;Vergangene Woche hat Sabine Judith eine knusprige Brezel vom Backer mitgebracht.;Vor zwei Tagen hat Sabine wieder eine knusprige Brezel besorgt, als sie auf einer Lebensmittelmesse unterwegs war.;Es lässt sich nicht sagen, wie oft Sabine eine knusprige Brezel besorgt hat.;neutral;29;neutral;b;cannot say
exp1_29_na_p_f_once;Vergangene Woche hat Judith Sabine eine knusprige Brezel vom Backer mitgebracht.;Vor zwei Tagen hat Sabine wieder eine knusprige Brezel bekommen, als sie auf einer Lebensmittelmesse unterwegs war.;Sabine hat einmal eine knusprige Brezel bekommen.;entailment;29;positive;a;once
exp1_29_na_p_f_twice;Vergangene Woche hat Judith Sabine eine knusprige Brezel vom Backer mitgebracht.;Vor zwei Tagen hat Sabine wieder eine knusprige Brezel bekommen, als sie auf einer Lebensmittelmesse unterwegs war.;Sabine hat mindestens zweimal eine knusprige Brezel bekommen.;neutral;29;positive;a;twice
exp1_29_na_p_f_cannot_say;Vergangene Woche hat Judith Sabine eine knusprige Brezel vom Backer mitgebracht.;Vor zwei Tagen hat Sabine wieder eine knusprige Brezel bekommen, als sie auf einer Lebensmittelmesse unterwegs war.;Es lässt sich nicht sagen, wie oft Sabine eine knusprige Brezel bekommen hat.;neutral;29;positive;a;cannot say
exp1_29_na_n_d_once;Vergangene Woche hat Judith Sabine eine knusprige Brezel vom Backer mitgebracht.;Vor zwei Tagen hat Judith wieder eine knusprige Brezel bekommen, als sie auf einer Lebensmittelmesse unterwegs war.;Judith hat einmal eine knusprige Brezel bekommen.;neutral;29;neutral;a;once
exp1_29_na_n_d_twice;Vergangene Woche hat Judith Sabine eine knusprige Brezel vom Backer mitgebracht.;Vor zwei Tagen hat Judith wieder eine knusprige Brezel bekommen, als sie auf einer Lebensmittelmesse unterwegs war.;Judith hat mindestens zweimal eine knusprige Brezel bekommen.;entailment;29;neutral;a;twice
exp1_29_na_n_d_cannot_say;Vergangene Woche hat Judith Sabine eine knusprige Brezel vom Backer mitgebracht.;Vor zwei Tagen hat Judith wieder eine knusprige Brezel bekommen, als sie auf einer Lebensmittelmesse unterwegs war.;Es lässt sich nicht sagen, wie oft Judith eine knusprige Brezel bekommen hat.;neutral;29;neutral;a;cannot say
exp1_29_nb_p_f_once;Vergangene Woche hat Judith Sabine eine knusprige Brezel vom Backer mitgebracht.;Vor zwei Tagen hat Sabine wieder eine knusprige Brezel besorgt, als sie auf einer Lebensmittelmesse unterwegs war.;Sabine hat einmal eine knusprige Brezel besorgt.;entailment;29;positive;b;once
exp1_29_nb_p_f_twice;Vergangene Woche hat Judith Sabine eine knusprige Brezel vom Backer mitgebracht.;Vor zwei Tagen hat Sabine wieder eine knusprige Brezel besorgt, als sie auf einer Lebensmittelmesse unterwegs war.;Sabine hat mindestens zweimal eine knusprige Brezel besorgt.;neutral;29;positive;b;twice
exp1_29_nb_p_f_cannot_say;Vergangene Woche hat Judith Sabine eine knusprige Brezel vom Backer mitgebracht.;Vor zwei Tagen hat Sabine wieder eine knusprige Brezel besorgt, als sie auf einer Lebensmittelmesse unterwegs war.;Es lässt sich nicht sagen, wie oft Sabine eine knusprige Brezel besorgt hat.;neutral;29;positive;b;cannot say
exp1_29_nb_n_d_once;Vergangene Woche hat Judith Sabine eine knusprige Brezel vom Backer mitgebracht.;Vor zwei Tagen hat Judith wieder eine knusprige Brezel besorgt, als sie auf einer Lebensmittelmesse unterwegs war.;Judith hat einmal eine knusprige Brezel besorgt.;neutral;29;neutral;b;once
exp1_29_nb_n_d_twice;Vergangene Woche hat Judith Sabine eine knusprige Brezel vom Backer mitgebracht.;Vor zwei Tagen hat Judith wieder eine knusprige Brezel besorgt, als sie auf einer Lebensmittelmesse unterwegs war.;Judith hat mindestens zweimal eine knusprige Brezel besorgt.;entailment;29;neutral;b;twice
exp1_29_nb_n_d_cannot_say;Vergangene Woche hat Judith Sabine eine knusprige Brezel vom Backer mitgebracht.;Vor zwei Tagen hat Judith wieder eine knusprige Brezel besorgt, als sie auf einer Lebensmittelmesse unterwegs war.;Es lässt sich nicht sagen, wie oft Judith eine knusprige Brezel besorgt hat.;neutral;29;neutral;b;cannot say
exp1_30_pa_p_f_once;Vor zwei Wochen hat Sabine Linda angelogen.;Vor vier Tagen hat Linda wieder eine gemeine Luge gehort, als sie an einem Streit beteiligt war.;Linda hat einmal eine gemeine Luge gehort.;neutral;30;positive;a;once
exp1_30_pa_p_f_twice;Vor zwei Wochen hat Sabine Linda angelogen.;Vor vier Tagen hat Linda wieder eine gemeine Luge gehort, als sie an einem Streit beteiligt war.;Linda hat mindestens zweimal eine gemeine Luge gehort.;entailment;30;positive;a;twice
exp1_30_pa_p_f_cannot_say;Vor zwei Wochen hat Sabine Linda angelogen.;Vor vier Tagen hat Linda wieder eine gemeine Luge gehort, als sie an einem Streit beteiligt war.;Es lässt sich nicht sagen, wie oft Linda eine gemeine Luge gehort hat.;neutral;30;positive;a;cannot say
exp1_30_pa_n_d_once;Vor zwei Wochen hat Sabine Linda angelogen.;Vor vier Tagen hat Sabine wieder eine gemeine Luge gehort, als sie an einem Streit beteiligt war.;Sabine hat einmal eine gemeine Luge gehort.;entailment;30;neutral;a;once
exp1_30_pa_n_d_twice;Vor zwei Wochen hat Sabine Linda angelogen.;Vor vier Tagen hat Sabine wieder eine gemeine Luge gehort, als sie an einem Streit beteiligt war.;Sabine hat mindestens zweimal eine gemeine Luge gehort.;neutral;30;neutral;a;twice
exp1_30_pa_n_d_cannot_say;Vor zwei Wochen hat Sabine Linda angelogen.;Vor vier Tagen hat Sabine wieder eine gemeine Luge gehort, als sie an einem Streit beteiligt war.;Es lässt sich nicht sagen, wie oft Sabine eine gemeine Luge gehort hat.;neutral;30;neutral;a;cannot say
exp1_30_pb_p_f_once;Vor zwei Wochen hat Sabine Linda angelogen.;Vor vier Tagen hat Linda wieder eine gemeine Luge erzahlt, als sie an einem Streit beteiligt war.;Linda hat einmal eine gemeine Luge erzahlt.;neutral;30;positive;b;once
exp1_30_pb_p_f_twice;Vor zwei Wochen hat Sabine Linda angelogen.;Vor vier Tagen hat Linda wieder eine gemeine Luge erzahlt, als sie an einem Streit beteiligt war.;Linda hat mindestens zweimal eine gemeine Luge erzahlt.;entailment;30;positive;b;twice
exp1_30_pb_p_f_cannot_say;Vor zwei Wochen hat Sabine Linda angelogen.;Vor vier Tagen hat Linda wieder eine gemeine Luge erzahlt, als sie an einem Streit beteiligt war.;Es lässt sich nicht sagen, wie oft Linda eine gemeine Luge erzahlt hat.;neutral;30;positive;b;cannot say
exp1_30_pb_n_d_once;Vor zwei Wochen hat Sabine Linda angelogen.;Vor vier Tagen hat Sabine wieder eine gemeine Luge erzahlt, als sie an einem Streit beteiligt war.;Sabine hat einmal eine gemeine Luge erzahlt.;entailment;30;neutral;b;once
exp1_30_pb_n_d_twice;Vor zwei Wochen hat Sabine Linda angelogen.;Vor vier Tagen hat Sabine wieder eine gemeine Luge erzahlt, als sie an einem Streit beteiligt war.;Sabine hat mindestens zweimal eine gemeine Luge erzahlt.;neutral;30;neutral;b;twice
exp1_30_pb_n_d_cannot_say;Vor zwei Wochen hat Sabine Linda angelogen.;Vor vier Tagen hat Sabine wieder eine gemeine Luge erzahlt, als sie an einem Streit beteiligt war.;Es lässt sich nicht sagen, wie oft Sabine eine gemeine Luge erzahlt hat.;neutral;30;neutral;b;cannot say
exp1_30_na_p_f_once;Vor zwei Wochen hat Linda Sabine angelogen.;Vor vier Tagen hat Sabine wieder eine gemeine Luge gehort, als sie an einem Streit beteiligt war.;Sabine hat einmal eine gemeine Luge gehort.;entailment;30;positive;a;once
exp1_30_na_p_f_twice;Vor zwei Wochen hat Linda Sabine angelogen.;Vor vier Tagen hat Sabine wieder eine gemeine Luge gehort, als sie an einem Streit beteiligt war.;Sabine hat mindestens zweimal eine gemeine Luge gehort.;neutral;30;positive;a;twice
exp1_30_na_p_f_cannot_say;Vor zwei Wochen hat Linda Sabine angelogen.;Vor vier Tagen hat Sabine wieder eine gemeine Luge gehort, als sie an einem Streit beteiligt war.;Es lässt sich nicht sagen, wie oft Sabine eine gemeine Luge gehort hat.;neutral;30;positive;a;cannot say
exp1_30_na_n_d_once;Vor zwei Wochen hat Linda Sabine angelogen.;Vor vier Tagen hat Linda wieder eine gemeine Luge gehort, als sie an einem Streit beteiligt war.;Linda hat einmal eine gemeine Luge gehort.;neutral;30;neutral;a;once
exp1_30_na_n_d_twice;Vor zwei Wochen hat Linda Sabine angelogen.;Vor vier Tagen hat Linda wieder eine gemeine Luge gehort, als sie an einem Streit beteiligt war.;Linda hat mindestens zweimal eine gemeine Luge gehort.;entailment;30;neutral;a;twice
exp1_30_na_n_d_cannot_say;Vor zwei Wochen hat Linda Sabine angelogen.;Vor vier Tagen hat Linda wieder eine gemeine Luge gehort, als sie an einem Streit beteiligt war.;Es lässt sich nicht sagen, wie oft Linda eine gemeine Luge gehort hat.;neutral;30;neutral;a;cannot say
exp1_30_nb_p_f_once;Vor zwei Wochen hat Linda Sabine angelogen.;Vor vier Tagen hat Sabine wieder eine gemeine Luge erzahlt, als sie an einem Streit beteiligt war.;Sabine hat einmal eine gemeine Luge erzahlt.;entailment;30;positive;b;once
exp1_30_nb_p_f_twice;Vor zwei Wochen hat Linda Sabine angelogen.;Vor vier Tagen hat Sabine wieder eine gemeine Luge erzahlt, als sie an einem Streit beteiligt war.;Sabine hat mindestens zweimal eine gemeine Luge erzahlt.;neutral;30;positive;b;twice
exp1_30_nb_p_f_cannot_say;Vor zwei Wochen hat Linda Sabine angelogen.;Vor vier Tagen hat Sabine wieder eine gemeine Luge erzahlt, als sie an einem Streit beteiligt war.;Es lässt sich nicht sagen, wie oft Sabine eine gemeine Luge erzahlt hat.;neutral;30;positive;b;cannot say
exp1_30_nb_n_d_once;Vor zwei Wochen hat Linda Sabine angelogen.;Vor vier Tagen hat Linda wieder eine gemeine Luge erzahlt, als sie an einem Streit beteiligt war.;Linda hat einmal eine gemeine Luge erzahlt.;neutral;30;neutral;b;once
exp1_30_nb_n_d_twice;Vor zwei Wochen hat Linda Sabine angelogen.;Vor vier Tagen hat Linda wieder eine gemeine Luge erzahlt, als sie an einem Streit beteiligt war.;Linda hat mindestens zweimal eine gemeine Luge erzahlt.;entailment;30;neutral;b;twice
exp1_30_nb_n_d_cannot_say;Vor zwei Wochen hat Linda Sabine angelogen.;Vor vier Tagen hat Linda wieder eine gemeine Luge erzahlt, als sie an einem Streit beteiligt war.;Es lässt sich nicht sagen, wie oft Linda eine gemeine Luge erzahlt hat.;neutral;30;neutral;b;cannot say
exp1_31_pa_p_f_once;Vor drei Wochen hat Timo Judith massiert.;Vor vier Tagen hat Judith wieder eine wohltuende Massage bekommen, wahrend sie mit einer Freundin gelernt hat.;Judith hat einmal eine wohltuende Massage bekommen.;neutral;31;positive;a;once
exp1_31_pa_p_f_twice;Vor drei Wochen hat Timo Judith massiert.;Vor vier Tagen hat Judith wieder eine wohltuende Massage bekommen, wahrend sie mit einer Freundin gelernt hat.;Judith hat mindestens zweimal eine wohltuende Massage bekommen.;entailment;31;positive;a;twice
exp1_31_pa_p_f_cannot_say;Vor drei Wochen hat Timo Judith massiert.;Vor vier Tagen hat Judith wieder eine wohltuende Massage bekommen, wahrend sie mit einer Freundin gelernt hat.;Es lässt sich nicht sagen, wie oft Judith eine wohltuende Massage bekommen hat.;neutral;31;positive;a;cannot say
exp1_31_pa_n_d_once;Vor drei Wochen hat Timo Judith massiert.;Vor vier Tagen hat Timo wieder eine wohltuende Massage bekommen, wahrend er mit einer Freundin gelernt hat.;Timo hat einmal eine wohltuende Massage bekommen.;entailment;31;neutral;a;once
exp1_31_pa_n_d_twice;Vor drei Wochen hat Timo Judith massiert.;Vor vier Tagen hat Timo wieder eine wohltuende Massage bekommen, wahrend er mit einer Freundin gelernt hat.;Timo hat mindestens zweimal eine wohltuende Massage bekommen.;neutral;31;neutral;a;twice
exp1_31_pa_n_d_cannot_say;Vor drei Wochen hat Timo Judith massiert.;Vor vier Tagen hat Timo wieder eine wohltuende Massage bekommen, wahrend er mit einer Freundin gelernt hat.;Es lässt sich nicht sagen, wie oft Timo eine wohltuende Massage bekommen hat.;neutral;31;neutral;a;cannot say
exp1_31_pb_p_f_once;Vor drei Wochen hat Timo Judith massiert.;Vor vier Tagen hat Judith wieder eine wohltuende Massage gegeben, wahrend sie mit einer Freundin gelernt hat.;Judith hat einmal eine wohltuende Massage gegeben.;neutral;31;positive;b;once
exp1_31_pb_p_f_twice;Vor drei Wochen hat Timo Judith massiert.;Vor vier Tagen hat Judith wieder eine wohltuende Massage gegeben, wahrend sie mit einer Freundin gelernt hat.;Judith hat mindestens zweimal eine wohltuende Massage gegeben.;entailment;31;positive;b;twice
exp1_31_pb_p_f_cannot_say;Vor drei Wochen hat Timo Judith massiert.;Vor vier Tagen hat Judith wieder eine wohltuende Massage gegeben, wahrend sie mit einer Freundin gelernt hat.;Es lässt sich nicht sagen, wie oft Judith eine wohltuende Massage gegeben hat.;neutral;31;positive;b;cannot say
exp1_31_pb_n_d_once;Vor drei Wochen hat Timo Judith massiert.;Vor vier Tagen hat Timo wieder eine wohltuende Massage gegeben, wahrend er mit einer Freundin gelernt hat.;Timo hat einmal eine wohltuende Massage gegeben.;entailment;31;neutral;b;once
exp1_31_pb_n_d_twice;Vor drei Wochen hat Timo Judith massiert.;Vor vier Tagen hat Timo wieder eine wohltuende Massage gegeben, wahrend er mit einer Freundin gelernt hat.;Timo hat mindestens zweimal eine wohltuende Massage gegeben.;neutral;31;neutral;b;twice
exp1_31_pb_n_d_cannot_say;Vor drei Wochen hat Timo Judith massiert.;Vor vier Tagen hat Timo wieder eine wohltuende Massage gegeben, wahrend er mit einer Freundin gelernt hat.;Es lässt sich nicht sagen, wie oft Timo eine wohltuende Massage gegeben hat.;neutral;31;neutral;b;cannot say
exp1_31_na_p_f_once;Vor drei Wochen hat Judith Timo massiert.;Vor vier Tagen hat Timo wieder eine wohltuende Massage bekommen, wahrend er mit einer Freundin gelernt hat.;Timo hat einmal eine wohltuende Massage bekommen.;entailment;31;positive;a;once
exp1_31_na_p_f_twice;Vor drei Wochen hat Judith Timo massiert.;Vor vier Tagen hat Timo wieder eine wohltuende Massage bekommen, wahrend er mit einer Freundin gelernt hat.;Timo hat mindestens zweimal eine wohltuende Massage bekommen.;neutral;31;positive;a;twice
exp1_31_na_p_f_cannot_say;Vor drei Wochen hat Judith Timo massiert.;Vor vier Tagen hat Timo wieder eine wohltuende Massage bekommen, wahrend er mit einer Freundin gelernt hat.;Es lässt sich nicht sagen, wie oft Timo eine wohltuende Massage bekommen hat.;neutral;31;positive;a;cannot say
exp1_31_na_n_d_once;Vor drei Wochen hat Judith Timo massiert.;Vor vier Tagen hat Judith wieder eine wohltuende Massage bekommen, wahrend sie mit einer Freundin gelernt hat.;Judith hat einmal eine wohltuende Massage bekommen.;neutral;31;neutral;a;once
exp1_31_na_n_d_twice;Vor drei Wochen hat Judith Timo massiert.;Vor vier Tagen hat Judith wieder eine wohltuende Massage bekommen, wahrend sie mit einer Freundin gelernt hat.;Judith hat mindestens zweimal eine wohltuende Massage bekommen.;entailment;31;neutral;a;twice
exp1_31_na_n_d_cannot_say;Vor drei Wochen hat Judith Timo massiert.;Vor vier Tagen hat Judith wieder eine wohltuende Massage bekommen, wahrend sie mit einer Freundin gelernt hat.;Es lässt sich nicht sagen, wie oft Judith eine wohltuende Massage bekommen hat.;neutral;31;neutral;a;cannot say
exp1_31_nb_p_f_once;Vor drei Wochen hat Judith Timo massiert.;Vor vier Tagen hat Timo wieder eine wohltuende Massage gegeben, wahrend er mit einer Freundin gelernt hat.;Timo hat einmal eine wohltuende Massage gegeben.;entailment;31;positive;b;once
exp1_31_nb_p_f_twice;Vor drei Wochen hat Judith Timo massiert.;Vor vier Tagen hat Timo wieder eine wohltuende Massage gegeben, wahrend er mit einer Freundin gelernt hat.;Timo hat mindestens zweimal eine wohltuende Massage gegeben.;neutral;31;positive;b;twice
exp1_31_nb_p_f_cannot_say;Vor drei Wochen hat Judith Timo massiert.;Vor vier Tagen hat Timo wieder eine wohltuende Massage gegeben, wahrend er mit einer Freundin gelernt hat.;Es lässt sich nicht sagen, wie oft Timo eine wohltuende Massage gegeben hat.;neutral;31;positive;b;cannot say
exp1_31_nb_n_d_once;Vor drei Wochen hat Judith Timo massiert.;Vor vier Tagen hat Judith wieder eine wohltuende Massage gegeben, wahrend sie mit einer Freundin gelernt hat.;Judith hat einmal eine wohltuende Massage gegeben.;neutral;31;neutral;b;once
exp1_31_nb_n_d_twice;Vor drei Wochen hat Judith Timo massiert.;Vor vier Tagen hat Judith wieder eine wohltuende Massage gegeben, wahrend sie mit einer Freundin gelernt hat.;Judith hat mindestens zweimal eine wohltuende Massage gegeben.;entailment;31;neutral;b;twice
exp1_31_nb_n_d_cannot_say;Vor drei Wochen hat Judith Timo massiert.;Vor vier Tagen hat Judith wieder eine wohltuende Massage gegeben, wahrend sie mit einer Freundin gelernt hat.;Es lässt sich nicht sagen, wie oft Judith eine wohltuende Massage gegeben hat.;neutral;31;neutral;b;cannot say
exp1_32_pa_p_f_once;Vor drei Monaten hat Timo Linda ein weißes Bucherregal gebaut.;Vor zwei Wochen hat Linda wieder ein weißes Bucherregal geschreinert, weil sie in eine WG gezogen ist.;Linda hat einmal ein weißes Bucherregal geschreinert.;neutral;32;positive;a;once
exp1_32_pa_p_f_twice;Vor drei Monaten hat Timo Linda ein weißes Bucherregal gebaut.;Vor zwei Wochen hat Linda wieder ein weißes Bucherregal geschreinert, weil sie in eine WG gezogen ist.;Linda hat mindestens zweimal ein weißes Bucherregal geschreinert.;entailment;32;positive;a;twice
exp1_32_pa_p_f_cannot_say;Vor drei Monaten hat Timo Linda ein weißes Bucherregal gebaut.;Vor zwei Wochen hat Linda wieder ein weißes Bucherregal geschreinert, weil sie in eine WG gezogen ist.;Es lässt sich nicht sagen, wie oft Linda ein weißes Bucherregal geschreinert hat.;neutral;32;positive;a;cannot say
exp1_32_pa_n_d_once;Vor drei Monaten hat Timo Linda ein weißes Bucherregal gebaut.;Vor zwei Wochen hat Timo wieder ein weißes Bucherregal geschreinert, weil er in eine WG gezogen ist.;Timo hat einmal ein weißes Bucherregal geschreinert.;entailment;32;neutral;a;once
exp1_32_pa_n_d_twice;Vor drei Monaten hat Timo Linda ein weißes Bucherregal gebaut.;Vor zwei Wochen hat Timo wieder ein weißes Bucherregal geschreinert, weil er in eine WG gezogen ist.;Timo hat mindestens zweimal ein weißes Bucherregal geschreinert.;neutral;32;neutral;a;twice
exp1_32_pa_n_d_cannot_say;Vor drei Monaten hat Timo Linda ein weißes Bucherregal gebaut.;Vor zwei Wochen hat Timo wieder ein weißes Bucherregal geschreinert, weil er in eine WG gezogen ist.;Es lässt sich nicht sagen, wie oft Timo ein weißes Bucherregal geschreinert hat.;neutral;32;neutral;a;cannot say
exp1_32_pb_p_f_once;Vor drei Monaten hat Timo Linda ein weißes Bucherregal gebaut.;Vor zwei Wochen hat Linda wieder ein weißes Bucherregal erhalten, weil sie in eine WG gezogen ist.;Linda hat einmal ein weißes Bucherregal erhalten.;neutral;32;positive;b;once
exp1_32_pb_p_f_twice;Vor drei Monaten hat Timo Linda ein weißes Bucherregal gebaut.;Vor zwei Wochen hat Linda wieder ein weißes Bucherregal erhalten, weil sie in eine WG gezogen ist.;Linda hat mindestens zweimal ein weißes Bucherregal erhalten.;entailment;32;positive;b;twice
exp1_32_pb_p_f_cannot_say;Vor drei Monaten hat Timo Linda ein weißes Bucherregal gebaut.;Vor zwei Wochen hat Linda wieder ein weißes Bucherregal erhalten, weil sie in eine WG gezogen ist.;Es lässt sich nicht sagen, wie oft Linda ein weißes Bucherregal erhalten hat.;neutral;32;positive;b;cannot say
exp1_32_pb_n_d_once;Vor drei Monaten hat Timo Linda ein weißes Bucherregal gebaut.;Vor zwei Wochen hat Timo wieder ein weißes Bucherregal erhalten, weil er in eine WG gezogen ist.;Timo hat einmal ein weißes Bucherregal erhalten.;entailment;32;neutral;b;once
exp1_32_pb_n_d_twice;Vor drei Monaten hat Timo Linda ein weißes Bucherregal gebaut.;Vor zwei Wochen hat Timo wieder ein weißes Bucherregal erhalten, weil er in eine WG gezogen ist.;Timo hat mindestens zweimal ein weißes Bucherregal erhalten.;neutral;32;neutral;b;twice
exp1_32_pb_n_d_cannot_say;Vor drei Monaten hat Timo Linda ein weißes Bucherregal gebaut.;Vor zwei Wochen hat Timo wieder ein weißes Bucherregal erhalten, weil er in eine WG gezogen ist.;Es lässt sich nicht sagen, wie oft Timo ein weißes Bucherregal erhalten hat.;neutral;32;neutral;b;cannot say
exp1_32_na_p_f_once;Vor drei Monaten hat Linda Timo ein weißes Bucherregal gebaut.;Vor zwei Wochen hat Timo wieder ein weißes Bucherregal geschreinert, weil er in eine WG gezogen ist.;Timo hat einmal ein weißes Bucherregal geschreinert.;entailment;32;positive;a;once
exp1_32_na_p_f_twice;Vor drei Monaten hat Linda Timo ein weißes Bucherregal gebaut.;Vor zwei Wochen hat Timo wieder ein weißes Bucherregal geschreinert, weil er in eine WG gezogen ist.;Timo hat mindestens zweimal ein weißes Bucherregal geschreinert.;neutral;32;positive;a;twice
exp1_32_na_p_f_cannot_say;Vor drei Monaten hat Linda Timo ein weißes Bucherregal gebaut.;Vor zwei Wochen hat Timo wieder ein weißes Bucherregal geschreinert, weil er in eine WG gezogen ist.;Es lässt sich nicht sagen, wie oft Timo ein weißes Bucherregal geschreinert hat.;neutral;32;positive;a;cannot say
exp1_32_na_n_d_once;Vor drei Monaten hat Linda Timo ein weißes Bucherregal gebaut.;Vor zwei Wochen hat Linda wieder ein weißes Bucherregal geschreinert, weil sie in eine WG gezogen ist.;Linda hat einmal ein weißes Bucherregal geschreinert.;neutral;32;neutral;a;once
exp1_32_na_n_d_twice;Vor drei Monaten hat Linda Timo ein weißes Bucherregal gebaut.;Vor zwei Wochen hat Linda wieder ein weißes Bucherregal geschreinert, weil sie in eine WG gezogen ist.;Linda hat mindestens zweimal ein weißes Bucherregal geschreinert.;entailment;32;neutral;a;twice
exp1_32_na_n_d_cannot_say;Vor drei Monaten hat Linda Timo ein weißes Bucherregal gebaut.;Vor zwei Wochen hat Linda wieder ein weißes Bucherregal geschreinert, weil sie in eine WG gezogen ist.;Es lässt sich nicht sagen, wie oft Linda ein weißes Bucherregal geschreinert hat.;neutral;32;neutral;a;cannot say
exp1_32_nb_p_f_once;Vor drei Monaten hat Linda Timo ein weißes Bucherregal gebaut.;Vor zwei Wochen hat Timo wieder ein weißes Bucherregal erhalten, weil er in eine WG gezogen ist.;Timo hat einmal ein weißes Bucherregal erhalten.;entailment;32;positive;b;once
exp1_32_nb_p_f_twice;Vor drei Monaten hat Linda Timo ein weißes Bucherregal gebaut.;Vor zwei Wochen hat Timo wieder ein weißes Bucherregal erhalten, weil er in eine WG gezogen ist.;Timo hat mindestens zweimal ein weißes Bucherregal erhalten.;neutral;32;positive;b;twice
exp1_32_nb_p_f_cannot_say;Vor drei Monaten hat Linda Timo ein weißes Bucherregal gebaut.;Vor zwei Wochen hat Timo wieder ein weißes Bucherregal erhalten, weil er in eine WG gezogen ist.;Es lässt sich nicht sagen, wie oft Timo ein weißes Bucherregal erhalten hat.;neutral;32;positive;b;cannot say
exp1_32_nb_n_d_once;Vor drei Monaten hat Linda Timo ein weißes Bucherregal gebaut.;Vor zwei Wochen hat Linda wieder ein weißes Bucherregal erhalten, weil sie in eine WG gezogen ist.;Linda hat einmal ein weißes Bucherregal erhalten.;neutral;32;neutral;b;once
exp1_32_nb_n_d_twice;Vor drei Monaten hat Linda Timo ein weißes Bucherregal gebaut.;Vor zwei Wochen hat Linda wieder ein weißes Bucherregal erhalten, weil sie in eine WG gezogen ist.;Linda hat mindestens zweimal ein weißes Bucherregal erhalten.;entailment;32;neutral;b;twice
exp1_32_nb_n_d_cannot_say;Vor drei Monaten hat Linda Timo ein weißes Bucherregal gebaut.;Vor zwei Wochen hat Linda wieder ein weißes Bucherregal erhalten, weil sie in eine WG gezogen ist.;Es lässt sich nicht sagen, wie oft Linda ein weißes Bucherregal erhalten hat.;neutral;32;neutral;b;cannot say
exp1_33_pa_p_f_once;Letzten Monat hat Timo Greta ein peinliches Geheimnis verraten.;Vor drei Tagen hat Greta wieder ein peinliches Geheimnis erfahren, als sie an einem Klassentreffen teilgenommen hat.;Greta hat einmal ein peinliches Geheimnis erfahren.;neutral;33;positive;a;once
exp1_33_pa_p_f_twice;Letzten Monat hat Timo Greta ein peinliches Geheimnis verraten.;Vor drei Tagen hat Greta wieder ein peinliches Geheimnis erfahren, als sie an einem Klassentreffen teilgenommen hat.;Greta hat mindestens zweimal ein peinliches Geheimnis erfahren.;entailment;33;positive;a;twice
exp1_33_pa_p_f_cannot_say;Letzten Monat hat Timo Greta ein peinliches Geheimnis verraten.;Vor drei Tagen hat Greta wieder ein peinliches Geheimnis erfahren, als sie an einem Klassentreffen teilgenommen hat.;Es lässt sich nicht sagen, wie oft Greta ein peinliches Geheimnis erfahren hat.;neutral;33;positive;a;cannot say
exp1_33_pa_n_d_once;Letzten Monat hat Timo Greta ein peinliches Geheimnis verraten.;Vor drei Tagen hat Timo wieder ein peinliches Geheimnis erfahren, als er an einem Klassentreffen teilgenommen hat.;Timo hat einmal ein peinliches Geheimnis erfahren.;entailment;33;neutral;a;once
exp1_33_pa_n_d_twice;Letzten Monat hat Timo Greta ein peinliches Geheimnis verraten.;Vor drei Tagen hat Timo wieder ein peinliches Geheimnis erfahren, als er an einem Klassentreffen teilgenommen hat.;Timo hat mindestens zweimal ein peinliches Geheimnis erfahren.;neutral;33;neutral;a;twice
exp1_33_pa_n_d_cannot_say;Letzten Monat hat Timo Greta ein peinliches Geheimnis verraten.;Vor drei Tagen hat Timo wieder ein peinliches Geheimnis erfahren, als er an einem Klassentreffen teilgenommen hat.;Es lässt sich nicht sagen, wie oft Timo ein peinliches Geheimnis erfahren hat.;neutral;33;neutral;a;cannot say
exp1_33_pb_p_f_once;Letzten Monat hat Timo Greta ein peinliches Geheimnis verraten.;Vor drei Tagen hat Greta wieder ein peinliches Geheimnis preisgegeben, als sie an einem Klassentreffen teilgenommen hat.;Greta hat einmal ein peinliches Geheimnis preisgegeben.;neutral;33;positive;b;once
exp1_33_pb_p_f_twice;Letzten Monat hat Timo Greta ein peinliches Geheimnis verraten.;Vor drei Tagen hat Greta wieder ein peinliches Geheimnis preisgegeben, als sie an einem Klassentreffen teilgenommen hat.;Greta hat mindestens zweimal ein peinliches Geheimnis preisgegeben.;entailment;33;positive;b;twice
exp1_33_pb_p_f_cannot_say;Letzten Monat hat Timo Greta ein peinliches Geheimnis verraten.;Vor drei Tagen hat Greta wieder ein peinliches Geheimnis preisgegeben, als sie an einem Klassentreffen teilgenommen hat.;Es lässt sich nicht sagen, wie oft Greta ein peinliches Geheimnis preisgegeben hat.;neutral;33;positive;b;cannot say
exp1_33_pb_n_d_once;Letzten Monat hat Timo Greta ein peinliches Geheimnis verraten.;Vor drei Tagen hat Timo wieder ein peinliches Geheimnis preisgegeben, als er an einem Klassentreffen teilgenommen hat.;Timo hat einmal ein peinliches Geheimnis preisgegeben.;entailment;33;neutral;b;once
exp1_33_pb_n_d_twice;Letzten Monat hat Timo Greta ein peinliches Geheimnis verraten.;Vor drei Tagen hat Timo wieder ein peinliches Geheimnis preisgegeben, als er an einem Klassentreffen teilgenommen hat.;Timo hat mindestens zweimal ein peinliches Geheimnis preisgegeben.;neutral;33;neutral;b;twice
exp1_33_pb_n_d_cannot_say;Letzten Monat hat Timo Greta ein peinliches Geheimnis verraten.;Vor drei Tagen hat Timo wieder ein peinliches Geheimnis preisgegeben, als er an einem Klassentreffen teilgenommen hat.;Es lässt sich nicht sagen, wie oft Timo ein peinliches Geheimnis preisgegeben hat.;neutral;33;neutral;b;cannot say
exp1_33_na_p_f_once;Letzten Monat hat Greta Timo ein peinliches Geheimnis verraten.;Vor drei Tagen hat Timo wieder ein peinliches Geheimnis erfahren, als er an einem Klassentreffen teilgenommen hat.;Timo hat einmal ein peinliches Geheimnis erfahren.;entailment;33;positive;a;once
exp1_33_na_p_f_twice;Letzten Monat hat Greta Timo ein peinliches Geheimnis verraten.;Vor drei Tagen hat Timo wieder ein peinliches Geheimnis erfahren, als er an einem Klassentreffen teilgenommen hat.;Timo hat mindestens zweimal ein peinliches Geheimnis erfahren.;neutral;33;positive;a;twice
exp1_33_na_p_f_cannot_say;Letzten Monat hat Greta Timo ein peinliches Geheimnis verraten.;Vor drei Tagen hat Timo wieder ein peinliches Geheimnis erfahren, als er an einem Klassentreffen teilgenommen hat.;Es lässt sich nicht sagen, wie oft Timo ein peinliches Geheimnis erfahren hat.;neutral;33;positive;a;cannot say
exp1_33_na_n_d_once;Letzten Monat hat Greta Timo ein peinliches Geheimnis verraten.;Vor drei Tagen hat Greta wieder ein peinliches Geheimnis erfahren, als sie an einem Klassentreffen teilgenommen hat.;Greta hat einmal ein peinliches Geheimnis erfahren.;neutral;33;neutral;a;once
exp1_33_na_n_d_twice;Letzten Monat hat Greta Timo ein peinliches Geheimnis verraten.;Vor drei Tagen hat Greta wieder ein peinliches Geheimnis erfahren, als sie an einem Klassentreffen teilgenommen hat.;Greta hat mindestens zweimal ein peinliches Geheimnis erfahren.;entailment;33;neutral;a;twice
exp1_33_na_n_d_cannot_say;Letzten Monat hat Greta Timo ein peinliches Geheimnis verraten.;Vor drei Tagen hat Greta wieder ein peinliches Geheimnis erfahren, als sie an einem Klassentreffen teilgenommen hat.;Es lässt sich nicht sagen, wie oft Greta ein peinliches Geheimnis erfahren hat.;neutral;33;neutral;a;cannot say
exp1_33_nb_p_f_once;Letzten Monat hat Greta Timo ein peinliches Geheimnis verraten.;Vor drei Tagen hat Timo wieder ein peinliches Geheimnis preisgegeben, als er an einem Klassentreffen teilgenommen hat.;Timo hat einmal ein peinliches Geheimnis preisgegeben.;entailment;33;positive;b;once
exp1_33_nb_p_f_twice;Letzten Monat hat Greta Timo ein peinliches Geheimnis verraten.;Vor drei Tagen hat Timo wieder ein peinliches Geheimnis preisgegeben, als er an einem Klassentreffen teilgenommen hat.;Timo hat mindestens zweimal ein peinliches Geheimnis preisgegeben.;neutral;33;positive;b;twice
exp1_33_nb_p_f_cannot_say;Letzten Monat hat Greta Timo ein peinliches Geheimnis verraten.;Vor drei Tagen hat Timo wieder ein peinliches Geheimnis preisgegeben, als er an einem Klassentreffen teilgenommen hat.;Es lässt sich nicht sagen, wie oft Timo ein peinliches Geheimnis preisgegeben hat.;neutral;33;positive;b;cannot say
exp1_33_nb_n_d_once;Letzten Monat hat Greta Timo ein peinliches Geheimnis verraten.;Vor drei Tagen hat Greta wieder ein peinliches Geheimnis preisgegeben, als sie an einem Klassentreffen teilgenommen hat.;Greta hat einmal ein peinliches Geheimnis preisgegeben.;neutral;33;neutral;b;once
exp1_33_nb_n_d_twice;Letzten Monat hat Greta Timo ein peinliches Geheimnis verraten.;Vor drei Tagen hat Greta wieder ein peinliches Geheimnis preisgegeben, als sie an einem Klassentreffen teilgenommen hat.;Greta hat mindestens zweimal ein peinliches Geheimnis preisgegeben.;entailment;33;neutral;b;twice
exp1_33_nb_n_d_cannot_say;Letzten Monat hat Greta Timo ein peinliches Geheimnis verraten.;Vor drei Tagen hat Greta wieder ein peinliches Geheimnis preisgegeben, als sie an einem Klassentreffen teilgenommen hat.;Es lässt sich nicht sagen, wie oft Greta ein peinliches Geheimnis preisgegeben hat.;neutral;33;neutral;b;cannot say
exp1_34_pa_p_f_once;Vor vier Monaten hat Timo Sabine einen neuen Haarschnitt verpasst.;Vor einer Woche hat Sabine wieder einen neuen Haarschnitt bekommen, weil sie an einem Frisurenwettbewerb teilgenommen hat.;Sabine hat einmal einen neuen Haarschnitt bekommen.;neutral;34;positive;a;once
exp1_34_pa_p_f_twice;Vor vier Monaten hat Timo Sabine einen neuen Haarschnitt verpasst.;Vor einer Woche hat Sabine wieder einen neuen Haarschnitt bekommen, weil sie an einem Frisurenwettbewerb teilgenommen hat.;Sabine hat mindestens zweimal einen neuen Haarschnitt bekommen.;entailment;34;positive;a;twice
exp1_34_pa_p_f_cannot_say;Vor vier Monaten hat Timo Sabine einen neuen Haarschnitt verpasst.;Vor einer Woche hat Sabine wieder einen neuen Haarschnitt bekommen, weil sie an einem Frisurenwettbewerb teilgenommen hat.;Es lässt sich nicht sagen, wie oft Sabine einen neuen Haarschnitt bekommen hat.;neutral;34;positive;a;cannot say
exp1_34_pa_n_d_once;Vor vier Monaten hat Timo Sabine einen neuen Haarschnitt verpasst.;Vor einer Woche hat Timo wieder einen neuen Haarschnitt bekommen, weil er an einem Frisurenwettbewerb teilgenommen hat.;Timo hat einmal einen neuen Haarschnitt bekommen.;entailment;34;neutral;a;once
exp1_34_pa_n_d_twice;Vor vier Monaten hat Timo Sabine einen neuen Haarschnitt verpasst.;Vor einer Woche hat Timo wieder einen neuen Haarschnitt bekommen, weil er an einem Frisurenwettbewerb teilgenommen hat.;Timo hat mindestens zweimal einen neuen Haarschnitt bekommen.;neutral;34;neutral;a;twice
exp1_34_pa_n_d_cannot_say;Vor vier Monaten hat Timo Sabine einen neuen Haarschnitt verpasst.;Vor einer Woche hat Timo wieder einen neuen Haarschnitt bekommen, weil er an einem Frisurenwettbewerb teilgenommen hat.;Es lässt sich nicht sagen, wie oft Timo einen neuen Haarschnitt bekommen hat.;neutral;34;neutral;a;cannot say
exp1_34_pb_p_f_once;Vor vier Monaten hat Timo Sabine einen neuen Haarschnitt verpasst.;Vor einer Woche hat Sabine wieder einen neuen Haarschnitt kreiert, weil sie an einem Frisurenwettbewerb teilgenommen hat.;Sabine hat einmal einen neuen Haarschnitt kreiert.;neutral;34;positive;b;once
exp1_34_pb_p_f_twice;Vor vier Monaten hat Timo Sabine einen neuen Haarschnitt verpasst.;Vor einer Woche hat Sabine wieder einen neuen Haarschnitt kreiert, weil sie an einem Frisurenwettbewerb teilgenommen hat.;Sabine hat mindestens zweimal einen neuen Haarschnitt kreiert.;entailment;34;positive;b;twice
exp1_34_pb_p_f_cannot_say;Vor vier Monaten hat Timo Sabine einen neuen Haarschnitt verpasst.;Vor einer Woche hat Sabine wieder einen neuen Haarschnitt kreiert, weil sie an einem Frisurenwettbewerb teilgenommen hat.;Es lässt sich nicht sagen, wie oft Sabine einen neuen Haarschnitt kreiert hat.;neutral;34;positive;b;cannot say
exp1_34_pb_n_d_once;Vor vier Monaten hat Timo Sabine einen neuen Haarschnitt verpasst.;Vor einer Woche hat Timo wieder einen neuen Haarschnitt kreiert, weil er an einem Frisurenwettbewerb teilgenommen hat.;Timo hat einmal einen neuen Haarschnitt kreiert.;entailment;34;neutral;b;once
exp1_34_pb_n_d_twice;Vor vier Monaten hat Timo Sabine einen neuen Haarschnitt verpasst.;Vor einer Woche hat Timo wieder einen neuen Haarschnitt kreiert, weil er an einem Frisurenwettbewerb teilgenommen hat.;Timo hat mindestens zweimal einen neuen Haarschnitt kreiert.;neutral;34;neutral;b;twice
exp1_34_pb_n_d_cannot_say;Vor vier Monaten hat Timo Sabine einen neuen Haarschnitt verpasst.;Vor einer Woche hat Timo wieder einen neuen Haarschnitt kreiert, weil er an einem Frisurenwettbewerb teilgenommen hat.;Es lässt sich nicht sagen, wie oft Timo einen neuen Haarschnitt kreiert hat.;neutral;34;neutral;b;cannot say
exp1_34_na_p_f_once;Vor vier Monaten hat Sabine Timo einen neuen Haarschnitt verpasst.;Vor einer Woche hat Timo wieder einen neuen Haarschnitt bekommen, weil er an einem Frisurenwettbewerb teilgenommen hat.;Timo hat einmal einen neuen Haarschnitt bekommen.;entailment;34;positive;a;once
exp1_34_na_p_f_twice;Vor vier Monaten hat Sabine Timo einen neuen Haarschnitt verpasst.;Vor einer Woche hat Timo wieder einen neuen Haarschnitt bekommen, weil er an einem Frisurenwettbewerb teilgenommen hat.;Timo hat mindestens zweimal einen neuen Haarschnitt bekommen.;neutral;34;positive;a;twice
exp1_34_na_p_f_cannot_say;Vor vier Monaten hat Sabine Timo einen neuen Haarschnitt verpasst.;Vor einer Woche hat Timo wieder einen neuen Haarschnitt bekommen, weil er an einem Frisurenwettbewerb teilgenommen hat.;Es lässt sich nicht sagen, wie oft Timo einen neuen Haarschnitt bekommen hat.;neutral;34;positive;a;cannot say
exp1_34_na_n_d_once;Vor vier Monaten hat Sabine Timo einen neuen Haarschnitt verpasst.;Vor einer Woche hat Sabine wieder einen neuen Haarschnitt bekommen, weil sie an einem Frisurenwettbewerb teilgenommen hat.;Sabine hat einmal einen neuen Haarschnitt bekommen.;neutral;34;neutral;a;once
exp1_34_na_n_d_twice;Vor vier Monaten hat Sabine Timo einen neuen Haarschnitt verpasst.;Vor einer Woche hat Sabine wieder einen neuen Haarschnitt bekommen, weil sie an einem Frisurenwettbewerb teilgenommen hat.;Sabine hat mindestens zweimal einen neuen Haarschnitt bekommen.;entailment;34;neutral;a;twice
exp1_34_na_n_d_cannot_say;Vor vier Monaten hat Sabine Timo einen neuen Haarschnitt verpasst.;Vor einer Woche hat Sabine wieder einen neuen Haarschnitt bekommen, weil sie an einem Frisurenwettbewerb teilgenommen hat.;Es lässt sich nicht sagen, wie oft Sabine einen neuen Haarschnitt bekommen hat.;neutral;34;neutral;a;cannot say
exp1_34_nb_p_f_once;Vor vier Monaten hat Sabine Timo einen neuen Haarschnitt verpasst.;Vor einer Woche hat Timo wieder einen neuen Haarschnitt kreiert, weil er an einem Frisurenwettbewerb teilgenommen hat.;Timo hat einmal einen neuen Haarschnitt kreiert.;entailment;34;positive;b;once
exp1_34_nb_p_f_twice;Vor vier Monaten hat Sabine Timo einen neuen Haarschnitt verpasst.;Vor einer Woche hat Timo wieder einen neuen Haarschnitt kreiert, weil er an einem Frisurenwettbewerb teilgenommen hat.;Timo hat mindestens zweimal einen neuen Haarschnitt kreiert.;neutral;34;positive;b;twice
exp1_34_nb_p_f_cannot_say;Vor vier Monaten hat Sabine Timo einen neuen Haarschnitt verpasst.;Vor einer Woche hat Timo wieder einen neuen Haarschnitt kreiert, weil er an einem Frisurenwettbewerb teilgenommen hat.;Es lässt sich nicht sagen, wie oft Timo einen neuen Haarschnitt kreiert hat.;neutral;34;positive;b;cannot say
exp1_34_nb_n_d_once;Vor vier Monaten hat Sabine Timo einen neuen Haarschnitt verpasst.;Vor einer Woche hat Sabine wieder einen neuen Haarschnitt kreiert, weil sie an einem Frisurenwettbewerb teilgenommen hat.;Sabine hat einmal einen neuen Haarschnitt kreiert.;neutral;34;neutral;b;once
exp1_34_nb_n_d_twice;Vor vier Monaten hat Sabine Timo einen neuen Haarschnitt verpasst.;Vor einer Woche hat Sabine wieder einen neuen Haarschnitt kreiert, weil sie an einem Frisurenwettbewerb teilgenommen hat.;Sabine hat mindestens zweimal einen neuen Haarschnitt kreiert.;entailment;34;neutral;b;twice
exp1_34_nb_n_d_cannot_say;Vor vier Monaten hat Sabine Timo einen neuen Haarschnitt verpasst.;Vor einer Woche hat Sabine wieder einen neuen Haarschnitt kreiert, weil sie an einem Frisurenwettbewerb teilgenommen hat.;Es lässt sich nicht sagen, wie oft Sabine einen neuen Haarschnitt kreiert hat.;neutral;34;neutral;b;cannot say
exp1_35_pa_p_f_once;Vorletzte Woche hat Timo Tina funf Euro geborgt.;Vor zwei Tagen hat Tina wieder eine kleine Geldsumme ausgeliehen, als sie in einer Kneipe verabredet war.;Tina hat einmal eine kleine Geldsumme ausgeliehen.;neutral;35;positive;a;once
exp1_35_pa_p_f_twice;Vorletzte Woche hat Timo Tina funf Euro geborgt.;Vor zwei Tagen hat Tina wieder eine kleine Geldsumme ausgeliehen, als sie in einer Kneipe verabredet war.;Tina hat mindestens zweimal eine kleine Geldsumme ausgeliehen.;entailment;35;positive;a;twice
exp1_35_pa_p_f_cannot_say;Vorletzte Woche hat Timo Tina funf Euro geborgt.;Vor zwei Tagen hat Tina wieder eine kleine Geldsumme ausgeliehen, als sie in einer Kneipe verabredet war.;Es lässt sich nicht sagen, wie oft Tina eine kleine Geldsumme ausgeliehen hat.;neutral;35;positive;a;cannot say
exp1_35_pa_n_d_once;Vorletzte Woche hat Timo Tina funf Euro geborgt.;Vor zwei Tagen hat Timo wieder eine kleine Geldsumme ausgeliehen, als er in einer Kneipe verabredet war.;Timo hat einmal eine kleine Geldsumme ausgeliehen.;entailment;35;neutral;a;once
exp1_35_pa_n_d_twice;Vorletzte Woche hat Timo Tina funf Euro geborgt.;Vor zwei Tagen hat Timo wieder eine kleine Geldsumme ausgeliehen, als er in einer Kneipe verabredet war.;Timo hat mindestens zweimal eine kleine Geldsumme ausgeliehen.;neutral;35;neutral;a;twice
exp1_35_pa_n_d_cannot_say;Vorletzte Woche hat Timo Tina funf Euro geborgt.;Vor zwei Tagen hat Timo wieder eine kleine Geldsumme ausgeliehen, als er in einer Kneipe verabredet war.;Es lässt sich nicht sagen, wie oft Timo eine kleine Geldsumme ausgeliehen hat.;neutral;35;neutral;a;cannot say
exp1_35_pb_p_f_once;Vorletzte Woche hat Timo Tina funf Euro geborgt.;Vor zwei Tagen hat Tina wieder eine kleine Geldsumme verliehen, als sie in einer Kneipe verabredet war.;Tina hat einmal eine kleine Geldsumme verliehen.;neutral;35;positive;b;once
exp1_35_pb_p_f_twice;Vorletzte Woche hat Timo Tina funf Euro geborgt.;Vor zwei Tagen hat Tina wieder eine kleine Geldsumme verliehen, als sie in einer Kneipe verabredet war.;Tina hat mindestens zweimal eine kleine Geldsumme verliehen.;entailment;35;positive;b;twice
exp1_35_pb_p_f_cannot_say;Vorletzte Woche hat Timo Tina funf Euro geborgt.;Vor zwei Tagen hat Tina wieder eine kleine Geldsumme verliehen, als sie in einer Kneipe verabredet war.;Es lässt sich nicht sagen, wie oft Tina eine kleine Geldsumme verliehen hat.;neutral;35;positive;b;cannot say
exp1_35_pb_n_d_once;Vorletzte Woche hat Timo Tina funf Euro geborgt.;Vor zwei Tagen hat Timo wieder eine kleine Geldsumme verliehen, als er in einer Kneipe verabredet war.;Timo hat einmal eine kleine Geldsumme verliehen.;entailment;35;neutral;b;once
exp1_35_pb_n_d_twice;Vorletzte Woche hat Timo Tina funf Euro geborgt.;Vor zwei Tagen hat Timo wieder eine kleine Geldsumme verliehen, als er in einer Kneipe verabredet war.;Timo hat mindestens zweimal eine kleine Geldsumme verliehen.;neutral;35;neutral;b;twice
exp1_35_pb_n_d_cannot_say;Vorletzte Woche hat Timo Tina funf Euro geborgt.;Vor zwei Tagen hat Timo wieder eine kleine Geldsumme verliehen, als er in einer Kneipe verabredet war.;Es lässt sich nicht sagen, wie oft Timo eine kleine Geldsumme verliehen hat.;neutral;35;neutral;b;cannot say
exp1_35_na_p_f_once;Vorletzte Woche hat Tina Timo funf Euro geborgt.;Vor zwei Tagen hat Timo wieder eine kleine Geldsumme ausgeliehen, als er in einer Kneipe verabredet war.;Timo hat einmal eine kleine Geldsumme ausgeliehen.;entailment;35;positive;a;once
exp1_35_na_p_f_twice;Vorletzte Woche hat Tina Timo funf Euro geborgt.;Vor zwei Tagen hat Timo wieder eine kleine Geldsumme ausgeliehen, als er in einer Kneipe verabredet war.;Timo hat mindestens zweimal eine kleine Geldsumme ausgeliehen.;neutral;35;positive;a;twice
exp1_35_na_p_f_cannot_say;Vorletzte Woche hat Tina Timo funf Euro geborgt.;Vor zwei Tagen hat Timo wieder eine kleine Geldsumme ausgeliehen, als er in einer Kneipe verabredet war.;Es lässt sich nicht sagen, wie oft Timo eine kleine Geldsumme ausgeliehen hat.;neutral;35;positive;a;cannot say
exp1_35_na_n_d_once;Vorletzte Woche hat Tina Timo funf Euro geborgt.;Vor zwei Tagen hat Tina wieder eine kleine Geldsumme ausgeliehen, als sie in einer Kneipe verabredet war.;Tina hat einmal eine kleine Geldsumme ausgeliehen.;neutral;35;neutral;a;once
exp1_35_na_n_d_twice;Vorletzte Woche hat Tina Timo funf Euro geborgt.;Vor zwei Tagen hat Tina wieder eine kleine Geldsumme ausgeliehen, als sie in einer Kneipe verabredet war.;Tina hat mindestens zweimal eine kleine Geldsumme ausgeliehen.;entailment;35;neutral;a;twice
exp1_35_na_n_d_cannot_say;Vorletzte Woche hat Tina Timo funf Euro geborgt.;Vor zwei Tagen hat Tina wieder eine kleine Geldsumme ausgeliehen, als sie in einer Kneipe verabredet war.;Es lässt sich nicht sagen, wie oft Tina eine kleine Geldsumme ausgeliehen hat.;neutral;35;neutral;a;cannot say
exp1_35_nb_p_f_once;Vorletzte Woche hat Tina Timo funf Euro geborgt.;Vor zwei Tagen hat Timo wieder eine kleine Geldsumme verliehen, als er in einer Kneipe verabredet war.;Timo hat einmal eine kleine Geldsumme verliehen.;entailment;35;positive;b;once
exp1_35_nb_p_f_twice;Vorletzte Woche hat Tina Timo funf Euro geborgt.;Vor zwei Tagen hat Timo wieder eine kleine Geldsumme verliehen, als er in einer Kneipe verabredet war.;Timo hat mindestens zweimal eine kleine Geldsumme verliehen.;neutral;35;positive;b;twice
exp1_35_nb_p_f_cannot_say;Vorletzte Woche hat Tina Timo funf Euro geborgt.;Vor zwei Tagen hat Timo wieder eine kleine Geldsumme verliehen, als er in einer Kneipe verabredet war.;Es lässt sich nicht sagen, wie oft Timo eine kleine Geldsumme verliehen hat.;neutral;35;positive;b;cannot say
exp1_35_nb_n_d_once;Vorletzte Woche hat Tina Timo funf Euro geborgt.;Vor zwei Tagen hat Tina wieder eine kleine Geldsumme verliehen, als sie in einer Kneipe verabredet war.;Tina hat einmal eine kleine Geldsumme verliehen.;neutral;35;neutral;b;once
exp1_35_nb_n_d_twice;Vorletzte Woche hat Tina Timo funf Euro geborgt.;Vor zwei Tagen hat Tina wieder eine kleine Geldsumme verliehen, als sie in einer Kneipe verabredet war.;Tina hat mindestens zweimal eine kleine Geldsumme verliehen.;entailment;35;neutral;b;twice
exp1_35_nb_n_d_cannot_say;Vorletzte Woche hat Tina Timo funf Euro geborgt.;Vor zwei Tagen hat Tina wieder eine kleine Geldsumme verliehen, als sie in einer Kneipe verabredet war.;Es lässt sich nicht sagen, wie oft Tina eine kleine Geldsumme verliehen hat.;neutral;35;neutral;b;cannot say
exp1_36_pa_p_f_once;Vor einem Monat hat Karl Thorsten eine dringende Erinnerung per Mail zukommen lassen.;Vor zwei Wochen hat Thorsten wieder eine dringende Erinnerung erhalten, wahrend er an einem Projekt gearbeitet hat.;Thorsten hat einmal eine dringende Erinnerung erhalten.;neutral;36;positive;a;once
exp1_36_pa_p_f_twice;Vor einem Monat hat Karl Thorsten eine dringende Erinnerung per Mail zukommen lassen.;Vor zwei Wochen hat Thorsten wieder eine dringende Erinnerung erhalten, wahrend er an einem Projekt gearbeitet hat.;Thorsten hat mindestens zweimal eine dringende Erinnerung erhalten.;entailment;36;positive;a;twice
exp1_36_pa_p_f_cannot_say;Vor einem Monat hat Karl Thorsten eine dringende Erinnerung per Mail zukommen lassen.;Vor zwei Wochen hat Thorsten wieder eine dringende Erinnerung erhalten, wahrend er an einem Projekt gearbeitet hat.;Es lässt sich nicht sagen, wie oft Thorsten eine dringende Erinnerung erhalten hat.;neutral;36;positive;a;cannot say
exp1_36_pa_n_d_once;Vor einem Monat hat Karl Thorsten eine dringende Erinnerung per Mail zukommen lassen.;Vor zwei Wochen hat Karl wieder eine dringende Erinnerung erhalten, wahrend er an einem Projekt gearbeitet hat.;Karl hat einmal eine dringende Erinnerung erhalten.;entailment;36;neutral;a;once
exp1_36_pa_n_d_twice;Vor einem Monat hat Karl Thorsten eine dringende Erinnerung per Mail zukommen lassen.;Vor zwei Wochen hat Karl wieder eine dringende Erinnerung erhalten, wahrend er an einem Projekt gearbeitet hat.;Karl hat mindestens zweimal eine dringende Erinnerung erhalten.;neutral;36;neutral;a;twice
exp1_36_pa_n_d_cannot_say;Vor einem Monat hat Karl Thorsten eine dringende Erinnerung per Mail zukommen lassen.;Vor zwei Wochen hat Karl wieder eine dringende Erinnerung erhalten, wahrend er an einem Projekt gearbeitet hat.;Es lässt sich nicht sagen, wie oft Karl eine dringende Erinnerung erhalten hat.;neutral;36;neutral;a;cannot say
exp1_36_pb_p_f_once;Vor einem Monat hat Karl Thorsten eine dringende Erinnerung per Mail zukommen lassen.;Vor zwei Wochen hat Thorsten wieder eine dringende Erinnerung verschickt, wahrend er an einem Projekt gearbeitet hat.;Thorsten hat einmal eine dringende Erinnerung verschickt.;neutral;36;positive;b;once
exp1_36_pb_p_f_twice;Vor einem Monat hat Karl Thorsten eine dringende Erinnerung per Mail zukommen lassen.;Vor zwei Wochen hat Thorsten wieder eine dringende Erinnerung verschickt, wahrend er an einem Projekt gearbeitet hat.;Thorsten hat mindestens zweimal eine dringende Erinnerung verschickt.;entailment;36;positive;b;twice
exp1_36_pb_p_f_cannot_say;Vor einem Monat hat Karl Thorsten eine dringende Erinnerung per Mail zukommen lassen.;Vor zwei Wochen hat Thorsten wieder eine dringende Erinnerung verschickt, wahrend er an einem Projekt gearbeitet hat.;Es lässt sich nicht sagen, wie oft Thorsten eine dringende Erinnerung verschickt hat.;neutral;36;positive;b;cannot say
exp1_36_pb_n_d_once;Vor einem Monat hat Karl Thorsten eine dringende Erinnerung per Mail zukommen lassen.;Vor zwei Wochen hat Karl wieder eine dringende Erinnerung verschickt, wahrend er an einem Projekt gearbeitet hat.;Karl hat einmal eine dringende Erinnerung verschickt.;entailment;36;neutral;b;once
exp1_36_pb_n_d_twice;Vor einem Monat hat Karl Thorsten eine dringende Erinnerung per Mail zukommen lassen.;Vor zwei Wochen hat Karl wieder eine dringende Erinnerung verschickt, wahrend er an einem Projekt gearbeitet hat.;Karl hat mindestens zweimal eine dringende Erinnerung verschickt.;neutral;36;neutral;b;twice
exp1_36_pb_n_d_cannot_say;Vor einem Monat hat Karl Thorsten eine dringende Erinnerung per Mail zukommen lassen.;Vor zwei Wochen hat Karl wieder eine dringende Erinnerung verschickt, wahrend er an einem Projekt gearbeitet hat.;Es lässt sich nicht sagen, wie oft Karl eine dringende Erinnerung verschickt hat.;neutral;36;neutral;b;cannot say
exp1_36_na_p_f_once;Vor einem Monat hat Thorsten Karl eine dringende Erinnerung per Mail zukommen lassen.;Vor zwei Wochen hat Karl wieder eine dringende Erinnerung erhalten, wahrend er an einem Projekt gearbeitet hat.;Karl hat einmal eine dringende Erinnerung erhalten.;entailment;36;positive;a;once
exp1_36_na_p_f_twice;Vor einem Monat hat Thorsten Karl eine dringende Erinnerung per Mail zukommen lassen.;Vor zwei Wochen hat Karl wieder eine dringende Erinnerung erhalten, wahrend er an einem Projekt gearbeitet hat.;Karl hat mindestens zweimal eine dringende Erinnerung erhalten.;neutral;36;positive;a;twice
exp1_36_na_p_f_cannot_say;Vor einem Monat hat Thorsten Karl eine dringende Erinnerung per Mail zukommen lassen.;Vor zwei Wochen hat Karl wieder eine dringende Erinnerung erhalten, wahrend er an einem Projekt gearbeitet hat.;Es lässt sich nicht sagen, wie oft Karl eine dringende Erinnerung erhalten hat.;neutral;36;positive;a;cannot say
exp1_36_na_n_d_once;Vor einem Monat hat Thorsten Karl eine dringende Erinnerung per Mail zukommen lassen.;Vor zwei Wochen hat Thorsten wieder eine dringende Erinnerung erhalten, wahrend er an einem Projekt gearbeitet hat.;Thorsten hat einmal eine dringende Erinnerung erhalten.;neutral;36;neutral;a;once
exp1_36_na_n_d_twice;Vor einem Monat hat Thorsten Karl eine dringende Erinnerung per Mail zukommen lassen.;Vor zwei Wochen hat Thorsten wieder eine dringende Erinnerung erhalten, wahrend er an einem Projekt gearbeitet hat.;Thorsten hat mindestens zweimal eine dringende Erinnerung erhalten.;entailment;36;neutral;a;twice
exp1_36_na_n_d_cannot_say;Vor einem Monat hat Thorsten Karl eine dringende Erinnerung per Mail zukommen lassen.;Vor zwei Wochen hat Thorsten wieder eine dringende Erinnerung erhalten, wahrend er an einem Projekt gearbeitet hat.;Es lässt sich nicht sagen, wie oft Thorsten eine dringende Erinnerung erhalten hat.;neutral;36;neutral;a;cannot say
exp1_36_nb_p_f_once;Vor einem Monat hat Thorsten Karl eine dringende Erinnerung per Mail zukommen lassen.;Vor zwei Wochen hat Karl wieder eine dringende Erinnerung verschickt, wahrend er an einem Projekt gearbeitet hat.;Karl hat einmal eine dringende Erinnerung verschickt.;entailment;36;positive;b;once
exp1_36_nb_p_f_twice;Vor einem Monat hat Thorsten Karl eine dringende Erinnerung per Mail zukommen lassen.;Vor zwei Wochen hat Karl wieder eine dringende Erinnerung verschickt, wahrend er an einem Projekt gearbeitet hat.;Karl hat mindestens zweimal eine dringende Erinnerung verschickt.;neutral;36;positive;b;twice
exp1_36_nb_p_f_cannot_say;Vor einem Monat hat Thorsten Karl eine dringende Erinnerung per Mail zukommen lassen.;Vor zwei Wochen hat Karl wieder eine dringende Erinnerung verschickt, wahrend er an einem Projekt gearbeitet hat.;Es lässt sich nicht sagen, wie oft Karl eine dringende Erinnerung verschickt hat.;neutral;36;positive;b;cannot say
exp1_36_nb_n_d_once;Vor einem Monat hat Thorsten Karl eine dringende Erinnerung per Mail zukommen lassen.;Vor zwei Wochen hat Thorsten wieder eine dringende Erinnerung verschickt, wahrend er an einem Projekt gearbeitet hat.;Thorsten hat einmal eine dringende Erinnerung verschickt.;neutral;36;neutral;b;once
exp1_36_nb_n_d_twice;Vor einem Monat hat Thorsten Karl eine dringende Erinnerung per Mail zukommen lassen.;Vor zwei Wochen hat Thorsten wieder eine dringende Erinnerung verschickt, wahrend er an einem Projekt gearbeitet hat.;Thorsten hat mindestens zweimal eine dringende Erinnerung verschickt.;entailment;36;neutral;b;twice
exp1_36_nb_n_d_cannot_say;Vor einem Monat hat Thorsten Karl eine dringende Erinnerung per Mail zukommen lassen.;Vor zwei Wochen hat Thorsten wieder eine dringende Erinnerung verschickt, wahrend er an einem Projekt gearbeitet hat.;Es lässt sich nicht sagen, wie oft Thorsten eine dringende Erinnerung verschickt hat.;neutral;36;neutral;b;cannot say
exp1_37_pa_p_f_once;Vor vier Jahren hat Karl Judith ein maßgefertigtes Bett gebaut.;Vor funf Wochen hat Judith wieder ein maßgefertigtes Bett bekommen, weil sie mit einem Freund zusammen zieht.;Judith hat einmal ein maßgefertigtes Bett bekommen.;neutral;37;positive;a;once
exp1_37_pa_p_f_twice;Vor vier Jahren hat Karl Judith ein maßgefertigtes Bett gebaut.;Vor funf Wochen hat Judith wieder ein maßgefertigtes Bett bekommen, weil sie mit einem Freund zusammen zieht.;Judith hat mindestens zweimal ein maßgefertigtes Bett bekommen.;entailment;37;positive;a;twice
exp1_37_pa_p_f_cannot_say;Vor vier Jahren hat Karl Judith ein maßgefertigtes Bett gebaut.;Vor funf Wochen hat Judith wieder ein maßgefertigtes Bett bekommen, weil sie mit einem Freund zusammen zieht.;Es lässt sich nicht sagen, wie oft Judith ein maßgefertigtes Bett bekommen hat.;neutral;37;positive;a;cannot say
exp1_37_pa_n_d_once;Vor vier Jahren hat Karl Judith ein maßgefertigtes Bett gebaut.;Vor funf Wochen hat Karl wieder ein maßgefertigtes Bett bekommen, weil er mit einem Freund zusammen zieht.;Karl hat einmal ein maßgefertigtes Bett bekommen.;entailment;37;neutral;a;once
exp1_37_pa_n_d_twice;Vor vier Jahren hat Karl Judith ein maßgefertigtes Bett gebaut.;Vor funf Wochen hat Karl wieder ein maßgefertigtes Bett bekommen, weil er mit einem Freund zusammen zieht.;Karl hat mindestens zweimal ein maßgefertigtes Bett bekommen.;neutral;37;neutral;a;twice
exp1_37_pa_n_d_cannot_say;Vor vier Jahren hat Karl Judith ein maßgefertigtes Bett gebaut.;Vor funf Wochen hat Karl wieder ein maßgefertigtes Bett bekommen, weil er mit einem Freund zusammen zieht.;Es lässt sich nicht sagen, wie oft Karl ein maßgefertigtes Bett bekommen hat.;neutral;37;neutral;a;cannot say
exp1_37_pb_p_f_once;Vor vier Jahren hat Karl Judith ein maßgefertigtes Bett gebaut.;Vor funf Wochen hat Judith wieder ein maßgefertigtes Bett konstruiert, weil sie mit einem Freund zusammen zieht.;Judith hat einmal ein maßgefertigtes Bett konstruiert.;neutral;37;positive;b;once
exp1_37_pb_p_f_twice;Vor vier Jahren hat Karl Judith ein maßgefertigtes Bett gebaut.;Vor funf Wochen hat Judith wieder ein maßgefertigtes Bett konstruiert, weil sie mit einem Freund zusammen zieht.;Judith hat mindestens zweimal ein maßgefertigtes Bett konstruiert.;entailment;37;positive;b;twice
exp1_37_pb_p_f_cannot_say;Vor vier Jahren hat Karl Judith ein maßgefertigtes Bett gebaut.;Vor funf Wochen hat Judith wieder ein maßgefertigtes Bett konstruiert, weil sie mit einem Freund zusammen zieht.;Es lässt sich nicht sagen, wie oft Judith ein maßgefertigtes Bett konstruiert hat.;neutral;37;positive;b;cannot say
exp1_37_pb_n_d_once;Vor vier Jahren hat Karl Judith ein maßgefertigtes Bett gebaut.;Vor funf Wochen hat Karl wieder ein maßgefertigtes Bett konstruiert, weil er mit einem Freund zusammen zieht.;Karl hat einmal ein maßgefertigtes Bett konstruiert.;entailment;37;neutral;b;once
exp1_37_pb_n_d_twice;Vor vier Jahren hat Karl Judith ein maßgefertigtes Bett gebaut.;Vor funf Wochen hat Karl wieder ein maßgefertigtes Bett konstruiert, weil er mit einem Freund zusammen zieht.;Karl hat mindestens zweimal ein maßgefertigtes Bett konstruiert.;neutral;37;neutral;b;twice
exp1_37_pb_n_d_cannot_say;Vor vier Jahren hat Karl Judith ein maßgefertigtes Bett gebaut.;Vor funf Wochen hat Karl wieder ein maßgefertigtes Bett konstruiert, weil er mit einem Freund zusammen zieht.;Es lässt sich nicht sagen, wie oft Karl ein maßgefertigtes Bett konstruiert hat.;neutral;37;neutral;b;cannot say
exp1_37_na_p_f_once;Vor vier Jahren hat Judith Karl ein maßgefertigtes Bett gebaut.;Vor funf Wochen hat Karl wieder ein maßgefertigtes Bett bekommen, weil er mit einem Freund zusammen zieht.;Karl hat einmal ein maßgefertigtes Bett bekommen.;entailment;37;positive;a;once
exp1_37_na_p_f_twice;Vor vier Jahren hat Judith Karl ein maßgefertigtes Bett gebaut.;Vor funf Wochen hat Karl wieder ein maßgefertigtes Bett bekommen, weil er mit einem Freund zusammen zieht.;Karl hat mindestens zweimal ein maßgefertigtes Bett bekommen.;neutral;37;positive;a;twice
exp1_37_na_p_f_cannot_say;Vor vier Jahren hat Judith Karl ein maßgefertigtes Bett gebaut.;Vor funf Wochen hat Karl wieder ein maßgefertigtes Bett bekommen, weil er mit einem Freund zusammen zieht.;Es lässt sich nicht sagen, wie oft Karl ein maßgefertigtes Bett bekommen hat.;neutral;37;positive;a;cannot say
exp1_37_na_n_d_once;Vor vier Jahren hat Judith Karl ein maßgefertigtes Bett gebaut.;Vor funf Wochen hat Judith wieder ein maßgefertigtes Bett bekommen, weil sie mit einem Freund zusammen zieht.;Judith hat einmal ein maßgefertigtes Bett bekommen.;neutral;37;neutral;a;once
exp1_37_na_n_d_twice;Vor vier Jahren hat Judith Karl ein maßgefertigtes Bett gebaut.;Vor funf Wochen hat Judith wieder ein maßgefertigtes Bett bekommen, weil sie mit einem Freund zusammen zieht.;Judith hat mindestens zweimal ein maßgefertigtes Bett bekommen.;entailment;37;neutral;a;twice
exp1_37_na_n_d_cannot_say;Vor vier Jahren hat Judith Karl ein maßgefertigtes Bett gebaut.;Vor funf Wochen hat Judith wieder ein maßgefertigtes Bett bekommen, weil sie mit einem Freund zusammen zieht.;Es lässt sich nicht sagen, wie oft Judith ein maßgefertigtes Bett bekommen hat.;neutral;37;neutral;a;cannot say
exp1_37_nb_p_f_once;Vor vier Jahren hat Judith Karl ein maßgefertigtes Bett gebaut.;Vor funf Wochen hat Karl wieder ein maßgefertigtes Bett konstruiert, weil er mit einem Freund zusammen zieht.;Karl hat einmal ein maßgefertigtes Bett konstruiert.;entailment;37;positive;b;once
exp1_37_nb_p_f_twice;Vor vier Jahren hat Judith Karl ein maßgefertigtes Bett gebaut.;Vor funf Wochen hat Karl wieder ein maßgefertigtes Bett konstruiert, weil er mit einem Freund zusammen zieht.;Karl hat mindestens zweimal ein maßgefertigtes Bett konstruiert.;neutral;37;positive;b;twice
exp1_37_nb_p_f_cannot_say;Vor vier Jahren hat Judith Karl ein maßgefertigtes Bett gebaut.;Vor funf Wochen hat Karl wieder ein maßgefertigtes Bett konstruiert, weil er mit einem Freund zusammen zieht.;Es lässt sich nicht sagen, wie oft Karl ein maßgefertigtes Bett konstruiert hat.;neutral;37;positive;b;cannot say
exp1_37_nb_n_d_once;Vor vier Jahren hat Judith Karl ein maßgefertigtes Bett gebaut.;Vor funf Wochen hat Judith wieder ein maßgefertigtes Bett konstruiert, weil sie mit einem Freund zusammen zieht.;Judith hat einmal ein maßgefertigtes Bett konstruiert.;neutral;37;neutral;b;once
exp1_37_nb_n_d_twice;Vor vier Jahren hat Judith Karl ein maßgefertigtes Bett gebaut.;Vor funf Wochen hat Judith wieder ein maßgefertigtes Bett konstruiert, weil sie mit einem Freund zusammen zieht.;Judith hat mindestens zweimal ein maßgefertigtes Bett konstruiert.;entailment;37;neutral;b;twice
exp1_37_nb_n_d_cannot_say;Vor vier Jahren hat Judith Karl ein maßgefertigtes Bett gebaut.;Vor funf Wochen hat Judith wieder ein maßgefertigtes Bett konstruiert, weil sie mit einem Freund zusammen zieht.;Es lässt sich nicht sagen, wie oft Judith ein maßgefertigtes Bett konstruiert hat.;neutral;37;neutral;b;cannot say
exp1_38_pa_p_f_once;Vor drei Monaten hat Karl fur Linda ein neues Instrument gekauft.;Vor zwei Wochen hat Linda wieder ein neues Instrument bekommen, weil sie in ein Orchester eingetreten ist.;Linda hat einmal ein neues Instrument bekommen.;neutral;38;positive;a;once
exp1_38_pa_p_f_twice;Vor drei Monaten hat Karl fur Linda ein neues Instrument gekauft.;Vor zwei Wochen hat Linda wieder ein neues Instrument bekommen, weil sie in ein Orchester eingetreten ist.;Linda hat mindestens zweimal ein neues Instrument bekommen.;entailment;38;positive;a;twice
exp1_38_pa_p_f_cannot_say;Vor drei Monaten hat Karl fur Linda ein neues Instrument gekauft.;Vor zwei Wochen hat Linda wieder ein neues Instrument bekommen, weil sie in ein Orchester eingetreten ist.;Es lässt sich nicht sagen, wie oft Linda ein neues Instrument bekommen hat.;neutral;38;positive;a;cannot say
exp1_38_pa_n_d_once;Vor drei Monaten hat Karl fur Linda ein neues Instrument gekauft.;Vor zwei Wochen hat Karl wieder ein neues Instrument bekommen, weil er in ein Orchester eingetreten ist.;Karl hat einmal ein neues Instrument bekommen.;entailment;38;neutral;a;once
exp1_38_pa_n_d_twice;Vor drei Monaten hat Karl fur Linda ein neues Instrument gekauft.;Vor zwei Wochen hat Karl wieder ein neues Instrument bekommen, weil er in ein Orchester eingetreten ist.;Karl hat mindestens zweimal ein neues Instrument bekommen.;neutral;38;neutral;a;twice
exp1_38_pa_n_d_cannot_say;Vor drei Monaten hat Karl fur Linda ein neues Instrument gekauft.;Vor zwei Wochen hat Karl wieder ein neues Instrument bekommen, weil er in ein Orchester eingetreten ist.;Es lässt sich nicht sagen, wie oft Karl ein neues Instrument bekommen hat.;neutral;38;neutral;a;cannot say
exp1_38_pb_p_f_once;Vor drei Monaten hat Karl fur Linda ein neues Instrument gekauft.;Vor zwei Wochen hat Linda wieder ein neues Instrument erstanden, weil sie in ein Orchester eingetreten ist.;Linda hat einmal ein neues Instrument erstanden.;neutral;38;positive;b;once
exp1_38_pb_p_f_twice;Vor drei Monaten hat Karl fur Linda ein neues Instrument gekauft.;Vor zwei Wochen hat Linda wieder ein neues Instrument erstanden, weil sie in ein Orchester eingetreten ist.;Linda hat mindestens zweimal ein neues Instrument erstanden.;entailment;38;positive;b;twice
exp1_38_pb_p_f_cannot_say;Vor drei Monaten hat Karl fur Linda ein neues Instrument gekauft.;Vor zwei Wochen hat Linda wieder ein neues Instrument erstanden, weil sie in ein Orchester eingetreten ist.;Es lässt sich nicht sagen, wie oft Linda ein neues Instrument erstanden hat.;neutral;38;positive;b;cannot say
exp1_38_pb_n_d_once;Vor drei Monaten hat Karl fur Linda ein neues Instrument gekauft.;Vor zwei Wochen hat Karl wieder ein neues Instrument erstanden, weil er in ein Orchester eingetreten ist.;Karl hat einmal ein neues Instrument erstanden.;entailment;38;neutral;b;once
exp1_38_pb_n_d_twice;Vor drei Monaten hat Karl fur Linda ein neues Instrument gekauft.;Vor zwei Wochen hat Karl wieder ein neues Instrument erstanden, weil er in ein Orchester eingetreten ist.;Karl hat mindestens zweimal ein neues Instrument erstanden.;neutral;38;neutral;b;twice
exp1_38_pb_n_d_cannot_say;Vor drei Monaten hat Karl fur Linda ein neues Instrument gekauft.;Vor zwei Wochen hat Karl wieder ein neues Instrument erstanden, weil er in ein Orchester eingetreten ist.;Es lässt sich nicht sagen, wie oft Karl ein neues Instrument erstanden hat.;neutral;38;neutral;b;cannot say
exp1_38_na_p_f_once;Vor drei Monaten hat Linda fur Karl ein neues Instrument gekauft.;Vor zwei Wochen hat Karl wieder ein neues Instrument bekommen, weil er in ein Orchester eingetreten ist.;Karl hat einmal ein neues Instrument bekommen.;entailment;38;positive;a;once
exp1_38_na_p_f_twice;Vor drei Monaten hat Linda fur Karl ein neues Instrument gekauft.;Vor zwei Wochen hat Karl wieder ein neues Instrument bekommen, weil er in ein Orchester eingetreten ist.;Karl hat mindestens zweimal ein neues Instrument bekommen.;neutral;38;positive;a;twice
exp1_38_na_p_f_cannot_say;Vor drei Monaten hat Linda fur Karl ein neues Instrument gekauft.;Vor zwei Wochen hat Karl wieder ein neues Instrument bekommen, weil er in ein Orchester eingetreten ist.;Es lässt sich nicht sagen, wie oft Karl ein neues Instrument bekommen hat.;neutral;38;positive;a;cannot say
exp1_38_na_n_d_once;Vor drei Monaten hat Linda fur Karl ein neues Instrument gekauft.;Vor zwei Wochen hat Linda wieder ein neues Instrument bekommen, weil sie in ein Orchester eingetreten ist.;Linda hat einmal ein neues Instrument bekommen.;neutral;38;neutral;a;once
exp1_38_na_n_d_twice;Vor drei Monaten hat Linda fur Karl ein neues Instrument gekauft.;Vor zwei Wochen hat Linda wieder ein neues Instrument bekommen, weil sie in ein Orchester eingetreten ist.;Linda hat mindestens zweimal ein neues Instrument bekommen.;entailment;38;neutral;a;twice
exp1_38_na_n_d_cannot_say;Vor drei Monaten hat Linda fur Karl ein neues Instrument gekauft.;Vor zwei Wochen hat Linda wieder ein neues Instrument bekommen, weil sie in ein Orchester eingetreten ist.;Es lässt sich nicht sagen, wie oft Linda ein neues Instrument bekommen hat.;neutral;38;neutral;a;cannot say
exp1_38_nb_p_f_once;Vor drei Monaten hat Linda fur Karl ein neues Instrument gekauft.;Vor zwei Wochen hat Karl wieder ein neues Instrument erstanden, weil er in ein Orchester eingetreten ist.;Karl hat einmal ein neues Instrument erstanden.;entailment;38;positive;b;once
exp1_38_nb_p_f_twice;Vor drei Monaten hat Linda fur Karl ein neues Instrument gekauft.;Vor zwei Wochen hat Karl wieder ein neues Instrument erstanden, weil er in ein Orchester eingetreten ist.;Karl hat mindestens zweimal ein neues Instrument erstanden.;neutral;38;positive;b;twice
exp1_38_nb_p_f_cannot_say;Vor drei Monaten hat Linda fur Karl ein neues Instrument gekauft.;Vor zwei Wochen hat Karl wieder ein neues Instrument erstanden, weil er in ein Orchester eingetreten ist.;Es lässt sich nicht sagen, wie oft Karl ein neues Instrument erstanden hat.;neutral;38;positive;b;cannot say
exp1_38_nb_n_d_once;Vor drei Monaten hat Linda fur Karl ein neues Instrument gekauft.;Vor zwei Wochen hat Linda wieder ein neues Instrument erstanden, weil sie in ein Orchester eingetreten ist.;Linda hat einmal ein neues Instrument erstanden.;neutral;38;neutral;b;once
exp1_38_nb_n_d_twice;Vor drei Monaten hat Linda fur Karl ein neues Instrument gekauft.;Vor zwei Wochen hat Linda wieder ein neues Instrument erstanden, weil sie in ein Orchester eingetreten ist.;Linda hat mindestens zweimal ein neues Instrument erstanden.;entailment;38;neutral;b;twice
exp1_38_nb_n_d_cannot_say;Vor drei Monaten hat Linda fur Karl ein neues Instrument gekauft.;Vor zwei Wochen hat Linda wieder ein neues Instrument erstanden, weil sie in ein Orchester eingetreten ist.;Es lässt sich nicht sagen, wie oft Linda ein neues Instrument erstanden hat.;neutral;38;neutral;b;cannot say
exp1_39_pa_p_f_once;Letztes Jahr hat Karl Timo einen kraftigen Fausthieb verpasst.;Vor vier Wochen hat Timo wieder einen kraftigen Fausthieb ausgeteilt, als er in eine Schlägerei verwickelt war.;Timo hat einmal einen kraftigen Fausthieb ausgeteilt.;neutral;39;positive;a;once
exp1_39_pa_p_f_twice;Letztes Jahr hat Karl Timo einen kraftigen Fausthieb verpasst.;Vor vier Wochen hat Timo wieder einen kraftigen Fausthieb ausgeteilt, als er in eine Schlägerei verwickelt war.;Timo hat mindestens zweimal einen kraftigen Fausthieb ausgeteilt.;entailment;39;positive;a;twice
exp1_39_pa_p_f_cannot_say;Letztes Jahr hat Karl Timo einen kraftigen Fausthieb verpasst.;Vor vier Wochen hat Timo wieder einen kraftigen Fausthieb ausgeteilt, als er in eine Schlägerei verwickelt war.;Es lässt sich nicht sagen, wie oft Timo einen kraftigen Fausthieb ausgeteilt hat.;neutral;39;positive;a;cannot say
exp1_39_pa_n_d_once;Letztes Jahr hat Karl Timo einen kraftigen Fausthieb verpasst.;Vor vier Wochen hat Karl wieder einen kraftigen Fausthieb ausgeteilt, als er in eine Schlägerei verwickelt war.;Karl hat einmal einen kraftigen Fausthieb ausgeteilt.;entailment;39;neutral;a;once
exp1_39_pa_n_d_twice;Letztes Jahr hat Karl Timo einen kraftigen Fausthieb verpasst.;Vor vier Wochen hat Karl wieder einen kraftigen Fausthieb ausgeteilt, als er in eine Schlägerei verwickelt war.;Karl hat mindestens zweimal einen kraftigen Fausthieb ausgeteilt.;neutral;39;neutral;a;twice
exp1_39_pa_n_d_cannot_say;Letztes Jahr hat Karl Timo einen kraftigen Fausthieb verpasst.;Vor vier Wochen hat Karl wieder einen kraftigen Fausthieb ausgeteilt, als er in eine Schlägerei verwickelt war.;Es lässt sich nicht sagen, wie oft Karl einen kraftigen Fausthieb ausgeteilt hat.;neutral;39;neutral;a;cannot say
exp1_39_pb_p_f_once;Letztes Jahr hat Karl Timo einen kraftigen Fausthieb verpasst.;Vor vier Wochen hat Timo wieder einen kraftigen Fausthieb abbekommen, als er in eine Schlägerei verwickelt war.;Timo hat einmal einen kraftigen Fausthieb abbekommen.;neutral;39;positive;b;once
exp1_39_pb_p_f_twice;Letztes Jahr hat Karl Timo einen kraftigen Fausthieb verpasst.;Vor vier Wochen hat Timo wieder einen kraftigen Fausthieb abbekommen, als er in eine Schlägerei verwickelt war.;Timo hat mindestens zweimal einen kraftigen Fausthieb abbekommen.;entailment;39;positive;b;twice
exp1_39_pb_p_f_cannot_say;Letztes Jahr hat Karl Timo einen kraftigen Fausthieb verpasst.;Vor vier Wochen hat Timo wieder einen kraftigen Fausthieb abbekommen, als er in eine Schlägerei verwickelt war.;Es lässt sich nicht sagen, wie oft Timo einen kraftigen Fausthieb abbekommen hat.;neutral;39;positive;b;cannot say
exp1_39_pb_n_d_once;Letztes Jahr hat Karl Timo einen kraftigen Fausthieb verpasst.;Vor vier Wochen hat Karl wieder einen kraftigen Fausthieb abbekommen, als er in eine Schlägerei verwickelt war.;Karl hat einmal einen kraftigen Fausthieb abbekommen.;entailment;39;neutral;b;once
exp1_39_pb_n_d_twice;Letztes Jahr hat Karl Timo einen kraftigen Fausthieb verpasst.;Vor vier Wochen hat Karl wieder einen kraftigen Fausthieb abbekommen, als er in eine Schlägerei verwickelt war.;Karl hat mindestens zweimal einen kraftigen Fausthieb abbekommen.;neutral;39;neutral;b;twice
exp1_39_pb_n_d_cannot_say;Letztes Jahr hat Karl Timo einen kraftigen Fausthieb verpasst.;Vor vier Wochen hat Karl wieder einen kraftigen Fausthieb abbekommen, als er in eine Schlägerei verwickelt war.;Es lässt sich nicht sagen, wie oft Karl einen kraftigen Fausthieb abbekommen hat.;neutral;39;neutral;b;cannot say
exp1_39_na_p_f_once;Letztes Jahr hat Timo Karl einen kraftigen Fausthieb verpasst.;Vor vier Wochen hat Karl wieder einen kraftigen Fausthieb ausgeteilt, als er in eine Schlägerei verwickelt war.;Karl hat einmal einen kraftigen Fausthieb ausgeteilt.;entailment;39;positive;a;once
exp1_39_na_p_f_twice;Letztes Jahr hat Timo Karl einen kraftigen Fausthieb verpasst.;Vor vier Wochen hat Karl wieder einen kraftigen Fausthieb ausgeteilt, als er in eine Schlägerei verwickelt war.;Karl hat mindestens zweimal einen kraftigen Fausthieb ausgeteilt.;neutral;39;positive;a;twice
exp1_39_na_p_f_cannot_say;Letztes Jahr hat Timo Karl einen kraftigen Fausthieb verpasst.;Vor vier Wochen hat Karl wieder einen kraftigen Fausthieb ausgeteilt, als er in eine Schlägerei verwickelt war.;Es lässt sich nicht sagen, wie oft Karl einen kraftigen Fausthieb ausgeteilt hat.;neutral;39;positive;a;cannot say
exp1_39_na_n_d_once;Letztes Jahr hat Timo Karl einen kraftigen Fausthieb verpasst.;Vor vier Wochen hat Timo wieder einen kraftigen Fausthieb ausgeteilt, als er in eine Schlägerei verwickelt war.;Timo hat einmal einen kraftigen Fausthieb ausgeteilt.;neutral;39;neutral;a;once
exp1_39_na_n_d_twice;Letztes Jahr hat Timo Karl einen kraftigen Fausthieb verpasst.;Vor vier Wochen hat Timo wieder einen kraftigen Fausthieb ausgeteilt, als er in eine Schlägerei verwickelt war.;Timo hat mindestens zweimal einen kraftigen Fausthieb ausgeteilt.;entailment;39;neutral;a;twice
exp1_39_na_n_d_cannot_say;Letztes Jahr hat Timo Karl einen kraftigen Fausthieb verpasst.;Vor vier Wochen hat Timo wieder einen kraftigen Fausthieb ausgeteilt, als er in eine Schlägerei verwickelt war.;Es lässt sich nicht sagen, wie oft Timo einen kraftigen Fausthieb ausgeteilt hat.;neutral;39;neutral;a;cannot say
exp1_39_nb_p_f_once;Letztes Jahr hat Timo Karl einen kraftigen Fausthieb verpasst.;Vor vier Wochen hat Karl wieder einen kraftigen Fausthieb abbekommen, als er in eine Schlägerei verwickelt war.;Karl hat einmal einen kraftigen Fausthieb abbekommen.;entailment;39;positive;b;once
exp1_39_nb_p_f_twice;Letztes Jahr hat Timo Karl einen kraftigen Fausthieb verpasst.;Vor vier Wochen hat Karl wieder einen kraftigen Fausthieb abbekommen, als er in eine Schlägerei verwickelt war.;Karl hat mindestens zweimal einen kraftigen Fausthieb abbekommen.;neutral;39;positive;b;twice
exp1_39_nb_p_f_cannot_say;Letztes Jahr hat Timo Karl einen kraftigen Fausthieb verpasst.;Vor vier Wochen hat Karl wieder einen kraftigen Fausthieb abbekommen, als er in eine Schlägerei verwickelt war.;Es lässt sich nicht sagen, wie oft Karl einen kraftigen Fausthieb abbekommen hat.;neutral;39;positive;b;cannot say
exp1_39_nb_n_d_once;Letztes Jahr hat Timo Karl einen kraftigen Fausthieb verpasst.;Vor vier Wochen hat Timo wieder einen kraftigen Fausthieb abbekommen, als er in eine Schlägerei verwickelt war.;Timo hat einmal einen kraftigen Fausthieb abbekommen.;neutral;39;neutral;b;once
exp1_39_nb_n_d_twice;Letztes Jahr hat Timo Karl einen kraftigen Fausthieb verpasst.;Vor vier Wochen hat Timo wieder einen kraftigen Fausthieb abbekommen, als er in eine Schlägerei verwickelt war.;Timo hat mindestens zweimal einen kraftigen Fausthieb abbekommen.;entailment;39;neutral;b;twice
exp1_39_nb_n_d_cannot_say;Letztes Jahr hat Timo Karl einen kraftigen Fausthieb verpasst.;Vor vier Wochen hat Timo wieder einen kraftigen Fausthieb abbekommen, als er in eine Schlägerei verwickelt war.;Es lässt sich nicht sagen, wie oft Timo einen kraftigen Fausthieb abbekommen hat.;neutral;39;neutral;b;cannot say
exp1_40_pa_p_f_once;Vor einem halben Jahr hat Karl Greta charmant zum Tanzen aufgefordert.;Vor zwei Wochen hat Greta wieder eine charmante Tanzaufforderung erhalten, als sie auf einer Party einsam war.;Greta hat einmal eine charmante Tanzaufforderung erhalten.;neutral;40;positive;a;once
exp1_40_pa_p_f_twice;Vor einem halben Jahr hat Karl Greta charmant zum Tanzen aufgefordert.;Vor zwei Wochen hat Greta wieder eine charmante Tanzaufforderung erhalten, als sie auf einer Party einsam war.;Greta hat mindestens zweimal eine charmante Tanzaufforderung erhalten.;entailment;40;positive;a;twice
exp1_40_pa_p_f_cannot_say;Vor einem halben Jahr hat Karl Greta charmant zum Tanzen aufgefordert.;Vor zwei Wochen hat Greta wieder eine charmante Tanzaufforderung erhalten, als sie auf einer Party einsam war.;Es lässt sich nicht sagen, wie oft Greta eine charmante Tanzaufforderung erhalten hat.;neutral;40;positive;a;cannot say
exp1_40_pa_n_d_once;Vor einem halben Jahr hat Karl Greta charmant zum Tanzen aufgefordert.;Vor zwei Wochen hat Karl wieder eine charmante Tanzaufforderung erhalten, als er auf einer Party einsam war.;Karl hat einmal eine charmante Tanzaufforderung erhalten.;entailment;40;neutral;a;once
exp1_40_pa_n_d_twice;Vor einem halben Jahr hat Karl Greta charmant zum Tanzen aufgefordert.;Vor zwei Wochen hat Karl wieder eine charmante Tanzaufforderung erhalten, als er auf einer Party einsam war.;Karl hat mindestens zweimal eine charmante Tanzaufforderung erhalten.;neutral;40;neutral;a;twice
exp1_40_pa_n_d_cannot_say;Vor einem halben Jahr hat Karl Greta charmant zum Tanzen aufgefordert.;Vor zwei Wochen hat Karl wieder eine charmante Tanzaufforderung erhalten, als er auf einer Party einsam war.;Es lässt sich nicht sagen, wie oft Karl eine charmante Tanzaufforderung erhalten hat.;neutral;40;neutral;a;cannot say
exp1_40_pb_p_f_once;Vor einem halben Jahr hat Karl Greta charmant zum Tanzen aufgefordert.;Vor zwei Wochen hat Greta wieder eine charmante Tanzaufforderung ausgesprochen, als sie auf einer Party einsam war.;Greta hat einmal eine charmante Tanzaufforderung ausgesprochen.;neutral;40;positive;b;once
exp1_40_pb_p_f_twice;Vor einem halben Jahr hat Karl Greta charmant zum Tanzen aufgefordert.;Vor zwei Wochen hat Greta wieder eine charmante Tanzaufforderung ausgesprochen, als sie auf einer Party einsam war.;Greta hat mindestens zweimal eine charmante Tanzaufforderung ausgesprochen.;entailment;40;positive;b;twice
exp1_40_pb_p_f_cannot_say;Vor einem halben Jahr hat Karl Greta charmant zum Tanzen aufgefordert.;Vor zwei Wochen hat Greta wieder eine charmante Tanzaufforderung ausgesprochen, als sie auf einer Party einsam war.;Es lässt sich nicht sagen, wie oft Greta eine charmante Tanzaufforderung ausgesprochen hat.;neutral;40;positive;b;cannot say
exp1_40_pb_n_d_once;Vor einem halben Jahr hat Karl Greta charmant zum Tanzen aufgefordert.;Vor zwei Wochen hat Karl wieder eine charmante Tanzaufforderung ausgesprochen, als er auf einer Party einsam war.;Karl hat einmal eine charmante Tanzaufforderung ausgesprochen.;entailment;40;neutral;b;once
exp1_40_pb_n_d_twice;Vor einem halben Jahr hat Karl Greta charmant zum Tanzen aufgefordert.;Vor zwei Wochen hat Karl wieder eine charmante Tanzaufforderung ausgesprochen, als er auf einer Party einsam war.;Karl hat mindestens zweimal eine charmante Tanzaufforderung ausgesprochen.;neutral;40;neutral;b;twice
exp1_40_pb_n_d_cannot_say;Vor einem halben Jahr hat Karl Greta charmant zum Tanzen aufgefordert.;Vor zwei Wochen hat Karl wieder eine charmante Tanzaufforderung ausgesprochen, als er auf einer Party einsam war.;Es lässt sich nicht sagen, wie oft Karl eine charmante Tanzaufforderung ausgesprochen hat.;neutral;40;neutral;b;cannot say
exp1_40_na_p_f_once;Vor einem halben Jahr hat Greta Karl charmant zum Tanzen aufgefordert.;Vor zwei Wochen hat Karl wieder eine charmante Tanzaufforderung erhalten, als er auf einer Party einsam war.;Karl hat einmal eine charmante Tanzaufforderung erhalten.;entailment;40;positive;a;once
exp1_40_na_p_f_twice;Vor einem halben Jahr hat Greta Karl charmant zum Tanzen aufgefordert.;Vor zwei Wochen hat Karl wieder eine charmante Tanzaufforderung erhalten, als er auf einer Party einsam war.;Karl hat mindestens zweimal eine charmante Tanzaufforderung erhalten.;neutral;40;positive;a;twice
exp1_40_na_p_f_cannot_say;Vor einem halben Jahr hat Greta Karl charmant zum Tanzen aufgefordert.;Vor zwei Wochen hat Karl wieder eine charmante Tanzaufforderung erhalten, als er auf einer Party einsam war.;Es lässt sich nicht sagen, wie oft Karl eine charmante Tanzaufforderung erhalten hat.;neutral;40;positive;a;cannot say
exp1_40_na_n_d_once;Vor einem halben Jahr hat Greta Karl charmant zum Tanzen aufgefordert.;Vor zwei Wochen hat Greta wieder eine charmante Tanzaufforderung erhalten, als sie auf einer Party einsam war.;Greta hat einmal eine charmante Tanzaufforderung erhalten.;neutral;40;neutral;a;once
exp1_40_na_n_d_twice;Vor einem halben Jahr hat Greta Karl charmant zum Tanzen aufgefordert.;Vor zwei Wochen hat Greta wieder eine charmante Tanzaufforderung erhalten, als sie auf einer Party einsam war.;Greta hat mindestens zweimal eine charmante Tanzaufforderung erhalten.;entailment;40;neutral;a;twice
exp1_40_na_n_d_cannot_say;Vor einem halben Jahr hat Greta Karl charmant zum Tanzen aufgefordert.;Vor zwei Wochen hat Greta wieder eine charmante Tanzaufforderung erhalten, als sie auf einer Party einsam war.;Es lässt sich nicht sagen, wie oft Greta eine charmante Tanzaufforderung erhalten hat.;neutral;40;neutral;a;cannot say
exp1_40_nb_p_f_once;Vor einem halben Jahr hat Greta Karl charmant zum Tanzen aufgefordert.;Vor zwei Wochen hat Karl wieder eine charmante Tanzaufforderung ausgesprochen, als er auf einer Party einsam war.;Karl hat einmal eine charmante Tanzaufforderung ausgesprochen.;entailment;40;positive;b;once
exp1_40_nb_p_f_twice;Vor einem halben Jahr hat Greta Karl charmant zum Tanzen aufgefordert.;Vor zwei Wochen hat Karl wieder eine charmante Tanzaufforderung ausgesprochen, als er auf einer Party einsam war.;Karl hat mindestens zweimal eine charmante Tanzaufforderung ausgesprochen.;neutral;40;positive;b;twice
exp1_40_nb_p_f_cannot_say;Vor einem halben Jahr hat Greta Karl charmant zum Tanzen aufgefordert.;Vor zwei Wochen hat Karl wieder eine charmante Tanzaufforderung ausgesprochen, als er auf einer Party einsam war.;Es lässt sich nicht sagen, wie oft Karl eine charmante Tanzaufforderung ausgesprochen hat.;neutral;40;positive;b;cannot say
exp1_40_nb_n_d_once;Vor einem halben Jahr hat Greta Karl charmant zum Tanzen aufgefordert.;Vor zwei Wochen hat Greta wieder eine charmante Tanzaufforderung ausgesprochen, als sie auf einer Party einsam war.;Greta hat einmal eine charmante Tanzaufforderung ausgesprochen.;neutral;40;neutral;b;once
exp1_40_nb_n_d_twice;Vor einem halben Jahr hat Greta Karl charmant zum Tanzen aufgefordert.;Vor zwei Wochen hat Greta wieder eine charmante Tanzaufforderung ausgesprochen, als sie auf einer Party einsam war.;Greta hat mindestens zweimal eine charmante Tanzaufforderung ausgesprochen.;entailment;40;neutral;b;twice
exp1_40_nb_n_d_cannot_say;Vor einem halben Jahr hat Greta Karl charmant zum Tanzen aufgefordert.;Vor zwei Wochen hat Greta wieder eine charmante Tanzaufforderung ausgesprochen, als sie auf einer Party einsam war.;Es lässt sich nicht sagen, wie oft Greta eine charmante Tanzaufforderung ausgesprochen hat.;neutral;40;neutral;b;cannot say
