id;premises;target_sentence;conclusion;gold_label;item_id;context;target;brace;condition;response_option;target_inferred;target_note;role_note;model_premise;model_conclusion;model;predicted_label;match;score_contradiction;score_neutral;score_entailment
1_ai_bi1_once_pos;Letzte Woche hat Linda Judith eine rosa Lampe für ein Zimmer gekauft.;Vor zwei Tagen hat Judith wieder eine rosa Lampe erhalten, als sie mit einer Freundin unterwegs war.;Judith hat einmal eine rosa Lampe erhalten.;unknown;1;ai;bi;1;positive;once;False;;;Letzte Woche hat Linda Judith eine rosa Lampe für ein Zimmer gekauft. Vor zwei Tagen hat Judith wieder eine rosa Lampe erhalten, als sie mit einer Freundin unterwegs war.;Judith hat einmal eine rosa Lampe erhalten.;FacebookAI/roberta-large-mnli;entailment;0;0.0835305005311966;0.19935259222984314;0.7171168923377991
1_ai_bi1_twice_pos;Letzte Woche hat Linda Judith eine rosa Lampe für ein Zimmer gekauft.;Vor zwei Tagen hat Judith wieder eine rosa Lampe erhalten, als sie mit einer Freundin unterwegs war.;Judith hat mindestens zweimal eine rosa Lampe erhalten.;entailment;1;ai;bi;1;positive;twice;False;;;Letzte Woche hat Linda Judith eine rosa Lampe für ein Zimmer gekauft. Vor zwei Tagen hat Judith wieder eine rosa Lampe erhalten, als sie mit einer Freundin unterwegs war.;Judith hat mindestens zweimal eine rosa Lampe erhalten.;FacebookAI/roberta-large-mnli;entailment;1;0.02289954200387001;0.07678273320198059;0.9003177285194397
1_ai_bi1_cannot_say_pos;Letzte Woche hat Linda Judith eine rosa Lampe für ein Zimmer gekauft.;Vor zwei Tagen hat Judith wieder eine rosa Lampe erhalten, als sie mit einer Freundin unterwegs war.;Es lässt sich nicht sagen, wie oft Judith eine rosa Lampe erhalten hat.;unknown;1;ai;bi;1;positive;cannot say;False;;;Letzte Woche hat Linda Judith eine rosa Lampe für ein Zimmer gekauft. Vor zwei Tagen hat Judith wieder eine rosa Lampe erhalten, als sie mit einer Freundin unterwegs war.;Es lässt sich nicht sagen, wie oft Judith eine rosa Lampe erhalten hat.;FacebookAI/roberta-large-mnli;neutral;1;0.09663049876689911;0.8510570526123047;0.05231250822544098
1_ai_bi2_once_neu;Letzte Woche hat Linda Judith eine rosa Lampe für ein Zimmer gekauft.;Vor zwei Tagen hat Linda wieder eine rosa Lampe erhalten, als sie mit einer Freundin unterwegs war.;Linda hat einmal eine rosa Lampe erhalten.;entailment;1;ai;bi;2;neutral;once;False;;;Letzte Woche hat Linda Judith eine rosa Lampe für ein Zimmer gekauft. Vor zwei Tagen hat Linda wieder eine rosa Lampe erhalten, als sie mit einer Freundin unterwegs war.;Linda hat einmal eine rosa Lampe erhalten.;FacebookAI/roberta-large-mnli;entailment;1;0.10000947117805481;0.261590838432312;0.6383996605873108
1_ai_bi2_twice_neu;Letzte Woche hat Linda Judith eine rosa Lampe für ein Zimmer gekauft.;Vor zwei Tagen hat Linda wieder eine rosa Lampe erhalten, als sie mit einer Freundin unterwegs war.;Linda hat mindestens zweimal eine rosa Lampe erhalten.;unknown;1;ai;bi;2;neutral;twice;False;;;Letzte Woche hat Linda Judith eine rosa Lampe für ein Zimmer gekauft. Vor zwei Tagen hat Linda wieder eine rosa Lampe erhalten, als sie mit einer Freundin unterwegs war.;Linda hat mindestens zweimal eine rosa Lampe erhalten.;FacebookAI/roberta-large-mnli;entailment;0;0.024846531450748444;0.0912809818983078;0.8838725686073303
1_ai_bi2_cannot_say_neu;Letzte Woche hat Linda Judith eine rosa Lampe für ein Zimmer gekauft.;Vor zwei Tagen hat Linda wieder eine rosa Lampe erhalten, als sie mit einer Freundin unterwegs war.;Es lässt sich nicht sagen, wie oft Linda eine rosa Lampe erhalten hat.;unknown;1;ai;bi;2;neutral;cannot say;False;;;Letzte Woche hat Linda Judith eine rosa Lampe für ein Zimmer gekauft. Vor zwei Tagen hat Linda wieder eine rosa Lampe erhalten, als sie mit einer Freundin unterwegs war.;Es lässt sich nicht sagen, wie oft Linda eine rosa Lampe erhalten hat.;FacebookAI/roberta-large-mnli;neutral;1;0.08493488281965256;0.8572009801864624;0.057864103466272354
1_ai_bii1_once_neu;Letzte Woche hat Linda Judith eine rosa Lampe für ein Zimmer gekauft.;Vor zwei Tagen hat Judith wieder eine rosa Lampe besorgt, als sie mit einer Freundin unterwegs war.;Judith hat einmal eine rosa Lampe besorgt.;entailment;1;ai;bii;1;neutral;once;False;;;Letzte Woche hat Linda Judith eine rosa Lampe für ein Zimmer gekauft. Vor zwei Tagen hat Judith wieder eine rosa Lampe besorgt, als sie mit einer Freundin unterwegs war.;Judith hat einmal eine rosa Lampe besorgt.;FacebookAI/roberta-large-mnli;entailment;1;0.05414409562945366;0.16125676035881042;0.7845991849899292
1_ai_bii1_twice_neu;Letzte Woche hat Linda Judith eine rosa Lampe für ein Zimmer gekauft.;Vor zwei Tagen hat Judith wieder eine rosa Lampe besorgt, als sie mit einer Freundin unterwegs war.;Judith hat mindestens zweimal eine rosa Lampe besorgt.;unknown;1;ai;bii;1;neutral;twice;False;;;Letzte Woche hat Linda Judith eine rosa Lampe für ein Zimmer gekauft. Vor zwei Tagen hat Judith wieder eine rosa Lampe besorgt, als sie mit einer Freundin unterwegs war.;Judith hat mindestens zweimal eine rosa Lampe besorgt.;FacebookAI/roberta-large-mnli;entailment;0;0.021300876513123512;0.06920712441205978;0.9094919562339783
1_ai_bii1_cannot_say_neu;Letzte Woche hat Linda Judith eine rosa Lampe für ein Zimmer gekauft.;Vor zwei Tagen hat Judith wieder eine rosa Lampe besorgt, als sie mit einer Freundin unterwegs war.;Es lässt sich nicht sagen, wie oft Judith eine rosa Lampe besorgt hat.;unknown;1;ai;bii;1;neutral;cannot say;False;;;Letzte Woche hat Linda Judith eine rosa Lampe für ein Zimmer gekauft. Vor zwei Tagen hat Judith wieder eine rosa Lampe besorgt, als sie mit einer Freundin unterwegs war.;Es lässt sich nicht sagen, wie oft Judith eine rosa Lampe besorgt hat.;FacebookAI/roberta-large-mnli;neutral;1;0.08245453983545303;0.8601047992706299;0.05744066834449768
1_ai_bii2_once_pos;Letzte Woche hat Linda Judith eine rosa Lampe für ein Zimmer gekauft.;Vor zwei Tagen hat Linda wieder eine rosa Lampe besorgt, als sie mit einer Freundin unterwegs war.;Linda hat einmal eine rosa Lampe besorgt.;unknown;1;ai;bii;2;positive;once;False;;;Letzte Woche hat Linda Judith eine rosa Lampe für ein Zimmer gekauft. Vor zwei Tagen hat Linda wieder eine rosa Lampe besorgt, als sie mit einer Freundin unterwegs war.;Linda hat einmal eine rosa Lampe besorgt.;FacebookAI/roberta-large-mnli;entailment;0;0.06714531779289246;0.21867740154266357;0.7141773104667664
1_ai_bii2_twice_pos;Letzte Woche hat Linda Judith eine rosa Lampe für ein Zimmer gekauft.;Vor zwei Tagen hat Linda wieder eine rosa Lampe besorgt, als sie mit einer Freundin unterwegs war.;Linda hat mindestens zweimal eine rosa Lampe besorgt.;entailment;1;ai;bii;2;positive;twice;False;;;Letzte Woche hat Linda Judith eine rosa Lampe für ein Zimmer gekauft. Vor zwei Tagen hat Linda wieder eine rosa Lampe besorgt, als sie mit einer Freundin unterwegs war.;Linda hat mindestens zweimal eine rosa Lampe besorgt.;FacebookAI/roberta-large-mnli;entailment;1;0.02447637729346752;0.08054976165294647;0.894973874092102
1_ai_bii2_cannot_say_pos;Letzte Woche hat Linda Judith eine rosa Lampe für ein Zimmer gekauft.;Vor zwei Tagen hat Linda wieder eine rosa Lampe besorgt, als sie mit einer Freundin unterwegs war.;Es lässt sich nicht sagen, wie oft Linda eine rosa Lampe besorgt hat.;unknown;1;ai;bii;2;positive;cannot say;False;;;Letzte Woche hat Linda Judith eine rosa Lampe für ein Zimmer gekauft. Vor zwei Tagen hat Linda wieder eine rosa Lampe besorgt, als sie mit einer Freundin unterwegs war.;Es lässt sich nicht sagen, wie oft Linda eine rosa Lampe besorgt hat.;FacebookAI/roberta-large-mnli;neutral;1;0.07351069897413254;0.8623894453048706;0.06409985572099686
1_aii_bi1_once_neu;Letzte Woche hat Judith Linda eine rosa Lampe für ein Zimmer gekauft.;Vor zwei Tagen hat Judith wieder eine rosa Lampe erhalten, als sie mit einer Freundin unterwegs war.;Judith hat einmal eine rosa Lampe erhalten.;entailment;1;aii;bi;1;neutral;once;False;;;Letzte Woche hat Judith Linda eine rosa Lampe für ein Zimmer gekauft. Vor zwei Tagen hat Judith wieder eine rosa Lampe erhalten, als sie mit einer Freundin unterwegs war.;Judith hat einmal eine rosa Lampe erhalten.;FacebookAI/roberta-large-mnli;entailment;1;0.09066414833068848;0.19968971610069275;0.7096461653709412
1_aii_bi1_twice_neu;Letzte Woche hat Judith Linda eine rosa Lampe für ein Zimmer gekauft.;Vor zwei Tagen hat Judith wieder eine rosa Lampe erhalten, als sie mit einer Freundin unterwegs war.;Judith hat mindestens zweimal eine rosa Lampe erhalten.;unknown;1;aii;bi;1;neutral;twice;False;;;Letzte Woche hat Judith Linda eine rosa Lampe für ein Zimmer gekauft. Vor zwei Tagen hat Judith wieder eine rosa Lampe erhalten, als sie mit einer Freundin unterwegs war.;Judith hat mindestens zweimal eine rosa Lampe erhalten.;FacebookAI/roberta-large-mnli;entailment;0;0.027074091136455536;0.09264024347066879;0.8802856206893921
1_aii_bi1_cannot_say_neu;Letzte Woche hat Judith Linda eine rosa Lampe für ein Zimmer gekauft.;Vor zwei Tagen hat Judith wieder eine rosa Lampe erhalten, als sie mit einer Freundin unterwegs war.;Es lässt sich nicht sagen, wie oft Judith eine rosa Lampe erhalten hat.;unknown;1;aii;bi;1;neutral;cannot say;False;;;Letzte Woche hat Judith Linda eine rosa Lampe für ein Zimmer gekauft. Vor zwei Tagen hat Judith wieder eine rosa Lampe erhalten, als sie mit einer Freundin unterwegs war.;Es lässt sich nicht sagen, wie oft Judith eine rosa Lampe erhalten hat.;FacebookAI/roberta-large-mnli;neutral;1;0.09204540401697159;0.8526250720024109;0.05532953888177872
1_aii_bi2_once_pos;Letzte Woche hat Judith Linda eine rosa Lampe für ein Zimmer gekauft.;Vor zwei Tagen hat Linda wieder eine rosa Lampe erhalten, als sie mit einer Freundin unterwegs war.;Linda hat einmal eine rosa Lampe erhalten.;unknown;1;aii;bi;2;positive;once;False;;;Letzte Woche hat Judith Linda eine rosa Lampe für ein Zimmer gekauft. Vor zwei Tagen hat Linda wieder eine rosa Lampe erhalten, als sie mit einer Freundin unterwegs war.;Linda hat einmal eine rosa Lampe erhalten.;FacebookAI/roberta-large-mnli;entailment;0;0.08312863111495972;0.21993526816368103;0.6969361305236816
1_aii_bi2_twice_pos;Letzte Woche hat Judith Linda eine rosa Lampe für ein Zimmer gekauft.;Vor zwei Tagen hat Linda wieder eine rosa Lampe erhalten, als sie mit einer Freundin unterwegs war.;Linda hat mindestens zweimal eine rosa Lampe erhalten.;entailment;1;aii;bi;2;positive;twice;False;;;Letzte Woche hat Judith Linda eine rosa Lampe für ein Zimmer gekauft. Vor zwei Tagen hat Linda wieder eine rosa Lampe erhalten, als sie mit einer Freundin unterwegs war.;Linda hat mindestens zweimal eine rosa Lampe erhalten.;FacebookAI/roberta-large-mnli;entailment;1;0.019753316417336464;0.0714883878827095;0.908758282661438
1_aii_bi2_cannot_say_pos;Letzte Woche hat Judith Linda eine rosa Lampe für ein Zimmer gekauft.;Vor zwei Tagen hat Linda wieder eine rosa Lampe erhalten, als sie mit einer Freundin unterwegs war.;Es lässt sich nicht sagen, wie oft Linda eine rosa Lampe erhalten hat.;unknown;1;aii;bi;2;positive;cannot say;False;;;Letzte Woche hat Judith Linda eine rosa Lampe für ein Zimmer gekauft. Vor zwei Tagen hat Linda wieder eine rosa Lampe erhalten, als sie mit einer Freundin unterwegs war.;Es lässt sich nicht sagen, wie oft Linda eine rosa Lampe erhalten hat.;FacebookAI/roberta-large-mnli;neutral;1;0.0917070284485817;0.8516473770141602;0.0566457137465477
1_aii_bii1_once_pos;Letzte Woche hat Judith Linda eine rosa Lampe für ein Zimmer gekauft.;Vor zwei Tagen hat Judith wieder eine rosa Lampe besorgt, als sie mit einer Freundin unterwegs war.;Judith hat einmal eine rosa Lampe besorgt.;unknown;1;aii;bii;1;positive;once;False;;;Letzte Woche hat Judith Linda eine rosa Lampe für ein Zimmer gekauft. Vor zwei Tagen hat Judith wieder eine rosa Lampe besorgt, als sie mit einer Freundin unterwegs war.;Judith hat einmal eine rosa Lampe besorgt.;FacebookAI/roberta-large-mnli;entailment;0;0.05857930704951286;0.15982064604759216;0.7816000580787659
1_aii_bii1_twice_pos;Letzte Woche hat Judith Linda eine rosa Lampe für ein Zimmer gekauft.;Vor zwei Tagen hat Judith wieder eine rosa Lampe besorgt, als sie mit einer Freundin unterwegs war.;Judith hat mindestens zweimal eine rosa Lampe besorgt.;entailment;1;aii;bii;1;positive;twice;False;;;Letzte Woche hat Judith Linda eine rosa Lampe für ein Zimmer gekauft. Vor zwei Tagen hat Judith wieder eine rosa Lampe besorgt, als sie mit einer Freundin unterwegs war.;Judith hat mindestens zweimal eine rosa Lampe besorgt.;FacebookAI/roberta-large-mnli;entailment;1;0.025928428396582603;0.08245740830898285;0.8916141390800476
1_aii_bii1_cannot_say_pos;Letzte Woche hat Judith Linda eine rosa Lampe für ein Zimmer gekauft.;Vor zwei Tagen hat Judith wieder eine rosa Lampe besorgt, als sie mit einer Freundin unterwegs war.;Es lässt sich nicht sagen, wie oft Judith eine rosa Lampe besorgt hat.;unknown;1;aii;bii;1;positive;cannot say;False;;;Letzte Woche hat Judith Linda eine rosa Lampe für ein Zimmer gekauft. Vor zwei Tagen hat Judith wieder eine rosa Lampe besorgt, als sie mit einer Freundin unterwegs war.;Es lässt sich nicht sagen, wie oft Judith eine rosa Lampe besorgt hat.;FacebookAI/roberta-large-mnli;neutral;1;0.07781597971916199;0.8609374761581421;0.061246540397405624
1_aii_bii2_once_neu;Letzte Woche hat Judith Linda eine rosa Lampe für ein Zimmer gekauft.;Vor zwei Tagen hat Linda wieder eine rosa Lampe besorgt, als sie mit einer Freundin unterwegs war.;Linda hat einmal eine rosa Lampe besorgt.;entailment;1;aii;bii;2;neutral;once;False;;;Letzte Woche hat Judith Linda eine rosa Lampe für ein Zimmer gekauft. Vor zwei Tagen hat Linda wieder eine rosa Lampe besorgt, als sie mit einer Freundin unterwegs war.;Linda hat einmal eine rosa Lampe besorgt.;FacebookAI/roberta-large-mnli;entailment;1;0.053951408714056015;0.17519491910934448;0.7708536982536316
1_aii_bii2_twice_neu;Letzte Woche hat Judith Linda eine rosa Lampe für ein Zimmer gekauft.;Vor zwei Tagen hat Linda wieder eine rosa Lampe besorgt, als sie mit einer Freundin unterwegs war.;Linda hat mindestens zweimal eine rosa Lampe besorgt.;unknown;1;aii;bii;2;neutral;twice;False;;;Letzte Woche hat Judith Linda eine rosa Lampe für ein Zimmer gekauft. Vor zwei Tagen hat Linda wieder eine rosa Lampe besorgt, als sie mit einer Freundin unterwegs war.;Linda hat mindestens zweimal eine rosa Lampe besorgt.;FacebookAI/roberta-large-mnli;entailment;0;0.018581509590148926;0.0640152096748352;0.9174032807350159
1_aii_bii2_cannot_say_neu;Letzte Woche hat Judith Linda eine rosa Lampe für ein Zimmer gekauft.;Vor zwei Tagen hat Linda wieder eine rosa Lampe besorgt, als sie mit einer Freundin unterwegs war.;Es lässt sich nicht sagen, wie oft Linda eine rosa Lampe besorgt hat.;unknown;1;aii;bii;2;neutral;cannot say;False;;;Letzte Woche hat Judith Linda eine rosa Lampe für ein Zimmer gekauft. Vor zwei Tagen hat Linda wieder eine rosa Lampe besorgt, als sie mit einer Freundin unterwegs war.;Es lässt sich nicht sagen, wie oft Linda eine rosa Lampe besorgt hat.;FacebookAI/roberta-large-mnli;neutral;1;0.07834017276763916;0.858558177947998;0.06310155987739563
2_ai_bi1_once_pos;Letztes Jahr hat Linda Timo ein schönes Geschenk zum Geburtstag gebastelt.;Vor einer Woche hat Timo wieder ein schönes Geschenk empfangen, weil er bei einer Wichtelaktion mitgemacht hat.;Timo hat einmal ein schönes Geschenk empfangen.;unknown;2;ai;bi;1;positive;once;False;;;Letztes Jahr hat Linda Timo ein schönes Geschenk zum Geburtstag gebastelt. Vor einer Woche hat Timo wieder ein schönes Geschenk empfangen, weil er bei einer Wichtelaktion mitgemacht hat.;Timo hat einmal ein schönes Geschenk empfangen.;FacebookAI/roberta-large-mnli;entailment;0;0.10263513773679733;0.27685731649398804;0.620507538318634
2_ai_bi1_twice_pos;Letztes Jahr hat Linda Timo ein schönes Geschenk zum Geburtstag gebastelt.;Vor einer Woche hat Timo wieder ein schönes Geschenk empfangen, weil er bei einer Wichtelaktion mitgemacht hat.;Timo hat mindestens zweimal ein schönes Geschenk empfangen.;entailment;2;ai;bi;1;positive;twice;False;;;Letztes Jahr hat Linda Timo ein schönes Geschenk zum Geburtstag gebastelt. Vor einer Woche hat Timo wieder ein schönes Geschenk empfangen, weil er bei einer Wichtelaktion mitgemacht hat.;Timo hat mindestens zweimal ein schönes Geschenk empfangen.;FacebookAI/roberta-large-mnli;entailment;1;0.050674863159656525;0.466187983751297;0.4831371605396271
2_ai_bi1_cannot_say_pos;Letztes Jahr hat Linda Timo ein schönes Geschenk zum Geburtstag gebastelt.;Vor einer Woche hat Timo wieder ein schönes Geschenk empfangen, weil er bei einer Wichtelaktion mitgemacht hat.;Es lässt sich nicht sagen, wie oft Timo ein schönes Geschenk empfangen hat.;unknown;2;ai;bi;1;positive;cannot say;False;;;Letztes Jahr hat Linda Timo ein schönes Geschenk zum Geburtstag gebastelt. Vor einer Woche hat Timo wieder ein schönes Geschenk empfangen, weil er bei einer Wichtelaktion mitgemacht hat.;Es lässt sich nicht sagen, wie oft Timo ein schönes Geschenk empfangen hat.;FacebookAI/roberta-large-mnli;neutral;1;0.08499722182750702;0.8129733800888062;0.10202937573194504
2_ai_bi2_once_neu;Letztes Jahr hat Linda Timo ein schönes Geschenk zum Geburtstag gebastelt.;Vor einer Woche hat Linda wieder ein schönes Geschenk empfangen, weil sie bei einer Wichtelaktion mitgemacht hat.;Linda hat einmal ein schönes Geschenk empfangen.;entailment;2;ai;bi;2;neutral;once;False;;;Letztes Jahr hat Linda Timo ein schönes Geschenk zum Geburtstag gebastelt. Vor einer Woche hat Linda wieder ein schönes Geschenk empfangen, weil sie bei einer Wichtelaktion mitgemacht hat.;Linda hat einmal ein schönes Geschenk empfangen.;FacebookAI/roberta-large-mnli;entailment;1;0.09131842106580734;0.18746329843997955;0.7212182879447937
2_ai_bi2_twice_neu;Letztes Jahr hat Linda Timo ein schönes Geschenk zum Geburtstag gebastelt.;Vor einer Woche hat Linda wieder ein schönes Geschenk empfangen, weil sie bei einer Wichtelaktion mitgemacht hat.;Linda hat mindestens zweimal ein schönes Geschenk empfangen.;unknown;2;ai;bi;2;neutral;twice;False;;;Letztes Jahr hat Linda Timo ein schönes Geschenk zum Geburtstag gebastelt. Vor einer Woche hat Linda wieder ein schönes Geschenk empfangen, weil sie bei einer Wichtelaktion mitgemacht hat.;Linda hat mindestens zweimal ein schönes Geschenk empfangen.;FacebookAI/roberta-large-mnli;entailment;0;0.06568462401628494;0.42904287576675415;0.5052725672721863
2_ai_bi2_cannot_say_neu;Letztes Jahr hat Linda Timo ein schönes Geschenk zum Geburtstag gebastelt.;Vor einer Woche hat Linda wieder ein schönes Geschenk empfangen, weil sie bei einer Wichtelaktion mitgemacht hat.;Es lässt sich nicht sagen, wie oft Linda ein schönes Geschenk empfangen hat.;unknown;2;ai;bi;2;neutral;cannot say;False;;;Letztes Jahr hat Linda Timo ein schönes Geschenk zum Geburtstag gebastelt. Vor einer Woche hat Linda wieder ein schönes Geschenk empfangen, weil sie bei einer Wichtelaktion mitgemacht hat.;Es lässt sich nicht sagen, wie oft Linda ein schönes Geschenk empfangen hat.;FacebookAI/roberta-large-mnli;neutral;1;0.08279654383659363;0.8178383708000183;0.09936515986919403
2_ai_bii1_once_neu;Letztes Jahr hat Linda Timo ein schönes Geschenk zum Geburtstag gebastelt.;Vor einer Woche hat Timo wieder ein schönes Geschenk gemacht, weil er bei einer Wichtelaktion mitgemacht hat.;Timo hat einmal ein schönes Geschenk gemacht.;entailment;2;ai;bii;1;neutral;once;False;;;Letztes Jahr hat Linda Timo ein schönes Geschenk zum Geburtstag gebastelt. Vor einer Woche hat Timo wieder ein schönes Geschenk gemacht, weil er bei einer Wichtelaktion mitgemacht hat.;Timo hat einmal ein schönes Geschenk gemacht.;FacebookAI/roberta-large-mnli;entailment;1;0.10178827494382858;0.18183067440986633;0.7163810729980469
2_ai_bii1_twice_neu;Letztes Jahr hat Linda Timo ein schönes Geschenk zum Geburtstag gebastelt.;Vor einer Woche hat Timo wieder ein schönes Geschenk gemacht, weil er bei einer Wichtelaktion mitgemacht hat.;Timo hat mindestens zweimal ein schönes Geschenk gemacht.;unknown;2;ai;bii;1;neutral;twice;False;;;Letztes Jahr hat Linda Timo ein schönes Geschenk zum Geburtstag gebastelt. Vor einer Woche hat Timo wieder ein schönes Geschenk gemacht, weil er bei einer Wichtelaktion mitgemacht hat.;Timo hat mindestens zweimal ein schönes Geschenk gemacht.;FacebookAI/roberta-large-mnli;entailment;0;0.05211189389228821;0.4508342146873474;0.49705392122268677
2_ai_bii1_cannot_say_neu;Letztes Jahr hat Linda Timo ein schönes Geschenk zum Geburtstag gebastelt.;Vor einer Woche hat Timo wieder ein schönes Geschenk gemacht, weil er bei einer Wichtelaktion mitgemacht hat.;Es lässt sich nicht sagen, wie oft Timo ein schönes Geschenk gemacht hat.;unknown;2;ai;bii;1;neutral;cannot say;False;;;Letztes Jahr hat Linda Timo ein schönes Geschenk zum Geburtstag gebastelt. Vor einer Woche hat Timo wieder ein schönes Geschenk gemacht, weil er bei einer Wichtelaktion mitgemacht hat.;Es lässt sich nicht sagen, wie oft Timo ein schönes Geschenk gemacht hat.;FacebookAI/roberta-large-mnli;neutral;1;0.10042189806699753;0.8048195242881775;0.09475865960121155
2_ai_bii2_once_pos;Letztes Jahr hat Linda Timo ein schönes Geschenk zum Geburtstag gebastelt.;Vor einer Woche hat Linda wieder ein schönes Geschenk gemacht, weil sie bei einer Wichtelaktion mitgemacht hat.;Linda hat einmal ein schönes Geschenk gemacht.;unknown;2;ai;bii;2;positive;once;False;;;Letztes Jahr hat Linda Timo ein schönes Geschenk zum Geburtstag gebastelt. Vor einer Woche hat Linda wieder ein schönes Geschenk gemacht, weil sie bei einer Wichtelaktion mitgemacht hat.;Linda hat einmal ein schönes Geschenk gemacht.;FacebookAI/roberta-large-mnli;entailment;0;0.06974997371435165;0.11922294646501541;0.8110271096229553
2_ai_bii2_twice_pos;Letztes Jahr hat Linda Timo ein schönes Geschenk zum Geburtstag gebastelt.;Vor einer Woche hat Linda wieder ein schönes Geschenk gemacht, weil sie bei einer Wichtelaktion mitgemacht hat.;Linda hat mindestens zweimal ein schönes Geschenk gemacht.;entailment;2;ai;bii;2;positive;twice;False;;;Letztes Jahr hat Linda Timo ein schönes Geschenk zum Geburtstag gebastelt. Vor einer Woche hat Linda wieder ein schönes Geschenk gemacht, weil sie bei einer Wichtelaktion mitgemacht hat.;Linda hat mindestens zweimal ein schönes Geschenk gemacht.;FacebookAI/roberta-large-mnli;entailment;1;0.05882956087589264;0.3905874490737915;0.5505829453468323
2_ai_bii2_cannot_say_pos;Letztes Jahr hat Linda Timo ein schönes Geschenk zum Geburtstag gebastelt.;Vor einer Woche hat Linda wieder ein schönes Geschenk gemacht, weil sie bei einer Wichtelaktion mitgemacht hat.;Es lässt sich nicht sagen, wie oft Linda ein schönes Geschenk gemacht hat.;unknown;2;ai;bii;2;positive;cannot say;False;;;Letztes Jahr hat Linda Timo ein schönes Geschenk zum Geburtstag gebastelt. Vor einer Woche hat Linda wieder ein schönes Geschenk gemacht, weil sie bei einer Wichtelaktion mitgemacht hat.;Es lässt sich nicht sagen, wie oft Linda ein schönes Geschenk gemacht hat.;FacebookAI/roberta-large-mnli;neutral;1;0.09834693372249603;0.804897129535675;0.0967559739947319
2_aii_bi1_once_neu;Letztes Jahr hat Timo Linda ein schönes Geschenk zum Geburtstag gebastelt.;Vor einer Woche hat Timo wieder ein schönes Geschenk empfangen, weil er bei einer Wichtelaktion mitgemacht hat.;Timo hat einmal ein schönes Geschenk empfangen.;entailment;2;aii;bi;1;neutral;once;False;;;Letztes Jahr hat Timo Linda ein schönes Geschenk zum Geburtstag gebastelt. Vor einer Woche hat Timo wieder ein schönes Geschenk empfangen, weil er bei einer Wichtelaktion mitgemacht hat.;Timo hat einmal ein schönes Geschenk empfangen.;FacebookAI/roberta-large-mnli;entailment;1;0.10681615769863129;0.25206467509269714;0.641119122505188
2_aii_bi1_twice_neu;Letztes Jahr hat Timo Linda ein schönes Geschenk zum Geburtstag gebastelt.;Vor einer Woche hat Timo wieder ein schönes Geschenk empfangen, weil er bei einer Wichtelaktion mitgemacht hat.;Timo hat mindestens zweimal ein schönes Geschenk empfangen.;unknown;2;aii;bi;1;neutral;twice;False;;;Letztes Jahr hat Timo Linda ein schönes Geschenk zum Geburtstag gebastelt. Vor einer Woche hat Timo wieder ein schönes Geschenk empfangen, weil er bei einer Wichtelaktion mitgemacht hat.;Timo hat mindestens zweimal ein schönes Geschenk empfangen.;FacebookAI/roberta-large-mnli;neutral;1;0.05558948963880539;0.48794955015182495;0.4564609229564667
2_aii_bi1_cannot_say_neu;Letztes Jahr hat Timo Linda ein schönes Geschenk zum Geburtstag gebastelt.;Vor einer Woche hat Timo wieder ein schönes Geschenk empfangen, weil er bei einer Wichtelaktion mitgemacht hat.;Es lässt sich nicht sagen, wie oft Timo ein schönes Geschenk empfangen hat.;unknown;2;aii;bi;1;neutral;cannot say;False;;;Letztes Jahr hat Timo Linda ein schönes Geschenk zum Geburtstag gebastelt. Vor einer Woche hat Timo wieder ein schönes Geschenk empfangen, weil er bei einer Wichtelaktion mitgemacht hat.;Es lässt sich nicht sagen, wie oft Timo ein schönes Geschenk empfangen hat.;FacebookAI/roberta-large-mnli;neutral;1;0.08082709461450577;0.8141291737556458;0.10504364222288132
2_aii_bi2_once_pos;Letztes Jahr hat Timo Linda ein schönes Geschenk zum Geburtstag gebastelt.;Vor einer Woche hat Linda wieder ein schönes Geschenk empfangen, weil sie bei einer Wichtelaktion mitgemacht hat.;Linda hat einmal ein schönes Geschenk empfangen.;unknown;2;aii;bi;2;positive;once;False;;;Letztes Jahr hat Timo Linda ein schönes Geschenk zum Geburtstag gebastelt. Vor einer Woche hat Linda wieder ein schönes Geschenk empfangen, weil sie bei einer Wichtelaktion mitgemacht hat.;Linda hat einmal ein schönes Geschenk empfangen.;FacebookAI/roberta-large-mnli;entailment;0;0.0960417166352272;0.2443496286869049;0.6596087217330933
2_aii_bi2_twice_pos;Letztes Jahr hat Timo Linda ein schönes Geschenk zum Geburtstag gebastelt.;Vor einer Woche hat Linda wieder ein schönes Geschenk empfangen, weil sie bei einer Wichtelaktion mitgemacht hat.;Linda hat mindestens zweimal ein schönes Geschenk empfangen.;entailment;2;aii;bi;2;positive;twice;False;;;Letztes Jahr hat Timo Linda ein schönes Geschenk zum Geburtstag gebastelt. Vor einer Woche hat Linda wieder ein schönes Geschenk empfangen, weil sie bei einer Wichtelaktion mitgemacht hat.;Linda hat mindestens zweimal ein schönes Geschenk empfangen.;FacebookAI/roberta-large-mnli;neutral;0;0.06282618641853333;0.4737679362297058;0.46340590715408325
2_aii_bi2_cannot_say_pos;Letztes Jahr hat Timo Linda ein schönes Geschenk zum Geburtstag gebastelt.;Vor einer Woche hat Linda wieder ein schönes Geschenk empfangen, weil sie bei einer Wichtelaktion mitgemacht hat.;Es lässt sich nicht sagen, wie oft Linda ein schönes Geschenk empfangen hat.;unknown;2;aii;bi;2;positive;cannot say;False;;;Letztes Jahr hat Timo Linda ein schönes Geschenk zum Geburtstag gebastelt. Vor einer Woche hat Linda wieder ein schönes Geschenk empfangen, weil sie bei einer Wichtelaktion mitgemacht hat.;Es lässt sich nicht sagen, wie oft Linda ein schönes Geschenk empfangen hat.;FacebookAI/roberta-large-mnli;neutral;1;0.07474971562623978;0.8287814259529114;0.09646884351968765
2_aii_bii1_once_pos;Letztes Jahr hat Timo Linda ein schönes Geschenk zum Geburtstag gebastelt.;Vor einer Woche hat Timo wieder ein schönes Geschenk gemacht, weil er bei einer Wichtelaktion mitgemacht hat.;Timo hat einmal ein schönes Geschenk gemacht.;unknown;2;aii;bii;1;positive;once;False;;;Letztes Jahr hat Timo Linda ein schönes Geschenk zum Geburtstag gebastelt. Vor einer Woche hat Timo wieder ein schönes Geschenk gemacht, weil er bei einer Wichtelaktion mitgemacht hat.;Timo hat einmal ein schönes Geschenk gemacht.;FacebookAI/roberta-large-mnli;entailment;0;0.10829934477806091;0.15091022849082947;0.7407904267311096
2_aii_bii1_twice_pos;Letztes Jahr hat Timo Linda ein schönes Geschenk zum Geburtstag gebastelt.;Vor einer Woche hat Timo wieder ein schönes Geschenk gemacht, weil er bei einer Wichtelaktion mitgemacht hat.;Timo hat mindestens zweimal ein schönes Geschenk gemacht.;entailment;2;aii;bii;1;positive;twice;False;;;Letztes Jahr hat Timo Linda ein schönes Geschenk zum Geburtstag gebastelt. Vor einer Woche hat Timo wieder ein schönes Geschenk gemacht, weil er bei einer Wichtelaktion mitgemacht hat.;Timo hat mindestens zweimal ein schönes Geschenk gemacht.;FacebookAI/roberta-large-mnli;entailment;1;0.05780911073088646;0.4611998200416565;0.48099109530448914
2_aii_bii1_cannot_say_pos;Letztes Jahr hat Timo Linda ein schönes Geschenk zum Geburtstag gebastelt.;Vor einer Woche hat Timo wieder ein schönes Geschenk gemacht, weil er bei einer Wichtelaktion mitgemacht hat.;Es lässt sich nicht sagen, wie oft Timo ein schönes Geschenk gemacht hat.;unknown;2;aii;bii;1;positive;cannot say;False;;;Letztes Jahr hat Timo Linda ein schönes Geschenk zum Geburtstag gebastelt. Vor einer Woche hat Timo wieder ein schönes Geschenk gemacht, weil er bei einer Wichtelaktion mitgemacht hat.;Es lässt sich nicht sagen, wie oft Timo ein schönes Geschenk gemacht hat.;FacebookAI/roberta-large-mnli;neutral;1;0.09503383189439774;0.8074958324432373;0.09747035056352615
2_aii_bii2_once_neu;Letztes Jahr hat Timo Linda ein schönes Geschenk zum Geburtstag gebastelt.;Vor einer Woche hat Linda wieder ein schönes Geschenk gemacht, weil sie bei einer Wichtelaktion mitgemacht hat.;Linda hat einmal ein schönes Geschenk gemacht.;entailment;2;aii;bii;2;neutral;once;False;;;Letztes Jahr hat Timo Linda ein schönes Geschenk zum Geburtstag gebastelt. Vor einer Woche hat Linda wieder ein schönes Geschenk gemacht, weil sie bei einer Wichtelaktion mitgemacht hat.;Linda hat einmal ein schönes Geschenk gemacht.;FacebookAI/roberta-large-mnli;entailment;1;0.07613486796617508;0.1548651158809662;0.7689999938011169
2_aii_bii2_twice_neu;Letztes Jahr hat Timo Linda ein schönes Geschenk zum Geburtstag gebastelt.;Vor einer Woche hat Linda wieder ein schönes Geschenk gemacht, weil sie bei einer Wichtelaktion mitgemacht hat.;Linda hat mindestens zweimal ein schönes Geschenk gemacht.;unknown;2;aii;bii;2;neutral;twice;False;;;Letztes Jahr hat Timo Linda ein schönes Geschenk zum Geburtstag gebastelt. Vor einer Woche hat Linda wieder ein schönes Geschenk gemacht, weil sie bei einer Wichtelaktion mitgemacht hat.;Linda hat mindestens zweimal ein schönes Geschenk gemacht.;FacebookAI/roberta-large-mnli;entailment;0;0.05549786239862442;0.4267316460609436;0.517770528793335
2_aii_bii2_cannot_say_neu;Letztes Jahr hat Timo Linda ein schönes Geschenk zum Geburtstag gebastelt.;Vor einer Woche hat Linda wieder ein schönes Geschenk gemacht, weil sie bei einer Wichtelaktion mitgemacht hat.;Es lässt sich nicht sagen, wie oft Linda ein schönes Geschenk gemacht hat.;unknown;2;aii;bii;2;neutral;cannot say;False;;;Letztes Jahr hat Timo Linda ein schönes Geschenk zum Geburtstag gebastelt. Vor einer Woche hat Linda wieder ein schönes Geschenk gemacht, weil sie bei einer Wichtelaktion mitgemacht hat.;Es lässt sich nicht sagen, wie oft Linda ein schönes Geschenk gemacht hat.;FacebookAI/roberta-large-mnli;neutral;1;0.08955809473991394;0.81880784034729;0.09163402765989304
3_ai_bi1_once_neu;Letztes Jahr hat Linda Thorsten ein selbstgeschriebenes Lied vorgesungen.;Vor drei Wochen hat Linda wieder ein selbstgeschriebenes Lied gehört, als sie bei einer Freundin daheim war.;Linda hat einmal ein selbstgeschriebenes Lied gehört.;entailment;3;ai;bi;1;neutral;once;False;;Linda/Thorsten: agent-first braces.;Letztes Jahr hat Linda Thorsten ein selbstgeschriebenes Lied vorgesungen. Vor drei Wochen hat Linda wieder ein selbstgeschriebenes Lied gehört, als sie bei einer Freundin daheim war.;Linda hat einmal ein selbstgeschriebenes Lied gehört.;FacebookAI/roberta-large-mnli;entailment;1;0.1336960643529892;0.18028445541858673;0.6860194206237793
3_ai_bi1_twice_neu;Letztes Jahr hat Linda Thorsten ein selbstgeschriebenes Lied vorgesungen.;Vor drei Wochen hat Linda wieder ein selbstgeschriebenes Lied gehört, als sie bei einer Freundin daheim war.;Linda hat mindestens zweimal ein selbstgeschriebenes Lied gehört.;unknown;3;ai;bi;1;neutral;twice;False;;Linda/Thorsten: agent-first braces.;Letztes Jahr hat Linda Thorsten ein selbstgeschriebenes Lied vorgesungen. Vor drei Wochen hat Linda wieder ein selbstgeschriebenes Lied gehört, als sie bei einer Freundin daheim war.;Linda hat mindestens zweimal ein selbstgeschriebenes Lied gehört.;FacebookAI/roberta-large-mnli;entailment;0;0.09100677818059921;0.31139078736305237;0.5976024270057678
3_ai_bi1_cannot_say_neu;Letztes Jahr hat Linda Thorsten ein selbstgeschriebenes Lied vorgesungen.;Vor drei Wochen hat Linda wieder ein selbstgeschriebenes Lied gehört, als sie bei einer Freundin daheim war.;Es lässt sich nicht sagen, wie oft Linda ein selbstgeschriebenes Lied gehört hat.;unknown;3;ai;bi;1;neutral;cannot say;False;;Linda/Thorsten: agent-first braces.;Letztes Jahr hat Linda Thorsten ein selbstgeschriebenes Lied vorgesungen. Vor drei Wochen hat Linda wieder ein selbstgeschriebenes Lied gehört, als sie bei einer Freundin daheim war.;Es lässt sich nicht sagen, wie oft Linda ein selbstgeschriebenes Lied gehört hat.;FacebookAI/roberta-large-mnli;neutral;1;0.060344088822603226;0.8821759223937988;0.05748003348708153
3_ai_bi2_once_pos;Letztes Jahr hat Linda Thorsten ein selbstgeschriebenes Lied vorgesungen.;Vor drei Wochen hat Thorsten wieder ein selbstgeschriebenes Lied gehört, als er bei einer Freundin daheim war.;Thorsten hat einmal ein selbstgeschriebenes Lied gehört.;unknown;3;ai;bi;2;positive;once;False;;Linda/Thorsten: agent-first braces.;Letztes Jahr hat Linda Thorsten ein selbstgeschriebenes Lied vorgesungen. Vor drei Wochen hat Thorsten wieder ein selbstgeschriebenes Lied gehört, als er bei einer Freundin daheim war.;Thorsten hat einmal ein selbstgeschriebenes Lied gehört.;FacebookAI/roberta-large-mnli;entailment;0;0.14533941447734833;0.3155061900615692;0.5391544699668884
3_ai_bi2_twice_pos;Letztes Jahr hat Linda Thorsten ein selbstgeschriebenes Lied vorgesungen.;Vor drei Wochen hat Thorsten wieder ein selbstgeschriebenes Lied gehört, als er bei einer Freundin daheim war.;Thorsten hat mindestens zweimal ein selbstgeschriebenes Lied gehört.;entailment;3;ai;bi;2;positive;twice;False;;Linda/Thorsten: agent-first braces.;Letztes Jahr hat Linda Thorsten ein selbstgeschriebenes Lied vorgesungen. Vor drei Wochen hat Thorsten wieder ein selbstgeschriebenes Lied gehört, als er bei einer Freundin daheim war.;Thorsten hat mindestens zweimal ein selbstgeschriebenes Lied gehört.;FacebookAI/roberta-large-mnli;entailment;1;0.07531724870204926;0.32752880454063416;0.5971539616584778
3_ai_bi2_cannot_say_pos;Letztes Jahr hat Linda Thorsten ein selbstgeschriebenes Lied vorgesungen.;Vor drei Wochen hat Thorsten wieder ein selbstgeschriebenes Lied gehört, als er bei einer Freundin daheim war.;Es lässt sich nicht sagen, wie oft Thorsten ein selbstgeschriebenes Lied gehört hat.;unknown;3;ai;bi;2;positive;cannot say;False;;Linda/Thorsten: agent-first braces.;Letztes Jahr hat Linda Thorsten ein selbstgeschriebenes Lied vorgesungen. Vor drei Wochen hat Thorsten wieder ein selbstgeschriebenes Lied gehört, als er bei einer Freundin daheim war.;Es lässt sich nicht sagen, wie oft Thorsten ein selbstgeschriebenes Lied gehört hat.;FacebookAI/roberta-large-mnli;neutral;1;0.0805356502532959;0.866948664188385;0.052515726536512375
3_ai_bii1_once_pos;Letztes Jahr hat Linda Thorsten ein selbstgeschriebenes Lied vorgesungen.;Vor drei Wochen hat Linda wieder ein selbstgeschriebenes Lied gesungen, als sie bei einer Freundin daheim war.;Linda hat einmal ein selbstgeschriebenes Lied gesungen.;unknown;3;ai;bii;1;positive;once;False;;Linda/Thorsten: agent-first braces.;Letztes Jahr hat Linda Thorsten ein selbstgeschriebenes Lied vorgesungen. Vor drei Wochen hat Linda wieder ein selbstgeschriebenes Lied gesungen, als sie bei einer Freundin daheim war.;Linda hat einmal ein selbstgeschriebenes Lied gesungen.;FacebookAI/roberta-large-mnli;entailment;0;0.1219881996512413;0.15144973993301392;0.7265620827674866
3_ai_bii1_twice_pos;Letztes Jahr hat Linda Thorsten ein selbstgeschriebenes Lied vorgesungen.;Vor drei Wochen hat Linda wieder ein selbstgeschriebenes Lied gesungen, als sie bei einer Freundin daheim war.;Linda hat mindestens zweimal ein selbstgeschriebenes Lied gesungen.;entailment;3;ai;bii;1;positive;twice;False;;Linda/Thorsten: agent-first braces.;Letztes Jahr hat Linda Thorsten ein selbstgeschriebenes Lied vorgesungen. Vor drei Wochen hat Linda wieder ein selbstgeschriebenes Lied gesungen, als sie bei einer Freundin daheim war.;Linda hat mindestens zweimal ein selbstgeschriebenes Lied gesungen.;FacebookAI/roberta-large-mnli;entailment;1;0.09836164116859436;0.2811421751976013;0.6204962134361267
3_ai_bii1_cannot_say_pos;Letztes Jahr hat Linda Thorsten ein selbstgeschriebenes Lied vorgesungen.;Vor drei Wochen hat Linda wieder ein selbstgeschriebenes Lied gesungen, als sie bei einer Freundin daheim war.;Es lässt sich nicht sagen, wie oft Linda ein selbstgeschriebenes Lied gesungen hat.;unknown;3;ai;bii;1;positive;cannot say;False;;Linda/Thorsten: agent-first braces.;Letztes Jahr hat Linda Thorsten ein selbstgeschriebenes Lied vorgesungen. Vor drei Wochen hat Linda wieder ein selbstgeschriebenes Lied gesungen, als sie bei einer Freundin daheim war.;Es lässt sich nicht sagen, wie oft Linda ein selbstgeschriebenes Lied gesungen hat.;FacebookAI/roberta-large-mnli;neutral;1;0.06027550622820854;0.8819930553436279;0.057731471955776215
3_ai_bii2_once_neu;Letztes Jahr hat Linda Thorsten ein selbstgeschriebenes Lied vorgesungen.;Vor drei Wochen hat Thorsten wieder ein selbstgeschriebenes Lied gesungen, als er bei einer Freundin daheim war.;Thorsten hat einmal ein selbstgeschriebenes Lied gesungen.;entailment;3;ai;bii;2;neutral;once;False;;Linda/Thorsten: agent-first braces.;Letztes Jahr hat Linda Thorsten ein selbstgeschriebenes Lied vorgesungen. Vor drei Wochen hat Thorsten wieder ein selbstgeschriebenes Lied gesungen, als er bei einer Freundin daheim war.;Thorsten hat einmal ein selbstgeschriebenes Lied gesungen.;FacebookAI/roberta-large-mnli;entailment;1;0.1397426873445511;0.23914016783237457;0.621117115020752
3_ai_bii2_twice_neu;Letztes Jahr hat Linda Thorsten ein selbstgeschriebenes Lied vorgesungen.;Vor drei Wochen hat Thorsten wieder ein selbstgeschriebenes Lied gesungen, als er bei einer Freundin daheim war.;Thorsten hat mindestens zweimal ein selbstgeschriebenes Lied gesungen.;unknown;3;ai;bii;2;neutral;twice;False;;Linda/Thorsten: agent-first braces.;Letztes Jahr hat Linda Thorsten ein selbstgeschriebenes Lied vorgesungen. Vor drei Wochen hat Thorsten wieder ein selbstgeschriebenes Lied gesungen, als er bei einer Freundin daheim war.;Thorsten hat mindestens zweimal ein selbstgeschriebenes Lied gesungen.;FacebookAI/roberta-large-mnli;entailment;0;0.0834345668554306;0.30870142579078674;0.6078639626502991
3_ai_bii2_cannot_say_neu;Letztes Jahr hat Linda Thorsten ein selbstgeschriebenes Lied vorgesungen.;Vor drei Wochen hat Thorsten wieder ein selbstgeschriebenes Lied gesungen, als er bei einer Freundin daheim war.;Es lässt sich nicht sagen, wie oft Thorsten ein selbstgeschriebenes Lied gesungen hat.;unknown;3;ai;bii;2;neutral;cannot say;False;;Linda/Thorsten: agent-first braces.;Letztes Jahr hat Linda Thorsten ein selbstgeschriebenes Lied vorgesungen. Vor drei Wochen hat Thorsten wieder ein selbstgeschriebenes Lied gesungen, als er bei einer Freundin daheim war.;Es lässt sich nicht sagen, wie oft Thorsten ein selbstgeschriebenes Lied gesungen hat.;FacebookAI/roberta-large-mnli;neutral;1;0.08227024972438812;0.8644615411758423;0.053268175572156906
3_aii_bi1_once_pos;Letztes Jahr hat Thorsten Linda ein selbstgeschriebenes Lied vorgesungen.;Vor drei Wochen hat Linda wieder ein selbstgeschriebenes Lied gehört, als sie bei einer Freundin daheim war.;Linda hat einmal ein selbstgeschriebenes Lied gehört.;unknown;3;aii;bi;1;positive;once;False;;Linda/Thorsten: agent-first braces.;Letztes Jahr hat Thorsten Linda ein selbstgeschriebenes Lied vorgesungen. Vor drei Wochen hat Linda wieder ein selbstgeschriebenes Lied gehört, als sie bei einer Freundin daheim war.;Linda hat einmal ein selbstgeschriebenes Lied gehört.;FacebookAI/roberta-large-mnli;entailment;0;0.15698868036270142;0.24685724079608917;0.5961540937423706
3_aii_bi1_twice_pos;Letztes Jahr hat Thorsten Linda ein selbstgeschriebenes Lied vorgesungen.;Vor drei Wochen hat Linda wieder ein selbstgeschriebenes Lied gehört, als sie bei einer Freundin daheim war.;Linda hat mindestens zweimal ein selbstgeschriebenes Lied gehört.;entailment;3;aii;bi;1;positive;twice;False;;Linda/Thorsten: agent-first braces.;Letztes Jahr hat Thorsten Linda ein selbstgeschriebenes Lied vorgesungen. Vor drei Wochen hat Linda wieder ein selbstgeschriebenes Lied gehört, als sie bei einer Freundin daheim war.;Linda hat mindestens zweimal ein selbstgeschriebenes Lied gehört.;FacebookAI/roberta-large-mnli;entailment;1;0.08758014440536499;0.313075453042984;0.5993444323539734
3_aii_bi1_cannot_say_pos;Letztes Jahr hat Thorsten Linda ein selbstgeschriebenes Lied vorgesungen.;Vor drei Wochen hat Linda wieder ein selbstgeschriebenes Lied gehört, als sie bei einer Freundin daheim war.;Es lässt sich nicht sagen, wie oft Linda ein selbstgeschriebenes Lied gehört hat.;unknown;3;aii;bi;1;positive;cannot say;False;;Linda/Thorsten: agent-first braces.;Letztes Jahr hat Thorsten Linda ein selbstgeschriebenes Lied vorgesungen. Vor drei Wochen hat Linda wieder ein selbstgeschriebenes Lied gehört, als sie bei einer Freundin daheim war.;Es lässt sich nicht sagen, wie oft Linda ein selbstgeschriebenes Lied gehört hat.;FacebookAI/roberta-large-mnli;neutral;1;0.07373829931020737;0.8711047172546387;0.05515696480870247
3_aii_bi2_once_neu;Letztes Jahr hat Thorsten Linda ein selbstgeschriebenes Lied vorgesungen.;Vor drei Wochen hat Thorsten wieder ein selbstgeschriebenes Lied gehört, als er bei einer Freundin daheim war.;Thorsten hat einmal ein selbstgeschriebenes Lied gehört.;entailment;3;aii;bi;2;neutral;once;False;;Linda/Thorsten: agent-first braces.;Letztes Jahr hat Thorsten Linda ein selbstgeschriebenes Lied vorgesungen. Vor drei Wochen hat Thorsten wieder ein selbstgeschriebenes Lied gehört, als er bei einer Freundin daheim war.;Thorsten hat einmal ein selbstgeschriebenes Lied gehört.;FacebookAI/roberta-large-mnli;entailment;1;0.1504288911819458;0.26896268129348755;0.5806083679199219
3_aii_bi2_twice_neu;Letztes Jahr hat Thorsten Linda ein selbstgeschriebenes Lied vorgesungen.;Vor drei Wochen hat Thorsten wieder ein selbstgeschriebenes Lied gehört, als er bei einer Freundin daheim war.;Thorsten hat mindestens zweimal ein selbstgeschriebenes Lied gehört.;unknown;3;aii;bi;2;neutral;twice;False;;Linda/Thorsten: agent-first braces.;Letztes Jahr hat Thorsten Linda ein selbstgeschriebenes Lied vorgesungen. Vor drei Wochen hat Thorsten wieder ein selbstgeschriebenes Lied gehört, als er bei einer Freundin daheim war.;Thorsten hat mindestens zweimal ein selbstgeschriebenes Lied gehört.;FacebookAI/roberta-large-mnli;entailment;0;0.08156602829694748;0.3828829526901245;0.5355510115623474
3_aii_bi2_cannot_say_neu;Letztes Jahr hat Thorsten Linda ein selbstgeschriebenes Lied vorgesungen.;Vor drei Wochen hat Thorsten wieder ein selbstgeschriebenes Lied gehört, als er bei einer Freundin daheim war.;Es lässt sich nicht sagen, wie oft Thorsten ein selbstgeschriebenes Lied gehört hat.;unknown;3;aii;bi;2;neutral;cannot say;False;;Linda/Thorsten: agent-first braces.;Letztes Jahr hat Thorsten Linda ein selbstgeschriebenes Lied vorgesungen. Vor drei Wochen hat Thorsten wieder ein selbstgeschriebenes Lied gehört, als er bei einer Freundin daheim war.;Es lässt sich nicht sagen, wie oft Thorsten ein selbstgeschriebenes Lied gehört hat.;FacebookAI/roberta-large-mnli;neutral;1;0.07190894335508347;0.868781566619873;0.059309493750333786
3_aii_bii1_once_neu;Letztes Jahr hat Thorsten Linda ein selbstgeschriebenes Lied vorgesungen.;Vor drei Wochen hat Linda wieder ein selbstgeschriebenes Lied gesungen, als sie bei einer Freundin daheim war.;Linda hat einmal ein selbstgeschriebenes Lied gesungen.;entailment;3;aii;bii;1;neutral;once;False;;Linda/Thorsten: agent-first braces.;Letztes Jahr hat Thorsten Linda ein selbstgeschriebenes Lied vorgesungen. Vor drei Wochen hat Linda wieder ein selbstgeschriebenes Lied gesungen, als sie bei einer Freundin daheim war.;Linda hat einmal ein selbstgeschriebenes Lied gesungen.;FacebookAI/roberta-large-mnli;entailment;1;0.14432087540626526;0.22131666541099548;0.6343623995780945
3_aii_bii1_twice_neu;Letztes Jahr hat Thorsten Linda ein selbstgeschriebenes Lied vorgesungen.;Vor drei Wochen hat Linda wieder ein selbstgeschriebenes Lied gesungen, als sie bei einer Freundin daheim war.;Linda hat mindestens zweimal ein selbstgeschriebenes Lied gesungen.;unknown;3;aii;bii;1;neutral;twice;False;;Linda/Thorsten: agent-first braces.;Letztes Jahr hat Thorsten Linda ein selbstgeschriebenes Lied vorgesungen. Vor drei Wochen hat Linda wieder ein selbstgeschriebenes Lied gesungen, als sie bei einer Freundin daheim war.;Linda hat mindestens zweimal ein selbstgeschriebenes Lied gesungen.;FacebookAI/roberta-large-mnli;entailment;0;0.09469421952962875;0.28858059644699097;0.6167252063751221
3_aii_bii1_cannot_say_neu;Letztes Jahr hat Thorsten Linda ein selbstgeschriebenes Lied vorgesungen.;Vor drei Wochen hat Linda wieder ein selbstgeschriebenes Lied gesungen, als sie bei einer Freundin daheim war.;Es lässt sich nicht sagen, wie oft Linda ein selbstgeschriebenes Lied gesungen hat.;unknown;3;aii;bii;1;neutral;cannot say;False;;Linda/Thorsten: agent-first braces.;Letztes Jahr hat Thorsten Linda ein selbstgeschriebenes Lied vorgesungen. Vor drei Wochen hat Linda wieder ein selbstgeschriebenes Lied gesungen, als sie bei einer Freundin daheim war.;Es lässt sich nicht sagen, wie oft Linda ein selbstgeschriebenes Lied gesungen hat.;FacebookAI/roberta-large-mnli;neutral;1;0.07467663288116455;0.8673792481422424;0.05794402211904526
3_aii_bii2_once_pos;Letztes Jahr hat Thorsten Linda ein selbstgeschriebenes Lied vorgesungen.;Vor drei Wochen hat Thorsten wieder ein selbstgeschriebenes Lied gesungen, als er bei einer Freundin daheim war.;Thorsten hat einmal ein selbstgeschriebenes Lied gesungen.;unknown;3;aii;bii;2;positive;once;False;;Linda/Thorsten: agent-first braces.;Letztes Jahr hat Thorsten Linda ein selbstgeschriebenes Lied vorgesungen. Vor drei Wochen hat Thorsten wieder ein selbstgeschriebenes Lied gesungen, als er bei einer Freundin daheim war.;Thorsten hat einmal ein selbstgeschriebenes Lied gesungen.;FacebookAI/roberta-large-mnli;entailment;0;0.1585066169500351;0.21103103458881378;0.6304623484611511
3_aii_bii2_twice_pos;Letztes Jahr hat Thorsten Linda ein selbstgeschriebenes Lied vorgesungen.;Vor drei Wochen hat Thorsten wieder ein selbstgeschriebenes Lied gesungen, als er bei einer Freundin daheim war.;Thorsten hat mindestens zweimal ein selbstgeschriebenes Lied gesungen.;entailment;3;aii;bii;2;positive;twice;False;;Linda/Thorsten: agent-first braces.;Letztes Jahr hat Thorsten Linda ein selbstgeschriebenes Lied vorgesungen. Vor drei Wochen hat Thorsten wieder ein selbstgeschriebenes Lied gesungen, als er bei einer Freundin daheim war.;Thorsten hat mindestens zweimal ein selbstgeschriebenes Lied gesungen.;FacebookAI/roberta-large-mnli;entailment;1;0.08916737884283066;0.377064973115921;0.5337677001953125
3_aii_bii2_cannot_say_pos;Letztes Jahr hat Thorsten Linda ein selbstgeschriebenes Lied vorgesungen.;Vor drei Wochen hat Thorsten wieder ein selbstgeschriebenes Lied gesungen, als er bei einer Freundin daheim war.;Es lässt sich nicht sagen, wie oft Thorsten ein selbstgeschriebenes Lied gesungen hat.;unknown;3;aii;bii;2;positive;cannot say;False;;Linda/Thorsten: agent-first braces.;Letztes Jahr hat Thorsten Linda ein selbstgeschriebenes Lied vorgesungen. Vor drei Wochen hat Thorsten wieder ein selbstgeschriebenes Lied gesungen, als er bei einer Freundin daheim war.;Es lässt sich nicht sagen, wie oft Thorsten ein selbstgeschriebenes Lied gesungen hat.;FacebookAI/roberta-large-mnli;neutral;1;0.07459372282028198;0.8662905097007751;0.05911581963300705
4_ai_bi1_once_neu;Vorletzte Woche hat Linda Karl eine rote Rose geschenkt.;Vor vier Tagen hat Linda wieder eine rote Rose bekommen, als sie zu einem Date verabredet war.;Linda hat einmal eine rote Rose bekommen.;entailment;4;ai;bi;1;neutral;once;False;;Linda/Karl: agent-first braces.;Vorletzte Woche hat Linda Karl eine rote Rose geschenkt. Vor vier Tagen hat Linda wieder eine rote Rose bekommen, als sie zu einem Date verabredet war.;Linda hat einmal eine rote Rose bekommen.;FacebookAI/roberta-large-mnli;entailment;1;0.08157319575548172;0.22198542952537537;0.6964413523674011
4_ai_bi1_twice_neu;Vorletzte Woche hat Linda Karl eine rote Rose geschenkt.;Vor vier Tagen hat Linda wieder eine rote Rose bekommen, als sie zu einem Date verabredet war.;Linda hat mindestens zweimal eine rote Rose bekommen.;unknown;4;ai;bi;1;neutral;twice;False;;Linda/Karl: agent-first braces.;Vorletzte Woche hat Linda Karl eine rote Rose geschenkt. Vor vier Tagen hat Linda wieder eine rote Rose bekommen, als sie zu einem Date verabredet war.;Linda hat mindestens zweimal eine rote Rose bekommen.;FacebookAI/roberta-large-mnli;entailment;0;0.06448380649089813;0.3289330303668976;0.6065831184387207
4_ai_bi1_cannot_say_neu;Vorletzte Woche hat Linda Karl eine rote Rose geschenkt.;Vor vier Tagen hat Linda wieder eine rote Rose bekommen, als sie zu einem Date verabredet war.;Es lässt sich nicht sagen, wie oft Linda eine rote Rose bekommen hat.;unknown;4;ai;bi;1;neutral;cannot say;False;;Linda/Karl: agent-first braces.;Vorletzte Woche hat Linda Karl eine rote Rose geschenkt. Vor vier Tagen hat Linda wieder eine rote Rose bekommen, als sie zu einem Date verabredet war.;Es lässt sich nicht sagen, wie oft Linda eine rote Rose bekommen hat.;FacebookAI/roberta-large-mnli;neutral;1;0.12903091311454773;0.8060796856880188;0.06488939374685287
4_ai_bi2_once_pos;Vorletzte Woche hat Linda Karl eine rote Rose geschenkt.;Vor vier Tagen hat Karl wieder eine rote Rose bekommen, als er zu einem Date verabredet war.;Karl hat einmal eine rote Rose bekommen.;unknown;4;ai;bi;2;positive;once;False;;Linda/Karl: agent-first braces.;Vorletzte Woche hat Linda Karl eine rote Rose geschenkt. Vor vier Tagen hat Karl wieder eine rote Rose bekommen, als er zu einem Date verabredet war.;Karl hat einmal eine rote Rose bekommen.;FacebookAI/roberta-large-mnli;entailment;0;0.06540027260780334;0.31184065341949463;0.6227591633796692
4_ai_bi2_twice_pos;Vorletzte Woche hat Linda Karl eine rote Rose geschenkt.;Vor vier Tagen hat Karl wieder eine rote Rose bekommen, als er zu einem Date verabredet war.;Karl hat mindestens zweimal eine rote Rose bekommen.;entailment;4;ai;bi;2;positive;twice;False;;Linda/Karl: agent-first braces.;Vorletzte Woche hat Linda Karl eine rote Rose geschenkt. Vor vier Tagen hat Karl wieder eine rote Rose bekommen, als er zu einem Date verabredet war.;Karl hat mindestens zweimal eine rote Rose bekommen.;FacebookAI/roberta-large-mnli;entailment;1;0.04670003801584244;0.29684627056121826;0.6564537286758423
4_ai_bi2_cannot_say_pos;Vorletzte Woche hat Linda Karl eine rote Rose geschenkt.;Vor vier Tagen hat Karl wieder eine rote Rose bekommen, als er zu einem Date verabredet war.;Es lässt sich nicht sagen, wie oft Karl eine rote Rose bekommen hat.;unknown;4;ai;bi;2;positive;cannot say;False;;Linda/Karl: agent-first braces.;Vorletzte Woche hat Linda Karl eine rote Rose geschenkt. Vor vier Tagen hat Karl wieder eine rote Rose bekommen, als er zu einem Date verabredet war.;Es lässt sich nicht sagen, wie oft Karl eine rote Rose bekommen hat.;FacebookAI/roberta-large-mnli;neutral;1;0.11825207620859146;0.8335932493209839;0.04815468564629555
4_ai_bii1_once_pos;Vorletzte Woche hat Linda Karl eine rote Rose geschenkt.;Vor vier Tagen hat Linda wieder eine rote Rose vergeben, als sie zu einem Date verabredet war.;Linda hat einmal eine rote Rose vergeben.;unknown;4;ai;bii;1;positive;once;False;;Linda/Karl: agent-first braces.;Vorletzte Woche hat Linda Karl eine rote Rose geschenkt. Vor vier Tagen hat Linda wieder eine rote Rose vergeben, als sie zu einem Date verabredet war.;Linda hat einmal eine rote Rose vergeben.;FacebookAI/roberta-large-mnli;entailment;0;0.06251329183578491;0.2057318389415741;0.7317548394203186
4_ai_bii1_twice_pos;Vorletzte Woche hat Linda Karl eine rote Rose geschenkt.;Vor vier Tagen hat Linda wieder eine rote Rose vergeben, als sie zu einem Date verabredet war.;Linda hat mindestens zweimal eine rote Rose vergeben.;entailment;4;ai;bii;1;positive;twice;False;;Linda/Karl: agent-first braces.;Vorletzte Woche hat Linda Karl eine rote Rose geschenkt. Vor vier Tagen hat Linda wieder eine rote Rose vergeben, als sie zu einem Date verabredet war.;Linda hat mindestens zweimal eine rote Rose vergeben.;FacebookAI/roberta-large-mnli;entailment;1;0.06574048846960068;0.38462817668914795;0.5496313571929932
4_ai_bii1_cannot_say_pos;Vorletzte Woche hat Linda Karl eine rote Rose geschenkt.;Vor vier Tagen hat Linda wieder eine rote Rose vergeben, als sie zu einem Date verabredet war.;Es lässt sich nicht sagen, wie oft Linda eine rote Rose vergeben hat.;unknown;4;ai;bii;1;positive;cannot say;False;;Linda/Karl: agent-first braces.;Vorletzte Woche hat Linda Karl eine rote Rose geschenkt. Vor vier Tagen hat Linda wieder eine rote Rose vergeben, als sie zu einem Date verabredet war.;Es lässt sich nicht sagen, wie oft Linda eine rote Rose vergeben hat.;FacebookAI/roberta-large-mnli;neutral;1;0.12795193493366241;0.8035669922828674;0.06848102062940598
4_ai_bii2_once_neu;Vorletzte Woche hat Linda Karl eine rote Rose geschenkt.;Vor vier Tagen hat Karl wieder eine rote Rose vergeben, als er zu einem Date verabredet war.;Karl hat einmal eine rote Rose vergeben.;entailment;4;ai;bii;2;neutral;once;False;;Linda/Karl: agent-first braces.;Vorletzte Woche hat Linda Karl eine rote Rose geschenkt. Vor vier Tagen hat Karl wieder eine rote Rose vergeben, als er zu einem Date verabredet war.;Karl hat einmal eine rote Rose vergeben.;FacebookAI/roberta-large-mnli;entailment;1;0.05221816897392273;0.20558243989944458;0.7421994209289551
4_ai_bii2_twice_neu;Vorletzte Woche hat Linda Karl eine rote Rose geschenkt.;Vor vier Tagen hat Karl wieder eine rote Rose vergeben, als er zu einem Date verabredet war.;Karl hat mindestens zweimal eine rote Rose vergeben.;unknown;4;ai;bii;2;neutral;twice;False;;Linda/Karl: agent-first braces.;Vorletzte Woche hat Linda Karl eine rote Rose geschenkt. Vor vier Tagen hat Karl wieder eine rote Rose vergeben, als er zu einem Date verabredet war.;Karl hat mindestens zweimal eine rote Rose vergeben.;FacebookAI/roberta-large-mnli;entailment;0;0.0660257488489151;0.3438374102115631;0.5901367664337158
4_ai_bii2_cannot_say_neu;Vorletzte Woche hat Linda Karl eine rote Rose geschenkt.;Vor vier Tagen hat Karl wieder eine rote Rose vergeben, als er zu einem Date verabredet war.;Es lässt sich nicht sagen, wie oft Karl eine rote Rose vergeben hat.;unknown;4;ai;bii;2;neutral;cannot say;False;;Linda/Karl: agent-first braces.;Vorletzte Woche hat Linda Karl eine rote Rose geschenkt. Vor vier Tagen hat Karl wieder eine rote Rose vergeben, als er zu einem Date verabredet war.;Es lässt sich nicht sagen, wie oft Karl eine rote Rose vergeben hat.;FacebookAI/roberta-large-mnli;neutral;1;0.13597364723682404;0.8040388226509094;0.05998746305704117
4_aii_bi1_once_pos;Vorletzte Woche hat Karl Linda eine rote Rose geschenkt.;Vor vier Tagen hat Linda wieder eine rote Rose bekommen, als sie zu einem Date verabredet war.;Linda hat einmal eine rote Rose bekommen.;unknown;4;aii;bi;1;positive;once;False;;Linda/Karl: agent-first braces.;Vorletzte Woche hat Karl Linda eine rote Rose geschenkt. Vor vier Tagen hat Linda wieder eine rote Rose bekommen, als sie zu einem Date verabredet war.;Linda hat einmal eine rote Rose bekommen.;FacebookAI/roberta-large-mnli;entailment;0;0.07030165940523148;0.20132404565811157;0.7283743023872375
4_aii_bi1_twice_pos;Vorletzte Woche hat Karl Linda eine rote Rose geschenkt.;Vor vier Tagen hat Linda wieder eine rote Rose bekommen, als sie zu einem Date verabredet war.;Linda hat mindestens zweimal eine rote Rose bekommen.;entailment;4;aii;bi;1;positive;twice;False;;Linda/Karl: agent-first braces.;Vorletzte Woche hat Karl Linda eine rote Rose geschenkt. Vor vier Tagen hat Linda wieder eine rote Rose bekommen, als sie zu einem Date verabredet war.;Linda hat mindestens zweimal eine rote Rose bekommen.;FacebookAI/roberta-large-mnli;entailment;1;0.05873469263315201;0.27671992778778076;0.6645453572273254
4_aii_bi1_cannot_say_pos;Vorletzte Woche hat Karl Linda eine rote Rose geschenkt.;Vor vier Tagen hat Linda wieder eine rote Rose bekommen, als sie zu einem Date verabredet war.;Es lässt sich nicht sagen, wie oft Linda eine rote Rose bekommen hat.;unknown;4;aii;bi;1;positive;cannot say;False;;Linda/Karl: agent-first braces.;Vorletzte Woche hat Karl Linda eine rote Rose geschenkt. Vor vier Tagen hat Linda wieder eine rote Rose bekommen, als sie zu einem Date verabredet war.;Es lässt sich nicht sagen, wie oft Linda eine rote Rose bekommen hat.;FacebookAI/roberta-large-mnli;neutral;1;0.13499107956886292;0.8069120049476624;0.05809694156050682
4_aii_bi2_once_neu;Vorletzte Woche hat Karl Linda eine rote Rose geschenkt.;Vor vier Tagen hat Karl wieder eine rote Rose bekommen, als er zu einem Date verabredet war.;Karl hat einmal eine rote Rose bekommen.;entailment;4;aii;bi;2;neutral;once;False;;Linda/Karl: agent-first braces.;Vorletzte Woche hat Karl Linda eine rote Rose geschenkt. Vor vier Tagen hat Karl wieder eine rote Rose bekommen, als er zu einem Date verabredet war.;Karl hat einmal eine rote Rose bekommen.;FacebookAI/roberta-large-mnli;entailment;1;0.07440860569477081;0.3049715757369995;0.6206198334693909
4_aii_bi2_twice_neu;Vorletzte Woche hat Karl Linda eine rote Rose geschenkt.;Vor vier Tagen hat Karl wieder eine rote Rose bekommen, als er zu einem Date verabredet war.;Karl hat mindestens zweimal eine rote Rose bekommen.;unknown;4;aii;bi;2;neutral;twice;False;;Linda/Karl: agent-first braces.;Vorletzte Woche hat Karl Linda eine rote Rose geschenkt. Vor vier Tagen hat Karl wieder eine rote Rose bekommen, als er zu einem Date verabredet war.;Karl hat mindestens zweimal eine rote Rose bekommen.;FacebookAI/roberta-large-mnli;entailment;0;0.05740781128406525;0.34732773900032043;0.5952644944190979
4_aii_bi2_cannot_say_neu;Vorletzte Woche hat Karl Linda eine rote Rose geschenkt.;Vor vier Tagen hat Karl wieder eine rote Rose bekommen, als er zu einem Date verabredet war.;Es lässt sich nicht sagen, wie oft Karl eine rote Rose bekommen hat.;unknown;4;aii;bi;2;neutral;cannot say;False;;Linda/Karl: agent-first braces.;Vorletzte Woche hat Karl Linda eine rote Rose geschenkt. Vor vier Tagen hat Karl wieder eine rote Rose bekommen, als er zu einem Date verabredet war.;Es lässt sich nicht sagen, wie oft Karl eine rote Rose bekommen hat.;FacebookAI/roberta-large-mnli;neutral;1;0.1175263524055481;0.8333216905593872;0.04915189370512962
4_aii_bii1_once_neu;Vorletzte Woche hat Karl Linda eine rote Rose geschenkt.;Vor vier Tagen hat Linda wieder eine rote Rose vergeben, als sie zu einem Date verabredet war.;Linda hat einmal eine rote Rose vergeben.;entailment;4;aii;bii;1;neutral;once;False;;Linda/Karl: agent-first braces.;Vorletzte Woche hat Karl Linda eine rote Rose geschenkt. Vor vier Tagen hat Linda wieder eine rote Rose vergeben, als sie zu einem Date verabredet war.;Linda hat einmal eine rote Rose vergeben.;FacebookAI/roberta-large-mnli;entailment;1;0.05735359340906143;0.1836879700422287;0.7589583992958069
4_aii_bii1_twice_neu;Vorletzte Woche hat Karl Linda eine rote Rose geschenkt.;Vor vier Tagen hat Linda wieder eine rote Rose vergeben, als sie zu einem Date verabredet war.;Linda hat mindestens zweimal eine rote Rose vergeben.;unknown;4;aii;bii;1;neutral;twice;False;;Linda/Karl: agent-first braces.;Vorletzte Woche hat Karl Linda eine rote Rose geschenkt. Vor vier Tagen hat Linda wieder eine rote Rose vergeben, als sie zu einem Date verabredet war.;Linda hat mindestens zweimal eine rote Rose vergeben.;FacebookAI/roberta-large-mnli;entailment;0;0.058099742978811264;0.34411096572875977;0.5977892875671387
4_aii_bii1_cannot_say_neu;Vorletzte Woche hat Karl Linda eine rote Rose geschenkt.;Vor vier Tagen hat Linda wieder eine rote Rose vergeben, als sie zu einem Date verabredet war.;Es lässt sich nicht sagen, wie oft Linda eine rote Rose vergeben hat.;unknown;4;aii;bii;1;neutral;cannot say;False;;Linda/Karl: agent-first braces.;Vorletzte Woche hat Karl Linda eine rote Rose geschenkt. Vor vier Tagen hat Linda wieder eine rote Rose vergeben, als sie zu einem Date verabredet war.;Es lässt sich nicht sagen, wie oft Linda eine rote Rose vergeben hat.;FacebookAI/roberta-large-mnli;neutral;1;0.13467872142791748;0.7993718981742859;0.06594938039779663
4_aii_bii2_once_pos;Vorletzte Woche hat Karl Linda eine rote Rose geschenkt.;Vor vier Tagen hat Karl wieder eine rote Rose vergeben, als er zu einem Date verabredet war.;Karl hat einmal eine rote Rose vergeben.;unknown;4;aii;bii;2;positive;once;False;;Linda/Karl: agent-first braces.;Vorletzte Woche hat Karl Linda eine rote Rose geschenkt. Vor vier Tagen hat Karl wieder eine rote Rose vergeben, als er zu einem Date verabredet war.;Karl hat einmal eine rote Rose vergeben.;FacebookAI/roberta-large-mnli;entailment;0;0.05924692004919052;0.2016797512769699;0.7390733361244202
4_aii_bii2_twice_pos;Vorletzte Woche hat Karl Linda eine rote Rose geschenkt.;Vor vier Tagen hat Karl wieder eine rote Rose vergeben, als er zu einem Date verabredet war.;Karl hat mindestens zweimal eine rote Rose vergeben.;entailment;4;aii;bii;2;positive;twice;False;;Linda/Karl: agent-first braces.;Vorletzte Woche hat Karl Linda eine rote Rose geschenkt. Vor vier Tagen hat Karl wieder eine rote Rose vergeben, als er zu einem Date verabredet war.;Karl hat mindestens zweimal eine rote Rose vergeben.;FacebookAI/roberta-large-mnli;entailment;1;0.07897266000509262;0.3880481421947479;0.5329791903495789
4_aii_bii2_cannot_say_pos;Vorletzte Woche hat Karl Linda eine rote Rose geschenkt.;Vor vier Tagen hat Karl wieder eine rote Rose vergeben, als er zu einem Date verabredet war.;Es lässt sich nicht sagen, wie oft Karl eine rote Rose vergeben hat.;unknown;4;aii;bii;2;positive;cannot say;False;;Linda/Karl: agent-first braces.;Vorletzte Woche hat Karl Linda eine rote Rose geschenkt. Vor vier Tagen hat Karl wieder eine rote Rose vergeben, als er zu einem Date verabredet war.;Es lässt sich nicht sagen, wie oft Karl eine rote Rose vergeben hat.;FacebookAI/roberta-large-mnli;neutral;1;0.1379021257162094;0.8025510907173157;0.0595468133687973
5_ai_bi1_once_pos;Vor drei Wochen hat Linda Greta einen langen Brief geschrieben.;Vor einer Woche hat Greta wieder einen langen Brief empfangen, weil sie auf eine Anzeige geantwortet hat.;Greta hat einmal einen langen Brief empfangen.;unknown;5;ai;bi;1;positive;once;False;;;Vor drei Wochen hat Linda Greta einen langen Brief geschrieben. Vor einer Woche hat Greta wieder einen langen Brief empfangen, weil sie auf eine Anzeige geantwortet hat.;Greta hat einmal einen langen Brief empfangen.;FacebookAI/roberta-large-mnli;entailment;0;0.4119608998298645;0.14166489243507385;0.44637417793273926
5_ai_bi1_twice_pos;Vor drei Wochen hat Linda Greta einen langen Brief geschrieben.;Vor einer Woche hat Greta wieder einen langen Brief empfangen, weil sie auf eine Anzeige geantwortet hat.;Greta hat mindestens zweimal einen langen Brief empfangen.;entailment;5;ai;bi;1;positive;twice;False;;;Vor drei Wochen hat Linda Greta einen langen Brief geschrieben. Vor einer Woche hat Greta wieder einen langen Brief empfangen, weil sie auf eine Anzeige geantwortet hat.;Greta hat mindestens zweimal einen langen Brief empfangen.;FacebookAI/roberta-large-mnli;entailment;1;0.12951979041099548;0.39311736822128296;0.47736287117004395
5_ai_bi1_cannot_say_pos;Vor drei Wochen hat Linda Greta einen langen Brief geschrieben.;Vor einer Woche hat Greta wieder einen langen Brief empfangen, weil sie auf eine Anzeige geantwortet hat.;Es lässt sich nicht sagen, wie oft Greta einen langen Brief empfangen hat.;unknown;5;ai;bi;1;positive;cannot say;False;;;Vor drei Wochen hat Linda Greta einen langen Brief geschrieben. Vor einer Woche hat Greta wieder einen langen Brief empfangen, weil sie auf eine Anzeige geantwortet hat.;Es lässt sich nicht sagen, wie oft Greta einen langen Brief empfangen hat.;FacebookAI/roberta-large-mnli;neutral;1;0.11250150203704834;0.7695476412773132;0.11795083433389664
5_ai_bi2_once_neu;Vor drei Wochen hat Linda Greta einen langen Brief geschrieben.;Vor einer Woche hat Linda wieder einen langen Brief empfangen, weil sie auf eine Anzeige geantwortet hat.;Linda hat einmal einen langen Brief empfangen.;entailment;5;ai;bi;2;neutral;once;False;;;Vor drei Wochen hat Linda Greta einen langen Brief geschrieben. Vor einer Woche hat Linda wieder einen langen Brief empfangen, weil sie auf eine Anzeige geantwortet hat.;Linda hat einmal einen langen Brief empfangen.;FacebookAI/roberta-large-mnli;entailment;1;0.3252118229866028;0.14586490392684937;0.5289232134819031
5_ai_bi2_twice_neu;Vor drei Wochen hat Linda Greta einen langen Brief geschrieben.;Vor einer Woche hat Linda wieder einen langen Brief empfangen, weil sie auf eine Anzeige geantwortet hat.;Linda hat mindestens zweimal einen langen Brief empfangen.;unknown;5;ai;bi;2;neutral;twice;False;;;Vor drei Wochen hat Linda Greta einen langen Brief geschrieben. Vor einer Woche hat Linda wieder einen langen Brief empfangen, weil sie auf eine Anzeige geantwortet hat.;Linda hat mindestens zweimal einen langen Brief empfangen.;FacebookAI/roberta-large-mnli;entailment;0;0.14081068336963654;0.3663387894630432;0.49285048246383667
5_ai_bi2_cannot_say_neu;Vor drei Wochen hat Linda Greta einen langen Brief geschrieben.;Vor einer Woche hat Linda wieder einen langen Brief empfangen, weil sie auf eine Anzeige geantwortet hat.;Es lässt sich nicht sagen, wie oft Linda einen langen Brief empfangen hat.;unknown;5;ai;bi;2;neutral;cannot say;False;;;Vor drei Wochen hat Linda Greta einen langen Brief geschrieben. Vor einer Woche hat Linda wieder einen langen Brief empfangen, weil sie auf eine Anzeige geantwortet hat.;Es lässt sich nicht sagen, wie oft Linda einen langen Brief empfangen hat.;FacebookAI/roberta-large-mnli;neutral;1;0.11175960302352905;0.7750122547149658;0.11322815716266632
5_ai_bii1_once_neu;Vor drei Wochen hat Linda Greta einen langen Brief geschrieben.;Vor einer Woche hat Greta wieder einen langen Brief verfasst, weil sie auf eine Anzeige geantwortet hat.;Greta hat einmal einen langen Brief verfasst.;entailment;5;ai;bii;1;neutral;once;False;;;Vor drei Wochen hat Linda Greta einen langen Brief geschrieben. Vor einer Woche hat Greta wieder einen langen Brief verfasst, weil sie auf eine Anzeige geantwortet hat.;Greta hat einmal einen langen Brief verfasst.;FacebookAI/roberta-large-mnli;entailment;1;0.33436810970306396;0.13590438663959503;0.5297275185585022
5_ai_bii1_twice_neu;Vor drei Wochen hat Linda Greta einen langen Brief geschrieben.;Vor einer Woche hat Greta wieder einen langen Brief verfasst, weil sie auf eine Anzeige geantwortet hat.;Greta hat mindestens zweimal einen langen Brief verfasst.;unknown;5;ai;bii;1;neutral;twice;False;;;Vor drei Wochen hat Linda Greta einen langen Brief geschrieben. Vor einer Woche hat Greta wieder einen langen Brief verfasst, weil sie auf eine Anzeige geantwortet hat.;Greta hat mindestens zweimal einen langen Brief verfasst.;FacebookAI/roberta-large-mnli;entailment;0;0.12700816988945007;0.3930518925189972;0.47993987798690796
5_ai_bii1_cannot_say_neu;Vor drei Wochen hat Linda Greta einen langen Brief geschrieben.;Vor einer Woche hat Greta wieder einen langen Brief verfasst, weil sie auf eine Anzeige geantwortet hat.;Es lässt sich nicht sagen, wie oft Greta einen langen Brief verfasst hat.;unknown;5;ai;bii;1;neutral;cannot say;False;;;Vor drei Wochen hat Linda Greta einen langen Brief geschrieben. Vor einer Woche hat Greta wieder einen langen Brief verfasst, weil sie auf eine Anzeige geantwortet hat.;Es lässt sich nicht sagen, wie oft Greta einen langen Brief verfasst hat.;FacebookAI/roberta-large-mnli;neutral;1;0.11595263332128525;0.7720348238945007;0.11201247572898865
5_ai_bii2_once_pos;Vor drei Wochen hat Linda Greta einen langen Brief geschrieben.;Vor einer Woche hat Linda wieder einen langen Brief verfasst, weil sie auf eine Anzeige geantwortet hat.;Linda hat einmal einen langen Brief verfasst.;unknown;5;ai;bii;2;positive;once;False;;;Vor drei Wochen hat Linda Greta einen langen Brief geschrieben. Vor einer Woche hat Linda wieder einen langen Brief verfasst, weil sie auf eine Anzeige geantwortet hat.;Linda hat einmal einen langen Brief verfasst.;FacebookAI/roberta-large-mnli;entailment;0;0.2914777398109436;0.12369644641876221;0.5848258137702942
5_ai_bii2_twice_pos;Vor drei Wochen hat Linda Greta einen langen Brief geschrieben.;Vor einer Woche hat Linda wieder einen langen Brief verfasst, weil sie auf eine Anzeige geantwortet hat.;Linda hat mindestens zweimal einen langen Brief verfasst.;entailment;5;ai;bii;2;positive;twice;False;;;Vor drei Wochen hat Linda Greta einen langen Brief geschrieben. Vor einer Woche hat Linda wieder einen langen Brief verfasst, weil sie auf eine Anzeige geantwortet hat.;Linda hat mindestens zweimal einen langen Brief verfasst.;FacebookAI/roberta-large-mnli;entailment;1;0.12422887235879898;0.3502727150917053;0.5254983901977539
5_ai_bii2_cannot_say_pos;Vor drei Wochen hat Linda Greta einen langen Brief geschrieben.;Vor einer Woche hat Linda wieder einen langen Brief verfasst, weil sie auf eine Anzeige geantwortet hat.;Es lässt sich nicht sagen, wie oft Linda einen langen Brief verfasst hat.;unknown;5;ai;bii;2;positive;cannot say;False;;;Vor drei Wochen hat Linda Greta einen langen Brief geschrieben. Vor einer Woche hat Linda wieder einen langen Brief verfasst, weil sie auf eine Anzeige geantwortet hat.;Es lässt sich nicht sagen, wie oft Linda einen langen Brief verfasst hat.;FacebookAI/roberta-large-mnli;neutral;1;0.12572899460792542;0.7619330883026123;0.11233796179294586
5_aii_bi1_once_neu;Vor drei Wochen hat Greta Linda einen langen Brief geschrieben.;Vor einer Woche hat Greta wieder einen langen Brief empfangen, weil sie auf eine Anzeige geantwortet hat.;Greta hat einmal einen langen Brief empfangen.;entailment;5;aii;bi;1;neutral;once;False;;;Vor drei Wochen hat Greta Linda einen langen Brief geschrieben. Vor einer Woche hat Greta wieder einen langen Brief empfangen, weil sie auf eine Anzeige geantwortet hat.;Greta hat einmal einen langen Brief empfangen.;FacebookAI/roberta-large-mnli;contradiction;0;0.46349668502807617;0.1332116276025772;0.4032917022705078
5_aii_bi1_twice_neu;Vor drei Wochen hat Greta Linda einen langen Brief geschrieben.;Vor einer Woche hat Greta wieder einen langen Brief empfangen, weil sie auf eine Anzeige geantwortet hat.;Greta hat mindestens zweimal einen langen Brief empfangen.;unknown;5;aii;bi;1;neutral;twice;False;;;Vor drei Wochen hat Greta Linda einen langen Brief geschrieben. Vor einer Woche hat Greta wieder einen langen Brief empfangen, weil sie auf eine Anzeige geantwortet hat.;Greta hat mindestens zweimal einen langen Brief empfangen.;FacebookAI/roberta-large-mnli;entailment;0;0.14425340294837952;0.38168051838874817;0.4740661382675171
5_aii_bi1_cannot_say_neu;Vor drei Wochen hat Greta Linda einen langen Brief geschrieben.;Vor einer Woche hat Greta wieder einen langen Brief empfangen, weil sie auf eine Anzeige geantwortet hat.;Es lässt sich nicht sagen, wie oft Greta einen langen Brief empfangen hat.;unknown;5;aii;bi;1;neutral;cannot say;False;;;Vor drei Wochen hat Greta Linda einen langen Brief geschrieben. Vor einer Woche hat Greta wieder einen langen Brief empfangen, weil sie auf eine Anzeige geantwortet hat.;Es lässt sich nicht sagen, wie oft Greta einen langen Brief empfangen hat.;FacebookAI/roberta-large-mnli;neutral;1;0.12154080718755722;0.7543798089027405;0.1240793988108635
5_aii_bi2_once_pos;Vor drei Wochen hat Greta Linda einen langen Brief geschrieben.;Vor einer Woche hat Linda wieder einen langen Brief empfangen, weil sie auf eine Anzeige geantwortet hat.;Linda hat einmal einen langen Brief empfangen.;unknown;5;aii;bi;2;positive;once;False;;;Vor drei Wochen hat Greta Linda einen langen Brief geschrieben. Vor einer Woche hat Linda wieder einen langen Brief empfangen, weil sie auf eine Anzeige geantwortet hat.;Linda hat einmal einen langen Brief empfangen.;FacebookAI/roberta-large-mnli;entailment;0;0.26022952795028687;0.15136432647705078;0.5884061455726624
5_aii_bi2_twice_pos;Vor drei Wochen hat Greta Linda einen langen Brief geschrieben.;Vor einer Woche hat Linda wieder einen langen Brief empfangen, weil sie auf eine Anzeige geantwortet hat.;Linda hat mindestens zweimal einen langen Brief empfangen.;entailment;5;aii;bi;2;positive;twice;False;;;Vor drei Wochen hat Greta Linda einen langen Brief geschrieben. Vor einer Woche hat Linda wieder einen langen Brief empfangen, weil sie auf eine Anzeige geantwortet hat.;Linda hat mindestens zweimal einen langen Brief empfangen.;FacebookAI/roberta-large-mnli;entailment;1;0.12782379984855652;0.3710412383079529;0.5011349320411682
5_aii_bi2_cannot_say_pos;Vor drei Wochen hat Greta Linda einen langen Brief geschrieben.;Vor einer Woche hat Linda wieder einen langen Brief empfangen, weil sie auf eine Anzeige geantwortet hat.;Es lässt sich nicht sagen, wie oft Linda einen langen Brief empfangen hat.;unknown;5;aii;bi;2;positive;cannot say;False;;;Vor drei Wochen hat Greta Linda einen langen Brief geschrieben. Vor einer Woche hat Linda wieder einen langen Brief empfangen, weil sie auf eine Anzeige geantwortet hat.;Es lässt sich nicht sagen, wie oft Linda einen langen Brief empfangen hat.;FacebookAI/roberta-large-mnli;neutral;1;0.10569251328706741;0.7850862145423889;0.10922128707170486
5_aii_bii1_once_pos;Vor drei Wochen hat Greta Linda einen langen Brief geschrieben.;Vor einer Woche hat Greta wieder einen langen Brief verfasst, weil sie auf eine Anzeige geantwortet hat.;Greta hat einmal einen langen Brief verfasst.;unknown;5;aii;bii;1;positive;once;False;;;Vor drei Wochen hat Greta Linda einen langen Brief geschrieben. Vor einer Woche hat Greta wieder einen langen Brief verfasst, weil sie auf eine Anzeige geantwortet hat.;Greta hat einmal einen langen Brief verfasst.;FacebookAI/roberta-large-mnli;entailment;0;0.39337217807769775;0.1320691555738449;0.47455865144729614
5_aii_bii1_twice_pos;Vor drei Wochen hat Greta Linda einen langen Brief geschrieben.;Vor einer Woche hat Greta wieder einen langen Brief verfasst, weil sie auf eine Anzeige geantwortet hat.;Greta hat mindestens zweimal einen langen Brief verfasst.;entailment;5;aii;bii;1;positive;twice;False;;;Vor drei Wochen hat Greta Linda einen langen Brief geschrieben. Vor einer Woche hat Greta wieder einen langen Brief verfasst, weil sie auf eine Anzeige geantwortet hat.;Greta hat mindestens zweimal einen langen Brief verfasst.;FacebookAI/roberta-large-mnli;entailment;1;0.13931706547737122;0.3718208074569702;0.48886212706565857
5_aii_bii1_cannot_say_pos;Vor drei Wochen hat Greta Linda einen langen Brief geschrieben.;Vor einer Woche hat Greta wieder einen langen Brief verfasst, weil sie auf eine Anzeige geantwortet hat.;Es lässt sich nicht sagen, wie oft Greta einen langen Brief verfasst hat.;unknown;5;aii;bii;1;positive;cannot say;False;;;Vor drei Wochen hat Greta Linda einen langen Brief geschrieben. Vor einer Woche hat Greta wieder einen langen Brief verfasst, weil sie auf eine Anzeige geantwortet hat.;Es lässt sich nicht sagen, wie oft Greta einen langen Brief verfasst hat.;FacebookAI/roberta-large-mnli;neutral;1;0.1233779639005661;0.7601423859596252;0.11647962778806686
5_aii_bii2_once_neu;Vor drei Wochen hat Greta Linda einen langen Brief geschrieben.;Vor einer Woche hat Linda wieder einen langen Brief verfasst, weil sie auf eine Anzeige geantwortet hat.;Linda hat einmal einen langen Brief verfasst.;entailment;5;aii;bii;2;neutral;once;False;;;Vor drei Wochen hat Greta Linda einen langen Brief geschrieben. Vor einer Woche hat Linda wieder einen langen Brief verfasst, weil sie auf eine Anzeige geantwortet hat.;Linda hat einmal einen langen Brief verfasst.;FacebookAI/roberta-large-mnli;entailment;1;0.22545106709003448;0.12623818218708038;0.6483107209205627
5_aii_bii2_twice_neu;Vor drei Wochen hat Greta Linda einen langen Brief geschrieben.;Vor einer Woche hat Linda wieder einen langen Brief verfasst, weil sie auf eine Anzeige geantwortet hat.;Linda hat mindestens zweimal einen langen Brief verfasst.;unknown;5;aii;bii;2;neutral;twice;False;;;Vor drei Wochen hat Greta Linda einen langen Brief geschrieben. Vor einer Woche hat Linda wieder einen langen Brief verfasst, weil sie auf eine Anzeige geantwortet hat.;Linda hat mindestens zweimal einen langen Brief verfasst.;FacebookAI/roberta-large-mnli;entailment;0;0.11408015340566635;0.35390037298202515;0.5320194363594055
5_aii_bii2_cannot_say_neu;Vor drei Wochen hat Greta Linda einen langen Brief geschrieben.;Vor einer Woche hat Linda wieder einen langen Brief verfasst, weil sie auf eine Anzeige geantwortet hat.;Es lässt sich nicht sagen, wie oft Linda einen langen Brief verfasst hat.;unknown;5;aii;bii;2;neutral;cannot say;False;;;Vor drei Wochen hat Greta Linda einen langen Brief geschrieben. Vor einer Woche hat Linda wieder einen langen Brief verfasst, weil sie auf eine Anzeige geantwortet hat.;Es lässt sich nicht sagen, wie oft Linda einen langen Brief verfasst hat.;FacebookAI/roberta-large-mnli;neutral;1;0.11833213269710541;0.7747163772583008;0.10695146769285202
6_ai_bi1_once_pos;Vor zwei Monaten hat Judith für Tina einen leckeren Kuchen gebacken.;Vor zwei Wochen hat Tina wieder einen leckeren Kuchen erhalten, weil sie zu einer Party eingeladen hatte.;Tina hat einmal einen leckeren Kuchen erhalten.;unknown;6;ai;bi;1;positive;once;False;;;Vor zwei Monaten hat Judith für Tina einen leckeren Kuchen gebacken. Vor zwei Wochen hat Tina wieder einen leckeren Kuchen erhalten, weil sie zu einer Party eingeladen hatte.;Tina hat einmal einen leckeren Kuchen erhalten.;FacebookAI/roberta-large-mnli;neutral;1;0.1535721719264984;0.4312353730201721;0.41519251465797424
6_ai_bi1_twice_pos;Vor zwei Monaten hat Judith für Tina einen leckeren Kuchen gebacken.;Vor zwei Wochen hat Tina wieder einen leckeren Kuchen erhalten, weil sie zu einer Party eingeladen hatte.;Tina hat mindestens zweimal einen leckeren Kuchen erhalten.;entailment;6;ai;bi;1;positive;twice;False;;;Vor zwei Monaten hat Judith für Tina einen leckeren Kuchen gebacken. Vor zwei Wochen hat Tina wieder einen leckeren Kuchen erhalten, weil sie zu einer Party eingeladen hatte.;Tina hat mindestens zweimal einen leckeren Kuchen erhalten.;FacebookAI/roberta-large-mnli;entailment;1;0.13222500681877136;0.16574664413928986;0.7020283341407776
6_ai_bi1_cannot_say_pos;Vor zwei Monaten hat Judith für Tina einen leckeren Kuchen gebacken.;Vor zwei Wochen hat Tina wieder einen leckeren Kuchen erhalten, weil sie zu einer Party eingeladen hatte.;Es lässt sich nicht sagen, wie oft Tina einen leckeren Kuchen erhalten hat.;unknown;6;ai;bi;1;positive;cannot say;False;;;Vor zwei Monaten hat Judith für Tina einen leckeren Kuchen gebacken. Vor zwei Wochen hat Tina wieder einen leckeren Kuchen erhalten, weil sie zu einer Party eingeladen hatte.;Es lässt sich nicht sagen, wie oft Tina einen leckeren Kuchen erhalten hat.;FacebookAI/roberta-large-mnli;neutral;1;0.11186876893043518;0.8300347328186035;0.05809658765792847
6_ai_bi2_once_neu;Vor zwei Monaten hat Judith für Tina einen leckeren Kuchen gebacken.;Vor zwei Wochen hat Judith wieder einen leckeren Kuchen erhalten, weil sie zu einer Party eingeladen hatte.;Judith hat einmal einen leckeren Kuchen erhalten.;entailment;6;ai;bi;2;neutral;once;False;;;Vor zwei Monaten hat Judith für Tina einen leckeren Kuchen gebacken. Vor zwei Wochen hat Judith wieder einen leckeren Kuchen erhalten, weil sie zu einer Party eingeladen hatte.;Judith hat einmal einen leckeren Kuchen erhalten.;FacebookAI/roberta-large-mnli;entailment;1;0.16556045413017273;0.26946958899497986;0.5649700164794922
6_ai_bi2_twice_neu;Vor zwei Monaten hat Judith für Tina einen leckeren Kuchen gebacken.;Vor zwei Wochen hat Judith wieder einen leckeren Kuchen erhalten, weil sie zu einer Party eingeladen hatte.;Judith hat mindestens zweimal einen leckeren Kuchen erhalten.;unknown;6;ai;bi;2;neutral;twice;False;;;Vor zwei Monaten hat Judith für Tina einen leckeren Kuchen gebacken. Vor zwei Wochen hat Judith wieder einen leckeren Kuchen erhalten, weil sie zu einer Party eingeladen hatte.;Judith hat mindestens zweimal einen leckeren Kuchen erhalten.;FacebookAI/roberta-large-mnli;entailment;0;0.06164056062698364;0.23637041449546814;0.7019889950752258
6_ai_bi2_cannot_say_neu;Vor zwei Monaten hat Judith für Tina einen leckeren Kuchen gebacken.;Vor zwei Wochen hat Judith wieder einen leckeren Kuchen erhalten, weil sie zu einer Party eingeladen hatte.;Es lässt sich nicht sagen, wie oft Judith einen leckeren Kuchen erhalten hat.;unknown;6;ai;bi;2;neutral;cannot say;False;;;Vor zwei Monaten hat Judith für Tina einen leckeren Kuchen gebacken. Vor zwei Wochen hat Judith wieder einen leckeren Kuchen erhalten, weil sie zu einer Party eingeladen hatte.;Es lässt sich nicht sagen, wie oft Judith einen leckeren Kuchen erhalten hat.;FacebookAI/roberta-large-mnli;neutral;1;0.11823853850364685;0.8088452219963074;0.07291627675294876
6_ai_bii1_once_neu;Vor zwei Monaten hat Judith für Tina einen leckeren Kuchen gebacken.;Vor zwei Wochen hat Tina wieder einen leckeren Kuchen gemacht, weil sie zu einer Party eingeladen hatte.;Tina hat einmal einen leckeren Kuchen gemacht.;entailment;6;ai;bii;1;neutral;once;False;;;Vor zwei Monaten hat Judith für Tina einen leckeren Kuchen gebacken. Vor zwei Wochen hat Tina wieder einen leckeren Kuchen gemacht, weil sie zu einer Party eingeladen hatte.;Tina hat einmal einen leckeren Kuchen gemacht.;FacebookAI/roberta-large-mnli;entailment;1;0.12353694438934326;0.41196179389953613;0.46450135111808777
6_ai_bii1_twice_neu;Vor zwei Monaten hat Judith für Tina einen leckeren Kuchen gebacken.;Vor zwei Wochen hat Tina wieder einen leckeren Kuchen gemacht, weil sie zu einer Party eingeladen hatte.;Tina hat mindestens zweimal einen leckeren Kuchen gemacht.;unknown;6;ai;bii;1;neutral;twice;False;;;Vor zwei Monaten hat Judith für Tina einen leckeren Kuchen gebacken. Vor zwei Wochen hat Tina wieder einen leckeren Kuchen gemacht, weil sie zu einer Party eingeladen hatte.;Tina hat mindestens zweimal einen leckeren Kuchen gemacht.;FacebookAI/roberta-large-mnli;entailment;0;0.09092265367507935;0.17171508073806763;0.7373622059822083
6_ai_bii1_cannot_say_neu;Vor zwei Monaten hat Judith für Tina einen leckeren Kuchen gebacken.;Vor zwei Wochen hat Tina wieder einen leckeren Kuchen gemacht, weil sie zu einer Party eingeladen hatte.;Es lässt sich nicht sagen, wie oft Tina einen leckeren Kuchen gemacht hat.;unknown;6;ai;bii;1;neutral;cannot say;False;;;Vor zwei Monaten hat Judith für Tina einen leckeren Kuchen gebacken. Vor zwei Wochen hat Tina wieder einen leckeren Kuchen gemacht, weil sie zu einer Party eingeladen hatte.;Es lässt sich nicht sagen, wie oft Tina einen leckeren Kuchen gemacht hat.;FacebookAI/roberta-large-mnli;neutral;1;0.10495690256357193;0.8416831493377686;0.053359948098659515
6_ai_bii2_once_pos;Vor zwei Monaten hat Judith für Tina einen leckeren Kuchen gebacken.;Vor zwei Wochen hat Judith wieder einen leckeren Kuchen gemacht, weil sie zu einer Party eingeladen hatte.;Judith hat einmal einen leckeren Kuchen gemacht.;unknown;6;ai;bii;2;positive;once;False;;;Vor zwei Monaten hat Judith für Tina einen leckeren Kuchen gebacken. Vor zwei Wochen hat Judith wieder einen leckeren Kuchen gemacht, weil sie zu einer Party eingeladen hatte.;Judith hat einmal einen leckeren Kuchen gemacht.;FacebookAI/roberta-large-mnli;entailment;0;0.14444734156131744;0.25509318709373474;0.6004595160484314
6_ai_bii2_twice_pos;Vor zwei Monaten hat Judith für Tina einen leckeren Kuchen gebacken.;Vor zwei Wochen hat Judith wieder einen leckeren Kuchen gemacht, weil sie zu einer Party eingeladen hatte.;Judith hat mindestens zweimal einen leckeren Kuchen gemacht.;entailment;6;ai;bii;2;positive;twice;False;;;Vor zwei Monaten hat Judith für Tina einen leckeren Kuchen gebacken. Vor zwei Wochen hat Judith wieder einen leckeren Kuchen gemacht, weil sie zu einer Party eingeladen hatte.;Judith hat mindestens zweimal einen leckeren Kuchen gemacht.;FacebookAI/roberta-large-mnli;entailment;1;0.06449603289365768;0.23844192922115326;0.697062075138092
6_ai_bii2_cannot_say_pos;Vor zwei Monaten hat Judith für Tina einen leckeren Kuchen gebacken.;Vor zwei Wochen hat Judith wieder einen leckeren Kuchen gemacht, weil sie zu einer Party eingeladen hatte.;Es lässt sich nicht sagen, wie oft Judith einen leckeren Kuchen gemacht hat.;unknown;6;ai;bii;2;positive;cannot say;False;;;Vor zwei Monaten hat Judith für Tina einen leckeren Kuchen gebacken. Vor zwei Wochen hat Judith wieder einen leckeren Kuchen gemacht, weil sie zu einer Party eingeladen hatte.;Es lässt sich nicht sagen, wie oft Judith einen leckeren Kuchen gemacht hat.;FacebookAI/roberta-large-mnli;neutral;1;0.11111164838075638;0.8257412314414978;0.06314709037542343
6_aii_bi1_once_neu;Vor zwei Monaten hat Tina für Judith einen leckeren Kuchen gebacken.;Vor zwei Wochen hat Tina wieder einen leckeren Kuchen erhalten, weil sie zu einer Party eingeladen hatte.;Tina hat einmal einen leckeren Kuchen erhalten.;entailment;6;aii;bi;1;neutral;once;False;;;Vor zwei Monaten hat Tina für Judith einen leckeren Kuchen gebacken. Vor zwei Wochen hat Tina wieder einen leckeren Kuchen erhalten, weil sie zu einer Party eingeladen hatte.;Tina hat einmal einen leckeren Kuchen erhalten.;FacebookAI/roberta-large-mnli;entailment;1;0.19810041785240173;0.35555464029312134;0.4463450014591217
6_aii_bi1_twice_neu;Vor zwei Monaten hat Tina für Judith einen leckeren Kuchen gebacken.;Vor zwei Wochen hat Tina wieder einen leckeren Kuchen erhalten, weil sie zu einer Party eingeladen hatte.;Tina hat mindestens zweimal einen leckeren Kuchen erhalten.;unknown;6;aii;bi;1;neutral;twice;False;;;Vor zwei Monaten hat Tina für Judith einen leckeren Kuchen gebacken. Vor zwei Wochen hat Tina wieder einen leckeren Kuchen erhalten, weil sie zu einer Party eingeladen hatte.;Tina hat mindestens zweimal einen leckeren Kuchen erhalten.;FacebookAI/roberta-large-mnli;entailment;0;0.06041313707828522;0.25175976753234863;0.6878270506858826
6_aii_bi1_cannot_say_neu;Vor zwei Monaten hat Tina für Judith einen leckeren Kuchen gebacken.;Vor zwei Wochen hat Tina wieder einen leckeren Kuchen erhalten, weil sie zu einer Party eingeladen hatte.;Es lässt sich nicht sagen, wie oft Tina einen leckeren Kuchen erhalten hat.;unknown;6;aii;bi;1;neutral;cannot say;False;;;Vor zwei Monaten hat Tina für Judith einen leckeren Kuchen gebacken. Vor zwei Wochen hat Tina wieder einen leckeren Kuchen erhalten, weil sie zu einer Party eingeladen hatte.;Es lässt sich nicht sagen, wie oft Tina einen leckeren Kuchen erhalten hat.;FacebookAI/roberta-large-mnli;neutral;1;0.10275107622146606;0.8370481729507446;0.0602007731795311
6_aii_bi2_once_pos;Vor zwei Monaten hat Tina für Judith einen leckeren Kuchen gebacken.;Vor zwei Wochen hat Judith wieder einen leckeren Kuchen erhalten, weil sie zu einer Party eingeladen hatte.;Judith hat einmal einen leckeren Kuchen erhalten.;unknown;6;aii;bi;2;positive;once;False;;;Vor zwei Monaten hat Tina für Judith einen leckeren Kuchen gebacken. Vor zwei Wochen hat Judith wieder einen leckeren Kuchen erhalten, weil sie zu einer Party eingeladen hatte.;Judith hat einmal einen leckeren Kuchen erhalten.;FacebookAI/roberta-large-mnli;entailment;0;0.13078370690345764;0.2636224627494812;0.6055938005447388
6_aii_bi2_twice_pos;Vor zwei Monaten hat Tina für Judith einen leckeren Kuchen gebacken.;Vor zwei Wochen hat Judith wieder einen leckeren Kuchen erhalten, weil sie zu einer Party eingeladen hatte.;Judith hat mindestens zweimal einen leckeren Kuchen erhalten.;entailment;6;aii;bi;2;positive;twice;False;;;Vor zwei Monaten hat Tina für Judith einen leckeren Kuchen gebacken. Vor zwei Wochen hat Judith wieder einen leckeren Kuchen erhalten, weil sie zu einer Party eingeladen hatte.;Judith hat mindestens zweimal einen leckeren Kuchen erhalten.;FacebookAI/roberta-large-mnli;entailment;1;0.1144544780254364;0.14328578114509583;0.742259681224823
6_aii_bi2_cannot_say_pos;Vor zwei Monaten hat Tina für Judith einen leckeren Kuchen gebacken.;Vor zwei Wochen hat Judith wieder einen leckeren Kuchen erhalten, weil sie zu einer Party eingeladen hatte.;Es lässt sich nicht sagen, wie oft Judith einen leckeren Kuchen erhalten hat.;unknown;6;aii;bi;2;positive;cannot say;False;;;Vor zwei Monaten hat Tina für Judith einen leckeren Kuchen gebacken. Vor zwei Wochen hat Judith wieder einen leckeren Kuchen erhalten, weil sie zu einer Party eingeladen hatte.;Es lässt sich nicht sagen, wie oft Judith einen leckeren Kuchen erhalten hat.;FacebookAI/roberta-large-mnli;neutral;1;0.13621138036251068;0.796949565410614;0.06683909893035889
6_aii_bii1_once_pos;Vor zwei Monaten hat Tina für Judith einen leckeren Kuchen gebacken.;Vor zwei Wochen hat Tina wieder einen leckeren Kuchen gemacht, weil sie zu einer Party eingeladen hatte.;Tina hat einmal einen leckeren Kuchen gemacht.;unknown;6;aii;bii;1;positive;once;False;;;Vor zwei Monaten hat Tina für Judith einen leckeren Kuchen gebacken. Vor zwei Wochen hat Tina wieder einen leckeren Kuchen gemacht, weil sie zu einer Party eingeladen hatte.;Tina hat einmal einen leckeren Kuchen gemacht.;FacebookAI/roberta-large-mnli;entailment;0;0.1648951768875122;0.32149848341941833;0.5136062502861023
6_aii_bii1_twice_pos;Vor zwei Monaten hat Tina für Judith einen leckeren Kuchen gebacken.;Vor zwei Wochen hat Tina wieder einen leckeren Kuchen gemacht, weil sie zu einer Party eingeladen hatte.;Tina hat mindestens zweimal einen leckeren Kuchen gemacht.;entailment;6;aii;bii;1;positive;twice;False;;;Vor zwei Monaten hat Tina für Judith einen leckeren Kuchen gebacken. Vor zwei Wochen hat Tina wieder einen leckeren Kuchen gemacht, weil sie zu einer Party eingeladen hatte.;Tina hat mindestens zweimal einen leckeren Kuchen gemacht.;FacebookAI/roberta-large-mnli;entailment;1;0.06798810511827469;0.2659372389316559;0.6660746335983276
6_aii_bii1_cannot_say_pos;Vor zwei Monaten hat Tina für Judith einen leckeren Kuchen gebacken.;Vor zwei Wochen hat Tina wieder einen leckeren Kuchen gemacht, weil sie zu einer Party eingeladen hatte.;Es lässt sich nicht sagen, wie oft Tina einen leckeren Kuchen gemacht hat.;unknown;6;aii;bii;1;positive;cannot say;False;;;Vor zwei Monaten hat Tina für Judith einen leckeren Kuchen gebacken. Vor zwei Wochen hat Tina wieder einen leckeren Kuchen gemacht, weil sie zu einer Party eingeladen hatte.;Es lässt sich nicht sagen, wie oft Tina einen leckeren Kuchen gemacht hat.;FacebookAI/roberta-large-mnli;neutral;1;0.09683289378881454;0.8486788868904114;0.054488155990839005
6_aii_bii2_once_neu;Vor zwei Monaten hat Tina für Judith einen leckeren Kuchen gebacken.;Vor zwei Wochen hat Judith wieder einen leckeren Kuchen gemacht, weil sie zu einer Party eingeladen hatte.;Judith hat einmal einen leckeren Kuchen gemacht.;entailment;6;aii;bii;2;neutral;once;False;;;Vor zwei Monaten hat Tina für Judith einen leckeren Kuchen gebacken. Vor zwei Wochen hat Judith wieder einen leckeren Kuchen gemacht, weil sie zu einer Party eingeladen hatte.;Judith hat einmal einen leckeren Kuchen gemacht.;FacebookAI/roberta-large-mnli;entailment;1;0.09792408347129822;0.23762108385562897;0.6644548177719116
6_aii_bii2_twice_neu;Vor zwei Monaten hat Tina für Judith einen leckeren Kuchen gebacken.;Vor zwei Wochen hat Judith wieder einen leckeren Kuchen gemacht, weil sie zu einer Party eingeladen hatte.;Judith hat mindestens zweimal einen leckeren Kuchen gemacht.;unknown;6;aii;bii;2;neutral;twice;False;;;Vor zwei Monaten hat Tina für Judith einen leckeren Kuchen gebacken. Vor zwei Wochen hat Judith wieder einen leckeren Kuchen gemacht, weil sie zu einer Party eingeladen hatte.;Judith hat mindestens zweimal einen leckeren Kuchen gemacht.;FacebookAI/roberta-large-mnli;entailment;0;0.08064804971218109;0.14180459082126617;0.777547299861908
6_aii_bii2_cannot_say_neu;Vor zwei Monaten hat Tina für Judith einen leckeren Kuchen gebacken.;Vor zwei Wochen hat Judith wieder einen leckeren Kuchen gemacht, weil sie zu einer Party eingeladen hatte.;Es lässt sich nicht sagen, wie oft Judith einen leckeren Kuchen gemacht hat.;unknown;6;aii;bii;2;neutral;cannot say;False;;;Vor zwei Monaten hat Tina für Judith einen leckeren Kuchen gebacken. Vor zwei Wochen hat Judith wieder einen leckeren Kuchen gemacht, weil sie zu einer Party eingeladen hatte.;Es lässt sich nicht sagen, wie oft Judith einen leckeren Kuchen gemacht hat.;FacebookAI/roberta-large-mnli;neutral;1;0.12675416469573975;0.8143898248672485;0.05885598808526993
7_ai_bi1_once_pos;Vor einer Woche hat Judith für Sabine eine fetzige CD zusammengestellt.;Vor drei Tagen hat Sabine wieder eine fetzige CD bekommen, weil sie bei einer Tauschaktion mitgemacht hat.;Sabine hat einmal eine fetzige CD bekommen.;unknown;7;ai;bi;1;positive;once;False;;;Vor einer Woche hat Judith für Sabine eine fetzige CD zusammengestellt. Vor drei Tagen hat Sabine wieder eine fetzige CD bekommen, weil sie bei einer Tauschaktion mitgemacht hat.;Sabine hat einmal eine fetzige CD bekommen.;FacebookAI/roberta-large-mnli;entailment;0;0.22696729004383087;0.24650101363658905;0.5265316963195801
7_ai_bi1_twice_pos;Vor einer Woche hat Judith für Sabine eine fetzige CD zusammengestellt.;Vor drei Tagen hat Sabine wieder eine fetzige CD bekommen, weil sie bei einer Tauschaktion mitgemacht hat.;Sabine hat mindestens zweimal eine fetzige CD bekommen.;entailment;7;ai;bi;1;positive;twice;False;;;Vor einer Woche hat Judith für Sabine eine fetzige CD zusammengestellt. Vor drei Tagen hat Sabine wieder eine fetzige CD bekommen, weil sie bei einer Tauschaktion mitgemacht hat.;Sabine hat mindestens zweimal eine fetzige CD bekommen.;FacebookAI/roberta-large-mnli;entailment;1;0.08614688366651535;0.4277406930923462;0.486112505197525
7_ai_bi1_cannot_say_pos;Vor einer Woche hat Judith für Sabine eine fetzige CD zusammengestellt.;Vor drei Tagen hat Sabine wieder eine fetzige CD bekommen, weil sie bei einer Tauschaktion mitgemacht hat.;Es lässt sich nicht sagen, wie oft Sabine eine fetzige CD bekommen hat.;unknown;7;ai;bi;1;positive;cannot say;False;;;Vor einer Woche hat Judith für Sabine eine fetzige CD zusammengestellt. Vor drei Tagen hat Sabine wieder eine fetzige CD bekommen, weil sie bei einer Tauschaktion mitgemacht hat.;Es lässt sich nicht sagen, wie oft Sabine eine fetzige CD bekommen hat.;FacebookAI/roberta-large-mnli;neutral;1;0.21165910363197327;0.7199011445045471;0.06843975186347961
7_ai_bi2_once_neu;Vor einer Woche hat Judith für Sabine eine fetzige CD zusammengestellt.;Vor drei Tagen hat Judith wieder eine fetzige CD bekommen, weil sie bei einer Tauschaktion mitgemacht hat.;Judith hat einmal eine fetzige CD bekommen.;entailment;7;ai;bi;2;neutral;once;False;;;Vor einer Woche hat Judith für Sabine eine fetzige CD zusammengestellt. Vor drei Tagen hat Judith wieder eine fetzige CD bekommen, weil sie bei einer Tauschaktion mitgemacht hat.;Judith hat einmal eine fetzige CD bekommen.;FacebookAI/roberta-large-mnli;entailment;1;0.25310614705085754;0.17088785767555237;0.5760059952735901
7_ai_bi2_twice_neu;Vor einer Woche hat Judith für Sabine eine fetzige CD zusammengestellt.;Vor drei Tagen hat Judith wieder eine fetzige CD bekommen, weil sie bei einer Tauschaktion mitgemacht hat.;Judith hat mindestens zweimal eine fetzige CD bekommen.;unknown;7;ai;bi;2;neutral;twice;False;;;Vor einer Woche hat Judith für Sabine eine fetzige CD zusammengestellt. Vor drei Tagen hat Judith wieder eine fetzige CD bekommen, weil sie bei einer Tauschaktion mitgemacht hat.;Judith hat mindestens zweimal eine fetzige CD bekommen.;FacebookAI/roberta-large-mnli;entailment;0;0.10803700983524323;0.3821563422679901;0.5098066926002502
7_ai_bi2_cannot_say_neu;Vor einer Woche hat Judith für Sabine eine fetzige CD zusammengestellt.;Vor drei Tagen hat Judith wieder eine fetzige CD bekommen, weil sie bei einer Tauschaktion mitgemacht hat.;Es lässt sich nicht sagen, wie oft Judith eine fetzige CD bekommen hat.;unknown;7;ai;bi;2;neutral;cannot say;False;;;Vor einer Woche hat Judith für Sabine eine fetzige CD zusammengestellt. Vor drei Tagen hat Judith wieder eine fetzige CD bekommen, weil sie bei einer Tauschaktion mitgemacht hat.;Es lässt sich nicht sagen, wie oft Judith eine fetzige CD bekommen hat.;FacebookAI/roberta-large-mnli;neutral;1;0.18093010783195496;0.7265749573707581;0.09249493479728699
7_ai_bii1_once_neu;Vor einer Woche hat Judith für Sabine eine fetzige CD zusammengestellt.;Vor drei Tagen hat Sabine wieder eine fetzige CD gebrannt, weil sie bei einer Tauschaktion mitgemacht hat.;Sabine hat einmal eine fetzige CD gebrannt.;entailment;7;ai;bii;1;neutral;once;False;;;Vor einer Woche hat Judith für Sabine eine fetzige CD zusammengestellt. Vor drei Tagen hat Sabine wieder eine fetzige CD gebrannt, weil sie bei einer Tauschaktion mitgemacht hat.;Sabine hat einmal eine fetzige CD gebrannt.;FacebookAI/roberta-large-mnli;entailment;1;0.19368897378444672;0.24094802141189575;0.5653629899024963
7_ai_bii1_twice_neu;Vor einer Woche hat Judith für Sabine eine fetzige CD zusammengestellt.;Vor drei Tagen hat Sabine wieder eine fetzige CD gebrannt, weil sie bei einer Tauschaktion mitgemacht hat.;Sabine hat mindestens zweimal eine fetzige CD gebrannt.;unknown;7;ai;bii;1;neutral;twice;False;;;Vor einer Woche hat Judith für Sabine eine fetzige CD zusammengestellt. Vor drei Tagen hat Sabine wieder eine fetzige CD gebrannt, weil sie bei einer Tauschaktion mitgemacht hat.;Sabine hat mindestens zweimal eine fetzige CD gebrannt.;FacebookAI/roberta-large-mnli;neutral;1;0.08942582458257675;0.45834705233573914;0.4522271454334259
7_ai_bii1_cannot_say_neu;Vor einer Woche hat Judith für Sabine eine fetzige CD zusammengestellt.;Vor drei Tagen hat Sabine wieder eine fetzige CD gebrannt, weil sie bei einer Tauschaktion mitgemacht hat.;Es lässt sich nicht sagen, wie oft Sabine eine fetzige CD gebrannt hat.;unknown;7;ai;bii;1;neutral;cannot say;False;;;Vor einer Woche hat Judith für Sabine eine fetzige CD zusammengestellt. Vor drei Tagen hat Sabine wieder eine fetzige CD gebrannt, weil sie bei einer Tauschaktion mitgemacht hat.;Es lässt sich nicht sagen, wie oft Sabine eine fetzige CD gebrannt hat.;FacebookAI/roberta-large-mnli;neutral;1;0.2133924812078476;0.7185242176055908;0.06808331608772278
7_ai_bii2_once_pos;Vor einer Woche hat Judith für Sabine eine fetzige CD zusammengestellt.;Vor drei Tagen hat Judith wieder eine fetzige CD gebrannt, weil sie bei einer Tauschaktion mitgemacht hat.;Judith hat einmal eine fetzige CD gebrannt.;unknown;7;ai;bii;2;positive;once;False;;;Vor einer Woche hat Judith für Sabine eine fetzige CD zusammengestellt. Vor drei Tagen hat Judith wieder eine fetzige CD gebrannt, weil sie bei einer Tauschaktion mitgemacht hat.;Judith hat einmal eine fetzige CD gebrannt.;FacebookAI/roberta-large-mnli;entailment;0;0.2375023066997528;0.17276029288768768;0.5897374153137207
7_ai_bii2_twice_pos;Vor einer Woche hat Judith für Sabine eine fetzige CD zusammengestellt.;Vor drei Tagen hat Judith wieder eine fetzige CD gebrannt, weil sie bei einer Tauschaktion mitgemacht hat.;Judith hat mindestens zweimal eine fetzige CD gebrannt.;entailment;7;ai;bii;2;positive;twice;False;;;Vor einer Woche hat Judith für Sabine eine fetzige CD zusammengestellt. Vor drei Tagen hat Judith wieder eine fetzige CD gebrannt, weil sie bei einer Tauschaktion mitgemacht hat.;Judith hat mindestens zweimal eine fetzige CD gebrannt.;FacebookAI/roberta-large-mnli;entailment;1;0.11820945143699646;0.4216022193431854;0.4601883590221405
7_ai_bii2_cannot_say_pos;Vor einer Woche hat Judith für Sabine eine fetzige CD zusammengestellt.;Vor drei Tagen hat Judith wieder eine fetzige CD gebrannt, weil sie bei einer Tauschaktion mitgemacht hat.;Es lässt sich nicht sagen, wie oft Judith eine fetzige CD gebrannt hat.;unknown;7;ai;bii;2;positive;cannot say;False;;;Vor einer Woche hat Judith für Sabine eine fetzige CD zusammengestellt. Vor drei Tagen hat Judith wieder eine fetzige CD gebrannt, weil sie bei einer Tauschaktion mitgemacht hat.;Es lässt sich nicht sagen, wie oft Judith eine fetzige CD gebrannt hat.;FacebookAI/roberta-large-mnli;neutral;1;0.18108554184436798;0.7330606579780579;0.08585380762815475
7_aii_bi1_once_neu;Vor einer Woche hat Sabine für Judith eine fetzige CD zusammengestellt.;Vor drei Tagen hat Sabine wieder eine fetzige CD bekommen, weil sie bei einer Tauschaktion mitgemacht hat.;Sabine hat einmal eine fetzige CD bekommen.;entailment;7;aii;bi;1;neutral;once;False;;;Vor einer Woche hat Sabine für Judith eine fetzige CD zusammengestellt. Vor drei Tagen hat Sabine wieder eine fetzige CD bekommen, weil sie bei einer Tauschaktion mitgemacht hat.;Sabine hat einmal eine fetzige CD bekommen.;FacebookAI/roberta-large-mnli;entailment;1;0.304728239774704;0.191243976354599;0.5040277242660522
7_aii_bi1_twice_neu;Vor einer Woche hat Sabine für Judith eine fetzige CD zusammengestellt.;Vor drei Tagen hat Sabine wieder eine fetzige CD bekommen, weil sie bei einer Tauschaktion mitgemacht hat.;Sabine hat mindestens zweimal eine fetzige CD bekommen.;unknown;7;aii;bi;1;neutral;twice;False;;;Vor einer Woche hat Sabine für Judith eine fetzige CD zusammengestellt. Vor drei Tagen hat Sabine wieder eine fetzige CD bekommen, weil sie bei einer Tauschaktion mitgemacht hat.;Sabine hat mindestens zweimal eine fetzige CD bekommen.;FacebookAI/roberta-large-mnli;entailment;0;0.10762843489646912;0.43044182658195496;0.46192967891693115
7_aii_bi1_cannot_say_neu;Vor einer Woche hat Sabine für Judith eine fetzige CD zusammengestellt.;Vor drei Tagen hat Sabine wieder eine fetzige CD bekommen, weil sie bei einer Tauschaktion mitgemacht hat.;Es lässt sich nicht sagen, wie oft Sabine eine fetzige CD bekommen hat.;unknown;7;aii;bi;1;neutral;cannot say;False;;;Vor einer Woche hat Sabine für Judith eine fetzige CD zusammengestellt. Vor drei Tagen hat Sabine wieder eine fetzige CD bekommen, weil sie bei einer Tauschaktion mitgemacht hat.;Es lässt sich nicht sagen, wie oft Sabine eine fetzige CD bekommen hat.;FacebookAI/roberta-large-mnli;neutral;1;0.17005077004432678;0.751057505607605;0.07889164239168167
7_aii_bi2_once_pos;Vor einer Woche hat Sabine für Judith eine fetzige CD zusammengestellt.;Vor drei Tagen hat Judith wieder eine fetzige CD bekommen, weil sie bei einer Tauschaktion mitgemacht hat.;Judith hat einmal eine fetzige CD bekommen.;unknown;7;aii;bi;2;positive;once;False;;;Vor einer Woche hat Sabine für Judith eine fetzige CD zusammengestellt. Vor drei Tagen hat Judith wieder eine fetzige CD bekommen, weil sie bei einer Tauschaktion mitgemacht hat.;Judith hat einmal eine fetzige CD bekommen.;FacebookAI/roberta-large-mnli;entailment;0;0.20802947878837585;0.1735980212688446;0.6183724999427795
7_aii_bi2_twice_pos;Vor einer Woche hat Sabine für Judith eine fetzige CD zusammengestellt.;Vor drei Tagen hat Judith wieder eine fetzige CD bekommen, weil sie bei einer Tauschaktion mitgemacht hat.;Judith hat mindestens zweimal eine fetzige CD bekommen.;entailment;7;aii;bi;2;positive;twice;False;;;Vor einer Woche hat Sabine für Judith eine fetzige CD zusammengestellt. Vor drei Tagen hat Judith wieder eine fetzige CD bekommen, weil sie bei einer Tauschaktion mitgemacht hat.;Judith hat mindestens zweimal eine fetzige CD bekommen.;FacebookAI/roberta-large-mnli;entailment;1;0.08878182619810104;0.31137973070144653;0.599838376045227
7_aii_bi2_cannot_say_pos;Vor einer Woche hat Sabine für Judith eine fetzige CD zusammengestellt.;Vor drei Tagen hat Judith wieder eine fetzige CD bekommen, weil sie bei einer Tauschaktion mitgemacht hat.;Es lässt sich nicht sagen, wie oft Judith eine fetzige CD bekommen hat.;unknown;7;aii;bi;2;positive;cannot say;False;;;Vor einer Woche hat Sabine für Judith eine fetzige CD zusammengestellt. Vor drei Tagen hat Judith wieder eine fetzige CD bekommen, weil sie bei einer Tauschaktion mitgemacht hat.;Es lässt sich nicht sagen, wie oft Judith eine fetzige CD bekommen hat.;FacebookAI/roberta-large-mnli;neutral;1;0.20478910207748413;0.7221155166625977;0.07309533655643463
7_aii_bii1_once_pos;Vor einer Woche hat Sabine für Judith eine fetzige CD zusammengestellt.;Vor drei Tagen hat Sabine wieder eine fetzige CD gebrannt, weil sie bei einer Tauschaktion mitgemacht hat.;Sabine hat einmal eine fetzige CD gebrannt.;unknown;7;aii;bii;1;positive;once;False;;;Vor einer Woche hat Sabine für Judith eine fetzige CD zusammengestellt. Vor drei Tagen hat Sabine wieder eine fetzige CD gebrannt, weil sie bei einer Tauschaktion mitgemacht hat.;Sabine hat einmal eine fetzige CD gebrannt.;FacebookAI/roberta-large-mnli;entailment;0;0.27082768082618713;0.20575779676437378;0.5234145522117615
7_aii_bii1_twice_pos;Vor einer Woche hat Sabine für Judith eine fetzige CD zusammengestellt.;Vor drei Tagen hat Sabine wieder eine fetzige CD gebrannt, weil sie bei einer Tauschaktion mitgemacht hat.;Sabine hat mindestens zweimal eine fetzige CD gebrannt.;entailment;7;aii;bii;1;positive;twice;False;;;Vor einer Woche hat Sabine für Judith eine fetzige CD zusammengestellt. Vor drei Tagen hat Sabine wieder eine fetzige CD gebrannt, weil sie bei einer Tauschaktion mitgemacht hat.;Sabine hat mindestens zweimal eine fetzige CD gebrannt.;FacebookAI/roberta-large-mnli;neutral;0;0.1146252229809761;0.48398974537849426;0.40138500928878784
7_aii_bii1_cannot_say_pos;Vor einer Woche hat Sabine für Judith eine fetzige CD zusammengestellt.;Vor drei Tagen hat Sabine wieder eine fetzige CD gebrannt, weil sie bei einer Tauschaktion mitgemacht hat.;Es lässt sich nicht sagen, wie oft Sabine eine fetzige CD gebrannt hat.;unknown;7;aii;bii;1;positive;cannot say;False;;;Vor einer Woche hat Sabine für Judith eine fetzige CD zusammengestellt. Vor drei Tagen hat Sabine wieder eine fetzige CD gebrannt, weil sie bei einer Tauschaktion mitgemacht hat.;Es lässt sich nicht sagen, wie oft Sabine eine fetzige CD gebrannt hat.;FacebookAI/roberta-large-mnli;neutral;1;0.17556405067443848;0.7496597170829773;0.07477628439664841
7_aii_bii2_once_neu;Vor einer Woche hat Sabine für Judith eine fetzige CD zusammengestellt.;Vor drei Tagen hat Judith wieder eine fetzige CD gebrannt, weil sie bei einer Tauschaktion mitgemacht hat.;Judith hat einmal eine fetzige CD gebrannt.;entailment;7;aii;bii;2;neutral;once;False;;;Vor einer Woche hat Sabine für Judith eine fetzige CD zusammengestellt. Vor drei Tagen hat Judith wieder eine fetzige CD gebrannt, weil sie bei einer Tauschaktion mitgemacht hat.;Judith hat einmal eine fetzige CD gebrannt.;FacebookAI/roberta-large-mnli;entailment;1;0.194289892911911;0.1757354736328125;0.6299746036529541
7_aii_bii2_twice_neu;Vor einer Woche hat Sabine für Judith eine fetzige CD zusammengestellt.;Vor drei Tagen hat Judith wieder eine fetzige CD gebrannt, weil sie bei einer Tauschaktion mitgemacht hat.;Judith hat mindestens zweimal eine fetzige CD gebrannt.;unknown;7;aii;bii;2;neutral;twice;False;;;Vor einer Woche hat Sabine für Judith eine fetzige CD zusammengestellt. Vor drei Tagen hat Judith wieder eine fetzige CD gebrannt, weil sie bei einer Tauschaktion mitgemacht hat.;Judith hat mindestens zweimal eine fetzige CD gebrannt.;FacebookAI/roberta-large-mnli;entailment;0;0.10759107768535614;0.31911569833755493;0.5732932090759277
7_aii_bii2_cannot_say_neu;Vor einer Woche hat Sabine für Judith eine fetzige CD zusammengestellt.;Vor drei Tagen hat Judith wieder eine fetzige CD gebrannt, weil sie bei einer Tauschaktion mitgemacht hat.;Es lässt sich nicht sagen, wie oft Judith eine fetzige CD gebrannt hat.;unknown;7;aii;bii;2;neutral;cannot say;False;;;Vor einer Woche hat Sabine für Judith eine fetzige CD zusammengestellt. Vor drei Tagen hat Judith wieder eine fetzige CD gebrannt, weil sie bei einer Tauschaktion mitgemacht hat.;Es lässt sich nicht sagen, wie oft Judith eine fetzige CD gebrannt hat.;FacebookAI/roberta-large-mnli;neutral;1;0.20710685849189758;0.7216029167175293;0.07129020243883133
8_ai_bi1_once_pos;Letzten Monat hat Judith bei Linda eine neue Blume im Garten eingepflanzt.;Vor einer Woche hat Linda wieder eine neue Blume bekommen, weil sie von einer Rosensorte begeistert ist.;Linda hat einmal eine neue Blume bekommen.;unknown;8;ai;bi;1;positive;once;False;;;Letzten Monat hat Judith bei Linda eine neue Blume im Garten eingepflanzt. Vor einer Woche hat Linda wieder eine neue Blume bekommen, weil sie von einer Rosensorte begeistert ist.;Linda hat einmal eine neue Blume bekommen.;FacebookAI/roberta-large-mnli;entailment;0;0.10961049795150757;0.41362452507019043;0.476764976978302
8_ai_bi1_twice_pos;Letzten Monat hat Judith bei Linda eine neue Blume im Garten eingepflanzt.;Vor einer Woche hat Linda wieder eine neue Blume bekommen, weil sie von einer Rosensorte begeistert ist.;Linda hat mindestens zweimal eine neue Blume bekommen.;entailment;8;ai;bi;1;positive;twice;False;;;Letzten Monat hat Judith bei Linda eine neue Blume im Garten eingepflanzt. Vor einer Woche hat Linda wieder eine neue Blume bekommen, weil sie von einer Rosensorte begeistert ist.;Linda hat mindestens zweimal eine neue Blume bekommen.;FacebookAI/roberta-large-mnli;neutral;0;0.07336216419935226;0.550572395324707;0.3760654032230377
8_ai_bi1_cannot_say_pos;Letzten Monat hat Judith bei Linda eine neue Blume im Garten eingepflanzt.;Vor einer Woche hat Linda wieder eine neue Blume bekommen, weil sie von einer Rosensorte begeistert ist.;Es lässt sich nicht sagen, wie oft Linda eine neue Blume bekommen hat.;unknown;8;ai;bi;1;positive;cannot say;False;;;Letzten Monat hat Judith bei Linda eine neue Blume im Garten eingepflanzt. Vor einer Woche hat Linda wieder eine neue Blume bekommen, weil sie von einer Rosensorte begeistert ist.;Es lässt sich nicht sagen, wie oft Linda eine neue Blume bekommen hat.;FacebookAI/roberta-large-mnli;neutral;1;0.1008748710155487;0.8260533213615417;0.07307179272174835
8_ai_bi2_once_neu;Letzten Monat hat Judith bei Linda eine neue Blume im Garten eingepflanzt.;Vor einer Woche hat Judith wieder eine neue Blume bekommen, weil sie von einer Rosensorte begeistert ist.;Judith hat einmal eine neue Blume bekommen.;entailment;8;ai;bi;2;neutral;once;False;;;Letzten Monat hat Judith bei Linda eine neue Blume im Garten eingepflanzt. Vor einer Woche hat Judith wieder eine neue Blume bekommen, weil sie von einer Rosensorte begeistert ist.;Judith hat einmal eine neue Blume bekommen.;FacebookAI/roberta-large-mnli;entailment;1;0.07121728360652924;0.2536405026912689;0.6751421689987183
8_ai_bi2_twice_neu;Letzten Monat hat Judith bei Linda eine neue Blume im Garten eingepflanzt.;Vor einer Woche hat Judith wieder eine neue Blume bekommen, weil sie von einer Rosensorte begeistert ist.;Judith hat mindestens zweimal eine neue Blume bekommen.;unknown;8;ai;bi;2;neutral;twice;False;;;Letzten Monat hat Judith bei Linda eine neue Blume im Garten eingepflanzt. Vor einer Woche hat Judith wieder eine neue Blume bekommen, weil sie von einer Rosensorte begeistert ist.;Judith hat mindestens zweimal eine neue Blume bekommen.;FacebookAI/roberta-large-mnli;neutral;1;0.06736094504594803;0.5435906052589417;0.38904842734336853
8_ai_bi2_cannot_say_neu;Letzten Monat hat Judith bei Linda eine neue Blume im Garten eingepflanzt.;Vor einer Woche hat Judith wieder eine neue Blume bekommen, weil sie von einer Rosensorte begeistert ist.;Es lässt sich nicht sagen, wie oft Judith eine neue Blume bekommen hat.;unknown;8;ai;bi;2;neutral;cannot say;False;;;Letzten Monat hat Judith bei Linda eine neue Blume im Garten eingepflanzt. Vor einer Woche hat Judith wieder eine neue Blume bekommen, weil sie von einer Rosensorte begeistert ist.;Es lässt sich nicht sagen, wie oft Judith eine neue Blume bekommen hat.;FacebookAI/roberta-large-mnli;neutral;1;0.10079894214868546;0.8180946111679077;0.08110645413398743
8_ai_bii1_once_neu;Letzten Monat hat Judith bei Linda eine neue Blume im Garten eingepflanzt.;Vor einer Woche hat Linda wieder eine neue Blume eingegraben, weil sie von einer Rosensorte begeistert ist.;Linda hat einmal eine neue Blume eingegraben.;entailment;8;ai;bii;1;neutral;once;False;;;Letzten Monat hat Judith bei Linda eine neue Blume im Garten eingepflanzt. Vor einer Woche hat Linda wieder eine neue Blume eingegraben, weil sie von einer Rosensorte begeistert ist.;Linda hat einmal eine neue Blume eingegraben.;FacebookAI/roberta-large-mnli;entailment;1;0.13481926918029785;0.3130909204483032;0.5520898699760437
8_ai_bii1_twice_neu;Letzten Monat hat Judith bei Linda eine neue Blume im Garten eingepflanzt.;Vor einer Woche hat Linda wieder eine neue Blume eingegraben, weil sie von einer Rosensorte begeistert ist.;Linda hat mindestens zweimal eine neue Blume eingegraben.;unknown;8;ai;bii;1;neutral;twice;False;;;Letzten Monat hat Judith bei Linda eine neue Blume im Garten eingepflanzt. Vor einer Woche hat Linda wieder eine neue Blume eingegraben, weil sie von einer Rosensorte begeistert ist.;Linda hat mindestens zweimal eine neue Blume eingegraben.;FacebookAI/roberta-large-mnli;neutral;1;0.08556316047906876;0.5461813807487488;0.36825549602508545
8_ai_bii1_cannot_say_neu;Letzten Monat hat Judith bei Linda eine neue Blume im Garten eingepflanzt.;Vor einer Woche hat Linda wieder eine neue Blume eingegraben, weil sie von einer Rosensorte begeistert ist.;Es lässt sich nicht sagen, wie oft Linda eine neue Blume eingegraben hat.;unknown;8;ai;bii;1;neutral;cannot say;False;;;Letzten Monat hat Judith bei Linda eine neue Blume im Garten eingepflanzt. Vor einer Woche hat Linda wieder eine neue Blume eingegraben, weil sie von einer Rosensorte begeistert ist.;Es lässt sich nicht sagen, wie oft Linda eine neue Blume eingegraben hat.;FacebookAI/roberta-large-mnli;neutral;1;0.11549900472164154;0.799058735370636;0.08544226735830307
8_ai_bii2_once_pos;Letzten Monat hat Judith bei Linda eine neue Blume im Garten eingepflanzt.;Vor einer Woche hat Judith wieder eine neue Blume eingegraben, weil sie von einer Rosensorte begeistert ist.;Judith hat einmal eine neue Blume eingegraben.;unknown;8;ai;bii;2;positive;once;False;;;Letzten Monat hat Judith bei Linda eine neue Blume im Garten eingepflanzt. Vor einer Woche hat Judith wieder eine neue Blume eingegraben, weil sie von einer Rosensorte begeistert ist.;Judith hat einmal eine neue Blume eingegraben.;FacebookAI/roberta-large-mnli;entailment;0;0.08176784217357635;0.2239721715450287;0.6942600011825562
8_ai_bii2_twice_pos;Letzten Monat hat Judith bei Linda eine neue Blume im Garten eingepflanzt.;Vor einer Woche hat Judith wieder eine neue Blume eingegraben, weil sie von einer Rosensorte begeistert ist.;Judith hat mindestens zweimal eine neue Blume eingegraben.;entailment;8;ai;bii;2;positive;twice;False;;;Letzten Monat hat Judith bei Linda eine neue Blume im Garten eingepflanzt. Vor einer Woche hat Judith wieder eine neue Blume eingegraben, weil sie von einer Rosensorte begeistert ist.;Judith hat mindestens zweimal eine neue Blume eingegraben.;FacebookAI/roberta-large-mnli;neutral;0;0.07441868633031845;0.5754155516624451;0.3501657545566559
8_ai_bii2_cannot_say_pos;Letzten Monat hat Judith bei Linda eine neue Blume im Garten eingepflanzt.;Vor einer Woche hat Judith wieder eine neue Blume eingegraben, weil sie von einer Rosensorte begeistert ist.;Es lässt sich nicht sagen, wie oft Judith eine neue Blume eingegraben hat.;unknown;8;ai;bii;2;positive;cannot say;False;;;Letzten Monat hat Judith bei Linda eine neue Blume im Garten eingepflanzt. Vor einer Woche hat Judith wieder eine neue Blume eingegraben, weil sie von einer Rosensorte begeistert ist.;Es lässt sich nicht sagen, wie oft Judith eine neue Blume eingegraben hat.;FacebookAI/roberta-large-mnli;neutral;1;0.11512195318937302;0.7906009554862976;0.09427712857723236
8_aii_bi1_once_neu;Letzten Monat hat Linda bei Judith eine neue Blume im Garten eingepflanzt.;Vor einer Woche hat Linda wieder eine neue Blume bekommen, weil sie von einer Rosensorte begeistert ist.;Linda hat einmal eine neue Blume bekommen.;entailment;8;aii;bi;1;neutral;once;False;;;Letzten Monat hat Linda bei Judith eine neue Blume im Garten eingepflanzt. Vor einer Woche hat Linda wieder eine neue Blume bekommen, weil sie von einer Rosensorte begeistert ist.;Linda hat einmal eine neue Blume bekommen.;FacebookAI/roberta-large-mnli;entailment;1;0.07553232461214066;0.28515589237213135;0.6393117904663086
8_aii_bi1_twice_neu;Letzten Monat hat Linda bei Judith eine neue Blume im Garten eingepflanzt.;Vor einer Woche hat Linda wieder eine neue Blume bekommen, weil sie von einer Rosensorte begeistert ist.;Linda hat mindestens zweimal eine neue Blume bekommen.;unknown;8;aii;bi;1;neutral;twice;False;;;Letzten Monat hat Linda bei Judith eine neue Blume im Garten eingepflanzt. Vor einer Woche hat Linda wieder eine neue Blume bekommen, weil sie von einer Rosensorte begeistert ist.;Linda hat mindestens zweimal eine neue Blume bekommen.;FacebookAI/roberta-large-mnli;neutral;1;0.06478466093540192;0.5506359934806824;0.3845793604850769
8_aii_bi1_cannot_say_neu;Letzten Monat hat Linda bei Judith eine neue Blume im Garten eingepflanzt.;Vor einer Woche hat Linda wieder eine neue Blume bekommen, weil sie von einer Rosensorte begeistert ist.;Es lässt sich nicht sagen, wie oft Linda eine neue Blume bekommen hat.;unknown;8;aii;bi;1;neutral;cannot say;False;;;Letzten Monat hat Linda bei Judith eine neue Blume im Garten eingepflanzt. Vor einer Woche hat Linda wieder eine neue Blume bekommen, weil sie von einer Rosensorte begeistert ist.;Es lässt sich nicht sagen, wie oft Linda eine neue Blume bekommen hat.;FacebookAI/roberta-large-mnli;neutral;1;0.0945163369178772;0.8267349004745483;0.07874874025583267
8_aii_bi2_once_pos;Letzten Monat hat Linda bei Judith eine neue Blume im Garten eingepflanzt.;Vor einer Woche hat Judith wieder eine neue Blume bekommen, weil sie von einer Rosensorte begeistert ist.;Judith hat einmal eine neue Blume bekommen.;unknown;8;aii;bi;2;positive;once;False;;;Letzten Monat hat Linda bei Judith eine neue Blume im Garten eingepflanzt. Vor einer Woche hat Judith wieder eine neue Blume bekommen, weil sie von einer Rosensorte begeistert ist.;Judith hat einmal eine neue Blume bekommen.;FacebookAI/roberta-large-mnli;entailment;0;0.09908043593168259;0.31452012062072754;0.586399495601654
8_aii_bi2_twice_pos;Letzten Monat hat Linda bei Judith eine neue Blume im Garten eingepflanzt.;Vor einer Woche hat Judith wieder eine neue Blume bekommen, weil sie von einer Rosensorte begeistert ist.;Judith hat mindestens zweimal eine neue Blume bekommen.;entailment;8;aii;bi;2;positive;twice;False;;;Letzten Monat hat Linda bei Judith eine neue Blume im Garten eingepflanzt. Vor einer Woche hat Judith wieder eine neue Blume bekommen, weil sie von einer Rosensorte begeistert ist.;Judith hat mindestens zweimal eine neue Blume bekommen.;FacebookAI/roberta-large-mnli;neutral;0;0.08865399658679962;0.4584411680698395;0.4529048204421997
8_aii_bi2_cannot_say_pos;Letzten Monat hat Linda bei Judith eine neue Blume im Garten eingepflanzt.;Vor einer Woche hat Judith wieder eine neue Blume bekommen, weil sie von einer Rosensorte begeistert ist.;Es lässt sich nicht sagen, wie oft Judith eine neue Blume bekommen hat.;unknown;8;aii;bi;2;positive;cannot say;False;;;Letzten Monat hat Linda bei Judith eine neue Blume im Garten eingepflanzt. Vor einer Woche hat Judith wieder eine neue Blume bekommen, weil sie von einer Rosensorte begeistert ist.;Es lässt sich nicht sagen, wie oft Judith eine neue Blume bekommen hat.;FacebookAI/roberta-large-mnli;neutral;1;0.1035572960972786;0.8255524039268494;0.07089031487703323
8_aii_bii1_once_pos;Letzten Monat hat Linda bei Judith eine neue Blume im Garten eingepflanzt.;Vor einer Woche hat Linda wieder eine neue Blume eingegraben, weil sie von einer Rosensorte begeistert ist.;Linda hat einmal eine neue Blume eingegraben.;unknown;8;aii;bii;1;positive;once;False;;;Letzten Monat hat Linda bei Judith eine neue Blume im Garten eingepflanzt. Vor einer Woche hat Linda wieder eine neue Blume eingegraben, weil sie von einer Rosensorte begeistert ist.;Linda hat einmal eine neue Blume eingegraben.;FacebookAI/roberta-large-mnli;entailment;0;0.08892374485731125;0.25957199931144714;0.6515043377876282
8_aii_bii1_twice_pos;Letzten Monat hat Linda bei Judith eine neue Blume im Garten eingepflanzt.;Vor einer Woche hat Linda wieder eine neue Blume eingegraben, weil sie von einer Rosensorte begeistert ist.;Linda hat mindestens zweimal eine neue Blume eingegraben.;entailment;8;aii;bii;1;positive;twice;False;;;Letzten Monat hat Linda bei Judith eine neue Blume im Garten eingepflanzt. Vor einer Woche hat Linda wieder eine neue Blume eingegraben, weil sie von einer Rosensorte begeistert ist.;Linda hat mindestens zweimal eine neue Blume eingegraben.;FacebookAI/roberta-large-mnli;neutral;0;0.07116725295782089;0.5808179378509521;0.34801486134529114
8_aii_bii1_cannot_say_pos;Letzten Monat hat Linda bei Judith eine neue Blume im Garten eingepflanzt.;Vor einer Woche hat Linda wieder eine neue Blume eingegraben, weil sie von einer Rosensorte begeistert ist.;Es lässt sich nicht sagen, wie oft Linda eine neue Blume eingegraben hat.;unknown;8;aii;bii;1;positive;cannot say;False;;;Letzten Monat hat Linda bei Judith eine neue Blume im Garten eingepflanzt. Vor einer Woche hat Linda wieder eine neue Blume eingegraben, weil sie von einer Rosensorte begeistert ist.;Es lässt sich nicht sagen, wie oft Linda eine neue Blume eingegraben hat.;FacebookAI/roberta-large-mnli;neutral;1;0.10820100456476212;0.7988538146018982;0.09294520318508148
8_aii_bii2_once_neu;Letzten Monat hat Linda bei Judith eine neue Blume im Garten eingepflanzt.;Vor einer Woche hat Judith wieder eine neue Blume eingegraben, weil sie von einer Rosensorte begeistert ist.;Judith hat einmal eine neue Blume eingegraben.;entailment;8;aii;bii;2;neutral;once;False;;;Letzten Monat hat Linda bei Judith eine neue Blume im Garten eingepflanzt. Vor einer Woche hat Judith wieder eine neue Blume eingegraben, weil sie von einer Rosensorte begeistert ist.;Judith hat einmal eine neue Blume eingegraben.;FacebookAI/roberta-large-mnli;entailment;1;0.10910692811012268;0.24272584915161133;0.6481671929359436
8_aii_bii2_twice_neu;Letzten Monat hat Linda bei Judith eine neue Blume im Garten eingepflanzt.;Vor einer Woche hat Judith wieder eine neue Blume eingegraben, weil sie von einer Rosensorte begeistert ist.;Judith hat mindestens zweimal eine neue Blume eingegraben.;unknown;8;aii;bii;2;neutral;twice;False;;;Letzten Monat hat Linda bei Judith eine neue Blume im Garten eingepflanzt. Vor einer Woche hat Judith wieder eine neue Blume eingegraben, weil sie von einer Rosensorte begeistert ist.;Judith hat mindestens zweimal eine neue Blume eingegraben.;FacebookAI/roberta-large-mnli;neutral;1;0.09136903285980225;0.4741600453853607;0.43447089195251465
8_aii_bii2_cannot_say_neu;Letzten Monat hat Linda bei Judith eine neue Blume im Garten eingepflanzt.;Vor einer Woche hat Judith wieder eine neue Blume eingegraben, weil sie von einer Rosensorte begeistert ist.;Es lässt sich nicht sagen, wie oft Judith eine neue Blume eingegraben hat.;unknown;8;aii;bii;2;neutral;cannot say;False;;;Letzten Monat hat Linda bei Judith eine neue Blume im Garten eingepflanzt. Vor einer Woche hat Judith wieder eine neue Blume eingegraben, weil sie von einer Rosensorte begeistert ist.;Es lässt sich nicht sagen, wie oft Judith eine neue Blume eingegraben hat.;FacebookAI/roberta-large-mnli;neutral;1;0.11832199990749359;0.7985048294067383;0.08317314833402634
9_ai_bi1_once_pos;Vor einem Jahr hat Judith für Timo ein teures Konzertticket bestellt.;Vor vier Wochen hat Timo wieder ein teures Konzertticket bekommen, weil sie mit einem Freund feiern will.;Timo hat einmal ein teures Konzertticket bekommen.;unknown;9;ai;bi;1;positive;once;False;;;Vor einem Jahr hat Judith für Timo ein teures Konzertticket bestellt. Vor vier Wochen hat Timo wieder ein teures Konzertticket bekommen, weil sie mit einem Freund feiern will.;Timo hat einmal ein teures Konzertticket bekommen.;FacebookAI/roberta-large-mnli;entailment;0;0.16338960826396942;0.1314142644405365;0.7051960825920105
9_ai_bi1_twice_pos;Vor einem Jahr hat Judith für Timo ein teures Konzertticket bestellt.;Vor vier Wochen hat Timo wieder ein teures Konzertticket bekommen, weil sie mit einem Freund feiern will.;Timo hat mindestens zweimal ein teures Konzertticket bekommen.;entailment;9;ai;bi;1;positive;twice;False;;;Vor einem Jahr hat Judith für Timo ein teures Konzertticket bestellt. Vor vier Wochen hat Timo wieder ein teures Konzertticket bekommen, weil sie mit einem Freund feiern will.;Timo hat mindestens zweimal ein teures Konzertticket bekommen.;FacebookAI/roberta-large-mnli;entailment;1;0.11607566475868225;0.32286307215690613;0.5610612034797668
9_ai_bi1_cannot_say_pos;Vor einem Jahr hat Judith für Timo ein teures Konzertticket bestellt.;Vor vier Wochen hat Timo wieder ein teures Konzertticket bekommen, weil sie mit einem Freund feiern will.;Es lässt sich nicht sagen, wie oft Timo ein teures Konzertticket bekommen hat.;unknown;9;ai;bi;1;positive;cannot say;False;;;Vor einem Jahr hat Judith für Timo ein teures Konzertticket bestellt. Vor vier Wochen hat Timo wieder ein teures Konzertticket bekommen, weil sie mit einem Freund feiern will.;Es lässt sich nicht sagen, wie oft Timo ein teures Konzertticket bekommen hat.;FacebookAI/roberta-large-mnli;neutral;1;0.1458171159029007;0.7979943752288818;0.05618852376937866
9_ai_bi2_once_neu;Vor einem Jahr hat Judith für Timo ein teures Konzertticket bestellt.;Vor vier Wochen hat Judith wieder ein teures Konzertticket bekommen, weil er mit einem Freund feiern will.;Judith hat einmal ein teures Konzertticket bekommen.;entailment;9;ai;bi;2;neutral;once;False;;;Vor einem Jahr hat Judith für Timo ein teures Konzertticket bestellt. Vor vier Wochen hat Judith wieder ein teures Konzertticket bekommen, weil er mit einem Freund feiern will.;Judith hat einmal ein teures Konzertticket bekommen.;FacebookAI/roberta-large-mnli;entailment;1;0.06334470212459564;0.08906766772270203;0.8475876450538635
9_ai_bi2_twice_neu;Vor einem Jahr hat Judith für Timo ein teures Konzertticket bestellt.;Vor vier Wochen hat Judith wieder ein teures Konzertticket bekommen, weil er mit einem Freund feiern will.;Judith hat mindestens zweimal ein teures Konzertticket bekommen.;unknown;9;ai;bi;2;neutral;twice;False;;;Vor einem Jahr hat Judith für Timo ein teures Konzertticket bestellt. Vor vier Wochen hat Judith wieder ein teures Konzertticket bekommen, weil er mit einem Freund feiern will.;Judith hat mindestens zweimal ein teures Konzertticket bekommen.;FacebookAI/roberta-large-mnli;entailment;0;0.11259675025939941;0.37066733837127686;0.5167359113693237
9_ai_bi2_cannot_say_neu;Vor einem Jahr hat Judith für Timo ein teures Konzertticket bestellt.;Vor vier Wochen hat Judith wieder ein teures Konzertticket bekommen, weil er mit einem Freund feiern will.;Es lässt sich nicht sagen, wie oft Judith ein teures Konzertticket bekommen hat.;unknown;9;ai;bi;2;neutral;cannot say;False;;;Vor einem Jahr hat Judith für Timo ein teures Konzertticket bestellt. Vor vier Wochen hat Judith wieder ein teures Konzertticket bekommen, weil er mit einem Freund feiern will.;Es lässt sich nicht sagen, wie oft Judith ein teures Konzertticket bekommen hat.;FacebookAI/roberta-large-mnli;neutral;1;0.11041191965341568;0.8319724798202515;0.05761560797691345
9_ai_bii1_once_neu;Vor einem Jahr hat Judith für Timo ein teures Konzertticket bestellt.;Vor vier Wochen hat Timo wieder ein teures Konzertticket erworben, weil sie mit einem Freund feiern will.;Timo hat einmal ein teures Konzertticket erworben.;entailment;9;ai;bii;1;neutral;once;False;;;Vor einem Jahr hat Judith für Timo ein teures Konzertticket bestellt. Vor vier Wochen hat Timo wieder ein teures Konzertticket erworben, weil sie mit einem Freund feiern will.;Timo hat einmal ein teures Konzertticket erworben.;FacebookAI/roberta-large-mnli;entailment;1;0.1320732831954956;0.13347765803337097;0.7344490885734558
9_ai_bii1_twice_neu;Vor einem Jahr hat Judith für Timo ein teures Konzertticket bestellt.;Vor vier Wochen hat Timo wieder ein teures Konzertticket erworben, weil sie mit einem Freund feiern will.;Timo hat mindestens zweimal ein teures Konzertticket erworben.;unknown;9;ai;bii;1;neutral;twice;False;;;Vor einem Jahr hat Judith für Timo ein teures Konzertticket bestellt. Vor vier Wochen hat Timo wieder ein teures Konzertticket erworben, weil sie mit einem Freund feiern will.;Timo hat mindestens zweimal ein teures Konzertticket erworben.;FacebookAI/roberta-large-mnli;entailment;0;0.08657941967248917;0.31963422894477844;0.593786358833313
9_ai_bii1_cannot_say_neu;Vor einem Jahr hat Judith für Timo ein teures Konzertticket bestellt.;Vor vier Wochen hat Timo wieder ein teures Konzertticket erworben, weil sie mit einem Freund feiern will.;Es lässt sich nicht sagen, wie oft Timo ein teures Konzertticket erworben hat.;unknown;9;ai;bii;1;neutral;cannot say;False;;;Vor einem Jahr hat Judith für Timo ein teures Konzertticket bestellt. Vor vier Wochen hat Timo wieder ein teures Konzertticket erworben, weil sie mit einem Freund feiern will.;Es lässt sich nicht sagen, wie oft Timo ein teures Konzertticket erworben hat.;FacebookAI/roberta-large-mnli;neutral;1;0.1552545577287674;0.790378749370575;0.054366763681173325
9_ai_bii2_once_pos;Vor einem Jahr hat Judith für Timo ein teures Konzertticket bestellt.;Vor vier Wochen hat Judith wieder ein teures Konzertticket erworben, weil er mit einem Freund feiern will.;Judith hat einmal ein teures Konzertticket erworben.;unknown;9;ai;bii;2;positive;once;False;;;Vor einem Jahr hat Judith für Timo ein teures Konzertticket bestellt. Vor vier Wochen hat Judith wieder ein teures Konzertticket erworben, weil er mit einem Freund feiern will.;Judith hat einmal ein teures Konzertticket erworben.;FacebookAI/roberta-large-mnli;entailment;0;0.07163875550031662;0.09407356381416321;0.8342877626419067
9_ai_bii2_twice_pos;Vor einem Jahr hat Judith für Timo ein teures Konzertticket bestellt.;Vor vier Wochen hat Judith wieder ein teures Konzertticket erworben, weil er mit einem Freund feiern will.;Judith hat mindestens zweimal ein teures Konzertticket erworben.;entailment;9;ai;bii;2;positive;twice;False;;;Vor einem Jahr hat Judith für Timo ein teures Konzertticket bestellt. Vor vier Wochen hat Judith wieder ein teures Konzertticket erworben, weil er mit einem Freund feiern will.;Judith hat mindestens zweimal ein teures Konzertticket erworben.;FacebookAI/roberta-large-mnli;entailment;1;0.102521151304245;0.3803415894508362;0.5171372294425964
9_ai_bii2_cannot_say_pos;Vor einem Jahr hat Judith für Timo ein teures Konzertticket bestellt.;Vor vier Wochen hat Judith wieder ein teures Konzertticket erworben, weil er mit einem Freund feiern will.;Es lässt sich nicht sagen, wie oft Judith ein teures Konzertticket erworben hat.;unknown;9;ai;bii;2;positive;cannot say;False;;;Vor einem Jahr hat Judith für Timo ein teures Konzertticket bestellt. Vor vier Wochen hat Judith wieder ein teures Konzertticket erworben, weil er mit einem Freund feiern will.;Es lässt sich nicht sagen, wie oft Judith ein teures Konzertticket erworben hat.;FacebookAI/roberta-large-mnli;neutral;1;0.10957776755094528;0.8277536630630493;0.06266861408948898
9_aii_bi1_once_neu;Vor einem Jahr hat Timo für Judith ein teures Konzertticket bestellt.;Vor vier Wochen hat Timo wieder ein teures Konzertticket bekommen, weil sie mit einem Freund feiern will.;Timo hat einmal ein teures Konzertticket bekommen.;entailment;9;aii;bi;1;neutral;once;False;;;Vor einem Jahr hat Timo für Judith ein teures Konzertticket bestellt. Vor vier Wochen hat Timo wieder ein teures Konzertticket bekommen, weil sie mit einem Freund feiern will.;Timo hat einmal ein teures Konzertticket bekommen.;FacebookAI/roberta-large-mnli;entailment;1;0.08318635076284409;0.09155463427305222;0.8252590298652649
9_aii_bi1_twice_neu;Vor einem Jahr hat Timo für Judith ein teures Konzertticket bestellt.;Vor vier Wochen hat Timo wieder ein teures Konzertticket bekommen, weil sie mit einem Freund feiern will.;Timo hat mindestens zweimal ein teures Konzertticket bekommen.;unknown;9;aii;bi;1;neutral;twice;False;;;Vor einem Jahr hat Timo für Judith ein teures Konzertticket bestellt. Vor vier Wochen hat Timo wieder ein teures Konzertticket bekommen, weil sie mit einem Freund feiern will.;Timo hat mindestens zweimal ein teures Konzertticket bekommen.;FacebookAI/roberta-large-mnli;entailment;0;0.09879335761070251;0.35245028138160706;0.5487563014030457
9_aii_bi1_cannot_say_neu;Vor einem Jahr hat Timo für Judith ein teures Konzertticket bestellt.;Vor vier Wochen hat Timo wieder ein teures Konzertticket bekommen, weil sie mit einem Freund feiern will.;Es lässt sich nicht sagen, wie oft Timo ein teures Konzertticket bekommen hat.;unknown;9;aii;bi;1;neutral;cannot say;False;;;Vor einem Jahr hat Timo für Judith ein teures Konzertticket bestellt. Vor vier Wochen hat Timo wieder ein teures Konzertticket bekommen, weil sie mit einem Freund feiern will.;Es lässt sich nicht sagen, wie oft Timo ein teures Konzertticket bekommen hat.;FacebookAI/roberta-large-mnli;neutral;1;0.12593823671340942;0.8169312477111816;0.05713045597076416
9_aii_bi2_once_pos;Vor einem Jahr hat Timo für Judith ein teures Konzertticket bestellt.;Vor vier Wochen hat Judith wieder ein teures Konzertticket bekommen, weil er mit einem Freund feiern will.;Judith hat einmal ein teures Konzertticket bekommen.;unknown;9;aii;bi;2;positive;once;False;;;Vor einem Jahr hat Timo für Judith ein teures Konzertticket bestellt. Vor vier Wochen hat Judith wieder ein teures Konzertticket bekommen, weil er mit einem Freund feiern will.;Judith hat einmal ein teures Konzertticket bekommen.;FacebookAI/roberta-large-mnli;entailment;0;0.2369948774576187;0.11940357834100723;0.6436015367507935
9_aii_bi2_twice_pos;Vor einem Jahr hat Timo für Judith ein teures Konzertticket bestellt.;Vor vier Wochen hat Judith wieder ein teures Konzertticket bekommen, weil er mit einem Freund feiern will.;Judith hat mindestens zweimal ein teures Konzertticket bekommen.;entailment;9;aii;bi;2;positive;twice;False;;;Vor einem Jahr hat Timo für Judith ein teures Konzertticket bestellt. Vor vier Wochen hat Judith wieder ein teures Konzertticket bekommen, weil er mit einem Freund feiern will.;Judith hat mindestens zweimal ein teures Konzertticket bekommen.;FacebookAI/roberta-large-mnli;entailment;1;0.2306787371635437;0.22896873950958252;0.5403525233268738
9_aii_bi2_cannot_say_pos;Vor einem Jahr hat Timo für Judith ein teures Konzertticket bestellt.;Vor vier Wochen hat Judith wieder ein teures Konzertticket bekommen, weil er mit einem Freund feiern will.;Es lässt sich nicht sagen, wie oft Judith ein teures Konzertticket bekommen hat.;unknown;9;aii;bi;2;positive;cannot say;False;;;Vor einem Jahr hat Timo für Judith ein teures Konzertticket bestellt. Vor vier Wochen hat Judith wieder ein teures Konzertticket bekommen, weil er mit einem Freund feiern will.;Es lässt sich nicht sagen, wie oft Judith ein teures Konzertticket bekommen hat.;FacebookAI/roberta-large-mnli;neutral;1;0.12471509724855423;0.8170716166496277;0.05821331962943077
9_aii_bii1_once_pos;Vor einem Jahr hat Timo für Judith ein teures Konzertticket bestellt.;Vor vier Wochen hat Timo wieder ein teures Konzertticket erworben, weil sie mit einem Freund feiern will.;Timo hat einmal ein teures Konzertticket erworben.;unknown;9;aii;bii;1;positive;once;False;;;Vor einem Jahr hat Timo für Judith ein teures Konzertticket bestellt. Vor vier Wochen hat Timo wieder ein teures Konzertticket erworben, weil sie mit einem Freund feiern will.;Timo hat einmal ein teures Konzertticket erworben.;FacebookAI/roberta-large-mnli;entailment;0;0.10256855189800262;0.10007297247648239;0.7973584532737732
9_aii_bii1_twice_pos;Vor einem Jahr hat Timo für Judith ein teures Konzertticket bestellt.;Vor vier Wochen hat Timo wieder ein teures Konzertticket erworben, weil sie mit einem Freund feiern will.;Timo hat mindestens zweimal ein teures Konzertticket erworben.;entailment;9;aii;bii;1;positive;twice;False;;;Vor einem Jahr hat Timo für Judith ein teures Konzertticket bestellt. Vor vier Wochen hat Timo wieder ein teures Konzertticket erworben, weil sie mit einem Freund feiern will.;Timo hat mindestens zweimal ein teures Konzertticket erworben.;FacebookAI/roberta-large-mnli;entailment;1;0.09915275871753693;0.35937798023223877;0.5414692759513855
9_aii_bii1_cannot_say_pos;Vor einem Jahr hat Timo für Judith ein teures Konzertticket bestellt.;Vor vier Wochen hat Timo wieder ein teures Konzertticket erworben, weil sie mit einem Freund feiern will.;Es lässt sich nicht sagen, wie oft Timo ein teures Konzertticket erworben hat.;unknown;9;aii;bii;1;positive;cannot say;False;;;Vor einem Jahr hat Timo für Judith ein teures Konzertticket bestellt. Vor vier Wochen hat Timo wieder ein teures Konzertticket erworben, weil sie mit einem Freund feiern will.;Es lässt sich nicht sagen, wie oft Timo ein teures Konzertticket erworben hat.;FacebookAI/roberta-large-mnli;neutral;1;0.12886600196361542;0.8109837174415588;0.060150258243083954
9_aii_bii2_once_neu;Vor einem Jahr hat Timo für Judith ein teures Konzertticket bestellt.;Vor vier Wochen hat Judith wieder ein teures Konzertticket erworben, weil er mit einem Freund feiern will.;Judith hat einmal ein teures Konzertticket erworben.;entailment;9;aii;bii;2;neutral;once;False;;;Vor einem Jahr hat Timo für Judith ein teures Konzertticket bestellt. Vor vier Wochen hat Judith wieder ein teures Konzertticket erworben, weil er mit einem Freund feiern will.;Judith hat einmal ein teures Konzertticket erworben.;FacebookAI/roberta-large-mnli;entailment;1;0.1507260799407959;0.11893659085035324;0.7303373217582703
9_aii_bii2_twice_neu;Vor einem Jahr hat Timo für Judith ein teures Konzertticket bestellt.;Vor vier Wochen hat Judith wieder ein teures Konzertticket erworben, weil er mit einem Freund feiern will.;Judith hat mindestens zweimal ein teures Konzertticket erworben.;unknown;9;aii;bii;2;neutral;twice;False;;;Vor einem Jahr hat Timo für Judith ein teures Konzertticket bestellt. Vor vier Wochen hat Judith wieder ein teures Konzertticket erworben, weil er mit einem Freund feiern will.;Judith hat mindestens zweimal ein teures Konzertticket erworben.;FacebookAI/roberta-large-mnli;entailment;0;0.1464572250843048;0.27103179693222046;0.5825108885765076
9_aii_bii2_cannot_say_neu;Vor einem Jahr hat Timo für Judith ein teures Konzertticket bestellt.;Vor vier Wochen hat Judith wieder ein teures Konzertticket erworben, weil er mit einem Freund feiern will.;Es lässt sich nicht sagen, wie oft Judith ein teures Konzertticket erworben hat.;unknown;9;aii;bii;2;neutral;cannot say;False;;;Vor einem Jahr hat Timo für Judith ein teures Konzertticket bestellt. Vor vier Wochen hat Judith wieder ein teures Konzertticket erworben, weil er mit einem Freund feiern will.;Es lässt sich nicht sagen, wie oft Judith ein teures Konzertticket erworben hat.;FacebookAI/roberta-large-mnli;neutral;1;0.13330808281898499;0.8093579411506653;0.05733408033847809
10_ai_bi1_once_pos;Letztes Semester hat Greta Judith einen kleinen Spickzettel zukommen lassen.;Vor fünf Tagen hat Judith wieder einen kleinen Spickzettel erhalten, als sie an einer Klausur teilgenommen hat.;Judith hat einmal einen kleinen Spickzettel erhalten.;unknown;10;ai;bi;1;positive;once;False;;;Letztes Semester hat Greta Judith einen kleinen Spickzettel zukommen lassen. Vor fünf Tagen hat Judith wieder einen kleinen Spickzettel erhalten, als sie an einer Klausur teilgenommen hat.;Judith hat einmal einen kleinen Spickzettel erhalten.;FacebookAI/roberta-large-mnli;entailment;0;0.14839528501033783;0.12487573176622391;0.7267289757728577
10_ai_bi1_twice_pos;Letztes Semester hat Greta Judith einen kleinen Spickzettel zukommen lassen.;Vor fünf Tagen hat Judith wieder einen kleinen Spickzettel erhalten, als sie an einer Klausur teilgenommen hat.;Judith hat mindestens zweimal einen kleinen Spickzettel erhalten.;entailment;10;ai;bi;1;positive;twice;False;;;Letztes Semester hat Greta Judith einen kleinen Spickzettel zukommen lassen. Vor fünf Tagen hat Judith wieder einen kleinen Spickzettel erhalten, als sie an einer Klausur teilgenommen hat.;Judith hat mindestens zweimal einen kleinen Spickzettel erhalten.;FacebookAI/roberta-large-mnli;entailment;1;0.0647723600268364;0.4019280970096588;0.5332995653152466
10_ai_bi1_cannot_say_pos;Letztes Semester hat Greta Judith einen kleinen Spickzettel zukommen lassen.;Vor fünf Tagen hat Judith wieder einen kleinen Spickzettel erhalten, als sie an einer Klausur teilgenommen hat.;Es lässt sich nicht sagen, wie oft Judith einen kleinen Spickzettel erhalten hat.;unknown;10;ai;bi;1;positive;cannot say;False;;;Letztes Semester hat Greta Judith einen kleinen Spickzettel zukommen lassen. Vor fünf Tagen hat Judith wieder einen kleinen Spickzettel erhalten, als sie an einer Klausur teilgenommen hat.;Es lässt sich nicht sagen, wie oft Judith einen kleinen Spickzettel erhalten hat.;FacebookAI/roberta-large-mnli;neutral;1;0.1282568871974945;0.7976430654525757;0.07409998029470444
10_ai_bi2_once_neu;Letztes Semester hat Greta Judith einen kleinen Spickzettel zukommen lassen.;Vor fünf Tagen hat Greta wieder einen kleinen Spickzettel erhalten, als sie an einer Klausur teilgenommen hat.;Greta hat einmal einen kleinen Spickzettel erhalten.;entailment;10;ai;bi;2;neutral;once;False;;;Letztes Semester hat Greta Judith einen kleinen Spickzettel zukommen lassen. Vor fünf Tagen hat Greta wieder einen kleinen Spickzettel erhalten, als sie an einer Klausur teilgenommen hat.;Greta hat einmal einen kleinen Spickzettel erhalten.;FacebookAI/roberta-large-mnli;entailment;1;0.17211240530014038;0.13313531875610352;0.6947522759437561
10_ai_bi2_twice_neu;Letztes Semester hat Greta Judith einen kleinen Spickzettel zukommen lassen.;Vor fünf Tagen hat Greta wieder einen kleinen Spickzettel erhalten, als sie an einer Klausur teilgenommen hat.;Greta hat mindestens zweimal einen kleinen Spickzettel erhalten.;unknown;10;ai;bi;2;neutral;twice;False;;;Letztes Semester hat Greta Judith einen kleinen Spickzettel zukommen lassen. Vor fünf Tagen hat Greta wieder einen kleinen Spickzettel erhalten, als sie an einer Klausur teilgenommen hat.;Greta hat mindestens zweimal einen kleinen Spickzettel erhalten.;FacebookAI/roberta-large-mnli;entailment;0;0.07255031168460846;0.422825425863266;0.5046241879463196
10_ai_bi2_cannot_say_neu;Letztes Semester hat Greta Judith einen kleinen Spickzettel zukommen lassen.;Vor fünf Tagen hat Greta wieder einen kleinen Spickzettel erhalten, als sie an einer Klausur teilgenommen hat.;Es lässt sich nicht sagen, wie oft Greta einen kleinen Spickzettel erhalten hat.;unknown;10;ai;bi;2;neutral;cannot say;False;;;Letztes Semester hat Greta Judith einen kleinen Spickzettel zukommen lassen. Vor fünf Tagen hat Greta wieder einen kleinen Spickzettel erhalten, als sie an einer Klausur teilgenommen hat.;Es lässt sich nicht sagen, wie oft Greta einen kleinen Spickzettel erhalten hat.;FacebookAI/roberta-large-mnli;neutral;1;0.1093064621090889;0.7998973727226257;0.09079616516828537
10_ai_bii1_once_neu;Letztes Semester hat Greta Judith einen kleinen Spickzettel zukommen lassen.;Vor fünf Tagen hat Judith wieder einen kleinen Spickzettel weitergegeben, als sie an einer Klausur teilgenommen hat.;Judith hat einmal einen kleinen Spickzettel weitergegeben.;entailment;10;ai;bii;1;neutral;once;False;;;Letztes Semester hat Greta Judith einen kleinen Spickzettel zukommen lassen. Vor fünf Tagen hat Judith wieder einen kleinen Spickzettel weitergegeben, als sie an einer Klausur teilgenommen hat.;Judith hat einmal einen kleinen Spickzettel weitergegeben.;FacebookAI/roberta-large-mnli;entailment;1;0.13515207171440125;0.14700141549110413;0.7178465127944946
10_ai_bii1_twice_neu;Letztes Semester hat Greta Judith einen kleinen Spickzettel zukommen lassen.;Vor fünf Tagen hat Judith wieder einen kleinen Spickzettel weitergegeben, als sie an einer Klausur teilgenommen hat.;Judith hat mindestens zweimal einen kleinen Spickzettel weitergegeben.;unknown;10;ai;bii;1;neutral;twice;False;;;Letztes Semester hat Greta Judith einen kleinen Spickzettel zukommen lassen. Vor fünf Tagen hat Judith wieder einen kleinen Spickzettel weitergegeben, als sie an einer Klausur teilgenommen hat.;Judith hat mindestens zweimal einen kleinen Spickzettel weitergegeben.;FacebookAI/roberta-large-mnli;entailment;0;0.07749662548303604;0.4151970148086548;0.5073062777519226
10_ai_bii1_cannot_say_neu;Letztes Semester hat Greta Judith einen kleinen Spickzettel zukommen lassen.;Vor fünf Tagen hat Judith wieder einen kleinen Spickzettel weitergegeben, als sie an einer Klausur teilgenommen hat.;Es lässt sich nicht sagen, wie oft Judith einen kleinen Spickzettel weitergegeben hat.;unknown;10;ai;bii;1;neutral;cannot say;False;;;Letztes Semester hat Greta Judith einen kleinen Spickzettel zukommen lassen. Vor fünf Tagen hat Judith wieder einen kleinen Spickzettel weitergegeben, als sie an einer Klausur teilgenommen hat.;Es lässt sich nicht sagen, wie oft Judith einen kleinen Spickzettel weitergegeben hat.;FacebookAI/roberta-large-mnli;neutral;1;0.12376184016466141;0.8047537207603455;0.07148443907499313
10_ai_bii2_once_pos;Letztes Semester hat Greta Judith einen kleinen Spickzettel zukommen lassen.;Vor fünf Tagen hat Greta wieder einen kleinen Spickzettel weitergegeben, als sie an einer Klausur teilgenommen hat.;Greta hat einmal einen kleinen Spickzettel weitergegeben.;unknown;10;ai;bii;2;positive;once;False;;;Letztes Semester hat Greta Judith einen kleinen Spickzettel zukommen lassen. Vor fünf Tagen hat Greta wieder einen kleinen Spickzettel weitergegeben, als sie an einer Klausur teilgenommen hat.;Greta hat einmal einen kleinen Spickzettel weitergegeben.;FacebookAI/roberta-large-mnli;entailment;0;0.14795473217964172;0.18308526277542114;0.6689600348472595
10_ai_bii2_twice_pos;Letztes Semester hat Greta Judith einen kleinen Spickzettel zukommen lassen.;Vor fünf Tagen hat Greta wieder einen kleinen Spickzettel weitergegeben, als sie an einer Klausur teilgenommen hat.;Greta hat mindestens zweimal einen kleinen Spickzettel weitergegeben.;entailment;10;ai;bii;2;positive;twice;False;;;Letztes Semester hat Greta Judith einen kleinen Spickzettel zukommen lassen. Vor fünf Tagen hat Greta wieder einen kleinen Spickzettel weitergegeben, als sie an einer Klausur teilgenommen hat.;Greta hat mindestens zweimal einen kleinen Spickzettel weitergegeben.;FacebookAI/roberta-large-mnli;entailment;1;0.0857313796877861;0.38602790236473083;0.5282406806945801
10_ai_bii2_cannot_say_pos;Letztes Semester hat Greta Judith einen kleinen Spickzettel zukommen lassen.;Vor fünf Tagen hat Greta wieder einen kleinen Spickzettel weitergegeben, als sie an einer Klausur teilgenommen hat.;Es lässt sich nicht sagen, wie oft Greta einen kleinen Spickzettel weitergegeben hat.;unknown;10;ai;bii;2;positive;cannot say;False;;;Letztes Semester hat Greta Judith einen kleinen Spickzettel zukommen lassen. Vor fünf Tagen hat Greta wieder einen kleinen Spickzettel weitergegeben, als sie an einer Klausur teilgenommen hat.;Es lässt sich nicht sagen, wie oft Greta einen kleinen Spickzettel weitergegeben hat.;FacebookAI/roberta-large-mnli;neutral;1;0.1100912094116211;0.8131194710731506;0.07678933441638947
10_aii_bi1_once_neu;Letztes Semester hat Judith Greta einen kleinen Spickzettel zukommen lassen.;Vor fünf Tagen hat Judith wieder einen kleinen Spickzettel erhalten, als sie an einer Klausur teilgenommen hat.;Judith hat einmal einen kleinen Spickzettel erhalten.;entailment;10;aii;bi;1;neutral;once;False;;;Letztes Semester hat Judith Greta einen kleinen Spickzettel zukommen lassen. Vor fünf Tagen hat Judith wieder einen kleinen Spickzettel erhalten, als sie an einer Klausur teilgenommen hat.;Judith hat einmal einen kleinen Spickzettel erhalten.;FacebookAI/roberta-large-mnli;entailment;1;0.16458767652511597;0.11746927350759506;0.7179429531097412
10_aii_bi1_twice_neu;Letztes Semester hat Judith Greta einen kleinen Spickzettel zukommen lassen.;Vor fünf Tagen hat Judith wieder einen kleinen Spickzettel erhalten, als sie an einer Klausur teilgenommen hat.;Judith hat mindestens zweimal einen kleinen Spickzettel erhalten.;unknown;10;aii;bi;1;neutral;twice;False;;;Letztes Semester hat Judith Greta einen kleinen Spickzettel zukommen lassen. Vor fünf Tagen hat Judith wieder einen kleinen Spickzettel erhalten, als sie an einer Klausur teilgenommen hat.;Judith hat mindestens zweimal einen kleinen Spickzettel erhalten.;FacebookAI/roberta-large-mnli;entailment;0;0.06735561788082123;0.41224709153175354;0.5203973054885864
10_aii_bi1_cannot_say_neu;Letztes Semester hat Judith Greta einen kleinen Spickzettel zukommen lassen.;Vor fünf Tagen hat Judith wieder einen kleinen Spickzettel erhalten, als sie an einer Klausur teilgenommen hat.;Es lässt sich nicht sagen, wie oft Judith einen kleinen Spickzettel erhalten hat.;unknown;10;aii;bi;1;neutral;cannot say;False;;;Letztes Semester hat Judith Greta einen kleinen Spickzettel zukommen lassen. Vor fünf Tagen hat Judith wieder einen kleinen Spickzettel erhalten, als sie an einer Klausur teilgenommen hat.;Es lässt sich nicht sagen, wie oft Judith einen kleinen Spickzettel erhalten hat.;FacebookAI/roberta-large-mnli;neutral;1;0.12383973598480225;0.7955352067947388;0.08062494546175003
10_aii_bi2_once_pos;Letztes Semester hat Judith Greta einen kleinen Spickzettel zukommen lassen.;Vor fünf Tagen hat Greta wieder einen kleinen Spickzettel erhalten, als sie an einer Klausur teilgenommen hat.;Greta hat einmal einen kleinen Spickzettel erhalten.;unknown;10;aii;bi;2;positive;once;False;;;Letztes Semester hat Judith Greta einen kleinen Spickzettel zukommen lassen. Vor fünf Tagen hat Greta wieder einen kleinen Spickzettel erhalten, als sie an einer Klausur teilgenommen hat.;Greta hat einmal einen kleinen Spickzettel erhalten.;FacebookAI/roberta-large-mnli;entailment;0;0.17058165371418;0.1403224915266037;0.6890958547592163
10_aii_bi2_twice_pos;Letztes Semester hat Judith Greta einen kleinen Spickzettel zukommen lassen.;Vor fünf Tagen hat Greta wieder einen kleinen Spickzettel erhalten, als sie an einer Klausur teilgenommen hat.;Greta hat mindestens zweimal einen kleinen Spickzettel erhalten.;entailment;10;aii;bi;2;positive;twice;False;;;Letztes Semester hat Judith Greta einen kleinen Spickzettel zukommen lassen. Vor fünf Tagen hat Greta wieder einen kleinen Spickzettel erhalten, als sie an einer Klausur teilgenommen hat.;Greta hat mindestens zweimal einen kleinen Spickzettel erhalten.;FacebookAI/roberta-large-mnli;entailment;1;0.07208939641714096;0.4227767586708069;0.505133867263794
10_aii_bi2_cannot_say_pos;Letztes Semester hat Judith Greta einen kleinen Spickzettel zukommen lassen.;Vor fünf Tagen hat Greta wieder einen kleinen Spickzettel erhalten, als sie an einer Klausur teilgenommen hat.;Es lässt sich nicht sagen, wie oft Greta einen kleinen Spickzettel erhalten hat.;unknown;10;aii;bi;2;positive;cannot say;False;;;Letztes Semester hat Judith Greta einen kleinen Spickzettel zukommen lassen. Vor fünf Tagen hat Greta wieder einen kleinen Spickzettel erhalten, als sie an einer Klausur teilgenommen hat.;Es lässt sich nicht sagen, wie oft Greta einen kleinen Spickzettel erhalten hat.;FacebookAI/roberta-large-mnli;neutral;1;0.11796587705612183;0.80063396692276;0.08140015602111816
10_aii_bii1_once_pos;Letztes Semester hat Judith Greta einen kleinen Spickzettel zukommen lassen.;Vor fünf Tagen hat Judith wieder einen kleinen Spickzettel weitergegeben, als sie an einer Klausur teilgenommen hat.;Judith hat einmal einen kleinen Spickzettel weitergegeben.;unknown;10;aii;bii;1;positive;once;False;;;Letztes Semester hat Judith Greta einen kleinen Spickzettel zukommen lassen. Vor fünf Tagen hat Judith wieder einen kleinen Spickzettel weitergegeben, als sie an einer Klausur teilgenommen hat.;Judith hat einmal einen kleinen Spickzettel weitergegeben.;FacebookAI/roberta-large-mnli;entailment;0;0.14911319315433502;0.1353728324174881;0.7155140042304993
10_aii_bii1_twice_pos;Letztes Semester hat Judith Greta einen kleinen Spickzettel zukommen lassen.;Vor fünf Tagen hat Judith wieder einen kleinen Spickzettel weitergegeben, als sie an einer Klausur teilgenommen hat.;Judith hat mindestens zweimal einen kleinen Spickzettel weitergegeben.;entailment;10;aii;bii;1;positive;twice;False;;;Letztes Semester hat Judith Greta einen kleinen Spickzettel zukommen lassen. Vor fünf Tagen hat Judith wieder einen kleinen Spickzettel weitergegeben, als sie an einer Klausur teilgenommen hat.;Judith hat mindestens zweimal einen kleinen Spickzettel weitergegeben.;FacebookAI/roberta-large-mnli;entailment;1;0.07916104048490524;0.4194888174533844;0.5013501048088074
10_aii_bii1_cannot_say_pos;Letztes Semester hat Judith Greta einen kleinen Spickzettel zukommen lassen.;Vor fünf Tagen hat Judith wieder einen kleinen Spickzettel weitergegeben, als sie an einer Klausur teilgenommen hat.;Es lässt sich nicht sagen, wie oft Judith einen kleinen Spickzettel weitergegeben hat.;unknown;10;aii;bii;1;positive;cannot say;False;;;Letztes Semester hat Judith Greta einen kleinen Spickzettel zukommen lassen. Vor fünf Tagen hat Judith wieder einen kleinen Spickzettel weitergegeben, als sie an einer Klausur teilgenommen hat.;Es lässt sich nicht sagen, wie oft Judith einen kleinen Spickzettel weitergegeben hat.;FacebookAI/roberta-large-mnli;neutral;1;0.11772644519805908;0.8064280152320862;0.07584548741579056
10_aii_bii2_once_neu;Letztes Semester hat Judith Greta einen kleinen Spickzettel zukommen lassen.;Vor fünf Tagen hat Greta wieder einen kleinen Spickzettel weitergegeben, als sie an einer Klausur teilgenommen hat.;Greta hat einmal einen kleinen Spickzettel weitergegeben.;entailment;10;aii;bii;2;neutral;once;False;;;Letztes Semester hat Judith Greta einen kleinen Spickzettel zukommen lassen. Vor fünf Tagen hat Greta wieder einen kleinen Spickzettel weitergegeben, als sie an einer Klausur teilgenommen hat.;Greta hat einmal einen kleinen Spickzettel weitergegeben.;FacebookAI/roberta-large-mnli;entailment;1;0.1474616974592209;0.1909366250038147;0.661601722240448
10_aii_bii2_twice_neu;Letztes Semester hat Judith Greta einen kleinen Spickzettel zukommen lassen.;Vor fünf Tagen hat Greta wieder einen kleinen Spickzettel weitergegeben, als sie an einer Klausur teilgenommen hat.;Greta hat mindestens zweimal einen kleinen Spickzettel weitergegeben.;unknown;10;aii;bii;2;neutral;twice;False;;;Letztes Semester hat Judith Greta einen kleinen Spickzettel zukommen lassen. Vor fünf Tagen hat Greta wieder einen kleinen Spickzettel weitergegeben, als sie an einer Klausur teilgenommen hat.;Greta hat mindestens zweimal einen kleinen Spickzettel weitergegeben.;FacebookAI/roberta-large-mnli;entailment;0;0.08568375557661057;0.3774706721305847;0.5368455648422241
10_aii_bii2_cannot_say_neu;Letztes Semester hat Judith Greta einen kleinen Spickzettel zukommen lassen.;Vor fünf Tagen hat Greta wieder einen kleinen Spickzettel weitergegeben, als sie an einer Klausur teilgenommen hat.;Es lässt sich nicht sagen, wie oft Greta einen kleinen Spickzettel weitergegeben hat.;unknown;10;aii;bii;2;neutral;cannot say;False;;;Letztes Semester hat Judith Greta einen kleinen Spickzettel zukommen lassen. Vor fünf Tagen hat Greta wieder einen kleinen Spickzettel weitergegeben, als sie an einer Klausur teilgenommen hat.;Es lässt sich nicht sagen, wie oft Greta einen kleinen Spickzettel weitergegeben hat.;FacebookAI/roberta-large-mnli;neutral;1;0.11934195458889008;0.8081478476524353;0.07251019030809402
11_ai_bi1_once_pos;Vor zwei Monaten hat Thorsten Linda ein interessantes Jobangebot offeriert.;Vor zwei Tagen hat Linda wieder ein interessantes Jobangebot bekommen, als sie auf einer Jobbörse zugegen war.;Linda hat einmal ein interessantes Jobangebot bekommen.;unknown;11;ai;bi;1;positive;once;False;;;Vor zwei Monaten hat Thorsten Linda ein interessantes Jobangebot offeriert. Vor zwei Tagen hat Linda wieder ein interessantes Jobangebot bekommen, als sie auf einer Jobbörse zugegen war.;Linda hat einmal ein interessantes Jobangebot bekommen.;FacebookAI/roberta-large-mnli;entailment;0;0.06994082033634186;0.26828277111053467;0.6617763638496399
11_ai_bi1_twice_pos;Vor zwei Monaten hat Thorsten Linda ein interessantes Jobangebot offeriert.;Vor zwei Tagen hat Linda wieder ein interessantes Jobangebot bekommen, als sie auf einer Jobbörse zugegen war.;Linda hat mindestens zweimal ein interessantes Jobangebot bekommen.;entailment;11;ai;bi;1;positive;twice;False;;;Vor zwei Monaten hat Thorsten Linda ein interessantes Jobangebot offeriert. Vor zwei Tagen hat Linda wieder ein interessantes Jobangebot bekommen, als sie auf einer Jobbörse zugegen war.;Linda hat mindestens zweimal ein interessantes Jobangebot bekommen.;FacebookAI/roberta-large-mnli;entailment;1;0.04940025508403778;0.13637012243270874;0.8142296075820923
11_ai_bi1_cannot_say_pos;Vor zwei Monaten hat Thorsten Linda ein interessantes Jobangebot offeriert.;Vor zwei Tagen hat Linda wieder ein interessantes Jobangebot bekommen, als sie auf einer Jobbörse zugegen war.;Es lässt sich nicht sagen, wie oft Linda ein interessantes Jobangebot bekommen hat.;unknown;11;ai;bi;1;positive;cannot say;False;;;Vor zwei Monaten hat Thorsten Linda ein interessantes Jobangebot offeriert. Vor zwei Tagen hat Linda wieder ein interessantes Jobangebot bekommen, als sie auf einer Jobbörse zugegen war.;Es lässt sich nicht sagen, wie oft Linda ein interessantes Jobangebot bekommen hat.;FacebookAI/roberta-large-mnli;neutral;1;0.07552270591259003;0.8715821504592896;0.05289506912231445
11_ai_bi2_once_neu;Vor zwei Monaten hat Thorsten Linda ein interessantes Jobangebot offeriert.;Vor zwei Tagen hat Thorsten wieder ein interessantes Jobangebot bekommen, als er auf einer Jobbörse zugegen war.;Thorsten hat einmal ein interessantes Jobangebot bekommen.;entailment;11;ai;bi;2;neutral;once;False;;;Vor zwei Monaten hat Thorsten Linda ein interessantes Jobangebot offeriert. Vor zwei Tagen hat Thorsten wieder ein interessantes Jobangebot bekommen, als er auf einer Jobbörse zugegen war.;Thorsten hat einmal ein interessantes Jobangebot bekommen.;FacebookAI/roberta-large-mnli;entailment;1;0.09479448944330215;0.3530489504337311;0.5521565675735474
11_ai_bi2_twice_neu;Vor zwei Monaten hat Thorsten Linda ein interessantes Jobangebot offeriert.;Vor zwei Tagen hat Thorsten wieder ein interessantes Jobangebot bekommen, als er auf einer Jobbörse zugegen war.;Thorsten hat mindestens zweimal ein interessantes Jobangebot bekommen.;unknown;11;ai;bi;2;neutral;twice;False;;;Vor zwei Monaten hat Thorsten Linda ein interessantes Jobangebot offeriert. Vor zwei Tagen hat Thorsten wieder ein interessantes Jobangebot bekommen, als er auf einer Jobbörse zugegen war.;Thorsten hat mindestens zweimal ein interessantes Jobangebot bekommen.;FacebookAI/roberta-large-mnli;entailment;0;0.06916774809360504;0.31612130999565125;0.6147109866142273
11_ai_bi2_cannot_say_neu;Vor zwei Monaten hat Thorsten Linda ein interessantes Jobangebot offeriert.;Vor zwei Tagen hat Thorsten wieder ein interessantes Jobangebot bekommen, als er auf einer Jobbörse zugegen war.;Es lässt sich nicht sagen, wie oft Thorsten ein interessantes Jobangebot bekommen hat.;unknown;11;ai;bi;2;neutral;cannot say;False;;;Vor zwei Monaten hat Thorsten Linda ein interessantes Jobangebot offeriert. Vor zwei Tagen hat Thorsten wieder ein interessantes Jobangebot bekommen, als er auf einer Jobbörse zugegen war.;Es lässt sich nicht sagen, wie oft Thorsten ein interessantes Jobangebot bekommen hat.;FacebookAI/roberta-large-mnli;neutral;1;0.07728949189186096;0.871187686920166;0.051522865891456604
11_ai_bii1_once_neu;Vor zwei Monaten hat Thorsten Linda ein interessantes Jobangebot offeriert.;Vor zwei Tagen hat Linda wieder ein interessantes Jobangebot gemacht, als sie auf einer Jobbörse zugegen war.;Linda hat einmal ein interessantes Jobangebot gemacht.;entailment;11;ai;bii;1;neutral;once;False;;;Vor zwei Monaten hat Thorsten Linda ein interessantes Jobangebot offeriert. Vor zwei Tagen hat Linda wieder ein interessantes Jobangebot gemacht, als sie auf einer Jobbörse zugegen war.;Linda hat einmal ein interessantes Jobangebot gemacht.;FacebookAI/roberta-large-mnli;entailment;1;0.0525343231856823;0.21273870766162872;0.7347269058227539
11_ai_bii1_twice_neu;Vor zwei Monaten hat Thorsten Linda ein interessantes Jobangebot offeriert.;Vor zwei Tagen hat Linda wieder ein interessantes Jobangebot gemacht, als sie auf einer Jobbörse zugegen war.;Linda hat mindestens zweimal ein interessantes Jobangebot gemacht.;unknown;11;ai;bii;1;neutral;twice;False;;;Vor zwei Monaten hat Thorsten Linda ein interessantes Jobangebot offeriert. Vor zwei Tagen hat Linda wieder ein interessantes Jobangebot gemacht, als sie auf einer Jobbörse zugegen war.;Linda hat mindestens zweimal ein interessantes Jobangebot gemacht.;FacebookAI/roberta-large-mnli;entailment;0;0.06352498382329941;0.14098715782165527;0.7954877614974976
11_ai_bii1_cannot_say_neu;Vor zwei Monaten hat Thorsten Linda ein interessantes Jobangebot offeriert.;Vor zwei Tagen hat Linda wieder ein interessantes Jobangebot gemacht, als sie auf einer Jobbörse zugegen war.;Es lässt sich nicht sagen, wie oft Linda ein interessantes Jobangebot gemacht hat.;unknown;11;ai;bii;1;neutral;cannot say;False;;;Vor zwei Monaten hat Thorsten Linda ein interessantes Jobangebot offeriert. Vor zwei Tagen hat Linda wieder ein interessantes Jobangebot gemacht, als sie auf einer Jobbörse zugegen war.;Es lässt sich nicht sagen, wie oft Linda ein interessantes Jobangebot gemacht hat.;FacebookAI/roberta-large-mnli;neutral;1;0.10184688866138458;0.8409307599067688;0.05722234770655632
11_ai_bii2_once_pos;Vor zwei Monaten hat Thorsten Linda ein interessantes Jobangebot offeriert.;Vor zwei Tagen hat Thorsten wieder ein interessantes Jobangebot gemacht, als er auf einer Jobbörse zugegen war.;Thorsten hat einmal ein interessantes Jobangebot gemacht.;unknown;11;ai;bii;2;positive;once;False;;;Vor zwei Monaten hat Thorsten Linda ein interessantes Jobangebot offeriert. Vor zwei Tagen hat Thorsten wieder ein interessantes Jobangebot gemacht, als er auf einer Jobbörse zugegen war.;Thorsten hat einmal ein interessantes Jobangebot gemacht.;FacebookAI/roberta-large-mnli;entailment;0;0.07561249285936356;0.27007463574409485;0.6543129086494446
11_ai_bii2_twice_pos;Vor zwei Monaten hat Thorsten Linda ein interessantes Jobangebot offeriert.;Vor zwei Tagen hat Thorsten wieder ein interessantes Jobangebot gemacht, als er auf einer Jobbörse zugegen war.;Thorsten hat mindestens zweimal ein interessantes Jobangebot gemacht.;entailment;11;ai;bii;2;positive;twice;False;;;Vor zwei Monaten hat Thorsten Linda ein interessantes Jobangebot offeriert. Vor zwei Tagen hat Thorsten wieder ein interessantes Jobangebot gemacht, als er auf einer Jobbörse zugegen war.;Thorsten hat mindestens zweimal ein interessantes Jobangebot gemacht.;FacebookAI/roberta-large-mnli;entailment;1;0.08377458900213242;0.2807954251766205;0.6354299783706665
11_ai_bii2_cannot_say_pos;Vor zwei Monaten hat Thorsten Linda ein interessantes Jobangebot offeriert.;Vor zwei Tagen hat Thorsten wieder ein interessantes Jobangebot gemacht, als er auf einer Jobbörse zugegen war.;Es lässt sich nicht sagen, wie oft Thorsten ein interessantes Jobangebot gemacht hat.;unknown;11;ai;bii;2;positive;cannot say;False;;;Vor zwei Monaten hat Thorsten Linda ein interessantes Jobangebot offeriert. Vor zwei Tagen hat Thorsten wieder ein interessantes Jobangebot gemacht, als er auf einer Jobbörse zugegen war.;Es lässt sich nicht sagen, wie oft Thorsten ein interessantes Jobangebot gemacht hat.;FacebookAI/roberta-large-mnli;neutral;1;0.09612381458282471;0.8516200184822083;0.052256155759096146
11_aii_bi1_once_neu;Vor zwei Monaten hat Linda Thorsten ein interessantes Jobangebot offeriert.;Vor zwei Tagen hat Linda wieder ein interessantes Jobangebot bekommen, als sie auf einer Jobbörse zugegen war.;Linda hat einmal ein interessantes Jobangebot bekommen.;entailment;11;aii;bi;1;neutral;once;False;;;Vor zwei Monaten hat Linda Thorsten ein interessantes Jobangebot offeriert. Vor zwei Tagen hat Linda wieder ein interessantes Jobangebot bekommen, als sie auf einer Jobbörse zugegen war.;Linda hat einmal ein interessantes Jobangebot bekommen.;FacebookAI/roberta-large-mnli;entailment;1;0.06054394319653511;0.23209181427955627;0.7073642611503601
11_aii_bi1_twice_neu;Vor zwei Monaten hat Linda Thorsten ein interessantes Jobangebot offeriert.;Vor zwei Tagen hat Linda wieder ein interessantes Jobangebot bekommen, als sie auf einer Jobbörse zugegen war.;Linda hat mindestens zweimal ein interessantes Jobangebot bekommen.;unknown;11;aii;bi;1;neutral;twice;False;;;Vor zwei Monaten hat Linda Thorsten ein interessantes Jobangebot offeriert. Vor zwei Tagen hat Linda wieder ein interessantes Jobangebot bekommen, als sie auf einer Jobbörse zugegen war.;Linda hat mindestens zweimal ein interessantes Jobangebot bekommen.;FacebookAI/roberta-large-mnli;entailment;0;0.05590568110346794;0.21497675776481628;0.7291175127029419
11_aii_bi1_cannot_say_neu;Vor zwei Monaten hat Linda Thorsten ein interessantes Jobangebot offeriert.;Vor zwei Tagen hat Linda wieder ein interessantes Jobangebot bekommen, als sie auf einer Jobbörse zugegen war.;Es lässt sich nicht sagen, wie oft Linda ein interessantes Jobangebot bekommen hat.;unknown;11;aii;bi;1;neutral;cannot say;False;;;Vor zwei Monaten hat Linda Thorsten ein interessantes Jobangebot offeriert. Vor zwei Tagen hat Linda wieder ein interessantes Jobangebot bekommen, als sie auf einer Jobbörse zugegen war.;Es lässt sich nicht sagen, wie oft Linda ein interessantes Jobangebot bekommen hat.;FacebookAI/roberta-large-mnli;neutral;1;0.06547865271568298;0.886292040348053;0.04822927340865135
11_aii_bi2_once_pos;Vor zwei Monaten hat Linda Thorsten ein interessantes Jobangebot offeriert.;Vor zwei Tagen hat Thorsten wieder ein interessantes Jobangebot bekommen, als er auf einer Jobbörse zugegen war.;Thorsten hat einmal ein interessantes Jobangebot bekommen.;unknown;11;aii;bi;2;positive;once;False;;;Vor zwei Monaten hat Linda Thorsten ein interessantes Jobangebot offeriert. Vor zwei Tagen hat Thorsten wieder ein interessantes Jobangebot bekommen, als er auf einer Jobbörse zugegen war.;Thorsten hat einmal ein interessantes Jobangebot bekommen.;FacebookAI/roberta-large-mnli;entailment;0;0.09382358938455582;0.33181023597717285;0.5743660926818848
11_aii_bi2_twice_pos;Vor zwei Monaten hat Linda Thorsten ein interessantes Jobangebot offeriert.;Vor zwei Tagen hat Thorsten wieder ein interessantes Jobangebot bekommen, als er auf einer Jobbörse zugegen war.;Thorsten hat mindestens zweimal ein interessantes Jobangebot bekommen.;entailment;11;aii;bi;2;positive;twice;False;;;Vor zwei Monaten hat Linda Thorsten ein interessantes Jobangebot offeriert. Vor zwei Tagen hat Thorsten wieder ein interessantes Jobangebot bekommen, als er auf einer Jobbörse zugegen war.;Thorsten hat mindestens zweimal ein interessantes Jobangebot bekommen.;FacebookAI/roberta-large-mnli;entailment;1;0.07309024780988693;0.22415217757225037;0.7027575969696045
11_aii_bi2_cannot_say_pos;Vor zwei Monaten hat Linda Thorsten ein interessantes Jobangebot offeriert.;Vor zwei Tagen hat Thorsten wieder ein interessantes Jobangebot bekommen, als er auf einer Jobbörse zugegen war.;Es lässt sich nicht sagen, wie oft Thorsten ein interessantes Jobangebot bekommen hat.;unknown;11;aii;bi;2;positive;cannot say;False;;;Vor zwei Monaten hat Linda Thorsten ein interessantes Jobangebot offeriert. Vor zwei Tagen hat Thorsten wieder ein interessantes Jobangebot bekommen, als er auf einer Jobbörse zugegen war.;Es lässt sich nicht sagen, wie oft Thorsten ein interessantes Jobangebot bekommen hat.;FacebookAI/roberta-large-mnli;neutral;1;0.07373635470867157;0.8830718994140625;0.04319177567958832
11_aii_bii1_once_pos;Vor zwei Monaten hat Linda Thorsten ein interessantes Jobangebot offeriert.;Vor zwei Tagen hat Linda wieder ein interessantes Jobangebot gemacht, als sie auf einer Jobbörse zugegen war.;Linda hat einmal ein interessantes Jobangebot gemacht.;unknown;11;aii;bii;1;positive;once;False;;;Vor zwei Monaten hat Linda Thorsten ein interessantes Jobangebot offeriert. Vor zwei Tagen hat Linda wieder ein interessantes Jobangebot gemacht, als sie auf einer Jobbörse zugegen war.;Linda hat einmal ein interessantes Jobangebot gemacht.;FacebookAI/roberta-large-mnli;entailment;0;0.047343216836452484;0.17475944757461548;0.777897298336029
11_aii_bii1_twice_pos;Vor zwei Monaten hat Linda Thorsten ein interessantes Jobangebot offeriert.;Vor zwei Tagen hat Linda wieder ein interessantes Jobangebot gemacht, als sie auf einer Jobbörse zugegen war.;Linda hat mindestens zweimal ein interessantes Jobangebot gemacht.;entailment;11;aii;bii;1;positive;twice;False;;;Vor zwei Monaten hat Linda Thorsten ein interessantes Jobangebot offeriert. Vor zwei Tagen hat Linda wieder ein interessantes Jobangebot gemacht, als sie auf einer Jobbörse zugegen war.;Linda hat mindestens zweimal ein interessantes Jobangebot gemacht.;FacebookAI/roberta-large-mnli;entailment;1;0.07084768265485764;0.19590286910533905;0.7332494258880615
11_aii_bii1_cannot_say_pos;Vor zwei Monaten hat Linda Thorsten ein interessantes Jobangebot offeriert.;Vor zwei Tagen hat Linda wieder ein interessantes Jobangebot gemacht, als sie auf einer Jobbörse zugegen war.;Es lässt sich nicht sagen, wie oft Linda ein interessantes Jobangebot gemacht hat.;unknown;11;aii;bii;1;positive;cannot say;False;;;Vor zwei Monaten hat Linda Thorsten ein interessantes Jobangebot offeriert. Vor zwei Tagen hat Linda wieder ein interessantes Jobangebot gemacht, als sie auf einer Jobbörse zugegen war.;Es lässt sich nicht sagen, wie oft Linda ein interessantes Jobangebot gemacht hat.;FacebookAI/roberta-large-mnli;neutral;1;0.08711621910333633;0.8588225841522217;0.05406120419502258
11_aii_bii2_once_neu;Vor zwei Monaten hat Linda Thorsten ein interessantes Jobangebot offeriert.;Vor zwei Tagen hat Thorsten wieder ein interessantes Jobangebot gemacht, als er auf einer Jobbörse zugegen war.;Thorsten hat einmal ein interessantes Jobangebot gemacht.;entailment;11;aii;bii;2;neutral;once;False;;;Vor zwei Monaten hat Linda Thorsten ein interessantes Jobangebot offeriert. Vor zwei Tagen hat Thorsten wieder ein interessantes Jobangebot gemacht, als er auf einer Jobbörse zugegen war.;Thorsten hat einmal ein interessantes Jobangebot gemacht.;FacebookAI/roberta-large-mnli;entailment;1;0.071378692984581;0.24105051159858704;0.6875707507133484
11_aii_bii2_twice_neu;Vor zwei Monaten hat Linda Thorsten ein interessantes Jobangebot offeriert.;Vor zwei Tagen hat Thorsten wieder ein interessantes Jobangebot gemacht, als er auf einer Jobbörse zugegen war.;Thorsten hat mindestens zweimal ein interessantes Jobangebot gemacht.;unknown;11;aii;bii;2;neutral;twice;False;;;Vor zwei Monaten hat Linda Thorsten ein interessantes Jobangebot offeriert. Vor zwei Tagen hat Thorsten wieder ein interessantes Jobangebot gemacht, als er auf einer Jobbörse zugegen war.;Thorsten hat mindestens zweimal ein interessantes Jobangebot gemacht.;FacebookAI/roberta-large-mnli;entailment;0;0.08030473440885544;0.21181857585906982;0.7078766226768494
11_aii_bii2_cannot_say_neu;Vor zwei Monaten hat Linda Thorsten ein interessantes Jobangebot offeriert.;Vor zwei Tagen hat Thorsten wieder ein interessantes Jobangebot gemacht, als er auf einer Jobbörse zugegen war.;Es lässt sich nicht sagen, wie oft Thorsten ein interessantes Jobangebot gemacht hat.;unknown;11;aii;bii;2;neutral;cannot say;False;;;Vor zwei Monaten hat Linda Thorsten ein interessantes Jobangebot offeriert. Vor zwei Tagen hat Thorsten wieder ein interessantes Jobangebot gemacht, als er auf einer Jobbörse zugegen war.;Es lässt sich nicht sagen, wie oft Thorsten ein interessantes Jobangebot gemacht hat.;FacebookAI/roberta-large-mnli;neutral;1;0.091134212911129;0.8639140725135803;0.04495176300406456
12_ai_bi1_once_pos;Vor drei Jahren hat Thorsten für Timo einen großen Kleiderschrank gekauft.;Vor einer Woche hat Timo wieder einen großen Kleiderschrank bekommen, weil er mit einem Freund ausgemistet hat.;Timo hat einmal einen großen Kleiderschrank bekommen.;unknown;12;ai;bi;1;positive;once;False;;;Vor drei Jahren hat Thorsten für Timo einen großen Kleiderschrank gekauft. Vor einer Woche hat Timo wieder einen großen Kleiderschrank bekommen, weil er mit einem Freund ausgemistet hat.;Timo hat einmal einen großen Kleiderschrank bekommen.;FacebookAI/roberta-large-mnli;entailment;0;0.3691289722919464;0.10828863084316254;0.5225824117660522
12_ai_bi1_twice_pos;Vor drei Jahren hat Thorsten für Timo einen großen Kleiderschrank gekauft.;Vor einer Woche hat Timo wieder einen großen Kleiderschrank bekommen, weil er mit einem Freund ausgemistet hat.;Timo hat mindestens zweimal einen großen Kleiderschrank bekommen.;entailment;12;ai;bi;1;positive;twice;False;;;Vor drei Jahren hat Thorsten für Timo einen großen Kleiderschrank gekauft. Vor einer Woche hat Timo wieder einen großen Kleiderschrank bekommen, weil er mit einem Freund ausgemistet hat.;Timo hat mindestens zweimal einen großen Kleiderschrank bekommen.;FacebookAI/roberta-large-mnli;entailment;1;0.2351202666759491;0.142730712890625;0.6221489906311035
12_ai_bi1_cannot_say_pos;Vor drei Jahren hat Thorsten für Timo einen großen Kleiderschrank gekauft.;Vor einer Woche hat Timo wieder einen großen Kleiderschrank bekommen, weil er mit einem Freund ausgemistet hat.;Es lässt sich nicht sagen, wie oft Timo einen großen Kleiderschrank bekommen hat.;unknown;12;ai;bi;1;positive;cannot say;False;;;Vor drei Jahren hat Thorsten für Timo einen großen Kleiderschrank gekauft. Vor einer Woche hat Timo wieder einen großen Kleiderschrank bekommen, weil er mit einem Freund ausgemistet hat.;Es lässt sich nicht sagen, wie oft Timo einen großen Kleiderschrank bekommen hat.;FacebookAI/roberta-large-mnli;neutral;1;0.14703702926635742;0.7825448513031006;0.0704180896282196
12_ai_bi2_once_neu;Vor drei Jahren hat Thorsten für Timo einen großen Kleiderschrank gekauft.;Vor einer Woche hat Thorsten wieder einen großen Kleiderschrank bekommen, weil er mit einem Freund ausgemistet hat.;Thorsten hat einmal einen großen Kleiderschrank bekommen.;entailment;12;ai;bi;2;neutral;once;False;;;Vor drei Jahren hat Thorsten für Timo einen großen Kleiderschrank gekauft. Vor einer Woche hat Thorsten wieder einen großen Kleiderschrank bekommen, weil er mit einem Freund ausgemistet hat.;Thorsten hat einmal einen großen Kleiderschrank bekommen.;FacebookAI/roberta-large-mnli;entailment;1;0.3054562509059906;0.08943130075931549;0.6051124334335327
12_ai_bi2_twice_neu;Vor drei Jahren hat Thorsten für Timo einen großen Kleiderschrank gekauft.;Vor einer Woche hat Thorsten wieder einen großen Kleiderschrank bekommen, weil er mit einem Freund ausgemistet hat.;Thorsten hat mindestens zweimal einen großen Kleiderschrank bekommen.;unknown;12;ai;bi;2;neutral;twice;False;;;Vor drei Jahren hat Thorsten für Timo einen großen Kleiderschrank gekauft. Vor einer Woche hat Thorsten wieder einen großen Kleiderschrank bekommen, weil er mit einem Freund ausgemistet hat.;Thorsten hat mindestens zweimal einen großen Kleiderschrank bekommen.;FacebookAI/roberta-large-mnli;entailment;0;0.18154333531856537;0.20932646095752716;0.6091302037239075
12_ai_bi2_cannot_say_neu;Vor drei Jahren hat Thorsten für Timo einen großen Kleiderschrank gekauft.;Vor einer Woche hat Thorsten wieder einen großen Kleiderschrank bekommen, weil er mit einem Freund ausgemistet hat.;Es lässt sich nicht sagen, wie oft Thorsten einen großen Kleiderschrank bekommen hat.;unknown;12;ai;bi;2;neutral;cannot say;False;;;Vor drei Jahren hat Thorsten für Timo einen großen Kleiderschrank gekauft. Vor einer Woche hat Thorsten wieder einen großen Kleiderschrank bekommen, weil er mit einem Freund ausgemistet hat.;Es lässt sich nicht sagen, wie oft Thorsten einen großen Kleiderschrank bekommen hat.;FacebookAI/roberta-large-mnli;neutral;1;0.1275995373725891;0.7856920957565308;0.08670838922262192
12_ai_bii1_once_neu;Vor drei Jahren hat Thorsten für Timo einen großen Kleiderschrank gekauft.;Vor einer Woche hat Timo wieder einen großen Kleiderschrank weggegeben, weil er mit einem Freund ausgemistet hat.;Timo hat einmal einen großen Kleiderschrank weggegeben.;entailment;12;ai;bii;1;neutral;once;False;;;Vor drei Jahren hat Thorsten für Timo einen großen Kleiderschrank gekauft. Vor einer Woche hat Timo wieder einen großen Kleiderschrank weggegeben, weil er mit einem Freund ausgemistet hat.;Timo hat einmal einen großen Kleiderschrank weggegeben.;FacebookAI/roberta-large-mnli;entailment;1;0.30459150671958923;0.11514464765787125;0.5802638530731201
12_ai_bii1_twice_neu;Vor drei Jahren hat Thorsten für Timo einen großen Kleiderschrank gekauft.;Vor einer Woche hat Timo wieder einen großen Kleiderschrank weggegeben, weil er mit einem Freund ausgemistet hat.;Timo hat mindestens zweimal einen großen Kleiderschrank weggegeben.;unknown;12;ai;bii;1;neutral;twice;False;;;Vor drei Jahren hat Thorsten für Timo einen großen Kleiderschrank gekauft. Vor einer Woche hat Timo wieder einen großen Kleiderschrank weggegeben, weil er mit einem Freund ausgemistet hat.;Timo hat mindestens zweimal einen großen Kleiderschrank weggegeben.;FacebookAI/roberta-large-mnli;entailment;0;0.21146553754806519;0.15284325182437897;0.635691225528717
12_ai_bii1_cannot_say_neu;Vor drei Jahren hat Thorsten für Timo einen großen Kleiderschrank gekauft.;Vor einer Woche hat Timo wieder einen großen Kleiderschrank weggegeben, weil er mit einem Freund ausgemistet hat.;Es lässt sich nicht sagen, wie oft Timo einen großen Kleiderschrank weggegeben hat.;unknown;12;ai;bii;1;neutral;cannot say;False;;;Vor drei Jahren hat Thorsten für Timo einen großen Kleiderschrank gekauft. Vor einer Woche hat Timo wieder einen großen Kleiderschrank weggegeben, weil er mit einem Freund ausgemistet hat.;Es lässt sich nicht sagen, wie oft Timo einen großen Kleiderschrank weggegeben hat.;FacebookAI/roberta-large-mnli;neutral;1;0.14304150640964508;0.7880376577377319;0.06892083585262299
12_ai_bii2_once_pos;Vor drei Jahren hat Thorsten für Timo einen großen Kleiderschrank gekauft.;Vor einer Woche hat Thorsten wieder einen großen Kleiderschrank weggegeben, weil er mit einem Freund ausgemistet hat.;Thorsten hat einmal einen großen Kleiderschrank weggegeben.;unknown;12;ai;bii;2;positive;once;False;;;Vor drei Jahren hat Thorsten für Timo einen großen Kleiderschrank gekauft. Vor einer Woche hat Thorsten wieder einen großen Kleiderschrank weggegeben, weil er mit einem Freund ausgemistet hat.;Thorsten hat einmal einen großen Kleiderschrank weggegeben.;FacebookAI/roberta-large-mnli;entailment;0;0.27038848400115967;0.09360373765230179;0.6360077857971191
12_ai_bii2_twice_pos;Vor drei Jahren hat Thorsten für Timo einen großen Kleiderschrank gekauft.;Vor einer Woche hat Thorsten wieder einen großen Kleiderschrank weggegeben, weil er mit einem Freund ausgemistet hat.;Thorsten hat mindestens zweimal einen großen Kleiderschrank weggegeben.;entailment;12;ai;bii;2;positive;twice;False;;;Vor drei Jahren hat Thorsten für Timo einen großen Kleiderschrank gekauft. Vor einer Woche hat Thorsten wieder einen großen Kleiderschrank weggegeben, weil er mit einem Freund ausgemistet hat.;Thorsten hat mindestens zweimal einen großen Kleiderschrank weggegeben.;FacebookAI/roberta-large-mnli;entailment;1;0.21910572052001953;0.19717447459697723;0.5837198495864868
12_ai_bii2_cannot_say_pos;Vor drei Jahren hat Thorsten für Timo einen großen Kleiderschrank gekauft.;Vor einer Woche hat Thorsten wieder einen großen Kleiderschrank weggegeben, weil er mit einem Freund ausgemistet hat.;Es lässt sich nicht sagen, wie oft Thorsten einen großen Kleiderschrank weggegeben hat.;unknown;12;ai;bii;2;positive;cannot say;False;;;Vor drei Jahren hat Thorsten für Timo einen großen Kleiderschrank gekauft. Vor einer Woche hat Thorsten wieder einen großen Kleiderschrank weggegeben, weil er mit einem Freund ausgemistet hat.;Es lässt sich nicht sagen, wie oft Thorsten einen großen Kleiderschrank weggegeben hat.;FacebookAI/roberta-large-mnli;neutral;1;0.12807466089725494;0.7871407866477966;0.08478455990552902
12_aii_bi1_once_neu;Vor drei Jahren hat Timo für Thorsten einen großen Kleiderschrank gekauft.;Vor einer Woche hat Timo wieder einen großen Kleiderschrank bekommen, weil er mit einem Freund ausgemistet hat.;Timo hat einmal einen großen Kleiderschrank bekommen.;entailment;12;aii;bi;1;neutral;once;False;;;Vor drei Jahren hat Timo für Thorsten einen großen Kleiderschrank gekauft. Vor einer Woche hat Timo wieder einen großen Kleiderschrank bekommen, weil er mit einem Freund ausgemistet hat.;Timo hat einmal einen großen Kleiderschrank bekommen.;FacebookAI/roberta-large-mnli;entailment;1;0.3620198667049408;0.09143124520778656;0.5465489625930786
12_aii_bi1_twice_neu;Vor drei Jahren hat Timo für Thorsten einen großen Kleiderschrank gekauft.;Vor einer Woche hat Timo wieder einen großen Kleiderschrank bekommen, weil er mit einem Freund ausgemistet hat.;Timo hat mindestens zweimal einen großen Kleiderschrank bekommen.;unknown;12;aii;bi;1;neutral;twice;False;;;Vor drei Jahren hat Timo für Thorsten einen großen Kleiderschrank gekauft. Vor einer Woche hat Timo wieder einen großen Kleiderschrank bekommen, weil er mit einem Freund ausgemistet hat.;Timo hat mindestens zweimal einen großen Kleiderschrank bekommen.;FacebookAI/roberta-large-mnli;entailment;0;0.18905724585056305;0.20452241599559784;0.6064203381538391
12_aii_bi1_cannot_say_neu;Vor drei Jahren hat Timo für Thorsten einen großen Kleiderschrank gekauft.;Vor einer Woche hat Timo wieder einen großen Kleiderschrank bekommen, weil er mit einem Freund ausgemistet hat.;Es lässt sich nicht sagen, wie oft Timo einen großen Kleiderschrank bekommen hat.;unknown;12;aii;bi;1;neutral;cannot say;False;;;Vor drei Jahren hat Timo für Thorsten einen großen Kleiderschrank gekauft. Vor einer Woche hat Timo wieder einen großen Kleiderschrank bekommen, weil er mit einem Freund ausgemistet hat.;Es lässt sich nicht sagen, wie oft Timo einen großen Kleiderschrank bekommen hat.;FacebookAI/roberta-large-mnli;neutral;1;0.11730358004570007;0.7999380826950073;0.08275839686393738
12_aii_bi2_once_pos;Vor drei Jahren hat Timo für Thorsten einen großen Kleiderschrank gekauft.;Vor einer Woche hat Thorsten wieder einen großen Kleiderschrank bekommen, weil er mit einem Freund ausgemistet hat.;Thorsten hat einmal einen großen Kleiderschrank bekommen.;unknown;12;aii;bi;2;positive;once;False;;;Vor drei Jahren hat Timo für Thorsten einen großen Kleiderschrank gekauft. Vor einer Woche hat Thorsten wieder einen großen Kleiderschrank bekommen, weil er mit einem Freund ausgemistet hat.;Thorsten hat einmal einen großen Kleiderschrank bekommen.;FacebookAI/roberta-large-mnli;entailment;0;0.3223876953125;0.1002955362200737;0.5773167610168457
12_aii_bi2_twice_pos;Vor drei Jahren hat Timo für Thorsten einen großen Kleiderschrank gekauft.;Vor einer Woche hat Thorsten wieder einen großen Kleiderschrank bekommen, weil er mit einem Freund ausgemistet hat.;Thorsten hat mindestens zweimal einen großen Kleiderschrank bekommen.;entailment;12;aii;bi;2;positive;twice;False;;;Vor drei Jahren hat Timo für Thorsten einen großen Kleiderschrank gekauft. Vor einer Woche hat Thorsten wieder einen großen Kleiderschrank bekommen, weil er mit einem Freund ausgemistet hat.;Thorsten hat mindestens zweimal einen großen Kleiderschrank bekommen.;FacebookAI/roberta-large-mnli;entailment;1;0.20848602056503296;0.15490937232971191;0.6366046071052551
12_aii_bi2_cannot_say_pos;Vor drei Jahren hat Timo für Thorsten einen großen Kleiderschrank gekauft.;Vor einer Woche hat Thorsten wieder einen großen Kleiderschrank bekommen, weil er mit einem Freund ausgemistet hat.;Es lässt sich nicht sagen, wie oft Thorsten einen großen Kleiderschrank bekommen hat.;unknown;12;aii;bi;2;positive;cannot say;False;;;Vor drei Jahren hat Timo für Thorsten einen großen Kleiderschrank gekauft. Vor einer Woche hat Thorsten wieder einen großen Kleiderschrank bekommen, weil er mit einem Freund ausgemistet hat.;Es lässt sich nicht sagen, wie oft Thorsten einen großen Kleiderschrank bekommen hat.;FacebookAI/roberta-large-mnli;neutral;1;0.14585068821907043;0.7814421653747559;0.0727071613073349
12_aii_bii1_once_pos;Vor drei Jahren hat Timo für Thorsten einen großen Kleiderschrank gekauft.;Vor einer Woche hat Timo wieder einen großen Kleiderschrank weggegeben, weil er mit einem Freund ausgemistet hat.;Timo hat einmal einen großen Kleiderschrank weggegeben.;unknown;12;aii;bii;1;positive;once;False;;;Vor drei Jahren hat Timo für Thorsten einen großen Kleiderschrank gekauft. Vor einer Woche hat Timo wieder einen großen Kleiderschrank weggegeben, weil er mit einem Freund ausgemistet hat.;Timo hat einmal einen großen Kleiderschrank weggegeben.;FacebookAI/roberta-large-mnli;entailment;0;0.3114214241504669;0.09615619480609894;0.5924224257469177
12_aii_bii1_twice_pos;Vor drei Jahren hat Timo für Thorsten einen großen Kleiderschrank gekauft.;Vor einer Woche hat Timo wieder einen großen Kleiderschrank weggegeben, weil er mit einem Freund ausgemistet hat.;Timo hat mindestens zweimal einen großen Kleiderschrank weggegeben.;entailment;12;aii;bii;1;positive;twice;False;;;Vor drei Jahren hat Timo für Thorsten einen großen Kleiderschrank gekauft. Vor einer Woche hat Timo wieder einen großen Kleiderschrank weggegeben, weil er mit einem Freund ausgemistet hat.;Timo hat mindestens zweimal einen großen Kleiderschrank weggegeben.;FacebookAI/roberta-large-mnli;entailment;1;0.22155632078647614;0.19283729791641235;0.5856063961982727
12_aii_bii1_cannot_say_pos;Vor drei Jahren hat Timo für Thorsten einen großen Kleiderschrank gekauft.;Vor einer Woche hat Timo wieder einen großen Kleiderschrank weggegeben, weil er mit einem Freund ausgemistet hat.;Es lässt sich nicht sagen, wie oft Timo einen großen Kleiderschrank weggegeben hat.;unknown;12;aii;bii;1;positive;cannot say;False;;;Vor drei Jahren hat Timo für Thorsten einen großen Kleiderschrank gekauft. Vor einer Woche hat Timo wieder einen großen Kleiderschrank weggegeben, weil er mit einem Freund ausgemistet hat.;Es lässt sich nicht sagen, wie oft Timo einen großen Kleiderschrank weggegeben hat.;FacebookAI/roberta-large-mnli;neutral;1;0.11783991008996964;0.8017606139183044;0.08039948344230652
12_aii_bii2_once_neu;Vor drei Jahren hat Timo für Thorsten einen großen Kleiderschrank gekauft.;Vor einer Woche hat Thorsten wieder einen großen Kleiderschrank weggegeben, weil er mit einem Freund ausgemistet hat.;Thorsten hat einmal einen großen Kleiderschrank weggegeben.;entailment;12;aii;bii;2;neutral;once;False;;;Vor drei Jahren hat Timo für Thorsten einen großen Kleiderschrank gekauft. Vor einer Woche hat Thorsten wieder einen großen Kleiderschrank weggegeben, weil er mit einem Freund ausgemistet hat.;Thorsten hat einmal einen großen Kleiderschrank weggegeben.;FacebookAI/roberta-large-mnli;entailment;1;0.2507249116897583;0.10317642986774445;0.6460986137390137
12_aii_bii2_twice_neu;Vor drei Jahren hat Timo für Thorsten einen großen Kleiderschrank gekauft.;Vor einer Woche hat Thorsten wieder einen großen Kleiderschrank weggegeben, weil er mit einem Freund ausgemistet hat.;Thorsten hat mindestens zweimal einen großen Kleiderschrank weggegeben.;unknown;12;aii;bii;2;neutral;twice;False;;;Vor drei Jahren hat Timo für Thorsten einen großen Kleiderschrank gekauft. Vor einer Woche hat Thorsten wieder einen großen Kleiderschrank weggegeben, weil er mit einem Freund ausgemistet hat.;Thorsten hat mindestens zweimal einen großen Kleiderschrank weggegeben.;FacebookAI/roberta-large-mnli;entailment;0;0.17638583481311798;0.16836397349834442;0.6552501320838928
12_aii_bii2_cannot_say_neu;Vor drei Jahren hat Timo für Thorsten einen großen Kleiderschrank gekauft.;Vor einer Woche hat Thorsten wieder einen großen Kleiderschrank weggegeben, weil er mit einem Freund ausgemistet hat.;Es lässt sich nicht sagen, wie oft Thorsten einen großen Kleiderschrank weggegeben hat.;unknown;12;aii;bii;2;neutral;cannot say;False;;;Vor drei Jahren hat Timo für Thorsten einen großen Kleiderschrank gekauft. Vor einer Woche hat Thorsten wieder einen großen Kleiderschrank weggegeben, weil er mit einem Freund ausgemistet hat.;Es lässt sich nicht sagen, wie oft Thorsten einen großen Kleiderschrank weggegeben hat.;FacebookAI/roberta-large-mnli;neutral;1;0.14069992303848267;0.7864457368850708;0.07285434752702713
13_ai_bi1_once_pos;Letzte Woche hat Thorsten Greta mit einem spannenden Auftrag betreut.;Vor zwei Tagen hat Greta wieder einen spannenden Auftrag ausgeführt, als sie an einer Konferenz teilgenommen hat.;Greta hat einmal einen spannenden Auftrag ausgeführt.;unknown;13;ai;bi;1;positive;once;False;;;Letzte Woche hat Thorsten Greta mit einem spannenden Auftrag betreut. Vor zwei Tagen hat Greta wieder einen spannenden Auftrag ausgeführt, als sie an einer Konferenz teilgenommen hat.;Greta hat einmal einen spannenden Auftrag ausgeführt.;FacebookAI/roberta-large-mnli;entailment;0;0.04880063608288765;0.28096792101860046;0.6702314615249634
13_ai_bi1_twice_pos;Letzte Woche hat Thorsten Greta mit einem spannenden Auftrag betreut.;Vor zwei Tagen hat Greta wieder einen spannenden Auftrag ausgeführt, als sie an einer Konferenz teilgenommen hat.;Greta hat mindestens zweimal einen spannenden Auftrag ausgeführt.;entailment;13;ai;bi;1;positive;twice;False;;;Letzte Woche hat Thorsten Greta mit einem spannenden Auftrag betreut. Vor zwei Tagen hat Greta wieder einen spannenden Auftrag ausgeführt, als sie an einer Konferenz teilgenommen hat.;Greta hat mindestens zweimal einen spannenden Auftrag ausgeführt.;FacebookAI/roberta-large-mnli;entailment;1;0.04057886451482773;0.13380774855613708;0.8256133198738098
13_ai_bi1_cannot_say_pos;Letzte Woche hat Thorsten Greta mit einem spannenden Auftrag betreut.;Vor zwei Tagen hat Greta wieder einen spannenden Auftrag ausgeführt, als sie an einer Konferenz teilgenommen hat.;Es lässt sich nicht sagen, wie oft Greta einen spannenden Auftrag ausgeführt hat.;unknown;13;ai;bi;1;positive;cannot say;False;;;Letzte Woche hat Thorsten Greta mit einem spannenden Auftrag betreut. Vor zwei Tagen hat Greta wieder einen spannenden Auftrag ausgeführt, als sie an einer Konferenz teilgenommen hat.;Es lässt sich nicht sagen, wie oft Greta einen spannenden Auftrag ausgeführt hat.;FacebookAI/roberta-large-mnli;neutral;1;0.08037944883108139;0.8664526343345642;0.05316794663667679
13_ai_bi2_once_neu;Letzte Woche hat Thorsten Greta mit einem spannenden Auftrag betreut.;Vor zwei Tagen hat Thorsten wieder einen spannenden Auftrag ausgeführt, als er an einer Konferenz teilgenommen hat.;Thorsten hat einmal einen spannenden Auftrag ausgeführt.;entailment;13;ai;bi;2;neutral;once;False;;;Letzte Woche hat Thorsten Greta mit einem spannenden Auftrag betreut. Vor zwei Tagen hat Thorsten wieder einen spannenden Auftrag ausgeführt, als er an einer Konferenz teilgenommen hat.;Thorsten hat einmal einen spannenden Auftrag ausgeführt.;FacebookAI/roberta-large-mnli;entailment;1;0.046704474836587906;0.24608813226222992;0.707207441329956
13_ai_bi2_twice_neu;Letzte Woche hat Thorsten Greta mit einem spannenden Auftrag betreut.;Vor zwei Tagen hat Thorsten wieder einen spannenden Auftrag ausgeführt, als er an einer Konferenz teilgenommen hat.;Thorsten hat mindestens zweimal einen spannenden Auftrag ausgeführt.;unknown;13;ai;bi;2;neutral;twice;False;;;Letzte Woche hat Thorsten Greta mit einem spannenden Auftrag betreut. Vor zwei Tagen hat Thorsten wieder einen spannenden Auftrag ausgeführt, als er an einer Konferenz teilgenommen hat.;Thorsten hat mindestens zweimal einen spannenden Auftrag ausgeführt.;FacebookAI/roberta-large-mnli;entailment;0;0.04424536973237991;0.17970535159111023;0.7760492563247681
13_ai_bi2_cannot_say_neu;Letzte Woche hat Thorsten Greta mit einem spannenden Auftrag betreut.;Vor zwei Tagen hat Thorsten wieder einen spannenden Auftrag ausgeführt, als er an einer Konferenz teilgenommen hat.;Es lässt sich nicht sagen, wie oft Thorsten einen spannenden Auftrag ausgeführt hat.;unknown;13;ai;bi;2;neutral;cannot say;False;;;Letzte Woche hat Thorsten Greta mit einem spannenden Auftrag betreut. Vor zwei Tagen hat Thorsten wieder einen spannenden Auftrag ausgeführt, als er an einer Konferenz teilgenommen hat.;Es lässt sich nicht sagen, wie oft Thorsten einen spannenden Auftrag ausgeführt hat.;FacebookAI/roberta-large-mnli;neutral;1;0.08901029080152512;0.8695525527000427;0.04143720492720604
13_ai_bii1_once_neu;Letzte Woche hat Thorsten Greta mit einem spannenden Auftrag betreut.;Vor zwei Tagen hat Greta wieder einen spannenden Auftrag vergeben, als sie an einer Konferenz teilgenommen hat.;Greta hat einmal einen spannenden Auftrag vergeben.;entailment;13;ai;bii;1;neutral;once;False;;;Letzte Woche hat Thorsten Greta mit einem spannenden Auftrag betreut. Vor zwei Tagen hat Greta wieder einen spannenden Auftrag vergeben, als sie an einer Konferenz teilgenommen hat.;Greta hat einmal einen spannenden Auftrag vergeben.;FacebookAI/roberta-large-mnli;entailment;1;0.0950632095336914;0.29474568367004395;0.6101911067962646
13_ai_bii1_twice_neu;Letzte Woche hat Thorsten Greta mit einem spannenden Auftrag betreut.;Vor zwei Tagen hat Greta wieder einen spannenden Auftrag vergeben, als sie an einer Konferenz teilgenommen hat.;Greta hat mindestens zweimal einen spannenden Auftrag vergeben.;unknown;13;ai;bii;1;neutral;twice;False;;;Letzte Woche hat Thorsten Greta mit einem spannenden Auftrag betreut. Vor zwei Tagen hat Greta wieder einen spannenden Auftrag vergeben, als sie an einer Konferenz teilgenommen hat.;Greta hat mindestens zweimal einen spannenden Auftrag vergeben.;FacebookAI/roberta-large-mnli;entailment;0;0.027306295931339264;0.10980642586946487;0.8628872632980347
13_ai_bii1_cannot_say_neu;Letzte Woche hat Thorsten Greta mit einem spannenden Auftrag betreut.;Vor zwei Tagen hat Greta wieder einen spannenden Auftrag vergeben, als sie an einer Konferenz teilgenommen hat.;Es lässt sich nicht sagen, wie oft Greta einen spannenden Auftrag vergeben hat.;unknown;13;ai;bii;1;neutral;cannot say;False;;;Letzte Woche hat Thorsten Greta mit einem spannenden Auftrag betreut. Vor zwei Tagen hat Greta wieder einen spannenden Auftrag vergeben, als sie an einer Konferenz teilgenommen hat.;Es lässt sich nicht sagen, wie oft Greta einen spannenden Auftrag vergeben hat.;FacebookAI/roberta-large-mnli;neutral;1;0.10394425690174103;0.8373164534568787;0.05873925983905792
13_ai_bii2_once_pos;Letzte Woche hat Thorsten Greta mit einem spannenden Auftrag betreut.;Vor zwei Tagen hat Thorsten wieder einen spannenden Auftrag vergeben, als er an einer Konferenz teilgenommen hat.;Thorsten hat einmal einen spannenden Auftrag vergeben.;unknown;13;ai;bii;2;positive;once;False;;;Letzte Woche hat Thorsten Greta mit einem spannenden Auftrag betreut. Vor zwei Tagen hat Thorsten wieder einen spannenden Auftrag vergeben, als er an einer Konferenz teilgenommen hat.;Thorsten hat einmal einen spannenden Auftrag vergeben.;FacebookAI/roberta-large-mnli;entailment;0;0.05823156610131264;0.21795785427093506;0.723810613155365
13_ai_bii2_twice_pos;Letzte Woche hat Thorsten Greta mit einem spannenden Auftrag betreut.;Vor zwei Tagen hat Thorsten wieder einen spannenden Auftrag vergeben, als er an einer Konferenz teilgenommen hat.;Thorsten hat mindestens zweimal einen spannenden Auftrag vergeben.;entailment;13;ai;bii;2;positive;twice;False;;;Letzte Woche hat Thorsten Greta mit einem spannenden Auftrag betreut. Vor zwei Tagen hat Thorsten wieder einen spannenden Auftrag vergeben, als er an einer Konferenz teilgenommen hat.;Thorsten hat mindestens zweimal einen spannenden Auftrag vergeben.;FacebookAI/roberta-large-mnli;entailment;1;0.03494175523519516;0.15460310876369476;0.8104551434516907
13_ai_bii2_cannot_say_pos;Letzte Woche hat Thorsten Greta mit einem spannenden Auftrag betreut.;Vor zwei Tagen hat Thorsten wieder einen spannenden Auftrag vergeben, als er an einer Konferenz teilgenommen hat.;Es lässt sich nicht sagen, wie oft Thorsten einen spannenden Auftrag vergeben hat.;unknown;13;ai;bii;2;positive;cannot say;False;;;Letzte Woche hat Thorsten Greta mit einem spannenden Auftrag betreut. Vor zwei Tagen hat Thorsten wieder einen spannenden Auftrag vergeben, als er an einer Konferenz teilgenommen hat.;Es lässt sich nicht sagen, wie oft Thorsten einen spannenden Auftrag vergeben hat.;FacebookAI/roberta-large-mnli;neutral;1;0.09601757675409317;0.8587779998779297;0.045204393565654755
13_aii_bi1_once_neu;Letzte Woche hat Greta Thorsten mit einem spannenden Auftrag betreut.;Vor zwei Tagen hat Greta wieder einen spannenden Auftrag ausgeführt, als sie an einer Konferenz teilgenommen hat.;Greta hat einmal einen spannenden Auftrag ausgeführt.;entailment;13;aii;bi;1;neutral;once;False;;;Letzte Woche hat Greta Thorsten mit einem spannenden Auftrag betreut. Vor zwei Tagen hat Greta wieder einen spannenden Auftrag ausgeführt, als sie an einer Konferenz teilgenommen hat.;Greta hat einmal einen spannenden Auftrag ausgeführt.;FacebookAI/roberta-large-mnli;entailment;1;0.04291420802474022;0.20426999032497406;0.7528157830238342
13_aii_bi1_twice_neu;Letzte Woche hat Greta Thorsten mit einem spannenden Auftrag betreut.;Vor zwei Tagen hat Greta wieder einen spannenden Auftrag ausgeführt, als sie an einer Konferenz teilgenommen hat.;Greta hat mindestens zweimal einen spannenden Auftrag ausgeführt.;unknown;13;aii;bi;1;neutral;twice;False;;;Letzte Woche hat Greta Thorsten mit einem spannenden Auftrag betreut. Vor zwei Tagen hat Greta wieder einen spannenden Auftrag ausgeführt, als sie an einer Konferenz teilgenommen hat.;Greta hat mindestens zweimal einen spannenden Auftrag ausgeführt.;FacebookAI/roberta-large-mnli;entailment;0;0.04297106713056564;0.1331322342157364;0.8238967061042786
13_aii_bi1_cannot_say_neu;Letzte Woche hat Greta Thorsten mit einem spannenden Auftrag betreut.;Vor zwei Tagen hat Greta wieder einen spannenden Auftrag ausgeführt, als sie an einer Konferenz teilgenommen hat.;Es lässt sich nicht sagen, wie oft Greta einen spannenden Auftrag ausgeführt hat.;unknown;13;aii;bi;1;neutral;cannot say;False;;;Letzte Woche hat Greta Thorsten mit einem spannenden Auftrag betreut. Vor zwei Tagen hat Greta wieder einen spannenden Auftrag ausgeführt, als sie an einer Konferenz teilgenommen hat.;Es lässt sich nicht sagen, wie oft Greta einen spannenden Auftrag ausgeführt hat.;FacebookAI/roberta-large-mnli;neutral;1;0.07845024764537811;0.8720853328704834;0.0494643971323967
13_aii_bi2_once_pos;Letzte Woche hat Greta Thorsten mit einem spannenden Auftrag betreut.;Vor zwei Tagen hat Thorsten wieder einen spannenden Auftrag ausgeführt, als er an einer Konferenz teilgenommen hat.;Thorsten hat einmal einen spannenden Auftrag ausgeführt.;unknown;13;aii;bi;2;positive;once;False;;;Letzte Woche hat Greta Thorsten mit einem spannenden Auftrag betreut. Vor zwei Tagen hat Thorsten wieder einen spannenden Auftrag ausgeführt, als er an einer Konferenz teilgenommen hat.;Thorsten hat einmal einen spannenden Auftrag ausgeführt.;FacebookAI/roberta-large-mnli;entailment;0;0.04906764253973961;0.29393088817596436;0.6570014953613281
13_aii_bi2_twice_pos;Letzte Woche hat Greta Thorsten mit einem spannenden Auftrag betreut.;Vor zwei Tagen hat Thorsten wieder einen spannenden Auftrag ausgeführt, als er an einer Konferenz teilgenommen hat.;Thorsten hat mindestens zweimal einen spannenden Auftrag ausgeführt.;entailment;13;aii;bi;2;positive;twice;False;;;Letzte Woche hat Greta Thorsten mit einem spannenden Auftrag betreut. Vor zwei Tagen hat Thorsten wieder einen spannenden Auftrag ausgeführt, als er an einer Konferenz teilgenommen hat.;Thorsten hat mindestens zweimal einen spannenden Auftrag ausgeführt.;FacebookAI/roberta-large-mnli;entailment;1;0.03524750471115112;0.14107219874858856;0.8236802816390991
13_aii_bi2_cannot_say_pos;Letzte Woche hat Greta Thorsten mit einem spannenden Auftrag betreut.;Vor zwei Tagen hat Thorsten wieder einen spannenden Auftrag ausgeführt, als er an einer Konferenz teilgenommen hat.;Es lässt sich nicht sagen, wie oft Thorsten einen spannenden Auftrag ausgeführt hat.;unknown;13;aii;bi;2;positive;cannot say;False;;;Letzte Woche hat Greta Thorsten mit einem spannenden Auftrag betreut. Vor zwei Tagen hat Thorsten wieder einen spannenden Auftrag ausgeführt, als er an einer Konferenz teilgenommen hat.;Es lässt sich nicht sagen, wie oft Thorsten einen spannenden Auftrag ausgeführt hat.;FacebookAI/roberta-large-mnli;neutral;1;0.08844763040542603;0.8712117671966553;0.040340591222047806
13_aii_bii1_once_pos;Letzte Woche hat Greta Thorsten mit einem spannenden Auftrag betreut.;Vor zwei Tagen hat Greta wieder einen spannenden Auftrag vergeben, als sie an einer Konferenz teilgenommen hat.;Greta hat einmal einen spannenden Auftrag vergeben.;unknown;13;aii;bii;1;positive;once;False;;;Letzte Woche hat Greta Thorsten mit einem spannenden Auftrag betreut. Vor zwei Tagen hat Greta wieder einen spannenden Auftrag vergeben, als sie an einer Konferenz teilgenommen hat.;Greta hat einmal einen spannenden Auftrag vergeben.;FacebookAI/roberta-large-mnli;entailment;0;0.08646584302186966;0.22370348870754242;0.6898306012153625
13_aii_bii1_twice_pos;Letzte Woche hat Greta Thorsten mit einem spannenden Auftrag betreut.;Vor zwei Tagen hat Greta wieder einen spannenden Auftrag vergeben, als sie an einer Konferenz teilgenommen hat.;Greta hat mindestens zweimal einen spannenden Auftrag vergeben.;entailment;13;aii;bii;1;positive;twice;False;;;Letzte Woche hat Greta Thorsten mit einem spannenden Auftrag betreut. Vor zwei Tagen hat Greta wieder einen spannenden Auftrag vergeben, als sie an einer Konferenz teilgenommen hat.;Greta hat mindestens zweimal einen spannenden Auftrag vergeben.;FacebookAI/roberta-large-mnli;entailment;1;0.03088223561644554;0.1182575523853302;0.8508602380752563
13_aii_bii1_cannot_say_pos;Letzte Woche hat Greta Thorsten mit einem spannenden Auftrag betreut.;Vor zwei Tagen hat Greta wieder einen spannenden Auftrag vergeben, als sie an einer Konferenz teilgenommen hat.;Es lässt sich nicht sagen, wie oft Greta einen spannenden Auftrag vergeben hat.;unknown;13;aii;bii;1;positive;cannot say;False;;;Letzte Woche hat Greta Thorsten mit einem spannenden Auftrag betreut. Vor zwei Tagen hat Greta wieder einen spannenden Auftrag vergeben, als sie an einer Konferenz teilgenommen hat.;Es lässt sich nicht sagen, wie oft Greta einen spannenden Auftrag vergeben hat.;FacebookAI/roberta-large-mnli;neutral;1;0.10232622921466827;0.8406444787979126;0.057029321789741516
13_aii_bii2_once_neu;Letzte Woche hat Greta Thorsten mit einem spannenden Auftrag betreut.;Vor zwei Tagen hat Thorsten wieder einen spannenden Auftrag vergeben, als er an einer Konferenz teilgenommen hat.;Thorsten hat einmal einen spannenden Auftrag vergeben.;entailment;13;aii;bii;2;neutral;once;False;;;Letzte Woche hat Greta Thorsten mit einem spannenden Auftrag betreut. Vor zwei Tagen hat Thorsten wieder einen spannenden Auftrag vergeben, als er an einer Konferenz teilgenommen hat.;Thorsten hat einmal einen spannenden Auftrag vergeben.;FacebookAI/roberta-large-mnli;entailment;1;0.06007874384522438;0.2539636790752411;0.6859575510025024
13_aii_bii2_twice_neu;Letzte Woche hat Greta Thorsten mit einem spannenden Auftrag betreut.;Vor zwei Tagen hat Thorsten wieder einen spannenden Auftrag vergeben, als er an einer Konferenz teilgenommen hat.;Thorsten hat mindestens zweimal einen spannenden Auftrag vergeben.;unknown;13;aii;bii;2;neutral;twice;False;;;Letzte Woche hat Greta Thorsten mit einem spannenden Auftrag betreut. Vor zwei Tagen hat Thorsten wieder einen spannenden Auftrag vergeben, als er an einer Konferenz teilgenommen hat.;Thorsten hat mindestens zweimal einen spannenden Auftrag vergeben.;FacebookAI/roberta-large-mnli;entailment;0;0.028495145961642265;0.12083043158054352;0.8506744503974915
13_aii_bii2_cannot_say_neu;Letzte Woche hat Greta Thorsten mit einem spannenden Auftrag betreut.;Vor zwei Tagen hat Thorsten wieder einen spannenden Auftrag vergeben, als er an einer Konferenz teilgenommen hat.;Es lässt sich nicht sagen, wie oft Thorsten einen spannenden Auftrag vergeben hat.;unknown;13;aii;bii;2;neutral;cannot say;False;;;Letzte Woche hat Greta Thorsten mit einem spannenden Auftrag betreut. Vor zwei Tagen hat Thorsten wieder einen spannenden Auftrag vergeben, als er an einer Konferenz teilgenommen hat.;Es lässt sich nicht sagen, wie oft Thorsten einen spannenden Auftrag vergeben hat.;FacebookAI/roberta-large-mnli;neutral;1;0.09237932413816452;0.862999439239502;0.04462127760052681
14_ai_bi1_once_pos;Letzten Monat hat Thorsten Sabine ein selbstgemaltes Bild gezeigt.;Vor zwei Wochen hat Sabine wieder ein selbstgemaltes Bild gesehen, als sie mit einer Künstlerin verabredet war.;Sabine hat einmal ein selbstgemaltes Bild gesehen.;unknown;14;ai;bi;1;positive;once;False;;;Letzten Monat hat Thorsten Sabine ein selbstgemaltes Bild gezeigt. Vor zwei Wochen hat Sabine wieder ein selbstgemaltes Bild gesehen, als sie mit einer Künstlerin verabredet war.;Sabine hat einmal ein selbstgemaltes Bild gesehen.;FacebookAI/roberta-large-mnli;entailment;0;0.19367828965187073;0.2264540195465088;0.5798676609992981
14_ai_bi1_twice_pos;Letzten Monat hat Thorsten Sabine ein selbstgemaltes Bild gezeigt.;Vor zwei Wochen hat Sabine wieder ein selbstgemaltes Bild gesehen, als sie mit einer Künstlerin verabredet war.;Sabine hat mindestens zweimal ein selbstgemaltes Bild gesehen.;entailment;14;ai;bi;1;positive;twice;False;;;Letzten Monat hat Thorsten Sabine ein selbstgemaltes Bild gezeigt. Vor zwei Wochen hat Sabine wieder ein selbstgemaltes Bild gesehen, als sie mit einer Künstlerin verabredet war.;Sabine hat mindestens zweimal ein selbstgemaltes Bild gesehen.;FacebookAI/roberta-large-mnli;entailment;1;0.05588214844465256;0.14954012632369995;0.7945777177810669
14_ai_bi1_cannot_say_pos;Letzten Monat hat Thorsten Sabine ein selbstgemaltes Bild gezeigt.;Vor zwei Wochen hat Sabine wieder ein selbstgemaltes Bild gesehen, als sie mit einer Künstlerin verabredet war.;Es lässt sich nicht sagen, wie oft Sabine ein selbstgemaltes Bild gesehen hat.;unknown;14;ai;bi;1;positive;cannot say;False;;;Letzten Monat hat Thorsten Sabine ein selbstgemaltes Bild gezeigt. Vor zwei Wochen hat Sabine wieder ein selbstgemaltes Bild gesehen, als sie mit einer Künstlerin verabredet war.;Es lässt sich nicht sagen, wie oft Sabine ein selbstgemaltes Bild gesehen hat.;FacebookAI/roberta-large-mnli;neutral;1;0.07265430688858032;0.8719533681869507;0.0553923100233078
14_ai_bi2_once_neu;Letzten Monat hat Thorsten Sabine ein selbstgemaltes Bild gezeigt.;Vor zwei Wochen hat Thorsten wieder ein selbstgemaltes Bild gesehen, als er mit einer Künstlerin verabredet war.;Thorsten hat einmal ein selbstgemaltes Bild gesehen.;entailment;14;ai;bi;2;neutral;once;False;;;Letzten Monat hat Thorsten Sabine ein selbstgemaltes Bild gezeigt. Vor zwei Wochen hat Thorsten wieder ein selbstgemaltes Bild gesehen, als er mit einer Künstlerin verabredet war.;Thorsten hat einmal ein selbstgemaltes Bild gesehen.;FacebookAI/roberta-large-mnli;entailment;1;0.11252450942993164;0.16478197276592255;0.7226934432983398
14_ai_bi2_twice_neu;Letzten Monat hat Thorsten Sabine ein selbstgemaltes Bild gezeigt.;Vor zwei Wochen hat Thorsten wieder ein selbstgemaltes Bild gesehen, als er mit einer Künstlerin verabredet war.;Thorsten hat mindestens zweimal ein selbstgemaltes Bild gesehen.;unknown;14;ai;bi;2;neutral;twice;False;;;Letzten Monat hat Thorsten Sabine ein selbstgemaltes Bild gezeigt. Vor zwei Wochen hat Thorsten wieder ein selbstgemaltes Bild gesehen, als er mit einer Künstlerin verabredet war.;Thorsten hat mindestens zweimal ein selbstgemaltes Bild gesehen.;FacebookAI/roberta-large-mnli;entailment;0;0.04953722283244133;0.17597606778144836;0.7744867205619812
14_ai_bi2_cannot_say_neu;Letzten Monat hat Thorsten Sabine ein selbstgemaltes Bild gezeigt.;Vor zwei Wochen hat Thorsten wieder ein selbstgemaltes Bild gesehen, als er mit einer Künstlerin verabredet war.;Es lässt sich nicht sagen, wie oft Thorsten ein selbstgemaltes Bild gesehen hat.;unknown;14;ai;bi;2;neutral;cannot say;False;;;Letzten Monat hat Thorsten Sabine ein selbstgemaltes Bild gezeigt. Vor zwei Wochen hat Thorsten wieder ein selbstgemaltes Bild gesehen, als er mit einer Künstlerin verabredet war.;Es lässt sich nicht sagen, wie oft Thorsten ein selbstgemaltes Bild gesehen hat.;FacebookAI/roberta-large-mnli;neutral;1;0.08260121196508408;0.8665339946746826;0.05086483433842659
14_ai_bii1_once_neu;Letzten Monat hat Thorsten Sabine ein selbstgemaltes Bild gezeigt.;Vor zwei Wochen hat Sabine wieder ein selbstgemaltes Bild präsentiert, als sie mit einer Künstlerin verabredet war.;Sabine hat einmal ein selbstgemaltes Bild präsentiert.;entailment;14;ai;bii;1;neutral;once;False;;;Letzten Monat hat Thorsten Sabine ein selbstgemaltes Bild gezeigt. Vor zwei Wochen hat Sabine wieder ein selbstgemaltes Bild präsentiert, als sie mit einer Künstlerin verabredet war.;Sabine hat einmal ein selbstgemaltes Bild präsentiert.;FacebookAI/roberta-large-mnli;entailment;1;0.17580603063106537;0.23691487312316895;0.5872791409492493
14_ai_bii1_twice_neu;Letzten Monat hat Thorsten Sabine ein selbstgemaltes Bild gezeigt.;Vor zwei Wochen hat Sabine wieder ein selbstgemaltes Bild präsentiert, als sie mit einer Künstlerin verabredet war.;Sabine hat mindestens zweimal ein selbstgemaltes Bild präsentiert.;unknown;14;ai;bii;1;neutral;twice;False;;;Letzten Monat hat Thorsten Sabine ein selbstgemaltes Bild gezeigt. Vor zwei Wochen hat Sabine wieder ein selbstgemaltes Bild präsentiert, als sie mit einer Künstlerin verabredet war.;Sabine hat mindestens zweimal ein selbstgemaltes Bild präsentiert.;FacebookAI/roberta-large-mnli;entailment;0;0.060805972665548325;0.18620459735393524;0.7529894113540649
14_ai_bii1_cannot_say_neu;Letzten Monat hat Thorsten Sabine ein selbstgemaltes Bild gezeigt.;Vor zwei Wochen hat Sabine wieder ein selbstgemaltes Bild präsentiert, als sie mit einer Künstlerin verabredet war.;Es lässt sich nicht sagen, wie oft Sabine ein selbstgemaltes Bild präsentiert hat.;unknown;14;ai;bii;1;neutral;cannot say;False;;;Letzten Monat hat Thorsten Sabine ein selbstgemaltes Bild gezeigt. Vor zwei Wochen hat Sabine wieder ein selbstgemaltes Bild präsentiert, als sie mit einer Künstlerin verabredet war.;Es lässt sich nicht sagen, wie oft Sabine ein selbstgemaltes Bild präsentiert hat.;FacebookAI/roberta-large-mnli;neutral;1;0.06966665387153625;0.8779124617576599;0.052420880645513535
14_ai_bii2_once_pos;Letzten Monat hat Thorsten Sabine ein selbstgemaltes Bild gezeigt.;Vor zwei Wochen hat Thorsten wieder ein selbstgemaltes Bild präsentiert, als er mit einer Künstlerin verabredet war.;Thorsten hat einmal ein selbstgemaltes Bild präsentiert.;unknown;14;ai;bii;2;positive;once;False;;;Letzten Monat hat Thorsten Sabine ein selbstgemaltes Bild gezeigt. Vor zwei Wochen hat Thorsten wieder ein selbstgemaltes Bild präsentiert, als er mit einer Künstlerin verabredet war.;Thorsten hat einmal ein selbstgemaltes Bild präsentiert.;FacebookAI/roberta-large-mnli;entailment;0;0.10979966819286346;0.17091915011405945;0.7192811965942383
14_ai_bii2_twice_pos;Letzten Monat hat Thorsten Sabine ein selbstgemaltes Bild gezeigt.;Vor zwei Wochen hat Thorsten wieder ein selbstgemaltes Bild präsentiert, als er mit einer Künstlerin verabredet war.;Thorsten hat mindestens zweimal ein selbstgemaltes Bild präsentiert.;entailment;14;ai;bii;2;positive;twice;False;;;Letzten Monat hat Thorsten Sabine ein selbstgemaltes Bild gezeigt. Vor zwei Wochen hat Thorsten wieder ein selbstgemaltes Bild präsentiert, als er mit einer Künstlerin verabredet war.;Thorsten hat mindestens zweimal ein selbstgemaltes Bild präsentiert.;FacebookAI/roberta-large-mnli;entailment;1;0.057335399091243744;0.18993282318115234;0.7527318000793457
14_ai_bii2_cannot_say_pos;Letzten Monat hat Thorsten Sabine ein selbstgemaltes Bild gezeigt.;Vor zwei Wochen hat Thorsten wieder ein selbstgemaltes Bild präsentiert, als er mit einer Künstlerin verabredet war.;Es lässt sich nicht sagen, wie oft Thorsten ein selbstgemaltes Bild präsentiert hat.;unknown;14;ai;bii;2;positive;cannot say;False;;;Letzten Monat hat Thorsten Sabine ein selbstgemaltes Bild gezeigt. Vor zwei Wochen hat Thorsten wieder ein selbstgemaltes Bild präsentiert, als er mit einer Künstlerin verabredet war.;Es lässt sich nicht sagen, wie oft Thorsten ein selbstgemaltes Bild präsentiert hat.;FacebookAI/roberta-large-mnli;neutral;1;0.08615607023239136;0.8696919083595276;0.04415202513337135
14_aii_bi1_once_neu;Letzten Monat hat Sabine Thorsten ein selbstgemaltes Bild gezeigt.;Vor zwei Wochen hat Sabine wieder ein selbstgemaltes Bild gesehen, als sie mit einer Künstlerin verabredet war.;Sabine hat einmal ein selbstgemaltes Bild gesehen.;entailment;14;aii;bi;1;neutral;once;False;;;Letzten Monat hat Sabine Thorsten ein selbstgemaltes Bild gezeigt. Vor zwei Wochen hat Sabine wieder ein selbstgemaltes Bild gesehen, als sie mit einer Künstlerin verabredet war.;Sabine hat einmal ein selbstgemaltes Bild gesehen.;FacebookAI/roberta-large-mnli;entailment;1;0.16074930131435394;0.16584330797195435;0.6734074354171753
14_aii_bi1_twice_neu;Letzten Monat hat Sabine Thorsten ein selbstgemaltes Bild gezeigt.;Vor zwei Wochen hat Sabine wieder ein selbstgemaltes Bild gesehen, als sie mit einer Künstlerin verabredet war.;Sabine hat mindestens zweimal ein selbstgemaltes Bild gesehen.;unknown;14;aii;bi;1;neutral;twice;False;;;Letzten Monat hat Sabine Thorsten ein selbstgemaltes Bild gezeigt. Vor zwei Wochen hat Sabine wieder ein selbstgemaltes Bild gesehen, als sie mit einer Künstlerin verabredet war.;Sabine hat mindestens zweimal ein selbstgemaltes Bild gesehen.;FacebookAI/roberta-large-mnli;entailment;0;0.055770911276340485;0.13692520558834076;0.8073038458824158
14_aii_bi1_cannot_say_neu;Letzten Monat hat Sabine Thorsten ein selbstgemaltes Bild gezeigt.;Vor zwei Wochen hat Sabine wieder ein selbstgemaltes Bild gesehen, als sie mit einer Künstlerin verabredet war.;Es lässt sich nicht sagen, wie oft Sabine ein selbstgemaltes Bild gesehen hat.;unknown;14;aii;bi;1;neutral;cannot say;False;;;Letzten Monat hat Sabine Thorsten ein selbstgemaltes Bild gezeigt. Vor zwei Wochen hat Sabine wieder ein selbstgemaltes Bild gesehen, als sie mit einer Künstlerin verabredet war.;Es lässt sich nicht sagen, wie oft Sabine ein selbstgemaltes Bild gesehen hat.;FacebookAI/roberta-large-mnli;neutral;1;0.06866981834173203;0.8763542175292969;0.054975997656583786
14_aii_bi2_once_pos;Letzten Monat hat Sabine Thorsten ein selbstgemaltes Bild gezeigt.;Vor zwei Wochen hat Thorsten wieder ein selbstgemaltes Bild gesehen, als er mit einer Künstlerin verabredet war.;Thorsten hat einmal ein selbstgemaltes Bild gesehen.;unknown;14;aii;bi;2;positive;once;False;;;Letzten Monat hat Sabine Thorsten ein selbstgemaltes Bild gezeigt. Vor zwei Wochen hat Thorsten wieder ein selbstgemaltes Bild gesehen, als er mit einer Künstlerin verabredet war.;Thorsten hat einmal ein selbstgemaltes Bild gesehen.;FacebookAI/roberta-large-mnli;entailment;0;0.11480849981307983;0.189279243350029;0.69591224193573
14_aii_bi2_twice_pos;Letzten Monat hat Sabine Thorsten ein selbstgemaltes Bild gezeigt.;Vor zwei Wochen hat Thorsten wieder ein selbstgemaltes Bild gesehen, als er mit einer Künstlerin verabredet war.;Thorsten hat mindestens zweimal ein selbstgemaltes Bild gesehen.;entailment;14;aii;bi;2;positive;twice;False;;;Letzten Monat hat Sabine Thorsten ein selbstgemaltes Bild gezeigt. Vor zwei Wochen hat Thorsten wieder ein selbstgemaltes Bild gesehen, als er mit einer Künstlerin verabredet war.;Thorsten hat mindestens zweimal ein selbstgemaltes Bild gesehen.;FacebookAI/roberta-large-mnli;entailment;1;0.0424162894487381;0.15431800484657288;0.8032656908035278
14_aii_bi2_cannot_say_pos;Letzten Monat hat Sabine Thorsten ein selbstgemaltes Bild gezeigt.;Vor zwei Wochen hat Thorsten wieder ein selbstgemaltes Bild gesehen, als er mit einer Künstlerin verabredet war.;Es lässt sich nicht sagen, wie oft Thorsten ein selbstgemaltes Bild gesehen hat.;unknown;14;aii;bi;2;positive;cannot say;False;;;Letzten Monat hat Sabine Thorsten ein selbstgemaltes Bild gezeigt. Vor zwei Wochen hat Thorsten wieder ein selbstgemaltes Bild gesehen, als er mit einer Künstlerin verabredet war.;Es lässt sich nicht sagen, wie oft Thorsten ein selbstgemaltes Bild gesehen hat.;FacebookAI/roberta-large-mnli;neutral;1;0.07825452089309692;0.879187285900116;0.04255818575620651
14_aii_bii1_once_pos;Letzten Monat hat Sabine Thorsten ein selbstgemaltes Bild gezeigt.;Vor zwei Wochen hat Sabine wieder ein selbstgemaltes Bild präsentiert, als sie mit einer Künstlerin verabredet war.;Sabine hat einmal ein selbstgemaltes Bild präsentiert.;unknown;14;aii;bii;1;positive;once;False;;;Letzten Monat hat Sabine Thorsten ein selbstgemaltes Bild gezeigt. Vor zwei Wochen hat Sabine wieder ein selbstgemaltes Bild präsentiert, als sie mit einer Künstlerin verabredet war.;Sabine hat einmal ein selbstgemaltes Bild präsentiert.;FacebookAI/roberta-large-mnli;entailment;0;0.14278870820999146;0.1732412427663803;0.683970034122467
14_aii_bii1_twice_pos;Letzten Monat hat Sabine Thorsten ein selbstgemaltes Bild gezeigt.;Vor zwei Wochen hat Sabine wieder ein selbstgemaltes Bild präsentiert, als sie mit einer Künstlerin verabredet war.;Sabine hat mindestens zweimal ein selbstgemaltes Bild präsentiert.;entailment;14;aii;bii;1;positive;twice;False;;;Letzten Monat hat Sabine Thorsten ein selbstgemaltes Bild gezeigt. Vor zwei Wochen hat Sabine wieder ein selbstgemaltes Bild präsentiert, als sie mit einer Künstlerin verabredet war.;Sabine hat mindestens zweimal ein selbstgemaltes Bild präsentiert.;FacebookAI/roberta-large-mnli;entailment;1;0.0578697994351387;0.16962465643882751;0.772505521774292
14_aii_bii1_cannot_say_pos;Letzten Monat hat Sabine Thorsten ein selbstgemaltes Bild gezeigt.;Vor zwei Wochen hat Sabine wieder ein selbstgemaltes Bild präsentiert, als sie mit einer Künstlerin verabredet war.;Es lässt sich nicht sagen, wie oft Sabine ein selbstgemaltes Bild präsentiert hat.;unknown;14;aii;bii;1;positive;cannot say;False;;;Letzten Monat hat Sabine Thorsten ein selbstgemaltes Bild gezeigt. Vor zwei Wochen hat Sabine wieder ein selbstgemaltes Bild präsentiert, als sie mit einer Künstlerin verabredet war.;Es lässt sich nicht sagen, wie oft Sabine ein selbstgemaltes Bild präsentiert hat.;FacebookAI/roberta-large-mnli;neutral;1;0.06834053248167038;0.8788414001464844;0.05281803011894226
14_aii_bii2_once_neu;Letzten Monat hat Sabine Thorsten ein selbstgemaltes Bild gezeigt.;Vor zwei Wochen hat Thorsten wieder ein selbstgemaltes Bild präsentiert, als er mit einer Künstlerin verabredet war.;Thorsten hat einmal ein selbstgemaltes Bild präsentiert.;entailment;14;aii;bii;2;neutral;once;False;;;Letzten Monat hat Sabine Thorsten ein selbstgemaltes Bild gezeigt. Vor zwei Wochen hat Thorsten wieder ein selbstgemaltes Bild präsentiert, als er mit einer Künstlerin verabredet war.;Thorsten hat einmal ein selbstgemaltes Bild präsentiert.;FacebookAI/roberta-large-mnli;entailment;1;0.10883621126413345;0.20799346268177032;0.6831703782081604
14_aii_bii2_twice_neu;Letzten Monat hat Sabine Thorsten ein selbstgemaltes Bild gezeigt.;Vor zwei Wochen hat Thorsten wieder ein selbstgemaltes Bild präsentiert, als er mit einer Künstlerin verabredet war.;Thorsten hat mindestens zweimal ein selbstgemaltes Bild präsentiert.;unknown;14;aii;bii;2;neutral;twice;False;;;Letzten Monat hat Sabine Thorsten ein selbstgemaltes Bild gezeigt. Vor zwei Wochen hat Thorsten wieder ein selbstgemaltes Bild präsentiert, als er mit einer Künstlerin verabredet war.;Thorsten hat mindestens zweimal ein selbstgemaltes Bild präsentiert.;FacebookAI/roberta-large-mnli;entailment;0;0.0469367690384388;0.1683114767074585;0.7847517132759094
14_aii_bii2_cannot_say_neu;Letzten Monat hat Sabine Thorsten ein selbstgemaltes Bild gezeigt.;Vor zwei Wochen hat Thorsten wieder ein selbstgemaltes Bild präsentiert, als er mit einer Künstlerin verabredet war.;Es lässt sich nicht sagen, wie oft Thorsten ein selbstgemaltes Bild präsentiert hat.;unknown;14;aii;bii;2;neutral;cannot say;False;;;Letzten Monat hat Sabine Thorsten ein selbstgemaltes Bild gezeigt. Vor zwei Wochen hat Thorsten wieder ein selbstgemaltes Bild präsentiert, als er mit einer Künstlerin verabredet war.;Es lässt sich nicht sagen, wie oft Thorsten ein selbstgemaltes Bild präsentiert hat.;FacebookAI/roberta-large-mnli;neutral;1;0.08268338441848755;0.8795948624610901;0.037721797823905945
15_ai_bi1_once_pos;Vor vier Wochen hat Thorsten Tina angeschrien.;Vor drei Tagen hat Tina wieder eine lautstarke Standpauke bekommen, als sie an einer Bushaltestelle gewartet hat.;Tina hat einmal eine lautstarke Standpauke bekommen.;unknown;15;ai;bi;1;positive;once;False;;;Vor vier Wochen hat Thorsten Tina angeschrien. Vor drei Tagen hat Tina wieder eine lautstarke Standpauke bekommen, als sie an einer Bushaltestelle gewartet hat.;Tina hat einmal eine lautstarke Standpauke bekommen.;FacebookAI/roberta-large-mnli;entailment;0;0.10030639171600342;0.26140859723091125;0.6382851004600525
15_ai_bi1_twice_pos;Vor vier Wochen hat Thorsten Tina angeschrien.;Vor drei Tagen hat Tina wieder eine lautstarke Standpauke bekommen, als sie an einer Bushaltestelle gewartet hat.;Tina hat mindestens zweimal eine lautstarke Standpauke bekommen.;entailment;15;ai;bi;1;positive;twice;False;;;Vor vier Wochen hat Thorsten Tina angeschrien. Vor drei Tagen hat Tina wieder eine lautstarke Standpauke bekommen, als sie an einer Bushaltestelle gewartet hat.;Tina hat mindestens zweimal eine lautstarke Standpauke bekommen.;FacebookAI/roberta-large-mnli;entailment;1;0.14391662180423737;0.35309940576553345;0.5029839277267456
15_ai_bi1_cannot_say_pos;Vor vier Wochen hat Thorsten Tina angeschrien.;Vor drei Tagen hat Tina wieder eine lautstarke Standpauke bekommen, als sie an einer Bushaltestelle gewartet hat.;Es lässt sich nicht sagen, wie oft Tina eine lautstarke Standpauke bekommen hat.;unknown;15;ai;bi;1;positive;cannot say;False;;;Vor vier Wochen hat Thorsten Tina angeschrien. Vor drei Tagen hat Tina wieder eine lautstarke Standpauke bekommen, als sie an einer Bushaltestelle gewartet hat.;Es lässt sich nicht sagen, wie oft Tina eine lautstarke Standpauke bekommen hat.;FacebookAI/roberta-large-mnli;neutral;1;0.11017367243766785;0.8376927971839905;0.052133530378341675
15_ai_bi2_once_neu;Vor vier Wochen hat Thorsten Tina angeschrien.;Vor drei Tagen hat Thorsten wieder eine lautstarke Standpauke bekommen, als er an einer Bushaltestelle gewartet hat.;Thorsten hat einmal eine lautstarke Standpauke bekommen.;entailment;15;ai;bi;2;neutral;once;False;;;Vor vier Wochen hat Thorsten Tina angeschrien. Vor drei Tagen hat Thorsten wieder eine lautstarke Standpauke bekommen, als er an einer Bushaltestelle gewartet hat.;Thorsten hat einmal eine lautstarke Standpauke bekommen.;FacebookAI/roberta-large-mnli;entailment;1;0.07865720242261887;0.25168195366859436;0.6696608066558838
15_ai_bi2_twice_neu;Vor vier Wochen hat Thorsten Tina angeschrien.;Vor drei Tagen hat Thorsten wieder eine lautstarke Standpauke bekommen, als er an einer Bushaltestelle gewartet hat.;Thorsten hat mindestens zweimal eine lautstarke Standpauke bekommen.;unknown;15;ai;bi;2;neutral;twice;False;;;Vor vier Wochen hat Thorsten Tina angeschrien. Vor drei Tagen hat Thorsten wieder eine lautstarke Standpauke bekommen, als er an einer Bushaltestelle gewartet hat.;Thorsten hat mindestens zweimal eine lautstarke Standpauke bekommen.;FacebookAI/roberta-large-mnli;entailment;0;0.13631334900856018;0.36460021138191223;0.4990863800048828
15_ai_bi2_cannot_say_neu;Vor vier Wochen hat Thorsten Tina angeschrien.;Vor drei Tagen hat Thorsten wieder eine lautstarke Standpauke bekommen, als er an einer Bushaltestelle gewartet hat.;Es lässt sich nicht sagen, wie oft Thorsten eine lautstarke Standpauke bekommen hat.;unknown;15;ai;bi;2;neutral;cannot say;False;;;Vor vier Wochen hat Thorsten Tina angeschrien. Vor drei Tagen hat Thorsten wieder eine lautstarke Standpauke bekommen, als er an einer Bushaltestelle gewartet hat.;Es lässt sich nicht sagen, wie oft Thorsten eine lautstarke Standpauke bekommen hat.;FacebookAI/roberta-large-mnli;neutral;1;0.1333487331867218;0.8154656887054443;0.05118566378951073
15_ai_bii1_once_neu;Vor vier Wochen hat Thorsten Tina angeschrien.;Vor drei Tagen hat Tina wieder eine lautstarke Standpauke gehalten, als sie an einer Bushaltestelle gewartet hat.;Tina hat einmal eine lautstarke Standpauke gehalten.;entailment;15;ai;bii;1;neutral;once;False;;;Vor vier Wochen hat Thorsten Tina angeschrien. Vor drei Tagen hat Tina wieder eine lautstarke Standpauke gehalten, als sie an einer Bushaltestelle gewartet hat.;Tina hat einmal eine lautstarke Standpauke gehalten.;FacebookAI/roberta-large-mnli;entailment;1;0.06862162798643112;0.2351343035697937;0.6962440609931946
15_ai_bii1_twice_neu;Vor vier Wochen hat Thorsten Tina angeschrien.;Vor drei Tagen hat Tina wieder eine lautstarke Standpauke gehalten, als sie an einer Bushaltestelle gewartet hat.;Tina hat mindestens zweimal eine lautstarke Standpauke gehalten.;unknown;15;ai;bii;1;neutral;twice;False;;;Vor vier Wochen hat Thorsten Tina angeschrien. Vor drei Tagen hat Tina wieder eine lautstarke Standpauke gehalten, als sie an einer Bushaltestelle gewartet hat.;Tina hat mindestens zweimal eine lautstarke Standpauke gehalten.;FacebookAI/roberta-large-mnli;neutral;1;0.1237383484840393;0.44164133071899414;0.43462029099464417
15_ai_bii1_cannot_say_neu;Vor vier Wochen hat Thorsten Tina angeschrien.;Vor drei Tagen hat Tina wieder eine lautstarke Standpauke gehalten, als sie an einer Bushaltestelle gewartet hat.;Es lässt sich nicht sagen, wie oft Tina eine lautstarke Standpauke gehalten hat.;unknown;15;ai;bii;1;neutral;cannot say;False;;;Vor vier Wochen hat Thorsten Tina angeschrien. Vor drei Tagen hat Tina wieder eine lautstarke Standpauke gehalten, als sie an einer Bushaltestelle gewartet hat.;Es lässt sich nicht sagen, wie oft Tina eine lautstarke Standpauke gehalten hat.;FacebookAI/roberta-large-mnli;neutral;1;0.1559043675661087;0.7832581400871277;0.060837533324956894
15_ai_bii2_once_pos;Vor vier Wochen hat Thorsten Tina angeschrien.;Vor drei Tagen hat Thorsten wieder eine lautstarke Standpauke gehalten, als er an einer Bushaltestelle gewartet hat.;Thorsten hat einmal eine lautstarke Standpauke gehalten.;unknown;15;ai;bii;2;positive;once;False;;;Vor vier Wochen hat Thorsten Tina angeschrien. Vor drei Tagen hat Thorsten wieder eine lautstarke Standpauke gehalten, als er an einer Bushaltestelle gewartet hat.;Thorsten hat einmal eine lautstarke Standpauke gehalten.;FacebookAI/roberta-large-mnli;entailment;0;0.06681928038597107;0.2176833152770996;0.7154973745346069
15_ai_bii2_twice_pos;Vor vier Wochen hat Thorsten Tina angeschrien.;Vor drei Tagen hat Thorsten wieder eine lautstarke Standpauke gehalten, als er an einer Bushaltestelle gewartet hat.;Thorsten hat mindestens zweimal eine lautstarke Standpauke gehalten.;entailment;15;ai;bii;2;positive;twice;False;;;Vor vier Wochen hat Thorsten Tina angeschrien. Vor drei Tagen hat Thorsten wieder eine lautstarke Standpauke gehalten, als er an einer Bushaltestelle gewartet hat.;Thorsten hat mindestens zweimal eine lautstarke Standpauke gehalten.;FacebookAI/roberta-large-mnli;entailment;1;0.12387876212596893;0.42974910140037537;0.4463721215724945
15_ai_bii2_cannot_say_pos;Vor vier Wochen hat Thorsten Tina angeschrien.;Vor drei Tagen hat Thorsten wieder eine lautstarke Standpauke gehalten, als er an einer Bushaltestelle gewartet hat.;Es lässt sich nicht sagen, wie oft Thorsten eine lautstarke Standpauke gehalten hat.;unknown;15;ai;bii;2;positive;cannot say;False;;;Vor vier Wochen hat Thorsten Tina angeschrien. Vor drei Tagen hat Thorsten wieder eine lautstarke Standpauke gehalten, als er an einer Bushaltestelle gewartet hat.;Es lässt sich nicht sagen, wie oft Thorsten eine lautstarke Standpauke gehalten hat.;FacebookAI/roberta-large-mnli;neutral;1;0.1698797196149826;0.770372748374939;0.059747569262981415
15_aii_bi1_once_neu;Vor vier Wochen hat Tina Thorsten angeschrien.;Vor drei Tagen hat Tina wieder eine lautstarke Standpauke bekommen, als sie an einer Bushaltestelle gewartet hat.;Tina hat einmal eine lautstarke Standpauke bekommen.;entailment;15;aii;bi;1;neutral;once;False;;;Vor vier Wochen hat Tina Thorsten angeschrien. Vor drei Tagen hat Tina wieder eine lautstarke Standpauke bekommen, als sie an einer Bushaltestelle gewartet hat.;Tina hat einmal eine lautstarke Standpauke bekommen.;FacebookAI/roberta-large-mnli;entailment;1;0.09903111308813095;0.1971978396177292;0.7037711143493652
15_aii_bi1_twice_neu;Vor vier Wochen hat Tina Thorsten angeschrien.;Vor drei Tagen hat Tina wieder eine lautstarke Standpauke bekommen, als sie an einer Bushaltestelle gewartet hat.;Tina hat mindestens zweimal eine lautstarke Standpauke bekommen.;unknown;15;aii;bi;1;neutral;twice;False;;;Vor vier Wochen hat Tina Thorsten angeschrien. Vor drei Tagen hat Tina wieder eine lautstarke Standpauke bekommen, als sie an einer Bushaltestelle gewartet hat.;Tina hat mindestens zweimal eine lautstarke Standpauke bekommen.;FacebookAI/roberta-large-mnli;entailment;0;0.15376166999340057;0.3582597076892853;0.48797860741615295
15_aii_bi1_cannot_say_neu;Vor vier Wochen hat Tina Thorsten angeschrien.;Vor drei Tagen hat Tina wieder eine lautstarke Standpauke bekommen, als sie an einer Bushaltestelle gewartet hat.;Es lässt sich nicht sagen, wie oft Tina eine lautstarke Standpauke bekommen hat.;unknown;15;aii;bi;1;neutral;cannot say;False;;;Vor vier Wochen hat Tina Thorsten angeschrien. Vor drei Tagen hat Tina wieder eine lautstarke Standpauke bekommen, als sie an einer Bushaltestelle gewartet hat.;Es lässt sich nicht sagen, wie oft Tina eine lautstarke Standpauke bekommen hat.;FacebookAI/roberta-large-mnli;neutral;1;0.10193876922130585;0.8444018363952637;0.05365946143865585
15_aii_bi2_once_pos;Vor vier Wochen hat Tina Thorsten angeschrien.;Vor drei Tagen hat Thorsten wieder eine lautstarke Standpauke bekommen, als er an einer Bushaltestelle gewartet hat.;Thorsten hat einmal eine lautstarke Standpauke bekommen.;unknown;15;aii;bi;2;positive;once;False;;;Vor vier Wochen hat Tina Thorsten angeschrien. Vor drei Tagen hat Thorsten wieder eine lautstarke Standpauke bekommen, als er an einer Bushaltestelle gewartet hat.;Thorsten hat einmal eine lautstarke Standpauke bekommen.;FacebookAI/roberta-large-mnli;entailment;0;0.0784943699836731;0.28188297152519226;0.6396226286888123
15_aii_bi2_twice_pos;Vor vier Wochen hat Tina Thorsten angeschrien.;Vor drei Tagen hat Thorsten wieder eine lautstarke Standpauke bekommen, als er an einer Bushaltestelle gewartet hat.;Thorsten hat mindestens zweimal eine lautstarke Standpauke bekommen.;entailment;15;aii;bi;2;positive;twice;False;;;Vor vier Wochen hat Tina Thorsten angeschrien. Vor drei Tagen hat Thorsten wieder eine lautstarke Standpauke bekommen, als er an einer Bushaltestelle gewartet hat.;Thorsten hat mindestens zweimal eine lautstarke Standpauke bekommen.;FacebookAI/roberta-large-mnli;entailment;1;0.14688585698604584;0.3362659811973572;0.516848087310791
15_aii_bi2_cannot_say_pos;Vor vier Wochen hat Tina Thorsten angeschrien.;Vor drei Tagen hat Thorsten wieder eine lautstarke Standpauke bekommen, als er an einer Bushaltestelle gewartet hat.;Es lässt sich nicht sagen, wie oft Thorsten eine lautstarke Standpauke bekommen hat.;unknown;15;aii;bi;2;positive;cannot say;False;;;Vor vier Wochen hat Tina Thorsten angeschrien. Vor drei Tagen hat Thorsten wieder eine lautstarke Standpauke bekommen, als er an einer Bushaltestelle gewartet hat.;Es lässt sich nicht sagen, wie oft Thorsten eine lautstarke Standpauke bekommen hat.;FacebookAI/roberta-large-mnli;neutral;1;0.1315990686416626;0.822583019733429;0.045817937701940536
15_aii_bii1_once_pos;Vor vier Wochen hat Tina Thorsten angeschrien.;Vor drei Tagen hat Tina wieder eine lautstarke Standpauke gehalten, als sie an einer Bushaltestelle gewartet hat.;Tina hat einmal eine lautstarke Standpauke gehalten.;unknown;15;aii;bii;1;positive;once;False;;;Vor vier Wochen hat Tina Thorsten angeschrien. Vor drei Tagen hat Tina wieder eine lautstarke Standpauke gehalten, als sie an einer Bushaltestelle gewartet hat.;Tina hat einmal eine lautstarke Standpauke gehalten.;FacebookAI/roberta-large-mnli;entailment;0;0.07261143624782562;0.1778268814086914;0.749561607837677
15_aii_bii1_twice_pos;Vor vier Wochen hat Tina Thorsten angeschrien.;Vor drei Tagen hat Tina wieder eine lautstarke Standpauke gehalten, als sie an einer Bushaltestelle gewartet hat.;Tina hat mindestens zweimal eine lautstarke Standpauke gehalten.;entailment;15;aii;bii;1;positive;twice;False;;;Vor vier Wochen hat Tina Thorsten angeschrien. Vor drei Tagen hat Tina wieder eine lautstarke Standpauke gehalten, als sie an einer Bushaltestelle gewartet hat.;Tina hat mindestens zweimal eine lautstarke Standpauke gehalten.;FacebookAI/roberta-large-mnli;entailment;1;0.13349463045597076;0.4330279231071472;0.4334774613380432
15_aii_bii1_cannot_say_pos;Vor vier Wochen hat Tina Thorsten angeschrien.;Vor drei Tagen hat Tina wieder eine lautstarke Standpauke gehalten, als sie an einer Bushaltestelle gewartet hat.;Es lässt sich nicht sagen, wie oft Tina eine lautstarke Standpauke gehalten hat.;unknown;15;aii;bii;1;positive;cannot say;False;;;Vor vier Wochen hat Tina Thorsten angeschrien. Vor drei Tagen hat Tina wieder eine lautstarke Standpauke gehalten, als sie an einer Bushaltestelle gewartet hat.;Es lässt sich nicht sagen, wie oft Tina eine lautstarke Standpauke gehalten hat.;FacebookAI/roberta-large-mnli;neutral;1;0.14359627664089203;0.7946198582649231;0.06178383529186249
15_aii_bii2_once_neu;Vor vier Wochen hat Tina Thorsten angeschrien.;Vor drei Tagen hat Thorsten wieder eine lautstarke Standpauke gehalten, als er an einer Bushaltestelle gewartet hat.;Thorsten hat einmal eine lautstarke Standpauke gehalten.;entailment;15;aii;bii;2;neutral;once;False;;;Vor vier Wochen hat Tina Thorsten angeschrien. Vor drei Tagen hat Thorsten wieder eine lautstarke Standpauke gehalten, als er an einer Bushaltestelle gewartet hat.;Thorsten hat einmal eine lautstarke Standpauke gehalten.;FacebookAI/roberta-large-mnli;entailment;1;0.06297675520181656;0.24524642527103424;0.6917768716812134
15_aii_bii2_twice_neu;Vor vier Wochen hat Tina Thorsten angeschrien.;Vor drei Tagen hat Thorsten wieder eine lautstarke Standpauke gehalten, als er an einer Bushaltestelle gewartet hat.;Thorsten hat mindestens zweimal eine lautstarke Standpauke gehalten.;unknown;15;aii;bii;2;neutral;twice;False;;;Vor vier Wochen hat Tina Thorsten angeschrien. Vor drei Tagen hat Thorsten wieder eine lautstarke Standpauke gehalten, als er an einer Bushaltestelle gewartet hat.;Thorsten hat mindestens zweimal eine lautstarke Standpauke gehalten.;FacebookAI/roberta-large-mnli;entailment;0;0.1277942657470703;0.4155355989933014;0.4566701054573059
15_aii_bii2_cannot_say_neu;Vor vier Wochen hat Tina Thorsten angeschrien.;Vor drei Tagen hat Thorsten wieder eine lautstarke Standpauke gehalten, als er an einer Bushaltestelle gewartet hat.;Es lässt sich nicht sagen, wie oft Thorsten eine lautstarke Standpauke gehalten hat.;unknown;15;aii;bii;2;neutral;cannot say;False;;;Vor vier Wochen hat Tina Thorsten angeschrien. Vor drei Tagen hat Thorsten wieder eine lautstarke Standpauke gehalten, als er an einer Bushaltestelle gewartet hat.;Es lässt sich nicht sagen, wie oft Thorsten eine lautstarke Standpauke gehalten hat.;FacebookAI/roberta-large-mnli;neutral;1;0.1655724197626114;0.7793052196502686;0.055122412741184235
16_ai_bi1_once_pos;Vor vier Monaten hat Greta Sabine ein tragisches Gedicht vorgetragen.;Vor zwei Tagen hat Sabine wieder ein tragisches Gedicht gehört, als sie bei einem Kleinkunstabend zugegen war.;Sabine hat einmal ein tragisches Gedicht gehört.;unknown;16;ai;bi;1;positive;once;False;;;Vor vier Monaten hat Greta Sabine ein tragisches Gedicht vorgetragen. Vor zwei Tagen hat Sabine wieder ein tragisches Gedicht gehört, als sie bei einem Kleinkunstabend zugegen war.;Sabine hat einmal ein tragisches Gedicht gehört.;FacebookAI/roberta-large-mnli;entailment;0;0.25169628858566284;0.09939926862716675;0.6489044427871704
16_ai_bi1_twice_pos;Vor vier Monaten hat Greta Sabine ein tragisches Gedicht vorgetragen.;Vor zwei Tagen hat Sabine wieder ein tragisches Gedicht gehört, als sie bei einem Kleinkunstabend zugegen war.;Sabine hat mindestens zweimal ein tragisches Gedicht gehört.;entailment;16;ai;bi;1;positive;twice;False;;;Vor vier Monaten hat Greta Sabine ein tragisches Gedicht vorgetragen. Vor zwei Tagen hat Sabine wieder ein tragisches Gedicht gehört, als sie bei einem Kleinkunstabend zugegen war.;Sabine hat mindestens zweimal ein tragisches Gedicht gehört.;FacebookAI/roberta-large-mnli;entailment;1;0.14472511410713196;0.15860922634601593;0.6966657042503357
16_ai_bi1_cannot_say_pos;Vor vier Monaten hat Greta Sabine ein tragisches Gedicht vorgetragen.;Vor zwei Tagen hat Sabine wieder ein tragisches Gedicht gehört, als sie bei einem Kleinkunstabend zugegen war.;Es lässt sich nicht sagen, wie oft Sabine ein tragisches Gedicht gehört hat.;unknown;16;ai;bi;1;positive;cannot say;False;;;Vor vier Monaten hat Greta Sabine ein tragisches Gedicht vorgetragen. Vor zwei Tagen hat Sabine wieder ein tragisches Gedicht gehört, als sie bei einem Kleinkunstabend zugegen war.;Es lässt sich nicht sagen, wie oft Sabine ein tragisches Gedicht gehört hat.;FacebookAI/roberta-large-mnli;neutral;1;0.11681126058101654;0.7958812117576599;0.08730749785900116
16_ai_bi2_once_neu;Vor vier Monaten hat Greta Sabine ein tragisches Gedicht vorgetragen.;Vor zwei Tagen hat Greta wieder ein tragisches Gedicht gehört, als sie bei einem Kleinkunstabend zugegen war.;Greta hat einmal ein tragisches Gedicht gehört.;entailment;16;ai;bi;2;neutral;once;False;;;Vor vier Monaten hat Greta Sabine ein tragisches Gedicht vorgetragen. Vor zwei Tagen hat Greta wieder ein tragisches Gedicht gehört, als sie bei einem Kleinkunstabend zugegen war.;Greta hat einmal ein tragisches Gedicht gehört.;FacebookAI/roberta-large-mnli;entailment;1;0.28055790066719055;0.09487476944923401;0.6245672702789307
16_ai_bi2_twice_neu;Vor vier Monaten hat Greta Sabine ein tragisches Gedicht vorgetragen.;Vor zwei Tagen hat Greta wieder ein tragisches Gedicht gehört, als sie bei einem Kleinkunstabend zugegen war.;Greta hat mindestens zweimal ein tragisches Gedicht gehört.;unknown;16;ai;bi;2;neutral;twice;False;;;Vor vier Monaten hat Greta Sabine ein tragisches Gedicht vorgetragen. Vor zwei Tagen hat Greta wieder ein tragisches Gedicht gehört, als sie bei einem Kleinkunstabend zugegen war.;Greta hat mindestens zweimal ein tragisches Gedicht gehört.;FacebookAI/roberta-large-mnli;entailment;0;0.1528232991695404;0.16092294454574585;0.6862537264823914
16_ai_bi2_cannot_say_neu;Vor vier Monaten hat Greta Sabine ein tragisches Gedicht vorgetragen.;Vor zwei Tagen hat Greta wieder ein tragisches Gedicht gehört, als sie bei einem Kleinkunstabend zugegen war.;Es lässt sich nicht sagen, wie oft Greta ein tragisches Gedicht gehört hat.;unknown;16;ai;bi;2;neutral;cannot say;False;;;Vor vier Monaten hat Greta Sabine ein tragisches Gedicht vorgetragen. Vor zwei Tagen hat Greta wieder ein tragisches Gedicht gehört, als sie bei einem Kleinkunstabend zugegen war.;Es lässt sich nicht sagen, wie oft Greta ein tragisches Gedicht gehört hat.;FacebookAI/roberta-large-mnli;neutral;1;0.11386165022850037;0.7815143465995789;0.10462391376495361
16_ai_bii1_once_neu;Vor vier Monaten hat Greta Sabine ein tragisches Gedicht vorgetragen.;Vor zwei Tagen hat Sabine wieder ein tragisches Gedicht rezitiert, als sie bei einem Kleinkunstabend zugegen war.;Sabine hat einmal ein tragisches Gedicht rezitiert.;entailment;16;ai;bii;1;neutral;once;False;;;Vor vier Monaten hat Greta Sabine ein tragisches Gedicht vorgetragen. Vor zwei Tagen hat Sabine wieder ein tragisches Gedicht rezitiert, als sie bei einem Kleinkunstabend zugegen war.;Sabine hat einmal ein tragisches Gedicht rezitiert.;FacebookAI/roberta-large-mnli;entailment;1;0.3321118652820587;0.10399086773395538;0.5638972520828247
16_ai_bii1_twice_neu;Vor vier Monaten hat Greta Sabine ein tragisches Gedicht vorgetragen.;Vor zwei Tagen hat Sabine wieder ein tragisches Gedicht rezitiert, als sie bei einem Kleinkunstabend zugegen war.;Sabine hat mindestens zweimal ein tragisches Gedicht rezitiert.;unknown;16;ai;bii;1;neutral;twice;False;;;Vor vier Monaten hat Greta Sabine ein tragisches Gedicht vorgetragen. Vor zwei Tagen hat Sabine wieder ein tragisches Gedicht rezitiert, als sie bei einem Kleinkunstabend zugegen war.;Sabine hat mindestens zweimal ein tragisches Gedicht rezitiert.;FacebookAI/roberta-large-mnli;entailment;0;0.16506507992744446;0.15150290727615356;0.6834320425987244
16_ai_bii1_cannot_say_neu;Vor vier Monaten hat Greta Sabine ein tragisches Gedicht vorgetragen.;Vor zwei Tagen hat Sabine wieder ein tragisches Gedicht rezitiert, als sie bei einem Kleinkunstabend zugegen war.;Es lässt sich nicht sagen, wie oft Sabine ein tragisches Gedicht rezitiert hat.;unknown;16;ai;bii;1;neutral;cannot say;False;;;Vor vier Monaten hat Greta Sabine ein tragisches Gedicht vorgetragen. Vor zwei Tagen hat Sabine wieder ein tragisches Gedicht rezitiert, als sie bei einem Kleinkunstabend zugegen war.;Es lässt sich nicht sagen, wie oft Sabine ein tragisches Gedicht rezitiert hat.;FacebookAI/roberta-large-mnli;neutral;1;0.11723531782627106;0.7879810333251953;0.09478365629911423
16_ai_bii2_once_pos;Vor vier Monaten hat Greta Sabine ein tragisches Gedicht vorgetragen.;Vor zwei Tagen hat Greta wieder ein tragisches Gedicht rezitiert, als sie bei einem Kleinkunstabend zugegen war.;Greta hat einmal ein tragisches Gedicht rezitiert.;unknown;16;ai;bii;2;positive;once;False;;;Vor vier Monaten hat Greta Sabine ein tragisches Gedicht vorgetragen. Vor zwei Tagen hat Greta wieder ein tragisches Gedicht rezitiert, als sie bei einem Kleinkunstabend zugegen war.;Greta hat einmal ein tragisches Gedicht rezitiert.;FacebookAI/roberta-large-mnli;entailment;0;0.35658830404281616;0.09869387745857239;0.5447177886962891
16_ai_bii2_twice_pos;Vor vier Monaten hat Greta Sabine ein tragisches Gedicht vorgetragen.;Vor zwei Tagen hat Greta wieder ein tragisches Gedicht rezitiert, als sie bei einem Kleinkunstabend zugegen war.;Greta hat mindestens zweimal ein tragisches Gedicht rezitiert.;entailment;16;ai;bii;2;positive;twice;False;;;Vor vier Monaten hat Greta Sabine ein tragisches Gedicht vorgetragen. Vor zwei Tagen hat Greta wieder ein tragisches Gedicht rezitiert, als sie bei einem Kleinkunstabend zugegen war.;Greta hat mindestens zweimal ein tragisches Gedicht rezitiert.;FacebookAI/roberta-large-mnli;entailment;1;0.17455846071243286;0.15095248818397522;0.6744890213012695
16_ai_bii2_cannot_say_pos;Vor vier Monaten hat Greta Sabine ein tragisches Gedicht vorgetragen.;Vor zwei Tagen hat Greta wieder ein tragisches Gedicht rezitiert, als sie bei einem Kleinkunstabend zugegen war.;Es lässt sich nicht sagen, wie oft Greta ein tragisches Gedicht rezitiert hat.;unknown;16;ai;bii;2;positive;cannot say;False;;;Vor vier Monaten hat Greta Sabine ein tragisches Gedicht vorgetragen. Vor zwei Tagen hat Greta wieder ein tragisches Gedicht rezitiert, als sie bei einem Kleinkunstabend zugegen war.;Es lässt sich nicht sagen, wie oft Greta ein tragisches Gedicht rezitiert hat.;FacebookAI/roberta-large-mnli;neutral;1;0.11650506407022476;0.7770993709564209;0.1063956469297409
16_aii_bi1_once_neu;Vor vier Monaten hat Sabine Greta ein tragisches Gedicht vorgetragen.;Vor zwei Tagen hat Sabine wieder ein tragisches Gedicht gehört, als sie bei einem Kleinkunstabend zugegen war.;Sabine hat einmal ein tragisches Gedicht gehört.;entailment;16;aii;bi;1;neutral;once;False;;;Vor vier Monaten hat Sabine Greta ein tragisches Gedicht vorgetragen. Vor zwei Tagen hat Sabine wieder ein tragisches Gedicht gehört, als sie bei einem Kleinkunstabend zugegen war.;Sabine hat einmal ein tragisches Gedicht gehört.;FacebookAI/roberta-large-mnli;entailment;1;0.29763704538345337;0.10372908413410187;0.598633885383606
16_aii_bi1_twice_neu;Vor vier Monaten hat Sabine Greta ein tragisches Gedicht vorgetragen.;Vor zwei Tagen hat Sabine wieder ein tragisches Gedicht gehört, als sie bei einem Kleinkunstabend zugegen war.;Sabine hat mindestens zweimal ein tragisches Gedicht gehört.;unknown;16;aii;bi;1;neutral;twice;False;;;Vor vier Monaten hat Sabine Greta ein tragisches Gedicht vorgetragen. Vor zwei Tagen hat Sabine wieder ein tragisches Gedicht gehört, als sie bei einem Kleinkunstabend zugegen war.;Sabine hat mindestens zweimal ein tragisches Gedicht gehört.;FacebookAI/roberta-large-mnli;entailment;0;0.1553662270307541;0.1794472634792328;0.6651864647865295
16_aii_bi1_cannot_say_neu;Vor vier Monaten hat Sabine Greta ein tragisches Gedicht vorgetragen.;Vor zwei Tagen hat Sabine wieder ein tragisches Gedicht gehört, als sie bei einem Kleinkunstabend zugegen war.;Es lässt sich nicht sagen, wie oft Sabine ein tragisches Gedicht gehört hat.;unknown;16;aii;bi;1;neutral;cannot say;False;;;Vor vier Monaten hat Sabine Greta ein tragisches Gedicht vorgetragen. Vor zwei Tagen hat Sabine wieder ein tragisches Gedicht gehört, als sie bei einem Kleinkunstabend zugegen war.;Es lässt sich nicht sagen, wie oft Sabine ein tragisches Gedicht gehört hat.;FacebookAI/roberta-large-mnli;neutral;1;0.11702810972929001;0.7916369438171387;0.0913350060582161
16_aii_bi2_once_pos;Vor vier Monaten hat Sabine Greta ein tragisches Gedicht vorgetragen.;Vor zwei Tagen hat Greta wieder ein tragisches Gedicht gehört, als sie bei einem Kleinkunstabend zugegen war.;Greta hat einmal ein tragisches Gedicht gehört.;unknown;16;aii;bi;2;positive;once;False;;;Vor vier Monaten hat Sabine Greta ein tragisches Gedicht vorgetragen. Vor zwei Tagen hat Greta wieder ein tragisches Gedicht gehört, als sie bei einem Kleinkunstabend zugegen war.;Greta hat einmal ein tragisches Gedicht gehört.;FacebookAI/roberta-large-mnli;entailment;0;0.2474949061870575;0.099472776055336;0.6530323624610901
16_aii_bi2_twice_pos;Vor vier Monaten hat Sabine Greta ein tragisches Gedicht vorgetragen.;Vor zwei Tagen hat Greta wieder ein tragisches Gedicht gehört, als sie bei einem Kleinkunstabend zugegen war.;Greta hat mindestens zweimal ein tragisches Gedicht gehört.;entailment;16;aii;bi;2;positive;twice;False;;;Vor vier Monaten hat Sabine Greta ein tragisches Gedicht vorgetragen. Vor zwei Tagen hat Greta wieder ein tragisches Gedicht gehört, als sie bei einem Kleinkunstabend zugegen war.;Greta hat mindestens zweimal ein tragisches Gedicht gehört.;FacebookAI/roberta-large-mnli;entailment;1;0.142592653632164;0.16521131992340088;0.6921960115432739
16_aii_bi2_cannot_say_pos;Vor vier Monaten hat Sabine Greta ein tragisches Gedicht vorgetragen.;Vor zwei Tagen hat Greta wieder ein tragisches Gedicht gehört, als sie bei einem Kleinkunstabend zugegen war.;Es lässt sich nicht sagen, wie oft Greta ein tragisches Gedicht gehört hat.;unknown;16;aii;bi;2;positive;cannot say;False;;;Vor vier Monaten hat Sabine Greta ein tragisches Gedicht vorgetragen. Vor zwei Tagen hat Greta wieder ein tragisches Gedicht gehört, als sie bei einem Kleinkunstabend zugegen war.;Es lässt sich nicht sagen, wie oft Greta ein tragisches Gedicht gehört hat.;FacebookAI/roberta-large-mnli;neutral;1;0.10288821905851364;0.8110389709472656;0.08607275038957596
16_aii_bii1_once_pos;Vor vier Monaten hat Sabine Greta ein tragisches Gedicht vorgetragen.;Vor zwei Tagen hat Sabine wieder ein tragisches Gedicht rezitiert, als sie bei einem Kleinkunstabend zugegen war.;Sabine hat einmal ein tragisches Gedicht rezitiert.;unknown;16;aii;bii;1;positive;once;False;;;Vor vier Monaten hat Sabine Greta ein tragisches Gedicht vorgetragen. Vor zwei Tagen hat Sabine wieder ein tragisches Gedicht rezitiert, als sie bei einem Kleinkunstabend zugegen war.;Sabine hat einmal ein tragisches Gedicht rezitiert.;FacebookAI/roberta-large-mnli;entailment;0;0.3805323541164398;0.10784004628658295;0.5116276741027832
16_aii_bii1_twice_pos;Vor vier Monaten hat Sabine Greta ein tragisches Gedicht vorgetragen.;Vor zwei Tagen hat Sabine wieder ein tragisches Gedicht rezitiert, als sie bei einem Kleinkunstabend zugegen war.;Sabine hat mindestens zweimal ein tragisches Gedicht rezitiert.;entailment;16;aii;bii;1;positive;twice;False;;;Vor vier Monaten hat Sabine Greta ein tragisches Gedicht vorgetragen. Vor zwei Tagen hat Sabine wieder ein tragisches Gedicht rezitiert, als sie bei einem Kleinkunstabend zugegen war.;Sabine hat mindestens zweimal ein tragisches Gedicht rezitiert.;FacebookAI/roberta-large-mnli;entailment;1;0.17742429673671722;0.17073705792427063;0.6518386602401733
16_aii_bii1_cannot_say_pos;Vor vier Monaten hat Sabine Greta ein tragisches Gedicht vorgetragen.;Vor zwei Tagen hat Sabine wieder ein tragisches Gedicht rezitiert, als sie bei einem Kleinkunstabend zugegen war.;Es lässt sich nicht sagen, wie oft Sabine ein tragisches Gedicht rezitiert hat.;unknown;16;aii;bii;1;positive;cannot say;False;;;Vor vier Monaten hat Sabine Greta ein tragisches Gedicht vorgetragen. Vor zwei Tagen hat Sabine wieder ein tragisches Gedicht rezitiert, als sie bei einem Kleinkunstabend zugegen war.;Es lässt sich nicht sagen, wie oft Sabine ein tragisches Gedicht rezitiert hat.;FacebookAI/roberta-large-mnli;neutral;1;0.11589834094047546;0.7882933020591736;0.09580840170383453
16_aii_bii2_once_neu;Vor vier Monaten hat Sabine Greta ein tragisches Gedicht vorgetragen.;Vor zwei Tagen hat Greta wieder ein tragisches Gedicht rezitiert, als sie bei einem Kleinkunstabend zugegen war.;Greta hat einmal ein tragisches Gedicht rezitiert.;entailment;16;aii;bii;2;neutral;once;False;;;Vor vier Monaten hat Sabine Greta ein tragisches Gedicht vorgetragen. Vor zwei Tagen hat Greta wieder ein tragisches Gedicht rezitiert, als sie bei einem Kleinkunstabend zugegen war.;Greta hat einmal ein tragisches Gedicht rezitiert.;FacebookAI/roberta-large-mnli;entailment;1;0.3254997134208679;0.1024264469742775;0.5720738172531128
16_aii_bii2_twice_neu;Vor vier Monaten hat Sabine Greta ein tragisches Gedicht vorgetragen.;Vor zwei Tagen hat Greta wieder ein tragisches Gedicht rezitiert, als sie bei einem Kleinkunstabend zugegen war.;Greta hat mindestens zweimal ein tragisches Gedicht rezitiert.;unknown;16;aii;bii;2;neutral;twice;False;;;Vor vier Monaten hat Sabine Greta ein tragisches Gedicht vorgetragen. Vor zwei Tagen hat Greta wieder ein tragisches Gedicht rezitiert, als sie bei einem Kleinkunstabend zugegen war.;Greta hat mindestens zweimal ein tragisches Gedicht rezitiert.;FacebookAI/roberta-large-mnli;entailment;0;0.16260062158107758;0.1528622955083847;0.6845371127128601
16_aii_bii2_cannot_say_neu;Vor vier Monaten hat Sabine Greta ein tragisches Gedicht vorgetragen.;Vor zwei Tagen hat Greta wieder ein tragisches Gedicht rezitiert, als sie bei einem Kleinkunstabend zugegen war.;Es lässt sich nicht sagen, wie oft Greta ein tragisches Gedicht rezitiert hat.;unknown;16;aii;bii;2;neutral;cannot say;False;;;Vor vier Monaten hat Sabine Greta ein tragisches Gedicht vorgetragen. Vor zwei Tagen hat Greta wieder ein tragisches Gedicht rezitiert, als sie bei einem Kleinkunstabend zugegen war.;Es lässt sich nicht sagen, wie oft Greta ein tragisches Gedicht rezitiert hat.;FacebookAI/roberta-large-mnli;neutral;1;0.10815532505512238;0.8046937584877014;0.087150938808918
17_ai_bi1_once_pos;Vor zwei Monaten hat Greta vor Tina einen komplizierten Vortrag gehalten.;Vor drei Tagen hat Tina wieder einen komplizierten Vortrag gehört, als sie auf einer Tagung gewesen ist.;Tina hat einmal einen komplizierten Vortrag gehört.;unknown;17;ai;bi;1;positive;once;False;;;Vor zwei Monaten hat Greta vor Tina einen komplizierten Vortrag gehalten. Vor drei Tagen hat Tina wieder einen komplizierten Vortrag gehört, als sie auf einer Tagung gewesen ist.;Tina hat einmal einen komplizierten Vortrag gehört.;FacebookAI/roberta-large-mnli;contradiction;0;0.3415868580341339;0.32254746556282043;0.33586570620536804
17_ai_bi1_twice_pos;Vor zwei Monaten hat Greta vor Tina einen komplizierten Vortrag gehalten.;Vor drei Tagen hat Tina wieder einen komplizierten Vortrag gehört, als sie auf einer Tagung gewesen ist.;Tina hat mindestens zweimal einen komplizierten Vortrag gehört.;entailment;17;ai;bi;1;positive;twice;False;;;Vor zwei Monaten hat Greta vor Tina einen komplizierten Vortrag gehalten. Vor drei Tagen hat Tina wieder einen komplizierten Vortrag gehört, als sie auf einer Tagung gewesen ist.;Tina hat mindestens zweimal einen komplizierten Vortrag gehört.;FacebookAI/roberta-large-mnli;entailment;1;0.3256950378417969;0.14266277849674225;0.5316421389579773
17_ai_bi1_cannot_say_pos;Vor zwei Monaten hat Greta vor Tina einen komplizierten Vortrag gehalten.;Vor drei Tagen hat Tina wieder einen komplizierten Vortrag gehört, als sie auf einer Tagung gewesen ist.;Es lässt sich nicht sagen, wie oft Tina einen komplizierten Vortrag gehört hat.;unknown;17;ai;bi;1;positive;cannot say;False;;;Vor zwei Monaten hat Greta vor Tina einen komplizierten Vortrag gehalten. Vor drei Tagen hat Tina wieder einen komplizierten Vortrag gehört, als sie auf einer Tagung gewesen ist.;Es lässt sich nicht sagen, wie oft Tina einen komplizierten Vortrag gehört hat.;FacebookAI/roberta-large-mnli;neutral;1;0.10946272313594818;0.837511420249939;0.05302583426237106
17_ai_bi2_once_neu;Vor zwei Monaten hat Greta vor Tina einen komplizierten Vortrag gehalten.;Vor drei Tagen hat Greta wieder einen komplizierten Vortrag gehört, als sie auf einer Tagung gewesen ist.;Greta hat einmal einen komplizierten Vortrag gehört.;entailment;17;ai;bi;2;neutral;once;False;;;Vor zwei Monaten hat Greta vor Tina einen komplizierten Vortrag gehalten. Vor drei Tagen hat Greta wieder einen komplizierten Vortrag gehört, als sie auf einer Tagung gewesen ist.;Greta hat einmal einen komplizierten Vortrag gehört.;FacebookAI/roberta-large-mnli;entailment;1;0.3263593912124634;0.12823128700256348;0.5454093813896179
17_ai_bi2_twice_neu;Vor zwei Monaten hat Greta vor Tina einen komplizierten Vortrag gehalten.;Vor drei Tagen hat Greta wieder einen komplizierten Vortrag gehört, als sie auf einer Tagung gewesen ist.;Greta hat mindestens zweimal einen komplizierten Vortrag gehört.;unknown;17;ai;bi;2;neutral;twice;False;;;Vor zwei Monaten hat Greta vor Tina einen komplizierten Vortrag gehalten. Vor drei Tagen hat Greta wieder einen komplizierten Vortrag gehört, als sie auf einer Tagung gewesen ist.;Greta hat mindestens zweimal einen komplizierten Vortrag gehört.;FacebookAI/roberta-large-mnli;entailment;0;0.08844925463199615;0.16668391227722168;0.7448667883872986
17_ai_bi2_cannot_say_neu;Vor zwei Monaten hat Greta vor Tina einen komplizierten Vortrag gehalten.;Vor drei Tagen hat Greta wieder einen komplizierten Vortrag gehört, als sie auf einer Tagung gewesen ist.;Es lässt sich nicht sagen, wie oft Greta einen komplizierten Vortrag gehört hat.;unknown;17;ai;bi;2;neutral;cannot say;False;;;Vor zwei Monaten hat Greta vor Tina einen komplizierten Vortrag gehalten. Vor drei Tagen hat Greta wieder einen komplizierten Vortrag gehört, als sie auf einer Tagung gewesen ist.;Es lässt sich nicht sagen, wie oft Greta einen komplizierten Vortrag gehört hat.;FacebookAI/roberta-large-mnli;neutral;1;0.09998403489589691;0.8131986260414124;0.08681738376617432
17_ai_bii1_once_neu;Vor zwei Monaten hat Greta vor Tina einen komplizierten Vortrag gehalten.;Vor drei Tagen hat Tina wieder einen komplizierten Vortrag präsentiert, als sie auf einer Tagung gewesen ist.;Tina hat einmal einen komplizierten Vortrag präsentiert.;entailment;17;ai;bii;1;neutral;once;False;;;Vor zwei Monaten hat Greta vor Tina einen komplizierten Vortrag gehalten. Vor drei Tagen hat Tina wieder einen komplizierten Vortrag präsentiert, als sie auf einer Tagung gewesen ist.;Tina hat einmal einen komplizierten Vortrag präsentiert.;FacebookAI/roberta-large-mnli;entailment;1;0.2758577764034271;0.3438768982887268;0.38026535511016846
17_ai_bii1_twice_neu;Vor zwei Monaten hat Greta vor Tina einen komplizierten Vortrag gehalten.;Vor drei Tagen hat Tina wieder einen komplizierten Vortrag präsentiert, als sie auf einer Tagung gewesen ist.;Tina hat mindestens zweimal einen komplizierten Vortrag präsentiert.;unknown;17;ai;bii;1;neutral;twice;False;;;Vor zwei Monaten hat Greta vor Tina einen komplizierten Vortrag gehalten. Vor drei Tagen hat Tina wieder einen komplizierten Vortrag präsentiert, als sie auf einer Tagung gewesen ist.;Tina hat mindestens zweimal einen komplizierten Vortrag präsentiert.;FacebookAI/roberta-large-mnli;entailment;0;0.2632136940956116;0.14920733869075775;0.5875788927078247
17_ai_bii1_cannot_say_neu;Vor zwei Monaten hat Greta vor Tina einen komplizierten Vortrag gehalten.;Vor drei Tagen hat Tina wieder einen komplizierten Vortrag präsentiert, als sie auf einer Tagung gewesen ist.;Es lässt sich nicht sagen, wie oft Tina einen komplizierten Vortrag präsentiert hat.;unknown;17;ai;bii;1;neutral;cannot say;False;;;Vor zwei Monaten hat Greta vor Tina einen komplizierten Vortrag gehalten. Vor drei Tagen hat Tina wieder einen komplizierten Vortrag präsentiert, als sie auf einer Tagung gewesen ist.;Es lässt sich nicht sagen, wie oft Tina einen komplizierten Vortrag präsentiert hat.;FacebookAI/roberta-large-mnli;neutral;1;0.0982123464345932;0.8484545350074768;0.053333114832639694
17_ai_bii2_once_pos;Vor zwei Monaten hat Greta vor Tina einen komplizierten Vortrag gehalten.;Vor drei Tagen hat Greta wieder einen komplizierten Vortrag präsentiert, als sie auf einer Tagung gewesen ist.;Greta hat einmal einen komplizierten Vortrag präsentiert.;unknown;17;ai;bii;2;positive;once;False;;;Vor zwei Monaten hat Greta vor Tina einen komplizierten Vortrag gehalten. Vor drei Tagen hat Greta wieder einen komplizierten Vortrag präsentiert, als sie auf einer Tagung gewesen ist.;Greta hat einmal einen komplizierten Vortrag präsentiert.;FacebookAI/roberta-large-mnli;entailment;0;0.35553398728370667;0.12307514995336533;0.5213909149169922
17_ai_bii2_twice_pos;Vor zwei Monaten hat Greta vor Tina einen komplizierten Vortrag gehalten.;Vor drei Tagen hat Greta wieder einen komplizierten Vortrag präsentiert, als sie auf einer Tagung gewesen ist.;Greta hat mindestens zweimal einen komplizierten Vortrag präsentiert.;entailment;17;ai;bii;2;positive;twice;False;;;Vor zwei Monaten hat Greta vor Tina einen komplizierten Vortrag gehalten. Vor drei Tagen hat Greta wieder einen komplizierten Vortrag präsentiert, als sie auf einer Tagung gewesen ist.;Greta hat mindestens zweimal einen komplizierten Vortrag präsentiert.;FacebookAI/roberta-large-mnli;entailment;1;0.09376715868711472;0.16480331122875214;0.7414295673370361
17_ai_bii2_cannot_say_pos;Vor zwei Monaten hat Greta vor Tina einen komplizierten Vortrag gehalten.;Vor drei Tagen hat Greta wieder einen komplizierten Vortrag präsentiert, als sie auf einer Tagung gewesen ist.;Es lässt sich nicht sagen, wie oft Greta einen komplizierten Vortrag präsentiert hat.;unknown;17;ai;bii;2;positive;cannot say;False;;;Vor zwei Monaten hat Greta vor Tina einen komplizierten Vortrag gehalten. Vor drei Tagen hat Greta wieder einen komplizierten Vortrag präsentiert, als sie auf einer Tagung gewesen ist.;Es lässt sich nicht sagen, wie oft Greta einen komplizierten Vortrag präsentiert hat.;FacebookAI/roberta-large-mnli;neutral;1;0.11195725947618484;0.8028143644332886;0.0852283164858818
17_aii_bi1_once_neu;Vor zwei Monaten hat Tina vor Greta einen komplizierten Vortrag gehalten.;Vor drei Tagen hat Tina wieder einen komplizierten Vortrag gehört, als sie auf einer Tagung gewesen ist.;Tina hat einmal einen komplizierten Vortrag gehört.;entailment;17;aii;bi;1;neutral;once;False;;;Vor zwei Monaten hat Tina vor Greta einen komplizierten Vortrag gehalten. Vor drei Tagen hat Tina wieder einen komplizierten Vortrag gehört, als sie auf einer Tagung gewesen ist.;Tina hat einmal einen komplizierten Vortrag gehört.;FacebookAI/roberta-large-mnli;entailment;1;0.29434633255004883;0.1741725206375122;0.5314812064170837
17_aii_bi1_twice_neu;Vor zwei Monaten hat Tina vor Greta einen komplizierten Vortrag gehalten.;Vor drei Tagen hat Tina wieder einen komplizierten Vortrag gehört, als sie auf einer Tagung gewesen ist.;Tina hat mindestens zweimal einen komplizierten Vortrag gehört.;unknown;17;aii;bi;1;neutral;twice;False;;;Vor zwei Monaten hat Tina vor Greta einen komplizierten Vortrag gehalten. Vor drei Tagen hat Tina wieder einen komplizierten Vortrag gehört, als sie auf einer Tagung gewesen ist.;Tina hat mindestens zweimal einen komplizierten Vortrag gehört.;FacebookAI/roberta-large-mnli;entailment;0;0.07084125280380249;0.1417660415172577;0.7873927354812622
17_aii_bi1_cannot_say_neu;Vor zwei Monaten hat Tina vor Greta einen komplizierten Vortrag gehalten.;Vor drei Tagen hat Tina wieder einen komplizierten Vortrag gehört, als sie auf einer Tagung gewesen ist.;Es lässt sich nicht sagen, wie oft Tina einen komplizierten Vortrag gehört hat.;unknown;17;aii;bi;1;neutral;cannot say;False;;;Vor zwei Monaten hat Tina vor Greta einen komplizierten Vortrag gehalten. Vor drei Tagen hat Tina wieder einen komplizierten Vortrag gehört, als sie auf einer Tagung gewesen ist.;Es lässt sich nicht sagen, wie oft Tina einen komplizierten Vortrag gehört hat.;FacebookAI/roberta-large-mnli;neutral;1;0.09959737211465836;0.8317647576332092;0.06863784044981003
17_aii_bi2_once_pos;Vor zwei Monaten hat Tina vor Greta einen komplizierten Vortrag gehalten.;Vor drei Tagen hat Greta wieder einen komplizierten Vortrag gehört, als sie auf einer Tagung gewesen ist.;Greta hat einmal einen komplizierten Vortrag gehört.;unknown;17;aii;bi;2;positive;once;False;;;Vor zwei Monaten hat Tina vor Greta einen komplizierten Vortrag gehalten. Vor drei Tagen hat Greta wieder einen komplizierten Vortrag gehört, als sie auf einer Tagung gewesen ist.;Greta hat einmal einen komplizierten Vortrag gehört.;FacebookAI/roberta-large-mnli;entailment;0;0.38417306542396545;0.22600264847278595;0.3898243308067322
17_aii_bi2_twice_pos;Vor zwei Monaten hat Tina vor Greta einen komplizierten Vortrag gehalten.;Vor drei Tagen hat Greta wieder einen komplizierten Vortrag gehört, als sie auf einer Tagung gewesen ist.;Greta hat mindestens zweimal einen komplizierten Vortrag gehört.;entailment;17;aii;bi;2;positive;twice;False;;;Vor zwei Monaten hat Tina vor Greta einen komplizierten Vortrag gehalten. Vor drei Tagen hat Greta wieder einen komplizierten Vortrag gehört, als sie auf einer Tagung gewesen ist.;Greta hat mindestens zweimal einen komplizierten Vortrag gehört.;FacebookAI/roberta-large-mnli;entailment;1;0.3881886303424835;0.13423526287078857;0.4775761663913727
17_aii_bi2_cannot_say_pos;Vor zwei Monaten hat Tina vor Greta einen komplizierten Vortrag gehalten.;Vor drei Tagen hat Greta wieder einen komplizierten Vortrag gehört, als sie auf einer Tagung gewesen ist.;Es lässt sich nicht sagen, wie oft Greta einen komplizierten Vortrag gehört hat.;unknown;17;aii;bi;2;positive;cannot say;False;;;Vor zwei Monaten hat Tina vor Greta einen komplizierten Vortrag gehalten. Vor drei Tagen hat Greta wieder einen komplizierten Vortrag gehört, als sie auf einer Tagung gewesen ist.;Es lässt sich nicht sagen, wie oft Greta einen komplizierten Vortrag gehört hat.;FacebookAI/roberta-large-mnli;neutral;1;0.10825720429420471;0.8290655016899109;0.06267733871936798
17_aii_bii1_once_pos;Vor zwei Monaten hat Tina vor Greta einen komplizierten Vortrag gehalten.;Vor drei Tagen hat Tina wieder einen komplizierten Vortrag präsentiert, als sie auf einer Tagung gewesen ist.;Tina hat einmal einen komplizierten Vortrag präsentiert.;unknown;17;aii;bii;1;positive;once;False;;;Vor zwei Monaten hat Tina vor Greta einen komplizierten Vortrag gehalten. Vor drei Tagen hat Tina wieder einen komplizierten Vortrag präsentiert, als sie auf einer Tagung gewesen ist.;Tina hat einmal einen komplizierten Vortrag präsentiert.;FacebookAI/roberta-large-mnli;entailment;0;0.2707628607749939;0.1768161803483963;0.5524210333824158
17_aii_bii1_twice_pos;Vor zwei Monaten hat Tina vor Greta einen komplizierten Vortrag gehalten.;Vor drei Tagen hat Tina wieder einen komplizierten Vortrag präsentiert, als sie auf einer Tagung gewesen ist.;Tina hat mindestens zweimal einen komplizierten Vortrag präsentiert.;entailment;17;aii;bii;1;positive;twice;False;;;Vor zwei Monaten hat Tina vor Greta einen komplizierten Vortrag gehalten. Vor drei Tagen hat Tina wieder einen komplizierten Vortrag präsentiert, als sie auf einer Tagung gewesen ist.;Tina hat mindestens zweimal einen komplizierten Vortrag präsentiert.;FacebookAI/roberta-large-mnli;entailment;1;0.07534914463758469;0.14544713497161865;0.7792037129402161
17_aii_bii1_cannot_say_pos;Vor zwei Monaten hat Tina vor Greta einen komplizierten Vortrag gehalten.;Vor drei Tagen hat Tina wieder einen komplizierten Vortrag präsentiert, als sie auf einer Tagung gewesen ist.;Es lässt sich nicht sagen, wie oft Tina einen komplizierten Vortrag präsentiert hat.;unknown;17;aii;bii;1;positive;cannot say;False;;;Vor zwei Monaten hat Tina vor Greta einen komplizierten Vortrag gehalten. Vor drei Tagen hat Tina wieder einen komplizierten Vortrag präsentiert, als sie auf einer Tagung gewesen ist.;Es lässt sich nicht sagen, wie oft Tina einen komplizierten Vortrag präsentiert hat.;FacebookAI/roberta-large-mnli;neutral;1;0.09525350481271744;0.8379347324371338;0.06681179255247116
17_aii_bii2_once_neu;Vor zwei Monaten hat Tina vor Greta einen komplizierten Vortrag gehalten.;Vor drei Tagen hat Greta wieder einen komplizierten Vortrag präsentiert, als sie auf einer Tagung gewesen ist.;Greta hat einmal einen komplizierten Vortrag präsentiert.;entailment;17;aii;bii;2;neutral;once;False;;;Vor zwei Monaten hat Tina vor Greta einen komplizierten Vortrag gehalten. Vor drei Tagen hat Greta wieder einen komplizierten Vortrag präsentiert, als sie auf einer Tagung gewesen ist.;Greta hat einmal einen komplizierten Vortrag präsentiert.;FacebookAI/roberta-large-mnli;entailment;1;0.3578728139400482;0.23750659823417664;0.40462055802345276
17_aii_bii2_twice_neu;Vor zwei Monaten hat Tina vor Greta einen komplizierten Vortrag gehalten.;Vor drei Tagen hat Greta wieder einen komplizierten Vortrag präsentiert, als sie auf einer Tagung gewesen ist.;Greta hat mindestens zweimal einen komplizierten Vortrag präsentiert.;unknown;17;aii;bii;2;neutral;twice;False;;;Vor zwei Monaten hat Tina vor Greta einen komplizierten Vortrag gehalten. Vor drei Tagen hat Greta wieder einen komplizierten Vortrag präsentiert, als sie auf einer Tagung gewesen ist.;Greta hat mindestens zweimal einen komplizierten Vortrag präsentiert.;FacebookAI/roberta-large-mnli;entailment;0;0.3237861394882202;0.14434616267681122;0.5318677425384521
17_aii_bii2_cannot_say_neu;Vor zwei Monaten hat Tina vor Greta einen komplizierten Vortrag gehalten.;Vor drei Tagen hat Greta wieder einen komplizierten Vortrag präsentiert, als sie auf einer Tagung gewesen ist.;Es lässt sich nicht sagen, wie oft Greta einen komplizierten Vortrag präsentiert hat.;unknown;17;aii;bii;2;neutral;cannot say;False;;;Vor zwei Monaten hat Tina vor Greta einen komplizierten Vortrag gehalten. Vor drei Tagen hat Greta wieder einen komplizierten Vortrag präsentiert, als sie auf einer Tagung gewesen ist.;Es lässt sich nicht sagen, wie oft Greta einen komplizierten Vortrag präsentiert hat.;FacebookAI/roberta-large-mnli;neutral;1;0.11353827267885208;0.8225377202033997;0.06392400711774826
18_ai_bi1_once_pos;Vor einer Woche hat Greta Thorsten einen Cocktail ausgegeben.;Vor vier Tagen hat Thorsten wieder einen leckeren Cocktail bekommen, als er in einer Bar gewesen ist.;Thorsten hat einmal einen leckeren Cocktail bekommen.;unknown;18;ai;bi;1;positive;once;False;;;Vor einer Woche hat Greta Thorsten einen Cocktail ausgegeben. Vor vier Tagen hat Thorsten wieder einen leckeren Cocktail bekommen, als er in einer Bar gewesen ist.;Thorsten hat einmal einen leckeren Cocktail bekommen.;FacebookAI/roberta-large-mnli;neutral;1;0.1665603369474411;0.44210541248321533;0.39133420586586
18_ai_bi1_twice_pos;Vor einer Woche hat Greta Thorsten einen Cocktail ausgegeben.;Vor vier Tagen hat Thorsten wieder einen leckeren Cocktail bekommen, als er in einer Bar gewesen ist.;Thorsten hat mindestens zweimal einen leckeren Cocktail bekommen.;entailment;18;ai;bi;1;positive;twice;False;;;Vor einer Woche hat Greta Thorsten einen Cocktail ausgegeben. Vor vier Tagen hat Thorsten wieder einen leckeren Cocktail bekommen, als er in einer Bar gewesen ist.;Thorsten hat mindestens zweimal einen leckeren Cocktail bekommen.;FacebookAI/roberta-large-mnli;neutral;0;0.08363215625286102;0.5256761312484741;0.39069169759750366
18_ai_bi1_cannot_say_pos;Vor einer Woche hat Greta Thorsten einen Cocktail ausgegeben.;Vor vier Tagen hat Thorsten wieder einen leckeren Cocktail bekommen, als er in einer Bar gewesen ist.;Es lässt sich nicht sagen, wie oft Thorsten einen leckeren Cocktail bekommen hat.;unknown;18;ai;bi;1;positive;cannot say;False;;;Vor einer Woche hat Greta Thorsten einen Cocktail ausgegeben. Vor vier Tagen hat Thorsten wieder einen leckeren Cocktail bekommen, als er in einer Bar gewesen ist.;Es lässt sich nicht sagen, wie oft Thorsten einen leckeren Cocktail bekommen hat.;FacebookAI/roberta-large-mnli;neutral;1;0.09114080667495728;0.8654120564460754;0.043447114527225494
18_ai_bi2_once_neu;Vor einer Woche hat Greta Thorsten einen Cocktail ausgegeben.;Vor vier Tagen hat Greta wieder einen leckeren Cocktail bekommen, als sie in einer Bar gewesen ist.;Greta hat einmal einen leckeren Cocktail bekommen.;entailment;18;ai;bi;2;neutral;once;False;;;Vor einer Woche hat Greta Thorsten einen Cocktail ausgegeben. Vor vier Tagen hat Greta wieder einen leckeren Cocktail bekommen, als sie in einer Bar gewesen ist.;Greta hat einmal einen leckeren Cocktail bekommen.;FacebookAI/roberta-large-mnli;entailment;1;0.1501501500606537;0.31797003746032715;0.5318797826766968
18_ai_bi2_twice_neu;Vor einer Woche hat Greta Thorsten einen Cocktail ausgegeben.;Vor vier Tagen hat Greta wieder einen leckeren Cocktail bekommen, als sie in einer Bar gewesen ist.;Greta hat mindestens zweimal einen leckeren Cocktail bekommen.;unknown;18;ai;bi;2;neutral;twice;False;;;Vor einer Woche hat Greta Thorsten einen Cocktail ausgegeben. Vor vier Tagen hat Greta wieder einen leckeren Cocktail bekommen, als sie in einer Bar gewesen ist.;Greta hat mindestens zweimal einen leckeren Cocktail bekommen.;FacebookAI/roberta-large-mnli;neutral;1;0.09245484322309494;0.5314520597457886;0.3760930597782135
18_ai_bi2_cannot_say_neu;Vor einer Woche hat Greta Thorsten einen Cocktail ausgegeben.;Vor vier Tagen hat Greta wieder einen leckeren Cocktail bekommen, als sie in einer Bar gewesen ist.;Es lässt sich nicht sagen, wie oft Greta einen leckeren Cocktail bekommen hat.;unknown;18;ai;bi;2;neutral;cannot say;False;;;Vor einer Woche hat Greta Thorsten einen Cocktail ausgegeben. Vor vier Tagen hat Greta wieder einen leckeren Cocktail bekommen, als sie in einer Bar gewesen ist.;Es lässt sich nicht sagen, wie oft Greta einen leckeren Cocktail bekommen hat.;FacebookAI/roberta-large-mnli;neutral;1;0.10123299062252045;0.8381286263465881;0.06063840910792351
18_ai_bii1_once_neu;Vor einer Woche hat Greta Thorsten einen Cocktail ausgegeben.;Vor vier Tagen hat Thorsten wieder einen leckeren Cocktail bezahlt, als er in einer Bar gewesen ist.;Thorsten hat einmal einen leckeren Cocktail bezahlt.;entailment;18;ai;bii;1;neutral;once;False;;;Vor einer Woche hat Greta Thorsten einen Cocktail ausgegeben. Vor vier Tagen hat Thorsten wieder einen leckeren Cocktail bezahlt, als er in einer Bar gewesen ist.;Thorsten hat einmal einen leckeren Cocktail bezahlt.;FacebookAI/roberta-large-mnli;neutral;0;0.11933737248182297;0.588153064250946;0.29250961542129517
18_ai_bii1_twice_neu;Vor einer Woche hat Greta Thorsten einen Cocktail ausgegeben.;Vor vier Tagen hat Thorsten wieder einen leckeren Cocktail bezahlt, als er in einer Bar gewesen ist.;Thorsten hat mindestens zweimal einen leckeren Cocktail bezahlt.;unknown;18;ai;bii;1;neutral;twice;False;;;Vor einer Woche hat Greta Thorsten einen Cocktail ausgegeben. Vor vier Tagen hat Thorsten wieder einen leckeren Cocktail bezahlt, als er in einer Bar gewesen ist.;Thorsten hat mindestens zweimal einen leckeren Cocktail bezahlt.;FacebookAI/roberta-large-mnli;neutral;1;0.09191013127565384;0.5690593123435974;0.33903053402900696
18_ai_bii1_cannot_say_neu;Vor einer Woche hat Greta Thorsten einen Cocktail ausgegeben.;Vor vier Tagen hat Thorsten wieder einen leckeren Cocktail bezahlt, als er in einer Bar gewesen ist.;Es lässt sich nicht sagen, wie oft Thorsten einen leckeren Cocktail bezahlt hat.;unknown;18;ai;bii;1;neutral;cannot say;False;;;Vor einer Woche hat Greta Thorsten einen Cocktail ausgegeben. Vor vier Tagen hat Thorsten wieder einen leckeren Cocktail bezahlt, als er in einer Bar gewesen ist.;Es lässt sich nicht sagen, wie oft Thorsten einen leckeren Cocktail bezahlt hat.;FacebookAI/roberta-large-mnli;neutral;1;0.1001257449388504;0.8548713326454163;0.04500298202037811
18_ai_bii2_once_pos;Vor einer Woche hat Greta Thorsten einen Cocktail ausgegeben.;Vor vier Tagen hat Greta wieder einen leckeren Cocktail bezahlt, als sie in einer Bar gewesen ist.;Greta hat einmal einen leckeren Cocktail bezahlt.;unknown;18;ai;bii;2;positive;once;False;;;Vor einer Woche hat Greta Thorsten einen Cocktail ausgegeben. Vor vier Tagen hat Greta wieder einen leckeren Cocktail bezahlt, als sie in einer Bar gewesen ist.;Greta hat einmal einen leckeren Cocktail bezahlt.;FacebookAI/roberta-large-mnli;entailment;0;0.11570630222558975;0.42875900864601135;0.4555347263813019
18_ai_bii2_twice_pos;Vor einer Woche hat Greta Thorsten einen Cocktail ausgegeben.;Vor vier Tagen hat Greta wieder einen leckeren Cocktail bezahlt, als sie in einer Bar gewesen ist.;Greta hat mindestens zweimal einen leckeren Cocktail bezahlt.;entailment;18;ai;bii;2;positive;twice;False;;;Vor einer Woche hat Greta Thorsten einen Cocktail ausgegeben. Vor vier Tagen hat Greta wieder einen leckeren Cocktail bezahlt, als sie in einer Bar gewesen ist.;Greta hat mindestens zweimal einen leckeren Cocktail bezahlt.;FacebookAI/roberta-large-mnli;neutral;0;0.10226822644472122;0.6051861047744751;0.2925456464290619
18_ai_bii2_cannot_say_pos;Vor einer Woche hat Greta Thorsten einen Cocktail ausgegeben.;Vor vier Tagen hat Greta wieder einen leckeren Cocktail bezahlt, als sie in einer Bar gewesen ist.;Es lässt sich nicht sagen, wie oft Greta einen leckeren Cocktail bezahlt hat.;unknown;18;ai;bii;2;positive;cannot say;False;;;Vor einer Woche hat Greta Thorsten einen Cocktail ausgegeben. Vor vier Tagen hat Greta wieder einen leckeren Cocktail bezahlt, als sie in einer Bar gewesen ist.;Es lässt sich nicht sagen, wie oft Greta einen leckeren Cocktail bezahlt hat.;FacebookAI/roberta-large-mnli;neutral;1;0.10697834938764572;0.8300982117652893;0.06292346119880676
18_aii_bi1_once_neu;Vor einer Woche hat Thorsten Greta einen Cocktail ausgegeben.;Vor vier Tagen hat Thorsten wieder einen leckeren Cocktail bekommen, als er in einer Bar gewesen ist.;Thorsten hat einmal einen leckeren Cocktail bekommen.;entailment;18;aii;bi;1;neutral;once;False;;;Vor einer Woche hat Thorsten Greta einen Cocktail ausgegeben. Vor vier Tagen hat Thorsten wieder einen leckeren Cocktail bekommen, als er in einer Bar gewesen ist.;Thorsten hat einmal einen leckeren Cocktail bekommen.;FacebookAI/roberta-large-mnli;entailment;1;0.19344395399093628;0.3858601748943329;0.4206959307193756
18_aii_bi1_twice_neu;Vor einer Woche hat Thorsten Greta einen Cocktail ausgegeben.;Vor vier Tagen hat Thorsten wieder einen leckeren Cocktail bekommen, als er in einer Bar gewesen ist.;Thorsten hat mindestens zweimal einen leckeren Cocktail bekommen.;unknown;18;aii;bi;1;neutral;twice;False;;;Vor einer Woche hat Thorsten Greta einen Cocktail ausgegeben. Vor vier Tagen hat Thorsten wieder einen leckeren Cocktail bekommen, als er in einer Bar gewesen ist.;Thorsten hat mindestens zweimal einen leckeren Cocktail bekommen.;FacebookAI/roberta-large-mnli;neutral;1;0.08027658611536026;0.5718162059783936;0.3479072153568268
18_aii_bi1_cannot_say_neu;Vor einer Woche hat Thorsten Greta einen Cocktail ausgegeben.;Vor vier Tagen hat Thorsten wieder einen leckeren Cocktail bekommen, als er in einer Bar gewesen ist.;Es lässt sich nicht sagen, wie oft Thorsten einen leckeren Cocktail bekommen hat.;unknown;18;aii;bi;1;neutral;cannot say;False;;;Vor einer Woche hat Thorsten Greta einen Cocktail ausgegeben. Vor vier Tagen hat Thorsten wieder einen leckeren Cocktail bekommen, als er in einer Bar gewesen ist.;Es lässt sich nicht sagen, wie oft Thorsten einen leckeren Cocktail bekommen hat.;FacebookAI/roberta-large-mnli;neutral;1;0.09381227940320969;0.8600386381149292;0.046149056404829025
18_aii_bi2_once_pos;Vor einer Woche hat Thorsten Greta einen Cocktail ausgegeben.;Vor vier Tagen hat Greta wieder einen leckeren Cocktail bekommen, als sie in einer Bar gewesen ist.;Greta hat einmal einen leckeren Cocktail bekommen.;unknown;18;aii;bi;2;positive;once;False;;;Vor einer Woche hat Thorsten Greta einen Cocktail ausgegeben. Vor vier Tagen hat Greta wieder einen leckeren Cocktail bekommen, als sie in einer Bar gewesen ist.;Greta hat einmal einen leckeren Cocktail bekommen.;FacebookAI/roberta-large-mnli;entailment;0;0.1492100954055786;0.4092364013195038;0.4415535628795624
18_aii_bi2_twice_pos;Vor einer Woche hat Thorsten Greta einen Cocktail ausgegeben.;Vor vier Tagen hat Greta wieder einen leckeren Cocktail bekommen, als sie in einer Bar gewesen ist.;Greta hat mindestens zweimal einen leckeren Cocktail bekommen.;entailment;18;aii;bi;2;positive;twice;False;;;Vor einer Woche hat Thorsten Greta einen Cocktail ausgegeben. Vor vier Tagen hat Greta wieder einen leckeren Cocktail bekommen, als sie in einer Bar gewesen ist.;Greta hat mindestens zweimal einen leckeren Cocktail bekommen.;FacebookAI/roberta-large-mnli;neutral;0;0.0903194397687912;0.5134215354919434;0.39625900983810425
18_aii_bi2_cannot_say_pos;Vor einer Woche hat Thorsten Greta einen Cocktail ausgegeben.;Vor vier Tagen hat Greta wieder einen leckeren Cocktail bekommen, als sie in einer Bar gewesen ist.;Es lässt sich nicht sagen, wie oft Greta einen leckeren Cocktail bekommen hat.;unknown;18;aii;bi;2;positive;cannot say;False;;;Vor einer Woche hat Thorsten Greta einen Cocktail ausgegeben. Vor vier Tagen hat Greta wieder einen leckeren Cocktail bekommen, als sie in einer Bar gewesen ist.;Es lässt sich nicht sagen, wie oft Greta einen leckeren Cocktail bekommen hat.;FacebookAI/roberta-large-mnli;neutral;1;0.10609976947307587;0.8335537910461426;0.060346364974975586
18_aii_bii1_once_pos;Vor einer Woche hat Thorsten Greta einen Cocktail ausgegeben.;Vor vier Tagen hat Thorsten wieder einen leckeren Cocktail bezahlt, als er in einer Bar gewesen ist.;Thorsten hat einmal einen leckeren Cocktail bezahlt.;unknown;18;aii;bii;1;positive;once;False;;;Vor einer Woche hat Thorsten Greta einen Cocktail ausgegeben. Vor vier Tagen hat Thorsten wieder einen leckeren Cocktail bezahlt, als er in einer Bar gewesen ist.;Thorsten hat einmal einen leckeren Cocktail bezahlt.;FacebookAI/roberta-large-mnli;neutral;1;0.1453281193971634;0.5222188234329224;0.33245307207107544
18_aii_bii1_twice_pos;Vor einer Woche hat Thorsten Greta einen Cocktail ausgegeben.;Vor vier Tagen hat Thorsten wieder einen leckeren Cocktail bezahlt, als er in einer Bar gewesen ist.;Thorsten hat mindestens zweimal einen leckeren Cocktail bezahlt.;entailment;18;aii;bii;1;positive;twice;False;;;Vor einer Woche hat Thorsten Greta einen Cocktail ausgegeben. Vor vier Tagen hat Thorsten wieder einen leckeren Cocktail bezahlt, als er in einer Bar gewesen ist.;Thorsten hat mindestens zweimal einen leckeren Cocktail bezahlt.;FacebookAI/roberta-large-mnli;neutral;0;0.09373074769973755;0.6231766939163208;0.2830924689769745
18_aii_bii1_cannot_say_pos;Vor einer Woche hat Thorsten Greta einen Cocktail ausgegeben.;Vor vier Tagen hat Thorsten wieder einen leckeren Cocktail bezahlt, als er in einer Bar gewesen ist.;Es lässt sich nicht sagen, wie oft Thorsten einen leckeren Cocktail bezahlt hat.;unknown;18;aii;bii;1;positive;cannot say;False;;;Vor einer Woche hat Thorsten Greta einen Cocktail ausgegeben. Vor vier Tagen hat Thorsten wieder einen leckeren Cocktail bezahlt, als er in einer Bar gewesen ist.;Es lässt sich nicht sagen, wie oft Thorsten einen leckeren Cocktail bezahlt hat.;FacebookAI/roberta-large-mnli;neutral;1;0.1043117493391037;0.8472680449485779;0.048420194536447525
18_aii_bii2_once_neu;Vor einer Woche hat Thorsten Greta einen Cocktail ausgegeben.;Vor vier Tagen hat Greta wieder einen leckeren Cocktail bezahlt, als sie in einer Bar gewesen ist.;Greta hat einmal einen leckeren Cocktail bezahlt.;entailment;18;aii;bii;2;neutral;once;False;;;Vor einer Woche hat Thorsten Greta einen Cocktail ausgegeben. Vor vier Tagen hat Greta wieder einen leckeren Cocktail bezahlt, als sie in einer Bar gewesen ist.;Greta hat einmal einen leckeren Cocktail bezahlt.;FacebookAI/roberta-large-mnli;neutral;0;0.1087801530957222;0.5343676209449768;0.3568521738052368
18_aii_bii2_twice_neu;Vor einer Woche hat Thorsten Greta einen Cocktail ausgegeben.;Vor vier Tagen hat Greta wieder einen leckeren Cocktail bezahlt, als sie in einer Bar gewesen ist.;Greta hat mindestens zweimal einen leckeren Cocktail bezahlt.;unknown;18;aii;bii;2;neutral;twice;False;;;Vor einer Woche hat Thorsten Greta einen Cocktail ausgegeben. Vor vier Tagen hat Greta wieder einen leckeren Cocktail bezahlt, als sie in einer Bar gewesen ist.;Greta hat mindestens zweimal einen leckeren Cocktail bezahlt.;FacebookAI/roberta-large-mnli;neutral;1;0.09798026829957962;0.5807154178619385;0.32130441069602966
18_aii_bii2_cannot_say_neu;Vor einer Woche hat Thorsten Greta einen Cocktail ausgegeben.;Vor vier Tagen hat Greta wieder einen leckeren Cocktail bezahlt, als sie in einer Bar gewesen ist.;Es lässt sich nicht sagen, wie oft Greta einen leckeren Cocktail bezahlt hat.;unknown;18;aii;bii;2;neutral;cannot say;False;;;Vor einer Woche hat Thorsten Greta einen Cocktail ausgegeben. Vor vier Tagen hat Greta wieder einen leckeren Cocktail bezahlt, als sie in einer Bar gewesen ist.;Es lässt sich nicht sagen, wie oft Greta einen leckeren Cocktail bezahlt hat.;FacebookAI/roberta-large-mnli;neutral;1;0.11095862835645676;0.8273030519485474;0.06173829734325409
19_ai_bi1_once_pos;Vor zwei Wochen hat Greta Judith ein Kompliment gemacht.;Vor einer Woche hat Judith wieder ein nettes Kompliment erhalten, als sie in einem Park spazieren war.;Judith hat einmal ein nettes Kompliment erhalten.;unknown;19;ai;bi;1;positive;once;False;;;Vor zwei Wochen hat Greta Judith ein Kompliment gemacht. Vor einer Woche hat Judith wieder ein nettes Kompliment erhalten, als sie in einem Park spazieren war.;Judith hat einmal ein nettes Kompliment erhalten.;FacebookAI/roberta-large-mnli;entailment;0;0.22795283794403076;0.11699648201465607;0.6550506949424744
19_ai_bi1_twice_pos;Vor zwei Wochen hat Greta Judith ein Kompliment gemacht.;Vor einer Woche hat Judith wieder ein nettes Kompliment erhalten, als sie in einem Park spazieren war.;Judith hat mindestens zweimal ein nettes Kompliment erhalten.;entailment;19;ai;bi;1;positive;twice;False;;;Vor zwei Wochen hat Greta Judith ein Kompliment gemacht. Vor einer Woche hat Judith wieder ein nettes Kompliment erhalten, als sie in einem Park spazieren war.;Judith hat mindestens zweimal ein nettes Kompliment erhalten.;FacebookAI/roberta-large-mnli;entailment;1;0.0969715490937233;0.18355116248130798;0.7194773554801941
19_ai_bi1_cannot_say_pos;Vor zwei Wochen hat Greta Judith ein Kompliment gemacht.;Vor einer Woche hat Judith wieder ein nettes Kompliment erhalten, als sie in einem Park spazieren war.;Es lässt sich nicht sagen, wie oft Judith ein nettes Kompliment erhalten hat.;unknown;19;ai;bi;1;positive;cannot say;False;;;Vor zwei Wochen hat Greta Judith ein Kompliment gemacht. Vor einer Woche hat Judith wieder ein nettes Kompliment erhalten, als sie in einem Park spazieren war.;Es lässt sich nicht sagen, wie oft Judith ein nettes Kompliment erhalten hat.;FacebookAI/roberta-large-mnli;neutral;1;0.07733272016048431;0.8807389736175537;0.041928380727767944
19_ai_bi2_once_neu;Vor zwei Wochen hat Greta Judith ein Kompliment gemacht.;Vor einer Woche hat Greta wieder ein nettes Kompliment erhalten, als sie in einem Park spazieren war.;Greta hat einmal ein nettes Kompliment erhalten.;entailment;19;ai;bi;2;neutral;once;False;;;Vor zwei Wochen hat Greta Judith ein Kompliment gemacht. Vor einer Woche hat Greta wieder ein nettes Kompliment erhalten, als sie in einem Park spazieren war.;Greta hat einmal ein nettes Kompliment erhalten.;FacebookAI/roberta-large-mnli;entailment;1;0.42175325751304626;0.12005045264959335;0.4581962823867798
19_ai_bi2_twice_neu;Vor zwei Wochen hat Greta Judith ein Kompliment gemacht.;Vor einer Woche hat Greta wieder ein nettes Kompliment erhalten, als sie in einem Park spazieren war.;Greta hat mindestens zweimal ein nettes Kompliment erhalten.;unknown;19;ai;bi;2;neutral;twice;False;;;Vor zwei Wochen hat Greta Judith ein Kompliment gemacht. Vor einer Woche hat Greta wieder ein nettes Kompliment erhalten, als sie in einem Park spazieren war.;Greta hat mindestens zweimal ein nettes Kompliment erhalten.;FacebookAI/roberta-large-mnli;entailment;0;0.11875849217176437;0.21116212010383606;0.6700794100761414
19_ai_bi2_cannot_say_neu;Vor zwei Wochen hat Greta Judith ein Kompliment gemacht.;Vor einer Woche hat Greta wieder ein nettes Kompliment erhalten, als sie in einem Park spazieren war.;Es lässt sich nicht sagen, wie oft Greta ein nettes Kompliment erhalten hat.;unknown;19;ai;bi;2;neutral;cannot say;False;;;Vor zwei Wochen hat Greta Judith ein Kompliment gemacht. Vor einer Woche hat Greta wieder ein nettes Kompliment erhalten, als sie in einem Park spazieren war.;Es lässt sich nicht sagen, wie oft Greta ein nettes Kompliment erhalten hat.;FacebookAI/roberta-large-mnli;neutral;1;0.08239264786243439;0.8623768091201782;0.05523059889674187
19_ai_bii1_once_neu;Vor zwei Wochen hat Greta Judith ein Kompliment gemacht.;Vor einer Woche hat Judith wieder ein nettes Kompliment verteilt, als sie in einem Park spazieren war.;Judith hat einmal ein nettes Kompliment verteilt.;entailment;19;ai;bii;1;neutral;once;False;;;Vor zwei Wochen hat Greta Judith ein Kompliment gemacht. Vor einer Woche hat Judith wieder ein nettes Kompliment verteilt, als sie in einem Park spazieren war.;Judith hat einmal ein nettes Kompliment verteilt.;FacebookAI/roberta-large-mnli;entailment;1;0.17145496606826782;0.12598687410354614;0.702558159828186
19_ai_bii1_twice_neu;Vor zwei Wochen hat Greta Judith ein Kompliment gemacht.;Vor einer Woche hat Judith wieder ein nettes Kompliment verteilt, als sie in einem Park spazieren war.;Judith hat mindestens zweimal ein nettes Kompliment verteilt.;unknown;19;ai;bii;1;neutral;twice;False;;;Vor zwei Wochen hat Greta Judith ein Kompliment gemacht. Vor einer Woche hat Judith wieder ein nettes Kompliment verteilt, als sie in einem Park spazieren war.;Judith hat mindestens zweimal ein nettes Kompliment verteilt.;FacebookAI/roberta-large-mnli;entailment;0;0.09028462320566177;0.2058839499950409;0.7038314342498779
19_ai_bii1_cannot_say_neu;Vor zwei Wochen hat Greta Judith ein Kompliment gemacht.;Vor einer Woche hat Judith wieder ein nettes Kompliment verteilt, als sie in einem Park spazieren war.;Es lässt sich nicht sagen, wie oft Judith ein nettes Kompliment verteilt hat.;unknown;19;ai;bii;1;neutral;cannot say;False;;;Vor zwei Wochen hat Greta Judith ein Kompliment gemacht. Vor einer Woche hat Judith wieder ein nettes Kompliment verteilt, als sie in einem Park spazieren war.;Es lässt sich nicht sagen, wie oft Judith ein nettes Kompliment verteilt hat.;FacebookAI/roberta-large-mnli;neutral;1;0.06788166612386703;0.8888722062110901;0.04324612766504288
19_ai_bii2_once_pos;Vor zwei Wochen hat Greta Judith ein Kompliment gemacht.;Vor einer Woche hat Greta wieder ein nettes Kompliment verteilt, als sie in einem Park spazieren war.;Greta hat einmal ein nettes Kompliment verteilt.;unknown;19;ai;bii;2;positive;once;False;;;Vor zwei Wochen hat Greta Judith ein Kompliment gemacht. Vor einer Woche hat Greta wieder ein nettes Kompliment verteilt, als sie in einem Park spazieren war.;Greta hat einmal ein nettes Kompliment verteilt.;FacebookAI/roberta-large-mnli;entailment;0;0.3364642560482025;0.1331133097410202;0.5304224491119385
19_ai_bii2_twice_pos;Vor zwei Wochen hat Greta Judith ein Kompliment gemacht.;Vor einer Woche hat Greta wieder ein nettes Kompliment verteilt, als sie in einem Park spazieren war.;Greta hat mindestens zweimal ein nettes Kompliment verteilt.;entailment;19;ai;bii;2;positive;twice;False;;;Vor zwei Wochen hat Greta Judith ein Kompliment gemacht. Vor einer Woche hat Greta wieder ein nettes Kompliment verteilt, als sie in einem Park spazieren war.;Greta hat mindestens zweimal ein nettes Kompliment verteilt.;FacebookAI/roberta-large-mnli;entailment;1;0.12251992523670197;0.2347964644432068;0.6426836252212524
19_ai_bii2_cannot_say_pos;Vor zwei Wochen hat Greta Judith ein Kompliment gemacht.;Vor einer Woche hat Greta wieder ein nettes Kompliment verteilt, als sie in einem Park spazieren war.;Es lässt sich nicht sagen, wie oft Greta ein nettes Kompliment verteilt hat.;unknown;19;ai;bii;2;positive;cannot say;False;;;Vor zwei Wochen hat Greta Judith ein Kompliment gemacht. Vor einer Woche hat Greta wieder ein nettes Kompliment verteilt, als sie in einem Park spazieren war.;Es lässt sich nicht sagen, wie oft Greta ein nettes Kompliment verteilt hat.;FacebookAI/roberta-large-mnli;neutral;1;0.07577068358659744;0.8706671595573425;0.053562212735414505
19_aii_bi1_once_neu;Vor zwei Wochen hat Judith Greta ein Kompliment gemacht.;Vor einer Woche hat Judith wieder ein nettes Kompliment erhalten, als sie in einem Park spazieren war.;Judith hat einmal ein nettes Kompliment erhalten.;entailment;19;aii;bi;1;neutral;once;False;;;Vor zwei Wochen hat Judith Greta ein Kompliment gemacht. Vor einer Woche hat Judith wieder ein nettes Kompliment erhalten, als sie in einem Park spazieren war.;Judith hat einmal ein nettes Kompliment erhalten.;FacebookAI/roberta-large-mnli;entailment;1;0.28574463725090027;0.12316650152206421;0.5910888314247131
19_aii_bi1_twice_neu;Vor zwei Wochen hat Judith Greta ein Kompliment gemacht.;Vor einer Woche hat Judith wieder ein nettes Kompliment erhalten, als sie in einem Park spazieren war.;Judith hat mindestens zweimal ein nettes Kompliment erhalten.;unknown;19;aii;bi;1;neutral;twice;False;;;Vor zwei Wochen hat Judith Greta ein Kompliment gemacht. Vor einer Woche hat Judith wieder ein nettes Kompliment erhalten, als sie in einem Park spazieren war.;Judith hat mindestens zweimal ein nettes Kompliment erhalten.;FacebookAI/roberta-large-mnli;entailment;0;0.09841572493314743;0.21137045323848724;0.6902138590812683
19_aii_bi1_cannot_say_neu;Vor zwei Wochen hat Judith Greta ein Kompliment gemacht.;Vor einer Woche hat Judith wieder ein nettes Kompliment erhalten, als sie in einem Park spazieren war.;Es lässt sich nicht sagen, wie oft Judith ein nettes Kompliment erhalten hat.;unknown;19;aii;bi;1;neutral;cannot say;False;;;Vor zwei Wochen hat Judith Greta ein Kompliment gemacht. Vor einer Woche hat Judith wieder ein nettes Kompliment erhalten, als sie in einem Park spazieren war.;Es lässt sich nicht sagen, wie oft Judith ein nettes Kompliment erhalten hat.;FacebookAI/roberta-large-mnli;neutral;1;0.08025240153074265;0.8765954971313477;0.04315202683210373
19_aii_bi2_once_pos;Vor zwei Wochen hat Judith Greta ein Kompliment gemacht.;Vor einer Woche hat Greta wieder ein nettes Kompliment erhalten, als sie in einem Park spazieren war.;Greta hat einmal ein nettes Kompliment erhalten.;unknown;19;aii;bi;2;positive;once;False;;;Vor zwei Wochen hat Judith Greta ein Kompliment gemacht. Vor einer Woche hat Greta wieder ein nettes Kompliment erhalten, als sie in einem Park spazieren war.;Greta hat einmal ein nettes Kompliment erhalten.;FacebookAI/roberta-large-mnli;entailment;0;0.3623919188976288;0.11346206068992615;0.5241460800170898
19_aii_bi2_twice_pos;Vor zwei Wochen hat Judith Greta ein Kompliment gemacht.;Vor einer Woche hat Greta wieder ein nettes Kompliment erhalten, als sie in einem Park spazieren war.;Greta hat mindestens zweimal ein nettes Kompliment erhalten.;entailment;19;aii;bi;2;positive;twice;False;;;Vor zwei Wochen hat Judith Greta ein Kompliment gemacht. Vor einer Woche hat Greta wieder ein nettes Kompliment erhalten, als sie in einem Park spazieren war.;Greta hat mindestens zweimal ein nettes Kompliment erhalten.;FacebookAI/roberta-large-mnli;entailment;1;0.11534135788679123;0.18304280936717987;0.7016157507896423
19_aii_bi2_cannot_say_pos;Vor zwei Wochen hat Judith Greta ein Kompliment gemacht.;Vor einer Woche hat Greta wieder ein nettes Kompliment erhalten, als sie in einem Park spazieren war.;Es lässt sich nicht sagen, wie oft Greta ein nettes Kompliment erhalten hat.;unknown;19;aii;bi;2;positive;cannot say;False;;;Vor zwei Wochen hat Judith Greta ein Kompliment gemacht. Vor einer Woche hat Greta wieder ein nettes Kompliment erhalten, als sie in einem Park spazieren war.;Es lässt sich nicht sagen, wie oft Greta ein nettes Kompliment erhalten hat.;FacebookAI/roberta-large-mnli;neutral;1;0.08666238933801651;0.8631269335746765;0.05021073669195175
19_aii_bii1_once_pos;Vor zwei Wochen hat Judith Greta ein Kompliment gemacht.;Vor einer Woche hat Judith wieder ein nettes Kompliment verteilt, als sie in einem Park spazieren war.;Judith hat einmal ein nettes Kompliment verteilt.;unknown;19;aii;bii;1;positive;once;False;;;Vor zwei Wochen hat Judith Greta ein Kompliment gemacht. Vor einer Woche hat Judith wieder ein nettes Kompliment verteilt, als sie in einem Park spazieren war.;Judith hat einmal ein nettes Kompliment verteilt.;FacebookAI/roberta-large-mnli;entailment;0;0.16043615341186523;0.11790092289447784;0.7216628789901733
19_aii_bii1_twice_pos;Vor zwei Wochen hat Judith Greta ein Kompliment gemacht.;Vor einer Woche hat Judith wieder ein nettes Kompliment verteilt, als sie in einem Park spazieren war.;Judith hat mindestens zweimal ein nettes Kompliment verteilt.;entailment;19;aii;bii;1;positive;twice;False;;;Vor zwei Wochen hat Judith Greta ein Kompliment gemacht. Vor einer Woche hat Judith wieder ein nettes Kompliment verteilt, als sie in einem Park spazieren war.;Judith hat mindestens zweimal ein nettes Kompliment verteilt.;FacebookAI/roberta-large-mnli;entailment;1;0.10457758605480194;0.24386674165725708;0.6515556573867798
19_aii_bii1_cannot_say_pos;Vor zwei Wochen hat Judith Greta ein Kompliment gemacht.;Vor einer Woche hat Judith wieder ein nettes Kompliment verteilt, als sie in einem Park spazieren war.;Es lässt sich nicht sagen, wie oft Judith ein nettes Kompliment verteilt hat.;unknown;19;aii;bii;1;positive;cannot say;False;;;Vor zwei Wochen hat Judith Greta ein Kompliment gemacht. Vor einer Woche hat Judith wieder ein nettes Kompliment verteilt, als sie in einem Park spazieren war.;Es lässt sich nicht sagen, wie oft Judith ein nettes Kompliment verteilt hat.;FacebookAI/roberta-large-mnli;neutral;1;0.0697735995054245;0.8842726349830627;0.04595375061035156
19_aii_bii2_once_neu;Vor zwei Wochen hat Judith Greta ein Kompliment gemacht.;Vor einer Woche hat Greta wieder ein nettes Kompliment verteilt, als sie in einem Park spazieren war.;Greta hat einmal ein nettes Kompliment verteilt.;entailment;19;aii;bii;2;neutral;once;False;;;Vor zwei Wochen hat Judith Greta ein Kompliment gemacht. Vor einer Woche hat Greta wieder ein nettes Kompliment verteilt, als sie in einem Park spazieren war.;Greta hat einmal ein nettes Kompliment verteilt.;FacebookAI/roberta-large-mnli;entailment;1;0.2961924076080322;0.12426719814538956;0.5795404314994812
19_aii_bii2_twice_neu;Vor zwei Wochen hat Judith Greta ein Kompliment gemacht.;Vor einer Woche hat Greta wieder ein nettes Kompliment verteilt, als sie in einem Park spazieren war.;Greta hat mindestens zweimal ein nettes Kompliment verteilt.;unknown;19;aii;bii;2;neutral;twice;False;;;Vor zwei Wochen hat Judith Greta ein Kompliment gemacht. Vor einer Woche hat Greta wieder ein nettes Kompliment verteilt, als sie in einem Park spazieren war.;Greta hat mindestens zweimal ein nettes Kompliment verteilt.;FacebookAI/roberta-large-mnli;entailment;0;0.11830737441778183;0.20966202020645142;0.6720306277275085
19_aii_bii2_cannot_say_neu;Vor zwei Wochen hat Judith Greta ein Kompliment gemacht.;Vor einer Woche hat Greta wieder ein nettes Kompliment verteilt, als sie in einem Park spazieren war.;Es lässt sich nicht sagen, wie oft Greta ein nettes Kompliment verteilt hat.;unknown;19;aii;bii;2;neutral;cannot say;False;;;Vor zwei Wochen hat Judith Greta ein Kompliment gemacht. Vor einer Woche hat Greta wieder ein nettes Kompliment verteilt, als sie in einem Park spazieren war.;Es lässt sich nicht sagen, wie oft Greta ein nettes Kompliment verteilt hat.;FacebookAI/roberta-large-mnli;neutral;1;0.07856875658035278;0.8722969889640808;0.04913432151079178
20_ai_bi1_once_pos;Vor drei Monaten hat Greta Karl ein französisches Lied beigebracht.;Vor zwei Wochen hat Karl wieder ein französisches Lied gelernt, als er mit einem Freund unterwegs war.;Karl hat einmal ein französisches Lied gelernt.;unknown;20;ai;bi;1;positive;once;False;;;Vor drei Monaten hat Greta Karl ein französisches Lied beigebracht. Vor zwei Wochen hat Karl wieder ein französisches Lied gelernt, als er mit einem Freund unterwegs war.;Karl hat einmal ein französisches Lied gelernt.;FacebookAI/roberta-large-mnli;entailment;0;0.13742104172706604;0.1271856278181076;0.7353932857513428
20_ai_bi1_twice_pos;Vor drei Monaten hat Greta Karl ein französisches Lied beigebracht.;Vor zwei Wochen hat Karl wieder ein französisches Lied gelernt, als er mit einem Freund unterwegs war.;Karl hat mindestens zweimal ein französisches Lied gelernt.;entailment;20;ai;bi;1;positive;twice;False;;;Vor drei Monaten hat Greta Karl ein französisches Lied beigebracht. Vor zwei Wochen hat Karl wieder ein französisches Lied gelernt, als er mit einem Freund unterwegs war.;Karl hat mindestens zweimal ein französisches Lied gelernt.;FacebookAI/roberta-large-mnli;entailment;1;0.1084509938955307;0.14745976030826569;0.7440892457962036
20_ai_bi1_cannot_say_pos;Vor drei Monaten hat Greta Karl ein französisches Lied beigebracht.;Vor zwei Wochen hat Karl wieder ein französisches Lied gelernt, als er mit einem Freund unterwegs war.;Es lässt sich nicht sagen, wie oft Karl ein französisches Lied gelernt hat.;unknown;20;ai;bi;1;positive;cannot say;False;;;Vor drei Monaten hat Greta Karl ein französisches Lied beigebracht. Vor zwei Wochen hat Karl wieder ein französisches Lied gelernt, als er mit einem Freund unterwegs war.;Es lässt sich nicht sagen, wie oft Karl ein französisches Lied gelernt hat.;FacebookAI/roberta-large-mnli;neutral;1;0.08615943044424057;0.8691976070404053;0.04464292526245117
20_ai_bi2_once_neu;Vor drei Monaten hat Greta Karl ein französisches Lied beigebracht.;Vor zwei Wochen hat Greta wieder ein französisches Lied gelernt, als sie mit einem Freund unterwegs war.;Greta hat einmal ein französisches Lied gelernt.;entailment;20;ai;bi;2;neutral;once;False;;;Vor drei Monaten hat Greta Karl ein französisches Lied beigebracht. Vor zwei Wochen hat Greta wieder ein französisches Lied gelernt, als sie mit einem Freund unterwegs war.;Greta hat einmal ein französisches Lied gelernt.;FacebookAI/roberta-large-mnli;entailment;1;0.2319679707288742;0.08712705969810486;0.6809049844741821
20_ai_bi2_twice_neu;Vor drei Monaten hat Greta Karl ein französisches Lied beigebracht.;Vor zwei Wochen hat Greta wieder ein französisches Lied gelernt, als sie mit einem Freund unterwegs war.;Greta hat mindestens zweimal ein französisches Lied gelernt.;unknown;20;ai;bi;2;neutral;twice;False;;;Vor drei Monaten hat Greta Karl ein französisches Lied beigebracht. Vor zwei Wochen hat Greta wieder ein französisches Lied gelernt, als sie mit einem Freund unterwegs war.;Greta hat mindestens zweimal ein französisches Lied gelernt.;FacebookAI/roberta-large-mnli;entailment;0;0.12458691745996475;0.13892875611782074;0.7364843487739563
20_ai_bi2_cannot_say_neu;Vor drei Monaten hat Greta Karl ein französisches Lied beigebracht.;Vor zwei Wochen hat Greta wieder ein französisches Lied gelernt, als sie mit einem Freund unterwegs war.;Es lässt sich nicht sagen, wie oft Greta ein französisches Lied gelernt hat.;unknown;20;ai;bi;2;neutral;cannot say;False;;;Vor drei Monaten hat Greta Karl ein französisches Lied beigebracht. Vor zwei Wochen hat Greta wieder ein französisches Lied gelernt, als sie mit einem Freund unterwegs war.;Es lässt sich nicht sagen, wie oft Greta ein französisches Lied gelernt hat.;FacebookAI/roberta-large-mnli;neutral;1;0.10702112317085266;0.827336311340332;0.0656425729393959
20_ai_bii1_once_neu;Vor drei Monaten hat Greta Karl ein französisches Lied beigebracht.;Vor zwei Wochen hat Karl wieder einem Freund ein französisches Lied beigebracht, als er mit einem Freund unterwegs war.;Karl hat einmal einem Freund ein französisches Lied beigebracht.;entailment;20;ai;bii;1;neutral;once;True;The b(ii) printed for item 20 in Tiemann.Dissertation2.pdf (p. 154) is a verbatim duplicate of item 19 b(ii) — 'ein nettes Kompliment verteilt, als {er/sie} in einem Park spazieren war' — carrying the wrong names and the wrong theme for an item about a französisches Lied. That is a typesetting error in the dissertation, not an extraction error. This text is a user-approved editorial reconstruction (2026-09-08), replacing the earlier gesungen reconstruction, following the verb-pairing pattern of the surrounding items (recipient verb in bi, agent verb in bii), not verbatim dissertation text.;;Vor drei Monaten hat Greta Karl ein französisches Lied beigebracht. Vor zwei Wochen hat Karl wieder einem Freund ein französisches Lied beigebracht, als er mit einem Freund unterwegs war.;Karl hat einmal einem Freund ein französisches Lied beigebracht.;FacebookAI/roberta-large-mnli;entailment;1;0.15557433664798737;0.18782708048820496;0.6565986275672913
20_ai_bii1_twice_neu;Vor drei Monaten hat Greta Karl ein französisches Lied beigebracht.;Vor zwei Wochen hat Karl wieder einem Freund ein französisches Lied beigebracht, als er mit einem Freund unterwegs war.;Karl hat mindestens zweimal einem Freund ein französisches Lied beigebracht.;unknown;20;ai;bii;1;neutral;twice;True;The b(ii) printed for item 20 in Tiemann.Dissertation2.pdf (p. 154) is a verbatim duplicate of item 19 b(ii) — 'ein nettes Kompliment verteilt, als {er/sie} in einem Park spazieren war' — carrying the wrong names and the wrong theme for an item about a französisches Lied. That is a typesetting error in the dissertation, not an extraction error. This text is a user-approved editorial reconstruction (2026-09-08), replacing the earlier gesungen reconstruction, following the verb-pairing pattern of the surrounding items (recipient verb in bi, agent verb in bii), not verbatim dissertation text.;;Vor drei Monaten hat Greta Karl ein französisches Lied beigebracht. Vor zwei Wochen hat Karl wieder einem Freund ein französisches Lied beigebracht, als er mit einem Freund unterwegs war.;Karl hat mindestens zweimal einem Freund ein französisches Lied beigebracht.;FacebookAI/roberta-large-mnli;entailment;0;0.1466914266347885;0.1836279332637787;0.6696805953979492
20_ai_bii1_cannot_say_neu;Vor drei Monaten hat Greta Karl ein französisches Lied beigebracht.;Vor zwei Wochen hat Karl wieder einem Freund ein französisches Lied beigebracht, als er mit einem Freund unterwegs war.;Es lässt sich nicht sagen, wie oft Karl einem Freund ein französisches Lied beigebracht hat.;unknown;20;ai;bii;1;neutral;cannot say;True;The b(ii) printed for item 20 in Tiemann.Dissertation2.pdf (p. 154) is a verbatim duplicate of item 19 b(ii) — 'ein nettes Kompliment verteilt, als {er/sie} in einem Park spazieren war' — carrying the wrong names and the wrong theme for an item about a französisches Lied. That is a typesetting error in the dissertation, not an extraction error. This text is a user-approved editorial reconstruction (2026-09-08), replacing the earlier gesungen reconstruction, following the verb-pairing pattern of the surrounding items (recipient verb in bi, agent verb in bii), not verbatim dissertation text.;;Vor drei Monaten hat Greta Karl ein französisches Lied beigebracht. Vor zwei Wochen hat Karl wieder einem Freund ein französisches Lied beigebracht, als er mit einem Freund unterwegs war.;Es lässt sich nicht sagen, wie oft Karl einem Freund ein französisches Lied beigebracht hat.;FacebookAI/roberta-large-mnli;neutral;1;0.12370912730693817;0.8059337139129639;0.07035710662603378
20_ai_bii2_once_pos;Vor drei Monaten hat Greta Karl ein französisches Lied beigebracht.;Vor zwei Wochen hat Greta wieder einem Freund ein französisches Lied beigebracht, als sie mit einem Freund unterwegs war.;Greta hat einmal einem Freund ein französisches Lied beigebracht.;unknown;20;ai;bii;2;positive;once;True;The b(ii) printed for item 20 in Tiemann.Dissertation2.pdf (p. 154) is a verbatim duplicate of item 19 b(ii) — 'ein nettes Kompliment verteilt, als {er/sie} in einem Park spazieren war' — carrying the wrong names and the wrong theme for an item about a französisches Lied. That is a typesetting error in the dissertation, not an extraction error. This text is a user-approved editorial reconstruction (2026-09-08), replacing the earlier gesungen reconstruction, following the verb-pairing pattern of the surrounding items (recipient verb in bi, agent verb in bii), not verbatim dissertation text.;;Vor drei Monaten hat Greta Karl ein französisches Lied beigebracht. Vor zwei Wochen hat Greta wieder einem Freund ein französisches Lied beigebracht, als sie mit einem Freund unterwegs war.;Greta hat einmal einem Freund ein französisches Lied beigebracht.;FacebookAI/roberta-large-mnli;entailment;0;0.1736721396446228;0.1545451283454895;0.6717827916145325
20_ai_bii2_twice_pos;Vor drei Monaten hat Greta Karl ein französisches Lied beigebracht.;Vor zwei Wochen hat Greta wieder einem Freund ein französisches Lied beigebracht, als sie mit einem Freund unterwegs war.;Greta hat mindestens zweimal einem Freund ein französisches Lied beigebracht.;entailment;20;ai;bii;2;positive;twice;True;The b(ii) printed for item 20 in Tiemann.Dissertation2.pdf (p. 154) is a verbatim duplicate of item 19 b(ii) — 'ein nettes Kompliment verteilt, als {er/sie} in einem Park spazieren war' — carrying the wrong names and the wrong theme for an item about a französisches Lied. That is a typesetting error in the dissertation, not an extraction error. This text is a user-approved editorial reconstruction (2026-09-08), replacing the earlier gesungen reconstruction, following the verb-pairing pattern of the surrounding items (recipient verb in bi, agent verb in bii), not verbatim dissertation text.;;Vor drei Monaten hat Greta Karl ein französisches Lied beigebracht. Vor zwei Wochen hat Greta wieder einem Freund ein französisches Lied beigebracht, als sie mit einem Freund unterwegs war.;Greta hat mindestens zweimal einem Freund ein französisches Lied beigebracht.;FacebookAI/roberta-large-mnli;entailment;1;0.1630479246377945;0.17551188170909882;0.6614401936531067
20_ai_bii2_cannot_say_pos;Vor drei Monaten hat Greta Karl ein französisches Lied beigebracht.;Vor zwei Wochen hat Greta wieder einem Freund ein französisches Lied beigebracht, als sie mit einem Freund unterwegs war.;Es lässt sich nicht sagen, wie oft Greta einem Freund ein französisches Lied beigebracht hat.;unknown;20;ai;bii;2;positive;cannot say;True;The b(ii) printed for item 20 in Tiemann.Dissertation2.pdf (p. 154) is a verbatim duplicate of item 19 b(ii) — 'ein nettes Kompliment verteilt, als {er/sie} in einem Park spazieren war' — carrying the wrong names and the wrong theme for an item about a französisches Lied. That is a typesetting error in the dissertation, not an extraction error. This text is a user-approved editorial reconstruction (2026-09-08), replacing the earlier gesungen reconstruction, following the verb-pairing pattern of the surrounding items (recipient verb in bi, agent verb in bii), not verbatim dissertation text.;;Vor drei Monaten hat Greta Karl ein französisches Lied beigebracht. Vor zwei Wochen hat Greta wieder einem Freund ein französisches Lied beigebracht, als sie mit einem Freund unterwegs war.;Es lässt sich nicht sagen, wie oft Greta einem Freund ein französisches Lied beigebracht hat.;FacebookAI/roberta-large-mnli;neutral;1;0.11340376734733582;0.7993389368057251;0.08725729584693909
20_aii_bi1_once_neu;Vor drei Monaten hat Karl Greta ein französisches Lied beigebracht.;Vor zwei Wochen hat Karl wieder ein französisches Lied gelernt, als er mit einem Freund unterwegs war.;Karl hat einmal ein französisches Lied gelernt.;entailment;20;aii;bi;1;neutral;once;False;;;Vor drei Monaten hat Karl Greta ein französisches Lied beigebracht. Vor zwei Wochen hat Karl wieder ein französisches Lied gelernt, als er mit einem Freund unterwegs war.;Karl hat einmal ein französisches Lied gelernt.;FacebookAI/roberta-large-mnli;entailment;1;0.1535169780254364;0.10684151202440262;0.7396414279937744
20_aii_bi1_twice_neu;Vor drei Monaten hat Karl Greta ein französisches Lied beigebracht.;Vor zwei Wochen hat Karl wieder ein französisches Lied gelernt, als er mit einem Freund unterwegs war.;Karl hat mindestens zweimal ein französisches Lied gelernt.;unknown;20;aii;bi;1;neutral;twice;False;;;Vor drei Monaten hat Karl Greta ein französisches Lied beigebracht. Vor zwei Wochen hat Karl wieder ein französisches Lied gelernt, als er mit einem Freund unterwegs war.;Karl hat mindestens zweimal ein französisches Lied gelernt.;FacebookAI/roberta-large-mnli;entailment;0;0.11180746555328369;0.15528246760368347;0.73291015625
20_aii_bi1_cannot_say_neu;Vor drei Monaten hat Karl Greta ein französisches Lied beigebracht.;Vor zwei Wochen hat Karl wieder ein französisches Lied gelernt, als er mit einem Freund unterwegs war.;Es lässt sich nicht sagen, wie oft Karl ein französisches Lied gelernt hat.;unknown;20;aii;bi;1;neutral;cannot say;False;;;Vor drei Monaten hat Karl Greta ein französisches Lied beigebracht. Vor zwei Wochen hat Karl wieder ein französisches Lied gelernt, als er mit einem Freund unterwegs war.;Es lässt sich nicht sagen, wie oft Karl ein französisches Lied gelernt hat.;FacebookAI/roberta-large-mnli;neutral;1;0.08333098143339157;0.870198130607605;0.046470895409584045
20_aii_bi2_once_pos;Vor drei Monaten hat Karl Greta ein französisches Lied beigebracht.;Vor zwei Wochen hat Greta wieder ein französisches Lied gelernt, als sie mit einem Freund unterwegs war.;Greta hat einmal ein französisches Lied gelernt.;unknown;20;aii;bi;2;positive;once;False;;;Vor drei Monaten hat Karl Greta ein französisches Lied beigebracht. Vor zwei Wochen hat Greta wieder ein französisches Lied gelernt, als sie mit einem Freund unterwegs war.;Greta hat einmal ein französisches Lied gelernt.;FacebookAI/roberta-large-mnli;entailment;0;0.19383321702480316;0.0888419821858406;0.7173247337341309
20_aii_bi2_twice_pos;Vor drei Monaten hat Karl Greta ein französisches Lied beigebracht.;Vor zwei Wochen hat Greta wieder ein französisches Lied gelernt, als sie mit einem Freund unterwegs war.;Greta hat mindestens zweimal ein französisches Lied gelernt.;entailment;20;aii;bi;2;positive;twice;False;;;Vor drei Monaten hat Karl Greta ein französisches Lied beigebracht. Vor zwei Wochen hat Greta wieder ein französisches Lied gelernt, als sie mit einem Freund unterwegs war.;Greta hat mindestens zweimal ein französisches Lied gelernt.;FacebookAI/roberta-large-mnli;entailment;1;0.11678588390350342;0.13966982066631317;0.7435442805290222
20_aii_bi2_cannot_say_pos;Vor drei Monaten hat Karl Greta ein französisches Lied beigebracht.;Vor zwei Wochen hat Greta wieder ein französisches Lied gelernt, als sie mit einem Freund unterwegs war.;Es lässt sich nicht sagen, wie oft Greta ein französisches Lied gelernt hat.;unknown;20;aii;bi;2;positive;cannot say;False;;;Vor drei Monaten hat Karl Greta ein französisches Lied beigebracht. Vor zwei Wochen hat Greta wieder ein französisches Lied gelernt, als sie mit einem Freund unterwegs war.;Es lässt sich nicht sagen, wie oft Greta ein französisches Lied gelernt hat.;FacebookAI/roberta-large-mnli;neutral;1;0.10863108187913895;0.8321216106414795;0.05924725532531738
20_aii_bii1_once_pos;Vor drei Monaten hat Karl Greta ein französisches Lied beigebracht.;Vor zwei Wochen hat Karl wieder einem Freund ein französisches Lied beigebracht, als er mit einem Freund unterwegs war.;Karl hat einmal einem Freund ein französisches Lied beigebracht.;unknown;20;aii;bii;1;positive;once;True;The b(ii) printed for item 20 in Tiemann.Dissertation2.pdf (p. 154) is a verbatim duplicate of item 19 b(ii) — 'ein nettes Kompliment verteilt, als {er/sie} in einem Park spazieren war' — carrying the wrong names and the wrong theme for an item about a französisches Lied. That is a typesetting error in the dissertation, not an extraction error. This text is a user-approved editorial reconstruction (2026-09-08), replacing the earlier gesungen reconstruction, following the verb-pairing pattern of the surrounding items (recipient verb in bi, agent verb in bii), not verbatim dissertation text.;;Vor drei Monaten hat Karl Greta ein französisches Lied beigebracht. Vor zwei Wochen hat Karl wieder einem Freund ein französisches Lied beigebracht, als er mit einem Freund unterwegs war.;Karl hat einmal einem Freund ein französisches Lied beigebracht.;FacebookAI/roberta-large-mnli;entailment;0;0.1648474484682083;0.18445296585559845;0.6506995558738708
20_aii_bii1_twice_pos;Vor drei Monaten hat Karl Greta ein französisches Lied beigebracht.;Vor zwei Wochen hat Karl wieder einem Freund ein französisches Lied beigebracht, als er mit einem Freund unterwegs war.;Karl hat mindestens zweimal einem Freund ein französisches Lied beigebracht.;entailment;20;aii;bii;1;positive;twice;True;The b(ii) printed for item 20 in Tiemann.Dissertation2.pdf (p. 154) is a verbatim duplicate of item 19 b(ii) — 'ein nettes Kompliment verteilt, als {er/sie} in einem Park spazieren war' — carrying the wrong names and the wrong theme for an item about a französisches Lied. That is a typesetting error in the dissertation, not an extraction error. This text is a user-approved editorial reconstruction (2026-09-08), replacing the earlier gesungen reconstruction, following the verb-pairing pattern of the surrounding items (recipient verb in bi, agent verb in bii), not verbatim dissertation text.;;Vor drei Monaten hat Karl Greta ein französisches Lied beigebracht. Vor zwei Wochen hat Karl wieder einem Freund ein französisches Lied beigebracht, als er mit einem Freund unterwegs war.;Karl hat mindestens zweimal einem Freund ein französisches Lied beigebracht.;FacebookAI/roberta-large-mnli;entailment;1;0.15814340114593506;0.1927417814731598;0.6491147875785828
20_aii_bii1_cannot_say_pos;Vor drei Monaten hat Karl Greta ein französisches Lied beigebracht.;Vor zwei Wochen hat Karl wieder einem Freund ein französisches Lied beigebracht, als er mit einem Freund unterwegs war.;Es lässt sich nicht sagen, wie oft Karl einem Freund ein französisches Lied beigebracht hat.;unknown;20;aii;bii;1;positive;cannot say;True;The b(ii) printed for item 20 in Tiemann.Dissertation2.pdf (p. 154) is a verbatim duplicate of item 19 b(ii) — 'ein nettes Kompliment verteilt, als {er/sie} in einem Park spazieren war' — carrying the wrong names and the wrong theme for an item about a französisches Lied. That is a typesetting error in the dissertation, not an extraction error. This text is a user-approved editorial reconstruction (2026-09-08), replacing the earlier gesungen reconstruction, following the verb-pairing pattern of the surrounding items (recipient verb in bi, agent verb in bii), not verbatim dissertation text.;;Vor drei Monaten hat Karl Greta ein französisches Lied beigebracht. Vor zwei Wochen hat Karl wieder einem Freund ein französisches Lied beigebracht, als er mit einem Freund unterwegs war.;Es lässt sich nicht sagen, wie oft Karl einem Freund ein französisches Lied beigebracht hat.;FacebookAI/roberta-large-mnli;neutral;1;0.11788345128297806;0.8089244365692139;0.07319217920303345
20_aii_bii2_once_neu;Vor drei Monaten hat Karl Greta ein französisches Lied beigebracht.;Vor zwei Wochen hat Greta wieder einem Freund ein französisches Lied beigebracht, als sie mit einem Freund unterwegs war.;Greta hat einmal einem Freund ein französisches Lied beigebracht.;entailment;20;aii;bii;2;neutral;once;True;The b(ii) printed for item 20 in Tiemann.Dissertation2.pdf (p. 154) is a verbatim duplicate of item 19 b(ii) — 'ein nettes Kompliment verteilt, als {er/sie} in einem Park spazieren war' — carrying the wrong names and the wrong theme for an item about a französisches Lied. That is a typesetting error in the dissertation, not an extraction error. This text is a user-approved editorial reconstruction (2026-09-08), replacing the earlier gesungen reconstruction, following the verb-pairing pattern of the surrounding items (recipient verb in bi, agent verb in bii), not verbatim dissertation text.;;Vor drei Monaten hat Karl Greta ein französisches Lied beigebracht. Vor zwei Wochen hat Greta wieder einem Freund ein französisches Lied beigebracht, als sie mit einem Freund unterwegs war.;Greta hat einmal einem Freund ein französisches Lied beigebracht.;FacebookAI/roberta-large-mnli;entailment;1;0.18220728635787964;0.16555598378181458;0.6522367000579834
20_aii_bii2_twice_neu;Vor drei Monaten hat Karl Greta ein französisches Lied beigebracht.;Vor zwei Wochen hat Greta wieder einem Freund ein französisches Lied beigebracht, als sie mit einem Freund unterwegs war.;Greta hat mindestens zweimal einem Freund ein französisches Lied beigebracht.;unknown;20;aii;bii;2;neutral;twice;True;The b(ii) printed for item 20 in Tiemann.Dissertation2.pdf (p. 154) is a verbatim duplicate of item 19 b(ii) — 'ein nettes Kompliment verteilt, als {er/sie} in einem Park spazieren war' — carrying the wrong names and the wrong theme for an item about a französisches Lied. That is a typesetting error in the dissertation, not an extraction error. This text is a user-approved editorial reconstruction (2026-09-08), replacing the earlier gesungen reconstruction, following the verb-pairing pattern of the surrounding items (recipient verb in bi, agent verb in bii), not verbatim dissertation text.;;Vor drei Monaten hat Karl Greta ein französisches Lied beigebracht. Vor zwei Wochen hat Greta wieder einem Freund ein französisches Lied beigebracht, als sie mit einem Freund unterwegs war.;Greta hat mindestens zweimal einem Freund ein französisches Lied beigebracht.;FacebookAI/roberta-large-mnli;entailment;0;0.164589986205101;0.1845003217458725;0.6509097218513489
20_aii_bii2_cannot_say_neu;Vor drei Monaten hat Karl Greta ein französisches Lied beigebracht.;Vor zwei Wochen hat Greta wieder einem Freund ein französisches Lied beigebracht, als sie mit einem Freund unterwegs war.;Es lässt sich nicht sagen, wie oft Greta einem Freund ein französisches Lied beigebracht hat.;unknown;20;aii;bii;2;neutral;cannot say;True;The b(ii) printed for item 20 in Tiemann.Dissertation2.pdf (p. 154) is a verbatim duplicate of item 19 b(ii) — 'ein nettes Kompliment verteilt, als {er/sie} in einem Park spazieren war' — carrying the wrong names and the wrong theme for an item about a französisches Lied. That is a typesetting error in the dissertation, not an extraction error. This text is a user-approved editorial reconstruction (2026-09-08), replacing the earlier gesungen reconstruction, following the verb-pairing pattern of the surrounding items (recipient verb in bi, agent verb in bii), not verbatim dissertation text.;;Vor drei Monaten hat Karl Greta ein französisches Lied beigebracht. Vor zwei Wochen hat Greta wieder einem Freund ein französisches Lied beigebracht, als sie mit einem Freund unterwegs war.;Es lässt sich nicht sagen, wie oft Greta einem Freund ein französisches Lied beigebracht hat.;FacebookAI/roberta-large-mnli;neutral;1;0.1220683827996254;0.792094349861145;0.08583720028400421
21_ai_bi1_once_pos;Letztes Jahr hat Tina Timo eine Überraschungsparty zum bestandenen Examen organisiert.;Vor vier Monaten hat Timo wieder eine große Überraschungsparty bekommen, weil er in einem Preisausschreiben gewonnen hatte.;Timo hat einmal eine große Überraschungsparty bekommen.;unknown;21;ai;bi;1;positive;once;False;;;Letztes Jahr hat Tina Timo eine Überraschungsparty zum bestandenen Examen organisiert. Vor vier Monaten hat Timo wieder eine große Überraschungsparty bekommen, weil er in einem Preisausschreiben gewonnen hatte.;Timo hat einmal eine große Überraschungsparty bekommen.;FacebookAI/roberta-large-mnli;entailment;0;0.11719368398189545;0.23835590481758118;0.6444503664970398
21_ai_bi1_twice_pos;Letztes Jahr hat Tina Timo eine Überraschungsparty zum bestandenen Examen organisiert.;Vor vier Monaten hat Timo wieder eine große Überraschungsparty bekommen, weil er in einem Preisausschreiben gewonnen hatte.;Timo hat mindestens zweimal eine große Überraschungsparty bekommen.;entailment;21;ai;bi;1;positive;twice;False;;;Letztes Jahr hat Tina Timo eine Überraschungsparty zum bestandenen Examen organisiert. Vor vier Monaten hat Timo wieder eine große Überraschungsparty bekommen, weil er in einem Preisausschreiben gewonnen hatte.;Timo hat mindestens zweimal eine große Überraschungsparty bekommen.;FacebookAI/roberta-large-mnli;entailment;1;0.04335414990782738;0.25210651755332947;0.7045392990112305
21_ai_bi1_cannot_say_pos;Letztes Jahr hat Tina Timo eine Überraschungsparty zum bestandenen Examen organisiert.;Vor vier Monaten hat Timo wieder eine große Überraschungsparty bekommen, weil er in einem Preisausschreiben gewonnen hatte.;Es lässt sich nicht sagen, wie oft Timo eine große Überraschungsparty bekommen hat.;unknown;21;ai;bi;1;positive;cannot say;False;;;Letztes Jahr hat Tina Timo eine Überraschungsparty zum bestandenen Examen organisiert. Vor vier Monaten hat Timo wieder eine große Überraschungsparty bekommen, weil er in einem Preisausschreiben gewonnen hatte.;Es lässt sich nicht sagen, wie oft Timo eine große Überraschungsparty bekommen hat.;FacebookAI/roberta-large-mnli;neutral;1;0.09450221806764603;0.8401691317558289;0.0653286725282669
21_ai_bi2_once_neu;Letztes Jahr hat Tina Timo eine Überraschungsparty zum bestandenen Examen organisiert.;Vor vier Monaten hat Tina wieder eine große Überraschungsparty bekommen, weil sie in einem Preisausschreiben gewonnen hatte.;Tina hat einmal eine große Überraschungsparty bekommen.;entailment;21;ai;bi;2;neutral;once;False;;;Letztes Jahr hat Tina Timo eine Überraschungsparty zum bestandenen Examen organisiert. Vor vier Monaten hat Tina wieder eine große Überraschungsparty bekommen, weil sie in einem Preisausschreiben gewonnen hatte.;Tina hat einmal eine große Überraschungsparty bekommen.;FacebookAI/roberta-large-mnli;entailment;1;0.10900698602199554;0.18740975856781006;0.7035832405090332
21_ai_bi2_twice_neu;Letztes Jahr hat Tina Timo eine Überraschungsparty zum bestandenen Examen organisiert.;Vor vier Monaten hat Tina wieder eine große Überraschungsparty bekommen, weil sie in einem Preisausschreiben gewonnen hatte.;Tina hat mindestens zweimal eine große Überraschungsparty bekommen.;unknown;21;ai;bi;2;neutral;twice;False;;;Letztes Jahr hat Tina Timo eine Überraschungsparty zum bestandenen Examen organisiert. Vor vier Monaten hat Tina wieder eine große Überraschungsparty bekommen, weil sie in einem Preisausschreiben gewonnen hatte.;Tina hat mindestens zweimal eine große Überraschungsparty bekommen.;FacebookAI/roberta-large-mnli;entailment;0;0.055224958807229996;0.2287895381450653;0.7159855365753174
21_ai_bi2_cannot_say_neu;Letztes Jahr hat Tina Timo eine Überraschungsparty zum bestandenen Examen organisiert.;Vor vier Monaten hat Tina wieder eine große Überraschungsparty bekommen, weil sie in einem Preisausschreiben gewonnen hatte.;Es lässt sich nicht sagen, wie oft Tina eine große Überraschungsparty bekommen hat.;unknown;21;ai;bi;2;neutral;cannot say;False;;;Letztes Jahr hat Tina Timo eine Überraschungsparty zum bestandenen Examen organisiert. Vor vier Monaten hat Tina wieder eine große Überraschungsparty bekommen, weil sie in einem Preisausschreiben gewonnen hatte.;Es lässt sich nicht sagen, wie oft Tina eine große Überraschungsparty bekommen hat.;FacebookAI/roberta-large-mnli;neutral;1;0.09787233173847198;0.834282398223877;0.06784530729055405
21_ai_bii1_once_neu;Letztes Jahr hat Tina Timo eine Überraschungsparty zum bestandenen Examen organisiert.;Vor vier Monaten hat Timo wieder eine große Überraschungsparty ausgerichtet, weil er in einem Preisausschreiben gewonnen hatte.;Timo hat einmal eine große Überraschungsparty ausgerichtet.;entailment;21;ai;bii;1;neutral;once;False;;;Letztes Jahr hat Tina Timo eine Überraschungsparty zum bestandenen Examen organisiert. Vor vier Monaten hat Timo wieder eine große Überraschungsparty ausgerichtet, weil er in einem Preisausschreiben gewonnen hatte.;Timo hat einmal eine große Überraschungsparty ausgerichtet.;FacebookAI/roberta-large-mnli;entailment;1;0.12320314347743988;0.2402678281068802;0.6365289688110352
21_ai_bii1_twice_neu;Letztes Jahr hat Tina Timo eine Überraschungsparty zum bestandenen Examen organisiert.;Vor vier Monaten hat Timo wieder eine große Überraschungsparty ausgerichtet, weil er in einem Preisausschreiben gewonnen hatte.;Timo hat mindestens zweimal eine große Überraschungsparty ausgerichtet.;unknown;21;ai;bii;1;neutral;twice;False;;;Letztes Jahr hat Tina Timo eine Überraschungsparty zum bestandenen Examen organisiert. Vor vier Monaten hat Timo wieder eine große Überraschungsparty ausgerichtet, weil er in einem Preisausschreiben gewonnen hatte.;Timo hat mindestens zweimal eine große Überraschungsparty ausgerichtet.;FacebookAI/roberta-large-mnli;entailment;0;0.05549738183617592;0.28089630603790283;0.6636063456535339
21_ai_bii1_cannot_say_neu;Letztes Jahr hat Tina Timo eine Überraschungsparty zum bestandenen Examen organisiert.;Vor vier Monaten hat Timo wieder eine große Überraschungsparty ausgerichtet, weil er in einem Preisausschreiben gewonnen hatte.;Es lässt sich nicht sagen, wie oft Timo eine große Überraschungsparty ausgerichtet hat.;unknown;21;ai;bii;1;neutral;cannot say;False;;;Letztes Jahr hat Tina Timo eine Überraschungsparty zum bestandenen Examen organisiert. Vor vier Monaten hat Timo wieder eine große Überraschungsparty ausgerichtet, weil er in einem Preisausschreiben gewonnen hatte.;Es lässt sich nicht sagen, wie oft Timo eine große Überraschungsparty ausgerichtet hat.;FacebookAI/roberta-large-mnli;neutral;1;0.09658228605985641;0.8263794183731079;0.07703834027051926
21_ai_bii2_once_pos;Letztes Jahr hat Tina Timo eine Überraschungsparty zum bestandenen Examen organisiert.;Vor vier Monaten hat Tina wieder eine große Überraschungsparty ausgerichtet, weil sie in einem Preisausschreiben gewonnen hatte.;Tina hat einmal eine große Überraschungsparty ausgerichtet.;unknown;21;ai;bii;2;positive;once;False;;;Letztes Jahr hat Tina Timo eine Überraschungsparty zum bestandenen Examen organisiert. Vor vier Monaten hat Tina wieder eine große Überraschungsparty ausgerichtet, weil sie in einem Preisausschreiben gewonnen hatte.;Tina hat einmal eine große Überraschungsparty ausgerichtet.;FacebookAI/roberta-large-mnli;entailment;0;0.12530824542045593;0.2091304063796997;0.6655612587928772
21_ai_bii2_twice_pos;Letztes Jahr hat Tina Timo eine Überraschungsparty zum bestandenen Examen organisiert.;Vor vier Monaten hat Tina wieder eine große Überraschungsparty ausgerichtet, weil sie in einem Preisausschreiben gewonnen hatte.;Tina hat mindestens zweimal eine große Überraschungsparty ausgerichtet.;entailment;21;ai;bii;2;positive;twice;False;;;Letztes Jahr hat Tina Timo eine Überraschungsparty zum bestandenen Examen organisiert. Vor vier Monaten hat Tina wieder eine große Überraschungsparty ausgerichtet, weil sie in einem Preisausschreiben gewonnen hatte.;Tina hat mindestens zweimal eine große Überraschungsparty ausgerichtet.;FacebookAI/roberta-large-mnli;entailment;1;0.06828329712152481;0.27650922536849976;0.6552074551582336
21_ai_bii2_cannot_say_pos;Letztes Jahr hat Tina Timo eine Überraschungsparty zum bestandenen Examen organisiert.;Vor vier Monaten hat Tina wieder eine große Überraschungsparty ausgerichtet, weil sie in einem Preisausschreiben gewonnen hatte.;Es lässt sich nicht sagen, wie oft Tina eine große Überraschungsparty ausgerichtet hat.;unknown;21;ai;bii;2;positive;cannot say;False;;;Letztes Jahr hat Tina Timo eine Überraschungsparty zum bestandenen Examen organisiert. Vor vier Monaten hat Tina wieder eine große Überraschungsparty ausgerichtet, weil sie in einem Preisausschreiben gewonnen hatte.;Es lässt sich nicht sagen, wie oft Tina eine große Überraschungsparty ausgerichtet hat.;FacebookAI/roberta-large-mnli;neutral;1;0.09489645063877106;0.8318896293640137;0.07321388274431229
21_aii_bi1_once_neu;Letztes Jahr hat Timo Tina eine Überraschungsparty zum bestandenen Examen organisiert.;Vor vier Monaten hat Timo wieder eine große Überraschungsparty bekommen, weil er in einem Preisausschreiben gewonnen hatte.;Timo hat einmal eine große Überraschungsparty bekommen.;entailment;21;aii;bi;1;neutral;once;False;;;Letztes Jahr hat Timo Tina eine Überraschungsparty zum bestandenen Examen organisiert. Vor vier Monaten hat Timo wieder eine große Überraschungsparty bekommen, weil er in einem Preisausschreiben gewonnen hatte.;Timo hat einmal eine große Überraschungsparty bekommen.;FacebookAI/roberta-large-mnli;entailment;1;0.1427365243434906;0.21351449191570282;0.6437490582466125
21_aii_bi1_twice_neu;Letztes Jahr hat Timo Tina eine Überraschungsparty zum bestandenen Examen organisiert.;Vor vier Monaten hat Timo wieder eine große Überraschungsparty bekommen, weil er in einem Preisausschreiben gewonnen hatte.;Timo hat mindestens zweimal eine große Überraschungsparty bekommen.;unknown;21;aii;bi;1;neutral;twice;False;;;Letztes Jahr hat Timo Tina eine Überraschungsparty zum bestandenen Examen organisiert. Vor vier Monaten hat Timo wieder eine große Überraschungsparty bekommen, weil er in einem Preisausschreiben gewonnen hatte.;Timo hat mindestens zweimal eine große Überraschungsparty bekommen.;FacebookAI/roberta-large-mnli;entailment;0;0.04952571913599968;0.26606592535972595;0.6844083666801453
21_aii_bi1_cannot_say_neu;Letztes Jahr hat Timo Tina eine Überraschungsparty zum bestandenen Examen organisiert.;Vor vier Monaten hat Timo wieder eine große Überraschungsparty bekommen, weil er in einem Preisausschreiben gewonnen hatte.;Es lässt sich nicht sagen, wie oft Timo eine große Überraschungsparty bekommen hat.;unknown;21;aii;bi;1;neutral;cannot say;False;;;Letztes Jahr hat Timo Tina eine Überraschungsparty zum bestandenen Examen organisiert. Vor vier Monaten hat Timo wieder eine große Überraschungsparty bekommen, weil er in einem Preisausschreiben gewonnen hatte.;Es lässt sich nicht sagen, wie oft Timo eine große Überraschungsparty bekommen hat.;FacebookAI/roberta-large-mnli;neutral;1;0.09630528837442398;0.8364625573158264;0.06723210215568542
21_aii_bi2_once_pos;Letztes Jahr hat Timo Tina eine Überraschungsparty zum bestandenen Examen organisiert.;Vor vier Monaten hat Tina wieder eine große Überraschungsparty bekommen, weil sie in einem Preisausschreiben gewonnen hatte.;Tina hat einmal eine große Überraschungsparty bekommen.;unknown;21;aii;bi;2;positive;once;False;;;Letztes Jahr hat Timo Tina eine Überraschungsparty zum bestandenen Examen organisiert. Vor vier Monaten hat Tina wieder eine große Überraschungsparty bekommen, weil sie in einem Preisausschreiben gewonnen hatte.;Tina hat einmal eine große Überraschungsparty bekommen.;FacebookAI/roberta-large-mnli;entailment;0;0.11129513382911682;0.21520249545574188;0.6735023856163025
21_aii_bi2_twice_pos;Letztes Jahr hat Timo Tina eine Überraschungsparty zum bestandenen Examen organisiert.;Vor vier Monaten hat Tina wieder eine große Überraschungsparty bekommen, weil sie in einem Preisausschreiben gewonnen hatte.;Tina hat mindestens zweimal eine große Überraschungsparty bekommen.;entailment;21;aii;bi;2;positive;twice;False;;;Letztes Jahr hat Timo Tina eine Überraschungsparty zum bestandenen Examen organisiert. Vor vier Monaten hat Tina wieder eine große Überraschungsparty bekommen, weil sie in einem Preisausschreiben gewonnen hatte.;Tina hat mindestens zweimal eine große Überraschungsparty bekommen.;FacebookAI/roberta-large-mnli;entailment;1;0.05354248359799385;0.2338881641626358;0.7125693559646606
21_aii_bi2_cannot_say_pos;Letztes Jahr hat Timo Tina eine Überraschungsparty zum bestandenen Examen organisiert.;Vor vier Monaten hat Tina wieder eine große Überraschungsparty bekommen, weil sie in einem Preisausschreiben gewonnen hatte.;Es lässt sich nicht sagen, wie oft Tina eine große Überraschungsparty bekommen hat.;unknown;21;aii;bi;2;positive;cannot say;False;;;Letztes Jahr hat Timo Tina eine Überraschungsparty zum bestandenen Examen organisiert. Vor vier Monaten hat Tina wieder eine große Überraschungsparty bekommen, weil sie in einem Preisausschreiben gewonnen hatte.;Es lässt sich nicht sagen, wie oft Tina eine große Überraschungsparty bekommen hat.;FacebookAI/roberta-large-mnli;neutral;1;0.09007344394922256;0.8431152701377869;0.06681136786937714
21_aii_bii1_once_pos;Letztes Jahr hat Timo Tina eine Überraschungsparty zum bestandenen Examen organisiert.;Vor vier Monaten hat Timo wieder eine große Überraschungsparty ausgerichtet, weil er in einem Preisausschreiben gewonnen hatte.;Timo hat einmal eine große Überraschungsparty ausgerichtet.;unknown;21;aii;bii;1;positive;once;False;;;Letztes Jahr hat Timo Tina eine Überraschungsparty zum bestandenen Examen organisiert. Vor vier Monaten hat Timo wieder eine große Überraschungsparty ausgerichtet, weil er in einem Preisausschreiben gewonnen hatte.;Timo hat einmal eine große Überraschungsparty ausgerichtet.;FacebookAI/roberta-large-mnli;entailment;0;0.15702588856220245;0.22827981412410736;0.6146942973136902
21_aii_bii1_twice_pos;Letztes Jahr hat Timo Tina eine Überraschungsparty zum bestandenen Examen organisiert.;Vor vier Monaten hat Timo wieder eine große Überraschungsparty ausgerichtet, weil er in einem Preisausschreiben gewonnen hatte.;Timo hat mindestens zweimal eine große Überraschungsparty ausgerichtet.;entailment;21;aii;bii;1;positive;twice;False;;;Letztes Jahr hat Timo Tina eine Überraschungsparty zum bestandenen Examen organisiert. Vor vier Monaten hat Timo wieder eine große Überraschungsparty ausgerichtet, weil er in einem Preisausschreiben gewonnen hatte.;Timo hat mindestens zweimal eine große Überraschungsparty ausgerichtet.;FacebookAI/roberta-large-mnli;entailment;1;0.060676492750644684;0.29274868965148926;0.6465747952461243
21_aii_bii1_cannot_say_pos;Letztes Jahr hat Timo Tina eine Überraschungsparty zum bestandenen Examen organisiert.;Vor vier Monaten hat Timo wieder eine große Überraschungsparty ausgerichtet, weil er in einem Preisausschreiben gewonnen hatte.;Es lässt sich nicht sagen, wie oft Timo eine große Überraschungsparty ausgerichtet hat.;unknown;21;aii;bii;1;positive;cannot say;False;;;Letztes Jahr hat Timo Tina eine Überraschungsparty zum bestandenen Examen organisiert. Vor vier Monaten hat Timo wieder eine große Überraschungsparty ausgerichtet, weil er in einem Preisausschreiben gewonnen hatte.;Es lässt sich nicht sagen, wie oft Timo eine große Überraschungsparty ausgerichtet hat.;FacebookAI/roberta-large-mnli;neutral;1;0.09784656763076782;0.8254489898681641;0.07670437544584274
21_aii_bii2_once_neu;Letztes Jahr hat Timo Tina eine Überraschungsparty zum bestandenen Examen organisiert.;Vor vier Monaten hat Tina wieder eine große Überraschungsparty ausgerichtet, weil sie in einem Preisausschreiben gewonnen hatte.;Tina hat einmal eine große Überraschungsparty ausgerichtet.;entailment;21;aii;bii;2;neutral;once;False;;;Letztes Jahr hat Timo Tina eine Überraschungsparty zum bestandenen Examen organisiert. Vor vier Monaten hat Tina wieder eine große Überraschungsparty ausgerichtet, weil sie in einem Preisausschreiben gewonnen hatte.;Tina hat einmal eine große Überraschungsparty ausgerichtet.;FacebookAI/roberta-large-mnli;entailment;1;0.13147495687007904;0.23937328159809113;0.6291518211364746
21_aii_bii2_twice_neu;Letztes Jahr hat Timo Tina eine Überraschungsparty zum bestandenen Examen organisiert.;Vor vier Monaten hat Tina wieder eine große Überraschungsparty ausgerichtet, weil sie in einem Preisausschreiben gewonnen hatte.;Tina hat mindestens zweimal eine große Überraschungsparty ausgerichtet.;unknown;21;aii;bii;2;neutral;twice;False;;;Letztes Jahr hat Timo Tina eine Überraschungsparty zum bestandenen Examen organisiert. Vor vier Monaten hat Tina wieder eine große Überraschungsparty ausgerichtet, weil sie in einem Preisausschreiben gewonnen hatte.;Tina hat mindestens zweimal eine große Überraschungsparty ausgerichtet.;FacebookAI/roberta-large-mnli;entailment;0;0.06779930740594864;0.27972641587257385;0.6524742841720581
21_aii_bii2_cannot_say_neu;Letztes Jahr hat Timo Tina eine Überraschungsparty zum bestandenen Examen organisiert.;Vor vier Monaten hat Tina wieder eine große Überraschungsparty ausgerichtet, weil sie in einem Preisausschreiben gewonnen hatte.;Es lässt sich nicht sagen, wie oft Tina eine große Überraschungsparty ausgerichtet hat.;unknown;21;aii;bii;2;neutral;cannot say;False;;;Letztes Jahr hat Timo Tina eine Überraschungsparty zum bestandenen Examen organisiert. Vor vier Monaten hat Tina wieder eine große Überraschungsparty ausgerichtet, weil sie in einem Preisausschreiben gewonnen hatte.;Es lässt sich nicht sagen, wie oft Tina eine große Überraschungsparty ausgerichtet hat.;FacebookAI/roberta-large-mnli;neutral;1;0.08795757591724396;0.8375094532966614;0.0745329037308693
22_ai_bi1_once_pos;Vor vier Wochen hat Tina Greta von einer albernen Geschichte aus ihrem Leben berichtet.;Vor zwei Tagen hat Greta wieder eine alberne Geschichte gehört, als sie auf einer Geburtstagsparty eingeladen war.;Greta hat einmal eine alberne Geschichte gehört.;unknown;22;ai;bi;1;positive;once;False;;;Vor vier Wochen hat Tina Greta von einer albernen Geschichte aus ihrem Leben berichtet. Vor zwei Tagen hat Greta wieder eine alberne Geschichte gehört, als sie auf einer Geburtstagsparty eingeladen war.;Greta hat einmal eine alberne Geschichte gehört.;FacebookAI/roberta-large-mnli;entailment;0;0.3118816316127777;0.18648864328861237;0.5016297101974487
22_ai_bi1_twice_pos;Vor vier Wochen hat Tina Greta von einer albernen Geschichte aus ihrem Leben berichtet.;Vor zwei Tagen hat Greta wieder eine alberne Geschichte gehört, als sie auf einer Geburtstagsparty eingeladen war.;Greta hat mindestens zweimal eine alberne Geschichte gehört.;entailment;22;ai;bi;1;positive;twice;False;;;Vor vier Wochen hat Tina Greta von einer albernen Geschichte aus ihrem Leben berichtet. Vor zwei Tagen hat Greta wieder eine alberne Geschichte gehört, als sie auf einer Geburtstagsparty eingeladen war.;Greta hat mindestens zweimal eine alberne Geschichte gehört.;FacebookAI/roberta-large-mnli;entailment;1;0.1610167771577835;0.15055470168590546;0.6884285807609558
22_ai_bi1_cannot_say_pos;Vor vier Wochen hat Tina Greta von einer albernen Geschichte aus ihrem Leben berichtet.;Vor zwei Tagen hat Greta wieder eine alberne Geschichte gehört, als sie auf einer Geburtstagsparty eingeladen war.;Es lässt sich nicht sagen, wie oft Greta eine alberne Geschichte gehört hat.;unknown;22;ai;bi;1;positive;cannot say;False;;;Vor vier Wochen hat Tina Greta von einer albernen Geschichte aus ihrem Leben berichtet. Vor zwei Tagen hat Greta wieder eine alberne Geschichte gehört, als sie auf einer Geburtstagsparty eingeladen war.;Es lässt sich nicht sagen, wie oft Greta eine alberne Geschichte gehört hat.;FacebookAI/roberta-large-mnli;neutral;1;0.13329076766967773;0.8051175475120544;0.06159176677465439
22_ai_bi2_once_neu;Vor vier Wochen hat Tina Greta von einer albernen Geschichte aus ihrem Leben berichtet.;Vor zwei Tagen hat Tina wieder eine alberne Geschichte gehört, als sie auf einer Geburtstagsparty eingeladen war.;Tina hat einmal eine alberne Geschichte gehört.;entailment;22;ai;bi;2;neutral;once;False;;;Vor vier Wochen hat Tina Greta von einer albernen Geschichte aus ihrem Leben berichtet. Vor zwei Tagen hat Tina wieder eine alberne Geschichte gehört, als sie auf einer Geburtstagsparty eingeladen war.;Tina hat einmal eine alberne Geschichte gehört.;FacebookAI/roberta-large-mnli;entailment;1;0.40590202808380127;0.1698901206254959;0.424207866191864
22_ai_bi2_twice_neu;Vor vier Wochen hat Tina Greta von einer albernen Geschichte aus ihrem Leben berichtet.;Vor zwei Tagen hat Tina wieder eine alberne Geschichte gehört, als sie auf einer Geburtstagsparty eingeladen war.;Tina hat mindestens zweimal eine alberne Geschichte gehört.;unknown;22;ai;bi;2;neutral;twice;False;;;Vor vier Wochen hat Tina Greta von einer albernen Geschichte aus ihrem Leben berichtet. Vor zwei Tagen hat Tina wieder eine alberne Geschichte gehört, als sie auf einer Geburtstagsparty eingeladen war.;Tina hat mindestens zweimal eine alberne Geschichte gehört.;FacebookAI/roberta-large-mnli;entailment;0;0.14294609427452087;0.15226882696151733;0.7047851085662842
22_ai_bi2_cannot_say_neu;Vor vier Wochen hat Tina Greta von einer albernen Geschichte aus ihrem Leben berichtet.;Vor zwei Tagen hat Tina wieder eine alberne Geschichte gehört, als sie auf einer Geburtstagsparty eingeladen war.;Es lässt sich nicht sagen, wie oft Tina eine alberne Geschichte gehört hat.;unknown;22;ai;bi;2;neutral;cannot say;False;;;Vor vier Wochen hat Tina Greta von einer albernen Geschichte aus ihrem Leben berichtet. Vor zwei Tagen hat Tina wieder eine alberne Geschichte gehört, als sie auf einer Geburtstagsparty eingeladen war.;Es lässt sich nicht sagen, wie oft Tina eine alberne Geschichte gehört hat.;FacebookAI/roberta-large-mnli;neutral;1;0.12890443205833435;0.8164629936218262;0.054632555693387985
22_ai_bii1_once_neu;Vor vier Wochen hat Tina Greta von einer albernen Geschichte aus ihrem Leben berichtet.;Vor zwei Tagen hat Greta wieder eine alberne Geschichte erzählt, als sie auf einer Geburtstagsparty eingeladen war.;Greta hat einmal eine alberne Geschichte erzählt.;entailment;22;ai;bii;1;neutral;once;False;;;Vor vier Wochen hat Tina Greta von einer albernen Geschichte aus ihrem Leben berichtet. Vor zwei Tagen hat Greta wieder eine alberne Geschichte erzählt, als sie auf einer Geburtstagsparty eingeladen war.;Greta hat einmal eine alberne Geschichte erzählt.;FacebookAI/roberta-large-mnli;entailment;1;0.34858742356300354;0.14530804753303528;0.5061044692993164
22_ai_bii1_twice_neu;Vor vier Wochen hat Tina Greta von einer albernen Geschichte aus ihrem Leben berichtet.;Vor zwei Tagen hat Greta wieder eine alberne Geschichte erzählt, als sie auf einer Geburtstagsparty eingeladen war.;Greta hat mindestens zweimal eine alberne Geschichte erzählt.;unknown;22;ai;bii;1;neutral;twice;False;;;Vor vier Wochen hat Tina Greta von einer albernen Geschichte aus ihrem Leben berichtet. Vor zwei Tagen hat Greta wieder eine alberne Geschichte erzählt, als sie auf einer Geburtstagsparty eingeladen war.;Greta hat mindestens zweimal eine alberne Geschichte erzählt.;FacebookAI/roberta-large-mnli;entailment;0;0.15016214549541473;0.13640832901000977;0.7134295105934143
22_ai_bii1_cannot_say_neu;Vor vier Wochen hat Tina Greta von einer albernen Geschichte aus ihrem Leben berichtet.;Vor zwei Tagen hat Greta wieder eine alberne Geschichte erzählt, als sie auf einer Geburtstagsparty eingeladen war.;Es lässt sich nicht sagen, wie oft Greta eine alberne Geschichte erzählt hat.;unknown;22;ai;bii;1;neutral;cannot say;False;;;Vor vier Wochen hat Tina Greta von einer albernen Geschichte aus ihrem Leben berichtet. Vor zwei Tagen hat Greta wieder eine alberne Geschichte erzählt, als sie auf einer Geburtstagsparty eingeladen war.;Es lässt sich nicht sagen, wie oft Greta eine alberne Geschichte erzählt hat.;FacebookAI/roberta-large-mnli;neutral;1;0.12135270237922668;0.8052361607551575;0.07341111451387405
22_ai_bii2_once_pos;Vor vier Wochen hat Tina Greta von einer albernen Geschichte aus ihrem Leben berichtet.;Vor zwei Tagen hat Tina wieder eine alberne Geschichte erzählt, als sie auf einer Geburtstagsparty eingeladen war.;Tina hat einmal eine alberne Geschichte erzählt.;unknown;22;ai;bii;2;positive;once;False;;;Vor vier Wochen hat Tina Greta von einer albernen Geschichte aus ihrem Leben berichtet. Vor zwei Tagen hat Tina wieder eine alberne Geschichte erzählt, als sie auf einer Geburtstagsparty eingeladen war.;Tina hat einmal eine alberne Geschichte erzählt.;FacebookAI/roberta-large-mnli;entailment;0;0.40672382712364197;0.12768961489200592;0.4655865430831909
22_ai_bii2_twice_pos;Vor vier Wochen hat Tina Greta von einer albernen Geschichte aus ihrem Leben berichtet.;Vor zwei Tagen hat Tina wieder eine alberne Geschichte erzählt, als sie auf einer Geburtstagsparty eingeladen war.;Tina hat mindestens zweimal eine alberne Geschichte erzählt.;entailment;22;ai;bii;2;positive;twice;False;;;Vor vier Wochen hat Tina Greta von einer albernen Geschichte aus ihrem Leben berichtet. Vor zwei Tagen hat Tina wieder eine alberne Geschichte erzählt, als sie auf einer Geburtstagsparty eingeladen war.;Tina hat mindestens zweimal eine alberne Geschichte erzählt.;FacebookAI/roberta-large-mnli;entailment;1;0.1363907754421234;0.13976708054542542;0.7238421440124512
22_ai_bii2_cannot_say_pos;Vor vier Wochen hat Tina Greta von einer albernen Geschichte aus ihrem Leben berichtet.;Vor zwei Tagen hat Tina wieder eine alberne Geschichte erzählt, als sie auf einer Geburtstagsparty eingeladen war.;Es lässt sich nicht sagen, wie oft Tina eine alberne Geschichte erzählt hat.;unknown;22;ai;bii;2;positive;cannot say;False;;;Vor vier Wochen hat Tina Greta von einer albernen Geschichte aus ihrem Leben berichtet. Vor zwei Tagen hat Tina wieder eine alberne Geschichte erzählt, als sie auf einer Geburtstagsparty eingeladen war.;Es lässt sich nicht sagen, wie oft Tina eine alberne Geschichte erzählt hat.;FacebookAI/roberta-large-mnli;neutral;1;0.12113915383815765;0.8171451091766357;0.061715830117464066
22_aii_bi1_once_neu;Vor vier Wochen hat Greta Tina von einer albernen Geschichte aus ihrem Leben berichtet.;Vor zwei Tagen hat Greta wieder eine alberne Geschichte gehört, als sie auf einer Geburtstagsparty eingeladen war.;Greta hat einmal eine alberne Geschichte gehört.;entailment;22;aii;bi;1;neutral;once;False;;;Vor vier Wochen hat Greta Tina von einer albernen Geschichte aus ihrem Leben berichtet. Vor zwei Tagen hat Greta wieder eine alberne Geschichte gehört, als sie auf einer Geburtstagsparty eingeladen war.;Greta hat einmal eine alberne Geschichte gehört.;FacebookAI/roberta-large-mnli;entailment;1;0.3653290569782257;0.14386503398418427;0.49080589413642883
22_aii_bi1_twice_neu;Vor vier Wochen hat Greta Tina von einer albernen Geschichte aus ihrem Leben berichtet.;Vor zwei Tagen hat Greta wieder eine alberne Geschichte gehört, als sie auf einer Geburtstagsparty eingeladen war.;Greta hat mindestens zweimal eine alberne Geschichte gehört.;unknown;22;aii;bi;1;neutral;twice;False;;;Vor vier Wochen hat Greta Tina von einer albernen Geschichte aus ihrem Leben berichtet. Vor zwei Tagen hat Greta wieder eine alberne Geschichte gehört, als sie auf einer Geburtstagsparty eingeladen war.;Greta hat mindestens zweimal eine alberne Geschichte gehört.;FacebookAI/roberta-large-mnli;entailment;0;0.18218030035495758;0.15260657668113708;0.6652131080627441
22_aii_bi1_cannot_say_neu;Vor vier Wochen hat Greta Tina von einer albernen Geschichte aus ihrem Leben berichtet.;Vor zwei Tagen hat Greta wieder eine alberne Geschichte gehört, als sie auf einer Geburtstagsparty eingeladen war.;Es lässt sich nicht sagen, wie oft Greta eine alberne Geschichte gehört hat.;unknown;22;aii;bi;1;neutral;cannot say;False;;;Vor vier Wochen hat Greta Tina von einer albernen Geschichte aus ihrem Leben berichtet. Vor zwei Tagen hat Greta wieder eine alberne Geschichte gehört, als sie auf einer Geburtstagsparty eingeladen war.;Es lässt sich nicht sagen, wie oft Greta eine alberne Geschichte gehört hat.;FacebookAI/roberta-large-mnli;neutral;1;0.12526114284992218;0.800434410572052;0.07430449873209
22_aii_bi2_once_pos;Vor vier Wochen hat Greta Tina von einer albernen Geschichte aus ihrem Leben berichtet.;Vor zwei Tagen hat Tina wieder eine alberne Geschichte gehört, als sie auf einer Geburtstagsparty eingeladen war.;Tina hat einmal eine alberne Geschichte gehört.;unknown;22;aii;bi;2;positive;once;False;;;Vor vier Wochen hat Greta Tina von einer albernen Geschichte aus ihrem Leben berichtet. Vor zwei Tagen hat Tina wieder eine alberne Geschichte gehört, als sie auf einer Geburtstagsparty eingeladen war.;Tina hat einmal eine alberne Geschichte gehört.;FacebookAI/roberta-large-mnli;entailment;0;0.33922967314720154;0.1915784627199173;0.46919184923171997
22_aii_bi2_twice_pos;Vor vier Wochen hat Greta Tina von einer albernen Geschichte aus ihrem Leben berichtet.;Vor zwei Tagen hat Tina wieder eine alberne Geschichte gehört, als sie auf einer Geburtstagsparty eingeladen war.;Tina hat mindestens zweimal eine alberne Geschichte gehört.;entailment;22;aii;bi;2;positive;twice;False;;;Vor vier Wochen hat Greta Tina von einer albernen Geschichte aus ihrem Leben berichtet. Vor zwei Tagen hat Tina wieder eine alberne Geschichte gehört, als sie auf einer Geburtstagsparty eingeladen war.;Tina hat mindestens zweimal eine alberne Geschichte gehört.;FacebookAI/roberta-large-mnli;entailment;1;0.13639843463897705;0.1543715000152588;0.7092300653457642
22_aii_bi2_cannot_say_pos;Vor vier Wochen hat Greta Tina von einer albernen Geschichte aus ihrem Leben berichtet.;Vor zwei Tagen hat Tina wieder eine alberne Geschichte gehört, als sie auf einer Geburtstagsparty eingeladen war.;Es lässt sich nicht sagen, wie oft Tina eine alberne Geschichte gehört hat.;unknown;22;aii;bi;2;positive;cannot say;False;;;Vor vier Wochen hat Greta Tina von einer albernen Geschichte aus ihrem Leben berichtet. Vor zwei Tagen hat Tina wieder eine alberne Geschichte gehört, als sie auf einer Geburtstagsparty eingeladen war.;Es lässt sich nicht sagen, wie oft Tina eine alberne Geschichte gehört hat.;FacebookAI/roberta-large-mnli;neutral;1;0.12488985061645508;0.8214153051376343;0.05369479954242706
22_aii_bii1_once_pos;Vor vier Wochen hat Greta Tina von einer albernen Geschichte aus ihrem Leben berichtet.;Vor zwei Tagen hat Greta wieder eine alberne Geschichte erzählt, als sie auf einer Geburtstagsparty eingeladen war.;Greta hat einmal eine alberne Geschichte erzählt.;unknown;22;aii;bii;1;positive;once;False;;;Vor vier Wochen hat Greta Tina von einer albernen Geschichte aus ihrem Leben berichtet. Vor zwei Tagen hat Greta wieder eine alberne Geschichte erzählt, als sie auf einer Geburtstagsparty eingeladen war.;Greta hat einmal eine alberne Geschichte erzählt.;FacebookAI/roberta-large-mnli;entailment;0;0.4025227725505829;0.11928577721118927;0.47819143533706665
22_aii_bii1_twice_pos;Vor vier Wochen hat Greta Tina von einer albernen Geschichte aus ihrem Leben berichtet.;Vor zwei Tagen hat Greta wieder eine alberne Geschichte erzählt, als sie auf einer Geburtstagsparty eingeladen war.;Greta hat mindestens zweimal eine alberne Geschichte erzählt.;entailment;22;aii;bii;1;positive;twice;False;;;Vor vier Wochen hat Greta Tina von einer albernen Geschichte aus ihrem Leben berichtet. Vor zwei Tagen hat Greta wieder eine alberne Geschichte erzählt, als sie auf einer Geburtstagsparty eingeladen war.;Greta hat mindestens zweimal eine alberne Geschichte erzählt.;FacebookAI/roberta-large-mnli;entailment;1;0.17238780856132507;0.1410425454378128;0.6865696310997009
22_aii_bii1_cannot_say_pos;Vor vier Wochen hat Greta Tina von einer albernen Geschichte aus ihrem Leben berichtet.;Vor zwei Tagen hat Greta wieder eine alberne Geschichte erzählt, als sie auf einer Geburtstagsparty eingeladen war.;Es lässt sich nicht sagen, wie oft Greta eine alberne Geschichte erzählt hat.;unknown;22;aii;bii;1;positive;cannot say;False;;;Vor vier Wochen hat Greta Tina von einer albernen Geschichte aus ihrem Leben berichtet. Vor zwei Tagen hat Greta wieder eine alberne Geschichte erzählt, als sie auf einer Geburtstagsparty eingeladen war.;Es lässt sich nicht sagen, wie oft Greta eine alberne Geschichte erzählt hat.;FacebookAI/roberta-large-mnli;neutral;1;0.116060271859169;0.7963489294052124;0.08759075403213501
22_aii_bii2_once_neu;Vor vier Wochen hat Greta Tina von einer albernen Geschichte aus ihrem Leben berichtet.;Vor zwei Tagen hat Tina wieder eine alberne Geschichte erzählt, als sie auf einer Geburtstagsparty eingeladen war.;Tina hat einmal eine alberne Geschichte erzählt.;entailment;22;aii;bii;2;neutral;once;False;;;Vor vier Wochen hat Greta Tina von einer albernen Geschichte aus ihrem Leben berichtet. Vor zwei Tagen hat Tina wieder eine alberne Geschichte erzählt, als sie auf einer Geburtstagsparty eingeladen war.;Tina hat einmal eine alberne Geschichte erzählt.;FacebookAI/roberta-large-mnli;entailment;1;0.34708788990974426;0.1422203928232193;0.5106916427612305
22_aii_bii2_twice_neu;Vor vier Wochen hat Greta Tina von einer albernen Geschichte aus ihrem Leben berichtet.;Vor zwei Tagen hat Tina wieder eine alberne Geschichte erzählt, als sie auf einer Geburtstagsparty eingeladen war.;Tina hat mindestens zweimal eine alberne Geschichte erzählt.;unknown;22;aii;bii;2;neutral;twice;False;;;Vor vier Wochen hat Greta Tina von einer albernen Geschichte aus ihrem Leben berichtet. Vor zwei Tagen hat Tina wieder eine alberne Geschichte erzählt, als sie auf einer Geburtstagsparty eingeladen war.;Tina hat mindestens zweimal eine alberne Geschichte erzählt.;FacebookAI/roberta-large-mnli;entailment;0;0.1295105516910553;0.14036168158054352;0.73012775182724
22_aii_bii2_cannot_say_neu;Vor vier Wochen hat Greta Tina von einer albernen Geschichte aus ihrem Leben berichtet.;Vor zwei Tagen hat Tina wieder eine alberne Geschichte erzählt, als sie auf einer Geburtstagsparty eingeladen war.;Es lässt sich nicht sagen, wie oft Tina eine alberne Geschichte erzählt hat.;unknown;22;aii;bii;2;neutral;cannot say;False;;;Vor vier Wochen hat Greta Tina von einer albernen Geschichte aus ihrem Leben berichtet. Vor zwei Tagen hat Tina wieder eine alberne Geschichte erzählt, als sie auf einer Geburtstagsparty eingeladen war.;Es lässt sich nicht sagen, wie oft Tina eine alberne Geschichte erzählt hat.;FacebookAI/roberta-large-mnli;neutral;1;0.11722240597009659;0.8231240510940552;0.059653494507074356
23_ai_bi1_once_pos;Vor einer Woche hat Tina Sabine wütend gemacht.;Vor zwei Tagen hat Sabine wieder einen kleinen Wutanfall bekommen, als sie an einer Schlange anstehen musste.;Sabine hat einmal einen kleinen Wutanfall bekommen.;unknown;23;ai;bi;1;positive;once;False;;;Vor einer Woche hat Tina Sabine wütend gemacht. Vor zwei Tagen hat Sabine wieder einen kleinen Wutanfall bekommen, als sie an einer Schlange anstehen musste.;Sabine hat einmal einen kleinen Wutanfall bekommen.;FacebookAI/roberta-large-mnli;entailment;0;0.2161933332681656;0.15533962845802307;0.6284670829772949
23_ai_bi1_twice_pos;Vor einer Woche hat Tina Sabine wütend gemacht.;Vor zwei Tagen hat Sabine wieder einen kleinen Wutanfall bekommen, als sie an einer Schlange anstehen musste.;Sabine hat mindestens zweimal einen kleinen Wutanfall bekommen.;entailment;23;ai;bi;1;positive;twice;False;;;Vor einer Woche hat Tina Sabine wütend gemacht. Vor zwei Tagen hat Sabine wieder einen kleinen Wutanfall bekommen, als sie an einer Schlange anstehen musste.;Sabine hat mindestens zweimal einen kleinen Wutanfall bekommen.;FacebookAI/roberta-large-mnli;entailment;1;0.044014040380716324;0.10038542747497559;0.8556005358695984
23_ai_bi1_cannot_say_pos;Vor einer Woche hat Tina Sabine wütend gemacht.;Vor zwei Tagen hat Sabine wieder einen kleinen Wutanfall bekommen, als sie an einer Schlange anstehen musste.;Es lässt sich nicht sagen, wie oft Sabine einen kleinen Wutanfall bekommen hat.;unknown;23;ai;bi;1;positive;cannot say;False;;;Vor einer Woche hat Tina Sabine wütend gemacht. Vor zwei Tagen hat Sabine wieder einen kleinen Wutanfall bekommen, als sie an einer Schlange anstehen musste.;Es lässt sich nicht sagen, wie oft Sabine einen kleinen Wutanfall bekommen hat.;FacebookAI/roberta-large-mnli;neutral;1;0.09728801250457764;0.8528279066085815;0.04988406226038933
23_ai_bi2_once_neu;Vor einer Woche hat Tina Sabine wütend gemacht.;Vor zwei Tagen hat Tina wieder einen kleinen Wutanfall bekommen, als sie an einer Schlange anstehen musste.;Tina hat einmal einen kleinen Wutanfall bekommen.;entailment;23;ai;bi;2;neutral;once;False;;;Vor einer Woche hat Tina Sabine wütend gemacht. Vor zwei Tagen hat Tina wieder einen kleinen Wutanfall bekommen, als sie an einer Schlange anstehen musste.;Tina hat einmal einen kleinen Wutanfall bekommen.;FacebookAI/roberta-large-mnli;entailment;1;0.15982547402381897;0.16245034337043762;0.6777241826057434
23_ai_bi2_twice_neu;Vor einer Woche hat Tina Sabine wütend gemacht.;Vor zwei Tagen hat Tina wieder einen kleinen Wutanfall bekommen, als sie an einer Schlange anstehen musste.;Tina hat mindestens zweimal einen kleinen Wutanfall bekommen.;unknown;23;ai;bi;2;neutral;twice;False;;;Vor einer Woche hat Tina Sabine wütend gemacht. Vor zwei Tagen hat Tina wieder einen kleinen Wutanfall bekommen, als sie an einer Schlange anstehen musste.;Tina hat mindestens zweimal einen kleinen Wutanfall bekommen.;FacebookAI/roberta-large-mnli;entailment;0;0.034026145935058594;0.08155841380357742;0.8844154477119446
23_ai_bi2_cannot_say_neu;Vor einer Woche hat Tina Sabine wütend gemacht.;Vor zwei Tagen hat Tina wieder einen kleinen Wutanfall bekommen, als sie an einer Schlange anstehen musste.;Es lässt sich nicht sagen, wie oft Tina einen kleinen Wutanfall bekommen hat.;unknown;23;ai;bi;2;neutral;cannot say;False;;;Vor einer Woche hat Tina Sabine wütend gemacht. Vor zwei Tagen hat Tina wieder einen kleinen Wutanfall bekommen, als sie an einer Schlange anstehen musste.;Es lässt sich nicht sagen, wie oft Tina einen kleinen Wutanfall bekommen hat.;FacebookAI/roberta-large-mnli;neutral;1;0.09333325922489166;0.8562455177307129;0.05042118951678276
23_ai_bii1_once_neu;Vor einer Woche hat Tina Sabine wütend gemacht.;Vor zwei Tagen hat Sabine wieder einen kleinen Wutanfall provoziert, als sie an einer Schlange anstehen musste.;Sabine hat einmal einen kleinen Wutanfall provoziert.;entailment;23;ai;bii;1;neutral;once;False;;;Vor einer Woche hat Tina Sabine wütend gemacht. Vor zwei Tagen hat Sabine wieder einen kleinen Wutanfall provoziert, als sie an einer Schlange anstehen musste.;Sabine hat einmal einen kleinen Wutanfall provoziert.;FacebookAI/roberta-large-mnli;entailment;1;0.2059987187385559;0.18711286783218384;0.6068884134292603
23_ai_bii1_twice_neu;Vor einer Woche hat Tina Sabine wütend gemacht.;Vor zwei Tagen hat Sabine wieder einen kleinen Wutanfall provoziert, als sie an einer Schlange anstehen musste.;Sabine hat mindestens zweimal einen kleinen Wutanfall provoziert.;unknown;23;ai;bii;1;neutral;twice;False;;;Vor einer Woche hat Tina Sabine wütend gemacht. Vor zwei Tagen hat Sabine wieder einen kleinen Wutanfall provoziert, als sie an einer Schlange anstehen musste.;Sabine hat mindestens zweimal einen kleinen Wutanfall provoziert.;FacebookAI/roberta-large-mnli;entailment;0;0.05004117265343666;0.11127205938100815;0.8386867642402649
23_ai_bii1_cannot_say_neu;Vor einer Woche hat Tina Sabine wütend gemacht.;Vor zwei Tagen hat Sabine wieder einen kleinen Wutanfall provoziert, als sie an einer Schlange anstehen musste.;Es lässt sich nicht sagen, wie oft Sabine einen kleinen Wutanfall provoziert hat.;unknown;23;ai;bii;1;neutral;cannot say;False;;;Vor einer Woche hat Tina Sabine wütend gemacht. Vor zwei Tagen hat Sabine wieder einen kleinen Wutanfall provoziert, als sie an einer Schlange anstehen musste.;Es lässt sich nicht sagen, wie oft Sabine einen kleinen Wutanfall provoziert hat.;FacebookAI/roberta-large-mnli;neutral;1;0.11264244467020035;0.8389943838119507;0.048363152891397476
23_ai_bii2_once_pos;Vor einer Woche hat Tina Sabine wütend gemacht.;Vor zwei Tagen hat Tina wieder einen kleinen Wutanfall provoziert, als sie an einer Schlange anstehen musste.;Tina hat einmal einen kleinen Wutanfall provoziert.;unknown;23;ai;bii;2;positive;once;False;;;Vor einer Woche hat Tina Sabine wütend gemacht. Vor zwei Tagen hat Tina wieder einen kleinen Wutanfall provoziert, als sie an einer Schlange anstehen musste.;Tina hat einmal einen kleinen Wutanfall provoziert.;FacebookAI/roberta-large-mnli;entailment;0;0.1516740471124649;0.17049941420555115;0.6778265833854675
23_ai_bii2_twice_pos;Vor einer Woche hat Tina Sabine wütend gemacht.;Vor zwei Tagen hat Tina wieder einen kleinen Wutanfall provoziert, als sie an einer Schlange anstehen musste.;Tina hat mindestens zweimal einen kleinen Wutanfall provoziert.;entailment;23;ai;bii;2;positive;twice;False;;;Vor einer Woche hat Tina Sabine wütend gemacht. Vor zwei Tagen hat Tina wieder einen kleinen Wutanfall provoziert, als sie an einer Schlange anstehen musste.;Tina hat mindestens zweimal einen kleinen Wutanfall provoziert.;FacebookAI/roberta-large-mnli;entailment;1;0.03524193540215492;0.08094946295022964;0.8838085532188416
23_ai_bii2_cannot_say_pos;Vor einer Woche hat Tina Sabine wütend gemacht.;Vor zwei Tagen hat Tina wieder einen kleinen Wutanfall provoziert, als sie an einer Schlange anstehen musste.;Es lässt sich nicht sagen, wie oft Tina einen kleinen Wutanfall provoziert hat.;unknown;23;ai;bii;2;positive;cannot say;False;;;Vor einer Woche hat Tina Sabine wütend gemacht. Vor zwei Tagen hat Tina wieder einen kleinen Wutanfall provoziert, als sie an einer Schlange anstehen musste.;Es lässt sich nicht sagen, wie oft Tina einen kleinen Wutanfall provoziert hat.;FacebookAI/roberta-large-mnli;neutral;1;0.10728958994150162;0.8449762463569641;0.04773421585559845
23_aii_bi1_once_neu;Vor einer Woche hat Sabine Tina wütend gemacht.;Vor zwei Tagen hat Sabine wieder einen kleinen Wutanfall bekommen, als sie an einer Schlange anstehen musste.;Sabine hat einmal einen kleinen Wutanfall bekommen.;entailment;23;aii;bi;1;neutral;once;False;;;Vor einer Woche hat Sabine Tina wütend gemacht. Vor zwei Tagen hat Sabine wieder einen kleinen Wutanfall bekommen, als sie an einer Schlange anstehen musste.;Sabine hat einmal einen kleinen Wutanfall bekommen.;FacebookAI/roberta-large-mnli;entailment;1;0.22149282693862915;0.1578485518693924;0.6206585764884949
23_aii_bi1_twice_neu;Vor einer Woche hat Sabine Tina wütend gemacht.;Vor zwei Tagen hat Sabine wieder einen kleinen Wutanfall bekommen, als sie an einer Schlange anstehen musste.;Sabine hat mindestens zweimal einen kleinen Wutanfall bekommen.;unknown;23;aii;bi;1;neutral;twice;False;;;Vor einer Woche hat Sabine Tina wütend gemacht. Vor zwei Tagen hat Sabine wieder einen kleinen Wutanfall bekommen, als sie an einer Schlange anstehen musste.;Sabine hat mindestens zweimal einen kleinen Wutanfall bekommen.;FacebookAI/roberta-large-mnli;entailment;0;0.04829590767621994;0.11436395347118378;0.8373401761054993
23_aii_bi1_cannot_say_neu;Vor einer Woche hat Sabine Tina wütend gemacht.;Vor zwei Tagen hat Sabine wieder einen kleinen Wutanfall bekommen, als sie an einer Schlange anstehen musste.;Es lässt sich nicht sagen, wie oft Sabine einen kleinen Wutanfall bekommen hat.;unknown;23;aii;bi;1;neutral;cannot say;False;;;Vor einer Woche hat Sabine Tina wütend gemacht. Vor zwei Tagen hat Sabine wieder einen kleinen Wutanfall bekommen, als sie an einer Schlange anstehen musste.;Es lässt sich nicht sagen, wie oft Sabine einen kleinen Wutanfall bekommen hat.;FacebookAI/roberta-large-mnli;neutral;1;0.0992184728384018;0.8455039858818054;0.055277563631534576
23_aii_bi2_once_pos;Vor einer Woche hat Sabine Tina wütend gemacht.;Vor zwei Tagen hat Tina wieder einen kleinen Wutanfall bekommen, als sie an einer Schlange anstehen musste.;Tina hat einmal einen kleinen Wutanfall bekommen.;unknown;23;aii;bi;2;positive;once;False;;;Vor einer Woche hat Sabine Tina wütend gemacht. Vor zwei Tagen hat Tina wieder einen kleinen Wutanfall bekommen, als sie an einer Schlange anstehen musste.;Tina hat einmal einen kleinen Wutanfall bekommen.;FacebookAI/roberta-large-mnli;entailment;0;0.15316586196422577;0.16600902378559113;0.6808251738548279
23_aii_bi2_twice_pos;Vor einer Woche hat Sabine Tina wütend gemacht.;Vor zwei Tagen hat Tina wieder einen kleinen Wutanfall bekommen, als sie an einer Schlange anstehen musste.;Tina hat mindestens zweimal einen kleinen Wutanfall bekommen.;entailment;23;aii;bi;2;positive;twice;False;;;Vor einer Woche hat Sabine Tina wütend gemacht. Vor zwei Tagen hat Tina wieder einen kleinen Wutanfall bekommen, als sie an einer Schlange anstehen musste.;Tina hat mindestens zweimal einen kleinen Wutanfall bekommen.;FacebookAI/roberta-large-mnli;entailment;1;0.029071832075715065;0.07282400131225586;0.8981041312217712
23_aii_bi2_cannot_say_pos;Vor einer Woche hat Sabine Tina wütend gemacht.;Vor zwei Tagen hat Tina wieder einen kleinen Wutanfall bekommen, als sie an einer Schlange anstehen musste.;Es lässt sich nicht sagen, wie oft Tina einen kleinen Wutanfall bekommen hat.;unknown;23;aii;bi;2;positive;cannot say;False;;;Vor einer Woche hat Sabine Tina wütend gemacht. Vor zwei Tagen hat Tina wieder einen kleinen Wutanfall bekommen, als sie an einer Schlange anstehen musste.;Es lässt sich nicht sagen, wie oft Tina einen kleinen Wutanfall bekommen hat.;FacebookAI/roberta-large-mnli;neutral;1;0.09298129379749298;0.8607901334762573;0.04622860252857208
23_aii_bii1_once_pos;Vor einer Woche hat Sabine Tina wütend gemacht.;Vor zwei Tagen hat Sabine wieder einen kleinen Wutanfall provoziert, als sie an einer Schlange anstehen musste.;Sabine hat einmal einen kleinen Wutanfall provoziert.;unknown;23;aii;bii;1;positive;once;False;;;Vor einer Woche hat Sabine Tina wütend gemacht. Vor zwei Tagen hat Sabine wieder einen kleinen Wutanfall provoziert, als sie an einer Schlange anstehen musste.;Sabine hat einmal einen kleinen Wutanfall provoziert.;FacebookAI/roberta-large-mnli;entailment;0;0.22092433273792267;0.19009916484355927;0.5889764428138733
23_aii_bii1_twice_pos;Vor einer Woche hat Sabine Tina wütend gemacht.;Vor zwei Tagen hat Sabine wieder einen kleinen Wutanfall provoziert, als sie an einer Schlange anstehen musste.;Sabine hat mindestens zweimal einen kleinen Wutanfall provoziert.;entailment;23;aii;bii;1;positive;twice;False;;;Vor einer Woche hat Sabine Tina wütend gemacht. Vor zwei Tagen hat Sabine wieder einen kleinen Wutanfall provoziert, als sie an einer Schlange anstehen musste.;Sabine hat mindestens zweimal einen kleinen Wutanfall provoziert.;FacebookAI/roberta-large-mnli;entailment;1;0.053715527057647705;0.12205389887094498;0.8242305517196655
23_aii_bii1_cannot_say_pos;Vor einer Woche hat Sabine Tina wütend gemacht.;Vor zwei Tagen hat Sabine wieder einen kleinen Wutanfall provoziert, als sie an einer Schlange anstehen musste.;Es lässt sich nicht sagen, wie oft Sabine einen kleinen Wutanfall provoziert hat.;unknown;23;aii;bii;1;positive;cannot say;False;;;Vor einer Woche hat Sabine Tina wütend gemacht. Vor zwei Tagen hat Sabine wieder einen kleinen Wutanfall provoziert, als sie an einer Schlange anstehen musste.;Es lässt sich nicht sagen, wie oft Sabine einen kleinen Wutanfall provoziert hat.;FacebookAI/roberta-large-mnli;neutral;1;0.11110150068998337;0.8360556364059448;0.052842848002910614
23_aii_bii2_once_neu;Vor einer Woche hat Sabine Tina wütend gemacht.;Vor zwei Tagen hat Tina wieder einen kleinen Wutanfall provoziert, als sie an einer Schlange anstehen musste.;Tina hat einmal einen kleinen Wutanfall provoziert.;entailment;23;aii;bii;2;neutral;once;False;;;Vor einer Woche hat Sabine Tina wütend gemacht. Vor zwei Tagen hat Tina wieder einen kleinen Wutanfall provoziert, als sie an einer Schlange anstehen musste.;Tina hat einmal einen kleinen Wutanfall provoziert.;FacebookAI/roberta-large-mnli;entailment;1;0.14013539254665375;0.17650267481803894;0.6833619475364685
23_aii_bii2_twice_neu;Vor einer Woche hat Sabine Tina wütend gemacht.;Vor zwei Tagen hat Tina wieder einen kleinen Wutanfall provoziert, als sie an einer Schlange anstehen musste.;Tina hat mindestens zweimal einen kleinen Wutanfall provoziert.;unknown;23;aii;bii;2;neutral;twice;False;;;Vor einer Woche hat Sabine Tina wütend gemacht. Vor zwei Tagen hat Tina wieder einen kleinen Wutanfall provoziert, als sie an einer Schlange anstehen musste.;Tina hat mindestens zweimal einen kleinen Wutanfall provoziert.;FacebookAI/roberta-large-mnli;entailment;0;0.029880641028285027;0.0754464715719223;0.8946729302406311
23_aii_bii2_cannot_say_neu;Vor einer Woche hat Sabine Tina wütend gemacht.;Vor zwei Tagen hat Tina wieder einen kleinen Wutanfall provoziert, als sie an einer Schlange anstehen musste.;Es lässt sich nicht sagen, wie oft Tina einen kleinen Wutanfall provoziert hat.;unknown;23;aii;bii;2;neutral;cannot say;False;;;Vor einer Woche hat Sabine Tina wütend gemacht. Vor zwei Tagen hat Tina wieder einen kleinen Wutanfall provoziert, als sie an einer Schlange anstehen musste.;Es lässt sich nicht sagen, wie oft Tina einen kleinen Wutanfall provoziert hat.;FacebookAI/roberta-large-mnli;neutral;1;0.10947750508785248;0.8464615941047668;0.04406098648905754
24_ai_bi1_once_pos;Letzten Monat hat Tina Thorsten ein Lied gewidmet.;Vor einer Woche hat Thorsten wieder eine nette Widmung bekommen, weil er an einem Song mitgearbeitet hat.;Thorsten hat einmal eine nette Widmung bekommen.;unknown;24;ai;bi;1;positive;once;False;;;Letzten Monat hat Tina Thorsten ein Lied gewidmet. Vor einer Woche hat Thorsten wieder eine nette Widmung bekommen, weil er an einem Song mitgearbeitet hat.;Thorsten hat einmal eine nette Widmung bekommen.;FacebookAI/roberta-large-mnli;entailment;0;0.04239099100232124;0.1290995478630066;0.8285093903541565
24_ai_bi1_twice_pos;Letzten Monat hat Tina Thorsten ein Lied gewidmet.;Vor einer Woche hat Thorsten wieder eine nette Widmung bekommen, weil er an einem Song mitgearbeitet hat.;Thorsten hat mindestens zweimal eine nette Widmung bekommen.;entailment;24;ai;bi;1;positive;twice;False;;;Letzten Monat hat Tina Thorsten ein Lied gewidmet. Vor einer Woche hat Thorsten wieder eine nette Widmung bekommen, weil er an einem Song mitgearbeitet hat.;Thorsten hat mindestens zweimal eine nette Widmung bekommen.;FacebookAI/roberta-large-mnli;entailment;1;0.04884619265794754;0.2586398720741272;0.6925138831138611
24_ai_bi1_cannot_say_pos;Letzten Monat hat Tina Thorsten ein Lied gewidmet.;Vor einer Woche hat Thorsten wieder eine nette Widmung bekommen, weil er an einem Song mitgearbeitet hat.;Es lässt sich nicht sagen, wie oft Thorsten eine nette Widmung bekommen hat.;unknown;24;ai;bi;1;positive;cannot say;False;;;Letzten Monat hat Tina Thorsten ein Lied gewidmet. Vor einer Woche hat Thorsten wieder eine nette Widmung bekommen, weil er an einem Song mitgearbeitet hat.;Es lässt sich nicht sagen, wie oft Thorsten eine nette Widmung bekommen hat.;FacebookAI/roberta-large-mnli;neutral;1;0.1588461995124817;0.7704599499702454;0.07069389522075653
24_ai_bi2_once_neu;Letzten Monat hat Tina Thorsten ein Lied gewidmet.;Vor einer Woche hat Tina wieder eine nette Widmung bekommen, weil sie an einem Song mitgearbeitet hat.;Tina hat einmal eine nette Widmung bekommen.;entailment;24;ai;bi;2;neutral;once;False;;;Letzten Monat hat Tina Thorsten ein Lied gewidmet. Vor einer Woche hat Tina wieder eine nette Widmung bekommen, weil sie an einem Song mitgearbeitet hat.;Tina hat einmal eine nette Widmung bekommen.;FacebookAI/roberta-large-mnli;entailment;1;0.03998666629195213;0.12196750938892365;0.8380457758903503
24_ai_bi2_twice_neu;Letzten Monat hat Tina Thorsten ein Lied gewidmet.;Vor einer Woche hat Tina wieder eine nette Widmung bekommen, weil sie an einem Song mitgearbeitet hat.;Tina hat mindestens zweimal eine nette Widmung bekommen.;unknown;24;ai;bi;2;neutral;twice;False;;;Letzten Monat hat Tina Thorsten ein Lied gewidmet. Vor einer Woche hat Tina wieder eine nette Widmung bekommen, weil sie an einem Song mitgearbeitet hat.;Tina hat mindestens zweimal eine nette Widmung bekommen.;FacebookAI/roberta-large-mnli;entailment;0;0.05401085317134857;0.2980273365974426;0.6479617953300476
24_ai_bi2_cannot_say_neu;Letzten Monat hat Tina Thorsten ein Lied gewidmet.;Vor einer Woche hat Tina wieder eine nette Widmung bekommen, weil sie an einem Song mitgearbeitet hat.;Es lässt sich nicht sagen, wie oft Tina eine nette Widmung bekommen hat.;unknown;24;ai;bi;2;neutral;cannot say;False;;;Letzten Monat hat Tina Thorsten ein Lied gewidmet. Vor einer Woche hat Tina wieder eine nette Widmung bekommen, weil sie an einem Song mitgearbeitet hat.;Es lässt sich nicht sagen, wie oft Tina eine nette Widmung bekommen hat.;FacebookAI/roberta-large-mnli;neutral;1;0.13661311566829681;0.787676990032196;0.07570992410182953
24_ai_bii1_once_neu;Letzten Monat hat Tina Thorsten ein Lied gewidmet.;Vor einer Woche hat Thorsten wieder eine nette Widmung geschrieben, weil er an einem Song mitgearbeitet hat.;Thorsten hat einmal eine nette Widmung geschrieben.;entailment;24;ai;bii;1;neutral;once;False;;;Letzten Monat hat Tina Thorsten ein Lied gewidmet. Vor einer Woche hat Thorsten wieder eine nette Widmung geschrieben, weil er an einem Song mitgearbeitet hat.;Thorsten hat einmal eine nette Widmung geschrieben.;FacebookAI/roberta-large-mnli;entailment;1;0.04807700589299202;0.14530301094055176;0.8066199421882629
24_ai_bii1_twice_neu;Letzten Monat hat Tina Thorsten ein Lied gewidmet.;Vor einer Woche hat Thorsten wieder eine nette Widmung geschrieben, weil er an einem Song mitgearbeitet hat.;Thorsten hat mindestens zweimal eine nette Widmung geschrieben.;unknown;24;ai;bii;1;neutral;twice;False;;;Letzten Monat hat Tina Thorsten ein Lied gewidmet. Vor einer Woche hat Thorsten wieder eine nette Widmung geschrieben, weil er an einem Song mitgearbeitet hat.;Thorsten hat mindestens zweimal eine nette Widmung geschrieben.;FacebookAI/roberta-large-mnli;entailment;0;0.04983330890536308;0.27331531047821045;0.6768513321876526
24_ai_bii1_cannot_say_neu;Letzten Monat hat Tina Thorsten ein Lied gewidmet.;Vor einer Woche hat Thorsten wieder eine nette Widmung geschrieben, weil er an einem Song mitgearbeitet hat.;Es lässt sich nicht sagen, wie oft Thorsten eine nette Widmung geschrieben hat.;unknown;24;ai;bii;1;neutral;cannot say;False;;;Letzten Monat hat Tina Thorsten ein Lied gewidmet. Vor einer Woche hat Thorsten wieder eine nette Widmung geschrieben, weil er an einem Song mitgearbeitet hat.;Es lässt sich nicht sagen, wie oft Thorsten eine nette Widmung geschrieben hat.;FacebookAI/roberta-large-mnli;neutral;1;0.17230449616909027;0.745549201965332;0.08214633911848068
24_ai_bii2_once_pos;Letzten Monat hat Tina Thorsten ein Lied gewidmet.;Vor einer Woche hat Tina wieder eine nette Widmung geschrieben, weil sie an einem Song mitgearbeitet hat.;Tina hat einmal eine nette Widmung geschrieben.;unknown;24;ai;bii;2;positive;once;False;;;Letzten Monat hat Tina Thorsten ein Lied gewidmet. Vor einer Woche hat Tina wieder eine nette Widmung geschrieben, weil sie an einem Song mitgearbeitet hat.;Tina hat einmal eine nette Widmung geschrieben.;FacebookAI/roberta-large-mnli;entailment;0;0.04213994741439819;0.11671558022499084;0.8411445021629333
24_ai_bii2_twice_pos;Letzten Monat hat Tina Thorsten ein Lied gewidmet.;Vor einer Woche hat Tina wieder eine nette Widmung geschrieben, weil sie an einem Song mitgearbeitet hat.;Tina hat mindestens zweimal eine nette Widmung geschrieben.;entailment;24;ai;bii;2;positive;twice;False;;;Letzten Monat hat Tina Thorsten ein Lied gewidmet. Vor einer Woche hat Tina wieder eine nette Widmung geschrieben, weil sie an einem Song mitgearbeitet hat.;Tina hat mindestens zweimal eine nette Widmung geschrieben.;FacebookAI/roberta-large-mnli;entailment;1;0.05336045101284981;0.27686646580696106;0.6697731018066406
24_ai_bii2_cannot_say_pos;Letzten Monat hat Tina Thorsten ein Lied gewidmet.;Vor einer Woche hat Tina wieder eine nette Widmung geschrieben, weil sie an einem Song mitgearbeitet hat.;Es lässt sich nicht sagen, wie oft Tina eine nette Widmung geschrieben hat.;unknown;24;ai;bii;2;positive;cannot say;False;;;Letzten Monat hat Tina Thorsten ein Lied gewidmet. Vor einer Woche hat Tina wieder eine nette Widmung geschrieben, weil sie an einem Song mitgearbeitet hat.;Es lässt sich nicht sagen, wie oft Tina eine nette Widmung geschrieben hat.;FacebookAI/roberta-large-mnli;neutral;1;0.1540006697177887;0.7505207061767578;0.09547863900661469
24_aii_bi1_once_neu;Letzten Monat hat Thorsten Tina ein Lied gewidmet.;Vor einer Woche hat Thorsten wieder eine nette Widmung bekommen, weil er an einem Song mitgearbeitet hat.;Thorsten hat einmal eine nette Widmung bekommen.;entailment;24;aii;bi;1;neutral;once;False;;;Letzten Monat hat Thorsten Tina ein Lied gewidmet. Vor einer Woche hat Thorsten wieder eine nette Widmung bekommen, weil er an einem Song mitgearbeitet hat.;Thorsten hat einmal eine nette Widmung bekommen.;FacebookAI/roberta-large-mnli;entailment;1;0.04576806724071503;0.13935717940330505;0.8148747086524963
24_aii_bi1_twice_neu;Letzten Monat hat Thorsten Tina ein Lied gewidmet.;Vor einer Woche hat Thorsten wieder eine nette Widmung bekommen, weil er an einem Song mitgearbeitet hat.;Thorsten hat mindestens zweimal eine nette Widmung bekommen.;unknown;24;aii;bi;1;neutral;twice;False;;;Letzten Monat hat Thorsten Tina ein Lied gewidmet. Vor einer Woche hat Thorsten wieder eine nette Widmung bekommen, weil er an einem Song mitgearbeitet hat.;Thorsten hat mindestens zweimal eine nette Widmung bekommen.;FacebookAI/roberta-large-mnli;entailment;0;0.053434669971466064;0.3030218482017517;0.6435434222221375
24_aii_bi1_cannot_say_neu;Letzten Monat hat Thorsten Tina ein Lied gewidmet.;Vor einer Woche hat Thorsten wieder eine nette Widmung bekommen, weil er an einem Song mitgearbeitet hat.;Es lässt sich nicht sagen, wie oft Thorsten eine nette Widmung bekommen hat.;unknown;24;aii;bi;1;neutral;cannot say;False;;;Letzten Monat hat Thorsten Tina ein Lied gewidmet. Vor einer Woche hat Thorsten wieder eine nette Widmung bekommen, weil er an einem Song mitgearbeitet hat.;Es lässt sich nicht sagen, wie oft Thorsten eine nette Widmung bekommen hat.;FacebookAI/roberta-large-mnli;neutral;1;0.1583516150712967;0.7733566164970398;0.06829172372817993
24_aii_bi2_once_pos;Letzten Monat hat Thorsten Tina ein Lied gewidmet.;Vor einer Woche hat Tina wieder eine nette Widmung bekommen, weil sie an einem Song mitgearbeitet hat.;Tina hat einmal eine nette Widmung bekommen.;unknown;24;aii;bi;2;positive;once;False;;;Letzten Monat hat Thorsten Tina ein Lied gewidmet. Vor einer Woche hat Tina wieder eine nette Widmung bekommen, weil sie an einem Song mitgearbeitet hat.;Tina hat einmal eine nette Widmung bekommen.;FacebookAI/roberta-large-mnli;entailment;0;0.03626316413283348;0.13850300014019012;0.8252338767051697
24_aii_bi2_twice_pos;Letzten Monat hat Thorsten Tina ein Lied gewidmet.;Vor einer Woche hat Tina wieder eine nette Widmung bekommen, weil sie an einem Song mitgearbeitet hat.;Tina hat mindestens zweimal eine nette Widmung bekommen.;entailment;24;aii;bi;2;positive;twice;False;;;Letzten Monat hat Thorsten Tina ein Lied gewidmet. Vor einer Woche hat Tina wieder eine nette Widmung bekommen, weil sie an einem Song mitgearbeitet hat.;Tina hat mindestens zweimal eine nette Widmung bekommen.;FacebookAI/roberta-large-mnli;entailment;1;0.051310259848833084;0.3034774363040924;0.6452122926712036
24_aii_bi2_cannot_say_pos;Letzten Monat hat Thorsten Tina ein Lied gewidmet.;Vor einer Woche hat Tina wieder eine nette Widmung bekommen, weil sie an einem Song mitgearbeitet hat.;Es lässt sich nicht sagen, wie oft Tina eine nette Widmung bekommen hat.;unknown;24;aii;bi;2;positive;cannot say;False;;;Letzten Monat hat Thorsten Tina ein Lied gewidmet. Vor einer Woche hat Tina wieder eine nette Widmung bekommen, weil sie an einem Song mitgearbeitet hat.;Es lässt sich nicht sagen, wie oft Tina eine nette Widmung bekommen hat.;FacebookAI/roberta-large-mnli;neutral;1;0.14097821712493896;0.7890486121177673;0.06997313350439072
24_aii_bii1_once_pos;Letzten Monat hat Thorsten Tina ein Lied gewidmet.;Vor einer Woche hat Thorsten wieder eine nette Widmung geschrieben, weil er an einem Song mitgearbeitet hat.;Thorsten hat einmal eine nette Widmung geschrieben.;unknown;24;aii;bii;1;positive;once;False;;;Letzten Monat hat Thorsten Tina ein Lied gewidmet. Vor einer Woche hat Thorsten wieder eine nette Widmung geschrieben, weil er an einem Song mitgearbeitet hat.;Thorsten hat einmal eine nette Widmung geschrieben.;FacebookAI/roberta-large-mnli;entailment;0;0.05053451657295227;0.1453550159931183;0.8041105270385742
24_aii_bii1_twice_pos;Letzten Monat hat Thorsten Tina ein Lied gewidmet.;Vor einer Woche hat Thorsten wieder eine nette Widmung geschrieben, weil er an einem Song mitgearbeitet hat.;Thorsten hat mindestens zweimal eine nette Widmung geschrieben.;entailment;24;aii;bii;1;positive;twice;False;;;Letzten Monat hat Thorsten Tina ein Lied gewidmet. Vor einer Woche hat Thorsten wieder eine nette Widmung geschrieben, weil er an einem Song mitgearbeitet hat.;Thorsten hat mindestens zweimal eine nette Widmung geschrieben.;FacebookAI/roberta-large-mnli;entailment;1;0.05422961339354515;0.3183891475200653;0.6273812651634216
24_aii_bii1_cannot_say_pos;Letzten Monat hat Thorsten Tina ein Lied gewidmet.;Vor einer Woche hat Thorsten wieder eine nette Widmung geschrieben, weil er an einem Song mitgearbeitet hat.;Es lässt sich nicht sagen, wie oft Thorsten eine nette Widmung geschrieben hat.;unknown;24;aii;bii;1;positive;cannot say;False;;;Letzten Monat hat Thorsten Tina ein Lied gewidmet. Vor einer Woche hat Thorsten wieder eine nette Widmung geschrieben, weil er an einem Song mitgearbeitet hat.;Es lässt sich nicht sagen, wie oft Thorsten eine nette Widmung geschrieben hat.;FacebookAI/roberta-large-mnli;neutral;1;0.16857418417930603;0.7515256404876709;0.07990017533302307
24_aii_bii2_once_neu;Letzten Monat hat Thorsten Tina ein Lied gewidmet.;Vor einer Woche hat Tina wieder eine nette Widmung geschrieben, weil sie an einem Song mitgearbeitet hat.;Tina hat einmal eine nette Widmung geschrieben.;entailment;24;aii;bii;2;neutral;once;False;;;Letzten Monat hat Thorsten Tina ein Lied gewidmet. Vor einer Woche hat Tina wieder eine nette Widmung geschrieben, weil sie an einem Song mitgearbeitet hat.;Tina hat einmal eine nette Widmung geschrieben.;FacebookAI/roberta-large-mnli;entailment;1;0.04140777140855789;0.14413750171661377;0.8144546747207642
24_aii_bii2_twice_neu;Letzten Monat hat Thorsten Tina ein Lied gewidmet.;Vor einer Woche hat Tina wieder eine nette Widmung geschrieben, weil sie an einem Song mitgearbeitet hat.;Tina hat mindestens zweimal eine nette Widmung geschrieben.;unknown;24;aii;bii;2;neutral;twice;False;;;Letzten Monat hat Thorsten Tina ein Lied gewidmet. Vor einer Woche hat Tina wieder eine nette Widmung geschrieben, weil sie an einem Song mitgearbeitet hat.;Tina hat mindestens zweimal eine nette Widmung geschrieben.;FacebookAI/roberta-large-mnli;entailment;0;0.0521092563867569;0.28936272859573364;0.6585280299186707
24_aii_bii2_cannot_say_neu;Letzten Monat hat Thorsten Tina ein Lied gewidmet.;Vor einer Woche hat Tina wieder eine nette Widmung geschrieben, weil sie an einem Song mitgearbeitet hat.;Es lässt sich nicht sagen, wie oft Tina eine nette Widmung geschrieben hat.;unknown;24;aii;bii;2;neutral;cannot say;False;;;Letzten Monat hat Thorsten Tina ein Lied gewidmet. Vor einer Woche hat Tina wieder eine nette Widmung geschrieben, weil sie an einem Song mitgearbeitet hat.;Es lässt sich nicht sagen, wie oft Tina eine nette Widmung geschrieben hat.;FacebookAI/roberta-large-mnli;neutral;1;0.1563352793455124;0.7572195529937744;0.08644510805606842
25_ai_bi1_once_pos;Vor vier Wochen hat Tina vor Karl einen lustigen Sketch aufgeführt.;Vor zwei Wochen hat Karl wieder einen lustigen Sketch gesehen, als er auf einem Comedyfestival gewesen ist.;Karl hat einmal einen lustigen Sketch gesehen.;unknown;25;ai;bi;1;positive;once;False;;;Vor vier Wochen hat Tina vor Karl einen lustigen Sketch aufgeführt. Vor zwei Wochen hat Karl wieder einen lustigen Sketch gesehen, als er auf einem Comedyfestival gewesen ist.;Karl hat einmal einen lustigen Sketch gesehen.;FacebookAI/roberta-large-mnli;contradiction;0;0.37559619545936584;0.3122154474258423;0.31218835711479187
25_ai_bi1_twice_pos;Vor vier Wochen hat Tina vor Karl einen lustigen Sketch aufgeführt.;Vor zwei Wochen hat Karl wieder einen lustigen Sketch gesehen, als er auf einem Comedyfestival gewesen ist.;Karl hat mindestens zweimal einen lustigen Sketch gesehen.;entailment;25;ai;bi;1;positive;twice;False;;;Vor vier Wochen hat Tina vor Karl einen lustigen Sketch aufgeführt. Vor zwei Wochen hat Karl wieder einen lustigen Sketch gesehen, als er auf einem Comedyfestival gewesen ist.;Karl hat mindestens zweimal einen lustigen Sketch gesehen.;FacebookAI/roberta-large-mnli;entailment;1;0.208922877907753;0.18878966569900513;0.6022874712944031
25_ai_bi1_cannot_say_pos;Vor vier Wochen hat Tina vor Karl einen lustigen Sketch aufgeführt.;Vor zwei Wochen hat Karl wieder einen lustigen Sketch gesehen, als er auf einem Comedyfestival gewesen ist.;Es lässt sich nicht sagen, wie oft Karl einen lustigen Sketch gesehen hat.;unknown;25;ai;bi;1;positive;cannot say;False;;;Vor vier Wochen hat Tina vor Karl einen lustigen Sketch aufgeführt. Vor zwei Wochen hat Karl wieder einen lustigen Sketch gesehen, als er auf einem Comedyfestival gewesen ist.;Es lässt sich nicht sagen, wie oft Karl einen lustigen Sketch gesehen hat.;FacebookAI/roberta-large-mnli;neutral;1;0.10489515215158463;0.8471660017967224;0.04793882742524147
25_ai_bi2_once_neu;Vor vier Wochen hat Tina vor Karl einen lustigen Sketch aufgeführt.;Vor zwei Wochen hat Tina wieder einen lustigen Sketch gesehen, als sie auf einem Comedyfestival gewesen ist.;Tina hat einmal einen lustigen Sketch gesehen.;entailment;25;ai;bi;2;neutral;once;False;;;Vor vier Wochen hat Tina vor Karl einen lustigen Sketch aufgeführt. Vor zwei Wochen hat Tina wieder einen lustigen Sketch gesehen, als sie auf einem Comedyfestival gewesen ist.;Tina hat einmal einen lustigen Sketch gesehen.;FacebookAI/roberta-large-mnli;contradiction;0;0.47583502531051636;0.21206897497177124;0.3120959401130676
25_ai_bi2_twice_neu;Vor vier Wochen hat Tina vor Karl einen lustigen Sketch aufgeführt.;Vor zwei Wochen hat Tina wieder einen lustigen Sketch gesehen, als sie auf einem Comedyfestival gewesen ist.;Tina hat mindestens zweimal einen lustigen Sketch gesehen.;unknown;25;ai;bi;2;neutral;twice;False;;;Vor vier Wochen hat Tina vor Karl einen lustigen Sketch aufgeführt. Vor zwei Wochen hat Tina wieder einen lustigen Sketch gesehen, als sie auf einem Comedyfestival gewesen ist.;Tina hat mindestens zweimal einen lustigen Sketch gesehen.;FacebookAI/roberta-large-mnli;entailment;0;0.15187403559684753;0.18913018703460693;0.6589958071708679
25_ai_bi2_cannot_say_neu;Vor vier Wochen hat Tina vor Karl einen lustigen Sketch aufgeführt.;Vor zwei Wochen hat Tina wieder einen lustigen Sketch gesehen, als sie auf einem Comedyfestival gewesen ist.;Es lässt sich nicht sagen, wie oft Tina einen lustigen Sketch gesehen hat.;unknown;25;ai;bi;2;neutral;cannot say;False;;;Vor vier Wochen hat Tina vor Karl einen lustigen Sketch aufgeführt. Vor zwei Wochen hat Tina wieder einen lustigen Sketch gesehen, als sie auf einem Comedyfestival gewesen ist.;Es lässt sich nicht sagen, wie oft Tina einen lustigen Sketch gesehen hat.;FacebookAI/roberta-large-mnli;neutral;1;0.08656790107488632;0.8567291498184204;0.05670289695262909
25_ai_bii1_once_neu;Vor vier Wochen hat Tina vor Karl einen lustigen Sketch aufgeführt.;Vor zwei Wochen hat Karl wieder einen lustigen Sketch dargeboten, als er auf einem Comedyfestival gewesen ist.;Karl hat einmal einen lustigen Sketch dargeboten.;entailment;25;ai;bii;1;neutral;once;False;;;Vor vier Wochen hat Tina vor Karl einen lustigen Sketch aufgeführt. Vor zwei Wochen hat Karl wieder einen lustigen Sketch dargeboten, als er auf einem Comedyfestival gewesen ist.;Karl hat einmal einen lustigen Sketch dargeboten.;FacebookAI/roberta-large-mnli;neutral;0;0.32872992753982544;0.3832609951496124;0.2880091369152069
25_ai_bii1_twice_neu;Vor vier Wochen hat Tina vor Karl einen lustigen Sketch aufgeführt.;Vor zwei Wochen hat Karl wieder einen lustigen Sketch dargeboten, als er auf einem Comedyfestival gewesen ist.;Karl hat mindestens zweimal einen lustigen Sketch dargeboten.;unknown;25;ai;bii;1;neutral;twice;False;;;Vor vier Wochen hat Tina vor Karl einen lustigen Sketch aufgeführt. Vor zwei Wochen hat Karl wieder einen lustigen Sketch dargeboten, als er auf einem Comedyfestival gewesen ist.;Karl hat mindestens zweimal einen lustigen Sketch dargeboten.;FacebookAI/roberta-large-mnli;entailment;0;0.16183297336101532;0.1976473331451416;0.6405196785926819
25_ai_bii1_cannot_say_neu;Vor vier Wochen hat Tina vor Karl einen lustigen Sketch aufgeführt.;Vor zwei Wochen hat Karl wieder einen lustigen Sketch dargeboten, als er auf einem Comedyfestival gewesen ist.;Es lässt sich nicht sagen, wie oft Karl einen lustigen Sketch dargeboten hat.;unknown;25;ai;bii;1;neutral;cannot say;False;;;Vor vier Wochen hat Tina vor Karl einen lustigen Sketch aufgeführt. Vor zwei Wochen hat Karl wieder einen lustigen Sketch dargeboten, als er auf einem Comedyfestival gewesen ist.;Es lässt sich nicht sagen, wie oft Karl einen lustigen Sketch dargeboten hat.;FacebookAI/roberta-large-mnli;neutral;1;0.09581044316291809;0.8555744290351868;0.04861510172486305
25_ai_bii2_once_pos;Vor vier Wochen hat Tina vor Karl einen lustigen Sketch aufgeführt.;Vor zwei Wochen hat Tina wieder einen lustigen Sketch dargeboten, als sie auf einem Comedyfestival gewesen ist.;Tina hat einmal einen lustigen Sketch dargeboten.;unknown;25;ai;bii;2;positive;once;False;;;Vor vier Wochen hat Tina vor Karl einen lustigen Sketch aufgeführt. Vor zwei Wochen hat Tina wieder einen lustigen Sketch dargeboten, als sie auf einem Comedyfestival gewesen ist.;Tina hat einmal einen lustigen Sketch dargeboten.;FacebookAI/roberta-large-mnli;contradiction;0;0.5283626914024353;0.21573880314826965;0.25589847564697266
25_ai_bii2_twice_pos;Vor vier Wochen hat Tina vor Karl einen lustigen Sketch aufgeführt.;Vor zwei Wochen hat Tina wieder einen lustigen Sketch dargeboten, als sie auf einem Comedyfestival gewesen ist.;Tina hat mindestens zweimal einen lustigen Sketch dargeboten.;entailment;25;ai;bii;2;positive;twice;False;;;Vor vier Wochen hat Tina vor Karl einen lustigen Sketch aufgeführt. Vor zwei Wochen hat Tina wieder einen lustigen Sketch dargeboten, als sie auf einem Comedyfestival gewesen ist.;Tina hat mindestens zweimal einen lustigen Sketch dargeboten.;FacebookAI/roberta-large-mnli;entailment;1;0.1615871787071228;0.2006501406431198;0.6377626657485962
25_ai_bii2_cannot_say_pos;Vor vier Wochen hat Tina vor Karl einen lustigen Sketch aufgeführt.;Vor zwei Wochen hat Tina wieder einen lustigen Sketch dargeboten, als sie auf einem Comedyfestival gewesen ist.;Es lässt sich nicht sagen, wie oft Tina einen lustigen Sketch dargeboten hat.;unknown;25;ai;bii;2;positive;cannot say;False;;;Vor vier Wochen hat Tina vor Karl einen lustigen Sketch aufgeführt. Vor zwei Wochen hat Tina wieder einen lustigen Sketch dargeboten, als sie auf einem Comedyfestival gewesen ist.;Es lässt sich nicht sagen, wie oft Tina einen lustigen Sketch dargeboten hat.;FacebookAI/roberta-large-mnli;neutral;1;0.07927447557449341;0.8684676289558411;0.052257925271987915
25_aii_bi1_once_neu;Vor vier Wochen hat Karl vor Tina einen lustigen Sketch aufgeführt.;Vor zwei Wochen hat Karl wieder einen lustigen Sketch gesehen, als er auf einem Comedyfestival gewesen ist.;Karl hat einmal einen lustigen Sketch gesehen.;entailment;25;aii;bi;1;neutral;once;False;;;Vor vier Wochen hat Karl vor Tina einen lustigen Sketch aufgeführt. Vor zwei Wochen hat Karl wieder einen lustigen Sketch gesehen, als er auf einem Comedyfestival gewesen ist.;Karl hat einmal einen lustigen Sketch gesehen.;FacebookAI/roberta-large-mnli;contradiction;0;0.4763427972793579;0.2062041163444519;0.3174530863761902
25_aii_bi1_twice_neu;Vor vier Wochen hat Karl vor Tina einen lustigen Sketch aufgeführt.;Vor zwei Wochen hat Karl wieder einen lustigen Sketch gesehen, als er auf einem Comedyfestival gewesen ist.;Karl hat mindestens zweimal einen lustigen Sketch gesehen.;unknown;25;aii;bi;1;neutral;twice;False;;;Vor vier Wochen hat Karl vor Tina einen lustigen Sketch aufgeführt. Vor zwei Wochen hat Karl wieder einen lustigen Sketch gesehen, als er auf einem Comedyfestival gewesen ist.;Karl hat mindestens zweimal einen lustigen Sketch gesehen.;FacebookAI/roberta-large-mnli;entailment;0;0.1660446673631668;0.20730669796466827;0.6266486048698425
25_aii_bi1_cannot_say_neu;Vor vier Wochen hat Karl vor Tina einen lustigen Sketch aufgeführt.;Vor zwei Wochen hat Karl wieder einen lustigen Sketch gesehen, als er auf einem Comedyfestival gewesen ist.;Es lässt sich nicht sagen, wie oft Karl einen lustigen Sketch gesehen hat.;unknown;25;aii;bi;1;neutral;cannot say;False;;;Vor vier Wochen hat Karl vor Tina einen lustigen Sketch aufgeführt. Vor zwei Wochen hat Karl wieder einen lustigen Sketch gesehen, als er auf einem Comedyfestival gewesen ist.;Es lässt sich nicht sagen, wie oft Karl einen lustigen Sketch gesehen hat.;FacebookAI/roberta-large-mnli;neutral;1;0.10404843837022781;0.8435860872268677;0.05236555263400078
25_aii_bi2_once_pos;Vor vier Wochen hat Karl vor Tina einen lustigen Sketch aufgeführt.;Vor zwei Wochen hat Tina wieder einen lustigen Sketch gesehen, als sie auf einem Comedyfestival gewesen ist.;Tina hat einmal einen lustigen Sketch gesehen.;unknown;25;aii;bi;2;positive;once;False;;;Vor vier Wochen hat Karl vor Tina einen lustigen Sketch aufgeführt. Vor zwei Wochen hat Tina wieder einen lustigen Sketch gesehen, als sie auf einem Comedyfestival gewesen ist.;Tina hat einmal einen lustigen Sketch gesehen.;FacebookAI/roberta-large-mnli;contradiction;0;0.45172590017318726;0.2907687723636627;0.25750529766082764
25_aii_bi2_twice_pos;Vor vier Wochen hat Karl vor Tina einen lustigen Sketch aufgeführt.;Vor zwei Wochen hat Tina wieder einen lustigen Sketch gesehen, als sie auf einem Comedyfestival gewesen ist.;Tina hat mindestens zweimal einen lustigen Sketch gesehen.;entailment;25;aii;bi;2;positive;twice;False;;;Vor vier Wochen hat Karl vor Tina einen lustigen Sketch aufgeführt. Vor zwei Wochen hat Tina wieder einen lustigen Sketch gesehen, als sie auf einem Comedyfestival gewesen ist.;Tina hat mindestens zweimal einen lustigen Sketch gesehen.;FacebookAI/roberta-large-mnli;entailment;1;0.23594705760478973;0.17863985896110535;0.5854130983352661
25_aii_bi2_cannot_say_pos;Vor vier Wochen hat Karl vor Tina einen lustigen Sketch aufgeführt.;Vor zwei Wochen hat Tina wieder einen lustigen Sketch gesehen, als sie auf einem Comedyfestival gewesen ist.;Es lässt sich nicht sagen, wie oft Tina einen lustigen Sketch gesehen hat.;unknown;25;aii;bi;2;positive;cannot say;False;;;Vor vier Wochen hat Karl vor Tina einen lustigen Sketch aufgeführt. Vor zwei Wochen hat Tina wieder einen lustigen Sketch gesehen, als sie auf einem Comedyfestival gewesen ist.;Es lässt sich nicht sagen, wie oft Tina einen lustigen Sketch gesehen hat.;FacebookAI/roberta-large-mnli;neutral;1;0.08775554597377777;0.8562093377113342;0.05603514984250069
25_aii_bii1_once_pos;Vor vier Wochen hat Karl vor Tina einen lustigen Sketch aufgeführt.;Vor zwei Wochen hat Karl wieder einen lustigen Sketch dargeboten, als er auf einem Comedyfestival gewesen ist.;Karl hat einmal einen lustigen Sketch dargeboten.;unknown;25;aii;bii;1;positive;once;False;;;Vor vier Wochen hat Karl vor Tina einen lustigen Sketch aufgeführt. Vor zwei Wochen hat Karl wieder einen lustigen Sketch dargeboten, als er auf einem Comedyfestival gewesen ist.;Karl hat einmal einen lustigen Sketch dargeboten.;FacebookAI/roberta-large-mnli;contradiction;0;0.4528703987598419;0.24696537852287292;0.30016425251960754
25_aii_bii1_twice_pos;Vor vier Wochen hat Karl vor Tina einen lustigen Sketch aufgeführt.;Vor zwei Wochen hat Karl wieder einen lustigen Sketch dargeboten, als er auf einem Comedyfestival gewesen ist.;Karl hat mindestens zweimal einen lustigen Sketch dargeboten.;entailment;25;aii;bii;1;positive;twice;False;;;Vor vier Wochen hat Karl vor Tina einen lustigen Sketch aufgeführt. Vor zwei Wochen hat Karl wieder einen lustigen Sketch dargeboten, als er auf einem Comedyfestival gewesen ist.;Karl hat mindestens zweimal einen lustigen Sketch dargeboten.;FacebookAI/roberta-large-mnli;entailment;1;0.15182411670684814;0.20994751155376434;0.6382283568382263
25_aii_bii1_cannot_say_pos;Vor vier Wochen hat Karl vor Tina einen lustigen Sketch aufgeführt.;Vor zwei Wochen hat Karl wieder einen lustigen Sketch dargeboten, als er auf einem Comedyfestival gewesen ist.;Es lässt sich nicht sagen, wie oft Karl einen lustigen Sketch dargeboten hat.;unknown;25;aii;bii;1;positive;cannot say;False;;;Vor vier Wochen hat Karl vor Tina einen lustigen Sketch aufgeführt. Vor zwei Wochen hat Karl wieder einen lustigen Sketch dargeboten, als er auf einem Comedyfestival gewesen ist.;Es lässt sich nicht sagen, wie oft Karl einen lustigen Sketch dargeboten hat.;FacebookAI/roberta-large-mnli;neutral;1;0.09576550126075745;0.8520867228507996;0.052147816866636276
25_aii_bii2_once_neu;Vor vier Wochen hat Karl vor Tina einen lustigen Sketch aufgeführt.;Vor zwei Wochen hat Tina wieder einen lustigen Sketch dargeboten, als sie auf einem Comedyfestival gewesen ist.;Tina hat einmal einen lustigen Sketch dargeboten.;entailment;25;aii;bii;2;neutral;once;False;;;Vor vier Wochen hat Karl vor Tina einen lustigen Sketch aufgeführt. Vor zwei Wochen hat Tina wieder einen lustigen Sketch dargeboten, als sie auf einem Comedyfestival gewesen ist.;Tina hat einmal einen lustigen Sketch dargeboten.;FacebookAI/roberta-large-mnli;contradiction;0;0.4714522957801819;0.301458477973938;0.22708918154239655
25_aii_bii2_twice_neu;Vor vier Wochen hat Karl vor Tina einen lustigen Sketch aufgeführt.;Vor zwei Wochen hat Tina wieder einen lustigen Sketch dargeboten, als sie auf einem Comedyfestival gewesen ist.;Tina hat mindestens zweimal einen lustigen Sketch dargeboten.;unknown;25;aii;bii;2;neutral;twice;False;;;Vor vier Wochen hat Karl vor Tina einen lustigen Sketch aufgeführt. Vor zwei Wochen hat Tina wieder einen lustigen Sketch dargeboten, als sie auf einem Comedyfestival gewesen ist.;Tina hat mindestens zweimal einen lustigen Sketch dargeboten.;FacebookAI/roberta-large-mnli;entailment;0;0.23326627910137177;0.17758958041667938;0.5891441106796265
25_aii_bii2_cannot_say_neu;Vor vier Wochen hat Karl vor Tina einen lustigen Sketch aufgeführt.;Vor zwei Wochen hat Tina wieder einen lustigen Sketch dargeboten, als sie auf einem Comedyfestival gewesen ist.;Es lässt sich nicht sagen, wie oft Tina einen lustigen Sketch dargeboten hat.;unknown;25;aii;bii;2;neutral;cannot say;False;;;Vor vier Wochen hat Karl vor Tina einen lustigen Sketch aufgeführt. Vor zwei Wochen hat Tina wieder einen lustigen Sketch dargeboten, als sie auf einem Comedyfestival gewesen ist.;Es lässt sich nicht sagen, wie oft Tina einen lustigen Sketch dargeboten hat.;FacebookAI/roberta-large-mnli;neutral;1;0.08314129710197449;0.8638924956321716;0.05296622961759567
26_ai_bi1_once_pos;Vorletzten Monat hat Sabine Tina eine neue Gitarrensaite besorgt.;Vor drei Tagen hat Tina wieder eine neue Gitarrensaite erhalten, als sie mit einem Freund einkaufen war.;Tina hat einmal eine neue Gitarrensaite erhalten.;unknown;26;ai;bi;1;positive;once;False;;;Vorletzten Monat hat Sabine Tina eine neue Gitarrensaite besorgt. Vor drei Tagen hat Tina wieder eine neue Gitarrensaite erhalten, als sie mit einem Freund einkaufen war.;Tina hat einmal eine neue Gitarrensaite erhalten.;FacebookAI/roberta-large-mnli;entailment;0;0.08345596492290497;0.21291331946849823;0.7036307454109192
26_ai_bi1_twice_pos;Vorletzten Monat hat Sabine Tina eine neue Gitarrensaite besorgt.;Vor drei Tagen hat Tina wieder eine neue Gitarrensaite erhalten, als sie mit einem Freund einkaufen war.;Tina hat mindestens zweimal eine neue Gitarrensaite erhalten.;entailment;26;ai;bi;1;positive;twice;False;;;Vorletzten Monat hat Sabine Tina eine neue Gitarrensaite besorgt. Vor drei Tagen hat Tina wieder eine neue Gitarrensaite erhalten, als sie mit einem Freund einkaufen war.;Tina hat mindestens zweimal eine neue Gitarrensaite erhalten.;FacebookAI/roberta-large-mnli;entailment;1;0.07188994437456131;0.43325990438461304;0.49485015869140625
26_ai_bi1_cannot_say_pos;Vorletzten Monat hat Sabine Tina eine neue Gitarrensaite besorgt.;Vor drei Tagen hat Tina wieder eine neue Gitarrensaite erhalten, als sie mit einem Freund einkaufen war.;Es lässt sich nicht sagen, wie oft Tina eine neue Gitarrensaite erhalten hat.;unknown;26;ai;bi;1;positive;cannot say;False;;;Vorletzten Monat hat Sabine Tina eine neue Gitarrensaite besorgt. Vor drei Tagen hat Tina wieder eine neue Gitarrensaite erhalten, als sie mit einem Freund einkaufen war.;Es lässt sich nicht sagen, wie oft Tina eine neue Gitarrensaite erhalten hat.;FacebookAI/roberta-large-mnli;neutral;1;0.10076170414686203;0.8474811315536499;0.051757123321294785
26_ai_bi2_once_neu;Vorletzten Monat hat Sabine Tina eine neue Gitarrensaite besorgt.;Vor drei Tagen hat Sabine wieder eine neue Gitarrensaite erhalten, als sie mit einem Freund einkaufen war.;Sabine hat einmal eine neue Gitarrensaite erhalten.;entailment;26;ai;bi;2;neutral;once;False;;;Vorletzten Monat hat Sabine Tina eine neue Gitarrensaite besorgt. Vor drei Tagen hat Sabine wieder eine neue Gitarrensaite erhalten, als sie mit einem Freund einkaufen war.;Sabine hat einmal eine neue Gitarrensaite erhalten.;FacebookAI/roberta-large-mnli;entailment;1;0.14381097257137299;0.20949819684028625;0.6466907858848572
26_ai_bi2_twice_neu;Vorletzten Monat hat Sabine Tina eine neue Gitarrensaite besorgt.;Vor drei Tagen hat Sabine wieder eine neue Gitarrensaite erhalten, als sie mit einem Freund einkaufen war.;Sabine hat mindestens zweimal eine neue Gitarrensaite erhalten.;unknown;26;ai;bi;2;neutral;twice;False;;;Vorletzten Monat hat Sabine Tina eine neue Gitarrensaite besorgt. Vor drei Tagen hat Sabine wieder eine neue Gitarrensaite erhalten, als sie mit einem Freund einkaufen war.;Sabine hat mindestens zweimal eine neue Gitarrensaite erhalten.;FacebookAI/roberta-large-mnli;entailment;0;0.08002553880214691;0.4522499144077301;0.4677245616912842
26_ai_bi2_cannot_say_neu;Vorletzten Monat hat Sabine Tina eine neue Gitarrensaite besorgt.;Vor drei Tagen hat Sabine wieder eine neue Gitarrensaite erhalten, als sie mit einem Freund einkaufen war.;Es lässt sich nicht sagen, wie oft Sabine eine neue Gitarrensaite erhalten hat.;unknown;26;ai;bi;2;neutral;cannot say;False;;;Vorletzten Monat hat Sabine Tina eine neue Gitarrensaite besorgt. Vor drei Tagen hat Sabine wieder eine neue Gitarrensaite erhalten, als sie mit einem Freund einkaufen war.;Es lässt sich nicht sagen, wie oft Sabine eine neue Gitarrensaite erhalten hat.;FacebookAI/roberta-large-mnli;neutral;1;0.10905224829912186;0.8330317139625549;0.05791604891419411
26_ai_bii1_once_neu;Vorletzten Monat hat Sabine Tina eine neue Gitarrensaite besorgt.;Vor drei Tagen hat Tina wieder eine neue Gitarrensaite gekauft, als sie mit einem Freund einkaufen war.;Tina hat einmal eine neue Gitarrensaite gekauft.;entailment;26;ai;bii;1;neutral;once;False;;;Vorletzten Monat hat Sabine Tina eine neue Gitarrensaite besorgt. Vor drei Tagen hat Tina wieder eine neue Gitarrensaite gekauft, als sie mit einem Freund einkaufen war.;Tina hat einmal eine neue Gitarrensaite gekauft.;FacebookAI/roberta-large-mnli;entailment;1;0.0671006590127945;0.17052876949310303;0.7623706459999084
26_ai_bii1_twice_neu;Vorletzten Monat hat Sabine Tina eine neue Gitarrensaite besorgt.;Vor drei Tagen hat Tina wieder eine neue Gitarrensaite gekauft, als sie mit einem Freund einkaufen war.;Tina hat mindestens zweimal eine neue Gitarrensaite gekauft.;unknown;26;ai;bii;1;neutral;twice;False;;;Vorletzten Monat hat Sabine Tina eine neue Gitarrensaite besorgt. Vor drei Tagen hat Tina wieder eine neue Gitarrensaite gekauft, als sie mit einem Freund einkaufen war.;Tina hat mindestens zweimal eine neue Gitarrensaite gekauft.;FacebookAI/roberta-large-mnli;entailment;0;0.07401857525110245;0.4378505349159241;0.48813092708587646
26_ai_bii1_cannot_say_neu;Vorletzten Monat hat Sabine Tina eine neue Gitarrensaite besorgt.;Vor drei Tagen hat Tina wieder eine neue Gitarrensaite gekauft, als sie mit einem Freund einkaufen war.;Es lässt sich nicht sagen, wie oft Tina eine neue Gitarrensaite gekauft hat.;unknown;26;ai;bii;1;neutral;cannot say;False;;;Vorletzten Monat hat Sabine Tina eine neue Gitarrensaite besorgt. Vor drei Tagen hat Tina wieder eine neue Gitarrensaite gekauft, als sie mit einem Freund einkaufen war.;Es lässt sich nicht sagen, wie oft Tina eine neue Gitarrensaite gekauft hat.;FacebookAI/roberta-large-mnli;neutral;1;0.09918005019426346;0.8434481620788574;0.05737181007862091
26_ai_bii2_once_pos;Vorletzten Monat hat Sabine Tina eine neue Gitarrensaite besorgt.;Vor drei Tagen hat Sabine wieder eine neue Gitarrensaite gekauft, als sie mit einem Freund einkaufen war.;Sabine hat einmal eine neue Gitarrensaite gekauft.;unknown;26;ai;bii;2;positive;once;False;;;Vorletzten Monat hat Sabine Tina eine neue Gitarrensaite besorgt. Vor drei Tagen hat Sabine wieder eine neue Gitarrensaite gekauft, als sie mit einem Freund einkaufen war.;Sabine hat einmal eine neue Gitarrensaite gekauft.;FacebookAI/roberta-large-mnli;entailment;0;0.10237018018960953;0.182390958070755;0.7152389287948608
26_ai_bii2_twice_pos;Vorletzten Monat hat Sabine Tina eine neue Gitarrensaite besorgt.;Vor drei Tagen hat Sabine wieder eine neue Gitarrensaite gekauft, als sie mit einem Freund einkaufen war.;Sabine hat mindestens zweimal eine neue Gitarrensaite gekauft.;entailment;26;ai;bii;2;positive;twice;False;;;Vorletzten Monat hat Sabine Tina eine neue Gitarrensaite besorgt. Vor drei Tagen hat Sabine wieder eine neue Gitarrensaite gekauft, als sie mit einem Freund einkaufen war.;Sabine hat mindestens zweimal eine neue Gitarrensaite gekauft.;FacebookAI/roberta-large-mnli;entailment;1;0.08506754040718079;0.44976693391799927;0.46516552567481995
26_ai_bii2_cannot_say_pos;Vorletzten Monat hat Sabine Tina eine neue Gitarrensaite besorgt.;Vor drei Tagen hat Sabine wieder eine neue Gitarrensaite gekauft, als sie mit einem Freund einkaufen war.;Es lässt sich nicht sagen, wie oft Sabine eine neue Gitarrensaite gekauft hat.;unknown;26;ai;bii;2;positive;cannot say;False;;;Vorletzten Monat hat Sabine Tina eine neue Gitarrensaite besorgt. Vor drei Tagen hat Sabine wieder eine neue Gitarrensaite gekauft, als sie mit einem Freund einkaufen war.;Es lässt sich nicht sagen, wie oft Sabine eine neue Gitarrensaite gekauft hat.;FacebookAI/roberta-large-mnli;neutral;1;0.11008107662200928;0.8215423822402954;0.06837664544582367
26_aii_bi1_once_neu;Vorletzten Monat hat Tina Sabine eine neue Gitarrensaite besorgt.;Vor drei Tagen hat Tina wieder eine neue Gitarrensaite erhalten, als sie mit einem Freund einkaufen war.;Tina hat einmal eine neue Gitarrensaite erhalten.;entailment;26;aii;bi;1;neutral;once;False;;;Vorletzten Monat hat Tina Sabine eine neue Gitarrensaite besorgt. Vor drei Tagen hat Tina wieder eine neue Gitarrensaite erhalten, als sie mit einem Freund einkaufen war.;Tina hat einmal eine neue Gitarrensaite erhalten.;FacebookAI/roberta-large-mnli;entailment;1;0.09489677101373672;0.1988522708415985;0.7062509655952454
26_aii_bi1_twice_neu;Vorletzten Monat hat Tina Sabine eine neue Gitarrensaite besorgt.;Vor drei Tagen hat Tina wieder eine neue Gitarrensaite erhalten, als sie mit einem Freund einkaufen war.;Tina hat mindestens zweimal eine neue Gitarrensaite erhalten.;unknown;26;aii;bi;1;neutral;twice;False;;;Vorletzten Monat hat Tina Sabine eine neue Gitarrensaite besorgt. Vor drei Tagen hat Tina wieder eine neue Gitarrensaite erhalten, als sie mit einem Freund einkaufen war.;Tina hat mindestens zweimal eine neue Gitarrensaite erhalten.;FacebookAI/roberta-large-mnli;entailment;0;0.08048785477876663;0.43296608328819275;0.4865460693836212
26_aii_bi1_cannot_say_neu;Vorletzten Monat hat Tina Sabine eine neue Gitarrensaite besorgt.;Vor drei Tagen hat Tina wieder eine neue Gitarrensaite erhalten, als sie mit einem Freund einkaufen war.;Es lässt sich nicht sagen, wie oft Tina eine neue Gitarrensaite erhalten hat.;unknown;26;aii;bi;1;neutral;cannot say;False;;;Vorletzten Monat hat Tina Sabine eine neue Gitarrensaite besorgt. Vor drei Tagen hat Tina wieder eine neue Gitarrensaite erhalten, als sie mit einem Freund einkaufen war.;Es lässt sich nicht sagen, wie oft Tina eine neue Gitarrensaite erhalten hat.;FacebookAI/roberta-large-mnli;neutral;1;0.10323867946863174;0.8415621519088745;0.05519914627075195
26_aii_bi2_once_pos;Vorletzten Monat hat Tina Sabine eine neue Gitarrensaite besorgt.;Vor drei Tagen hat Sabine wieder eine neue Gitarrensaite erhalten, als sie mit einem Freund einkaufen war.;Sabine hat einmal eine neue Gitarrensaite erhalten.;unknown;26;aii;bi;2;positive;once;False;;;Vorletzten Monat hat Tina Sabine eine neue Gitarrensaite besorgt. Vor drei Tagen hat Sabine wieder eine neue Gitarrensaite erhalten, als sie mit einem Freund einkaufen war.;Sabine hat einmal eine neue Gitarrensaite erhalten.;FacebookAI/roberta-large-mnli;entailment;0;0.11306284368038177;0.19035501778125763;0.6965820789337158
26_aii_bi2_twice_pos;Vorletzten Monat hat Tina Sabine eine neue Gitarrensaite besorgt.;Vor drei Tagen hat Sabine wieder eine neue Gitarrensaite erhalten, als sie mit einem Freund einkaufen war.;Sabine hat mindestens zweimal eine neue Gitarrensaite erhalten.;entailment;26;aii;bi;2;positive;twice;False;;;Vorletzten Monat hat Tina Sabine eine neue Gitarrensaite besorgt. Vor drei Tagen hat Sabine wieder eine neue Gitarrensaite erhalten, als sie mit einem Freund einkaufen war.;Sabine hat mindestens zweimal eine neue Gitarrensaite erhalten.;FacebookAI/roberta-large-mnli;entailment;1;0.07551974058151245;0.4371539354324341;0.4873262643814087
26_aii_bi2_cannot_say_pos;Vorletzten Monat hat Tina Sabine eine neue Gitarrensaite besorgt.;Vor drei Tagen hat Sabine wieder eine neue Gitarrensaite erhalten, als sie mit einem Freund einkaufen war.;Es lässt sich nicht sagen, wie oft Sabine eine neue Gitarrensaite erhalten hat.;unknown;26;aii;bi;2;positive;cannot say;False;;;Vorletzten Monat hat Tina Sabine eine neue Gitarrensaite besorgt. Vor drei Tagen hat Sabine wieder eine neue Gitarrensaite erhalten, als sie mit einem Freund einkaufen war.;Es lässt sich nicht sagen, wie oft Sabine eine neue Gitarrensaite erhalten hat.;FacebookAI/roberta-large-mnli;neutral;1;0.10811632871627808;0.8391059637069702;0.05277767777442932
26_aii_bii1_once_pos;Vorletzten Monat hat Tina Sabine eine neue Gitarrensaite besorgt.;Vor drei Tagen hat Tina wieder eine neue Gitarrensaite gekauft, als sie mit einem Freund einkaufen war.;Tina hat einmal eine neue Gitarrensaite gekauft.;unknown;26;aii;bii;1;positive;once;False;;;Vorletzten Monat hat Tina Sabine eine neue Gitarrensaite besorgt. Vor drei Tagen hat Tina wieder eine neue Gitarrensaite gekauft, als sie mit einem Freund einkaufen war.;Tina hat einmal eine neue Gitarrensaite gekauft.;FacebookAI/roberta-large-mnli;entailment;0;0.07714942842721939;0.1607196182012558;0.7621309757232666
26_aii_bii1_twice_pos;Vorletzten Monat hat Tina Sabine eine neue Gitarrensaite besorgt.;Vor drei Tagen hat Tina wieder eine neue Gitarrensaite gekauft, als sie mit einem Freund einkaufen war.;Tina hat mindestens zweimal eine neue Gitarrensaite gekauft.;entailment;26;aii;bii;1;positive;twice;False;;;Vorletzten Monat hat Tina Sabine eine neue Gitarrensaite besorgt. Vor drei Tagen hat Tina wieder eine neue Gitarrensaite gekauft, als sie mit einem Freund einkaufen war.;Tina hat mindestens zweimal eine neue Gitarrensaite gekauft.;FacebookAI/roberta-large-mnli;entailment;1;0.08571784943342209;0.4386936128139496;0.47558844089508057
26_aii_bii1_cannot_say_pos;Vorletzten Monat hat Tina Sabine eine neue Gitarrensaite besorgt.;Vor drei Tagen hat Tina wieder eine neue Gitarrensaite gekauft, als sie mit einem Freund einkaufen war.;Es lässt sich nicht sagen, wie oft Tina eine neue Gitarrensaite gekauft hat.;unknown;26;aii;bii;1;positive;cannot say;False;;;Vorletzten Monat hat Tina Sabine eine neue Gitarrensaite besorgt. Vor drei Tagen hat Tina wieder eine neue Gitarrensaite gekauft, als sie mit einem Freund einkaufen war.;Es lässt sich nicht sagen, wie oft Tina eine neue Gitarrensaite gekauft hat.;FacebookAI/roberta-large-mnli;neutral;1;0.10284867882728577;0.8362525105476379;0.060898710042238235
26_aii_bii2_once_neu;Vorletzten Monat hat Tina Sabine eine neue Gitarrensaite besorgt.;Vor drei Tagen hat Sabine wieder eine neue Gitarrensaite gekauft, als sie mit einem Freund einkaufen war.;Sabine hat einmal eine neue Gitarrensaite gekauft.;entailment;26;aii;bii;2;neutral;once;False;;;Vorletzten Monat hat Tina Sabine eine neue Gitarrensaite besorgt. Vor drei Tagen hat Sabine wieder eine neue Gitarrensaite gekauft, als sie mit einem Freund einkaufen war.;Sabine hat einmal eine neue Gitarrensaite gekauft.;FacebookAI/roberta-large-mnli;entailment;1;0.0817854106426239;0.16864590346813202;0.7495686411857605
26_aii_bii2_twice_neu;Vorletzten Monat hat Tina Sabine eine neue Gitarrensaite besorgt.;Vor drei Tagen hat Sabine wieder eine neue Gitarrensaite gekauft, als sie mit einem Freund einkaufen war.;Sabine hat mindestens zweimal eine neue Gitarrensaite gekauft.;unknown;26;aii;bii;2;neutral;twice;False;;;Vorletzten Monat hat Tina Sabine eine neue Gitarrensaite besorgt. Vor drei Tagen hat Sabine wieder eine neue Gitarrensaite gekauft, als sie mit einem Freund einkaufen war.;Sabine hat mindestens zweimal eine neue Gitarrensaite gekauft.;FacebookAI/roberta-large-mnli;entailment;0;0.07509792596101761;0.43935805559158325;0.48554402589797974
26_aii_bii2_cannot_say_neu;Vorletzten Monat hat Tina Sabine eine neue Gitarrensaite besorgt.;Vor drei Tagen hat Sabine wieder eine neue Gitarrensaite gekauft, als sie mit einem Freund einkaufen war.;Es lässt sich nicht sagen, wie oft Sabine eine neue Gitarrensaite gekauft hat.;unknown;26;aii;bii;2;neutral;cannot say;False;;;Vorletzten Monat hat Tina Sabine eine neue Gitarrensaite besorgt. Vor drei Tagen hat Sabine wieder eine neue Gitarrensaite gekauft, als sie mit einem Freund einkaufen war.;Es lässt sich nicht sagen, wie oft Sabine eine neue Gitarrensaite gekauft hat.;FacebookAI/roberta-large-mnli;neutral;1;0.10770345479249954;0.828281819820404;0.0640147253870964
27_ai_bi1_once_pos;Letzten Monat hat Sabine Thorsten ein schweres Paket gebracht.;Vor einer Woche hat Thorsten wieder ein schweres Paket entgegengenommen, während er an eine Geburtstagsparty gedacht hat.;Thorsten hat einmal ein schweres Paket entgegengenommen.;unknown;27;ai;bi;1;positive;once;False;;;Letzten Monat hat Sabine Thorsten ein schweres Paket gebracht. Vor einer Woche hat Thorsten wieder ein schweres Paket entgegengenommen, während er an eine Geburtstagsparty gedacht hat.;Thorsten hat einmal ein schweres Paket entgegengenommen.;FacebookAI/roberta-large-mnli;entailment;0;0.043393440544605255;0.17091122269630432;0.7856953144073486
27_ai_bi1_twice_pos;Letzten Monat hat Sabine Thorsten ein schweres Paket gebracht.;Vor einer Woche hat Thorsten wieder ein schweres Paket entgegengenommen, während er an eine Geburtstagsparty gedacht hat.;Thorsten hat mindestens zweimal ein schweres Paket entgegengenommen.;entailment;27;ai;bi;1;positive;twice;False;;;Letzten Monat hat Sabine Thorsten ein schweres Paket gebracht. Vor einer Woche hat Thorsten wieder ein schweres Paket entgegengenommen, während er an eine Geburtstagsparty gedacht hat.;Thorsten hat mindestens zweimal ein schweres Paket entgegengenommen.;FacebookAI/roberta-large-mnli;neutral;0;0.05252739042043686;0.5659298300743103;0.38154280185699463
27_ai_bi1_cannot_say_pos;Letzten Monat hat Sabine Thorsten ein schweres Paket gebracht.;Vor einer Woche hat Thorsten wieder ein schweres Paket entgegengenommen, während er an eine Geburtstagsparty gedacht hat.;Es lässt sich nicht sagen, wie oft Thorsten ein schweres Paket entgegengenommen hat.;unknown;27;ai;bi;1;positive;cannot say;False;;;Letzten Monat hat Sabine Thorsten ein schweres Paket gebracht. Vor einer Woche hat Thorsten wieder ein schweres Paket entgegengenommen, während er an eine Geburtstagsparty gedacht hat.;Es lässt sich nicht sagen, wie oft Thorsten ein schweres Paket entgegengenommen hat.;FacebookAI/roberta-large-mnli;neutral;1;0.07499579340219498;0.8743468523025513;0.05065741389989853
27_ai_bi2_once_neu;Letzten Monat hat Sabine Thorsten ein schweres Paket gebracht.;Vor einer Woche hat Sabine wieder ein schweres Paket entgegengenommen, während sie an eine Geburtstagsparty gedacht hat.;Sabine hat einmal ein schweres Paket entgegengenommen.;entailment;27;ai;bi;2;neutral;once;False;;;Letzten Monat hat Sabine Thorsten ein schweres Paket gebracht. Vor einer Woche hat Sabine wieder ein schweres Paket entgegengenommen, während sie an eine Geburtstagsparty gedacht hat.;Sabine hat einmal ein schweres Paket entgegengenommen.;FacebookAI/roberta-large-mnli;entailment;1;0.05979131534695625;0.1707163006067276;0.7694923877716064
27_ai_bi2_twice_neu;Letzten Monat hat Sabine Thorsten ein schweres Paket gebracht.;Vor einer Woche hat Sabine wieder ein schweres Paket entgegengenommen, während sie an eine Geburtstagsparty gedacht hat.;Sabine hat mindestens zweimal ein schweres Paket entgegengenommen.;unknown;27;ai;bi;2;neutral;twice;False;;;Letzten Monat hat Sabine Thorsten ein schweres Paket gebracht. Vor einer Woche hat Sabine wieder ein schweres Paket entgegengenommen, während sie an eine Geburtstagsparty gedacht hat.;Sabine hat mindestens zweimal ein schweres Paket entgegengenommen.;FacebookAI/roberta-large-mnli;neutral;1;0.06337971240282059;0.5756099820137024;0.3610103726387024
27_ai_bi2_cannot_say_neu;Letzten Monat hat Sabine Thorsten ein schweres Paket gebracht.;Vor einer Woche hat Sabine wieder ein schweres Paket entgegengenommen, während sie an eine Geburtstagsparty gedacht hat.;Es lässt sich nicht sagen, wie oft Sabine ein schweres Paket entgegengenommen hat.;unknown;27;ai;bi;2;neutral;cannot say;False;;;Letzten Monat hat Sabine Thorsten ein schweres Paket gebracht. Vor einer Woche hat Sabine wieder ein schweres Paket entgegengenommen, während sie an eine Geburtstagsparty gedacht hat.;Es lässt sich nicht sagen, wie oft Sabine ein schweres Paket entgegengenommen hat.;FacebookAI/roberta-large-mnli;neutral;1;0.07174009829759598;0.858593225479126;0.06966659426689148
27_ai_bii1_once_neu;Letzten Monat hat Sabine Thorsten ein schweres Paket gebracht.;Vor einer Woche hat Thorsten wieder ein schweres Paket abgegeben, während er an eine Geburtstagsparty gedacht hat.;Thorsten hat einmal ein schweres Paket abgegeben.;entailment;27;ai;bii;1;neutral;once;False;;;Letzten Monat hat Sabine Thorsten ein schweres Paket gebracht. Vor einer Woche hat Thorsten wieder ein schweres Paket abgegeben, während er an eine Geburtstagsparty gedacht hat.;Thorsten hat einmal ein schweres Paket abgegeben.;FacebookAI/roberta-large-mnli;entailment;1;0.0335342176258564;0.14058715105056763;0.8258786201477051
27_ai_bii1_twice_neu;Letzten Monat hat Sabine Thorsten ein schweres Paket gebracht.;Vor einer Woche hat Thorsten wieder ein schweres Paket abgegeben, während er an eine Geburtstagsparty gedacht hat.;Thorsten hat mindestens zweimal ein schweres Paket abgegeben.;unknown;27;ai;bii;1;neutral;twice;False;;;Letzten Monat hat Sabine Thorsten ein schweres Paket gebracht. Vor einer Woche hat Thorsten wieder ein schweres Paket abgegeben, während er an eine Geburtstagsparty gedacht hat.;Thorsten hat mindestens zweimal ein schweres Paket abgegeben.;FacebookAI/roberta-large-mnli;neutral;1;0.06495559960603714;0.5431357622146606;0.3919087052345276
27_ai_bii1_cannot_say_neu;Letzten Monat hat Sabine Thorsten ein schweres Paket gebracht.;Vor einer Woche hat Thorsten wieder ein schweres Paket abgegeben, während er an eine Geburtstagsparty gedacht hat.;Es lässt sich nicht sagen, wie oft Thorsten ein schweres Paket abgegeben hat.;unknown;27;ai;bii;1;neutral;cannot say;False;;;Letzten Monat hat Sabine Thorsten ein schweres Paket gebracht. Vor einer Woche hat Thorsten wieder ein schweres Paket abgegeben, während er an eine Geburtstagsparty gedacht hat.;Es lässt sich nicht sagen, wie oft Thorsten ein schweres Paket abgegeben hat.;FacebookAI/roberta-large-mnli;neutral;1;0.07653965055942535;0.8707684278488159;0.05269186571240425
27_ai_bii2_once_pos;Letzten Monat hat Sabine Thorsten ein schweres Paket gebracht.;Vor einer Woche hat Sabine wieder ein schweres Paket abgegeben, während sie an eine Geburtstagsparty gedacht hat.;Sabine hat einmal ein schweres Paket abgegeben.;unknown;27;ai;bii;2;positive;once;False;;;Letzten Monat hat Sabine Thorsten ein schweres Paket gebracht. Vor einer Woche hat Sabine wieder ein schweres Paket abgegeben, während sie an eine Geburtstagsparty gedacht hat.;Sabine hat einmal ein schweres Paket abgegeben.;FacebookAI/roberta-large-mnli;entailment;0;0.041563499718904495;0.12773743271827698;0.8306990265846252
27_ai_bii2_twice_pos;Letzten Monat hat Sabine Thorsten ein schweres Paket gebracht.;Vor einer Woche hat Sabine wieder ein schweres Paket abgegeben, während sie an eine Geburtstagsparty gedacht hat.;Sabine hat mindestens zweimal ein schweres Paket abgegeben.;entailment;27;ai;bii;2;positive;twice;False;;;Letzten Monat hat Sabine Thorsten ein schweres Paket gebracht. Vor einer Woche hat Sabine wieder ein schweres Paket abgegeben, während sie an eine Geburtstagsparty gedacht hat.;Sabine hat mindestens zweimal ein schweres Paket abgegeben.;FacebookAI/roberta-large-mnli;neutral;0;0.06481306999921799;0.5685812830924988;0.36660563945770264
27_ai_bii2_cannot_say_pos;Letzten Monat hat Sabine Thorsten ein schweres Paket gebracht.;Vor einer Woche hat Sabine wieder ein schweres Paket abgegeben, während sie an eine Geburtstagsparty gedacht hat.;Es lässt sich nicht sagen, wie oft Sabine ein schweres Paket abgegeben hat.;unknown;27;ai;bii;2;positive;cannot say;False;;;Letzten Monat hat Sabine Thorsten ein schweres Paket gebracht. Vor einer Woche hat Sabine wieder ein schweres Paket abgegeben, während sie an eine Geburtstagsparty gedacht hat.;Es lässt sich nicht sagen, wie oft Sabine ein schweres Paket abgegeben hat.;FacebookAI/roberta-large-mnli;neutral;1;0.07101769000291824;0.8643066883087158;0.06467559933662415
27_aii_bi1_once_neu;Letzten Monat hat Thorsten Sabine ein schweres Paket gebracht.;Vor einer Woche hat Thorsten wieder ein schweres Paket entgegengenommen, während er an eine Geburtstagsparty gedacht hat.;Thorsten hat einmal ein schweres Paket entgegengenommen.;entailment;27;aii;bi;1;neutral;once;False;;;Letzten Monat hat Thorsten Sabine ein schweres Paket gebracht. Vor einer Woche hat Thorsten wieder ein schweres Paket entgegengenommen, während er an eine Geburtstagsparty gedacht hat.;Thorsten hat einmal ein schweres Paket entgegengenommen.;FacebookAI/roberta-large-mnli;entailment;1;0.04158150404691696;0.14757518470287323;0.8108433485031128
27_aii_bi1_twice_neu;Letzten Monat hat Thorsten Sabine ein schweres Paket gebracht.;Vor einer Woche hat Thorsten wieder ein schweres Paket entgegengenommen, während er an eine Geburtstagsparty gedacht hat.;Thorsten hat mindestens zweimal ein schweres Paket entgegengenommen.;unknown;27;aii;bi;1;neutral;twice;False;;;Letzten Monat hat Thorsten Sabine ein schweres Paket gebracht. Vor einer Woche hat Thorsten wieder ein schweres Paket entgegengenommen, während er an eine Geburtstagsparty gedacht hat.;Thorsten hat mindestens zweimal ein schweres Paket entgegengenommen.;FacebookAI/roberta-large-mnli;neutral;1;0.05490909889340401;0.5374340415000916;0.40765687823295593
27_aii_bi1_cannot_say_neu;Letzten Monat hat Thorsten Sabine ein schweres Paket gebracht.;Vor einer Woche hat Thorsten wieder ein schweres Paket entgegengenommen, während er an eine Geburtstagsparty gedacht hat.;Es lässt sich nicht sagen, wie oft Thorsten ein schweres Paket entgegengenommen hat.;unknown;27;aii;bi;1;neutral;cannot say;False;;;Letzten Monat hat Thorsten Sabine ein schweres Paket gebracht. Vor einer Woche hat Thorsten wieder ein schweres Paket entgegengenommen, während er an eine Geburtstagsparty gedacht hat.;Es lässt sich nicht sagen, wie oft Thorsten ein schweres Paket entgegengenommen hat.;FacebookAI/roberta-large-mnli;neutral;1;0.07828748971223831;0.861160933971405;0.06055157631635666
27_aii_bi2_once_pos;Letzten Monat hat Thorsten Sabine ein schweres Paket gebracht.;Vor einer Woche hat Sabine wieder ein schweres Paket entgegengenommen, während sie an eine Geburtstagsparty gedacht hat.;Sabine hat einmal ein schweres Paket entgegengenommen.;unknown;27;aii;bi;2;positive;once;False;;;Letzten Monat hat Thorsten Sabine ein schweres Paket gebracht. Vor einer Woche hat Sabine wieder ein schweres Paket entgegengenommen, während sie an eine Geburtstagsparty gedacht hat.;Sabine hat einmal ein schweres Paket entgegengenommen.;FacebookAI/roberta-large-mnli;entailment;0;0.07583346217870712;0.239744633436203;0.6844218969345093
27_aii_bi2_twice_pos;Letzten Monat hat Thorsten Sabine ein schweres Paket gebracht.;Vor einer Woche hat Sabine wieder ein schweres Paket entgegengenommen, während sie an eine Geburtstagsparty gedacht hat.;Sabine hat mindestens zweimal ein schweres Paket entgegengenommen.;entailment;27;aii;bi;2;positive;twice;False;;;Letzten Monat hat Thorsten Sabine ein schweres Paket gebracht. Vor einer Woche hat Sabine wieder ein schweres Paket entgegengenommen, während sie an eine Geburtstagsparty gedacht hat.;Sabine hat mindestens zweimal ein schweres Paket entgegengenommen.;FacebookAI/roberta-large-mnli;neutral;0;0.06517288833856583;0.606020987033844;0.3288061320781708
27_aii_bi2_cannot_say_pos;Letzten Monat hat Thorsten Sabine ein schweres Paket gebracht.;Vor einer Woche hat Sabine wieder ein schweres Paket entgegengenommen, während sie an eine Geburtstagsparty gedacht hat.;Es lässt sich nicht sagen, wie oft Sabine ein schweres Paket entgegengenommen hat.;unknown;27;aii;bi;2;positive;cannot say;False;;;Letzten Monat hat Thorsten Sabine ein schweres Paket gebracht. Vor einer Woche hat Sabine wieder ein schweres Paket entgegengenommen, während sie an eine Geburtstagsparty gedacht hat.;Es lässt sich nicht sagen, wie oft Sabine ein schweres Paket entgegengenommen hat.;FacebookAI/roberta-large-mnli;neutral;1;0.0748908594250679;0.850719690322876;0.07438947260379791
27_aii_bii1_once_pos;Letzten Monat hat Thorsten Sabine ein schweres Paket gebracht.;Vor einer Woche hat Thorsten wieder ein schweres Paket abgegeben, während er an eine Geburtstagsparty gedacht hat.;Thorsten hat einmal ein schweres Paket abgegeben.;unknown;27;aii;bii;1;positive;once;False;;;Letzten Monat hat Thorsten Sabine ein schweres Paket gebracht. Vor einer Woche hat Thorsten wieder ein schweres Paket abgegeben, während er an eine Geburtstagsparty gedacht hat.;Thorsten hat einmal ein schweres Paket abgegeben.;FacebookAI/roberta-large-mnli;entailment;0;0.031295955181121826;0.12273678928613663;0.8459672927856445
27_aii_bii1_twice_pos;Letzten Monat hat Thorsten Sabine ein schweres Paket gebracht.;Vor einer Woche hat Thorsten wieder ein schweres Paket abgegeben, während er an eine Geburtstagsparty gedacht hat.;Thorsten hat mindestens zweimal ein schweres Paket abgegeben.;entailment;27;aii;bii;1;positive;twice;False;;;Letzten Monat hat Thorsten Sabine ein schweres Paket gebracht. Vor einer Woche hat Thorsten wieder ein schweres Paket abgegeben, während er an eine Geburtstagsparty gedacht hat.;Thorsten hat mindestens zweimal ein schweres Paket abgegeben.;FacebookAI/roberta-large-mnli;neutral;0;0.06483837962150574;0.5095683336257935;0.4255933165550232
27_aii_bii1_cannot_say_pos;Letzten Monat hat Thorsten Sabine ein schweres Paket gebracht.;Vor einer Woche hat Thorsten wieder ein schweres Paket abgegeben, während er an eine Geburtstagsparty gedacht hat.;Es lässt sich nicht sagen, wie oft Thorsten ein schweres Paket abgegeben hat.;unknown;27;aii;bii;1;positive;cannot say;False;;;Letzten Monat hat Thorsten Sabine ein schweres Paket gebracht. Vor einer Woche hat Thorsten wieder ein schweres Paket abgegeben, während er an eine Geburtstagsparty gedacht hat.;Es lässt sich nicht sagen, wie oft Thorsten ein schweres Paket abgegeben hat.;FacebookAI/roberta-large-mnli;neutral;1;0.08278838545084;0.853385329246521;0.0638263076543808
27_aii_bii2_once_neu;Letzten Monat hat Thorsten Sabine ein schweres Paket gebracht.;Vor einer Woche hat Sabine wieder ein schweres Paket abgegeben, während sie an eine Geburtstagsparty gedacht hat.;Sabine hat einmal ein schweres Paket abgegeben.;entailment;27;aii;bii;2;neutral;once;False;;;Letzten Monat hat Thorsten Sabine ein schweres Paket gebracht. Vor einer Woche hat Sabine wieder ein schweres Paket abgegeben, während sie an eine Geburtstagsparty gedacht hat.;Sabine hat einmal ein schweres Paket abgegeben.;FacebookAI/roberta-large-mnli;entailment;1;0.05282403528690338;0.1749778389930725;0.7721980810165405
27_aii_bii2_twice_neu;Letzten Monat hat Thorsten Sabine ein schweres Paket gebracht.;Vor einer Woche hat Sabine wieder ein schweres Paket abgegeben, während sie an eine Geburtstagsparty gedacht hat.;Sabine hat mindestens zweimal ein schweres Paket abgegeben.;unknown;27;aii;bii;2;neutral;twice;False;;;Letzten Monat hat Thorsten Sabine ein schweres Paket gebracht. Vor einer Woche hat Sabine wieder ein schweres Paket abgegeben, während sie an eine Geburtstagsparty gedacht hat.;Sabine hat mindestens zweimal ein schweres Paket abgegeben.;FacebookAI/roberta-large-mnli;neutral;1;0.06793269515037537;0.5972017049789429;0.33486565947532654
27_aii_bii2_cannot_say_neu;Letzten Monat hat Thorsten Sabine ein schweres Paket gebracht.;Vor einer Woche hat Sabine wieder ein schweres Paket abgegeben, während sie an eine Geburtstagsparty gedacht hat.;Es lässt sich nicht sagen, wie oft Sabine ein schweres Paket abgegeben hat.;unknown;27;aii;bii;2;neutral;cannot say;False;;;Letzten Monat hat Thorsten Sabine ein schweres Paket gebracht. Vor einer Woche hat Sabine wieder ein schweres Paket abgegeben, während sie an eine Geburtstagsparty gedacht hat.;Es lässt sich nicht sagen, wie oft Sabine ein schweres Paket abgegeben hat.;FacebookAI/roberta-large-mnli;neutral;1;0.07331018894910812;0.8607497811317444;0.06594010442495346
28_ai_bi1_once_pos;Letztes Jahr hat Sabine Karl einen guten Wein per Post geschickt.;Vor zwei Monaten hat Karl wieder einen guten Wein empfangen, weil er bei einem Weinhändler eingekauft hat.;Karl hat einmal einen guten Wein empfangen.;unknown;28;ai;bi;1;positive;once;False;;;Letztes Jahr hat Sabine Karl einen guten Wein per Post geschickt. Vor zwei Monaten hat Karl wieder einen guten Wein empfangen, weil er bei einem Weinhändler eingekauft hat.;Karl hat einmal einen guten Wein empfangen.;FacebookAI/roberta-large-mnli;entailment;0;0.11423308402299881;0.28890785574913025;0.5968590974807739
28_ai_bi1_twice_pos;Letztes Jahr hat Sabine Karl einen guten Wein per Post geschickt.;Vor zwei Monaten hat Karl wieder einen guten Wein empfangen, weil er bei einem Weinhändler eingekauft hat.;Karl hat mindestens zweimal einen guten Wein empfangen.;entailment;28;ai;bi;1;positive;twice;False;;;Letztes Jahr hat Sabine Karl einen guten Wein per Post geschickt. Vor zwei Monaten hat Karl wieder einen guten Wein empfangen, weil er bei einem Weinhändler eingekauft hat.;Karl hat mindestens zweimal einen guten Wein empfangen.;FacebookAI/roberta-large-mnli;entailment;1;0.07432463020086288;0.1909606009721756;0.7347147464752197
28_ai_bi1_cannot_say_pos;Letztes Jahr hat Sabine Karl einen guten Wein per Post geschickt.;Vor zwei Monaten hat Karl wieder einen guten Wein empfangen, weil er bei einem Weinhändler eingekauft hat.;Es lässt sich nicht sagen, wie oft Karl einen guten Wein empfangen hat.;unknown;28;ai;bi;1;positive;cannot say;False;;;Letztes Jahr hat Sabine Karl einen guten Wein per Post geschickt. Vor zwei Monaten hat Karl wieder einen guten Wein empfangen, weil er bei einem Weinhändler eingekauft hat.;Es lässt sich nicht sagen, wie oft Karl einen guten Wein empfangen hat.;FacebookAI/roberta-large-mnli;neutral;1;0.13717347383499146;0.8060008883476257;0.05682569369673729
28_ai_bi2_once_neu;Letztes Jahr hat Sabine Karl einen guten Wein per Post geschickt.;Vor zwei Monaten hat Sabine wieder einen guten Wein empfangen, weil sie bei einem Weinhändler eingekauft hat.;Sabine hat einmal einen guten Wein empfangen.;entailment;28;ai;bi;2;neutral;once;False;;;Letztes Jahr hat Sabine Karl einen guten Wein per Post geschickt. Vor zwei Monaten hat Sabine wieder einen guten Wein empfangen, weil sie bei einem Weinhändler eingekauft hat.;Sabine hat einmal einen guten Wein empfangen.;FacebookAI/roberta-large-mnli;entailment;1;0.21270926296710968;0.24326688051223755;0.5440238118171692
28_ai_bi2_twice_neu;Letztes Jahr hat Sabine Karl einen guten Wein per Post geschickt.;Vor zwei Monaten hat Sabine wieder einen guten Wein empfangen, weil sie bei einem Weinhändler eingekauft hat.;Sabine hat mindestens zweimal einen guten Wein empfangen.;unknown;28;ai;bi;2;neutral;twice;False;;;Letztes Jahr hat Sabine Karl einen guten Wein per Post geschickt. Vor zwei Monaten hat Sabine wieder einen guten Wein empfangen, weil sie bei einem Weinhändler eingekauft hat.;Sabine hat mindestens zweimal einen guten Wein empfangen.;FacebookAI/roberta-large-mnli;entailment;0;0.0966239795088768;0.16474871337413788;0.7386273145675659
28_ai_bi2_cannot_say_neu;Letztes Jahr hat Sabine Karl einen guten Wein per Post geschickt.;Vor zwei Monaten hat Sabine wieder einen guten Wein empfangen, weil sie bei einem Weinhändler eingekauft hat.;Es lässt sich nicht sagen, wie oft Sabine einen guten Wein empfangen hat.;unknown;28;ai;bi;2;neutral;cannot say;False;;;Letztes Jahr hat Sabine Karl einen guten Wein per Post geschickt. Vor zwei Monaten hat Sabine wieder einen guten Wein empfangen, weil sie bei einem Weinhändler eingekauft hat.;Es lässt sich nicht sagen, wie oft Sabine einen guten Wein empfangen hat.;FacebookAI/roberta-large-mnli;neutral;1;0.16496862471103668;0.7502106428146362;0.08482072502374649
28_ai_bii1_once_neu;Letztes Jahr hat Sabine Karl einen guten Wein per Post geschickt.;Vor zwei Monaten hat Karl wieder einen guten Wein versendet, weil er bei einem Weinhändler eingekauft hat.;Karl hat einmal einen guten Wein versendet.;entailment;28;ai;bii;1;neutral;once;False;;;Letztes Jahr hat Sabine Karl einen guten Wein per Post geschickt. Vor zwei Monaten hat Karl wieder einen guten Wein versendet, weil er bei einem Weinhändler eingekauft hat.;Karl hat einmal einen guten Wein versendet.;FacebookAI/roberta-large-mnli;entailment;1;0.1272699385881424;0.2355136275291443;0.6372164487838745
28_ai_bii1_twice_neu;Letztes Jahr hat Sabine Karl einen guten Wein per Post geschickt.;Vor zwei Monaten hat Karl wieder einen guten Wein versendet, weil er bei einem Weinhändler eingekauft hat.;Karl hat mindestens zweimal einen guten Wein versendet.;unknown;28;ai;bii;1;neutral;twice;False;;;Letztes Jahr hat Sabine Karl einen guten Wein per Post geschickt. Vor zwei Monaten hat Karl wieder einen guten Wein versendet, weil er bei einem Weinhändler eingekauft hat.;Karl hat mindestens zweimal einen guten Wein versendet.;FacebookAI/roberta-large-mnli;entailment;0;0.07356525212526321;0.1310335099697113;0.7954012155532837
28_ai_bii1_cannot_say_neu;Letztes Jahr hat Sabine Karl einen guten Wein per Post geschickt.;Vor zwei Monaten hat Karl wieder einen guten Wein versendet, weil er bei einem Weinhändler eingekauft hat.;Es lässt sich nicht sagen, wie oft Karl einen guten Wein versendet hat.;unknown;28;ai;bii;1;neutral;cannot say;False;;;Letztes Jahr hat Sabine Karl einen guten Wein per Post geschickt. Vor zwei Monaten hat Karl wieder einen guten Wein versendet, weil er bei einem Weinhändler eingekauft hat.;Es lässt sich nicht sagen, wie oft Karl einen guten Wein versendet hat.;FacebookAI/roberta-large-mnli;neutral;1;0.13786639273166656;0.8109245300292969;0.05120908468961716
28_ai_bii2_once_pos;Letztes Jahr hat Sabine Karl einen guten Wein per Post geschickt.;Vor zwei Monaten hat Sabine wieder einen guten Wein versendet, weil sie bei einem Weinhändler eingekauft hat.;Sabine hat einmal einen guten Wein versendet.;unknown;28;ai;bii;2;positive;once;False;;;Letztes Jahr hat Sabine Karl einen guten Wein per Post geschickt. Vor zwei Monaten hat Sabine wieder einen guten Wein versendet, weil sie bei einem Weinhändler eingekauft hat.;Sabine hat einmal einen guten Wein versendet.;FacebookAI/roberta-large-mnli;entailment;0;0.1868002563714981;0.21871748566627502;0.5944822430610657
28_ai_bii2_twice_pos;Letztes Jahr hat Sabine Karl einen guten Wein per Post geschickt.;Vor zwei Monaten hat Sabine wieder einen guten Wein versendet, weil sie bei einem Weinhändler eingekauft hat.;Sabine hat mindestens zweimal einen guten Wein versendet.;entailment;28;ai;bii;2;positive;twice;False;;;Letztes Jahr hat Sabine Karl einen guten Wein per Post geschickt. Vor zwei Monaten hat Sabine wieder einen guten Wein versendet, weil sie bei einem Weinhändler eingekauft hat.;Sabine hat mindestens zweimal einen guten Wein versendet.;FacebookAI/roberta-large-mnli;entailment;1;0.1034151241183281;0.14252309501171112;0.754061758518219
28_ai_bii2_cannot_say_pos;Letztes Jahr hat Sabine Karl einen guten Wein per Post geschickt.;Vor zwei Monaten hat Sabine wieder einen guten Wein versendet, weil sie bei einem Weinhändler eingekauft hat.;Es lässt sich nicht sagen, wie oft Sabine einen guten Wein versendet hat.;unknown;28;ai;bii;2;positive;cannot say;False;;;Letztes Jahr hat Sabine Karl einen guten Wein per Post geschickt. Vor zwei Monaten hat Sabine wieder einen guten Wein versendet, weil sie bei einem Weinhändler eingekauft hat.;Es lässt sich nicht sagen, wie oft Sabine einen guten Wein versendet hat.;FacebookAI/roberta-large-mnli;neutral;1;0.13783766329288483;0.7946843504905701;0.0674779862165451
28_aii_bi1_once_neu;Letztes Jahr hat Karl Sabine einen guten Wein per Post geschickt.;Vor zwei Monaten hat Karl wieder einen guten Wein empfangen, weil er bei einem Weinhändler eingekauft hat.;Karl hat einmal einen guten Wein empfangen.;entailment;28;aii;bi;1;neutral;once;False;;;Letztes Jahr hat Karl Sabine einen guten Wein per Post geschickt. Vor zwei Monaten hat Karl wieder einen guten Wein empfangen, weil er bei einem Weinhändler eingekauft hat.;Karl hat einmal einen guten Wein empfangen.;FacebookAI/roberta-large-mnli;entailment;1;0.1115974485874176;0.2363545149564743;0.6520479917526245
28_aii_bi1_twice_neu;Letztes Jahr hat Karl Sabine einen guten Wein per Post geschickt.;Vor zwei Monaten hat Karl wieder einen guten Wein empfangen, weil er bei einem Weinhändler eingekauft hat.;Karl hat mindestens zweimal einen guten Wein empfangen.;unknown;28;aii;bi;1;neutral;twice;False;;;Letztes Jahr hat Karl Sabine einen guten Wein per Post geschickt. Vor zwei Monaten hat Karl wieder einen guten Wein empfangen, weil er bei einem Weinhändler eingekauft hat.;Karl hat mindestens zweimal einen guten Wein empfangen.;FacebookAI/roberta-large-mnli;entailment;0;0.08261506259441376;0.18781821429729462;0.729566752910614
28_aii_bi1_cannot_say_neu;Letztes Jahr hat Karl Sabine einen guten Wein per Post geschickt.;Vor zwei Monaten hat Karl wieder einen guten Wein empfangen, weil er bei einem Weinhändler eingekauft hat.;Es lässt sich nicht sagen, wie oft Karl einen guten Wein empfangen hat.;unknown;28;aii;bi;1;neutral;cannot say;False;;;Letztes Jahr hat Karl Sabine einen guten Wein per Post geschickt. Vor zwei Monaten hat Karl wieder einen guten Wein empfangen, weil er bei einem Weinhändler eingekauft hat.;Es lässt sich nicht sagen, wie oft Karl einen guten Wein empfangen hat.;FacebookAI/roberta-large-mnli;neutral;1;0.14656378328800201;0.7886478304862976;0.06478846818208694
28_aii_bi2_once_pos;Letztes Jahr hat Karl Sabine einen guten Wein per Post geschickt.;Vor zwei Monaten hat Sabine wieder einen guten Wein empfangen, weil sie bei einem Weinhändler eingekauft hat.;Sabine hat einmal einen guten Wein empfangen.;unknown;28;aii;bi;2;positive;once;False;;;Letztes Jahr hat Karl Sabine einen guten Wein per Post geschickt. Vor zwei Monaten hat Sabine wieder einen guten Wein empfangen, weil sie bei einem Weinhändler eingekauft hat.;Sabine hat einmal einen guten Wein empfangen.;FacebookAI/roberta-large-mnli;entailment;0;0.21127785742282867;0.2682468891143799;0.5204752087593079
28_aii_bi2_twice_pos;Letztes Jahr hat Karl Sabine einen guten Wein per Post geschickt.;Vor zwei Monaten hat Sabine wieder einen guten Wein empfangen, weil sie bei einem Weinhändler eingekauft hat.;Sabine hat mindestens zweimal einen guten Wein empfangen.;entailment;28;aii;bi;2;positive;twice;False;;;Letztes Jahr hat Karl Sabine einen guten Wein per Post geschickt. Vor zwei Monaten hat Sabine wieder einen guten Wein empfangen, weil sie bei einem Weinhändler eingekauft hat.;Sabine hat mindestens zweimal einen guten Wein empfangen.;FacebookAI/roberta-large-mnli;entailment;1;0.0983712300658226;0.17502863705158234;0.7266001105308533
28_aii_bi2_cannot_say_pos;Letztes Jahr hat Karl Sabine einen guten Wein per Post geschickt.;Vor zwei Monaten hat Sabine wieder einen guten Wein empfangen, weil sie bei einem Weinhändler eingekauft hat.;Es lässt sich nicht sagen, wie oft Sabine einen guten Wein empfangen hat.;unknown;28;aii;bi;2;positive;cannot say;False;;;Letztes Jahr hat Karl Sabine einen guten Wein per Post geschickt. Vor zwei Monaten hat Sabine wieder einen guten Wein empfangen, weil sie bei einem Weinhändler eingekauft hat.;Es lässt sich nicht sagen, wie oft Sabine einen guten Wein empfangen hat.;FacebookAI/roberta-large-mnli;neutral;1;0.1554916352033615;0.7571520805358887;0.08735639601945877
28_aii_bii1_once_pos;Letztes Jahr hat Karl Sabine einen guten Wein per Post geschickt.;Vor zwei Monaten hat Karl wieder einen guten Wein versendet, weil er bei einem Weinhändler eingekauft hat.;Karl hat einmal einen guten Wein versendet.;unknown;28;aii;bii;1;positive;once;False;;;Letztes Jahr hat Karl Sabine einen guten Wein per Post geschickt. Vor zwei Monaten hat Karl wieder einen guten Wein versendet, weil er bei einem Weinhändler eingekauft hat.;Karl hat einmal einen guten Wein versendet.;FacebookAI/roberta-large-mnli;entailment;0;0.1238076314330101;0.19483116269111633;0.6813611388206482
28_aii_bii1_twice_pos;Letztes Jahr hat Karl Sabine einen guten Wein per Post geschickt.;Vor zwei Monaten hat Karl wieder einen guten Wein versendet, weil er bei einem Weinhändler eingekauft hat.;Karl hat mindestens zweimal einen guten Wein versendet.;entailment;28;aii;bii;1;positive;twice;False;;;Letztes Jahr hat Karl Sabine einen guten Wein per Post geschickt. Vor zwei Monaten hat Karl wieder einen guten Wein versendet, weil er bei einem Weinhändler eingekauft hat.;Karl hat mindestens zweimal einen guten Wein versendet.;FacebookAI/roberta-large-mnli;entailment;1;0.08141375333070755;0.13400422036647797;0.7845820188522339
28_aii_bii1_cannot_say_pos;Letztes Jahr hat Karl Sabine einen guten Wein per Post geschickt.;Vor zwei Monaten hat Karl wieder einen guten Wein versendet, weil er bei einem Weinhändler eingekauft hat.;Es lässt sich nicht sagen, wie oft Karl einen guten Wein versendet hat.;unknown;28;aii;bii;1;positive;cannot say;False;;;Letztes Jahr hat Karl Sabine einen guten Wein per Post geschickt. Vor zwei Monaten hat Karl wieder einen guten Wein versendet, weil er bei einem Weinhändler eingekauft hat.;Es lässt sich nicht sagen, wie oft Karl einen guten Wein versendet hat.;FacebookAI/roberta-large-mnli;neutral;1;0.14292789995670319;0.7992998361587524;0.05777225270867348
28_aii_bii2_once_neu;Letztes Jahr hat Karl Sabine einen guten Wein per Post geschickt.;Vor zwei Monaten hat Sabine wieder einen guten Wein versendet, weil sie bei einem Weinhändler eingekauft hat.;Sabine hat einmal einen guten Wein versendet.;entailment;28;aii;bii;2;neutral;once;False;;;Letztes Jahr hat Karl Sabine einen guten Wein per Post geschickt. Vor zwei Monaten hat Sabine wieder einen guten Wein versendet, weil sie bei einem Weinhändler eingekauft hat.;Sabine hat einmal einen guten Wein versendet.;FacebookAI/roberta-large-mnli;entailment;1;0.19030402600765228;0.23499271273612976;0.5747032761573792
28_aii_bii2_twice_neu;Letztes Jahr hat Karl Sabine einen guten Wein per Post geschickt.;Vor zwei Monaten hat Sabine wieder einen guten Wein versendet, weil sie bei einem Weinhändler eingekauft hat.;Sabine hat mindestens zweimal einen guten Wein versendet.;unknown;28;aii;bii;2;neutral;twice;False;;;Letztes Jahr hat Karl Sabine einen guten Wein per Post geschickt. Vor zwei Monaten hat Sabine wieder einen guten Wein versendet, weil sie bei einem Weinhändler eingekauft hat.;Sabine hat mindestens zweimal einen guten Wein versendet.;FacebookAI/roberta-large-mnli;entailment;0;0.10464822500944138;0.143605574965477;0.7517461776733398
28_aii_bii2_cannot_say_neu;Letztes Jahr hat Karl Sabine einen guten Wein per Post geschickt.;Vor zwei Monaten hat Sabine wieder einen guten Wein versendet, weil sie bei einem Weinhändler eingekauft hat.;Es lässt sich nicht sagen, wie oft Sabine einen guten Wein versendet hat.;unknown;28;aii;bii;2;neutral;cannot say;False;;;Letztes Jahr hat Karl Sabine einen guten Wein per Post geschickt. Vor zwei Monaten hat Sabine wieder einen guten Wein versendet, weil sie bei einem Weinhändler eingekauft hat.;Es lässt sich nicht sagen, wie oft Sabine einen guten Wein versendet hat.;FacebookAI/roberta-large-mnli;neutral;1;0.13314419984817505;0.796832263469696;0.07002357393503189
29_ai_bi1_once_pos;Vergangene Woche hat Sabine Judith eine knusprige Brezel vom Bäcker mitgebracht.;Vor zwei Tagen hat Judith wieder eine knusprige Brezel bekommen, als sie auf einer Lebensmittelmesse unterwegs war.;Judith hat einmal eine knusprige Brezel bekommen.;unknown;29;ai;bi;1;positive;once;False;;;Vergangene Woche hat Sabine Judith eine knusprige Brezel vom Bäcker mitgebracht. Vor zwei Tagen hat Judith wieder eine knusprige Brezel bekommen, als sie auf einer Lebensmittelmesse unterwegs war.;Judith hat einmal eine knusprige Brezel bekommen.;FacebookAI/roberta-large-mnli;entailment;0;0.15679281949996948;0.31705647706985474;0.5261507034301758
29_ai_bi1_twice_pos;Vergangene Woche hat Sabine Judith eine knusprige Brezel vom Bäcker mitgebracht.;Vor zwei Tagen hat Judith wieder eine knusprige Brezel bekommen, als sie auf einer Lebensmittelmesse unterwegs war.;Judith hat mindestens zweimal eine knusprige Brezel bekommen.;entailment;29;ai;bi;1;positive;twice;False;;;Vergangene Woche hat Sabine Judith eine knusprige Brezel vom Bäcker mitgebracht. Vor zwei Tagen hat Judith wieder eine knusprige Brezel bekommen, als sie auf einer Lebensmittelmesse unterwegs war.;Judith hat mindestens zweimal eine knusprige Brezel bekommen.;FacebookAI/roberta-large-mnli;entailment;1;0.03217962011694908;0.11042357236146927;0.8573968410491943
29_ai_bi1_cannot_say_pos;Vergangene Woche hat Sabine Judith eine knusprige Brezel vom Bäcker mitgebracht.;Vor zwei Tagen hat Judith wieder eine knusprige Brezel bekommen, als sie auf einer Lebensmittelmesse unterwegs war.;Es lässt sich nicht sagen, wie oft Judith eine knusprige Brezel bekommen hat.;unknown;29;ai;bi;1;positive;cannot say;False;;;Vergangene Woche hat Sabine Judith eine knusprige Brezel vom Bäcker mitgebracht. Vor zwei Tagen hat Judith wieder eine knusprige Brezel bekommen, als sie auf einer Lebensmittelmesse unterwegs war.;Es lässt sich nicht sagen, wie oft Judith eine knusprige Brezel bekommen hat.;FacebookAI/roberta-large-mnli;neutral;1;0.062431175261735916;0.9020013213157654;0.03556745871901512
29_ai_bi2_once_neu;Vergangene Woche hat Sabine Judith eine knusprige Brezel vom Bäcker mitgebracht.;Vor zwei Tagen hat Sabine wieder eine knusprige Brezel bekommen, als sie auf einer Lebensmittelmesse unterwegs war.;Sabine hat einmal eine knusprige Brezel bekommen.;entailment;29;ai;bi;2;neutral;once;False;;;Vergangene Woche hat Sabine Judith eine knusprige Brezel vom Bäcker mitgebracht. Vor zwei Tagen hat Sabine wieder eine knusprige Brezel bekommen, als sie auf einer Lebensmittelmesse unterwegs war.;Sabine hat einmal eine knusprige Brezel bekommen.;FacebookAI/roberta-large-mnli;entailment;1;0.19634082913398743;0.39752450585365295;0.40613460540771484
29_ai_bi2_twice_neu;Vergangene Woche hat Sabine Judith eine knusprige Brezel vom Bäcker mitgebracht.;Vor zwei Tagen hat Sabine wieder eine knusprige Brezel bekommen, als sie auf einer Lebensmittelmesse unterwegs war.;Sabine hat mindestens zweimal eine knusprige Brezel bekommen.;unknown;29;ai;bi;2;neutral;twice;False;;;Vergangene Woche hat Sabine Judith eine knusprige Brezel vom Bäcker mitgebracht. Vor zwei Tagen hat Sabine wieder eine knusprige Brezel bekommen, als sie auf einer Lebensmittelmesse unterwegs war.;Sabine hat mindestens zweimal eine knusprige Brezel bekommen.;FacebookAI/roberta-large-mnli;entailment;0;0.052502334117889404;0.16361373662948608;0.7838839888572693
29_ai_bi2_cannot_say_neu;Vergangene Woche hat Sabine Judith eine knusprige Brezel vom Bäcker mitgebracht.;Vor zwei Tagen hat Sabine wieder eine knusprige Brezel bekommen, als sie auf einer Lebensmittelmesse unterwegs war.;Es lässt sich nicht sagen, wie oft Sabine eine knusprige Brezel bekommen hat.;unknown;29;ai;bi;2;neutral;cannot say;False;;;Vergangene Woche hat Sabine Judith eine knusprige Brezel vom Bäcker mitgebracht. Vor zwei Tagen hat Sabine wieder eine knusprige Brezel bekommen, als sie auf einer Lebensmittelmesse unterwegs war.;Es lässt sich nicht sagen, wie oft Sabine eine knusprige Brezel bekommen hat.;FacebookAI/roberta-large-mnli;neutral;1;0.062129080295562744;0.8992025256156921;0.038668371737003326
29_ai_bii1_once_neu;Vergangene Woche hat Sabine Judith eine knusprige Brezel vom Bäcker mitgebracht.;Vor zwei Tagen hat Judith wieder eine knusprige Brezel besorgt, als sie auf einer Lebensmittelmesse unterwegs war.;Judith hat einmal eine knusprige Brezel besorgt.;entailment;29;ai;bii;1;neutral;once;False;;;Vergangene Woche hat Sabine Judith eine knusprige Brezel vom Bäcker mitgebracht. Vor zwei Tagen hat Judith wieder eine knusprige Brezel besorgt, als sie auf einer Lebensmittelmesse unterwegs war.;Judith hat einmal eine knusprige Brezel besorgt.;FacebookAI/roberta-large-mnli;entailment;1;0.10238540172576904;0.20551007986068726;0.6921044588088989
29_ai_bii1_twice_neu;Vergangene Woche hat Sabine Judith eine knusprige Brezel vom Bäcker mitgebracht.;Vor zwei Tagen hat Judith wieder eine knusprige Brezel besorgt, als sie auf einer Lebensmittelmesse unterwegs war.;Judith hat mindestens zweimal eine knusprige Brezel besorgt.;unknown;29;ai;bii;1;neutral;twice;False;;;Vergangene Woche hat Sabine Judith eine knusprige Brezel vom Bäcker mitgebracht. Vor zwei Tagen hat Judith wieder eine knusprige Brezel besorgt, als sie auf einer Lebensmittelmesse unterwegs war.;Judith hat mindestens zweimal eine knusprige Brezel besorgt.;FacebookAI/roberta-large-mnli;entailment;0;0.03626563400030136;0.10006702691316605;0.8636673092842102
29_ai_bii1_cannot_say_neu;Vergangene Woche hat Sabine Judith eine knusprige Brezel vom Bäcker mitgebracht.;Vor zwei Tagen hat Judith wieder eine knusprige Brezel besorgt, als sie auf einer Lebensmittelmesse unterwegs war.;Es lässt sich nicht sagen, wie oft Judith eine knusprige Brezel besorgt hat.;unknown;29;ai;bii;1;neutral;cannot say;False;;;Vergangene Woche hat Sabine Judith eine knusprige Brezel vom Bäcker mitgebracht. Vor zwei Tagen hat Judith wieder eine knusprige Brezel besorgt, als sie auf einer Lebensmittelmesse unterwegs war.;Es lässt sich nicht sagen, wie oft Judith eine knusprige Brezel besorgt hat.;FacebookAI/roberta-large-mnli;neutral;1;0.06318841129541397;0.8929146528244019;0.04389693960547447
29_ai_bii2_once_pos;Vergangene Woche hat Sabine Judith eine knusprige Brezel vom Bäcker mitgebracht.;Vor zwei Tagen hat Sabine wieder eine knusprige Brezel besorgt, als sie auf einer Lebensmittelmesse unterwegs war.;Sabine hat einmal eine knusprige Brezel besorgt.;unknown;29;ai;bii;2;positive;once;False;;;Vergangene Woche hat Sabine Judith eine knusprige Brezel vom Bäcker mitgebracht. Vor zwei Tagen hat Sabine wieder eine knusprige Brezel besorgt, als sie auf einer Lebensmittelmesse unterwegs war.;Sabine hat einmal eine knusprige Brezel besorgt.;FacebookAI/roberta-large-mnli;entailment;0;0.17728735506534576;0.3100779056549072;0.512634813785553
29_ai_bii2_twice_pos;Vergangene Woche hat Sabine Judith eine knusprige Brezel vom Bäcker mitgebracht.;Vor zwei Tagen hat Sabine wieder eine knusprige Brezel besorgt, als sie auf einer Lebensmittelmesse unterwegs war.;Sabine hat mindestens zweimal eine knusprige Brezel besorgt.;entailment;29;ai;bii;2;positive;twice;False;;;Vergangene Woche hat Sabine Judith eine knusprige Brezel vom Bäcker mitgebracht. Vor zwei Tagen hat Sabine wieder eine knusprige Brezel besorgt, als sie auf einer Lebensmittelmesse unterwegs war.;Sabine hat mindestens zweimal eine knusprige Brezel besorgt.;FacebookAI/roberta-large-mnli;entailment;1;0.05073399096727371;0.12245792150497437;0.8268080949783325
29_ai_bii2_cannot_say_pos;Vergangene Woche hat Sabine Judith eine knusprige Brezel vom Bäcker mitgebracht.;Vor zwei Tagen hat Sabine wieder eine knusprige Brezel besorgt, als sie auf einer Lebensmittelmesse unterwegs war.;Es lässt sich nicht sagen, wie oft Sabine eine knusprige Brezel besorgt hat.;unknown;29;ai;bii;2;positive;cannot say;False;;;Vergangene Woche hat Sabine Judith eine knusprige Brezel vom Bäcker mitgebracht. Vor zwei Tagen hat Sabine wieder eine knusprige Brezel besorgt, als sie auf einer Lebensmittelmesse unterwegs war.;Es lässt sich nicht sagen, wie oft Sabine eine knusprige Brezel besorgt hat.;FacebookAI/roberta-large-mnli;neutral;1;0.05981630086898804;0.8892849683761597;0.050898756831884384
29_aii_bi1_once_neu;Vergangene Woche hat Judith Sabine eine knusprige Brezel vom Bäcker mitgebracht.;Vor zwei Tagen hat Judith wieder eine knusprige Brezel bekommen, als sie auf einer Lebensmittelmesse unterwegs war.;Judith hat einmal eine knusprige Brezel bekommen.;entailment;29;aii;bi;1;neutral;once;False;;;Vergangene Woche hat Judith Sabine eine knusprige Brezel vom Bäcker mitgebracht. Vor zwei Tagen hat Judith wieder eine knusprige Brezel bekommen, als sie auf einer Lebensmittelmesse unterwegs war.;Judith hat einmal eine knusprige Brezel bekommen.;FacebookAI/roberta-large-mnli;entailment;1;0.16191242635250092;0.27322351932525635;0.5648640990257263
29_aii_bi1_twice_neu;Vergangene Woche hat Judith Sabine eine knusprige Brezel vom Bäcker mitgebracht.;Vor zwei Tagen hat Judith wieder eine knusprige Brezel bekommen, als sie auf einer Lebensmittelmesse unterwegs war.;Judith hat mindestens zweimal eine knusprige Brezel bekommen.;unknown;29;aii;bi;1;neutral;twice;False;;;Vergangene Woche hat Judith Sabine eine knusprige Brezel vom Bäcker mitgebracht. Vor zwei Tagen hat Judith wieder eine knusprige Brezel bekommen, als sie auf einer Lebensmittelmesse unterwegs war.;Judith hat mindestens zweimal eine knusprige Brezel bekommen.;FacebookAI/roberta-large-mnli;entailment;0;0.03635955601930618;0.11291173100471497;0.8507287502288818
29_aii_bi1_cannot_say_neu;Vergangene Woche hat Judith Sabine eine knusprige Brezel vom Bäcker mitgebracht.;Vor zwei Tagen hat Judith wieder eine knusprige Brezel bekommen, als sie auf einer Lebensmittelmesse unterwegs war.;Es lässt sich nicht sagen, wie oft Judith eine knusprige Brezel bekommen hat.;unknown;29;aii;bi;1;neutral;cannot say;False;;;Vergangene Woche hat Judith Sabine eine knusprige Brezel vom Bäcker mitgebracht. Vor zwei Tagen hat Judith wieder eine knusprige Brezel bekommen, als sie auf einer Lebensmittelmesse unterwegs war.;Es lässt sich nicht sagen, wie oft Judith eine knusprige Brezel bekommen hat.;FacebookAI/roberta-large-mnli;neutral;1;0.06277050822973251;0.8978285789489746;0.03940097987651825
29_aii_bi2_once_pos;Vergangene Woche hat Judith Sabine eine knusprige Brezel vom Bäcker mitgebracht.;Vor zwei Tagen hat Sabine wieder eine knusprige Brezel bekommen, als sie auf einer Lebensmittelmesse unterwegs war.;Sabine hat einmal eine knusprige Brezel bekommen.;unknown;29;aii;bi;2;positive;once;False;;;Vergangene Woche hat Judith Sabine eine knusprige Brezel vom Bäcker mitgebracht. Vor zwei Tagen hat Sabine wieder eine knusprige Brezel bekommen, als sie auf einer Lebensmittelmesse unterwegs war.;Sabine hat einmal eine knusprige Brezel bekommen.;FacebookAI/roberta-large-mnli;neutral;1;0.18517033755779266;0.41866230964660645;0.3961673676967621
29_aii_bi2_twice_pos;Vergangene Woche hat Judith Sabine eine knusprige Brezel vom Bäcker mitgebracht.;Vor zwei Tagen hat Sabine wieder eine knusprige Brezel bekommen, als sie auf einer Lebensmittelmesse unterwegs war.;Sabine hat mindestens zweimal eine knusprige Brezel bekommen.;entailment;29;aii;bi;2;positive;twice;False;;;Vergangene Woche hat Judith Sabine eine knusprige Brezel vom Bäcker mitgebracht. Vor zwei Tagen hat Sabine wieder eine knusprige Brezel bekommen, als sie auf einer Lebensmittelmesse unterwegs war.;Sabine hat mindestens zweimal eine knusprige Brezel bekommen.;FacebookAI/roberta-large-mnli;entailment;1;0.043204415589571;0.14304089546203613;0.813754677772522
29_aii_bi2_cannot_say_pos;Vergangene Woche hat Judith Sabine eine knusprige Brezel vom Bäcker mitgebracht.;Vor zwei Tagen hat Sabine wieder eine knusprige Brezel bekommen, als sie auf einer Lebensmittelmesse unterwegs war.;Es lässt sich nicht sagen, wie oft Sabine eine knusprige Brezel bekommen hat.;unknown;29;aii;bi;2;positive;cannot say;False;;;Vergangene Woche hat Judith Sabine eine knusprige Brezel vom Bäcker mitgebracht. Vor zwei Tagen hat Sabine wieder eine knusprige Brezel bekommen, als sie auf einer Lebensmittelmesse unterwegs war.;Es lässt sich nicht sagen, wie oft Sabine eine knusprige Brezel bekommen hat.;FacebookAI/roberta-large-mnli;neutral;1;0.06177721917629242;0.9030214548110962;0.03520132601261139
29_aii_bii1_once_pos;Vergangene Woche hat Judith Sabine eine knusprige Brezel vom Bäcker mitgebracht.;Vor zwei Tagen hat Judith wieder eine knusprige Brezel besorgt, als sie auf einer Lebensmittelmesse unterwegs war.;Judith hat einmal eine knusprige Brezel besorgt.;unknown;29;aii;bii;1;positive;once;False;;;Vergangene Woche hat Judith Sabine eine knusprige Brezel vom Bäcker mitgebracht. Vor zwei Tagen hat Judith wieder eine knusprige Brezel besorgt, als sie auf einer Lebensmittelmesse unterwegs war.;Judith hat einmal eine knusprige Brezel besorgt.;FacebookAI/roberta-large-mnli;entailment;0;0.12091973423957825;0.1964847594499588;0.682595431804657
29_aii_bii1_twice_pos;Vergangene Woche hat Judith Sabine eine knusprige Brezel vom Bäcker mitgebracht.;Vor zwei Tagen hat Judith wieder eine knusprige Brezel besorgt, als sie auf einer Lebensmittelmesse unterwegs war.;Judith hat mindestens zweimal eine knusprige Brezel besorgt.;entailment;29;aii;bii;1;positive;twice;False;;;Vergangene Woche hat Judith Sabine eine knusprige Brezel vom Bäcker mitgebracht. Vor zwei Tagen hat Judith wieder eine knusprige Brezel besorgt, als sie auf einer Lebensmittelmesse unterwegs war.;Judith hat mindestens zweimal eine knusprige Brezel besorgt.;FacebookAI/roberta-large-mnli;entailment;1;0.038551632314920425;0.09808070212602615;0.8633676767349243
29_aii_bii1_cannot_say_pos;Vergangene Woche hat Judith Sabine eine knusprige Brezel vom Bäcker mitgebracht.;Vor zwei Tagen hat Judith wieder eine knusprige Brezel besorgt, als sie auf einer Lebensmittelmesse unterwegs war.;Es lässt sich nicht sagen, wie oft Judith eine knusprige Brezel besorgt hat.;unknown;29;aii;bii;1;positive;cannot say;False;;;Vergangene Woche hat Judith Sabine eine knusprige Brezel vom Bäcker mitgebracht. Vor zwei Tagen hat Judith wieder eine knusprige Brezel besorgt, als sie auf einer Lebensmittelmesse unterwegs war.;Es lässt sich nicht sagen, wie oft Judith eine knusprige Brezel besorgt hat.;FacebookAI/roberta-large-mnli;neutral;1;0.06192872300744057;0.888918936252594;0.04915234446525574
29_aii_bii2_once_neu;Vergangene Woche hat Judith Sabine eine knusprige Brezel vom Bäcker mitgebracht.;Vor zwei Tagen hat Sabine wieder eine knusprige Brezel besorgt, als sie auf einer Lebensmittelmesse unterwegs war.;Sabine hat einmal eine knusprige Brezel besorgt.;entailment;29;aii;bii;2;neutral;once;False;;;Vergangene Woche hat Judith Sabine eine knusprige Brezel vom Bäcker mitgebracht. Vor zwei Tagen hat Sabine wieder eine knusprige Brezel besorgt, als sie auf einer Lebensmittelmesse unterwegs war.;Sabine hat einmal eine knusprige Brezel besorgt.;FacebookAI/roberta-large-mnli;entailment;1;0.16411124169826508;0.33269307017326355;0.5031956434249878
29_aii_bii2_twice_neu;Vergangene Woche hat Judith Sabine eine knusprige Brezel vom Bäcker mitgebracht.;Vor zwei Tagen hat Sabine wieder eine knusprige Brezel besorgt, als sie auf einer Lebensmittelmesse unterwegs war.;Sabine hat mindestens zweimal eine knusprige Brezel besorgt.;unknown;29;aii;bii;2;neutral;twice;False;;;Vergangene Woche hat Judith Sabine eine knusprige Brezel vom Bäcker mitgebracht. Vor zwei Tagen hat Sabine wieder eine knusprige Brezel besorgt, als sie auf einer Lebensmittelmesse unterwegs war.;Sabine hat mindestens zweimal eine knusprige Brezel besorgt.;FacebookAI/roberta-large-mnli;entailment;0;0.04178072512149811;0.10659985989332199;0.8516194224357605
29_aii_bii2_cannot_say_neu;Vergangene Woche hat Judith Sabine eine knusprige Brezel vom Bäcker mitgebracht.;Vor zwei Tagen hat Sabine wieder eine knusprige Brezel besorgt, als sie auf einer Lebensmittelmesse unterwegs war.;Es lässt sich nicht sagen, wie oft Sabine eine knusprige Brezel besorgt hat.;unknown;29;aii;bii;2;neutral;cannot say;False;;;Vergangene Woche hat Judith Sabine eine knusprige Brezel vom Bäcker mitgebracht. Vor zwei Tagen hat Sabine wieder eine knusprige Brezel besorgt, als sie auf einer Lebensmittelmesse unterwegs war.;Es lässt sich nicht sagen, wie oft Sabine eine knusprige Brezel besorgt hat.;FacebookAI/roberta-large-mnli;neutral;1;0.05855638533830643;0.8944511413574219;0.0469924733042717
30_ai_bi1_once_pos;Vor zwei Wochen hat Sabine Linda angelogen.;Vor vier Tagen hat Linda wieder eine gemeine Lüge gehört, als sie an einem Streit beteiligt war.;Linda hat einmal eine gemeine Lüge gehört.;unknown;30;ai;bi;1;positive;once;False;;;Vor zwei Wochen hat Sabine Linda angelogen. Vor vier Tagen hat Linda wieder eine gemeine Lüge gehört, als sie an einem Streit beteiligt war.;Linda hat einmal eine gemeine Lüge gehört.;FacebookAI/roberta-large-mnli;entailment;0;0.13701653480529785;0.33299747109413147;0.5299860239028931
30_ai_bi1_twice_pos;Vor zwei Wochen hat Sabine Linda angelogen.;Vor vier Tagen hat Linda wieder eine gemeine Lüge gehört, als sie an einem Streit beteiligt war.;Linda hat mindestens zweimal eine gemeine Lüge gehört.;entailment;30;ai;bi;1;positive;twice;False;;;Vor zwei Wochen hat Sabine Linda angelogen. Vor vier Tagen hat Linda wieder eine gemeine Lüge gehört, als sie an einem Streit beteiligt war.;Linda hat mindestens zweimal eine gemeine Lüge gehört.;FacebookAI/roberta-large-mnli;entailment;1;0.07162005454301834;0.14393511414527893;0.7844448089599609
30_ai_bi1_cannot_say_pos;Vor zwei Wochen hat Sabine Linda angelogen.;Vor vier Tagen hat Linda wieder eine gemeine Lüge gehört, als sie an einem Streit beteiligt war.;Es lässt sich nicht sagen, wie oft Linda eine gemeine Lüge gehört hat.;unknown;30;ai;bi;1;positive;cannot say;False;;;Vor zwei Wochen hat Sabine Linda angelogen. Vor vier Tagen hat Linda wieder eine gemeine Lüge gehört, als sie an einem Streit beteiligt war.;Es lässt sich nicht sagen, wie oft Linda eine gemeine Lüge gehört hat.;FacebookAI/roberta-large-mnli;neutral;1;0.12666621804237366;0.8259053230285645;0.0474284291267395
30_ai_bi2_once_neu;Vor zwei Wochen hat Sabine Linda angelogen.;Vor vier Tagen hat Sabine wieder eine gemeine Lüge gehört, als sie an einem Streit beteiligt war.;Sabine hat einmal eine gemeine Lüge gehört.;entailment;30;ai;bi;2;neutral;once;False;;;Vor zwei Wochen hat Sabine Linda angelogen. Vor vier Tagen hat Sabine wieder eine gemeine Lüge gehört, als sie an einem Streit beteiligt war.;Sabine hat einmal eine gemeine Lüge gehört.;FacebookAI/roberta-large-mnli;neutral;0;0.21752040088176727;0.4041610062122345;0.3783186376094818
30_ai_bi2_twice_neu;Vor zwei Wochen hat Sabine Linda angelogen.;Vor vier Tagen hat Sabine wieder eine gemeine Lüge gehört, als sie an einem Streit beteiligt war.;Sabine hat mindestens zweimal eine gemeine Lüge gehört.;unknown;30;ai;bi;2;neutral;twice;False;;;Vor zwei Wochen hat Sabine Linda angelogen. Vor vier Tagen hat Sabine wieder eine gemeine Lüge gehört, als sie an einem Streit beteiligt war.;Sabine hat mindestens zweimal eine gemeine Lüge gehört.;FacebookAI/roberta-large-mnli;entailment;0;0.11666201800107956;0.20793557167053223;0.6754023432731628
30_ai_bi2_cannot_say_neu;Vor zwei Wochen hat Sabine Linda angelogen.;Vor vier Tagen hat Sabine wieder eine gemeine Lüge gehört, als sie an einem Streit beteiligt war.;Es lässt sich nicht sagen, wie oft Sabine eine gemeine Lüge gehört hat.;unknown;30;ai;bi;2;neutral;cannot say;False;;;Vor zwei Wochen hat Sabine Linda angelogen. Vor vier Tagen hat Sabine wieder eine gemeine Lüge gehört, als sie an einem Streit beteiligt war.;Es lässt sich nicht sagen, wie oft Sabine eine gemeine Lüge gehört hat.;FacebookAI/roberta-large-mnli;neutral;1;0.139799565076828;0.7981681227684021;0.062032368034124374
30_ai_bii1_once_neu;Vor zwei Wochen hat Sabine Linda angelogen.;Vor vier Tagen hat Linda wieder eine gemeine Lüge erzählt, als sie an einem Streit beteiligt war.;Linda hat einmal eine gemeine Lüge erzählt.;entailment;30;ai;bii;1;neutral;once;False;;;Vor zwei Wochen hat Sabine Linda angelogen. Vor vier Tagen hat Linda wieder eine gemeine Lüge erzählt, als sie an einem Streit beteiligt war.;Linda hat einmal eine gemeine Lüge erzählt.;FacebookAI/roberta-large-mnli;entailment;1;0.14698663353919983;0.2382611334323883;0.6147522330284119
30_ai_bii1_twice_neu;Vor zwei Wochen hat Sabine Linda angelogen.;Vor vier Tagen hat Linda wieder eine gemeine Lüge erzählt, als sie an einem Streit beteiligt war.;Linda hat mindestens zweimal eine gemeine Lüge erzählt.;unknown;30;ai;bii;1;neutral;twice;False;;;Vor zwei Wochen hat Sabine Linda angelogen. Vor vier Tagen hat Linda wieder eine gemeine Lüge erzählt, als sie an einem Streit beteiligt war.;Linda hat mindestens zweimal eine gemeine Lüge erzählt.;FacebookAI/roberta-large-mnli;entailment;0;0.07466796785593033;0.12298021465539932;0.8023517727851868
30_ai_bii1_cannot_say_neu;Vor zwei Wochen hat Sabine Linda angelogen.;Vor vier Tagen hat Linda wieder eine gemeine Lüge erzählt, als sie an einem Streit beteiligt war.;Es lässt sich nicht sagen, wie oft Linda eine gemeine Lüge erzählt hat.;unknown;30;ai;bii;1;neutral;cannot say;False;;;Vor zwei Wochen hat Sabine Linda angelogen. Vor vier Tagen hat Linda wieder eine gemeine Lüge erzählt, als sie an einem Streit beteiligt war.;Es lässt sich nicht sagen, wie oft Linda eine gemeine Lüge erzählt hat.;FacebookAI/roberta-large-mnli;neutral;1;0.11303208023309708;0.8345658779144287;0.052402034401893616
30_ai_bii2_once_pos;Vor zwei Wochen hat Sabine Linda angelogen.;Vor vier Tagen hat Sabine wieder eine gemeine Lüge erzählt, als sie an einem Streit beteiligt war.;Sabine hat einmal eine gemeine Lüge erzählt.;unknown;30;ai;bii;2;positive;once;False;;;Vor zwei Wochen hat Sabine Linda angelogen. Vor vier Tagen hat Sabine wieder eine gemeine Lüge erzählt, als sie an einem Streit beteiligt war.;Sabine hat einmal eine gemeine Lüge erzählt.;FacebookAI/roberta-large-mnli;entailment;0;0.2471742331981659;0.3284907937049866;0.42433494329452515
30_ai_bii2_twice_pos;Vor zwei Wochen hat Sabine Linda angelogen.;Vor vier Tagen hat Sabine wieder eine gemeine Lüge erzählt, als sie an einem Streit beteiligt war.;Sabine hat mindestens zweimal eine gemeine Lüge erzählt.;entailment;30;ai;bii;2;positive;twice;False;;;Vor zwei Wochen hat Sabine Linda angelogen. Vor vier Tagen hat Sabine wieder eine gemeine Lüge erzählt, als sie an einem Streit beteiligt war.;Sabine hat mindestens zweimal eine gemeine Lüge erzählt.;FacebookAI/roberta-large-mnli;entailment;1;0.09220116585493088;0.14546996355056763;0.7623288631439209
30_ai_bii2_cannot_say_pos;Vor zwei Wochen hat Sabine Linda angelogen.;Vor vier Tagen hat Sabine wieder eine gemeine Lüge erzählt, als sie an einem Streit beteiligt war.;Es lässt sich nicht sagen, wie oft Sabine eine gemeine Lüge erzählt hat.;unknown;30;ai;bii;2;positive;cannot say;False;;;Vor zwei Wochen hat Sabine Linda angelogen. Vor vier Tagen hat Sabine wieder eine gemeine Lüge erzählt, als sie an einem Streit beteiligt war.;Es lässt sich nicht sagen, wie oft Sabine eine gemeine Lüge erzählt hat.;FacebookAI/roberta-large-mnli;neutral;1;0.13529525697231293;0.7916527390480042;0.07305207848548889
30_aii_bi1_once_neu;Vor zwei Wochen hat Linda Sabine angelogen.;Vor vier Tagen hat Linda wieder eine gemeine Lüge gehört, als sie an einem Streit beteiligt war.;Linda hat einmal eine gemeine Lüge gehört.;entailment;30;aii;bi;1;neutral;once;False;;;Vor zwei Wochen hat Linda Sabine angelogen. Vor vier Tagen hat Linda wieder eine gemeine Lüge gehört, als sie an einem Streit beteiligt war.;Linda hat einmal eine gemeine Lüge gehört.;FacebookAI/roberta-large-mnli;entailment;1;0.15591897070407867;0.29480448365211487;0.5492765307426453
30_aii_bi1_twice_neu;Vor zwei Wochen hat Linda Sabine angelogen.;Vor vier Tagen hat Linda wieder eine gemeine Lüge gehört, als sie an einem Streit beteiligt war.;Linda hat mindestens zweimal eine gemeine Lüge gehört.;unknown;30;aii;bi;1;neutral;twice;False;;;Vor zwei Wochen hat Linda Sabine angelogen. Vor vier Tagen hat Linda wieder eine gemeine Lüge gehört, als sie an einem Streit beteiligt war.;Linda hat mindestens zweimal eine gemeine Lüge gehört.;FacebookAI/roberta-large-mnli;entailment;0;0.07822452485561371;0.15454509854316711;0.7672303318977356
30_aii_bi1_cannot_say_neu;Vor zwei Wochen hat Linda Sabine angelogen.;Vor vier Tagen hat Linda wieder eine gemeine Lüge gehört, als sie an einem Streit beteiligt war.;Es lässt sich nicht sagen, wie oft Linda eine gemeine Lüge gehört hat.;unknown;30;aii;bi;1;neutral;cannot say;False;;;Vor zwei Wochen hat Linda Sabine angelogen. Vor vier Tagen hat Linda wieder eine gemeine Lüge gehört, als sie an einem Streit beteiligt war.;Es lässt sich nicht sagen, wie oft Linda eine gemeine Lüge gehört hat.;FacebookAI/roberta-large-mnli;neutral;1;0.12531843781471252;0.8190990686416626;0.055582523345947266
30_aii_bi2_once_pos;Vor zwei Wochen hat Linda Sabine angelogen.;Vor vier Tagen hat Sabine wieder eine gemeine Lüge gehört, als sie an einem Streit beteiligt war.;Sabine hat einmal eine gemeine Lüge gehört.;unknown;30;aii;bi;2;positive;once;False;;;Vor zwei Wochen hat Linda Sabine angelogen. Vor vier Tagen hat Sabine wieder eine gemeine Lüge gehört, als sie an einem Streit beteiligt war.;Sabine hat einmal eine gemeine Lüge gehört.;FacebookAI/roberta-large-mnli;neutral;1;0.18956615030765533;0.4123084247112274;0.39812546968460083
30_aii_bi2_twice_pos;Vor zwei Wochen hat Linda Sabine angelogen.;Vor vier Tagen hat Sabine wieder eine gemeine Lüge gehört, als sie an einem Streit beteiligt war.;Sabine hat mindestens zweimal eine gemeine Lüge gehört.;entailment;30;aii;bi;2;positive;twice;False;;;Vor zwei Wochen hat Linda Sabine angelogen. Vor vier Tagen hat Sabine wieder eine gemeine Lüge gehört, als sie an einem Streit beteiligt war.;Sabine hat mindestens zweimal eine gemeine Lüge gehört.;FacebookAI/roberta-large-mnli;entailment;1;0.10843391716480255;0.18943403661251068;0.7021321058273315
30_aii_bi2_cannot_say_pos;Vor zwei Wochen hat Linda Sabine angelogen.;Vor vier Tagen hat Sabine wieder eine gemeine Lüge gehört, als sie an einem Streit beteiligt war.;Es lässt sich nicht sagen, wie oft Sabine eine gemeine Lüge gehört hat.;unknown;30;aii;bi;2;positive;cannot say;False;;;Vor zwei Wochen hat Linda Sabine angelogen. Vor vier Tagen hat Sabine wieder eine gemeine Lüge gehört, als sie an einem Streit beteiligt war.;Es lässt sich nicht sagen, wie oft Sabine eine gemeine Lüge gehört hat.;FacebookAI/roberta-large-mnli;neutral;1;0.13007214665412903;0.813870906829834;0.056057002395391464
30_aii_bii1_once_pos;Vor zwei Wochen hat Linda Sabine angelogen.;Vor vier Tagen hat Linda wieder eine gemeine Lüge erzählt, als sie an einem Streit beteiligt war.;Linda hat einmal eine gemeine Lüge erzählt.;unknown;30;aii;bii;1;positive;once;False;;;Vor zwei Wochen hat Linda Sabine angelogen. Vor vier Tagen hat Linda wieder eine gemeine Lüge erzählt, als sie an einem Streit beteiligt war.;Linda hat einmal eine gemeine Lüge erzählt.;FacebookAI/roberta-large-mnli;entailment;0;0.1559799313545227;0.21675832569599152;0.6272616982460022
30_aii_bii1_twice_pos;Vor zwei Wochen hat Linda Sabine angelogen.;Vor vier Tagen hat Linda wieder eine gemeine Lüge erzählt, als sie an einem Streit beteiligt war.;Linda hat mindestens zweimal eine gemeine Lüge erzählt.;entailment;30;aii;bii;1;positive;twice;False;;;Vor zwei Wochen hat Linda Sabine angelogen. Vor vier Tagen hat Linda wieder eine gemeine Lüge erzählt, als sie an einem Streit beteiligt war.;Linda hat mindestens zweimal eine gemeine Lüge erzählt.;FacebookAI/roberta-large-mnli;entailment;1;0.080344557762146;0.13819271326065063;0.7814626693725586
30_aii_bii1_cannot_say_pos;Vor zwei Wochen hat Linda Sabine angelogen.;Vor vier Tagen hat Linda wieder eine gemeine Lüge erzählt, als sie an einem Streit beteiligt war.;Es lässt sich nicht sagen, wie oft Linda eine gemeine Lüge erzählt hat.;unknown;30;aii;bii;1;positive;cannot say;False;;;Vor zwei Wochen hat Linda Sabine angelogen. Vor vier Tagen hat Linda wieder eine gemeine Lüge erzählt, als sie an einem Streit beteiligt war.;Es lässt sich nicht sagen, wie oft Linda eine gemeine Lüge erzählt hat.;FacebookAI/roberta-large-mnli;neutral;1;0.11240541189908981;0.8248728513717651;0.06272169947624207
30_aii_bii2_once_neu;Vor zwei Wochen hat Linda Sabine angelogen.;Vor vier Tagen hat Sabine wieder eine gemeine Lüge erzählt, als sie an einem Streit beteiligt war.;Sabine hat einmal eine gemeine Lüge erzählt.;entailment;30;aii;bii;2;neutral;once;False;;;Vor zwei Wochen hat Linda Sabine angelogen. Vor vier Tagen hat Sabine wieder eine gemeine Lüge erzählt, als sie an einem Streit beteiligt war.;Sabine hat einmal eine gemeine Lüge erzählt.;FacebookAI/roberta-large-mnli;entailment;1;0.22654739022254944;0.3228844404220581;0.45056816935539246
30_aii_bii2_twice_neu;Vor zwei Wochen hat Linda Sabine angelogen.;Vor vier Tagen hat Sabine wieder eine gemeine Lüge erzählt, als sie an einem Streit beteiligt war.;Sabine hat mindestens zweimal eine gemeine Lüge erzählt.;unknown;30;aii;bii;2;neutral;twice;False;;;Vor zwei Wochen hat Linda Sabine angelogen. Vor vier Tagen hat Sabine wieder eine gemeine Lüge erzählt, als sie an einem Streit beteiligt war.;Sabine hat mindestens zweimal eine gemeine Lüge erzählt.;FacebookAI/roberta-large-mnli;entailment;0;0.08292348682880402;0.12172885984182358;0.7953476309776306
30_aii_bii2_cannot_say_neu;Vor zwei Wochen hat Linda Sabine angelogen.;Vor vier Tagen hat Sabine wieder eine gemeine Lüge erzählt, als sie an einem Streit beteiligt war.;Es lässt sich nicht sagen, wie oft Sabine eine gemeine Lüge erzählt hat.;unknown;30;aii;bii;2;neutral;cannot say;False;;;Vor zwei Wochen hat Linda Sabine angelogen. Vor vier Tagen hat Sabine wieder eine gemeine Lüge erzählt, als sie an einem Streit beteiligt war.;Es lässt sich nicht sagen, wie oft Sabine eine gemeine Lüge erzählt hat.;FacebookAI/roberta-large-mnli;neutral;1;0.12511493265628815;0.8076810240745544;0.06720402836799622
31_ai_bi1_once_pos;Vor drei Wochen hat Timo Judith massiert.;Vor vier Tagen hat Judith wieder eine wohltuende Massage bekommen, während sie mit einer Freundin gelernt hat.;Judith hat einmal eine wohltuende Massage bekommen.;unknown;31;ai;bi;1;positive;once;False;;;Vor drei Wochen hat Timo Judith massiert. Vor vier Tagen hat Judith wieder eine wohltuende Massage bekommen, während sie mit einer Freundin gelernt hat.;Judith hat einmal eine wohltuende Massage bekommen.;FacebookAI/roberta-large-mnli;entailment;0;0.10745184868574142;0.15094336867332458;0.7416048049926758
31_ai_bi1_twice_pos;Vor drei Wochen hat Timo Judith massiert.;Vor vier Tagen hat Judith wieder eine wohltuende Massage bekommen, während sie mit einer Freundin gelernt hat.;Judith hat mindestens zweimal eine wohltuende Massage bekommen.;entailment;31;ai;bi;1;positive;twice;False;;;Vor drei Wochen hat Timo Judith massiert. Vor vier Tagen hat Judith wieder eine wohltuende Massage bekommen, während sie mit einer Freundin gelernt hat.;Judith hat mindestens zweimal eine wohltuende Massage bekommen.;FacebookAI/roberta-large-mnli;entailment;1;0.11161991208791733;0.22103118896484375;0.6673489212989807
31_ai_bi1_cannot_say_pos;Vor drei Wochen hat Timo Judith massiert.;Vor vier Tagen hat Judith wieder eine wohltuende Massage bekommen, während sie mit einer Freundin gelernt hat.;Es lässt sich nicht sagen, wie oft Judith eine wohltuende Massage bekommen hat.;unknown;31;ai;bi;1;positive;cannot say;False;;;Vor drei Wochen hat Timo Judith massiert. Vor vier Tagen hat Judith wieder eine wohltuende Massage bekommen, während sie mit einer Freundin gelernt hat.;Es lässt sich nicht sagen, wie oft Judith eine wohltuende Massage bekommen hat.;FacebookAI/roberta-large-mnli;neutral;1;0.13081195950508118;0.7985207438468933;0.0706673339009285
31_ai_bi2_once_neu;Vor drei Wochen hat Timo Judith massiert.;Vor vier Tagen hat Timo wieder eine wohltuende Massage bekommen, während er mit einer Freundin gelernt hat.;Timo hat einmal eine wohltuende Massage bekommen.;entailment;31;ai;bi;2;neutral;once;False;;;Vor drei Wochen hat Timo Judith massiert. Vor vier Tagen hat Timo wieder eine wohltuende Massage bekommen, während er mit einer Freundin gelernt hat.;Timo hat einmal eine wohltuende Massage bekommen.;FacebookAI/roberta-large-mnli;entailment;1;0.15470246970653534;0.2047099769115448;0.640587568283081
31_ai_bi2_twice_neu;Vor drei Wochen hat Timo Judith massiert.;Vor vier Tagen hat Timo wieder eine wohltuende Massage bekommen, während er mit einer Freundin gelernt hat.;Timo hat mindestens zweimal eine wohltuende Massage bekommen.;unknown;31;ai;bi;2;neutral;twice;False;;;Vor drei Wochen hat Timo Judith massiert. Vor vier Tagen hat Timo wieder eine wohltuende Massage bekommen, während er mit einer Freundin gelernt hat.;Timo hat mindestens zweimal eine wohltuende Massage bekommen.;FacebookAI/roberta-large-mnli;entailment;0;0.08332041651010513;0.2652859091758728;0.6513936519622803
31_ai_bi2_cannot_say_neu;Vor drei Wochen hat Timo Judith massiert.;Vor vier Tagen hat Timo wieder eine wohltuende Massage bekommen, während er mit einer Freundin gelernt hat.;Es lässt sich nicht sagen, wie oft Timo eine wohltuende Massage bekommen hat.;unknown;31;ai;bi;2;neutral;cannot say;False;;;Vor drei Wochen hat Timo Judith massiert. Vor vier Tagen hat Timo wieder eine wohltuende Massage bekommen, während er mit einer Freundin gelernt hat.;Es lässt sich nicht sagen, wie oft Timo eine wohltuende Massage bekommen hat.;FacebookAI/roberta-large-mnli;neutral;1;0.12253258377313614;0.803886890411377;0.07358047366142273
31_ai_bii1_once_neu;Vor drei Wochen hat Timo Judith massiert.;Vor vier Tagen hat Judith wieder eine wohltuende Massage gegeben, während sie mit einer Freundin gelernt hat.;Judith hat einmal eine wohltuende Massage gegeben.;entailment;31;ai;bii;1;neutral;once;False;;;Vor drei Wochen hat Timo Judith massiert. Vor vier Tagen hat Judith wieder eine wohltuende Massage gegeben, während sie mit einer Freundin gelernt hat.;Judith hat einmal eine wohltuende Massage gegeben.;FacebookAI/roberta-large-mnli;entailment;1;0.14403840899467468;0.21958495676517487;0.6363765597343445
31_ai_bii1_twice_neu;Vor drei Wochen hat Timo Judith massiert.;Vor vier Tagen hat Judith wieder eine wohltuende Massage gegeben, während sie mit einer Freundin gelernt hat.;Judith hat mindestens zweimal eine wohltuende Massage gegeben.;unknown;31;ai;bii;1;neutral;twice;False;;;Vor drei Wochen hat Timo Judith massiert. Vor vier Tagen hat Judith wieder eine wohltuende Massage gegeben, während sie mit einer Freundin gelernt hat.;Judith hat mindestens zweimal eine wohltuende Massage gegeben.;FacebookAI/roberta-large-mnli;entailment;0;0.12223678827285767;0.2102806121110916;0.6674826145172119
31_ai_bii1_cannot_say_neu;Vor drei Wochen hat Timo Judith massiert.;Vor vier Tagen hat Judith wieder eine wohltuende Massage gegeben, während sie mit einer Freundin gelernt hat.;Es lässt sich nicht sagen, wie oft Judith eine wohltuende Massage gegeben hat.;unknown;31;ai;bii;1;neutral;cannot say;False;;;Vor drei Wochen hat Timo Judith massiert. Vor vier Tagen hat Judith wieder eine wohltuende Massage gegeben, während sie mit einer Freundin gelernt hat.;Es lässt sich nicht sagen, wie oft Judith eine wohltuende Massage gegeben hat.;FacebookAI/roberta-large-mnli;neutral;1;0.1449621170759201;0.7787328958511353;0.07630501687526703
31_ai_bii2_once_pos;Vor drei Wochen hat Timo Judith massiert.;Vor vier Tagen hat Timo wieder eine wohltuende Massage gegeben, während er mit einer Freundin gelernt hat.;Timo hat einmal eine wohltuende Massage gegeben.;unknown;31;ai;bii;2;positive;once;False;;;Vor drei Wochen hat Timo Judith massiert. Vor vier Tagen hat Timo wieder eine wohltuende Massage gegeben, während er mit einer Freundin gelernt hat.;Timo hat einmal eine wohltuende Massage gegeben.;FacebookAI/roberta-large-mnli;entailment;0;0.2498699128627777;0.27501508593559265;0.475115031003952
31_ai_bii2_twice_pos;Vor drei Wochen hat Timo Judith massiert.;Vor vier Tagen hat Timo wieder eine wohltuende Massage gegeben, während er mit einer Freundin gelernt hat.;Timo hat mindestens zweimal eine wohltuende Massage gegeben.;entailment;31;ai;bii;2;positive;twice;False;;;Vor drei Wochen hat Timo Judith massiert. Vor vier Tagen hat Timo wieder eine wohltuende Massage gegeben, während er mit einer Freundin gelernt hat.;Timo hat mindestens zweimal eine wohltuende Massage gegeben.;FacebookAI/roberta-large-mnli;entailment;1;0.09799014031887054;0.2649114429950714;0.637098491191864
31_ai_bii2_cannot_say_pos;Vor drei Wochen hat Timo Judith massiert.;Vor vier Tagen hat Timo wieder eine wohltuende Massage gegeben, während er mit einer Freundin gelernt hat.;Es lässt sich nicht sagen, wie oft Timo eine wohltuende Massage gegeben hat.;unknown;31;ai;bii;2;positive;cannot say;False;;;Vor drei Wochen hat Timo Judith massiert. Vor vier Tagen hat Timo wieder eine wohltuende Massage gegeben, während er mit einer Freundin gelernt hat.;Es lässt sich nicht sagen, wie oft Timo eine wohltuende Massage gegeben hat.;FacebookAI/roberta-large-mnli;neutral;1;0.12983953952789307;0.7978402972221375;0.0723201259970665
31_aii_bi1_once_neu;Vor drei Wochen hat Judith Timo massiert.;Vor vier Tagen hat Judith wieder eine wohltuende Massage bekommen, während sie mit einer Freundin gelernt hat.;Judith hat einmal eine wohltuende Massage bekommen.;entailment;31;aii;bi;1;neutral;once;False;;;Vor drei Wochen hat Judith Timo massiert. Vor vier Tagen hat Judith wieder eine wohltuende Massage bekommen, während sie mit einer Freundin gelernt hat.;Judith hat einmal eine wohltuende Massage bekommen.;FacebookAI/roberta-large-mnli;entailment;1;0.10355375707149506;0.13488560914993286;0.7615605592727661
31_aii_bi1_twice_neu;Vor drei Wochen hat Judith Timo massiert.;Vor vier Tagen hat Judith wieder eine wohltuende Massage bekommen, während sie mit einer Freundin gelernt hat.;Judith hat mindestens zweimal eine wohltuende Massage bekommen.;unknown;31;aii;bi;1;neutral;twice;False;;;Vor drei Wochen hat Judith Timo massiert. Vor vier Tagen hat Judith wieder eine wohltuende Massage bekommen, während sie mit einer Freundin gelernt hat.;Judith hat mindestens zweimal eine wohltuende Massage bekommen.;FacebookAI/roberta-large-mnli;entailment;0;0.11020288616418839;0.2365705370903015;0.6532266139984131
31_aii_bi1_cannot_say_neu;Vor drei Wochen hat Judith Timo massiert.;Vor vier Tagen hat Judith wieder eine wohltuende Massage bekommen, während sie mit einer Freundin gelernt hat.;Es lässt sich nicht sagen, wie oft Judith eine wohltuende Massage bekommen hat.;unknown;31;aii;bi;1;neutral;cannot say;False;;;Vor drei Wochen hat Judith Timo massiert. Vor vier Tagen hat Judith wieder eine wohltuende Massage bekommen, während sie mit einer Freundin gelernt hat.;Es lässt sich nicht sagen, wie oft Judith eine wohltuende Massage bekommen hat.;FacebookAI/roberta-large-mnli;neutral;1;0.12865863740444183;0.7906731367111206;0.08066816627979279
31_aii_bi2_once_pos;Vor drei Wochen hat Judith Timo massiert.;Vor vier Tagen hat Timo wieder eine wohltuende Massage bekommen, während er mit einer Freundin gelernt hat.;Timo hat einmal eine wohltuende Massage bekommen.;unknown;31;aii;bi;2;positive;once;False;;;Vor drei Wochen hat Judith Timo massiert. Vor vier Tagen hat Timo wieder eine wohltuende Massage bekommen, während er mit einer Freundin gelernt hat.;Timo hat einmal eine wohltuende Massage bekommen.;FacebookAI/roberta-large-mnli;entailment;0;0.1397356241941452;0.21368248760700226;0.6465818881988525
31_aii_bi2_twice_pos;Vor drei Wochen hat Judith Timo massiert.;Vor vier Tagen hat Timo wieder eine wohltuende Massage bekommen, während er mit einer Freundin gelernt hat.;Timo hat mindestens zweimal eine wohltuende Massage bekommen.;entailment;31;aii;bi;2;positive;twice;False;;;Vor drei Wochen hat Judith Timo massiert. Vor vier Tagen hat Timo wieder eine wohltuende Massage bekommen, während er mit einer Freundin gelernt hat.;Timo hat mindestens zweimal eine wohltuende Massage bekommen.;FacebookAI/roberta-large-mnli;entailment;1;0.08387238532304764;0.2513217329978943;0.6648058295249939
31_aii_bi2_cannot_say_pos;Vor drei Wochen hat Judith Timo massiert.;Vor vier Tagen hat Timo wieder eine wohltuende Massage bekommen, während er mit einer Freundin gelernt hat.;Es lässt sich nicht sagen, wie oft Timo eine wohltuende Massage bekommen hat.;unknown;31;aii;bi;2;positive;cannot say;False;;;Vor drei Wochen hat Judith Timo massiert. Vor vier Tagen hat Timo wieder eine wohltuende Massage bekommen, während er mit einer Freundin gelernt hat.;Es lässt sich nicht sagen, wie oft Timo eine wohltuende Massage bekommen hat.;FacebookAI/roberta-large-mnli;neutral;1;0.11861033737659454;0.8143153786659241;0.06707426905632019
31_aii_bii1_once_pos;Vor drei Wochen hat Judith Timo massiert.;Vor vier Tagen hat Judith wieder eine wohltuende Massage gegeben, während sie mit einer Freundin gelernt hat.;Judith hat einmal eine wohltuende Massage gegeben.;unknown;31;aii;bii;1;positive;once;False;;;Vor drei Wochen hat Judith Timo massiert. Vor vier Tagen hat Judith wieder eine wohltuende Massage gegeben, während sie mit einer Freundin gelernt hat.;Judith hat einmal eine wohltuende Massage gegeben.;FacebookAI/roberta-large-mnli;entailment;0;0.1611349880695343;0.18439166247844696;0.6544733643531799
31_aii_bii1_twice_pos;Vor drei Wochen hat Judith Timo massiert.;Vor vier Tagen hat Judith wieder eine wohltuende Massage gegeben, während sie mit einer Freundin gelernt hat.;Judith hat mindestens zweimal eine wohltuende Massage gegeben.;entailment;31;aii;bii;1;positive;twice;False;;;Vor drei Wochen hat Judith Timo massiert. Vor vier Tagen hat Judith wieder eine wohltuende Massage gegeben, während sie mit einer Freundin gelernt hat.;Judith hat mindestens zweimal eine wohltuende Massage gegeben.;FacebookAI/roberta-large-mnli;entailment;1;0.12734222412109375;0.2182031273841858;0.6544545888900757
31_aii_bii1_cannot_say_pos;Vor drei Wochen hat Judith Timo massiert.;Vor vier Tagen hat Judith wieder eine wohltuende Massage gegeben, während sie mit einer Freundin gelernt hat.;Es lässt sich nicht sagen, wie oft Judith eine wohltuende Massage gegeben hat.;unknown;31;aii;bii;1;positive;cannot say;False;;;Vor drei Wochen hat Judith Timo massiert. Vor vier Tagen hat Judith wieder eine wohltuende Massage gegeben, während sie mit einer Freundin gelernt hat.;Es lässt sich nicht sagen, wie oft Judith eine wohltuende Massage gegeben hat.;FacebookAI/roberta-large-mnli;neutral;1;0.14569561183452606;0.7720053791999817;0.08229900896549225
31_aii_bii2_once_neu;Vor drei Wochen hat Judith Timo massiert.;Vor vier Tagen hat Timo wieder eine wohltuende Massage gegeben, während er mit einer Freundin gelernt hat.;Timo hat einmal eine wohltuende Massage gegeben.;entailment;31;aii;bii;2;neutral;once;False;;;Vor drei Wochen hat Judith Timo massiert. Vor vier Tagen hat Timo wieder eine wohltuende Massage gegeben, während er mit einer Freundin gelernt hat.;Timo hat einmal eine wohltuende Massage gegeben.;FacebookAI/roberta-large-mnli;entailment;1;0.21304301917552948;0.3052942752838135;0.48166272044181824
31_aii_bii2_twice_neu;Vor drei Wochen hat Judith Timo massiert.;Vor vier Tagen hat Timo wieder eine wohltuende Massage gegeben, während er mit einer Freundin gelernt hat.;Timo hat mindestens zweimal eine wohltuende Massage gegeben.;unknown;31;aii;bii;2;neutral;twice;False;;;Vor drei Wochen hat Judith Timo massiert. Vor vier Tagen hat Timo wieder eine wohltuende Massage gegeben, während er mit einer Freundin gelernt hat.;Timo hat mindestens zweimal eine wohltuende Massage gegeben.;FacebookAI/roberta-large-mnli;entailment;0;0.10005254298448563;0.2520793676376343;0.6478680372238159
31_aii_bii2_cannot_say_neu;Vor drei Wochen hat Judith Timo massiert.;Vor vier Tagen hat Timo wieder eine wohltuende Massage gegeben, während er mit einer Freundin gelernt hat.;Es lässt sich nicht sagen, wie oft Timo eine wohltuende Massage gegeben hat.;unknown;31;aii;bii;2;neutral;cannot say;False;;;Vor drei Wochen hat Judith Timo massiert. Vor vier Tagen hat Timo wieder eine wohltuende Massage gegeben, während er mit einer Freundin gelernt hat.;Es lässt sich nicht sagen, wie oft Timo eine wohltuende Massage gegeben hat.;FacebookAI/roberta-large-mnli;neutral;1;0.12709611654281616;0.8071637153625488;0.06574013829231262
32_ai_bi1_once_neu;Vor drei Monaten hat Timo Linda ein weißes Bücherregal gebaut.;Vor zwei Wochen hat Linda wieder ein weißes Bücherregal geschreinert, weil sie in eine WG gezogen ist.;Linda hat einmal ein weißes Bücherregal geschreinert.;entailment;32;ai;bi;1;neutral;once;False;;"geschreinert is agent-oriented; erhalten is recipient-oriented.";Vor drei Monaten hat Timo Linda ein weißes Bücherregal gebaut. Vor zwei Wochen hat Linda wieder ein weißes Bücherregal geschreinert, weil sie in eine WG gezogen ist.;Linda hat einmal ein weißes Bücherregal geschreinert.;FacebookAI/roberta-large-mnli;entailment;1;0.24202875792980194;0.08428265154361725;0.673688530921936
32_ai_bi1_twice_neu;Vor drei Monaten hat Timo Linda ein weißes Bücherregal gebaut.;Vor zwei Wochen hat Linda wieder ein weißes Bücherregal geschreinert, weil sie in eine WG gezogen ist.;Linda hat mindestens zweimal ein weißes Bücherregal geschreinert.;unknown;32;ai;bi;1;neutral;twice;False;;"geschreinert is agent-oriented; erhalten is recipient-oriented.";Vor drei Monaten hat Timo Linda ein weißes Bücherregal gebaut. Vor zwei Wochen hat Linda wieder ein weißes Bücherregal geschreinert, weil sie in eine WG gezogen ist.;Linda hat mindestens zweimal ein weißes Bücherregal geschreinert.;FacebookAI/roberta-large-mnli;entailment;0;0.0907684788107872;0.17694881558418274;0.7322827577590942
32_ai_bi1_cannot_say_neu;Vor drei Monaten hat Timo Linda ein weißes Bücherregal gebaut.;Vor zwei Wochen hat Linda wieder ein weißes Bücherregal geschreinert, weil sie in eine WG gezogen ist.;Es lässt sich nicht sagen, wie oft Linda ein weißes Bücherregal geschreinert hat.;unknown;32;ai;bi;1;neutral;cannot say;False;;"geschreinert is agent-oriented; erhalten is recipient-oriented.";Vor drei Monaten hat Timo Linda ein weißes Bücherregal gebaut. Vor zwei Wochen hat Linda wieder ein weißes Bücherregal geschreinert, weil sie in eine WG gezogen ist.;Es lässt sich nicht sagen, wie oft Linda ein weißes Bücherregal geschreinert hat.;FacebookAI/roberta-large-mnli;neutral;1;0.11811981350183487;0.8007868528366089;0.08109331876039505
32_ai_bi2_once_pos;Vor drei Monaten hat Timo Linda ein weißes Bücherregal gebaut.;Vor zwei Wochen hat Timo wieder ein weißes Bücherregal geschreinert, weil er in eine WG gezogen ist.;Timo hat einmal ein weißes Bücherregal geschreinert.;unknown;32;ai;bi;2;positive;once;False;;"geschreinert is agent-oriented; erhalten is recipient-oriented.";Vor drei Monaten hat Timo Linda ein weißes Bücherregal gebaut. Vor zwei Wochen hat Timo wieder ein weißes Bücherregal geschreinert, weil er in eine WG gezogen ist.;Timo hat einmal ein weißes Bücherregal geschreinert.;FacebookAI/roberta-large-mnli;entailment;0;0.2938790023326874;0.09215077757835388;0.6139702796936035
32_ai_bi2_twice_pos;Vor drei Monaten hat Timo Linda ein weißes Bücherregal gebaut.;Vor zwei Wochen hat Timo wieder ein weißes Bücherregal geschreinert, weil er in eine WG gezogen ist.;Timo hat mindestens zweimal ein weißes Bücherregal geschreinert.;entailment;32;ai;bi;2;positive;twice;False;;"geschreinert is agent-oriented; erhalten is recipient-oriented.";Vor drei Monaten hat Timo Linda ein weißes Bücherregal gebaut. Vor zwei Wochen hat Timo wieder ein weißes Bücherregal geschreinert, weil er in eine WG gezogen ist.;Timo hat mindestens zweimal ein weißes Bücherregal geschreinert.;FacebookAI/roberta-large-mnli;entailment;1;0.09921503067016602;0.1951734721660614;0.7056115865707397
32_ai_bi2_cannot_say_pos;Vor drei Monaten hat Timo Linda ein weißes Bücherregal gebaut.;Vor zwei Wochen hat Timo wieder ein weißes Bücherregal geschreinert, weil er in eine WG gezogen ist.;Es lässt sich nicht sagen, wie oft Timo ein weißes Bücherregal geschreinert hat.;unknown;32;ai;bi;2;positive;cannot say;False;;"geschreinert is agent-oriented; erhalten is recipient-oriented.";Vor drei Monaten hat Timo Linda ein weißes Bücherregal gebaut. Vor zwei Wochen hat Timo wieder ein weißes Bücherregal geschreinert, weil er in eine WG gezogen ist.;Es lässt sich nicht sagen, wie oft Timo ein weißes Bücherregal geschreinert hat.;FacebookAI/roberta-large-mnli;neutral;1;0.13326655328273773;0.7872930765151978;0.0794403925538063
32_ai_bii1_once_pos;Vor drei Monaten hat Timo Linda ein weißes Bücherregal gebaut.;Vor zwei Wochen hat Linda wieder ein weißes Bücherregal erhalten, weil sie in eine WG gezogen ist.;Linda hat einmal ein weißes Bücherregal erhalten.;unknown;32;ai;bii;1;positive;once;False;;"geschreinert is agent-oriented; erhalten is recipient-oriented.";Vor drei Monaten hat Timo Linda ein weißes Bücherregal gebaut. Vor zwei Wochen hat Linda wieder ein weißes Bücherregal erhalten, weil sie in eine WG gezogen ist.;Linda hat einmal ein weißes Bücherregal erhalten.;FacebookAI/roberta-large-mnli;entailment;0;0.35266485810279846;0.07956142723560333;0.567773699760437
32_ai_bii1_twice_pos;Vor drei Monaten hat Timo Linda ein weißes Bücherregal gebaut.;Vor zwei Wochen hat Linda wieder ein weißes Bücherregal erhalten, weil sie in eine WG gezogen ist.;Linda hat mindestens zweimal ein weißes Bücherregal erhalten.;entailment;32;ai;bii;1;positive;twice;False;;"geschreinert is agent-oriented; erhalten is recipient-oriented.";Vor drei Monaten hat Timo Linda ein weißes Bücherregal gebaut. Vor zwei Wochen hat Linda wieder ein weißes Bücherregal erhalten, weil sie in eine WG gezogen ist.;Linda hat mindestens zweimal ein weißes Bücherregal erhalten.;FacebookAI/roberta-large-mnli;entailment;1;0.08595344424247742;0.15778321027755737;0.7562633752822876
32_ai_bii1_cannot_say_pos;Vor drei Monaten hat Timo Linda ein weißes Bücherregal gebaut.;Vor zwei Wochen hat Linda wieder ein weißes Bücherregal erhalten, weil sie in eine WG gezogen ist.;Es lässt sich nicht sagen, wie oft Linda ein weißes Bücherregal erhalten hat.;unknown;32;ai;bii;1;positive;cannot say;False;;"geschreinert is agent-oriented; erhalten is recipient-oriented.";Vor drei Monaten hat Timo Linda ein weißes Bücherregal gebaut. Vor zwei Wochen hat Linda wieder ein weißes Bücherregal erhalten, weil sie in eine WG gezogen ist.;Es lässt sich nicht sagen, wie oft Linda ein weißes Bücherregal erhalten hat.;FacebookAI/roberta-large-mnli;neutral;1;0.12923648953437805;0.7942834496498108;0.07648003101348877
32_ai_bii2_once_neu;Vor drei Monaten hat Timo Linda ein weißes Bücherregal gebaut.;Vor zwei Wochen hat Timo wieder ein weißes Bücherregal erhalten, weil er in eine WG gezogen ist.;Timo hat einmal ein weißes Bücherregal erhalten.;entailment;32;ai;bii;2;neutral;once;False;;"geschreinert is agent-oriented; erhalten is recipient-oriented.";Vor drei Monaten hat Timo Linda ein weißes Bücherregal gebaut. Vor zwei Wochen hat Timo wieder ein weißes Bücherregal erhalten, weil er in eine WG gezogen ist.;Timo hat einmal ein weißes Bücherregal erhalten.;FacebookAI/roberta-large-mnli;entailment;1;0.42445504665374756;0.08285689353942871;0.4926880896091461
32_ai_bii2_twice_neu;Vor drei Monaten hat Timo Linda ein weißes Bücherregal gebaut.;Vor zwei Wochen hat Timo wieder ein weißes Bücherregal erhalten, weil er in eine WG gezogen ist.;Timo hat mindestens zweimal ein weißes Bücherregal erhalten.;unknown;32;ai;bii;2;neutral;twice;False;;"geschreinert is agent-oriented; erhalten is recipient-oriented.";Vor drei Monaten hat Timo Linda ein weißes Bücherregal gebaut. Vor zwei Wochen hat Timo wieder ein weißes Bücherregal erhalten, weil er in eine WG gezogen ist.;Timo hat mindestens zweimal ein weißes Bücherregal erhalten.;FacebookAI/roberta-large-mnli;entailment;0;0.0963885709643364;0.19292432069778442;0.7106871008872986
32_ai_bii2_cannot_say_neu;Vor drei Monaten hat Timo Linda ein weißes Bücherregal gebaut.;Vor zwei Wochen hat Timo wieder ein weißes Bücherregal erhalten, weil er in eine WG gezogen ist.;Es lässt sich nicht sagen, wie oft Timo ein weißes Bücherregal erhalten hat.;unknown;32;ai;bii;2;neutral;cannot say;False;;"geschreinert is agent-oriented; erhalten is recipient-oriented.";Vor drei Monaten hat Timo Linda ein weißes Bücherregal gebaut. Vor zwei Wochen hat Timo wieder ein weißes Bücherregal erhalten, weil er in eine WG gezogen ist.;Es lässt sich nicht sagen, wie oft Timo ein weißes Bücherregal erhalten hat.;FacebookAI/roberta-large-mnli;neutral;1;0.14795733988285065;0.7805821299552917;0.07146048545837402
32_aii_bi1_once_pos;Vor drei Monaten hat Linda Timo ein weißes Bücherregal gebaut.;Vor zwei Wochen hat Linda wieder ein weißes Bücherregal geschreinert, weil sie in eine WG gezogen ist.;Linda hat einmal ein weißes Bücherregal geschreinert.;unknown;32;aii;bi;1;positive;once;False;;"geschreinert is agent-oriented; erhalten is recipient-oriented.";Vor drei Monaten hat Linda Timo ein weißes Bücherregal gebaut. Vor zwei Wochen hat Linda wieder ein weißes Bücherregal geschreinert, weil sie in eine WG gezogen ist.;Linda hat einmal ein weißes Bücherregal geschreinert.;FacebookAI/roberta-large-mnli;entailment;0;0.28364506363868713;0.07927241176366806;0.637082576751709
32_aii_bi1_twice_pos;Vor drei Monaten hat Linda Timo ein weißes Bücherregal gebaut.;Vor zwei Wochen hat Linda wieder ein weißes Bücherregal geschreinert, weil sie in eine WG gezogen ist.;Linda hat mindestens zweimal ein weißes Bücherregal geschreinert.;entailment;32;aii;bi;1;positive;twice;False;;"geschreinert is agent-oriented; erhalten is recipient-oriented.";Vor drei Monaten hat Linda Timo ein weißes Bücherregal gebaut. Vor zwei Wochen hat Linda wieder ein weißes Bücherregal geschreinert, weil sie in eine WG gezogen ist.;Linda hat mindestens zweimal ein weißes Bücherregal geschreinert.;FacebookAI/roberta-large-mnli;entailment;1;0.09541016072034836;0.1651533842086792;0.7394364476203918
32_aii_bi1_cannot_say_pos;Vor drei Monaten hat Linda Timo ein weißes Bücherregal gebaut.;Vor zwei Wochen hat Linda wieder ein weißes Bücherregal geschreinert, weil sie in eine WG gezogen ist.;Es lässt sich nicht sagen, wie oft Linda ein weißes Bücherregal geschreinert hat.;unknown;32;aii;bi;1;positive;cannot say;False;;"geschreinert is agent-oriented; erhalten is recipient-oriented.";Vor drei Monaten hat Linda Timo ein weißes Bücherregal gebaut. Vor zwei Wochen hat Linda wieder ein weißes Bücherregal geschreinert, weil sie in eine WG gezogen ist.;Es lässt sich nicht sagen, wie oft Linda ein weißes Bücherregal geschreinert hat.;FacebookAI/roberta-large-mnli;neutral;1;0.12081222981214523;0.7969197630882263;0.08226806670427322
32_aii_bi2_once_neu;Vor drei Monaten hat Linda Timo ein weißes Bücherregal gebaut.;Vor zwei Wochen hat Timo wieder ein weißes Bücherregal geschreinert, weil er in eine WG gezogen ist.;Timo hat einmal ein weißes Bücherregal geschreinert.;entailment;32;aii;bi;2;neutral;once;False;;"geschreinert is agent-oriented; erhalten is recipient-oriented.";Vor drei Monaten hat Linda Timo ein weißes Bücherregal gebaut. Vor zwei Wochen hat Timo wieder ein weißes Bücherregal geschreinert, weil er in eine WG gezogen ist.;Timo hat einmal ein weißes Bücherregal geschreinert.;FacebookAI/roberta-large-mnli;entailment;1;0.2956305742263794;0.10252795368432999;0.6018414497375488
32_aii_bi2_twice_neu;Vor drei Monaten hat Linda Timo ein weißes Bücherregal gebaut.;Vor zwei Wochen hat Timo wieder ein weißes Bücherregal geschreinert, weil er in eine WG gezogen ist.;Timo hat mindestens zweimal ein weißes Bücherregal geschreinert.;unknown;32;aii;bi;2;neutral;twice;False;;"geschreinert is agent-oriented; erhalten is recipient-oriented.";Vor drei Monaten hat Linda Timo ein weißes Bücherregal gebaut. Vor zwei Wochen hat Timo wieder ein weißes Bücherregal geschreinert, weil er in eine WG gezogen ist.;Timo hat mindestens zweimal ein weißes Bücherregal geschreinert.;FacebookAI/roberta-large-mnli;entailment;0;0.0910310298204422;0.19137771427631378;0.7175912261009216
32_aii_bi2_cannot_say_neu;Vor drei Monaten hat Linda Timo ein weißes Bücherregal gebaut.;Vor zwei Wochen hat Timo wieder ein weißes Bücherregal geschreinert, weil er in eine WG gezogen ist.;Es lässt sich nicht sagen, wie oft Timo ein weißes Bücherregal geschreinert hat.;unknown;32;aii;bi;2;neutral;cannot say;False;;"geschreinert is agent-oriented; erhalten is recipient-oriented.";Vor drei Monaten hat Linda Timo ein weißes Bücherregal gebaut. Vor zwei Wochen hat Timo wieder ein weißes Bücherregal geschreinert, weil er in eine WG gezogen ist.;Es lässt sich nicht sagen, wie oft Timo ein weißes Bücherregal geschreinert hat.;FacebookAI/roberta-large-mnli;neutral;1;0.13338734209537506;0.7877508401870728;0.07886188477277756
32_aii_bii1_once_neu;Vor drei Monaten hat Linda Timo ein weißes Bücherregal gebaut.;Vor zwei Wochen hat Linda wieder ein weißes Bücherregal erhalten, weil sie in eine WG gezogen ist.;Linda hat einmal ein weißes Bücherregal erhalten.;entailment;32;aii;bii;1;neutral;once;False;;"geschreinert is agent-oriented; erhalten is recipient-oriented.";Vor drei Monaten hat Linda Timo ein weißes Bücherregal gebaut. Vor zwei Wochen hat Linda wieder ein weißes Bücherregal erhalten, weil sie in eine WG gezogen ist.;Linda hat einmal ein weißes Bücherregal erhalten.;FacebookAI/roberta-large-mnli;entailment;1;0.4174308776855469;0.07321289926767349;0.5093562006950378
32_aii_bii1_twice_neu;Vor drei Monaten hat Linda Timo ein weißes Bücherregal gebaut.;Vor zwei Wochen hat Linda wieder ein weißes Bücherregal erhalten, weil sie in eine WG gezogen ist.;Linda hat mindestens zweimal ein weißes Bücherregal erhalten.;unknown;32;aii;bii;1;neutral;twice;False;;"geschreinert is agent-oriented; erhalten is recipient-oriented.";Vor drei Monaten hat Linda Timo ein weißes Bücherregal gebaut. Vor zwei Wochen hat Linda wieder ein weißes Bücherregal erhalten, weil sie in eine WG gezogen ist.;Linda hat mindestens zweimal ein weißes Bücherregal erhalten.;FacebookAI/roberta-large-mnli;entailment;0;0.09793584793806076;0.155016228556633;0.7470479607582092
32_aii_bii1_cannot_say_neu;Vor drei Monaten hat Linda Timo ein weißes Bücherregal gebaut.;Vor zwei Wochen hat Linda wieder ein weißes Bücherregal erhalten, weil sie in eine WG gezogen ist.;Es lässt sich nicht sagen, wie oft Linda ein weißes Bücherregal erhalten hat.;unknown;32;aii;bii;1;neutral;cannot say;False;;"geschreinert is agent-oriented; erhalten is recipient-oriented.";Vor drei Monaten hat Linda Timo ein weißes Bücherregal gebaut. Vor zwei Wochen hat Linda wieder ein weißes Bücherregal erhalten, weil sie in eine WG gezogen ist.;Es lässt sich nicht sagen, wie oft Linda ein weißes Bücherregal erhalten hat.;FacebookAI/roberta-large-mnli;neutral;1;0.13452181220054626;0.7858620285987854;0.07961619645357132
32_aii_bii2_once_pos;Vor drei Monaten hat Linda Timo ein weißes Bücherregal gebaut.;Vor zwei Wochen hat Timo wieder ein weißes Bücherregal erhalten, weil er in eine WG gezogen ist.;Timo hat einmal ein weißes Bücherregal erhalten.;unknown;32;aii;bii;2;positive;once;False;;"geschreinert is agent-oriented; erhalten is recipient-oriented.";Vor drei Monaten hat Linda Timo ein weißes Bücherregal gebaut. Vor zwei Wochen hat Timo wieder ein weißes Bücherregal erhalten, weil er in eine WG gezogen ist.;Timo hat einmal ein weißes Bücherregal erhalten.;FacebookAI/roberta-large-mnli;entailment;0;0.42091619968414307;0.09096600115299225;0.4881178140640259
32_aii_bii2_twice_pos;Vor drei Monaten hat Linda Timo ein weißes Bücherregal gebaut.;Vor zwei Wochen hat Timo wieder ein weißes Bücherregal erhalten, weil er in eine WG gezogen ist.;Timo hat mindestens zweimal ein weißes Bücherregal erhalten.;entailment;32;aii;bii;2;positive;twice;False;;"geschreinert is agent-oriented; erhalten is recipient-oriented.";Vor drei Monaten hat Linda Timo ein weißes Bücherregal gebaut. Vor zwei Wochen hat Timo wieder ein weißes Bücherregal erhalten, weil er in eine WG gezogen ist.;Timo hat mindestens zweimal ein weißes Bücherregal erhalten.;FacebookAI/roberta-large-mnli;entailment;1;0.08660119026899338;0.1791377067565918;0.7342610359191895
32_aii_bii2_cannot_say_pos;Vor drei Monaten hat Linda Timo ein weißes Bücherregal gebaut.;Vor zwei Wochen hat Timo wieder ein weißes Bücherregal erhalten, weil er in eine WG gezogen ist.;Es lässt sich nicht sagen, wie oft Timo ein weißes Bücherregal erhalten hat.;unknown;32;aii;bii;2;positive;cannot say;False;;"geschreinert is agent-oriented; erhalten is recipient-oriented.";Vor drei Monaten hat Linda Timo ein weißes Bücherregal gebaut. Vor zwei Wochen hat Timo wieder ein weißes Bücherregal erhalten, weil er in eine WG gezogen ist.;Es lässt sich nicht sagen, wie oft Timo ein weißes Bücherregal erhalten hat.;FacebookAI/roberta-large-mnli;neutral;1;0.1467774510383606;0.7854998111724854;0.06772271543741226
33_ai_bi1_once_pos;Letzten Monat hat Timo Greta ein peinliches Geheimnis verraten.;Vor drei Tagen hat Greta wieder ein peinliches Geheimnis erfahren, als sie an einem Klassentreffen teilgenommen hat.;Greta hat einmal ein peinliches Geheimnis erfahren.;unknown;33;ai;bi;1;positive;once;False;;;Letzten Monat hat Timo Greta ein peinliches Geheimnis verraten. Vor drei Tagen hat Greta wieder ein peinliches Geheimnis erfahren, als sie an einem Klassentreffen teilgenommen hat.;Greta hat einmal ein peinliches Geheimnis erfahren.;FacebookAI/roberta-large-mnli;entailment;0;0.042738575488328934;0.12360841780900955;0.8336529731750488
33_ai_bi1_twice_pos;Letzten Monat hat Timo Greta ein peinliches Geheimnis verraten.;Vor drei Tagen hat Greta wieder ein peinliches Geheimnis erfahren, als sie an einem Klassentreffen teilgenommen hat.;Greta hat mindestens zweimal ein peinliches Geheimnis erfahren.;entailment;33;ai;bi;1;positive;twice;False;;;Letzten Monat hat Timo Greta ein peinliches Geheimnis verraten. Vor drei Tagen hat Greta wieder ein peinliches Geheimnis erfahren, als sie an einem Klassentreffen teilgenommen hat.;Greta hat mindestens zweimal ein peinliches Geheimnis erfahren.;FacebookAI/roberta-large-mnli;entailment;1;0.1377646028995514;0.4057563543319702;0.4564790725708008
33_ai_bi1_cannot_say_pos;Letzten Monat hat Timo Greta ein peinliches Geheimnis verraten.;Vor drei Tagen hat Greta wieder ein peinliches Geheimnis erfahren, als sie an einem Klassentreffen teilgenommen hat.;Es lässt sich nicht sagen, wie oft Greta ein peinliches Geheimnis erfahren hat.;unknown;33;ai;bi;1;positive;cannot say;False;;;Letzten Monat hat Timo Greta ein peinliches Geheimnis verraten. Vor drei Tagen hat Greta wieder ein peinliches Geheimnis erfahren, als sie an einem Klassentreffen teilgenommen hat.;Es lässt sich nicht sagen, wie oft Greta ein peinliches Geheimnis erfahren hat.;FacebookAI/roberta-large-mnli;neutral;1;0.09052442014217377;0.8385025262832642;0.07097308337688446
33_ai_bi2_once_neu;Letzten Monat hat Timo Greta ein peinliches Geheimnis verraten.;Vor drei Tagen hat Timo wieder ein peinliches Geheimnis erfahren, als er an einem Klassentreffen teilgenommen hat.;Timo hat einmal ein peinliches Geheimnis erfahren.;entailment;33;ai;bi;2;neutral;once;False;;;Letzten Monat hat Timo Greta ein peinliches Geheimnis verraten. Vor drei Tagen hat Timo wieder ein peinliches Geheimnis erfahren, als er an einem Klassentreffen teilgenommen hat.;Timo hat einmal ein peinliches Geheimnis erfahren.;FacebookAI/roberta-large-mnli;entailment;1;0.059249598532915115;0.13529525697231293;0.8054550886154175
33_ai_bi2_twice_neu;Letzten Monat hat Timo Greta ein peinliches Geheimnis verraten.;Vor drei Tagen hat Timo wieder ein peinliches Geheimnis erfahren, als er an einem Klassentreffen teilgenommen hat.;Timo hat mindestens zweimal ein peinliches Geheimnis erfahren.;unknown;33;ai;bi;2;neutral;twice;False;;;Letzten Monat hat Timo Greta ein peinliches Geheimnis verraten. Vor drei Tagen hat Timo wieder ein peinliches Geheimnis erfahren, als er an einem Klassentreffen teilgenommen hat.;Timo hat mindestens zweimal ein peinliches Geheimnis erfahren.;FacebookAI/roberta-large-mnli;entailment;0;0.09622378647327423;0.40045666694641113;0.5033195614814758
33_ai_bi2_cannot_say_neu;Letzten Monat hat Timo Greta ein peinliches Geheimnis verraten.;Vor drei Tagen hat Timo wieder ein peinliches Geheimnis erfahren, als er an einem Klassentreffen teilgenommen hat.;Es lässt sich nicht sagen, wie oft Timo ein peinliches Geheimnis erfahren hat.;unknown;33;ai;bi;2;neutral;cannot say;False;;;Letzten Monat hat Timo Greta ein peinliches Geheimnis verraten. Vor drei Tagen hat Timo wieder ein peinliches Geheimnis erfahren, als er an einem Klassentreffen teilgenommen hat.;Es lässt sich nicht sagen, wie oft Timo ein peinliches Geheimnis erfahren hat.;FacebookAI/roberta-large-mnli;neutral;1;0.0942123606801033;0.8393385410308838;0.0664491131901741
33_ai_bii1_once_neu;Letzten Monat hat Timo Greta ein peinliches Geheimnis verraten.;Vor drei Tagen hat Greta wieder ein peinliches Geheimnis preisgegeben, als sie an einem Klassentreffen teilgenommen hat.;Greta hat einmal ein peinliches Geheimnis preisgegeben.;entailment;33;ai;bii;1;neutral;once;False;;;Letzten Monat hat Timo Greta ein peinliches Geheimnis verraten. Vor drei Tagen hat Greta wieder ein peinliches Geheimnis preisgegeben, als sie an einem Klassentreffen teilgenommen hat.;Greta hat einmal ein peinliches Geheimnis preisgegeben.;FacebookAI/roberta-large-mnli;entailment;1;0.05463472008705139;0.12161079794168472;0.8237544894218445
33_ai_bii1_twice_neu;Letzten Monat hat Timo Greta ein peinliches Geheimnis verraten.;Vor drei Tagen hat Greta wieder ein peinliches Geheimnis preisgegeben, als sie an einem Klassentreffen teilgenommen hat.;Greta hat mindestens zweimal ein peinliches Geheimnis preisgegeben.;unknown;33;ai;bii;1;neutral;twice;False;;;Letzten Monat hat Timo Greta ein peinliches Geheimnis verraten. Vor drei Tagen hat Greta wieder ein peinliches Geheimnis preisgegeben, als sie an einem Klassentreffen teilgenommen hat.;Greta hat mindestens zweimal ein peinliches Geheimnis preisgegeben.;FacebookAI/roberta-large-mnli;entailment;0;0.1263524293899536;0.40177157521247864;0.4718759059906006
33_ai_bii1_cannot_say_neu;Letzten Monat hat Timo Greta ein peinliches Geheimnis verraten.;Vor drei Tagen hat Greta wieder ein peinliches Geheimnis preisgegeben, als sie an einem Klassentreffen teilgenommen hat.;Es lässt sich nicht sagen, wie oft Greta ein peinliches Geheimnis preisgegeben hat.;unknown;33;ai;bii;1;neutral;cannot say;False;;;Letzten Monat hat Timo Greta ein peinliches Geheimnis verraten. Vor drei Tagen hat Greta wieder ein peinliches Geheimnis preisgegeben, als sie an einem Klassentreffen teilgenommen hat.;Es lässt sich nicht sagen, wie oft Greta ein peinliches Geheimnis preisgegeben hat.;FacebookAI/roberta-large-mnli;neutral;1;0.09934090822935104;0.8293353915214539;0.07132365554571152
33_ai_bii2_once_pos;Letzten Monat hat Timo Greta ein peinliches Geheimnis verraten.;Vor drei Tagen hat Timo wieder ein peinliches Geheimnis preisgegeben, als er an einem Klassentreffen teilgenommen hat.;Timo hat einmal ein peinliches Geheimnis preisgegeben.;unknown;33;ai;bii;2;positive;once;False;;;Letzten Monat hat Timo Greta ein peinliches Geheimnis verraten. Vor drei Tagen hat Timo wieder ein peinliches Geheimnis preisgegeben, als er an einem Klassentreffen teilgenommen hat.;Timo hat einmal ein peinliches Geheimnis preisgegeben.;FacebookAI/roberta-large-mnli;entailment;0;0.07829675078392029;0.14243419468402863;0.7792689800262451
33_ai_bii2_twice_pos;Letzten Monat hat Timo Greta ein peinliches Geheimnis verraten.;Vor drei Tagen hat Timo wieder ein peinliches Geheimnis preisgegeben, als er an einem Klassentreffen teilgenommen hat.;Timo hat mindestens zweimal ein peinliches Geheimnis preisgegeben.;entailment;33;ai;bii;2;positive;twice;False;;;Letzten Monat hat Timo Greta ein peinliches Geheimnis verraten. Vor drei Tagen hat Timo wieder ein peinliches Geheimnis preisgegeben, als er an einem Klassentreffen teilgenommen hat.;Timo hat mindestens zweimal ein peinliches Geheimnis preisgegeben.;FacebookAI/roberta-large-mnli;entailment;1;0.10279971361160278;0.38538169860839844;0.5118185877799988
33_ai_bii2_cannot_say_pos;Letzten Monat hat Timo Greta ein peinliches Geheimnis verraten.;Vor drei Tagen hat Timo wieder ein peinliches Geheimnis preisgegeben, als er an einem Klassentreffen teilgenommen hat.;Es lässt sich nicht sagen, wie oft Timo ein peinliches Geheimnis preisgegeben hat.;unknown;33;ai;bii;2;positive;cannot say;False;;;Letzten Monat hat Timo Greta ein peinliches Geheimnis verraten. Vor drei Tagen hat Timo wieder ein peinliches Geheimnis preisgegeben, als er an einem Klassentreffen teilgenommen hat.;Es lässt sich nicht sagen, wie oft Timo ein peinliches Geheimnis preisgegeben hat.;FacebookAI/roberta-large-mnli;neutral;1;0.09679362177848816;0.8380771279335022;0.06512928009033203
33_aii_bi1_once_neu;Letzten Monat hat Greta Timo ein peinliches Geheimnis verraten.;Vor drei Tagen hat Greta wieder ein peinliches Geheimnis erfahren, als sie an einem Klassentreffen teilgenommen hat.;Greta hat einmal ein peinliches Geheimnis erfahren.;entailment;33;aii;bi;1;neutral;once;False;;;Letzten Monat hat Greta Timo ein peinliches Geheimnis verraten. Vor drei Tagen hat Greta wieder ein peinliches Geheimnis erfahren, als sie an einem Klassentreffen teilgenommen hat.;Greta hat einmal ein peinliches Geheimnis erfahren.;FacebookAI/roberta-large-mnli;entailment;1;0.04372863098978996;0.109442800283432;0.8468286395072937
33_aii_bi1_twice_neu;Letzten Monat hat Greta Timo ein peinliches Geheimnis verraten.;Vor drei Tagen hat Greta wieder ein peinliches Geheimnis erfahren, als sie an einem Klassentreffen teilgenommen hat.;Greta hat mindestens zweimal ein peinliches Geheimnis erfahren.;unknown;33;aii;bi;1;neutral;twice;False;;;Letzten Monat hat Greta Timo ein peinliches Geheimnis verraten. Vor drei Tagen hat Greta wieder ein peinliches Geheimnis erfahren, als sie an einem Klassentreffen teilgenommen hat.;Greta hat mindestens zweimal ein peinliches Geheimnis erfahren.;FacebookAI/roberta-large-mnli;entailment;0;0.1414536088705063;0.38720569014549255;0.4713406562805176
33_aii_bi1_cannot_say_neu;Letzten Monat hat Greta Timo ein peinliches Geheimnis verraten.;Vor drei Tagen hat Greta wieder ein peinliches Geheimnis erfahren, als sie an einem Klassentreffen teilgenommen hat.;Es lässt sich nicht sagen, wie oft Greta ein peinliches Geheimnis erfahren hat.;unknown;33;aii;bi;1;neutral;cannot say;False;;;Letzten Monat hat Greta Timo ein peinliches Geheimnis verraten. Vor drei Tagen hat Greta wieder ein peinliches Geheimnis erfahren, als sie an einem Klassentreffen teilgenommen hat.;Es lässt sich nicht sagen, wie oft Greta ein peinliches Geheimnis erfahren hat.;FacebookAI/roberta-large-mnli;neutral;1;0.09227246791124344;0.8319984078407288;0.07572916150093079
33_aii_bi2_once_pos;Letzten Monat hat Greta Timo ein peinliches Geheimnis verraten.;Vor drei Tagen hat Timo wieder ein peinliches Geheimnis erfahren, als er an einem Klassentreffen teilgenommen hat.;Timo hat einmal ein peinliches Geheimnis erfahren.;unknown;33;aii;bi;2;positive;once;False;;;Letzten Monat hat Greta Timo ein peinliches Geheimnis verraten. Vor drei Tagen hat Timo wieder ein peinliches Geheimnis erfahren, als er an einem Klassentreffen teilgenommen hat.;Timo hat einmal ein peinliches Geheimnis erfahren.;FacebookAI/roberta-large-mnli;entailment;0;0.061265237629413605;0.16358788311481476;0.7751468420028687
33_aii_bi2_twice_pos;Letzten Monat hat Greta Timo ein peinliches Geheimnis verraten.;Vor drei Tagen hat Timo wieder ein peinliches Geheimnis erfahren, als er an einem Klassentreffen teilgenommen hat.;Timo hat mindestens zweimal ein peinliches Geheimnis erfahren.;entailment;33;aii;bi;2;positive;twice;False;;;Letzten Monat hat Greta Timo ein peinliches Geheimnis verraten. Vor drei Tagen hat Timo wieder ein peinliches Geheimnis erfahren, als er an einem Klassentreffen teilgenommen hat.;Timo hat mindestens zweimal ein peinliches Geheimnis erfahren.;FacebookAI/roberta-large-mnli;entailment;1;0.09471150487661362;0.39853420853614807;0.5067542791366577
33_aii_bi2_cannot_say_pos;Letzten Monat hat Greta Timo ein peinliches Geheimnis verraten.;Vor drei Tagen hat Timo wieder ein peinliches Geheimnis erfahren, als er an einem Klassentreffen teilgenommen hat.;Es lässt sich nicht sagen, wie oft Timo ein peinliches Geheimnis erfahren hat.;unknown;33;aii;bi;2;positive;cannot say;False;;;Letzten Monat hat Greta Timo ein peinliches Geheimnis verraten. Vor drei Tagen hat Timo wieder ein peinliches Geheimnis erfahren, als er an einem Klassentreffen teilgenommen hat.;Es lässt sich nicht sagen, wie oft Timo ein peinliches Geheimnis erfahren hat.;FacebookAI/roberta-large-mnli;neutral;1;0.09431078284978867;0.843049943447113;0.06263929605484009
33_aii_bii1_once_pos;Letzten Monat hat Greta Timo ein peinliches Geheimnis verraten.;Vor drei Tagen hat Greta wieder ein peinliches Geheimnis preisgegeben, als sie an einem Klassentreffen teilgenommen hat.;Greta hat einmal ein peinliches Geheimnis preisgegeben.;unknown;33;aii;bii;1;positive;once;False;;;Letzten Monat hat Greta Timo ein peinliches Geheimnis verraten. Vor drei Tagen hat Greta wieder ein peinliches Geheimnis preisgegeben, als sie an einem Klassentreffen teilgenommen hat.;Greta hat einmal ein peinliches Geheimnis preisgegeben.;FacebookAI/roberta-large-mnli;entailment;0;0.056432005017995834;0.10825354605913162;0.8353144526481628
33_aii_bii1_twice_pos;Letzten Monat hat Greta Timo ein peinliches Geheimnis verraten.;Vor drei Tagen hat Greta wieder ein peinliches Geheimnis preisgegeben, als sie an einem Klassentreffen teilgenommen hat.;Greta hat mindestens zweimal ein peinliches Geheimnis preisgegeben.;entailment;33;aii;bii;1;positive;twice;False;;;Letzten Monat hat Greta Timo ein peinliches Geheimnis verraten. Vor drei Tagen hat Greta wieder ein peinliches Geheimnis preisgegeben, als sie an einem Klassentreffen teilgenommen hat.;Greta hat mindestens zweimal ein peinliches Geheimnis preisgegeben.;FacebookAI/roberta-large-mnli;entailment;1;0.13020558655261993;0.3818111717700958;0.48798319697380066
33_aii_bii1_cannot_say_pos;Letzten Monat hat Greta Timo ein peinliches Geheimnis verraten.;Vor drei Tagen hat Greta wieder ein peinliches Geheimnis preisgegeben, als sie an einem Klassentreffen teilgenommen hat.;Es lässt sich nicht sagen, wie oft Greta ein peinliches Geheimnis preisgegeben hat.;unknown;33;aii;bii;1;positive;cannot say;False;;;Letzten Monat hat Greta Timo ein peinliches Geheimnis verraten. Vor drei Tagen hat Greta wieder ein peinliches Geheimnis preisgegeben, als sie an einem Klassentreffen teilgenommen hat.;Es lässt sich nicht sagen, wie oft Greta ein peinliches Geheimnis preisgegeben hat.;FacebookAI/roberta-large-mnli;neutral;1;0.1008136048913002;0.824364423751831;0.07482197135686874
33_aii_bii2_once_neu;Letzten Monat hat Greta Timo ein peinliches Geheimnis verraten.;Vor drei Tagen hat Timo wieder ein peinliches Geheimnis preisgegeben, als er an einem Klassentreffen teilgenommen hat.;Timo hat einmal ein peinliches Geheimnis preisgegeben.;entailment;33;aii;bii;2;neutral;once;False;;;Letzten Monat hat Greta Timo ein peinliches Geheimnis verraten. Vor drei Tagen hat Timo wieder ein peinliches Geheimnis preisgegeben, als er an einem Klassentreffen teilgenommen hat.;Timo hat einmal ein peinliches Geheimnis preisgegeben.;FacebookAI/roberta-large-mnli;entailment;1;0.07766876369714737;0.1791195422410965;0.7432116866111755
33_aii_bii2_twice_neu;Letzten Monat hat Greta Timo ein peinliches Geheimnis verraten.;Vor drei Tagen hat Timo wieder ein peinliches Geheimnis preisgegeben, als er an einem Klassentreffen teilgenommen hat.;Timo hat mindestens zweimal ein peinliches Geheimnis preisgegeben.;unknown;33;aii;bii;2;neutral;twice;False;;;Letzten Monat hat Greta Timo ein peinliches Geheimnis verraten. Vor drei Tagen hat Timo wieder ein peinliches Geheimnis preisgegeben, als er an einem Klassentreffen teilgenommen hat.;Timo hat mindestens zweimal ein peinliches Geheimnis preisgegeben.;FacebookAI/roberta-large-mnli;entailment;0;0.09459836781024933;0.38669294118881226;0.5187086462974548
33_aii_bii2_cannot_say_neu;Letzten Monat hat Greta Timo ein peinliches Geheimnis verraten.;Vor drei Tagen hat Timo wieder ein peinliches Geheimnis preisgegeben, als er an einem Klassentreffen teilgenommen hat.;Es lässt sich nicht sagen, wie oft Timo ein peinliches Geheimnis preisgegeben hat.;unknown;33;aii;bii;2;neutral;cannot say;False;;;Letzten Monat hat Greta Timo ein peinliches Geheimnis verraten. Vor drei Tagen hat Timo wieder ein peinliches Geheimnis preisgegeben, als er an einem Klassentreffen teilgenommen hat.;Es lässt sich nicht sagen, wie oft Timo ein peinliches Geheimnis preisgegeben hat.;FacebookAI/roberta-large-mnli;neutral;1;0.0975126326084137;0.838295042514801;0.06419242173433304
34_ai_bi1_once_pos;Vor vier Monaten hat Timo Sabine einen neuen Haarschnitt verpasst.;Vor einer Woche hat Sabine wieder einen neuen Haarschnitt bekommen, weil sie an einem Frisurenwettbewerb teilgenommen hat.;Sabine hat einmal einen neuen Haarschnitt bekommen.;unknown;34;ai;bi;1;positive;once;False;;;Vor vier Monaten hat Timo Sabine einen neuen Haarschnitt verpasst. Vor einer Woche hat Sabine wieder einen neuen Haarschnitt bekommen, weil sie an einem Frisurenwettbewerb teilgenommen hat.;Sabine hat einmal einen neuen Haarschnitt bekommen.;FacebookAI/roberta-large-mnli;entailment;0;0.21651020646095276;0.07426157593727112;0.7092282176017761
34_ai_bi1_twice_pos;Vor vier Monaten hat Timo Sabine einen neuen Haarschnitt verpasst.;Vor einer Woche hat Sabine wieder einen neuen Haarschnitt bekommen, weil sie an einem Frisurenwettbewerb teilgenommen hat.;Sabine hat mindestens zweimal einen neuen Haarschnitt bekommen.;entailment;34;ai;bi;1;positive;twice;False;;;Vor vier Monaten hat Timo Sabine einen neuen Haarschnitt verpasst. Vor einer Woche hat Sabine wieder einen neuen Haarschnitt bekommen, weil sie an einem Frisurenwettbewerb teilgenommen hat.;Sabine hat mindestens zweimal einen neuen Haarschnitt bekommen.;FacebookAI/roberta-large-mnli;entailment;1;0.13723546266555786;0.19955125451087952;0.6632132530212402
34_ai_bi1_cannot_say_pos;Vor vier Monaten hat Timo Sabine einen neuen Haarschnitt verpasst.;Vor einer Woche hat Sabine wieder einen neuen Haarschnitt bekommen, weil sie an einem Frisurenwettbewerb teilgenommen hat.;Es lässt sich nicht sagen, wie oft Sabine einen neuen Haarschnitt bekommen hat.;unknown;34;ai;bi;1;positive;cannot say;False;;;Vor vier Monaten hat Timo Sabine einen neuen Haarschnitt verpasst. Vor einer Woche hat Sabine wieder einen neuen Haarschnitt bekommen, weil sie an einem Frisurenwettbewerb teilgenommen hat.;Es lässt sich nicht sagen, wie oft Sabine einen neuen Haarschnitt bekommen hat.;FacebookAI/roberta-large-mnli;neutral;1;0.13570880889892578;0.7629406452178955;0.10135051608085632
34_ai_bi2_once_neu;Vor vier Monaten hat Timo Sabine einen neuen Haarschnitt verpasst.;Vor einer Woche hat Timo wieder einen neuen Haarschnitt bekommen, weil er an einem Frisurenwettbewerb teilgenommen hat.;Timo hat einmal einen neuen Haarschnitt bekommen.;entailment;34;ai;bi;2;neutral;once;False;;;Vor vier Monaten hat Timo Sabine einen neuen Haarschnitt verpasst. Vor einer Woche hat Timo wieder einen neuen Haarschnitt bekommen, weil er an einem Frisurenwettbewerb teilgenommen hat.;Timo hat einmal einen neuen Haarschnitt bekommen.;FacebookAI/roberta-large-mnli;entailment;1;0.24299852550029755;0.07661231607198715;0.6803891062736511
34_ai_bi2_twice_neu;Vor vier Monaten hat Timo Sabine einen neuen Haarschnitt verpasst.;Vor einer Woche hat Timo wieder einen neuen Haarschnitt bekommen, weil er an einem Frisurenwettbewerb teilgenommen hat.;Timo hat mindestens zweimal einen neuen Haarschnitt bekommen.;unknown;34;ai;bi;2;neutral;twice;False;;;Vor vier Monaten hat Timo Sabine einen neuen Haarschnitt verpasst. Vor einer Woche hat Timo wieder einen neuen Haarschnitt bekommen, weil er an einem Frisurenwettbewerb teilgenommen hat.;Timo hat mindestens zweimal einen neuen Haarschnitt bekommen.;FacebookAI/roberta-large-mnli;entailment;0;0.1374867558479309;0.19250279664993286;0.6700104475021362
34_ai_bi2_cannot_say_neu;Vor vier Monaten hat Timo Sabine einen neuen Haarschnitt verpasst.;Vor einer Woche hat Timo wieder einen neuen Haarschnitt bekommen, weil er an einem Frisurenwettbewerb teilgenommen hat.;Es lässt sich nicht sagen, wie oft Timo einen neuen Haarschnitt bekommen hat.;unknown;34;ai;bi;2;neutral;cannot say;False;;;Vor vier Monaten hat Timo Sabine einen neuen Haarschnitt verpasst. Vor einer Woche hat Timo wieder einen neuen Haarschnitt bekommen, weil er an einem Frisurenwettbewerb teilgenommen hat.;Es lässt sich nicht sagen, wie oft Timo einen neuen Haarschnitt bekommen hat.;FacebookAI/roberta-large-mnli;neutral;1;0.14087092876434326;0.7717337012290955;0.08739539980888367
34_ai_bii1_once_neu;Vor vier Monaten hat Timo Sabine einen neuen Haarschnitt verpasst.;Vor einer Woche hat Sabine wieder einen neuen Haarschnitt kreiert, weil sie an einem Frisurenwettbewerb teilgenommen hat.;Sabine hat einmal einen neuen Haarschnitt kreiert.;entailment;34;ai;bii;1;neutral;once;False;;;Vor vier Monaten hat Timo Sabine einen neuen Haarschnitt verpasst. Vor einer Woche hat Sabine wieder einen neuen Haarschnitt kreiert, weil sie an einem Frisurenwettbewerb teilgenommen hat.;Sabine hat einmal einen neuen Haarschnitt kreiert.;FacebookAI/roberta-large-mnli;entailment;1;0.27568644285202026;0.08598946779966354;0.6383240222930908
34_ai_bii1_twice_neu;Vor vier Monaten hat Timo Sabine einen neuen Haarschnitt verpasst.;Vor einer Woche hat Sabine wieder einen neuen Haarschnitt kreiert, weil sie an einem Frisurenwettbewerb teilgenommen hat.;Sabine hat mindestens zweimal einen neuen Haarschnitt kreiert.;unknown;34;ai;bii;1;neutral;twice;False;;;Vor vier Monaten hat Timo Sabine einen neuen Haarschnitt verpasst. Vor einer Woche hat Sabine wieder einen neuen Haarschnitt kreiert, weil sie an einem Frisurenwettbewerb teilgenommen hat.;Sabine hat mindestens zweimal einen neuen Haarschnitt kreiert.;FacebookAI/roberta-large-mnli;entailment;0;0.19557328522205353;0.2969227731227875;0.5075039267539978
34_ai_bii1_cannot_say_neu;Vor vier Monaten hat Timo Sabine einen neuen Haarschnitt verpasst.;Vor einer Woche hat Sabine wieder einen neuen Haarschnitt kreiert, weil sie an einem Frisurenwettbewerb teilgenommen hat.;Es lässt sich nicht sagen, wie oft Sabine einen neuen Haarschnitt kreiert hat.;unknown;34;ai;bii;1;neutral;cannot say;False;;;Vor vier Monaten hat Timo Sabine einen neuen Haarschnitt verpasst. Vor einer Woche hat Sabine wieder einen neuen Haarschnitt kreiert, weil sie an einem Frisurenwettbewerb teilgenommen hat.;Es lässt sich nicht sagen, wie oft Sabine einen neuen Haarschnitt kreiert hat.;FacebookAI/roberta-large-mnli;neutral;1;0.12074920535087585;0.7865579724311829;0.0926927700638771
34_ai_bii2_once_pos;Vor vier Monaten hat Timo Sabine einen neuen Haarschnitt verpasst.;Vor einer Woche hat Timo wieder einen neuen Haarschnitt kreiert, weil er an einem Frisurenwettbewerb teilgenommen hat.;Timo hat einmal einen neuen Haarschnitt kreiert.;unknown;34;ai;bii;2;positive;once;False;;;Vor vier Monaten hat Timo Sabine einen neuen Haarschnitt verpasst. Vor einer Woche hat Timo wieder einen neuen Haarschnitt kreiert, weil er an einem Frisurenwettbewerb teilgenommen hat.;Timo hat einmal einen neuen Haarschnitt kreiert.;FacebookAI/roberta-large-mnli;entailment;0;0.2939988672733307;0.08751856535673141;0.6184824705123901
34_ai_bii2_twice_pos;Vor vier Monaten hat Timo Sabine einen neuen Haarschnitt verpasst.;Vor einer Woche hat Timo wieder einen neuen Haarschnitt kreiert, weil er an einem Frisurenwettbewerb teilgenommen hat.;Timo hat mindestens zweimal einen neuen Haarschnitt kreiert.;entailment;34;ai;bii;2;positive;twice;False;;;Vor vier Monaten hat Timo Sabine einen neuen Haarschnitt verpasst. Vor einer Woche hat Timo wieder einen neuen Haarschnitt kreiert, weil er an einem Frisurenwettbewerb teilgenommen hat.;Timo hat mindestens zweimal einen neuen Haarschnitt kreiert.;FacebookAI/roberta-large-mnli;entailment;1;0.19293712079524994;0.28390833735466003;0.5231544971466064
34_ai_bii2_cannot_say_pos;Vor vier Monaten hat Timo Sabine einen neuen Haarschnitt verpasst.;Vor einer Woche hat Timo wieder einen neuen Haarschnitt kreiert, weil er an einem Frisurenwettbewerb teilgenommen hat.;Es lässt sich nicht sagen, wie oft Timo einen neuen Haarschnitt kreiert hat.;unknown;34;ai;bii;2;positive;cannot say;False;;;Vor vier Monaten hat Timo Sabine einen neuen Haarschnitt verpasst. Vor einer Woche hat Timo wieder einen neuen Haarschnitt kreiert, weil er an einem Frisurenwettbewerb teilgenommen hat.;Es lässt sich nicht sagen, wie oft Timo einen neuen Haarschnitt kreiert hat.;FacebookAI/roberta-large-mnli;neutral;1;0.13132451474666595;0.78558748960495;0.0830879658460617
34_aii_bi1_once_neu;Vor vier Monaten hat Sabine Timo einen neuen Haarschnitt verpasst.;Vor einer Woche hat Sabine wieder einen neuen Haarschnitt bekommen, weil sie an einem Frisurenwettbewerb teilgenommen hat.;Sabine hat einmal einen neuen Haarschnitt bekommen.;entailment;34;aii;bi;1;neutral;once;False;;;Vor vier Monaten hat Sabine Timo einen neuen Haarschnitt verpasst. Vor einer Woche hat Sabine wieder einen neuen Haarschnitt bekommen, weil sie an einem Frisurenwettbewerb teilgenommen hat.;Sabine hat einmal einen neuen Haarschnitt bekommen.;FacebookAI/roberta-large-mnli;entailment;1;0.22500728070735931;0.07698322832584381;0.6980094909667969
34_aii_bi1_twice_neu;Vor vier Monaten hat Sabine Timo einen neuen Haarschnitt verpasst.;Vor einer Woche hat Sabine wieder einen neuen Haarschnitt bekommen, weil sie an einem Frisurenwettbewerb teilgenommen hat.;Sabine hat mindestens zweimal einen neuen Haarschnitt bekommen.;unknown;34;aii;bi;1;neutral;twice;False;;;Vor vier Monaten hat Sabine Timo einen neuen Haarschnitt verpasst. Vor einer Woche hat Sabine wieder einen neuen Haarschnitt bekommen, weil sie an einem Frisurenwettbewerb teilgenommen hat.;Sabine hat mindestens zweimal einen neuen Haarschnitt bekommen.;FacebookAI/roberta-large-mnli;entailment;0;0.13720360398292542;0.2008371502161026;0.6619592905044556
34_aii_bi1_cannot_say_neu;Vor vier Monaten hat Sabine Timo einen neuen Haarschnitt verpasst.;Vor einer Woche hat Sabine wieder einen neuen Haarschnitt bekommen, weil sie an einem Frisurenwettbewerb teilgenommen hat.;Es lässt sich nicht sagen, wie oft Sabine einen neuen Haarschnitt bekommen hat.;unknown;34;aii;bi;1;neutral;cannot say;False;;;Vor vier Monaten hat Sabine Timo einen neuen Haarschnitt verpasst. Vor einer Woche hat Sabine wieder einen neuen Haarschnitt bekommen, weil sie an einem Frisurenwettbewerb teilgenommen hat.;Es lässt sich nicht sagen, wie oft Sabine einen neuen Haarschnitt bekommen hat.;FacebookAI/roberta-large-mnli;neutral;1;0.14846660196781158;0.7476695775985718;0.10386381298303604
34_aii_bi2_once_pos;Vor vier Monaten hat Sabine Timo einen neuen Haarschnitt verpasst.;Vor einer Woche hat Timo wieder einen neuen Haarschnitt bekommen, weil er an einem Frisurenwettbewerb teilgenommen hat.;Timo hat einmal einen neuen Haarschnitt bekommen.;unknown;34;aii;bi;2;positive;once;False;;;Vor vier Monaten hat Sabine Timo einen neuen Haarschnitt verpasst. Vor einer Woche hat Timo wieder einen neuen Haarschnitt bekommen, weil er an einem Frisurenwettbewerb teilgenommen hat.;Timo hat einmal einen neuen Haarschnitt bekommen.;FacebookAI/roberta-large-mnli;entailment;0;0.2102692723274231;0.08306677639484406;0.7066639065742493
34_aii_bi2_twice_pos;Vor vier Monaten hat Sabine Timo einen neuen Haarschnitt verpasst.;Vor einer Woche hat Timo wieder einen neuen Haarschnitt bekommen, weil er an einem Frisurenwettbewerb teilgenommen hat.;Timo hat mindestens zweimal einen neuen Haarschnitt bekommen.;entailment;34;aii;bi;2;positive;twice;False;;;Vor vier Monaten hat Sabine Timo einen neuen Haarschnitt verpasst. Vor einer Woche hat Timo wieder einen neuen Haarschnitt bekommen, weil er an einem Frisurenwettbewerb teilgenommen hat.;Timo hat mindestens zweimal einen neuen Haarschnitt bekommen.;FacebookAI/roberta-large-mnli;entailment;1;0.12907524406909943;0.20633132755756378;0.6645934581756592
34_aii_bi2_cannot_say_pos;Vor vier Monaten hat Sabine Timo einen neuen Haarschnitt verpasst.;Vor einer Woche hat Timo wieder einen neuen Haarschnitt bekommen, weil er an einem Frisurenwettbewerb teilgenommen hat.;Es lässt sich nicht sagen, wie oft Timo einen neuen Haarschnitt bekommen hat.;unknown;34;aii;bi;2;positive;cannot say;False;;;Vor vier Monaten hat Sabine Timo einen neuen Haarschnitt verpasst. Vor einer Woche hat Timo wieder einen neuen Haarschnitt bekommen, weil er an einem Frisurenwettbewerb teilgenommen hat.;Es lässt sich nicht sagen, wie oft Timo einen neuen Haarschnitt bekommen hat.;FacebookAI/roberta-large-mnli;neutral;1;0.13273921608924866;0.7930112481117249;0.07424952834844589
34_aii_bii1_once_pos;Vor vier Monaten hat Sabine Timo einen neuen Haarschnitt verpasst.;Vor einer Woche hat Sabine wieder einen neuen Haarschnitt kreiert, weil sie an einem Frisurenwettbewerb teilgenommen hat.;Sabine hat einmal einen neuen Haarschnitt kreiert.;unknown;34;aii;bii;1;positive;once;False;;;Vor vier Monaten hat Sabine Timo einen neuen Haarschnitt verpasst. Vor einer Woche hat Sabine wieder einen neuen Haarschnitt kreiert, weil sie an einem Frisurenwettbewerb teilgenommen hat.;Sabine hat einmal einen neuen Haarschnitt kreiert.;FacebookAI/roberta-large-mnli;entailment;0;0.27341488003730774;0.08759608119726181;0.6389890313148499
34_aii_bii1_twice_pos;Vor vier Monaten hat Sabine Timo einen neuen Haarschnitt verpasst.;Vor einer Woche hat Sabine wieder einen neuen Haarschnitt kreiert, weil sie an einem Frisurenwettbewerb teilgenommen hat.;Sabine hat mindestens zweimal einen neuen Haarschnitt kreiert.;entailment;34;aii;bii;1;positive;twice;False;;;Vor vier Monaten hat Sabine Timo einen neuen Haarschnitt verpasst. Vor einer Woche hat Sabine wieder einen neuen Haarschnitt kreiert, weil sie an einem Frisurenwettbewerb teilgenommen hat.;Sabine hat mindestens zweimal einen neuen Haarschnitt kreiert.;FacebookAI/roberta-large-mnli;entailment;1;0.19699439406394958;0.2915436327457428;0.5114619135856628
34_aii_bii1_cannot_say_pos;Vor vier Monaten hat Sabine Timo einen neuen Haarschnitt verpasst.;Vor einer Woche hat Sabine wieder einen neuen Haarschnitt kreiert, weil sie an einem Frisurenwettbewerb teilgenommen hat.;Es lässt sich nicht sagen, wie oft Sabine einen neuen Haarschnitt kreiert hat.;unknown;34;aii;bii;1;positive;cannot say;False;;;Vor vier Monaten hat Sabine Timo einen neuen Haarschnitt verpasst. Vor einer Woche hat Sabine wieder einen neuen Haarschnitt kreiert, weil sie an einem Frisurenwettbewerb teilgenommen hat.;Es lässt sich nicht sagen, wie oft Sabine einen neuen Haarschnitt kreiert hat.;FacebookAI/roberta-large-mnli;neutral;1;0.13009260594844818;0.7754561901092529;0.09445122629404068
34_aii_bii2_once_neu;Vor vier Monaten hat Sabine Timo einen neuen Haarschnitt verpasst.;Vor einer Woche hat Timo wieder einen neuen Haarschnitt kreiert, weil er an einem Frisurenwettbewerb teilgenommen hat.;Timo hat einmal einen neuen Haarschnitt kreiert.;entailment;34;aii;bii;2;neutral;once;False;;;Vor vier Monaten hat Sabine Timo einen neuen Haarschnitt verpasst. Vor einer Woche hat Timo wieder einen neuen Haarschnitt kreiert, weil er an einem Frisurenwettbewerb teilgenommen hat.;Timo hat einmal einen neuen Haarschnitt kreiert.;FacebookAI/roberta-large-mnli;entailment;1;0.24390536546707153;0.09923767298460007;0.656856894493103
34_aii_bii2_twice_neu;Vor vier Monaten hat Sabine Timo einen neuen Haarschnitt verpasst.;Vor einer Woche hat Timo wieder einen neuen Haarschnitt kreiert, weil er an einem Frisurenwettbewerb teilgenommen hat.;Timo hat mindestens zweimal einen neuen Haarschnitt kreiert.;unknown;34;aii;bii;2;neutral;twice;False;;;Vor vier Monaten hat Sabine Timo einen neuen Haarschnitt verpasst. Vor einer Woche hat Timo wieder einen neuen Haarschnitt kreiert, weil er an einem Frisurenwettbewerb teilgenommen hat.;Timo hat mindestens zweimal einen neuen Haarschnitt kreiert.;FacebookAI/roberta-large-mnli;entailment;0;0.17265570163726807;0.3099951148033142;0.5173491835594177
34_aii_bii2_cannot_say_neu;Vor vier Monaten hat Sabine Timo einen neuen Haarschnitt verpasst.;Vor einer Woche hat Timo wieder einen neuen Haarschnitt kreiert, weil er an einem Frisurenwettbewerb teilgenommen hat.;Es lässt sich nicht sagen, wie oft Timo einen neuen Haarschnitt kreiert hat.;unknown;34;aii;bii;2;neutral;cannot say;False;;;Vor vier Monaten hat Sabine Timo einen neuen Haarschnitt verpasst. Vor einer Woche hat Timo wieder einen neuen Haarschnitt kreiert, weil er an einem Frisurenwettbewerb teilgenommen hat.;Es lässt sich nicht sagen, wie oft Timo einen neuen Haarschnitt kreiert hat.;FacebookAI/roberta-large-mnli;neutral;1;0.12234422564506531;0.8068181872367859;0.07083764672279358
35_ai_bi1_once_pos;Vorletzte Woche hat Timo Tina fünf Euro geborgt.;Vor zwei Tagen hat Tina wieder eine kleine Geldsumme ausgeliehen, als sie in einer Kneipe verabredet war.;Tina hat einmal eine kleine Geldsumme ausgeliehen.;unknown;35;ai;bi;1;positive;once;False;;;Vorletzte Woche hat Timo Tina fünf Euro geborgt. Vor zwei Tagen hat Tina wieder eine kleine Geldsumme ausgeliehen, als sie in einer Kneipe verabredet war.;Tina hat einmal eine kleine Geldsumme ausgeliehen.;FacebookAI/roberta-large-mnli;entailment;0;0.06794410943984985;0.3830266296863556;0.5490292906761169
35_ai_bi1_twice_pos;Vorletzte Woche hat Timo Tina fünf Euro geborgt.;Vor zwei Tagen hat Tina wieder eine kleine Geldsumme ausgeliehen, als sie in einer Kneipe verabredet war.;Tina hat mindestens zweimal eine kleine Geldsumme ausgeliehen.;entailment;35;ai;bi;1;positive;twice;False;;;Vorletzte Woche hat Timo Tina fünf Euro geborgt. Vor zwei Tagen hat Tina wieder eine kleine Geldsumme ausgeliehen, als sie in einer Kneipe verabredet war.;Tina hat mindestens zweimal eine kleine Geldsumme ausgeliehen.;FacebookAI/roberta-large-mnli;entailment;1;0.08069614320993423;0.26967042684555054;0.6496334075927734
35_ai_bi1_cannot_say_pos;Vorletzte Woche hat Timo Tina fünf Euro geborgt.;Vor zwei Tagen hat Tina wieder eine kleine Geldsumme ausgeliehen, als sie in einer Kneipe verabredet war.;Es lässt sich nicht sagen, wie oft Tina eine kleine Geldsumme ausgeliehen hat.;unknown;35;ai;bi;1;positive;cannot say;False;;;Vorletzte Woche hat Timo Tina fünf Euro geborgt. Vor zwei Tagen hat Tina wieder eine kleine Geldsumme ausgeliehen, als sie in einer Kneipe verabredet war.;Es lässt sich nicht sagen, wie oft Tina eine kleine Geldsumme ausgeliehen hat.;FacebookAI/roberta-large-mnli;neutral;1;0.07005525380373001;0.8841906785964966;0.04575403779745102
35_ai_bi2_once_neu;Vorletzte Woche hat Timo Tina fünf Euro geborgt.;Vor zwei Tagen hat Timo wieder eine kleine Geldsumme ausgeliehen, als er in einer Kneipe verabredet war.;Timo hat einmal eine kleine Geldsumme ausgeliehen.;entailment;35;ai;bi;2;neutral;once;False;;;Vorletzte Woche hat Timo Tina fünf Euro geborgt. Vor zwei Tagen hat Timo wieder eine kleine Geldsumme ausgeliehen, als er in einer Kneipe verabredet war.;Timo hat einmal eine kleine Geldsumme ausgeliehen.;FacebookAI/roberta-large-mnli;entailment;1;0.0697241798043251;0.3624438941478729;0.5678319334983826
35_ai_bi2_twice_neu;Vorletzte Woche hat Timo Tina fünf Euro geborgt.;Vor zwei Tagen hat Timo wieder eine kleine Geldsumme ausgeliehen, als er in einer Kneipe verabredet war.;Timo hat mindestens zweimal eine kleine Geldsumme ausgeliehen.;unknown;35;ai;bi;2;neutral;twice;False;;;Vorletzte Woche hat Timo Tina fünf Euro geborgt. Vor zwei Tagen hat Timo wieder eine kleine Geldsumme ausgeliehen, als er in einer Kneipe verabredet war.;Timo hat mindestens zweimal eine kleine Geldsumme ausgeliehen.;FacebookAI/roberta-large-mnli;entailment;0;0.06056012585759163;0.280354380607605;0.6590854525566101
35_ai_bi2_cannot_say_neu;Vorletzte Woche hat Timo Tina fünf Euro geborgt.;Vor zwei Tagen hat Timo wieder eine kleine Geldsumme ausgeliehen, als er in einer Kneipe verabredet war.;Es lässt sich nicht sagen, wie oft Timo eine kleine Geldsumme ausgeliehen hat.;unknown;35;ai;bi;2;neutral;cannot say;False;;;Vorletzte Woche hat Timo Tina fünf Euro geborgt. Vor zwei Tagen hat Timo wieder eine kleine Geldsumme ausgeliehen, als er in einer Kneipe verabredet war.;Es lässt sich nicht sagen, wie oft Timo eine kleine Geldsumme ausgeliehen hat.;FacebookAI/roberta-large-mnli;neutral;1;0.07605895400047302;0.8691272139549255;0.05481385812163353
35_ai_bii1_once_neu;Vorletzte Woche hat Timo Tina fünf Euro geborgt.;Vor zwei Tagen hat Tina wieder eine kleine Geldsumme verliehen, als sie in einer Kneipe verabredet war.;Tina hat einmal eine kleine Geldsumme verliehen.;entailment;35;ai;bii;1;neutral;once;False;;;Vorletzte Woche hat Timo Tina fünf Euro geborgt. Vor zwei Tagen hat Tina wieder eine kleine Geldsumme verliehen, als sie in einer Kneipe verabredet war.;Tina hat einmal eine kleine Geldsumme verliehen.;FacebookAI/roberta-large-mnli;entailment;1;0.05251543968915939;0.43137094378471375;0.5161135792732239
35_ai_bii1_twice_neu;Vorletzte Woche hat Timo Tina fünf Euro geborgt.;Vor zwei Tagen hat Tina wieder eine kleine Geldsumme verliehen, als sie in einer Kneipe verabredet war.;Tina hat mindestens zweimal eine kleine Geldsumme verliehen.;unknown;35;ai;bii;1;neutral;twice;False;;;Vorletzte Woche hat Timo Tina fünf Euro geborgt. Vor zwei Tagen hat Tina wieder eine kleine Geldsumme verliehen, als sie in einer Kneipe verabredet war.;Tina hat mindestens zweimal eine kleine Geldsumme verliehen.;FacebookAI/roberta-large-mnli;entailment;0;0.056266698986291885;0.217401385307312;0.7263319492340088
35_ai_bii1_cannot_say_neu;Vorletzte Woche hat Timo Tina fünf Euro geborgt.;Vor zwei Tagen hat Tina wieder eine kleine Geldsumme verliehen, als sie in einer Kneipe verabredet war.;Es lässt sich nicht sagen, wie oft Tina eine kleine Geldsumme verliehen hat.;unknown;35;ai;bii;1;neutral;cannot say;False;;;Vorletzte Woche hat Timo Tina fünf Euro geborgt. Vor zwei Tagen hat Tina wieder eine kleine Geldsumme verliehen, als sie in einer Kneipe verabredet war.;Es lässt sich nicht sagen, wie oft Tina eine kleine Geldsumme verliehen hat.;FacebookAI/roberta-large-mnli;neutral;1;0.06669262796640396;0.8923852443695068;0.04092208296060562
35_ai_bii2_once_pos;Vorletzte Woche hat Timo Tina fünf Euro geborgt.;Vor zwei Tagen hat Timo wieder eine kleine Geldsumme verliehen, als er in einer Kneipe verabredet war.;Timo hat einmal eine kleine Geldsumme verliehen.;unknown;35;ai;bii;2;positive;once;False;;;Vorletzte Woche hat Timo Tina fünf Euro geborgt. Vor zwei Tagen hat Timo wieder eine kleine Geldsumme verliehen, als er in einer Kneipe verabredet war.;Timo hat einmal eine kleine Geldsumme verliehen.;FacebookAI/roberta-large-mnli;entailment;0;0.054692596197128296;0.393541157245636;0.5517662167549133
35_ai_bii2_twice_pos;Vorletzte Woche hat Timo Tina fünf Euro geborgt.;Vor zwei Tagen hat Timo wieder eine kleine Geldsumme verliehen, als er in einer Kneipe verabredet war.;Timo hat mindestens zweimal eine kleine Geldsumme verliehen.;entailment;35;ai;bii;2;positive;twice;False;;;Vorletzte Woche hat Timo Tina fünf Euro geborgt. Vor zwei Tagen hat Timo wieder eine kleine Geldsumme verliehen, als er in einer Kneipe verabredet war.;Timo hat mindestens zweimal eine kleine Geldsumme verliehen.;FacebookAI/roberta-large-mnli;entailment;1;0.04729929938912392;0.22769612073898315;0.7250045537948608
35_ai_bii2_cannot_say_pos;Vorletzte Woche hat Timo Tina fünf Euro geborgt.;Vor zwei Tagen hat Timo wieder eine kleine Geldsumme verliehen, als er in einer Kneipe verabredet war.;Es lässt sich nicht sagen, wie oft Timo eine kleine Geldsumme verliehen hat.;unknown;35;ai;bii;2;positive;cannot say;False;;;Vorletzte Woche hat Timo Tina fünf Euro geborgt. Vor zwei Tagen hat Timo wieder eine kleine Geldsumme verliehen, als er in einer Kneipe verabredet war.;Es lässt sich nicht sagen, wie oft Timo eine kleine Geldsumme verliehen hat.;FacebookAI/roberta-large-mnli;neutral;1;0.07363861054182053;0.8787184357643127;0.04764300584793091
35_aii_bi1_once_neu;Vorletzte Woche hat Tina Timo fünf Euro geborgt.;Vor zwei Tagen hat Tina wieder eine kleine Geldsumme ausgeliehen, als sie in einer Kneipe verabredet war.;Tina hat einmal eine kleine Geldsumme ausgeliehen.;entailment;35;aii;bi;1;neutral;once;False;;;Vorletzte Woche hat Tina Timo fünf Euro geborgt. Vor zwei Tagen hat Tina wieder eine kleine Geldsumme ausgeliehen, als sie in einer Kneipe verabredet war.;Tina hat einmal eine kleine Geldsumme ausgeliehen.;FacebookAI/roberta-large-mnli;entailment;1;0.06266141682863235;0.319919615983963;0.6174190044403076
35_aii_bi1_twice_neu;Vorletzte Woche hat Tina Timo fünf Euro geborgt.;Vor zwei Tagen hat Tina wieder eine kleine Geldsumme ausgeliehen, als sie in einer Kneipe verabredet war.;Tina hat mindestens zweimal eine kleine Geldsumme ausgeliehen.;unknown;35;aii;bi;1;neutral;twice;False;;;Vorletzte Woche hat Tina Timo fünf Euro geborgt. Vor zwei Tagen hat Tina wieder eine kleine Geldsumme ausgeliehen, als sie in einer Kneipe verabredet war.;Tina hat mindestens zweimal eine kleine Geldsumme ausgeliehen.;FacebookAI/roberta-large-mnli;entailment;0;0.0829479917883873;0.2678627669811249;0.6491891741752625
35_aii_bi1_cannot_say_neu;Vorletzte Woche hat Tina Timo fünf Euro geborgt.;Vor zwei Tagen hat Tina wieder eine kleine Geldsumme ausgeliehen, als sie in einer Kneipe verabredet war.;Es lässt sich nicht sagen, wie oft Tina eine kleine Geldsumme ausgeliehen hat.;unknown;35;aii;bi;1;neutral;cannot say;False;;;Vorletzte Woche hat Tina Timo fünf Euro geborgt. Vor zwei Tagen hat Tina wieder eine kleine Geldsumme ausgeliehen, als sie in einer Kneipe verabredet war.;Es lässt sich nicht sagen, wie oft Tina eine kleine Geldsumme ausgeliehen hat.;FacebookAI/roberta-large-mnli;neutral;1;0.06917473673820496;0.8846575617790222;0.046167731285095215
35_aii_bi2_once_pos;Vorletzte Woche hat Tina Timo fünf Euro geborgt.;Vor zwei Tagen hat Timo wieder eine kleine Geldsumme ausgeliehen, als er in einer Kneipe verabredet war.;Timo hat einmal eine kleine Geldsumme ausgeliehen.;unknown;35;aii;bi;2;positive;once;False;;;Vorletzte Woche hat Tina Timo fünf Euro geborgt. Vor zwei Tagen hat Timo wieder eine kleine Geldsumme ausgeliehen, als er in einer Kneipe verabredet war.;Timo hat einmal eine kleine Geldsumme ausgeliehen.;FacebookAI/roberta-large-mnli;entailment;0;0.06903473287820816;0.3795267343521118;0.5514385104179382
35_aii_bi2_twice_pos;Vorletzte Woche hat Tina Timo fünf Euro geborgt.;Vor zwei Tagen hat Timo wieder eine kleine Geldsumme ausgeliehen, als er in einer Kneipe verabredet war.;Timo hat mindestens zweimal eine kleine Geldsumme ausgeliehen.;entailment;35;aii;bi;2;positive;twice;False;;;Vorletzte Woche hat Tina Timo fünf Euro geborgt. Vor zwei Tagen hat Timo wieder eine kleine Geldsumme ausgeliehen, als er in einer Kneipe verabredet war.;Timo hat mindestens zweimal eine kleine Geldsumme ausgeliehen.;FacebookAI/roberta-large-mnli;entailment;1;0.06833836436271667;0.2838815748691559;0.6477800607681274
35_aii_bi2_cannot_say_pos;Vorletzte Woche hat Tina Timo fünf Euro geborgt.;Vor zwei Tagen hat Timo wieder eine kleine Geldsumme ausgeliehen, als er in einer Kneipe verabredet war.;Es lässt sich nicht sagen, wie oft Timo eine kleine Geldsumme ausgeliehen hat.;unknown;35;aii;bi;2;positive;cannot say;False;;;Vorletzte Woche hat Tina Timo fünf Euro geborgt. Vor zwei Tagen hat Timo wieder eine kleine Geldsumme ausgeliehen, als er in einer Kneipe verabredet war.;Es lässt sich nicht sagen, wie oft Timo eine kleine Geldsumme ausgeliehen hat.;FacebookAI/roberta-large-mnli;neutral;1;0.07752231508493423;0.868607759475708;0.053869929164648056
35_aii_bii1_once_pos;Vorletzte Woche hat Tina Timo fünf Euro geborgt.;Vor zwei Tagen hat Tina wieder eine kleine Geldsumme verliehen, als sie in einer Kneipe verabredet war.;Tina hat einmal eine kleine Geldsumme verliehen.;unknown;35;aii;bii;1;positive;once;False;;;Vorletzte Woche hat Tina Timo fünf Euro geborgt. Vor zwei Tagen hat Tina wieder eine kleine Geldsumme verliehen, als sie in einer Kneipe verabredet war.;Tina hat einmal eine kleine Geldsumme verliehen.;FacebookAI/roberta-large-mnli;entailment;0;0.05202723294496536;0.36806198954582214;0.5799106955528259
35_aii_bii1_twice_pos;Vorletzte Woche hat Tina Timo fünf Euro geborgt.;Vor zwei Tagen hat Tina wieder eine kleine Geldsumme verliehen, als sie in einer Kneipe verabredet war.;Tina hat mindestens zweimal eine kleine Geldsumme verliehen.;entailment;35;aii;bii;1;positive;twice;False;;;Vorletzte Woche hat Tina Timo fünf Euro geborgt. Vor zwei Tagen hat Tina wieder eine kleine Geldsumme verliehen, als sie in einer Kneipe verabredet war.;Tina hat mindestens zweimal eine kleine Geldsumme verliehen.;FacebookAI/roberta-large-mnli;entailment;1;0.05866714194417;0.2266794741153717;0.7146533131599426
35_aii_bii1_cannot_say_pos;Vorletzte Woche hat Tina Timo fünf Euro geborgt.;Vor zwei Tagen hat Tina wieder eine kleine Geldsumme verliehen, als sie in einer Kneipe verabredet war.;Es lässt sich nicht sagen, wie oft Tina eine kleine Geldsumme verliehen hat.;unknown;35;aii;bii;1;positive;cannot say;False;;;Vorletzte Woche hat Tina Timo fünf Euro geborgt. Vor zwei Tagen hat Tina wieder eine kleine Geldsumme verliehen, als sie in einer Kneipe verabredet war.;Es lässt sich nicht sagen, wie oft Tina eine kleine Geldsumme verliehen hat.;FacebookAI/roberta-large-mnli;neutral;1;0.06669538468122482;0.8913690447807312;0.04193563759326935
35_aii_bii2_once_neu;Vorletzte Woche hat Tina Timo fünf Euro geborgt.;Vor zwei Tagen hat Timo wieder eine kleine Geldsumme verliehen, als er in einer Kneipe verabredet war.;Timo hat einmal eine kleine Geldsumme verliehen.;entailment;35;aii;bii;2;neutral;once;False;;;Vorletzte Woche hat Tina Timo fünf Euro geborgt. Vor zwei Tagen hat Timo wieder eine kleine Geldsumme verliehen, als er in einer Kneipe verabredet war.;Timo hat einmal eine kleine Geldsumme verliehen.;FacebookAI/roberta-large-mnli;entailment;1;0.054171837866306305;0.428921103477478;0.5169070959091187
35_aii_bii2_twice_neu;Vorletzte Woche hat Tina Timo fünf Euro geborgt.;Vor zwei Tagen hat Timo wieder eine kleine Geldsumme verliehen, als er in einer Kneipe verabredet war.;Timo hat mindestens zweimal eine kleine Geldsumme verliehen.;unknown;35;aii;bii;2;neutral;twice;False;;;Vorletzte Woche hat Tina Timo fünf Euro geborgt. Vor zwei Tagen hat Timo wieder eine kleine Geldsumme verliehen, als er in einer Kneipe verabredet war.;Timo hat mindestens zweimal eine kleine Geldsumme verliehen.;FacebookAI/roberta-large-mnli;entailment;0;0.05056685581803322;0.2165568619966507;0.7328762412071228
35_aii_bii2_cannot_say_neu;Vorletzte Woche hat Tina Timo fünf Euro geborgt.;Vor zwei Tagen hat Timo wieder eine kleine Geldsumme verliehen, als er in einer Kneipe verabredet war.;Es lässt sich nicht sagen, wie oft Timo eine kleine Geldsumme verliehen hat.;unknown;35;aii;bii;2;neutral;cannot say;False;;;Vorletzte Woche hat Tina Timo fünf Euro geborgt. Vor zwei Tagen hat Timo wieder eine kleine Geldsumme verliehen, als er in einer Kneipe verabredet war.;Es lässt sich nicht sagen, wie oft Timo eine kleine Geldsumme verliehen hat.;FacebookAI/roberta-large-mnli;neutral;1;0.07610642164945602;0.876910924911499;0.046982597559690475
36_ai_bi1_once_pos;Vor einem Monat hat Karl Thorsten eine dringende Erinnerung per Mail zukommen lassen.;Vor zwei Wochen hat Thorsten wieder eine dringende Erinnerung erhalten, während er an einem Projekt gearbeitet hat.;Thorsten hat einmal eine dringende Erinnerung erhalten.;unknown;36;ai;bi;1;positive;once;False;;;Vor einem Monat hat Karl Thorsten eine dringende Erinnerung per Mail zukommen lassen. Vor zwei Wochen hat Thorsten wieder eine dringende Erinnerung erhalten, während er an einem Projekt gearbeitet hat.;Thorsten hat einmal eine dringende Erinnerung erhalten.;FacebookAI/roberta-large-mnli;entailment;0;0.10783455520868301;0.09831234067678452;0.7938531637191772
36_ai_bi1_twice_pos;Vor einem Monat hat Karl Thorsten eine dringende Erinnerung per Mail zukommen lassen.;Vor zwei Wochen hat Thorsten wieder eine dringende Erinnerung erhalten, während er an einem Projekt gearbeitet hat.;Thorsten hat mindestens zweimal eine dringende Erinnerung erhalten.;entailment;36;ai;bi;1;positive;twice;False;;;Vor einem Monat hat Karl Thorsten eine dringende Erinnerung per Mail zukommen lassen. Vor zwei Wochen hat Thorsten wieder eine dringende Erinnerung erhalten, während er an einem Projekt gearbeitet hat.;Thorsten hat mindestens zweimal eine dringende Erinnerung erhalten.;FacebookAI/roberta-large-mnli;entailment;1;0.11287529766559601;0.41548213362693787;0.47164255380630493
36_ai_bi1_cannot_say_pos;Vor einem Monat hat Karl Thorsten eine dringende Erinnerung per Mail zukommen lassen.;Vor zwei Wochen hat Thorsten wieder eine dringende Erinnerung erhalten, während er an einem Projekt gearbeitet hat.;Es lässt sich nicht sagen, wie oft Thorsten eine dringende Erinnerung erhalten hat.;unknown;36;ai;bi;1;positive;cannot say;False;;;Vor einem Monat hat Karl Thorsten eine dringende Erinnerung per Mail zukommen lassen. Vor zwei Wochen hat Thorsten wieder eine dringende Erinnerung erhalten, während er an einem Projekt gearbeitet hat.;Es lässt sich nicht sagen, wie oft Thorsten eine dringende Erinnerung erhalten hat.;FacebookAI/roberta-large-mnli;neutral;1;0.089299775660038;0.8698413968086243;0.04085879027843475
36_ai_bi2_once_neu;Vor einem Monat hat Karl Thorsten eine dringende Erinnerung per Mail zukommen lassen.;Vor zwei Wochen hat Karl wieder eine dringende Erinnerung erhalten, während er an einem Projekt gearbeitet hat.;Karl hat einmal eine dringende Erinnerung erhalten.;entailment;36;ai;bi;2;neutral;once;False;;;Vor einem Monat hat Karl Thorsten eine dringende Erinnerung per Mail zukommen lassen. Vor zwei Wochen hat Karl wieder eine dringende Erinnerung erhalten, während er an einem Projekt gearbeitet hat.;Karl hat einmal eine dringende Erinnerung erhalten.;FacebookAI/roberta-large-mnli;entailment;1;0.10384492576122284;0.09968753159046173;0.7964675426483154
36_ai_bi2_twice_neu;Vor einem Monat hat Karl Thorsten eine dringende Erinnerung per Mail zukommen lassen.;Vor zwei Wochen hat Karl wieder eine dringende Erinnerung erhalten, während er an einem Projekt gearbeitet hat.;Karl hat mindestens zweimal eine dringende Erinnerung erhalten.;unknown;36;ai;bi;2;neutral;twice;False;;;Vor einem Monat hat Karl Thorsten eine dringende Erinnerung per Mail zukommen lassen. Vor zwei Wochen hat Karl wieder eine dringende Erinnerung erhalten, während er an einem Projekt gearbeitet hat.;Karl hat mindestens zweimal eine dringende Erinnerung erhalten.;FacebookAI/roberta-large-mnli;entailment;0;0.10097067803144455;0.4317248463630676;0.467304527759552
36_ai_bi2_cannot_say_neu;Vor einem Monat hat Karl Thorsten eine dringende Erinnerung per Mail zukommen lassen.;Vor zwei Wochen hat Karl wieder eine dringende Erinnerung erhalten, während er an einem Projekt gearbeitet hat.;Es lässt sich nicht sagen, wie oft Karl eine dringende Erinnerung erhalten hat.;unknown;36;ai;bi;2;neutral;cannot say;False;;;Vor einem Monat hat Karl Thorsten eine dringende Erinnerung per Mail zukommen lassen. Vor zwei Wochen hat Karl wieder eine dringende Erinnerung erhalten, während er an einem Projekt gearbeitet hat.;Es lässt sich nicht sagen, wie oft Karl eine dringende Erinnerung erhalten hat.;FacebookAI/roberta-large-mnli;neutral;1;0.09089218825101852;0.8751038312911987;0.034003958106040955
36_ai_bii1_once_neu;Vor einem Monat hat Karl Thorsten eine dringende Erinnerung per Mail zukommen lassen.;Vor zwei Wochen hat Thorsten wieder eine dringende Erinnerung verschickt, während er an einem Projekt gearbeitet hat.;Thorsten hat einmal eine dringende Erinnerung verschickt.;entailment;36;ai;bii;1;neutral;once;False;;;Vor einem Monat hat Karl Thorsten eine dringende Erinnerung per Mail zukommen lassen. Vor zwei Wochen hat Thorsten wieder eine dringende Erinnerung verschickt, während er an einem Projekt gearbeitet hat.;Thorsten hat einmal eine dringende Erinnerung verschickt.;FacebookAI/roberta-large-mnli;entailment;1;0.06124477833509445;0.07326651364564896;0.8654887080192566
36_ai_bii1_twice_neu;Vor einem Monat hat Karl Thorsten eine dringende Erinnerung per Mail zukommen lassen.;Vor zwei Wochen hat Thorsten wieder eine dringende Erinnerung verschickt, während er an einem Projekt gearbeitet hat.;Thorsten hat mindestens zweimal eine dringende Erinnerung verschickt.;unknown;36;ai;bii;1;neutral;twice;False;;;Vor einem Monat hat Karl Thorsten eine dringende Erinnerung per Mail zukommen lassen. Vor zwei Wochen hat Thorsten wieder eine dringende Erinnerung verschickt, während er an einem Projekt gearbeitet hat.;Thorsten hat mindestens zweimal eine dringende Erinnerung verschickt.;FacebookAI/roberta-large-mnli;entailment;0;0.10391636192798615;0.3270663022994995;0.5690172910690308
36_ai_bii1_cannot_say_neu;Vor einem Monat hat Karl Thorsten eine dringende Erinnerung per Mail zukommen lassen.;Vor zwei Wochen hat Thorsten wieder eine dringende Erinnerung verschickt, während er an einem Projekt gearbeitet hat.;Es lässt sich nicht sagen, wie oft Thorsten eine dringende Erinnerung verschickt hat.;unknown;36;ai;bii;1;neutral;cannot say;False;;;Vor einem Monat hat Karl Thorsten eine dringende Erinnerung per Mail zukommen lassen. Vor zwei Wochen hat Thorsten wieder eine dringende Erinnerung verschickt, während er an einem Projekt gearbeitet hat.;Es lässt sich nicht sagen, wie oft Thorsten eine dringende Erinnerung verschickt hat.;FacebookAI/roberta-large-mnli;neutral;1;0.07556382566690445;0.8816589117050171;0.04277721419930458
36_ai_bii2_once_pos;Vor einem Monat hat Karl Thorsten eine dringende Erinnerung per Mail zukommen lassen.;Vor zwei Wochen hat Karl wieder eine dringende Erinnerung verschickt, während er an einem Projekt gearbeitet hat.;Karl hat einmal eine dringende Erinnerung verschickt.;unknown;36;ai;bii;2;positive;once;False;;;Vor einem Monat hat Karl Thorsten eine dringende Erinnerung per Mail zukommen lassen. Vor zwei Wochen hat Karl wieder eine dringende Erinnerung verschickt, während er an einem Projekt gearbeitet hat.;Karl hat einmal eine dringende Erinnerung verschickt.;FacebookAI/roberta-large-mnli;entailment;0;0.07298401743173599;0.07634630799293518;0.8506696224212646
36_ai_bii2_twice_pos;Vor einem Monat hat Karl Thorsten eine dringende Erinnerung per Mail zukommen lassen.;Vor zwei Wochen hat Karl wieder eine dringende Erinnerung verschickt, während er an einem Projekt gearbeitet hat.;Karl hat mindestens zweimal eine dringende Erinnerung verschickt.;entailment;36;ai;bii;2;positive;twice;False;;;Vor einem Monat hat Karl Thorsten eine dringende Erinnerung per Mail zukommen lassen. Vor zwei Wochen hat Karl wieder eine dringende Erinnerung verschickt, während er an einem Projekt gearbeitet hat.;Karl hat mindestens zweimal eine dringende Erinnerung verschickt.;FacebookAI/roberta-large-mnli;entailment;1;0.11055833846330643;0.3533371388912201;0.5361045598983765
36_ai_bii2_cannot_say_pos;Vor einem Monat hat Karl Thorsten eine dringende Erinnerung per Mail zukommen lassen.;Vor zwei Wochen hat Karl wieder eine dringende Erinnerung verschickt, während er an einem Projekt gearbeitet hat.;Es lässt sich nicht sagen, wie oft Karl eine dringende Erinnerung verschickt hat.;unknown;36;ai;bii;2;positive;cannot say;False;;;Vor einem Monat hat Karl Thorsten eine dringende Erinnerung per Mail zukommen lassen. Vor zwei Wochen hat Karl wieder eine dringende Erinnerung verschickt, während er an einem Projekt gearbeitet hat.;Es lässt sich nicht sagen, wie oft Karl eine dringende Erinnerung verschickt hat.;FacebookAI/roberta-large-mnli;neutral;1;0.07635051757097244;0.8895186185836792;0.03413086757063866
36_aii_bi1_once_neu;Vor einem Monat hat Thorsten Karl eine dringende Erinnerung per Mail zukommen lassen.;Vor zwei Wochen hat Thorsten wieder eine dringende Erinnerung erhalten, während er an einem Projekt gearbeitet hat.;Thorsten hat einmal eine dringende Erinnerung erhalten.;entailment;36;aii;bi;1;neutral;once;False;;;Vor einem Monat hat Thorsten Karl eine dringende Erinnerung per Mail zukommen lassen. Vor zwei Wochen hat Thorsten wieder eine dringende Erinnerung erhalten, während er an einem Projekt gearbeitet hat.;Thorsten hat einmal eine dringende Erinnerung erhalten.;FacebookAI/roberta-large-mnli;entailment;1;0.11490984261035919;0.10089196264743805;0.7841981649398804
36_aii_bi1_twice_neu;Vor einem Monat hat Thorsten Karl eine dringende Erinnerung per Mail zukommen lassen.;Vor zwei Wochen hat Thorsten wieder eine dringende Erinnerung erhalten, während er an einem Projekt gearbeitet hat.;Thorsten hat mindestens zweimal eine dringende Erinnerung erhalten.;unknown;36;aii;bi;1;neutral;twice;False;;;Vor einem Monat hat Thorsten Karl eine dringende Erinnerung per Mail zukommen lassen. Vor zwei Wochen hat Thorsten wieder eine dringende Erinnerung erhalten, während er an einem Projekt gearbeitet hat.;Thorsten hat mindestens zweimal eine dringende Erinnerung erhalten.;FacebookAI/roberta-large-mnli;entailment;0;0.11492466926574707;0.42470061779022217;0.46037474274635315
36_aii_bi1_cannot_say_neu;Vor einem Monat hat Thorsten Karl eine dringende Erinnerung per Mail zukommen lassen.;Vor zwei Wochen hat Thorsten wieder eine dringende Erinnerung erhalten, während er an einem Projekt gearbeitet hat.;Es lässt sich nicht sagen, wie oft Thorsten eine dringende Erinnerung erhalten hat.;unknown;36;aii;bi;1;neutral;cannot say;False;;;Vor einem Monat hat Thorsten Karl eine dringende Erinnerung per Mail zukommen lassen. Vor zwei Wochen hat Thorsten wieder eine dringende Erinnerung erhalten, während er an einem Projekt gearbeitet hat.;Es lässt sich nicht sagen, wie oft Thorsten eine dringende Erinnerung erhalten hat.;FacebookAI/roberta-large-mnli;neutral;1;0.09462234377861023;0.8642174601554871;0.041160207241773605
36_aii_bi2_once_pos;Vor einem Monat hat Thorsten Karl eine dringende Erinnerung per Mail zukommen lassen.;Vor zwei Wochen hat Karl wieder eine dringende Erinnerung erhalten, während er an einem Projekt gearbeitet hat.;Karl hat einmal eine dringende Erinnerung erhalten.;unknown;36;aii;bi;2;positive;once;False;;;Vor einem Monat hat Thorsten Karl eine dringende Erinnerung per Mail zukommen lassen. Vor zwei Wochen hat Karl wieder eine dringende Erinnerung erhalten, während er an einem Projekt gearbeitet hat.;Karl hat einmal eine dringende Erinnerung erhalten.;FacebookAI/roberta-large-mnli;entailment;0;0.10300592333078384;0.10284838080406189;0.7941457033157349
36_aii_bi2_twice_pos;Vor einem Monat hat Thorsten Karl eine dringende Erinnerung per Mail zukommen lassen.;Vor zwei Wochen hat Karl wieder eine dringende Erinnerung erhalten, während er an einem Projekt gearbeitet hat.;Karl hat mindestens zweimal eine dringende Erinnerung erhalten.;entailment;36;aii;bi;2;positive;twice;False;;;Vor einem Monat hat Thorsten Karl eine dringende Erinnerung per Mail zukommen lassen. Vor zwei Wochen hat Karl wieder eine dringende Erinnerung erhalten, während er an einem Projekt gearbeitet hat.;Karl hat mindestens zweimal eine dringende Erinnerung erhalten.;FacebookAI/roberta-large-mnli;entailment;1;0.09893732517957687;0.42170941829681396;0.47935324907302856
36_aii_bi2_cannot_say_pos;Vor einem Monat hat Thorsten Karl eine dringende Erinnerung per Mail zukommen lassen.;Vor zwei Wochen hat Karl wieder eine dringende Erinnerung erhalten, während er an einem Projekt gearbeitet hat.;Es lässt sich nicht sagen, wie oft Karl eine dringende Erinnerung erhalten hat.;unknown;36;aii;bi;2;positive;cannot say;False;;;Vor einem Monat hat Thorsten Karl eine dringende Erinnerung per Mail zukommen lassen. Vor zwei Wochen hat Karl wieder eine dringende Erinnerung erhalten, während er an einem Projekt gearbeitet hat.;Es lässt sich nicht sagen, wie oft Karl eine dringende Erinnerung erhalten hat.;FacebookAI/roberta-large-mnli;neutral;1;0.08266706764698029;0.8833391070365906;0.03399374708533287
36_aii_bii1_once_pos;Vor einem Monat hat Thorsten Karl eine dringende Erinnerung per Mail zukommen lassen.;Vor zwei Wochen hat Thorsten wieder eine dringende Erinnerung verschickt, während er an einem Projekt gearbeitet hat.;Thorsten hat einmal eine dringende Erinnerung verschickt.;unknown;36;aii;bii;1;positive;once;False;;;Vor einem Monat hat Thorsten Karl eine dringende Erinnerung per Mail zukommen lassen. Vor zwei Wochen hat Thorsten wieder eine dringende Erinnerung verschickt, während er an einem Projekt gearbeitet hat.;Thorsten hat einmal eine dringende Erinnerung verschickt.;FacebookAI/roberta-large-mnli;entailment;0;0.06419405341148376;0.07407758384943008;0.861728310585022
36_aii_bii1_twice_pos;Vor einem Monat hat Thorsten Karl eine dringende Erinnerung per Mail zukommen lassen.;Vor zwei Wochen hat Thorsten wieder eine dringende Erinnerung verschickt, während er an einem Projekt gearbeitet hat.;Thorsten hat mindestens zweimal eine dringende Erinnerung verschickt.;entailment;36;aii;bii;1;positive;twice;False;;;Vor einem Monat hat Thorsten Karl eine dringende Erinnerung per Mail zukommen lassen. Vor zwei Wochen hat Thorsten wieder eine dringende Erinnerung verschickt, während er an einem Projekt gearbeitet hat.;Thorsten hat mindestens zweimal eine dringende Erinnerung verschickt.;FacebookAI/roberta-large-mnli;entailment;1;0.10741834342479706;0.3383457362651825;0.5542358756065369
36_aii_bii1_cannot_say_pos;Vor einem Monat hat Thorsten Karl eine dringende Erinnerung per Mail zukommen lassen.;Vor zwei Wochen hat Thorsten wieder eine dringende Erinnerung verschickt, während er an einem Projekt gearbeitet hat.;Es lässt sich nicht sagen, wie oft Thorsten eine dringende Erinnerung verschickt hat.;unknown;36;aii;bii;1;positive;cannot say;False;;;Vor einem Monat hat Thorsten Karl eine dringende Erinnerung per Mail zukommen lassen. Vor zwei Wochen hat Thorsten wieder eine dringende Erinnerung verschickt, während er an einem Projekt gearbeitet hat.;Es lässt sich nicht sagen, wie oft Thorsten eine dringende Erinnerung verschickt hat.;FacebookAI/roberta-large-mnli;neutral;1;0.08130694925785065;0.8754915595054626;0.043201547116041183
36_aii_bii2_once_neu;Vor einem Monat hat Thorsten Karl eine dringende Erinnerung per Mail zukommen lassen.;Vor zwei Wochen hat Karl wieder eine dringende Erinnerung verschickt, während er an einem Projekt gearbeitet hat.;Karl hat einmal eine dringende Erinnerung verschickt.;entailment;36;aii;bii;2;neutral;once;False;;;Vor einem Monat hat Thorsten Karl eine dringende Erinnerung per Mail zukommen lassen. Vor zwei Wochen hat Karl wieder eine dringende Erinnerung verschickt, während er an einem Projekt gearbeitet hat.;Karl hat einmal eine dringende Erinnerung verschickt.;FacebookAI/roberta-large-mnli;entailment;1;0.0705181285738945;0.0768837034702301;0.8525981903076172
36_aii_bii2_twice_neu;Vor einem Monat hat Thorsten Karl eine dringende Erinnerung per Mail zukommen lassen.;Vor zwei Wochen hat Karl wieder eine dringende Erinnerung verschickt, während er an einem Projekt gearbeitet hat.;Karl hat mindestens zweimal eine dringende Erinnerung verschickt.;unknown;36;aii;bii;2;neutral;twice;False;;;Vor einem Monat hat Thorsten Karl eine dringende Erinnerung per Mail zukommen lassen. Vor zwei Wochen hat Karl wieder eine dringende Erinnerung verschickt, während er an einem Projekt gearbeitet hat.;Karl hat mindestens zweimal eine dringende Erinnerung verschickt.;FacebookAI/roberta-large-mnli;entailment;0;0.1034214198589325;0.33931148052215576;0.5572670698165894
36_aii_bii2_cannot_say_neu;Vor einem Monat hat Thorsten Karl eine dringende Erinnerung per Mail zukommen lassen.;Vor zwei Wochen hat Karl wieder eine dringende Erinnerung verschickt, während er an einem Projekt gearbeitet hat.;Es lässt sich nicht sagen, wie oft Karl eine dringende Erinnerung verschickt hat.;unknown;36;aii;bii;2;neutral;cannot say;False;;;Vor einem Monat hat Thorsten Karl eine dringende Erinnerung per Mail zukommen lassen. Vor zwei Wochen hat Karl wieder eine dringende Erinnerung verschickt, während er an einem Projekt gearbeitet hat.;Es lässt sich nicht sagen, wie oft Karl eine dringende Erinnerung verschickt hat.;FacebookAI/roberta-large-mnli;neutral;1;0.06980132311582565;0.8957322835922241;0.034466452896595
37_ai_bi1_once_pos;Vor vier Jahren hat Karl Judith ein maßgefertigtes Bett gebaut.;Vor fünf Wochen hat Judith wieder ein maßgefertigtes Bett bekommen, weil sie mit einem Freund zusammen zieht.;Judith hat einmal ein maßgefertigtes Bett bekommen.;unknown;37;ai;bi;1;positive;once;False;;;Vor vier Jahren hat Karl Judith ein maßgefertigtes Bett gebaut. Vor fünf Wochen hat Judith wieder ein maßgefertigtes Bett bekommen, weil sie mit einem Freund zusammen zieht.;Judith hat einmal ein maßgefertigtes Bett bekommen.;FacebookAI/roberta-large-mnli;entailment;0;0.2630844712257385;0.07589604705572128;0.6610194444656372
37_ai_bi1_twice_pos;Vor vier Jahren hat Karl Judith ein maßgefertigtes Bett gebaut.;Vor fünf Wochen hat Judith wieder ein maßgefertigtes Bett bekommen, weil sie mit einem Freund zusammen zieht.;Judith hat mindestens zweimal ein maßgefertigtes Bett bekommen.;entailment;37;ai;bi;1;positive;twice;False;;;Vor vier Jahren hat Karl Judith ein maßgefertigtes Bett gebaut. Vor fünf Wochen hat Judith wieder ein maßgefertigtes Bett bekommen, weil sie mit einem Freund zusammen zieht.;Judith hat mindestens zweimal ein maßgefertigtes Bett bekommen.;FacebookAI/roberta-large-mnli;entailment;1;0.09295045584440231;0.1490226536989212;0.7580269575119019
37_ai_bi1_cannot_say_pos;Vor vier Jahren hat Karl Judith ein maßgefertigtes Bett gebaut.;Vor fünf Wochen hat Judith wieder ein maßgefertigtes Bett bekommen, weil sie mit einem Freund zusammen zieht.;Es lässt sich nicht sagen, wie oft Judith ein maßgefertigtes Bett bekommen hat.;unknown;37;ai;bi;1;positive;cannot say;False;;;Vor vier Jahren hat Karl Judith ein maßgefertigtes Bett gebaut. Vor fünf Wochen hat Judith wieder ein maßgefertigtes Bett bekommen, weil sie mit einem Freund zusammen zieht.;Es lässt sich nicht sagen, wie oft Judith ein maßgefertigtes Bett bekommen hat.;FacebookAI/roberta-large-mnli;neutral;1;0.1303228735923767;0.7863135933876038;0.08336355537176132
37_ai_bi2_once_neu;Vor vier Jahren hat Karl Judith ein maßgefertigtes Bett gebaut.;Vor fünf Wochen hat Karl wieder ein maßgefertigtes Bett bekommen, weil er mit einem Freund zusammen zieht.;Karl hat einmal ein maßgefertigtes Bett bekommen.;entailment;37;ai;bi;2;neutral;once;False;;;Vor vier Jahren hat Karl Judith ein maßgefertigtes Bett gebaut. Vor fünf Wochen hat Karl wieder ein maßgefertigtes Bett bekommen, weil er mit einem Freund zusammen zieht.;Karl hat einmal ein maßgefertigtes Bett bekommen.;FacebookAI/roberta-large-mnli;entailment;1;0.423423707485199;0.08780687302350998;0.48876944184303284
37_ai_bi2_twice_neu;Vor vier Jahren hat Karl Judith ein maßgefertigtes Bett gebaut.;Vor fünf Wochen hat Karl wieder ein maßgefertigtes Bett bekommen, weil er mit einem Freund zusammen zieht.;Karl hat mindestens zweimal ein maßgefertigtes Bett bekommen.;unknown;37;ai;bi;2;neutral;twice;False;;;Vor vier Jahren hat Karl Judith ein maßgefertigtes Bett gebaut. Vor fünf Wochen hat Karl wieder ein maßgefertigtes Bett bekommen, weil er mit einem Freund zusammen zieht.;Karl hat mindestens zweimal ein maßgefertigtes Bett bekommen.;FacebookAI/roberta-large-mnli;entailment;0;0.08852924406528473;0.16990655660629272;0.741564154624939
37_ai_bi2_cannot_say_neu;Vor vier Jahren hat Karl Judith ein maßgefertigtes Bett gebaut.;Vor fünf Wochen hat Karl wieder ein maßgefertigtes Bett bekommen, weil er mit einem Freund zusammen zieht.;Es lässt sich nicht sagen, wie oft Karl ein maßgefertigtes Bett bekommen hat.;unknown;37;ai;bi;2;neutral;cannot say;False;;;Vor vier Jahren hat Karl Judith ein maßgefertigtes Bett gebaut. Vor fünf Wochen hat Karl wieder ein maßgefertigtes Bett bekommen, weil er mit einem Freund zusammen zieht.;Es lässt sich nicht sagen, wie oft Karl ein maßgefertigtes Bett bekommen hat.;FacebookAI/roberta-large-mnli;neutral;1;0.12484906613826752;0.7996819615364075;0.07546897232532501
37_ai_bii1_once_neu;Vor vier Jahren hat Karl Judith ein maßgefertigtes Bett gebaut.;Vor fünf Wochen hat Judith wieder ein maßgefertigtes Bett konstruiert, weil sie mit einem Freund zusammen zieht.;Judith hat einmal ein maßgefertigtes Bett konstruiert.;entailment;37;ai;bii;1;neutral;once;False;;;Vor vier Jahren hat Karl Judith ein maßgefertigtes Bett gebaut. Vor fünf Wochen hat Judith wieder ein maßgefertigtes Bett konstruiert, weil sie mit einem Freund zusammen zieht.;Judith hat einmal ein maßgefertigtes Bett konstruiert.;FacebookAI/roberta-large-mnli;entailment;1;0.31050780415534973;0.08428147435188293;0.6052106618881226
37_ai_bii1_twice_neu;Vor vier Jahren hat Karl Judith ein maßgefertigtes Bett gebaut.;Vor fünf Wochen hat Judith wieder ein maßgefertigtes Bett konstruiert, weil sie mit einem Freund zusammen zieht.;Judith hat mindestens zweimal ein maßgefertigtes Bett konstruiert.;unknown;37;ai;bii;1;neutral;twice;False;;;Vor vier Jahren hat Karl Judith ein maßgefertigtes Bett gebaut. Vor fünf Wochen hat Judith wieder ein maßgefertigtes Bett konstruiert, weil sie mit einem Freund zusammen zieht.;Judith hat mindestens zweimal ein maßgefertigtes Bett konstruiert.;FacebookAI/roberta-large-mnli;entailment;0;0.13021968305110931;0.16632409393787384;0.7034562230110168
37_ai_bii1_cannot_say_neu;Vor vier Jahren hat Karl Judith ein maßgefertigtes Bett gebaut.;Vor fünf Wochen hat Judith wieder ein maßgefertigtes Bett konstruiert, weil sie mit einem Freund zusammen zieht.;Es lässt sich nicht sagen, wie oft Judith ein maßgefertigtes Bett konstruiert hat.;unknown;37;ai;bii;1;neutral;cannot say;False;;;Vor vier Jahren hat Karl Judith ein maßgefertigtes Bett gebaut. Vor fünf Wochen hat Judith wieder ein maßgefertigtes Bett konstruiert, weil sie mit einem Freund zusammen zieht.;Es lässt sich nicht sagen, wie oft Judith ein maßgefertigtes Bett konstruiert hat.;FacebookAI/roberta-large-mnli;neutral;1;0.12088619917631149;0.796606719493866;0.08250707387924194
37_ai_bii2_once_pos;Vor vier Jahren hat Karl Judith ein maßgefertigtes Bett gebaut.;Vor fünf Wochen hat Karl wieder ein maßgefertigtes Bett konstruiert, weil er mit einem Freund zusammen zieht.;Karl hat einmal ein maßgefertigtes Bett konstruiert.;unknown;37;ai;bii;2;positive;once;False;;;Vor vier Jahren hat Karl Judith ein maßgefertigtes Bett gebaut. Vor fünf Wochen hat Karl wieder ein maßgefertigtes Bett konstruiert, weil er mit einem Freund zusammen zieht.;Karl hat einmal ein maßgefertigtes Bett konstruiert.;FacebookAI/roberta-large-mnli;entailment;0;0.4097810983657837;0.08956754952669144;0.5006512999534607
37_ai_bii2_twice_pos;Vor vier Jahren hat Karl Judith ein maßgefertigtes Bett gebaut.;Vor fünf Wochen hat Karl wieder ein maßgefertigtes Bett konstruiert, weil er mit einem Freund zusammen zieht.;Karl hat mindestens zweimal ein maßgefertigtes Bett konstruiert.;entailment;37;ai;bii;2;positive;twice;False;;;Vor vier Jahren hat Karl Judith ein maßgefertigtes Bett gebaut. Vor fünf Wochen hat Karl wieder ein maßgefertigtes Bett konstruiert, weil er mit einem Freund zusammen zieht.;Karl hat mindestens zweimal ein maßgefertigtes Bett konstruiert.;FacebookAI/roberta-large-mnli;entailment;1;0.11979205906391144;0.20033515989780426;0.6798728108406067
37_ai_bii2_cannot_say_pos;Vor vier Jahren hat Karl Judith ein maßgefertigtes Bett gebaut.;Vor fünf Wochen hat Karl wieder ein maßgefertigtes Bett konstruiert, weil er mit einem Freund zusammen zieht.;Es lässt sich nicht sagen, wie oft Karl ein maßgefertigtes Bett konstruiert hat.;unknown;37;ai;bii;2;positive;cannot say;False;;;Vor vier Jahren hat Karl Judith ein maßgefertigtes Bett gebaut. Vor fünf Wochen hat Karl wieder ein maßgefertigtes Bett konstruiert, weil er mit einem Freund zusammen zieht.;Es lässt sich nicht sagen, wie oft Karl ein maßgefertigtes Bett konstruiert hat.;FacebookAI/roberta-large-mnli;neutral;1;0.11270800232887268;0.8123908042907715;0.07490114122629166
37_aii_bi1_once_neu;Vor vier Jahren hat Judith Karl ein maßgefertigtes Bett gebaut.;Vor fünf Wochen hat Judith wieder ein maßgefertigtes Bett bekommen, weil sie mit einem Freund zusammen zieht.;Judith hat einmal ein maßgefertigtes Bett bekommen.;entailment;37;aii;bi;1;neutral;once;False;;;Vor vier Jahren hat Judith Karl ein maßgefertigtes Bett gebaut. Vor fünf Wochen hat Judith wieder ein maßgefertigtes Bett bekommen, weil sie mit einem Freund zusammen zieht.;Judith hat einmal ein maßgefertigtes Bett bekommen.;FacebookAI/roberta-large-mnli;entailment;1;0.2955920100212097;0.0752810388803482;0.6291269659996033
37_aii_bi1_twice_neu;Vor vier Jahren hat Judith Karl ein maßgefertigtes Bett gebaut.;Vor fünf Wochen hat Judith wieder ein maßgefertigtes Bett bekommen, weil sie mit einem Freund zusammen zieht.;Judith hat mindestens zweimal ein maßgefertigtes Bett bekommen.;unknown;37;aii;bi;1;neutral;twice;False;;;Vor vier Jahren hat Judith Karl ein maßgefertigtes Bett gebaut. Vor fünf Wochen hat Judith wieder ein maßgefertigtes Bett bekommen, weil sie mit einem Freund zusammen zieht.;Judith hat mindestens zweimal ein maßgefertigtes Bett bekommen.;FacebookAI/roberta-large-mnli;entailment;0;0.09662070125341415;0.15543629229068756;0.7479429244995117
37_aii_bi1_cannot_say_neu;Vor vier Jahren hat Judith Karl ein maßgefertigtes Bett gebaut.;Vor fünf Wochen hat Judith wieder ein maßgefertigtes Bett bekommen, weil sie mit einem Freund zusammen zieht.;Es lässt sich nicht sagen, wie oft Judith ein maßgefertigtes Bett bekommen hat.;unknown;37;aii;bi;1;neutral;cannot say;False;;;Vor vier Jahren hat Judith Karl ein maßgefertigtes Bett gebaut. Vor fünf Wochen hat Judith wieder ein maßgefertigtes Bett bekommen, weil sie mit einem Freund zusammen zieht.;Es lässt sich nicht sagen, wie oft Judith ein maßgefertigtes Bett bekommen hat.;FacebookAI/roberta-large-mnli;neutral;1;0.12884855270385742;0.781100869178772;0.0900505855679512
37_aii_bi2_once_pos;Vor vier Jahren hat Judith Karl ein maßgefertigtes Bett gebaut.;Vor fünf Wochen hat Karl wieder ein maßgefertigtes Bett bekommen, weil er mit einem Freund zusammen zieht.;Karl hat einmal ein maßgefertigtes Bett bekommen.;unknown;37;aii;bi;2;positive;once;False;;;Vor vier Jahren hat Judith Karl ein maßgefertigtes Bett gebaut. Vor fünf Wochen hat Karl wieder ein maßgefertigtes Bett bekommen, weil er mit einem Freund zusammen zieht.;Karl hat einmal ein maßgefertigtes Bett bekommen.;FacebookAI/roberta-large-mnli;entailment;0;0.3637632429599762;0.09181161969900131;0.5444251894950867
37_aii_bi2_twice_pos;Vor vier Jahren hat Judith Karl ein maßgefertigtes Bett gebaut.;Vor fünf Wochen hat Karl wieder ein maßgefertigtes Bett bekommen, weil er mit einem Freund zusammen zieht.;Karl hat mindestens zweimal ein maßgefertigtes Bett bekommen.;entailment;37;aii;bi;2;positive;twice;False;;;Vor vier Jahren hat Judith Karl ein maßgefertigtes Bett gebaut. Vor fünf Wochen hat Karl wieder ein maßgefertigtes Bett bekommen, weil er mit einem Freund zusammen zieht.;Karl hat mindestens zweimal ein maßgefertigtes Bett bekommen.;FacebookAI/roberta-large-mnli;entailment;1;0.08662712574005127;0.1596633791923523;0.7537094950675964
37_aii_bi2_cannot_say_pos;Vor vier Jahren hat Judith Karl ein maßgefertigtes Bett gebaut.;Vor fünf Wochen hat Karl wieder ein maßgefertigtes Bett bekommen, weil er mit einem Freund zusammen zieht.;Es lässt sich nicht sagen, wie oft Karl ein maßgefertigtes Bett bekommen hat.;unknown;37;aii;bi;2;positive;cannot say;False;;;Vor vier Jahren hat Judith Karl ein maßgefertigtes Bett gebaut. Vor fünf Wochen hat Karl wieder ein maßgefertigtes Bett bekommen, weil er mit einem Freund zusammen zieht.;Es lässt sich nicht sagen, wie oft Karl ein maßgefertigtes Bett bekommen hat.;FacebookAI/roberta-large-mnli;neutral;1;0.12336234003305435;0.7982356548309326;0.07840203493833542
37_aii_bii1_once_pos;Vor vier Jahren hat Judith Karl ein maßgefertigtes Bett gebaut.;Vor fünf Wochen hat Judith wieder ein maßgefertigtes Bett konstruiert, weil sie mit einem Freund zusammen zieht.;Judith hat einmal ein maßgefertigtes Bett konstruiert.;unknown;37;aii;bii;1;positive;once;False;;;Vor vier Jahren hat Judith Karl ein maßgefertigtes Bett gebaut. Vor fünf Wochen hat Judith wieder ein maßgefertigtes Bett konstruiert, weil sie mit einem Freund zusammen zieht.;Judith hat einmal ein maßgefertigtes Bett konstruiert.;FacebookAI/roberta-large-mnli;entailment;0;0.3509831726551056;0.08434750884771347;0.5646692514419556
37_aii_bii1_twice_pos;Vor vier Jahren hat Judith Karl ein maßgefertigtes Bett gebaut.;Vor fünf Wochen hat Judith wieder ein maßgefertigtes Bett konstruiert, weil sie mit einem Freund zusammen zieht.;Judith hat mindestens zweimal ein maßgefertigtes Bett konstruiert.;entailment;37;aii;bii;1;positive;twice;False;;;Vor vier Jahren hat Judith Karl ein maßgefertigtes Bett gebaut. Vor fünf Wochen hat Judith wieder ein maßgefertigtes Bett konstruiert, weil sie mit einem Freund zusammen zieht.;Judith hat mindestens zweimal ein maßgefertigtes Bett konstruiert.;FacebookAI/roberta-large-mnli;entailment;1;0.13245265185832977;0.1711631864309311;0.6963841319084167
37_aii_bii1_cannot_say_pos;Vor vier Jahren hat Judith Karl ein maßgefertigtes Bett gebaut.;Vor fünf Wochen hat Judith wieder ein maßgefertigtes Bett konstruiert, weil sie mit einem Freund zusammen zieht.;Es lässt sich nicht sagen, wie oft Judith ein maßgefertigtes Bett konstruiert hat.;unknown;37;aii;bii;1;positive;cannot say;False;;;Vor vier Jahren hat Judith Karl ein maßgefertigtes Bett gebaut. Vor fünf Wochen hat Judith wieder ein maßgefertigtes Bett konstruiert, weil sie mit einem Freund zusammen zieht.;Es lässt sich nicht sagen, wie oft Judith ein maßgefertigtes Bett konstruiert hat.;FacebookAI/roberta-large-mnli;neutral;1;0.1177753135561943;0.7965589165687561;0.08566579967737198
37_aii_bii2_once_neu;Vor vier Jahren hat Judith Karl ein maßgefertigtes Bett gebaut.;Vor fünf Wochen hat Karl wieder ein maßgefertigtes Bett konstruiert, weil er mit einem Freund zusammen zieht.;Karl hat einmal ein maßgefertigtes Bett konstruiert.;entailment;37;aii;bii;2;neutral;once;False;;;Vor vier Jahren hat Judith Karl ein maßgefertigtes Bett gebaut. Vor fünf Wochen hat Karl wieder ein maßgefertigtes Bett konstruiert, weil er mit einem Freund zusammen zieht.;Karl hat einmal ein maßgefertigtes Bett konstruiert.;FacebookAI/roberta-large-mnli;entailment;1;0.3501054346561432;0.09379175305366516;0.5561028718948364
37_aii_bii2_twice_neu;Vor vier Jahren hat Judith Karl ein maßgefertigtes Bett gebaut.;Vor fünf Wochen hat Karl wieder ein maßgefertigtes Bett konstruiert, weil er mit einem Freund zusammen zieht.;Karl hat mindestens zweimal ein maßgefertigtes Bett konstruiert.;unknown;37;aii;bii;2;neutral;twice;False;;;Vor vier Jahren hat Judith Karl ein maßgefertigtes Bett gebaut. Vor fünf Wochen hat Karl wieder ein maßgefertigtes Bett konstruiert, weil er mit einem Freund zusammen zieht.;Karl hat mindestens zweimal ein maßgefertigtes Bett konstruiert.;FacebookAI/roberta-large-mnli;entailment;0;0.11240254342556;0.19189555943012238;0.6957018971443176
37_aii_bii2_cannot_say_neu;Vor vier Jahren hat Judith Karl ein maßgefertigtes Bett gebaut.;Vor fünf Wochen hat Karl wieder ein maßgefertigtes Bett konstruiert, weil er mit einem Freund zusammen zieht.;Es lässt sich nicht sagen, wie oft Karl ein maßgefertigtes Bett konstruiert hat.;unknown;37;aii;bii;2;neutral;cannot say;False;;;Vor vier Jahren hat Judith Karl ein maßgefertigtes Bett gebaut. Vor fünf Wochen hat Karl wieder ein maßgefertigtes Bett konstruiert, weil er mit einem Freund zusammen zieht.;Es lässt sich nicht sagen, wie oft Karl ein maßgefertigtes Bett konstruiert hat.;FacebookAI/roberta-large-mnli;neutral;1;0.11291412264108658;0.8102403283119202;0.07684554904699326
38_ai_bi1_once_pos;Vor drei Monaten hat Karl für Linda ein neues Instrument gekauft.;Vor zwei Wochen hat Linda wieder ein neues Instrument bekommen, weil sie in ein Orchester eingetreten ist.;Linda hat einmal ein neues Instrument bekommen.;unknown;38;ai;bi;1;positive;once;False;;;Vor drei Monaten hat Karl für Linda ein neues Instrument gekauft. Vor zwei Wochen hat Linda wieder ein neues Instrument bekommen, weil sie in ein Orchester eingetreten ist.;Linda hat einmal ein neues Instrument bekommen.;FacebookAI/roberta-large-mnli;entailment;0;0.21221648156642914;0.1191578358411789;0.6686257719993591
38_ai_bi1_twice_pos;Vor drei Monaten hat Karl für Linda ein neues Instrument gekauft.;Vor zwei Wochen hat Linda wieder ein neues Instrument bekommen, weil sie in ein Orchester eingetreten ist.;Linda hat mindestens zweimal ein neues Instrument bekommen.;entailment;38;ai;bi;1;positive;twice;False;;;Vor drei Monaten hat Karl für Linda ein neues Instrument gekauft. Vor zwei Wochen hat Linda wieder ein neues Instrument bekommen, weil sie in ein Orchester eingetreten ist.;Linda hat mindestens zweimal ein neues Instrument bekommen.;FacebookAI/roberta-large-mnli;entailment;1;0.12969616055488586;0.09464285522699356;0.775661051273346
38_ai_bi1_cannot_say_pos;Vor drei Monaten hat Karl für Linda ein neues Instrument gekauft.;Vor zwei Wochen hat Linda wieder ein neues Instrument bekommen, weil sie in ein Orchester eingetreten ist.;Es lässt sich nicht sagen, wie oft Linda ein neues Instrument bekommen hat.;unknown;38;ai;bi;1;positive;cannot say;False;;;Vor drei Monaten hat Karl für Linda ein neues Instrument gekauft. Vor zwei Wochen hat Linda wieder ein neues Instrument bekommen, weil sie in ein Orchester eingetreten ist.;Es lässt sich nicht sagen, wie oft Linda ein neues Instrument bekommen hat.;FacebookAI/roberta-large-mnli;neutral;1;0.15816645324230194;0.7873812913894653;0.0544523149728775
38_ai_bi2_once_neu;Vor drei Monaten hat Karl für Linda ein neues Instrument gekauft.;Vor zwei Wochen hat Karl wieder ein neues Instrument bekommen, weil er in ein Orchester eingetreten ist.;Karl hat einmal ein neues Instrument bekommen.;entailment;38;ai;bi;2;neutral;once;False;;;Vor drei Monaten hat Karl für Linda ein neues Instrument gekauft. Vor zwei Wochen hat Karl wieder ein neues Instrument bekommen, weil er in ein Orchester eingetreten ist.;Karl hat einmal ein neues Instrument bekommen.;FacebookAI/roberta-large-mnli;entailment;1;0.22882798314094543;0.10546933114528656;0.665702760219574
38_ai_bi2_twice_neu;Vor drei Monaten hat Karl für Linda ein neues Instrument gekauft.;Vor zwei Wochen hat Karl wieder ein neues Instrument bekommen, weil er in ein Orchester eingetreten ist.;Karl hat mindestens zweimal ein neues Instrument bekommen.;unknown;38;ai;bi;2;neutral;twice;False;;;Vor drei Monaten hat Karl für Linda ein neues Instrument gekauft. Vor zwei Wochen hat Karl wieder ein neues Instrument bekommen, weil er in ein Orchester eingetreten ist.;Karl hat mindestens zweimal ein neues Instrument bekommen.;FacebookAI/roberta-large-mnli;entailment;0;0.07203510403633118;0.1338251233100891;0.7941397428512573
38_ai_bi2_cannot_say_neu;Vor drei Monaten hat Karl für Linda ein neues Instrument gekauft.;Vor zwei Wochen hat Karl wieder ein neues Instrument bekommen, weil er in ein Orchester eingetreten ist.;Es lässt sich nicht sagen, wie oft Karl ein neues Instrument bekommen hat.;unknown;38;ai;bi;2;neutral;cannot say;False;;;Vor drei Monaten hat Karl für Linda ein neues Instrument gekauft. Vor zwei Wochen hat Karl wieder ein neues Instrument bekommen, weil er in ein Orchester eingetreten ist.;Es lässt sich nicht sagen, wie oft Karl ein neues Instrument bekommen hat.;FacebookAI/roberta-large-mnli;neutral;1;0.1254744827747345;0.8275046348571777;0.04702088236808777
38_ai_bii1_once_neu;Vor drei Monaten hat Karl für Linda ein neues Instrument gekauft.;Vor zwei Wochen hat Linda wieder ein neues Instrument erstanden, weil sie in ein Orchester eingetreten ist.;Linda hat einmal ein neues Instrument erstanden.;entailment;38;ai;bii;1;neutral;once;False;;;Vor drei Monaten hat Karl für Linda ein neues Instrument gekauft. Vor zwei Wochen hat Linda wieder ein neues Instrument erstanden, weil sie in ein Orchester eingetreten ist.;Linda hat einmal ein neues Instrument erstanden.;FacebookAI/roberta-large-mnli;entailment;1;0.1660567671060562;0.10828231275081635;0.7256609797477722
38_ai_bii1_twice_neu;Vor drei Monaten hat Karl für Linda ein neues Instrument gekauft.;Vor zwei Wochen hat Linda wieder ein neues Instrument erstanden, weil sie in ein Orchester eingetreten ist.;Linda hat mindestens zweimal ein neues Instrument erstanden.;unknown;38;ai;bii;1;neutral;twice;False;;;Vor drei Monaten hat Karl für Linda ein neues Instrument gekauft. Vor zwei Wochen hat Linda wieder ein neues Instrument erstanden, weil sie in ein Orchester eingetreten ist.;Linda hat mindestens zweimal ein neues Instrument erstanden.;FacebookAI/roberta-large-mnli;entailment;0;0.09003531187772751;0.11213889718055725;0.7978257536888123
38_ai_bii1_cannot_say_neu;Vor drei Monaten hat Karl für Linda ein neues Instrument gekauft.;Vor zwei Wochen hat Linda wieder ein neues Instrument erstanden, weil sie in ein Orchester eingetreten ist.;Es lässt sich nicht sagen, wie oft Linda ein neues Instrument erstanden hat.;unknown;38;ai;bii;1;neutral;cannot say;False;;;Vor drei Monaten hat Karl für Linda ein neues Instrument gekauft. Vor zwei Wochen hat Linda wieder ein neues Instrument erstanden, weil sie in ein Orchester eingetreten ist.;Es lässt sich nicht sagen, wie oft Linda ein neues Instrument erstanden hat.;FacebookAI/roberta-large-mnli;neutral;1;0.16516803205013275;0.785215437412262;0.04961651563644409
38_ai_bii2_once_pos;Vor drei Monaten hat Karl für Linda ein neues Instrument gekauft.;Vor zwei Wochen hat Karl wieder ein neues Instrument erstanden, weil er in ein Orchester eingetreten ist.;Karl hat einmal ein neues Instrument erstanden.;unknown;38;ai;bii;2;positive;once;False;;;Vor drei Monaten hat Karl für Linda ein neues Instrument gekauft. Vor zwei Wochen hat Karl wieder ein neues Instrument erstanden, weil er in ein Orchester eingetreten ist.;Karl hat einmal ein neues Instrument erstanden.;FacebookAI/roberta-large-mnli;entailment;0;0.20576626062393188;0.09810803085565567;0.6961257457733154
38_ai_bii2_twice_pos;Vor drei Monaten hat Karl für Linda ein neues Instrument gekauft.;Vor zwei Wochen hat Karl wieder ein neues Instrument erstanden, weil er in ein Orchester eingetreten ist.;Karl hat mindestens zweimal ein neues Instrument erstanden.;entailment;38;ai;bii;2;positive;twice;False;;;Vor drei Monaten hat Karl für Linda ein neues Instrument gekauft. Vor zwei Wochen hat Karl wieder ein neues Instrument erstanden, weil er in ein Orchester eingetreten ist.;Karl hat mindestens zweimal ein neues Instrument erstanden.;FacebookAI/roberta-large-mnli;entailment;1;0.06385736912488937;0.14179758727550507;0.7943450808525085
38_ai_bii2_cannot_say_pos;Vor drei Monaten hat Karl für Linda ein neues Instrument gekauft.;Vor zwei Wochen hat Karl wieder ein neues Instrument erstanden, weil er in ein Orchester eingetreten ist.;Es lässt sich nicht sagen, wie oft Karl ein neues Instrument erstanden hat.;unknown;38;ai;bii;2;positive;cannot say;False;;;Vor drei Monaten hat Karl für Linda ein neues Instrument gekauft. Vor zwei Wochen hat Karl wieder ein neues Instrument erstanden, weil er in ein Orchester eingetreten ist.;Es lässt sich nicht sagen, wie oft Karl ein neues Instrument erstanden hat.;FacebookAI/roberta-large-mnli;neutral;1;0.1481037735939026;0.8040484189987183;0.04784790426492691
38_aii_bi1_once_neu;Vor drei Monaten hat Linda für Karl ein neues Instrument gekauft.;Vor zwei Wochen hat Linda wieder ein neues Instrument bekommen, weil sie in ein Orchester eingetreten ist.;Linda hat einmal ein neues Instrument bekommen.;entailment;38;aii;bi;1;neutral;once;False;;;Vor drei Monaten hat Linda für Karl ein neues Instrument gekauft. Vor zwei Wochen hat Linda wieder ein neues Instrument bekommen, weil sie in ein Orchester eingetreten ist.;Linda hat einmal ein neues Instrument bekommen.;FacebookAI/roberta-large-mnli;entailment;1;0.11938158422708511;0.09868504106998444;0.7819333672523499
38_aii_bi1_twice_neu;Vor drei Monaten hat Linda für Karl ein neues Instrument gekauft.;Vor zwei Wochen hat Linda wieder ein neues Instrument bekommen, weil sie in ein Orchester eingetreten ist.;Linda hat mindestens zweimal ein neues Instrument bekommen.;unknown;38;aii;bi;1;neutral;twice;False;;;Vor drei Monaten hat Linda für Karl ein neues Instrument gekauft. Vor zwei Wochen hat Linda wieder ein neues Instrument bekommen, weil sie in ein Orchester eingetreten ist.;Linda hat mindestens zweimal ein neues Instrument bekommen.;FacebookAI/roberta-large-mnli;entailment;0;0.05513043329119682;0.11416424065828323;0.8307053446769714
38_aii_bi1_cannot_say_neu;Vor drei Monaten hat Linda für Karl ein neues Instrument gekauft.;Vor zwei Wochen hat Linda wieder ein neues Instrument bekommen, weil sie in ein Orchester eingetreten ist.;Es lässt sich nicht sagen, wie oft Linda ein neues Instrument bekommen hat.;unknown;38;aii;bi;1;neutral;cannot say;False;;;Vor drei Monaten hat Linda für Karl ein neues Instrument gekauft. Vor zwei Wochen hat Linda wieder ein neues Instrument bekommen, weil sie in ein Orchester eingetreten ist.;Es lässt sich nicht sagen, wie oft Linda ein neues Instrument bekommen hat.;FacebookAI/roberta-large-mnli;neutral;1;0.12778832018375397;0.8085982799530029;0.06361337006092072
38_aii_bi2_once_pos;Vor drei Monaten hat Linda für Karl ein neues Instrument gekauft.;Vor zwei Wochen hat Karl wieder ein neues Instrument bekommen, weil er in ein Orchester eingetreten ist.;Karl hat einmal ein neues Instrument bekommen.;unknown;38;aii;bi;2;positive;once;False;;;Vor drei Monaten hat Linda für Karl ein neues Instrument gekauft. Vor zwei Wochen hat Karl wieder ein neues Instrument bekommen, weil er in ein Orchester eingetreten ist.;Karl hat einmal ein neues Instrument bekommen.;FacebookAI/roberta-large-mnli;entailment;0;0.2543894648551941;0.12733612954616547;0.6182743310928345
38_aii_bi2_twice_pos;Vor drei Monaten hat Linda für Karl ein neues Instrument gekauft.;Vor zwei Wochen hat Karl wieder ein neues Instrument bekommen, weil er in ein Orchester eingetreten ist.;Karl hat mindestens zweimal ein neues Instrument bekommen.;entailment;38;aii;bi;2;positive;twice;False;;;Vor drei Monaten hat Linda für Karl ein neues Instrument gekauft. Vor zwei Wochen hat Karl wieder ein neues Instrument bekommen, weil er in ein Orchester eingetreten ist.;Karl hat mindestens zweimal ein neues Instrument bekommen.;FacebookAI/roberta-large-mnli;entailment;1;0.12002648413181305;0.10391934961080551;0.7760542035102844
38_aii_bi2_cannot_say_pos;Vor drei Monaten hat Linda für Karl ein neues Instrument gekauft.;Vor zwei Wochen hat Karl wieder ein neues Instrument bekommen, weil er in ein Orchester eingetreten ist.;Es lässt sich nicht sagen, wie oft Karl ein neues Instrument bekommen hat.;unknown;38;aii;bi;2;positive;cannot say;False;;;Vor drei Monaten hat Linda für Karl ein neues Instrument gekauft. Vor zwei Wochen hat Karl wieder ein neues Instrument bekommen, weil er in ein Orchester eingetreten ist.;Es lässt sich nicht sagen, wie oft Karl ein neues Instrument bekommen hat.;FacebookAI/roberta-large-mnli;neutral;1;0.14126573503017426;0.8166128396987915;0.04212147369980812
38_aii_bii1_once_pos;Vor drei Monaten hat Linda für Karl ein neues Instrument gekauft.;Vor zwei Wochen hat Linda wieder ein neues Instrument erstanden, weil sie in ein Orchester eingetreten ist.;Linda hat einmal ein neues Instrument erstanden.;unknown;38;aii;bii;1;positive;once;False;;;Vor drei Monaten hat Linda für Karl ein neues Instrument gekauft. Vor zwei Wochen hat Linda wieder ein neues Instrument erstanden, weil sie in ein Orchester eingetreten ist.;Linda hat einmal ein neues Instrument erstanden.;FacebookAI/roberta-large-mnli;entailment;0;0.13134630024433136;0.09405462443828583;0.7745991349220276
38_aii_bii1_twice_pos;Vor drei Monaten hat Linda für Karl ein neues Instrument gekauft.;Vor zwei Wochen hat Linda wieder ein neues Instrument erstanden, weil sie in ein Orchester eingetreten ist.;Linda hat mindestens zweimal ein neues Instrument erstanden.;entailment;38;aii;bii;1;positive;twice;False;;;Vor drei Monaten hat Linda für Karl ein neues Instrument gekauft. Vor zwei Wochen hat Linda wieder ein neues Instrument erstanden, weil sie in ein Orchester eingetreten ist.;Linda hat mindestens zweimal ein neues Instrument erstanden.;FacebookAI/roberta-large-mnli;entailment;1;0.0711502954363823;0.14677901566028595;0.7820706367492676
38_aii_bii1_cannot_say_pos;Vor drei Monaten hat Linda für Karl ein neues Instrument gekauft.;Vor zwei Wochen hat Linda wieder ein neues Instrument erstanden, weil sie in ein Orchester eingetreten ist.;Es lässt sich nicht sagen, wie oft Linda ein neues Instrument erstanden hat.;unknown;38;aii;bii;1;positive;cannot say;False;;;Vor drei Monaten hat Linda für Karl ein neues Instrument gekauft. Vor zwei Wochen hat Linda wieder ein neues Instrument erstanden, weil sie in ein Orchester eingetreten ist.;Es lässt sich nicht sagen, wie oft Linda ein neues Instrument erstanden hat.;FacebookAI/roberta-large-mnli;neutral;1;0.13673245906829834;0.8032475113868713;0.06002005562186241
38_aii_bii2_once_neu;Vor drei Monaten hat Linda für Karl ein neues Instrument gekauft.;Vor zwei Wochen hat Karl wieder ein neues Instrument erstanden, weil er in ein Orchester eingetreten ist.;Karl hat einmal ein neues Instrument erstanden.;entailment;38;aii;bii;2;neutral;once;False;;;Vor drei Monaten hat Linda für Karl ein neues Instrument gekauft. Vor zwei Wochen hat Karl wieder ein neues Instrument erstanden, weil er in ein Orchester eingetreten ist.;Karl hat einmal ein neues Instrument erstanden.;FacebookAI/roberta-large-mnli;entailment;1;0.18353897333145142;0.12001192569732666;0.6964491009712219
38_aii_bii2_twice_neu;Vor drei Monaten hat Linda für Karl ein neues Instrument gekauft.;Vor zwei Wochen hat Karl wieder ein neues Instrument erstanden, weil er in ein Orchester eingetreten ist.;Karl hat mindestens zweimal ein neues Instrument erstanden.;unknown;38;aii;bii;2;neutral;twice;False;;;Vor drei Monaten hat Linda für Karl ein neues Instrument gekauft. Vor zwei Wochen hat Karl wieder ein neues Instrument erstanden, weil er in ein Orchester eingetreten ist.;Karl hat mindestens zweimal ein neues Instrument erstanden.;FacebookAI/roberta-large-mnli;entailment;0;0.062141768634319305;0.11203595995903015;0.8258222937583923
38_aii_bii2_cannot_say_neu;Vor drei Monaten hat Linda für Karl ein neues Instrument gekauft.;Vor zwei Wochen hat Karl wieder ein neues Instrument erstanden, weil er in ein Orchester eingetreten ist.;Es lässt sich nicht sagen, wie oft Karl ein neues Instrument erstanden hat.;unknown;38;aii;bii;2;neutral;cannot say;False;;;Vor drei Monaten hat Linda für Karl ein neues Instrument gekauft. Vor zwei Wochen hat Karl wieder ein neues Instrument erstanden, weil er in ein Orchester eingetreten ist.;Es lässt sich nicht sagen, wie oft Karl ein neues Instrument erstanden hat.;FacebookAI/roberta-large-mnli;neutral;1;0.16984020173549652;0.789946436882019;0.04021333158016205
39_ai_bi1_once_neu;Letztes Jahr hat Karl Timo einen kräftigen Fausthieb verpasst.;Vor vier Wochen hat Timo wieder einen kräftigen Fausthieb ausgeteilt, als er in eine Schlägerei verwickelt war.;Timo hat einmal einen kräftigen Fausthieb ausgeteilt.;entailment;39;ai;bi;1;neutral;once;False;;"ausgeteilt is agent-oriented; abbekommen is recipient-oriented.";Letztes Jahr hat Karl Timo einen kräftigen Fausthieb verpasst. Vor vier Wochen hat Timo wieder einen kräftigen Fausthieb ausgeteilt, als er in eine Schlägerei verwickelt war.;Timo hat einmal einen kräftigen Fausthieb ausgeteilt.;FacebookAI/roberta-large-mnli;entailment;1;0.17049548029899597;0.1911061555147171;0.6383983492851257
39_ai_bi1_twice_neu;Letztes Jahr hat Karl Timo einen kräftigen Fausthieb verpasst.;Vor vier Wochen hat Timo wieder einen kräftigen Fausthieb ausgeteilt, als er in eine Schlägerei verwickelt war.;Timo hat mindestens zweimal einen kräftigen Fausthieb ausgeteilt.;unknown;39;ai;bi;1;neutral;twice;False;;"ausgeteilt is agent-oriented; abbekommen is recipient-oriented.";Letztes Jahr hat Karl Timo einen kräftigen Fausthieb verpasst. Vor vier Wochen hat Timo wieder einen kräftigen Fausthieb ausgeteilt, als er in eine Schlägerei verwickelt war.;Timo hat mindestens zweimal einen kräftigen Fausthieb ausgeteilt.;FacebookAI/roberta-large-mnli;neutral;1;0.08785312622785568;0.5283793807029724;0.3837675154209137
39_ai_bi1_cannot_say_neu;Letztes Jahr hat Karl Timo einen kräftigen Fausthieb verpasst.;Vor vier Wochen hat Timo wieder einen kräftigen Fausthieb ausgeteilt, als er in eine Schlägerei verwickelt war.;Es lässt sich nicht sagen, wie oft Timo einen kräftigen Fausthieb ausgeteilt hat.;unknown;39;ai;bi;1;neutral;cannot say;False;;"ausgeteilt is agent-oriented; abbekommen is recipient-oriented.";Letztes Jahr hat Karl Timo einen kräftigen Fausthieb verpasst. Vor vier Wochen hat Timo wieder einen kräftigen Fausthieb ausgeteilt, als er in eine Schlägerei verwickelt war.;Es lässt sich nicht sagen, wie oft Timo einen kräftigen Fausthieb ausgeteilt hat.;FacebookAI/roberta-large-mnli;neutral;1;0.06639830023050308;0.8911351561546326;0.04246652126312256
39_ai_bi2_once_pos;Letztes Jahr hat Karl Timo einen kräftigen Fausthieb verpasst.;Vor vier Wochen hat Karl wieder einen kräftigen Fausthieb ausgeteilt, als er in eine Schlägerei verwickelt war.;Karl hat einmal einen kräftigen Fausthieb ausgeteilt.;unknown;39;ai;bi;2;positive;once;False;;"ausgeteilt is agent-oriented; abbekommen is recipient-oriented.";Letztes Jahr hat Karl Timo einen kräftigen Fausthieb verpasst. Vor vier Wochen hat Karl wieder einen kräftigen Fausthieb ausgeteilt, als er in eine Schlägerei verwickelt war.;Karl hat einmal einen kräftigen Fausthieb ausgeteilt.;FacebookAI/roberta-large-mnli;entailment;0;0.1881730854511261;0.179789200425148;0.6320376992225647
39_ai_bi2_twice_pos;Letztes Jahr hat Karl Timo einen kräftigen Fausthieb verpasst.;Vor vier Wochen hat Karl wieder einen kräftigen Fausthieb ausgeteilt, als er in eine Schlägerei verwickelt war.;Karl hat mindestens zweimal einen kräftigen Fausthieb ausgeteilt.;entailment;39;ai;bi;2;positive;twice;False;;"ausgeteilt is agent-oriented; abbekommen is recipient-oriented.";Letztes Jahr hat Karl Timo einen kräftigen Fausthieb verpasst. Vor vier Wochen hat Karl wieder einen kräftigen Fausthieb ausgeteilt, als er in eine Schlägerei verwickelt war.;Karl hat mindestens zweimal einen kräftigen Fausthieb ausgeteilt.;FacebookAI/roberta-large-mnli;neutral;0;0.09411606192588806;0.5279353260993958;0.3779486119747162
39_ai_bi2_cannot_say_pos;Letztes Jahr hat Karl Timo einen kräftigen Fausthieb verpasst.;Vor vier Wochen hat Karl wieder einen kräftigen Fausthieb ausgeteilt, als er in eine Schlägerei verwickelt war.;Es lässt sich nicht sagen, wie oft Karl einen kräftigen Fausthieb ausgeteilt hat.;unknown;39;ai;bi;2;positive;cannot say;False;;"ausgeteilt is agent-oriented; abbekommen is recipient-oriented.";Letztes Jahr hat Karl Timo einen kräftigen Fausthieb verpasst. Vor vier Wochen hat Karl wieder einen kräftigen Fausthieb ausgeteilt, als er in eine Schlägerei verwickelt war.;Es lässt sich nicht sagen, wie oft Karl einen kräftigen Fausthieb ausgeteilt hat.;FacebookAI/roberta-large-mnli;neutral;1;0.07415468990802765;0.8917732834815979;0.03407200425863266
39_ai_bii1_once_pos;Letztes Jahr hat Karl Timo einen kräftigen Fausthieb verpasst.;Vor vier Wochen hat Timo wieder einen kräftigen Fausthieb abbekommen, als er in eine Schlägerei verwickelt war.;Timo hat einmal einen kräftigen Fausthieb abbekommen.;unknown;39;ai;bii;1;positive;once;False;;"ausgeteilt is agent-oriented; abbekommen is recipient-oriented.";Letztes Jahr hat Karl Timo einen kräftigen Fausthieb verpasst. Vor vier Wochen hat Timo wieder einen kräftigen Fausthieb abbekommen, als er in eine Schlägerei verwickelt war.;Timo hat einmal einen kräftigen Fausthieb abbekommen.;FacebookAI/roberta-large-mnli;entailment;0;0.214682936668396;0.21917100250720978;0.5661460161209106
39_ai_bii1_twice_pos;Letztes Jahr hat Karl Timo einen kräftigen Fausthieb verpasst.;Vor vier Wochen hat Timo wieder einen kräftigen Fausthieb abbekommen, als er in eine Schlägerei verwickelt war.;Timo hat mindestens zweimal einen kräftigen Fausthieb abbekommen.;entailment;39;ai;bii;1;positive;twice;False;;"ausgeteilt is agent-oriented; abbekommen is recipient-oriented.";Letztes Jahr hat Karl Timo einen kräftigen Fausthieb verpasst. Vor vier Wochen hat Timo wieder einen kräftigen Fausthieb abbekommen, als er in eine Schlägerei verwickelt war.;Timo hat mindestens zweimal einen kräftigen Fausthieb abbekommen.;FacebookAI/roberta-large-mnli;neutral;0;0.07628093659877777;0.5037346482276917;0.419984370470047
39_ai_bii1_cannot_say_pos;Letztes Jahr hat Karl Timo einen kräftigen Fausthieb verpasst.;Vor vier Wochen hat Timo wieder einen kräftigen Fausthieb abbekommen, als er in eine Schlägerei verwickelt war.;Es lässt sich nicht sagen, wie oft Timo einen kräftigen Fausthieb abbekommen hat.;unknown;39;ai;bii;1;positive;cannot say;False;;"ausgeteilt is agent-oriented; abbekommen is recipient-oriented.";Letztes Jahr hat Karl Timo einen kräftigen Fausthieb verpasst. Vor vier Wochen hat Timo wieder einen kräftigen Fausthieb abbekommen, als er in eine Schlägerei verwickelt war.;Es lässt sich nicht sagen, wie oft Timo einen kräftigen Fausthieb abbekommen hat.;FacebookAI/roberta-large-mnli;neutral;1;0.06787841767072678;0.8876620531082153;0.04445955529808998
39_ai_bii2_once_neu;Letztes Jahr hat Karl Timo einen kräftigen Fausthieb verpasst.;Vor vier Wochen hat Karl wieder einen kräftigen Fausthieb abbekommen, als er in eine Schlägerei verwickelt war.;Karl hat einmal einen kräftigen Fausthieb abbekommen.;entailment;39;ai;bii;2;neutral;once;False;;"ausgeteilt is agent-oriented; abbekommen is recipient-oriented.";Letztes Jahr hat Karl Timo einen kräftigen Fausthieb verpasst. Vor vier Wochen hat Karl wieder einen kräftigen Fausthieb abbekommen, als er in eine Schlägerei verwickelt war.;Karl hat einmal einen kräftigen Fausthieb abbekommen.;FacebookAI/roberta-large-mnli;entailment;1;0.17909130454063416;0.2018183022737503;0.6190903782844543
39_ai_bii2_twice_neu;Letztes Jahr hat Karl Timo einen kräftigen Fausthieb verpasst.;Vor vier Wochen hat Karl wieder einen kräftigen Fausthieb abbekommen, als er in eine Schlägerei verwickelt war.;Karl hat mindestens zweimal einen kräftigen Fausthieb abbekommen.;unknown;39;ai;bii;2;neutral;twice;False;;"ausgeteilt is agent-oriented; abbekommen is recipient-oriented.";Letztes Jahr hat Karl Timo einen kräftigen Fausthieb verpasst. Vor vier Wochen hat Karl wieder einen kräftigen Fausthieb abbekommen, als er in eine Schlägerei verwickelt war.;Karl hat mindestens zweimal einen kräftigen Fausthieb abbekommen.;FacebookAI/roberta-large-mnli;neutral;1;0.07957004755735397;0.5190833806991577;0.40134650468826294
39_ai_bii2_cannot_say_neu;Letztes Jahr hat Karl Timo einen kräftigen Fausthieb verpasst.;Vor vier Wochen hat Karl wieder einen kräftigen Fausthieb abbekommen, als er in eine Schlägerei verwickelt war.;Es lässt sich nicht sagen, wie oft Karl einen kräftigen Fausthieb abbekommen hat.;unknown;39;ai;bii;2;neutral;cannot say;False;;"ausgeteilt is agent-oriented; abbekommen is recipient-oriented.";Letztes Jahr hat Karl Timo einen kräftigen Fausthieb verpasst. Vor vier Wochen hat Karl wieder einen kräftigen Fausthieb abbekommen, als er in eine Schlägerei verwickelt war.;Es lässt sich nicht sagen, wie oft Karl einen kräftigen Fausthieb abbekommen hat.;FacebookAI/roberta-large-mnli;neutral;1;0.06899678707122803;0.8956655263900757;0.03533773124217987
39_aii_bi1_once_pos;Letztes Jahr hat Timo Karl einen kräftigen Fausthieb verpasst.;Vor vier Wochen hat Timo wieder einen kräftigen Fausthieb ausgeteilt, als er in eine Schlägerei verwickelt war.;Timo hat einmal einen kräftigen Fausthieb ausgeteilt.;unknown;39;aii;bi;1;positive;once;False;;"ausgeteilt is agent-oriented; abbekommen is recipient-oriented.";Letztes Jahr hat Timo Karl einen kräftigen Fausthieb verpasst. Vor vier Wochen hat Timo wieder einen kräftigen Fausthieb ausgeteilt, als er in eine Schlägerei verwickelt war.;Timo hat einmal einen kräftigen Fausthieb ausgeteilt.;FacebookAI/roberta-large-mnli;entailment;0;0.20101319253444672;0.1868969202041626;0.6120898127555847
39_aii_bi1_twice_pos;Letztes Jahr hat Timo Karl einen kräftigen Fausthieb verpasst.;Vor vier Wochen hat Timo wieder einen kräftigen Fausthieb ausgeteilt, als er in eine Schlägerei verwickelt war.;Timo hat mindestens zweimal einen kräftigen Fausthieb ausgeteilt.;entailment;39;aii;bi;1;positive;twice;False;;"ausgeteilt is agent-oriented; abbekommen is recipient-oriented.";Letztes Jahr hat Timo Karl einen kräftigen Fausthieb verpasst. Vor vier Wochen hat Timo wieder einen kräftigen Fausthieb ausgeteilt, als er in eine Schlägerei verwickelt war.;Timo hat mindestens zweimal einen kräftigen Fausthieb ausgeteilt.;FacebookAI/roberta-large-mnli;neutral;0;0.09885217994451523;0.5219779014587402;0.37916985154151917
39_aii_bi1_cannot_say_pos;Letztes Jahr hat Timo Karl einen kräftigen Fausthieb verpasst.;Vor vier Wochen hat Timo wieder einen kräftigen Fausthieb ausgeteilt, als er in eine Schlägerei verwickelt war.;Es lässt sich nicht sagen, wie oft Timo einen kräftigen Fausthieb ausgeteilt hat.;unknown;39;aii;bi;1;positive;cannot say;False;;"ausgeteilt is agent-oriented; abbekommen is recipient-oriented.";Letztes Jahr hat Timo Karl einen kräftigen Fausthieb verpasst. Vor vier Wochen hat Timo wieder einen kräftigen Fausthieb ausgeteilt, als er in eine Schlägerei verwickelt war.;Es lässt sich nicht sagen, wie oft Timo einen kräftigen Fausthieb ausgeteilt hat.;FacebookAI/roberta-large-mnli;neutral;1;0.07018166035413742;0.8875777125358582;0.04224061965942383
39_aii_bi2_once_neu;Letztes Jahr hat Timo Karl einen kräftigen Fausthieb verpasst.;Vor vier Wochen hat Karl wieder einen kräftigen Fausthieb ausgeteilt, als er in eine Schlägerei verwickelt war.;Karl hat einmal einen kräftigen Fausthieb ausgeteilt.;entailment;39;aii;bi;2;neutral;once;False;;"ausgeteilt is agent-oriented; abbekommen is recipient-oriented.";Letztes Jahr hat Timo Karl einen kräftigen Fausthieb verpasst. Vor vier Wochen hat Karl wieder einen kräftigen Fausthieb ausgeteilt, als er in eine Schlägerei verwickelt war.;Karl hat einmal einen kräftigen Fausthieb ausgeteilt.;FacebookAI/roberta-large-mnli;entailment;1;0.16526560485363007;0.18877935409545898;0.6459550261497498
39_aii_bi2_twice_neu;Letztes Jahr hat Timo Karl einen kräftigen Fausthieb verpasst.;Vor vier Wochen hat Karl wieder einen kräftigen Fausthieb ausgeteilt, als er in eine Schlägerei verwickelt war.;Karl hat mindestens zweimal einen kräftigen Fausthieb ausgeteilt.;unknown;39;aii;bi;2;neutral;twice;False;;"ausgeteilt is agent-oriented; abbekommen is recipient-oriented.";Letztes Jahr hat Timo Karl einen kräftigen Fausthieb verpasst. Vor vier Wochen hat Karl wieder einen kräftigen Fausthieb ausgeteilt, als er in eine Schlägerei verwickelt war.;Karl hat mindestens zweimal einen kräftigen Fausthieb ausgeteilt.;FacebookAI/roberta-large-mnli;neutral;1;0.08705708384513855;0.513557493686676;0.3993854522705078
39_aii_bi2_cannot_say_neu;Letztes Jahr hat Timo Karl einen kräftigen Fausthieb verpasst.;Vor vier Wochen hat Karl wieder einen kräftigen Fausthieb ausgeteilt, als er in eine Schlägerei verwickelt war.;Es lässt sich nicht sagen, wie oft Karl einen kräftigen Fausthieb ausgeteilt hat.;unknown;39;aii;bi;2;neutral;cannot say;False;;"ausgeteilt is agent-oriented; abbekommen is recipient-oriented.";Letztes Jahr hat Timo Karl einen kräftigen Fausthieb verpasst. Vor vier Wochen hat Karl wieder einen kräftigen Fausthieb ausgeteilt, als er in eine Schlägerei verwickelt war.;Es lässt sich nicht sagen, wie oft Karl einen kräftigen Fausthieb ausgeteilt hat.;FacebookAI/roberta-large-mnli;neutral;1;0.06954126060009003;0.8980146646499634;0.03244410827755928
39_aii_bii1_once_neu;Letztes Jahr hat Timo Karl einen kräftigen Fausthieb verpasst.;Vor vier Wochen hat Timo wieder einen kräftigen Fausthieb abbekommen, als er in eine Schlägerei verwickelt war.;Timo hat einmal einen kräftigen Fausthieb abbekommen.;entailment;39;aii;bii;1;neutral;once;False;;"ausgeteilt is agent-oriented; abbekommen is recipient-oriented.";Letztes Jahr hat Timo Karl einen kräftigen Fausthieb verpasst. Vor vier Wochen hat Timo wieder einen kräftigen Fausthieb abbekommen, als er in eine Schlägerei verwickelt war.;Timo hat einmal einen kräftigen Fausthieb abbekommen.;FacebookAI/roberta-large-mnli;entailment;1;0.24745823442935944;0.21905305981636047;0.5334887504577637
39_aii_bii1_twice_neu;Letztes Jahr hat Timo Karl einen kräftigen Fausthieb verpasst.;Vor vier Wochen hat Timo wieder einen kräftigen Fausthieb abbekommen, als er in eine Schlägerei verwickelt war.;Timo hat mindestens zweimal einen kräftigen Fausthieb abbekommen.;unknown;39;aii;bii;1;neutral;twice;False;;"ausgeteilt is agent-oriented; abbekommen is recipient-oriented.";Letztes Jahr hat Timo Karl einen kräftigen Fausthieb verpasst. Vor vier Wochen hat Timo wieder einen kräftigen Fausthieb abbekommen, als er in eine Schlägerei verwickelt war.;Timo hat mindestens zweimal einen kräftigen Fausthieb abbekommen.;FacebookAI/roberta-large-mnli;neutral;1;0.0827268436551094;0.5030137896537781;0.4142593741416931
39_aii_bii1_cannot_say_neu;Letztes Jahr hat Timo Karl einen kräftigen Fausthieb verpasst.;Vor vier Wochen hat Timo wieder einen kräftigen Fausthieb abbekommen, als er in eine Schlägerei verwickelt war.;Es lässt sich nicht sagen, wie oft Timo einen kräftigen Fausthieb abbekommen hat.;unknown;39;aii;bii;1;neutral;cannot say;False;;"ausgeteilt is agent-oriented; abbekommen is recipient-oriented.";Letztes Jahr hat Timo Karl einen kräftigen Fausthieb verpasst. Vor vier Wochen hat Timo wieder einen kräftigen Fausthieb abbekommen, als er in eine Schlägerei verwickelt war.;Es lässt sich nicht sagen, wie oft Timo einen kräftigen Fausthieb abbekommen hat.;FacebookAI/roberta-large-mnli;neutral;1;0.06623572111129761;0.8914505839347839;0.042313702404499054
39_aii_bii2_once_pos;Letztes Jahr hat Timo Karl einen kräftigen Fausthieb verpasst.;Vor vier Wochen hat Karl wieder einen kräftigen Fausthieb abbekommen, als er in eine Schlägerei verwickelt war.;Karl hat einmal einen kräftigen Fausthieb abbekommen.;unknown;39;aii;bii;2;positive;once;False;;"ausgeteilt is agent-oriented; abbekommen is recipient-oriented.";Letztes Jahr hat Timo Karl einen kräftigen Fausthieb verpasst. Vor vier Wochen hat Karl wieder einen kräftigen Fausthieb abbekommen, als er in eine Schlägerei verwickelt war.;Karl hat einmal einen kräftigen Fausthieb abbekommen.;FacebookAI/roberta-large-mnli;entailment;0;0.16706427931785583;0.20830479264259338;0.6246309280395508
39_aii_bii2_twice_pos;Letztes Jahr hat Timo Karl einen kräftigen Fausthieb verpasst.;Vor vier Wochen hat Karl wieder einen kräftigen Fausthieb abbekommen, als er in eine Schlägerei verwickelt war.;Karl hat mindestens zweimal einen kräftigen Fausthieb abbekommen.;entailment;39;aii;bii;2;positive;twice;False;;"ausgeteilt is agent-oriented; abbekommen is recipient-oriented.";Letztes Jahr hat Timo Karl einen kräftigen Fausthieb verpasst. Vor vier Wochen hat Karl wieder einen kräftigen Fausthieb abbekommen, als er in eine Schlägerei verwickelt war.;Karl hat mindestens zweimal einen kräftigen Fausthieb abbekommen.;FacebookAI/roberta-large-mnli;neutral;0;0.07601234316825867;0.49893665313720703;0.4250509738922119
39_aii_bii2_cannot_say_pos;Letztes Jahr hat Timo Karl einen kräftigen Fausthieb verpasst.;Vor vier Wochen hat Karl wieder einen kräftigen Fausthieb abbekommen, als er in eine Schlägerei verwickelt war.;Es lässt sich nicht sagen, wie oft Karl einen kräftigen Fausthieb abbekommen hat.;unknown;39;aii;bii;2;positive;cannot say;False;;"ausgeteilt is agent-oriented; abbekommen is recipient-oriented.";Letztes Jahr hat Timo Karl einen kräftigen Fausthieb verpasst. Vor vier Wochen hat Karl wieder einen kräftigen Fausthieb abbekommen, als er in eine Schlägerei verwickelt war.;Es lässt sich nicht sagen, wie oft Karl einen kräftigen Fausthieb abbekommen hat.;FacebookAI/roberta-large-mnli;neutral;1;0.06486688554286957;0.9014158844947815;0.03371717780828476
40_ai_bi1_once_pos;Vor einem halben Jahr hat Karl Greta charmant zum Tanzen aufgefordert.;Vor zwei Wochen hat Greta wieder eine charmante Tanzaufforderung erhalten, als sie auf einer Party einsam war.;Greta hat einmal eine charmante Tanzaufforderung erhalten.;unknown;40;ai;bi;1;positive;once;False;;;Vor einem halben Jahr hat Karl Greta charmant zum Tanzen aufgefordert. Vor zwei Wochen hat Greta wieder eine charmante Tanzaufforderung erhalten, als sie auf einer Party einsam war.;Greta hat einmal eine charmante Tanzaufforderung erhalten.;FacebookAI/roberta-large-mnli;entailment;0;0.13960736989974976;0.10267607867717743;0.7577165365219116
40_ai_bi1_twice_pos;Vor einem halben Jahr hat Karl Greta charmant zum Tanzen aufgefordert.;Vor zwei Wochen hat Greta wieder eine charmante Tanzaufforderung erhalten, als sie auf einer Party einsam war.;Greta hat mindestens zweimal eine charmante Tanzaufforderung erhalten.;entailment;40;ai;bi;1;positive;twice;False;;;Vor einem halben Jahr hat Karl Greta charmant zum Tanzen aufgefordert. Vor zwei Wochen hat Greta wieder eine charmante Tanzaufforderung erhalten, als sie auf einer Party einsam war.;Greta hat mindestens zweimal eine charmante Tanzaufforderung erhalten.;FacebookAI/roberta-large-mnli;entailment;1;0.061930689960718155;0.2377946525812149;0.700274646282196
40_ai_bi1_cannot_say_pos;Vor einem halben Jahr hat Karl Greta charmant zum Tanzen aufgefordert.;Vor zwei Wochen hat Greta wieder eine charmante Tanzaufforderung erhalten, als sie auf einer Party einsam war.;Es lässt sich nicht sagen, wie oft Greta eine charmante Tanzaufforderung erhalten hat.;unknown;40;ai;bi;1;positive;cannot say;False;;;Vor einem halben Jahr hat Karl Greta charmant zum Tanzen aufgefordert. Vor zwei Wochen hat Greta wieder eine charmante Tanzaufforderung erhalten, als sie auf einer Party einsam war.;Es lässt sich nicht sagen, wie oft Greta eine charmante Tanzaufforderung erhalten hat.;FacebookAI/roberta-large-mnli;neutral;1;0.08962508291006088;0.8698854446411133;0.04048951715230942
40_ai_bi2_once_neu;Vor einem halben Jahr hat Karl Greta charmant zum Tanzen aufgefordert.;Vor zwei Wochen hat Karl wieder eine charmante Tanzaufforderung erhalten, als er auf einer Party einsam war.;Karl hat einmal eine charmante Tanzaufforderung erhalten.;entailment;40;ai;bi;2;neutral;once;False;;;Vor einem halben Jahr hat Karl Greta charmant zum Tanzen aufgefordert. Vor zwei Wochen hat Karl wieder eine charmante Tanzaufforderung erhalten, als er auf einer Party einsam war.;Karl hat einmal eine charmante Tanzaufforderung erhalten.;FacebookAI/roberta-large-mnli;entailment;1;0.12399473786354065;0.10491078346967697;0.771094560623169
40_ai_bi2_twice_neu;Vor einem halben Jahr hat Karl Greta charmant zum Tanzen aufgefordert.;Vor zwei Wochen hat Karl wieder eine charmante Tanzaufforderung erhalten, als er auf einer Party einsam war.;Karl hat mindestens zweimal eine charmante Tanzaufforderung erhalten.;unknown;40;ai;bi;2;neutral;twice;False;;;Vor einem halben Jahr hat Karl Greta charmant zum Tanzen aufgefordert. Vor zwei Wochen hat Karl wieder eine charmante Tanzaufforderung erhalten, als er auf einer Party einsam war.;Karl hat mindestens zweimal eine charmante Tanzaufforderung erhalten.;FacebookAI/roberta-large-mnli;entailment;0;0.061674702912569046;0.24194982647895813;0.6963754296302795
40_ai_bi2_cannot_say_neu;Vor einem halben Jahr hat Karl Greta charmant zum Tanzen aufgefordert.;Vor zwei Wochen hat Karl wieder eine charmante Tanzaufforderung erhalten, als er auf einer Party einsam war.;Es lässt sich nicht sagen, wie oft Karl eine charmante Tanzaufforderung erhalten hat.;unknown;40;ai;bi;2;neutral;cannot say;False;;;Vor einem halben Jahr hat Karl Greta charmant zum Tanzen aufgefordert. Vor zwei Wochen hat Karl wieder eine charmante Tanzaufforderung erhalten, als er auf einer Party einsam war.;Es lässt sich nicht sagen, wie oft Karl eine charmante Tanzaufforderung erhalten hat.;FacebookAI/roberta-large-mnli;neutral;1;0.07027541846036911;0.8994143009185791;0.03031027875840664
40_ai_bii1_once_neu;Vor einem halben Jahr hat Karl Greta charmant zum Tanzen aufgefordert.;Vor zwei Wochen hat Greta wieder eine charmante Tanzaufforderung ausgesprochen, als sie auf einer Party einsam war.;Greta hat einmal eine charmante Tanzaufforderung ausgesprochen.;entailment;40;ai;bii;1;neutral;once;False;;;Vor einem halben Jahr hat Karl Greta charmant zum Tanzen aufgefordert. Vor zwei Wochen hat Greta wieder eine charmante Tanzaufforderung ausgesprochen, als sie auf einer Party einsam war.;Greta hat einmal eine charmante Tanzaufforderung ausgesprochen.;FacebookAI/roberta-large-mnli;entailment;1;0.12574367225170135;0.099882110953331;0.77437424659729
40_ai_bii1_twice_neu;Vor einem halben Jahr hat Karl Greta charmant zum Tanzen aufgefordert.;Vor zwei Wochen hat Greta wieder eine charmante Tanzaufforderung ausgesprochen, als sie auf einer Party einsam war.;Greta hat mindestens zweimal eine charmante Tanzaufforderung ausgesprochen.;unknown;40;ai;bii;1;neutral;twice;False;;;Vor einem halben Jahr hat Karl Greta charmant zum Tanzen aufgefordert. Vor zwei Wochen hat Greta wieder eine charmante Tanzaufforderung ausgesprochen, als sie auf einer Party einsam war.;Greta hat mindestens zweimal eine charmante Tanzaufforderung ausgesprochen.;FacebookAI/roberta-large-mnli;entailment;0;0.05744531378149986;0.1876372992992401;0.7549173831939697
40_ai_bii1_cannot_say_neu;Vor einem halben Jahr hat Karl Greta charmant zum Tanzen aufgefordert.;Vor zwei Wochen hat Greta wieder eine charmante Tanzaufforderung ausgesprochen, als sie auf einer Party einsam war.;Es lässt sich nicht sagen, wie oft Greta eine charmante Tanzaufforderung ausgesprochen hat.;unknown;40;ai;bii;1;neutral;cannot say;False;;;Vor einem halben Jahr hat Karl Greta charmant zum Tanzen aufgefordert. Vor zwei Wochen hat Greta wieder eine charmante Tanzaufforderung ausgesprochen, als sie auf einer Party einsam war.;Es lässt sich nicht sagen, wie oft Greta eine charmante Tanzaufforderung ausgesprochen hat.;FacebookAI/roberta-large-mnli;neutral;1;0.09275954216718674;0.8554728031158447;0.051767632365226746
40_ai_bii2_once_pos;Vor einem halben Jahr hat Karl Greta charmant zum Tanzen aufgefordert.;Vor zwei Wochen hat Karl wieder eine charmante Tanzaufforderung ausgesprochen, als er auf einer Party einsam war.;Karl hat einmal eine charmante Tanzaufforderung ausgesprochen.;unknown;40;ai;bii;2;positive;once;False;;;Vor einem halben Jahr hat Karl Greta charmant zum Tanzen aufgefordert. Vor zwei Wochen hat Karl wieder eine charmante Tanzaufforderung ausgesprochen, als er auf einer Party einsam war.;Karl hat einmal eine charmante Tanzaufforderung ausgesprochen.;FacebookAI/roberta-large-mnli;entailment;0;0.08706893026828766;0.1195441335439682;0.7933869361877441
40_ai_bii2_twice_pos;Vor einem halben Jahr hat Karl Greta charmant zum Tanzen aufgefordert.;Vor zwei Wochen hat Karl wieder eine charmante Tanzaufforderung ausgesprochen, als er auf einer Party einsam war.;Karl hat mindestens zweimal eine charmante Tanzaufforderung ausgesprochen.;entailment;40;ai;bii;2;positive;twice;False;;;Vor einem halben Jahr hat Karl Greta charmant zum Tanzen aufgefordert. Vor zwei Wochen hat Karl wieder eine charmante Tanzaufforderung ausgesprochen, als er auf einer Party einsam war.;Karl hat mindestens zweimal eine charmante Tanzaufforderung ausgesprochen.;FacebookAI/roberta-large-mnli;entailment;1;0.06882147490978241;0.19733643531799316;0.733842134475708
40_ai_bii2_cannot_say_pos;Vor einem halben Jahr hat Karl Greta charmant zum Tanzen aufgefordert.;Vor zwei Wochen hat Karl wieder eine charmante Tanzaufforderung ausgesprochen, als er auf einer Party einsam war.;Es lässt sich nicht sagen, wie oft Karl eine charmante Tanzaufforderung ausgesprochen hat.;unknown;40;ai;bii;2;positive;cannot say;False;;;Vor einem halben Jahr hat Karl Greta charmant zum Tanzen aufgefordert. Vor zwei Wochen hat Karl wieder eine charmante Tanzaufforderung ausgesprochen, als er auf einer Party einsam war.;Es lässt sich nicht sagen, wie oft Karl eine charmante Tanzaufforderung ausgesprochen hat.;FacebookAI/roberta-large-mnli;neutral;1;0.08399976789951324;0.8765814304351807;0.039418891072273254
40_aii_bi1_once_neu;Vor einem halben Jahr hat Greta Karl charmant zum Tanzen aufgefordert.;Vor zwei Wochen hat Greta wieder eine charmante Tanzaufforderung erhalten, als sie auf einer Party einsam war.;Greta hat einmal eine charmante Tanzaufforderung erhalten.;entailment;40;aii;bi;1;neutral;once;False;;;Vor einem halben Jahr hat Greta Karl charmant zum Tanzen aufgefordert. Vor zwei Wochen hat Greta wieder eine charmante Tanzaufforderung erhalten, als sie auf einer Party einsam war.;Greta hat einmal eine charmante Tanzaufforderung erhalten.;FacebookAI/roberta-large-mnli;entailment;1;0.15571703016757965;0.09696481376886368;0.7473182082176208
40_aii_bi1_twice_neu;Vor einem halben Jahr hat Greta Karl charmant zum Tanzen aufgefordert.;Vor zwei Wochen hat Greta wieder eine charmante Tanzaufforderung erhalten, als sie auf einer Party einsam war.;Greta hat mindestens zweimal eine charmante Tanzaufforderung erhalten.;unknown;40;aii;bi;1;neutral;twice;False;;;Vor einem halben Jahr hat Greta Karl charmant zum Tanzen aufgefordert. Vor zwei Wochen hat Greta wieder eine charmante Tanzaufforderung erhalten, als sie auf einer Party einsam war.;Greta hat mindestens zweimal eine charmante Tanzaufforderung erhalten.;FacebookAI/roberta-large-mnli;entailment;0;0.06308094412088394;0.23502787947654724;0.7018912434577942
40_aii_bi1_cannot_say_neu;Vor einem halben Jahr hat Greta Karl charmant zum Tanzen aufgefordert.;Vor zwei Wochen hat Greta wieder eine charmante Tanzaufforderung erhalten, als sie auf einer Party einsam war.;Es lässt sich nicht sagen, wie oft Greta eine charmante Tanzaufforderung erhalten hat.;unknown;40;aii;bi;1;neutral;cannot say;False;;;Vor einem halben Jahr hat Greta Karl charmant zum Tanzen aufgefordert. Vor zwei Wochen hat Greta wieder eine charmante Tanzaufforderung erhalten, als sie auf einer Party einsam war.;Es lässt sich nicht sagen, wie oft Greta eine charmante Tanzaufforderung erhalten hat.;FacebookAI/roberta-large-mnli;neutral;1;0.09040866792201996;0.8673112988471985;0.04227999970316887
40_aii_bi2_once_pos;Vor einem halben Jahr hat Greta Karl charmant zum Tanzen aufgefordert.;Vor zwei Wochen hat Karl wieder eine charmante Tanzaufforderung erhalten, als er auf einer Party einsam war.;Karl hat einmal eine charmante Tanzaufforderung erhalten.;unknown;40;aii;bi;2;positive;once;False;;;Vor einem halben Jahr hat Greta Karl charmant zum Tanzen aufgefordert. Vor zwei Wochen hat Karl wieder eine charmante Tanzaufforderung erhalten, als er auf einer Party einsam war.;Karl hat einmal eine charmante Tanzaufforderung erhalten.;FacebookAI/roberta-large-mnli;entailment;0;0.10737763345241547;0.10890303552150726;0.7837193012237549
40_aii_bi2_twice_pos;Vor einem halben Jahr hat Greta Karl charmant zum Tanzen aufgefordert.;Vor zwei Wochen hat Karl wieder eine charmante Tanzaufforderung erhalten, als er auf einer Party einsam war.;Karl hat mindestens zweimal eine charmante Tanzaufforderung erhalten.;entailment;40;aii;bi;2;positive;twice;False;;;Vor einem halben Jahr hat Greta Karl charmant zum Tanzen aufgefordert. Vor zwei Wochen hat Karl wieder eine charmante Tanzaufforderung erhalten, als er auf einer Party einsam war.;Karl hat mindestens zweimal eine charmante Tanzaufforderung erhalten.;FacebookAI/roberta-large-mnli;entailment;1;0.05762026458978653;0.1960727870464325;0.7463069558143616
40_aii_bi2_cannot_say_pos;Vor einem halben Jahr hat Greta Karl charmant zum Tanzen aufgefordert.;Vor zwei Wochen hat Karl wieder eine charmante Tanzaufforderung erhalten, als er auf einer Party einsam war.;Es lässt sich nicht sagen, wie oft Karl eine charmante Tanzaufforderung erhalten hat.;unknown;40;aii;bi;2;positive;cannot say;False;;;Vor einem halben Jahr hat Greta Karl charmant zum Tanzen aufgefordert. Vor zwei Wochen hat Karl wieder eine charmante Tanzaufforderung erhalten, als er auf einer Party einsam war.;Es lässt sich nicht sagen, wie oft Karl eine charmante Tanzaufforderung erhalten hat.;FacebookAI/roberta-large-mnli;neutral;1;0.07466088980436325;0.8936501145362854;0.03168893977999687
40_aii_bii1_once_pos;Vor einem halben Jahr hat Greta Karl charmant zum Tanzen aufgefordert.;Vor zwei Wochen hat Greta wieder eine charmante Tanzaufforderung ausgesprochen, als sie auf einer Party einsam war.;Greta hat einmal eine charmante Tanzaufforderung ausgesprochen.;unknown;40;aii;bii;1;positive;once;False;;;Vor einem halben Jahr hat Greta Karl charmant zum Tanzen aufgefordert. Vor zwei Wochen hat Greta wieder eine charmante Tanzaufforderung ausgesprochen, als sie auf einer Party einsam war.;Greta hat einmal eine charmante Tanzaufforderung ausgesprochen.;FacebookAI/roberta-large-mnli;entailment;0;0.13692879676818848;0.09222491830587387;0.7708462476730347
40_aii_bii1_twice_pos;Vor einem halben Jahr hat Greta Karl charmant zum Tanzen aufgefordert.;Vor zwei Wochen hat Greta wieder eine charmante Tanzaufforderung ausgesprochen, als sie auf einer Party einsam war.;Greta hat mindestens zweimal eine charmante Tanzaufforderung ausgesprochen.;entailment;40;aii;bii;1;positive;twice;False;;;Vor einem halben Jahr hat Greta Karl charmant zum Tanzen aufgefordert. Vor zwei Wochen hat Greta wieder eine charmante Tanzaufforderung ausgesprochen, als sie auf einer Party einsam war.;Greta hat mindestens zweimal eine charmante Tanzaufforderung ausgesprochen.;FacebookAI/roberta-large-mnli;entailment;1;0.058933325111866;0.18765217065811157;0.7534144520759583
40_aii_bii1_cannot_say_pos;Vor einem halben Jahr hat Greta Karl charmant zum Tanzen aufgefordert.;Vor zwei Wochen hat Greta wieder eine charmante Tanzaufforderung ausgesprochen, als sie auf einer Party einsam war.;Es lässt sich nicht sagen, wie oft Greta eine charmante Tanzaufforderung ausgesprochen hat.;unknown;40;aii;bii;1;positive;cannot say;False;;;Vor einem halben Jahr hat Greta Karl charmant zum Tanzen aufgefordert. Vor zwei Wochen hat Greta wieder eine charmante Tanzaufforderung ausgesprochen, als sie auf einer Party einsam war.;Es lässt sich nicht sagen, wie oft Greta eine charmante Tanzaufforderung ausgesprochen hat.;FacebookAI/roberta-large-mnli;neutral;1;0.09345349669456482;0.8505963087081909;0.05595025420188904
40_aii_bii2_once_neu;Vor einem halben Jahr hat Greta Karl charmant zum Tanzen aufgefordert.;Vor zwei Wochen hat Karl wieder eine charmante Tanzaufforderung ausgesprochen, als er auf einer Party einsam war.;Karl hat einmal eine charmante Tanzaufforderung ausgesprochen.;entailment;40;aii;bii;2;neutral;once;False;;;Vor einem halben Jahr hat Greta Karl charmant zum Tanzen aufgefordert. Vor zwei Wochen hat Karl wieder eine charmante Tanzaufforderung ausgesprochen, als er auf einer Party einsam war.;Karl hat einmal eine charmante Tanzaufforderung ausgesprochen.;FacebookAI/roberta-large-mnli;entailment;1;0.07797355204820633;0.12088228017091751;0.8011441230773926
40_aii_bii2_twice_neu;Vor einem halben Jahr hat Greta Karl charmant zum Tanzen aufgefordert.;Vor zwei Wochen hat Karl wieder eine charmante Tanzaufforderung ausgesprochen, als er auf einer Party einsam war.;Karl hat mindestens zweimal eine charmante Tanzaufforderung ausgesprochen.;unknown;40;aii;bii;2;neutral;twice;False;;;Vor einem halben Jahr hat Greta Karl charmant zum Tanzen aufgefordert. Vor zwei Wochen hat Karl wieder eine charmante Tanzaufforderung ausgesprochen, als er auf einer Party einsam war.;Karl hat mindestens zweimal eine charmante Tanzaufforderung ausgesprochen.;FacebookAI/roberta-large-mnli;entailment;0;0.05998968333005905;0.1589556336402893;0.7810546159744263
40_aii_bii2_cannot_say_neu;Vor einem halben Jahr hat Greta Karl charmant zum Tanzen aufgefordert.;Vor zwei Wochen hat Karl wieder eine charmante Tanzaufforderung ausgesprochen, als er auf einer Party einsam war.;Es lässt sich nicht sagen, wie oft Karl eine charmante Tanzaufforderung ausgesprochen hat.;unknown;40;aii;bii;2;neutral;cannot say;False;;;Vor einem halben Jahr hat Greta Karl charmant zum Tanzen aufgefordert. Vor zwei Wochen hat Karl wieder eine charmante Tanzaufforderung ausgesprochen, als er auf einer Party einsam war.;Es lässt sich nicht sagen, wie oft Karl eine charmante Tanzaufforderung ausgesprochen hat.;FacebookAI/roberta-large-mnli;neutral;1;0.0874733105301857;0.8728817105293274;0.039644934237003326
