id;premises;target_sentence;conclusion;gold_label;item_id;context;target;brace;condition;response_option;target_inferred;target_note;role_note;model_premise;model_conclusion;model;predicted_label;match;score_contradiction;score_neutral;score_entailment
1_ai_bi1_once_pos;Letzte Woche hat Linda Judith eine rosa Lampe für ein Zimmer gekauft.;Vor zwei Tagen hat Judith wieder eine rosa Lampe erhalten, als sie mit einer Freundin unterwegs war.;Judith hat einmal eine rosa Lampe erhalten.;unknown;1;ai;bi;1;positive;once;False;;;Letzte Woche hat Linda Judith eine rosa Lampe für ein Zimmer gekauft. Vor zwei Tagen hat Judith wieder eine rosa Lampe erhalten, als sie mit einer Freundin unterwegs war.;Judith hat einmal eine rosa Lampe erhalten.;jabo/bert-base-german-cased-xnli-de;entailment;0;0.02304953895509243;0.04589884355664253;0.9310516715049744
1_ai_bi1_twice_pos;Letzte Woche hat Linda Judith eine rosa Lampe für ein Zimmer gekauft.;Vor zwei Tagen hat Judith wieder eine rosa Lampe erhalten, als sie mit einer Freundin unterwegs war.;Judith hat mindestens zweimal eine rosa Lampe erhalten.;entailment;1;ai;bi;1;positive;twice;False;;;Letzte Woche hat Linda Judith eine rosa Lampe für ein Zimmer gekauft. Vor zwei Tagen hat Judith wieder eine rosa Lampe erhalten, als sie mit einer Freundin unterwegs war.;Judith hat mindestens zweimal eine rosa Lampe erhalten.;jabo/bert-base-german-cased-xnli-de;entailment;1;0.15865446627140045;0.1481911838054657;0.6931543350219727
1_ai_bi1_cannot_say_pos;Letzte Woche hat Linda Judith eine rosa Lampe für ein Zimmer gekauft.;Vor zwei Tagen hat Judith wieder eine rosa Lampe erhalten, als sie mit einer Freundin unterwegs war.;Es lässt sich nicht sagen, wie oft Judith eine rosa Lampe erhalten hat.;unknown;1;ai;bi;1;positive;cannot say;False;;;Letzte Woche hat Linda Judith eine rosa Lampe für ein Zimmer gekauft. Vor zwei Tagen hat Judith wieder eine rosa Lampe erhalten, als sie mit einer Freundin unterwegs war.;Es lässt sich nicht sagen, wie oft Judith eine rosa Lampe erhalten hat.;jabo/bert-base-german-cased-xnli-de;contradiction;0;0.8000627756118774;0.16776421666145325;0.03217298537492752
1_ai_bi2_once_neu;Letzte Woche hat Linda Judith eine rosa Lampe für ein Zimmer gekauft.;Vor zwei Tagen hat Linda wieder eine rosa Lampe erhalten, als sie mit einer Freundin unterwegs war.;Linda hat einmal eine rosa Lampe erhalten.;entailment;1;ai;bi;2;neutral;once;False;;;Letzte Woche hat Linda Judith eine rosa Lampe für ein Zimmer gekauft. Vor zwei Tagen hat Linda wieder eine rosa Lampe erhalten, als sie mit einer Freundin unterwegs war.;Linda hat einmal eine rosa Lampe erhalten.;jabo/bert-base-german-cased-xnli-de;entailment;1;0.02316199615597725;0.04514066502451897;0.9316973686218262
1_ai_bi2_twice_neu;Letzte Woche hat Linda Judith eine rosa Lampe für ein Zimmer gekauft.;Vor zwei Tagen hat Linda wieder eine rosa Lampe erhalten, als sie mit einer Freundin unterwegs war.;Linda hat mindestens zweimal eine rosa Lampe erhalten.;unknown;1;ai;bi;2;neutral;twice;False;;;Letzte Woche hat Linda Judith eine rosa Lampe für ein Zimmer gekauft. Vor zwei Tagen hat Linda wieder eine rosa Lampe erhalten, als sie mit einer Freundin unterwegs war.;Linda hat mindestens zweimal eine rosa Lampe erhalten.;jabo/bert-base-german-cased-xnli-de;entailment;0;0.1364968866109848;0.12687155604362488;0.7366315722465515
1_ai_bi2_cannot_say_neu;Letzte Woche hat Linda Judith eine rosa Lampe für ein Zimmer gekauft.;Vor zwei Tagen hat Linda wieder eine rosa Lampe erhalten, als sie mit einer Freundin unterwegs war.;Es lässt sich nicht sagen, wie oft Linda eine rosa Lampe erhalten hat.;unknown;1;ai;bi;2;neutral;cannot say;False;;;Letzte Woche hat Linda Judith eine rosa Lampe für ein Zimmer gekauft. Vor zwei Tagen hat Linda wieder eine rosa Lampe erhalten, als sie mit einer Freundin unterwegs war.;Es lässt sich nicht sagen, wie oft Linda eine rosa Lampe erhalten hat.;jabo/bert-base-german-cased-xnli-de;contradiction;0;0.7810657620429993;0.18561667203903198;0.03331753984093666
1_ai_bii1_once_neu;Letzte Woche hat Linda Judith eine rosa Lampe für ein Zimmer gekauft.;Vor zwei Tagen hat Judith wieder eine rosa Lampe besorgt, als sie mit einer Freundin unterwegs war.;Judith hat einmal eine rosa Lampe besorgt.;entailment;1;ai;bii;1;neutral;once;False;;;Letzte Woche hat Linda Judith eine rosa Lampe für ein Zimmer gekauft. Vor zwei Tagen hat Judith wieder eine rosa Lampe besorgt, als sie mit einer Freundin unterwegs war.;Judith hat einmal eine rosa Lampe besorgt.;jabo/bert-base-german-cased-xnli-de;entailment;1;0.021451525390148163;0.04619916155934334;0.9323493242263794
1_ai_bii1_twice_neu;Letzte Woche hat Linda Judith eine rosa Lampe für ein Zimmer gekauft.;Vor zwei Tagen hat Judith wieder eine rosa Lampe besorgt, als sie mit einer Freundin unterwegs war.;Judith hat mindestens zweimal eine rosa Lampe besorgt.;unknown;1;ai;bii;1;neutral;twice;False;;;Letzte Woche hat Linda Judith eine rosa Lampe für ein Zimmer gekauft. Vor zwei Tagen hat Judith wieder eine rosa Lampe besorgt, als sie mit einer Freundin unterwegs war.;Judith hat mindestens zweimal eine rosa Lampe besorgt.;jabo/bert-base-german-cased-xnli-de;entailment;0;0.07779902964830399;0.11286206543445587;0.8093388676643372
1_ai_bii1_cannot_say_neu;Letzte Woche hat Linda Judith eine rosa Lampe für ein Zimmer gekauft.;Vor zwei Tagen hat Judith wieder eine rosa Lampe besorgt, als sie mit einer Freundin unterwegs war.;Es lässt sich nicht sagen, wie oft Judith eine rosa Lampe besorgt hat.;unknown;1;ai;bii;1;neutral;cannot say;False;;;Letzte Woche hat Linda Judith eine rosa Lampe für ein Zimmer gekauft. Vor zwei Tagen hat Judith wieder eine rosa Lampe besorgt, als sie mit einer Freundin unterwegs war.;Es lässt sich nicht sagen, wie oft Judith eine rosa Lampe besorgt hat.;jabo/bert-base-german-cased-xnli-de;contradiction;0;0.7938321232795715;0.1709565371274948;0.03521144390106201
1_ai_bii2_once_pos;Letzte Woche hat Linda Judith eine rosa Lampe für ein Zimmer gekauft.;Vor zwei Tagen hat Linda wieder eine rosa Lampe besorgt, als sie mit einer Freundin unterwegs war.;Linda hat einmal eine rosa Lampe besorgt.;unknown;1;ai;bii;2;positive;once;False;;;Letzte Woche hat Linda Judith eine rosa Lampe für ein Zimmer gekauft. Vor zwei Tagen hat Linda wieder eine rosa Lampe besorgt, als sie mit einer Freundin unterwegs war.;Linda hat einmal eine rosa Lampe besorgt.;jabo/bert-base-german-cased-xnli-de;entailment;0;0.021585099399089813;0.0453345850110054;0.9330803751945496
1_ai_bii2_twice_pos;Letzte Woche hat Linda Judith eine rosa Lampe für ein Zimmer gekauft.;Vor zwei Tagen hat Linda wieder eine rosa Lampe besorgt, als sie mit einer Freundin unterwegs war.;Linda hat mindestens zweimal eine rosa Lampe besorgt.;entailment;1;ai;bii;2;positive;twice;False;;;Letzte Woche hat Linda Judith eine rosa Lampe für ein Zimmer gekauft. Vor zwei Tagen hat Linda wieder eine rosa Lampe besorgt, als sie mit einer Freundin unterwegs war.;Linda hat mindestens zweimal eine rosa Lampe besorgt.;jabo/bert-base-german-cased-xnli-de;entailment;1;0.0626993477344513;0.0961102545261383;0.8411903977394104
1_ai_bii2_cannot_say_pos;Letzte Woche hat Linda Judith eine rosa Lampe für ein Zimmer gekauft.;Vor zwei Tagen hat Linda wieder eine rosa Lampe besorgt, als sie mit einer Freundin unterwegs war.;Es lässt sich nicht sagen, wie oft Linda eine rosa Lampe besorgt hat.;unknown;1;ai;bii;2;positive;cannot say;False;;;Letzte Woche hat Linda Judith eine rosa Lampe für ein Zimmer gekauft. Vor zwei Tagen hat Linda wieder eine rosa Lampe besorgt, als sie mit einer Freundin unterwegs war.;Es lässt sich nicht sagen, wie oft Linda eine rosa Lampe besorgt hat.;jabo/bert-base-german-cased-xnli-de;contradiction;0;0.7824121713638306;0.18128862977027893;0.03629925101995468
1_aii_bi1_once_neu;Letzte Woche hat Judith Linda eine rosa Lampe für ein Zimmer gekauft.;Vor zwei Tagen hat Judith wieder eine rosa Lampe erhalten, als sie mit einer Freundin unterwegs war.;Judith hat einmal eine rosa Lampe erhalten.;entailment;1;aii;bi;1;neutral;once;False;;;Letzte Woche hat Judith Linda eine rosa Lampe für ein Zimmer gekauft. Vor zwei Tagen hat Judith wieder eine rosa Lampe erhalten, als sie mit einer Freundin unterwegs war.;Judith hat einmal eine rosa Lampe erhalten.;jabo/bert-base-german-cased-xnli-de;entailment;1;0.02358478307723999;0.046220455318689346;0.9301947355270386
1_aii_bi1_twice_neu;Letzte Woche hat Judith Linda eine rosa Lampe für ein Zimmer gekauft.;Vor zwei Tagen hat Judith wieder eine rosa Lampe erhalten, als sie mit einer Freundin unterwegs war.;Judith hat mindestens zweimal eine rosa Lampe erhalten.;unknown;1;aii;bi;1;neutral;twice;False;;;Letzte Woche hat Judith Linda eine rosa Lampe für ein Zimmer gekauft. Vor zwei Tagen hat Judith wieder eine rosa Lampe erhalten, als sie mit einer Freundin unterwegs war.;Judith hat mindestens zweimal eine rosa Lampe erhalten.;jabo/bert-base-german-cased-xnli-de;entailment;0;0.16295747458934784;0.14888285100460052;0.6881597638130188
1_aii_bi1_cannot_say_neu;Letzte Woche hat Judith Linda eine rosa Lampe für ein Zimmer gekauft.;Vor zwei Tagen hat Judith wieder eine rosa Lampe erhalten, als sie mit einer Freundin unterwegs war.;Es lässt sich nicht sagen, wie oft Judith eine rosa Lampe erhalten hat.;unknown;1;aii;bi;1;neutral;cannot say;False;;;Letzte Woche hat Judith Linda eine rosa Lampe für ein Zimmer gekauft. Vor zwei Tagen hat Judith wieder eine rosa Lampe erhalten, als sie mit einer Freundin unterwegs war.;Es lässt sich nicht sagen, wie oft Judith eine rosa Lampe erhalten hat.;jabo/bert-base-german-cased-xnli-de;contradiction;0;0.8110856413841248;0.15950211882591248;0.02941223792731762
1_aii_bi2_once_pos;Letzte Woche hat Judith Linda eine rosa Lampe für ein Zimmer gekauft.;Vor zwei Tagen hat Linda wieder eine rosa Lampe erhalten, als sie mit einer Freundin unterwegs war.;Linda hat einmal eine rosa Lampe erhalten.;unknown;1;aii;bi;2;positive;once;False;;;Letzte Woche hat Judith Linda eine rosa Lampe für ein Zimmer gekauft. Vor zwei Tagen hat Linda wieder eine rosa Lampe erhalten, als sie mit einer Freundin unterwegs war.;Linda hat einmal eine rosa Lampe erhalten.;jabo/bert-base-german-cased-xnli-de;entailment;0;0.023539356887340546;0.045867301523685455;0.9305933117866516
1_aii_bi2_twice_pos;Letzte Woche hat Judith Linda eine rosa Lampe für ein Zimmer gekauft.;Vor zwei Tagen hat Linda wieder eine rosa Lampe erhalten, als sie mit einer Freundin unterwegs war.;Linda hat mindestens zweimal eine rosa Lampe erhalten.;entailment;1;aii;bi;2;positive;twice;False;;;Letzte Woche hat Judith Linda eine rosa Lampe für ein Zimmer gekauft. Vor zwei Tagen hat Linda wieder eine rosa Lampe erhalten, als sie mit einer Freundin unterwegs war.;Linda hat mindestens zweimal eine rosa Lampe erhalten.;jabo/bert-base-german-cased-xnli-de;entailment;1;0.13976086676120758;0.12984897196292877;0.730390191078186
1_aii_bi2_cannot_say_pos;Letzte Woche hat Judith Linda eine rosa Lampe für ein Zimmer gekauft.;Vor zwei Tagen hat Linda wieder eine rosa Lampe erhalten, als sie mit einer Freundin unterwegs war.;Es lässt sich nicht sagen, wie oft Linda eine rosa Lampe erhalten hat.;unknown;1;aii;bi;2;positive;cannot say;False;;;Letzte Woche hat Judith Linda eine rosa Lampe für ein Zimmer gekauft. Vor zwei Tagen hat Linda wieder eine rosa Lampe erhalten, als sie mit einer Freundin unterwegs war.;Es lässt sich nicht sagen, wie oft Linda eine rosa Lampe erhalten hat.;jabo/bert-base-german-cased-xnli-de;contradiction;0;0.7881409525871277;0.18110935389995575;0.030749712139368057
1_aii_bii1_once_pos;Letzte Woche hat Judith Linda eine rosa Lampe für ein Zimmer gekauft.;Vor zwei Tagen hat Judith wieder eine rosa Lampe besorgt, als sie mit einer Freundin unterwegs war.;Judith hat einmal eine rosa Lampe besorgt.;unknown;1;aii;bii;1;positive;once;False;;;Letzte Woche hat Judith Linda eine rosa Lampe für ein Zimmer gekauft. Vor zwei Tagen hat Judith wieder eine rosa Lampe besorgt, als sie mit einer Freundin unterwegs war.;Judith hat einmal eine rosa Lampe besorgt.;jabo/bert-base-german-cased-xnli-de;entailment;0;0.02185852825641632;0.04663289338350296;0.9315085411071777
1_aii_bii1_twice_pos;Letzte Woche hat Judith Linda eine rosa Lampe für ein Zimmer gekauft.;Vor zwei Tagen hat Judith wieder eine rosa Lampe besorgt, als sie mit einer Freundin unterwegs war.;Judith hat mindestens zweimal eine rosa Lampe besorgt.;entailment;1;aii;bii;1;positive;twice;False;;;Letzte Woche hat Judith Linda eine rosa Lampe für ein Zimmer gekauft. Vor zwei Tagen hat Judith wieder eine rosa Lampe besorgt, als sie mit einer Freundin unterwegs war.;Judith hat mindestens zweimal eine rosa Lampe besorgt.;jabo/bert-base-german-cased-xnli-de;entailment;1;0.07188025861978531;0.10995254665613174;0.8181672096252441
1_aii_bii1_cannot_say_pos;Letzte Woche hat Judith Linda eine rosa Lampe für ein Zimmer gekauft.;Vor zwei Tagen hat Judith wieder eine rosa Lampe besorgt, als sie mit einer Freundin unterwegs war.;Es lässt sich nicht sagen, wie oft Judith eine rosa Lampe besorgt hat.;unknown;1;aii;bii;1;positive;cannot say;False;;;Letzte Woche hat Judith Linda eine rosa Lampe für ein Zimmer gekauft. Vor zwei Tagen hat Judith wieder eine rosa Lampe besorgt, als sie mit einer Freundin unterwegs war.;Es lässt sich nicht sagen, wie oft Judith eine rosa Lampe besorgt hat.;jabo/bert-base-german-cased-xnli-de;contradiction;0;0.7981809377670288;0.1683637499809265;0.033455293625593185
1_aii_bii2_once_neu;Letzte Woche hat Judith Linda eine rosa Lampe für ein Zimmer gekauft.;Vor zwei Tagen hat Linda wieder eine rosa Lampe besorgt, als sie mit einer Freundin unterwegs war.;Linda hat einmal eine rosa Lampe besorgt.;entailment;1;aii;bii;2;neutral;once;False;;;Letzte Woche hat Judith Linda eine rosa Lampe für ein Zimmer gekauft. Vor zwei Tagen hat Linda wieder eine rosa Lampe besorgt, als sie mit einer Freundin unterwegs war.;Linda hat einmal eine rosa Lampe besorgt.;jabo/bert-base-german-cased-xnli-de;entailment;1;0.02171194553375244;0.046357087790966034;0.9319309592247009
1_aii_bii2_twice_neu;Letzte Woche hat Judith Linda eine rosa Lampe für ein Zimmer gekauft.;Vor zwei Tagen hat Linda wieder eine rosa Lampe besorgt, als sie mit einer Freundin unterwegs war.;Linda hat mindestens zweimal eine rosa Lampe besorgt.;unknown;1;aii;bii;2;neutral;twice;False;;;Letzte Woche hat Judith Linda eine rosa Lampe für ein Zimmer gekauft. Vor zwei Tagen hat Linda wieder eine rosa Lampe besorgt, als sie mit einer Freundin unterwegs war.;Linda hat mindestens zweimal eine rosa Lampe besorgt.;jabo/bert-base-german-cased-xnli-de;entailment;0;0.05994086712598801;0.09743399918079376;0.8426251411437988
1_aii_bii2_cannot_say_neu;Letzte Woche hat Judith Linda eine rosa Lampe für ein Zimmer gekauft.;Vor zwei Tagen hat Linda wieder eine rosa Lampe besorgt, als sie mit einer Freundin unterwegs war.;Es lässt sich nicht sagen, wie oft Linda eine rosa Lampe besorgt hat.;unknown;1;aii;bii;2;neutral;cannot say;False;;;Letzte Woche hat Judith Linda eine rosa Lampe für ein Zimmer gekauft. Vor zwei Tagen hat Linda wieder eine rosa Lampe besorgt, als sie mit einer Freundin unterwegs war.;Es lässt sich nicht sagen, wie oft Linda eine rosa Lampe besorgt hat.;jabo/bert-base-german-cased-xnli-de;contradiction;0;0.7876523733139038;0.1790783405303955;0.033269308507442474
2_ai_bi1_once_pos;Letztes Jahr hat Linda Timo ein schönes Geschenk zum Geburtstag gebastelt.;Vor einer Woche hat Timo wieder ein schönes Geschenk empfangen, weil er bei einer Wichtelaktion mitgemacht hat.;Timo hat einmal ein schönes Geschenk empfangen.;unknown;2;ai;bi;1;positive;once;False;;;Letztes Jahr hat Linda Timo ein schönes Geschenk zum Geburtstag gebastelt. Vor einer Woche hat Timo wieder ein schönes Geschenk empfangen, weil er bei einer Wichtelaktion mitgemacht hat.;Timo hat einmal ein schönes Geschenk empfangen.;jabo/bert-base-german-cased-xnli-de;entailment;0;0.01725604385137558;0.044836871325969696;0.9379070401191711
2_ai_bi1_twice_pos;Letztes Jahr hat Linda Timo ein schönes Geschenk zum Geburtstag gebastelt.;Vor einer Woche hat Timo wieder ein schönes Geschenk empfangen, weil er bei einer Wichtelaktion mitgemacht hat.;Timo hat mindestens zweimal ein schönes Geschenk empfangen.;entailment;2;ai;bi;1;positive;twice;False;;;Letztes Jahr hat Linda Timo ein schönes Geschenk zum Geburtstag gebastelt. Vor einer Woche hat Timo wieder ein schönes Geschenk empfangen, weil er bei einer Wichtelaktion mitgemacht hat.;Timo hat mindestens zweimal ein schönes Geschenk empfangen.;jabo/bert-base-german-cased-xnli-de;entailment;1;0.08317124843597412;0.44379356503486633;0.47303521633148193
2_ai_bi1_cannot_say_pos;Letztes Jahr hat Linda Timo ein schönes Geschenk zum Geburtstag gebastelt.;Vor einer Woche hat Timo wieder ein schönes Geschenk empfangen, weil er bei einer Wichtelaktion mitgemacht hat.;Es lässt sich nicht sagen, wie oft Timo ein schönes Geschenk empfangen hat.;unknown;2;ai;bi;1;positive;cannot say;False;;;Letztes Jahr hat Linda Timo ein schönes Geschenk zum Geburtstag gebastelt. Vor einer Woche hat Timo wieder ein schönes Geschenk empfangen, weil er bei einer Wichtelaktion mitgemacht hat.;Es lässt sich nicht sagen, wie oft Timo ein schönes Geschenk empfangen hat.;jabo/bert-base-german-cased-xnli-de;contradiction;0;0.894275963306427;0.09211218357086182;0.013611847534775734
2_ai_bi2_once_neu;Letztes Jahr hat Linda Timo ein schönes Geschenk zum Geburtstag gebastelt.;Vor einer Woche hat Linda wieder ein schönes Geschenk empfangen, weil sie bei einer Wichtelaktion mitgemacht hat.;Linda hat einmal ein schönes Geschenk empfangen.;entailment;2;ai;bi;2;neutral;once;False;;;Letztes Jahr hat Linda Timo ein schönes Geschenk zum Geburtstag gebastelt. Vor einer Woche hat Linda wieder ein schönes Geschenk empfangen, weil sie bei einer Wichtelaktion mitgemacht hat.;Linda hat einmal ein schönes Geschenk empfangen.;jabo/bert-base-german-cased-xnli-de;entailment;1;0.018051424995064735;0.04287561774253845;0.9390729069709778
2_ai_bi2_twice_neu;Letztes Jahr hat Linda Timo ein schönes Geschenk zum Geburtstag gebastelt.;Vor einer Woche hat Linda wieder ein schönes Geschenk empfangen, weil sie bei einer Wichtelaktion mitgemacht hat.;Linda hat mindestens zweimal ein schönes Geschenk empfangen.;unknown;2;ai;bi;2;neutral;twice;False;;;Letztes Jahr hat Linda Timo ein schönes Geschenk zum Geburtstag gebastelt. Vor einer Woche hat Linda wieder ein schönes Geschenk empfangen, weil sie bei einer Wichtelaktion mitgemacht hat.;Linda hat mindestens zweimal ein schönes Geschenk empfangen.;jabo/bert-base-german-cased-xnli-de;entailment;0;0.14005246758460999;0.4053727984428406;0.45457470417022705
2_ai_bi2_cannot_say_neu;Letztes Jahr hat Linda Timo ein schönes Geschenk zum Geburtstag gebastelt.;Vor einer Woche hat Linda wieder ein schönes Geschenk empfangen, weil sie bei einer Wichtelaktion mitgemacht hat.;Es lässt sich nicht sagen, wie oft Linda ein schönes Geschenk empfangen hat.;unknown;2;ai;bi;2;neutral;cannot say;False;;;Letztes Jahr hat Linda Timo ein schönes Geschenk zum Geburtstag gebastelt. Vor einer Woche hat Linda wieder ein schönes Geschenk empfangen, weil sie bei einer Wichtelaktion mitgemacht hat.;Es lässt sich nicht sagen, wie oft Linda ein schönes Geschenk empfangen hat.;jabo/bert-base-german-cased-xnli-de;contradiction;0;0.8935208916664124;0.09314970672130585;0.01332936529070139
2_ai_bii1_once_neu;Letztes Jahr hat Linda Timo ein schönes Geschenk zum Geburtstag gebastelt.;Vor einer Woche hat Timo wieder ein schönes Geschenk gemacht, weil er bei einer Wichtelaktion mitgemacht hat.;Timo hat einmal ein schönes Geschenk gemacht.;entailment;2;ai;bii;1;neutral;once;False;;;Letztes Jahr hat Linda Timo ein schönes Geschenk zum Geburtstag gebastelt. Vor einer Woche hat Timo wieder ein schönes Geschenk gemacht, weil er bei einer Wichtelaktion mitgemacht hat.;Timo hat einmal ein schönes Geschenk gemacht.;jabo/bert-base-german-cased-xnli-de;entailment;1;0.017574401572346687;0.04493306949734688;0.9374924898147583
2_ai_bii1_twice_neu;Letztes Jahr hat Linda Timo ein schönes Geschenk zum Geburtstag gebastelt.;Vor einer Woche hat Timo wieder ein schönes Geschenk gemacht, weil er bei einer Wichtelaktion mitgemacht hat.;Timo hat mindestens zweimal ein schönes Geschenk gemacht.;unknown;2;ai;bii;1;neutral;twice;False;;;Letztes Jahr hat Linda Timo ein schönes Geschenk zum Geburtstag gebastelt. Vor einer Woche hat Timo wieder ein schönes Geschenk gemacht, weil er bei einer Wichtelaktion mitgemacht hat.;Timo hat mindestens zweimal ein schönes Geschenk gemacht.;jabo/bert-base-german-cased-xnli-de;entailment;0;0.08044225722551346;0.4343733489513397;0.48518437147140503
2_ai_bii1_cannot_say_neu;Letztes Jahr hat Linda Timo ein schönes Geschenk zum Geburtstag gebastelt.;Vor einer Woche hat Timo wieder ein schönes Geschenk gemacht, weil er bei einer Wichtelaktion mitgemacht hat.;Es lässt sich nicht sagen, wie oft Timo ein schönes Geschenk gemacht hat.;unknown;2;ai;bii;1;neutral;cannot say;False;;;Letztes Jahr hat Linda Timo ein schönes Geschenk zum Geburtstag gebastelt. Vor einer Woche hat Timo wieder ein schönes Geschenk gemacht, weil er bei einer Wichtelaktion mitgemacht hat.;Es lässt sich nicht sagen, wie oft Timo ein schönes Geschenk gemacht hat.;jabo/bert-base-german-cased-xnli-de;contradiction;0;0.8725482225418091;0.11032423377037048;0.01712760329246521
2_ai_bii2_once_pos;Letztes Jahr hat Linda Timo ein schönes Geschenk zum Geburtstag gebastelt.;Vor einer Woche hat Linda wieder ein schönes Geschenk gemacht, weil sie bei einer Wichtelaktion mitgemacht hat.;Linda hat einmal ein schönes Geschenk gemacht.;unknown;2;ai;bii;2;positive;once;False;;;Letztes Jahr hat Linda Timo ein schönes Geschenk zum Geburtstag gebastelt. Vor einer Woche hat Linda wieder ein schönes Geschenk gemacht, weil sie bei einer Wichtelaktion mitgemacht hat.;Linda hat einmal ein schönes Geschenk gemacht.;jabo/bert-base-german-cased-xnli-de;entailment;0;0.018178312107920647;0.04345329478383064;0.9383683800697327
2_ai_bii2_twice_pos;Letztes Jahr hat Linda Timo ein schönes Geschenk zum Geburtstag gebastelt.;Vor einer Woche hat Linda wieder ein schönes Geschenk gemacht, weil sie bei einer Wichtelaktion mitgemacht hat.;Linda hat mindestens zweimal ein schönes Geschenk gemacht.;entailment;2;ai;bii;2;positive;twice;False;;;Letztes Jahr hat Linda Timo ein schönes Geschenk zum Geburtstag gebastelt. Vor einer Woche hat Linda wieder ein schönes Geschenk gemacht, weil sie bei einer Wichtelaktion mitgemacht hat.;Linda hat mindestens zweimal ein schönes Geschenk gemacht.;jabo/bert-base-german-cased-xnli-de;entailment;1;0.13778576254844666;0.405600368976593;0.4566139280796051
2_ai_bii2_cannot_say_pos;Letztes Jahr hat Linda Timo ein schönes Geschenk zum Geburtstag gebastelt.;Vor einer Woche hat Linda wieder ein schönes Geschenk gemacht, weil sie bei einer Wichtelaktion mitgemacht hat.;Es lässt sich nicht sagen, wie oft Linda ein schönes Geschenk gemacht hat.;unknown;2;ai;bii;2;positive;cannot say;False;;;Letztes Jahr hat Linda Timo ein schönes Geschenk zum Geburtstag gebastelt. Vor einer Woche hat Linda wieder ein schönes Geschenk gemacht, weil sie bei einer Wichtelaktion mitgemacht hat.;Es lässt sich nicht sagen, wie oft Linda ein schönes Geschenk gemacht hat.;jabo/bert-base-german-cased-xnli-de;contradiction;0;0.8827638030052185;0.1027810275554657;0.014455140568315983
2_aii_bi1_once_neu;Letztes Jahr hat Timo Linda ein schönes Geschenk zum Geburtstag gebastelt.;Vor einer Woche hat Timo wieder ein schönes Geschenk empfangen, weil er bei einer Wichtelaktion mitgemacht hat.;Timo hat einmal ein schönes Geschenk empfangen.;entailment;2;aii;bi;1;neutral;once;False;;;Letztes Jahr hat Timo Linda ein schönes Geschenk zum Geburtstag gebastelt. Vor einer Woche hat Timo wieder ein schönes Geschenk empfangen, weil er bei einer Wichtelaktion mitgemacht hat.;Timo hat einmal ein schönes Geschenk empfangen.;jabo/bert-base-german-cased-xnli-de;entailment;1;0.017247365787625313;0.04469941928982735;0.9380531907081604
2_aii_bi1_twice_neu;Letztes Jahr hat Timo Linda ein schönes Geschenk zum Geburtstag gebastelt.;Vor einer Woche hat Timo wieder ein schönes Geschenk empfangen, weil er bei einer Wichtelaktion mitgemacht hat.;Timo hat mindestens zweimal ein schönes Geschenk empfangen.;unknown;2;aii;bi;1;neutral;twice;False;;;Letztes Jahr hat Timo Linda ein schönes Geschenk zum Geburtstag gebastelt. Vor einer Woche hat Timo wieder ein schönes Geschenk empfangen, weil er bei einer Wichtelaktion mitgemacht hat.;Timo hat mindestens zweimal ein schönes Geschenk empfangen.;jabo/bert-base-german-cased-xnli-de;entailment;0;0.08322024345397949;0.43697768449783325;0.47980207204818726
2_aii_bi1_cannot_say_neu;Letztes Jahr hat Timo Linda ein schönes Geschenk zum Geburtstag gebastelt.;Vor einer Woche hat Timo wieder ein schönes Geschenk empfangen, weil er bei einer Wichtelaktion mitgemacht hat.;Es lässt sich nicht sagen, wie oft Timo ein schönes Geschenk empfangen hat.;unknown;2;aii;bi;1;neutral;cannot say;False;;;Letztes Jahr hat Timo Linda ein schönes Geschenk zum Geburtstag gebastelt. Vor einer Woche hat Timo wieder ein schönes Geschenk empfangen, weil er bei einer Wichtelaktion mitgemacht hat.;Es lässt sich nicht sagen, wie oft Timo ein schönes Geschenk empfangen hat.;jabo/bert-base-german-cased-xnli-de;contradiction;0;0.8935170769691467;0.09244279563426971;0.014040114358067513
2_aii_bi2_once_pos;Letztes Jahr hat Timo Linda ein schönes Geschenk zum Geburtstag gebastelt.;Vor einer Woche hat Linda wieder ein schönes Geschenk empfangen, weil sie bei einer Wichtelaktion mitgemacht hat.;Linda hat einmal ein schönes Geschenk empfangen.;unknown;2;aii;bi;2;positive;once;False;;;Letztes Jahr hat Timo Linda ein schönes Geschenk zum Geburtstag gebastelt. Vor einer Woche hat Linda wieder ein schönes Geschenk empfangen, weil sie bei einer Wichtelaktion mitgemacht hat.;Linda hat einmal ein schönes Geschenk empfangen.;jabo/bert-base-german-cased-xnli-de;entailment;0;0.018248891457915306;0.042814843356609344;0.9389362931251526
2_aii_bi2_twice_pos;Letztes Jahr hat Timo Linda ein schönes Geschenk zum Geburtstag gebastelt.;Vor einer Woche hat Linda wieder ein schönes Geschenk empfangen, weil sie bei einer Wichtelaktion mitgemacht hat.;Linda hat mindestens zweimal ein schönes Geschenk empfangen.;entailment;2;aii;bi;2;positive;twice;False;;;Letztes Jahr hat Timo Linda ein schönes Geschenk zum Geburtstag gebastelt. Vor einer Woche hat Linda wieder ein schönes Geschenk empfangen, weil sie bei einer Wichtelaktion mitgemacht hat.;Linda hat mindestens zweimal ein schönes Geschenk empfangen.;jabo/bert-base-german-cased-xnli-de;entailment;1;0.140941321849823;0.38369351625442505;0.47536513209342957
2_aii_bi2_cannot_say_pos;Letztes Jahr hat Timo Linda ein schönes Geschenk zum Geburtstag gebastelt.;Vor einer Woche hat Linda wieder ein schönes Geschenk empfangen, weil sie bei einer Wichtelaktion mitgemacht hat.;Es lässt sich nicht sagen, wie oft Linda ein schönes Geschenk empfangen hat.;unknown;2;aii;bi;2;positive;cannot say;False;;;Letztes Jahr hat Timo Linda ein schönes Geschenk zum Geburtstag gebastelt. Vor einer Woche hat Linda wieder ein schönes Geschenk empfangen, weil sie bei einer Wichtelaktion mitgemacht hat.;Es lässt sich nicht sagen, wie oft Linda ein schönes Geschenk empfangen hat.;jabo/bert-base-german-cased-xnli-de;contradiction;0;0.8941318988800049;0.09265819936990738;0.013209888711571693
2_aii_bii1_once_pos;Letztes Jahr hat Timo Linda ein schönes Geschenk zum Geburtstag gebastelt.;Vor einer Woche hat Timo wieder ein schönes Geschenk gemacht, weil er bei einer Wichtelaktion mitgemacht hat.;Timo hat einmal ein schönes Geschenk gemacht.;unknown;2;aii;bii;1;positive;once;False;;;Letztes Jahr hat Timo Linda ein schönes Geschenk zum Geburtstag gebastelt. Vor einer Woche hat Timo wieder ein schönes Geschenk gemacht, weil er bei einer Wichtelaktion mitgemacht hat.;Timo hat einmal ein schönes Geschenk gemacht.;jabo/bert-base-german-cased-xnli-de;entailment;0;0.01750619150698185;0.044911570847034454;0.9375821948051453
2_aii_bii1_twice_pos;Letztes Jahr hat Timo Linda ein schönes Geschenk zum Geburtstag gebastelt.;Vor einer Woche hat Timo wieder ein schönes Geschenk gemacht, weil er bei einer Wichtelaktion mitgemacht hat.;Timo hat mindestens zweimal ein schönes Geschenk gemacht.;entailment;2;aii;bii;1;positive;twice;False;;;Letztes Jahr hat Timo Linda ein schönes Geschenk zum Geburtstag gebastelt. Vor einer Woche hat Timo wieder ein schönes Geschenk gemacht, weil er bei einer Wichtelaktion mitgemacht hat.;Timo hat mindestens zweimal ein schönes Geschenk gemacht.;jabo/bert-base-german-cased-xnli-de;entailment;1;0.07667549699544907;0.42228421568870544;0.5010402798652649
2_aii_bii1_cannot_say_pos;Letztes Jahr hat Timo Linda ein schönes Geschenk zum Geburtstag gebastelt.;Vor einer Woche hat Timo wieder ein schönes Geschenk gemacht, weil er bei einer Wichtelaktion mitgemacht hat.;Es lässt sich nicht sagen, wie oft Timo ein schönes Geschenk gemacht hat.;unknown;2;aii;bii;1;positive;cannot say;False;;;Letztes Jahr hat Timo Linda ein schönes Geschenk zum Geburtstag gebastelt. Vor einer Woche hat Timo wieder ein schönes Geschenk gemacht, weil er bei einer Wichtelaktion mitgemacht hat.;Es lässt sich nicht sagen, wie oft Timo ein schönes Geschenk gemacht hat.;jabo/bert-base-german-cased-xnli-de;contradiction;0;0.8680646419525146;0.1137482225894928;0.018187183886766434
2_aii_bii2_once_neu;Letztes Jahr hat Timo Linda ein schönes Geschenk zum Geburtstag gebastelt.;Vor einer Woche hat Linda wieder ein schönes Geschenk gemacht, weil sie bei einer Wichtelaktion mitgemacht hat.;Linda hat einmal ein schönes Geschenk gemacht.;entailment;2;aii;bii;2;neutral;once;False;;;Letztes Jahr hat Timo Linda ein schönes Geschenk zum Geburtstag gebastelt. Vor einer Woche hat Linda wieder ein schönes Geschenk gemacht, weil sie bei einer Wichtelaktion mitgemacht hat.;Linda hat einmal ein schönes Geschenk gemacht.;jabo/bert-base-german-cased-xnli-de;entailment;1;0.01829579286277294;0.04345808923244476;0.9382461309432983
2_aii_bii2_twice_neu;Letztes Jahr hat Timo Linda ein schönes Geschenk zum Geburtstag gebastelt.;Vor einer Woche hat Linda wieder ein schönes Geschenk gemacht, weil sie bei einer Wichtelaktion mitgemacht hat.;Linda hat mindestens zweimal ein schönes Geschenk gemacht.;unknown;2;aii;bii;2;neutral;twice;False;;;Letztes Jahr hat Timo Linda ein schönes Geschenk zum Geburtstag gebastelt. Vor einer Woche hat Linda wieder ein schönes Geschenk gemacht, weil sie bei einer Wichtelaktion mitgemacht hat.;Linda hat mindestens zweimal ein schönes Geschenk gemacht.;jabo/bert-base-german-cased-xnli-de;entailment;0;0.13056699931621552;0.38169997930526733;0.48773300647735596
2_aii_bii2_cannot_say_neu;Letztes Jahr hat Timo Linda ein schönes Geschenk zum Geburtstag gebastelt.;Vor einer Woche hat Linda wieder ein schönes Geschenk gemacht, weil sie bei einer Wichtelaktion mitgemacht hat.;Es lässt sich nicht sagen, wie oft Linda ein schönes Geschenk gemacht hat.;unknown;2;aii;bii;2;neutral;cannot say;False;;;Letztes Jahr hat Timo Linda ein schönes Geschenk zum Geburtstag gebastelt. Vor einer Woche hat Linda wieder ein schönes Geschenk gemacht, weil sie bei einer Wichtelaktion mitgemacht hat.;Es lässt sich nicht sagen, wie oft Linda ein schönes Geschenk gemacht hat.;jabo/bert-base-german-cased-xnli-de;contradiction;0;0.8827444911003113;0.10286852717399597;0.014387008734047413
3_ai_bi1_once_neu;Letztes Jahr hat Linda Thorsten ein selbstgeschriebenes Lied vorgesungen.;Vor drei Wochen hat Linda wieder ein selbstgeschriebenes Lied gehört, als sie bei einer Freundin daheim war.;Linda hat einmal ein selbstgeschriebenes Lied gehört.;entailment;3;ai;bi;1;neutral;once;False;;Linda/Thorsten: agent-first braces.;Letztes Jahr hat Linda Thorsten ein selbstgeschriebenes Lied vorgesungen. Vor drei Wochen hat Linda wieder ein selbstgeschriebenes Lied gehört, als sie bei einer Freundin daheim war.;Linda hat einmal ein selbstgeschriebenes Lied gehört.;jabo/bert-base-german-cased-xnli-de;entailment;1;0.024125244468450546;0.04728894308209419;0.9285857677459717
3_ai_bi1_twice_neu;Letztes Jahr hat Linda Thorsten ein selbstgeschriebenes Lied vorgesungen.;Vor drei Wochen hat Linda wieder ein selbstgeschriebenes Lied gehört, als sie bei einer Freundin daheim war.;Linda hat mindestens zweimal ein selbstgeschriebenes Lied gehört.;unknown;3;ai;bi;1;neutral;twice;False;;Linda/Thorsten: agent-first braces.;Letztes Jahr hat Linda Thorsten ein selbstgeschriebenes Lied vorgesungen. Vor drei Wochen hat Linda wieder ein selbstgeschriebenes Lied gehört, als sie bei einer Freundin daheim war.;Linda hat mindestens zweimal ein selbstgeschriebenes Lied gehört.;jabo/bert-base-german-cased-xnli-de;entailment;0;0.28976958990097046;0.12421362847089767;0.586016833782196
3_ai_bi1_cannot_say_neu;Letztes Jahr hat Linda Thorsten ein selbstgeschriebenes Lied vorgesungen.;Vor drei Wochen hat Linda wieder ein selbstgeschriebenes Lied gehört, als sie bei einer Freundin daheim war.;Es lässt sich nicht sagen, wie oft Linda ein selbstgeschriebenes Lied gehört hat.;unknown;3;ai;bi;1;neutral;cannot say;False;;Linda/Thorsten: agent-first braces.;Letztes Jahr hat Linda Thorsten ein selbstgeschriebenes Lied vorgesungen. Vor drei Wochen hat Linda wieder ein selbstgeschriebenes Lied gehört, als sie bei einer Freundin daheim war.;Es lässt sich nicht sagen, wie oft Linda ein selbstgeschriebenes Lied gehört hat.;jabo/bert-base-german-cased-xnli-de;contradiction;0;0.7652310132980347;0.16170936822891235;0.0730595663189888
3_ai_bi2_once_pos;Letztes Jahr hat Linda Thorsten ein selbstgeschriebenes Lied vorgesungen.;Vor drei Wochen hat Thorsten wieder ein selbstgeschriebenes Lied gehört, als er bei einer Freundin daheim war.;Thorsten hat einmal ein selbstgeschriebenes Lied gehört.;unknown;3;ai;bi;2;positive;once;False;;Linda/Thorsten: agent-first braces.;Letztes Jahr hat Linda Thorsten ein selbstgeschriebenes Lied vorgesungen. Vor drei Wochen hat Thorsten wieder ein selbstgeschriebenes Lied gehört, als er bei einer Freundin daheim war.;Thorsten hat einmal ein selbstgeschriebenes Lied gehört.;jabo/bert-base-german-cased-xnli-de;entailment;0;0.024468129500746727;0.04893317073583603;0.9265986680984497
3_ai_bi2_twice_pos;Letztes Jahr hat Linda Thorsten ein selbstgeschriebenes Lied vorgesungen.;Vor drei Wochen hat Thorsten wieder ein selbstgeschriebenes Lied gehört, als er bei einer Freundin daheim war.;Thorsten hat mindestens zweimal ein selbstgeschriebenes Lied gehört.;entailment;3;ai;bi;2;positive;twice;False;;Linda/Thorsten: agent-first braces.;Letztes Jahr hat Linda Thorsten ein selbstgeschriebenes Lied vorgesungen. Vor drei Wochen hat Thorsten wieder ein selbstgeschriebenes Lied gehört, als er bei einer Freundin daheim war.;Thorsten hat mindestens zweimal ein selbstgeschriebenes Lied gehört.;jabo/bert-base-german-cased-xnli-de;entailment;1;0.2868858873844147;0.10400418937206268;0.6091098785400391
3_ai_bi2_cannot_say_pos;Letztes Jahr hat Linda Thorsten ein selbstgeschriebenes Lied vorgesungen.;Vor drei Wochen hat Thorsten wieder ein selbstgeschriebenes Lied gehört, als er bei einer Freundin daheim war.;Es lässt sich nicht sagen, wie oft Thorsten ein selbstgeschriebenes Lied gehört hat.;unknown;3;ai;bi;2;positive;cannot say;False;;Linda/Thorsten: agent-first braces.;Letztes Jahr hat Linda Thorsten ein selbstgeschriebenes Lied vorgesungen. Vor drei Wochen hat Thorsten wieder ein selbstgeschriebenes Lied gehört, als er bei einer Freundin daheim war.;Es lässt sich nicht sagen, wie oft Thorsten ein selbstgeschriebenes Lied gehört hat.;jabo/bert-base-german-cased-xnli-de;contradiction;0;0.7795355916023254;0.16219185292720795;0.0582725964486599
3_ai_bii1_once_pos;Letztes Jahr hat Linda Thorsten ein selbstgeschriebenes Lied vorgesungen.;Vor drei Wochen hat Linda wieder ein selbstgeschriebenes Lied gesungen, als sie bei einer Freundin daheim war.;Linda hat einmal ein selbstgeschriebenes Lied gesungen.;unknown;3;ai;bii;1;positive;once;False;;Linda/Thorsten: agent-first braces.;Letztes Jahr hat Linda Thorsten ein selbstgeschriebenes Lied vorgesungen. Vor drei Wochen hat Linda wieder ein selbstgeschriebenes Lied gesungen, als sie bei einer Freundin daheim war.;Linda hat einmal ein selbstgeschriebenes Lied gesungen.;jabo/bert-base-german-cased-xnli-de;entailment;0;0.023949427530169487;0.04853323847055435;0.9275173544883728
3_ai_bii1_twice_pos;Letztes Jahr hat Linda Thorsten ein selbstgeschriebenes Lied vorgesungen.;Vor drei Wochen hat Linda wieder ein selbstgeschriebenes Lied gesungen, als sie bei einer Freundin daheim war.;Linda hat mindestens zweimal ein selbstgeschriebenes Lied gesungen.;entailment;3;ai;bii;1;positive;twice;False;;Linda/Thorsten: agent-first braces.;Letztes Jahr hat Linda Thorsten ein selbstgeschriebenes Lied vorgesungen. Vor drei Wochen hat Linda wieder ein selbstgeschriebenes Lied gesungen, als sie bei einer Freundin daheim war.;Linda hat mindestens zweimal ein selbstgeschriebenes Lied gesungen.;jabo/bert-base-german-cased-xnli-de;entailment;1;0.2862161695957184;0.16463541984558105;0.549148440361023
3_ai_bii1_cannot_say_pos;Letztes Jahr hat Linda Thorsten ein selbstgeschriebenes Lied vorgesungen.;Vor drei Wochen hat Linda wieder ein selbstgeschriebenes Lied gesungen, als sie bei einer Freundin daheim war.;Es lässt sich nicht sagen, wie oft Linda ein selbstgeschriebenes Lied gesungen hat.;unknown;3;ai;bii;1;positive;cannot say;False;;Linda/Thorsten: agent-first braces.;Letztes Jahr hat Linda Thorsten ein selbstgeschriebenes Lied vorgesungen. Vor drei Wochen hat Linda wieder ein selbstgeschriebenes Lied gesungen, als sie bei einer Freundin daheim war.;Es lässt sich nicht sagen, wie oft Linda ein selbstgeschriebenes Lied gesungen hat.;jabo/bert-base-german-cased-xnli-de;contradiction;0;0.7296448349952698;0.20084871351718903;0.06950638443231583
3_ai_bii2_once_neu;Letztes Jahr hat Linda Thorsten ein selbstgeschriebenes Lied vorgesungen.;Vor drei Wochen hat Thorsten wieder ein selbstgeschriebenes Lied gesungen, als er bei einer Freundin daheim war.;Thorsten hat einmal ein selbstgeschriebenes Lied gesungen.;entailment;3;ai;bii;2;neutral;once;False;;Linda/Thorsten: agent-first braces.;Letztes Jahr hat Linda Thorsten ein selbstgeschriebenes Lied vorgesungen. Vor drei Wochen hat Thorsten wieder ein selbstgeschriebenes Lied gesungen, als er bei einer Freundin daheim war.;Thorsten hat einmal ein selbstgeschriebenes Lied gesungen.;jabo/bert-base-german-cased-xnli-de;entailment;1;0.024464067071676254;0.04990091174840927;0.9256349802017212
3_ai_bii2_twice_neu;Letztes Jahr hat Linda Thorsten ein selbstgeschriebenes Lied vorgesungen.;Vor drei Wochen hat Thorsten wieder ein selbstgeschriebenes Lied gesungen, als er bei einer Freundin daheim war.;Thorsten hat mindestens zweimal ein selbstgeschriebenes Lied gesungen.;unknown;3;ai;bii;2;neutral;twice;False;;Linda/Thorsten: agent-first braces.;Letztes Jahr hat Linda Thorsten ein selbstgeschriebenes Lied vorgesungen. Vor drei Wochen hat Thorsten wieder ein selbstgeschriebenes Lied gesungen, als er bei einer Freundin daheim war.;Thorsten hat mindestens zweimal ein selbstgeschriebenes Lied gesungen.;jabo/bert-base-german-cased-xnli-de;entailment;0;0.2764679193496704;0.13891571760177612;0.5846163630485535
3_ai_bii2_cannot_say_neu;Letztes Jahr hat Linda Thorsten ein selbstgeschriebenes Lied vorgesungen.;Vor drei Wochen hat Thorsten wieder ein selbstgeschriebenes Lied gesungen, als er bei einer Freundin daheim war.;Es lässt sich nicht sagen, wie oft Thorsten ein selbstgeschriebenes Lied gesungen hat.;unknown;3;ai;bii;2;neutral;cannot say;False;;Linda/Thorsten: agent-first braces.;Letztes Jahr hat Linda Thorsten ein selbstgeschriebenes Lied vorgesungen. Vor drei Wochen hat Thorsten wieder ein selbstgeschriebenes Lied gesungen, als er bei einer Freundin daheim war.;Es lässt sich nicht sagen, wie oft Thorsten ein selbstgeschriebenes Lied gesungen hat.;jabo/bert-base-german-cased-xnli-de;contradiction;0;0.7471169829368591;0.19663812220096588;0.056244902312755585
3_aii_bi1_once_pos;Letztes Jahr hat Thorsten Linda ein selbstgeschriebenes Lied vorgesungen.;Vor drei Wochen hat Linda wieder ein selbstgeschriebenes Lied gehört, als sie bei einer Freundin daheim war.;Linda hat einmal ein selbstgeschriebenes Lied gehört.;unknown;3;aii;bi;1;positive;once;False;;Linda/Thorsten: agent-first braces.;Letztes Jahr hat Thorsten Linda ein selbstgeschriebenes Lied vorgesungen. Vor drei Wochen hat Linda wieder ein selbstgeschriebenes Lied gehört, als sie bei einer Freundin daheim war.;Linda hat einmal ein selbstgeschriebenes Lied gehört.;jabo/bert-base-german-cased-xnli-de;entailment;0;0.02461296133697033;0.04828155040740967;0.9271054863929749
3_aii_bi1_twice_pos;Letztes Jahr hat Thorsten Linda ein selbstgeschriebenes Lied vorgesungen.;Vor drei Wochen hat Linda wieder ein selbstgeschriebenes Lied gehört, als sie bei einer Freundin daheim war.;Linda hat mindestens zweimal ein selbstgeschriebenes Lied gehört.;entailment;3;aii;bi;1;positive;twice;False;;Linda/Thorsten: agent-first braces.;Letztes Jahr hat Thorsten Linda ein selbstgeschriebenes Lied vorgesungen. Vor drei Wochen hat Linda wieder ein selbstgeschriebenes Lied gehört, als sie bei einer Freundin daheim war.;Linda hat mindestens zweimal ein selbstgeschriebenes Lied gehört.;jabo/bert-base-german-cased-xnli-de;entailment;1;0.2520718574523926;0.11190386861562729;0.6360242366790771
3_aii_bi1_cannot_say_pos;Letztes Jahr hat Thorsten Linda ein selbstgeschriebenes Lied vorgesungen.;Vor drei Wochen hat Linda wieder ein selbstgeschriebenes Lied gehört, als sie bei einer Freundin daheim war.;Es lässt sich nicht sagen, wie oft Linda ein selbstgeschriebenes Lied gehört hat.;unknown;3;aii;bi;1;positive;cannot say;False;;Linda/Thorsten: agent-first braces.;Letztes Jahr hat Thorsten Linda ein selbstgeschriebenes Lied vorgesungen. Vor drei Wochen hat Linda wieder ein selbstgeschriebenes Lied gehört, als sie bei einer Freundin daheim war.;Es lässt sich nicht sagen, wie oft Linda ein selbstgeschriebenes Lied gehört hat.;jabo/bert-base-german-cased-xnli-de;contradiction;0;0.7718097567558289;0.16659505665302277;0.061595186591148376
3_aii_bi2_once_neu;Letztes Jahr hat Thorsten Linda ein selbstgeschriebenes Lied vorgesungen.;Vor drei Wochen hat Thorsten wieder ein selbstgeschriebenes Lied gehört, als er bei einer Freundin daheim war.;Thorsten hat einmal ein selbstgeschriebenes Lied gehört.;entailment;3;aii;bi;2;neutral;once;False;;Linda/Thorsten: agent-first braces.;Letztes Jahr hat Thorsten Linda ein selbstgeschriebenes Lied vorgesungen. Vor drei Wochen hat Thorsten wieder ein selbstgeschriebenes Lied gehört, als er bei einer Freundin daheim war.;Thorsten hat einmal ein selbstgeschriebenes Lied gehört.;jabo/bert-base-german-cased-xnli-de;entailment;1;0.025040186941623688;0.04926281422376633;0.9256970286369324
3_aii_bi2_twice_neu;Letztes Jahr hat Thorsten Linda ein selbstgeschriebenes Lied vorgesungen.;Vor drei Wochen hat Thorsten wieder ein selbstgeschriebenes Lied gehört, als er bei einer Freundin daheim war.;Thorsten hat mindestens zweimal ein selbstgeschriebenes Lied gehört.;unknown;3;aii;bi;2;neutral;twice;False;;Linda/Thorsten: agent-first braces.;Letztes Jahr hat Thorsten Linda ein selbstgeschriebenes Lied vorgesungen. Vor drei Wochen hat Thorsten wieder ein selbstgeschriebenes Lied gehört, als er bei einer Freundin daheim war.;Thorsten hat mindestens zweimal ein selbstgeschriebenes Lied gehört.;jabo/bert-base-german-cased-xnli-de;entailment;0;0.2619982063770294;0.09731369465589523;0.6406881213188171
3_aii_bi2_cannot_say_neu;Letztes Jahr hat Thorsten Linda ein selbstgeschriebenes Lied vorgesungen.;Vor drei Wochen hat Thorsten wieder ein selbstgeschriebenes Lied gehört, als er bei einer Freundin daheim war.;Es lässt sich nicht sagen, wie oft Thorsten ein selbstgeschriebenes Lied gehört hat.;unknown;3;aii;bi;2;neutral;cannot say;False;;Linda/Thorsten: agent-first braces.;Letztes Jahr hat Thorsten Linda ein selbstgeschriebenes Lied vorgesungen. Vor drei Wochen hat Thorsten wieder ein selbstgeschriebenes Lied gehört, als er bei einer Freundin daheim war.;Es lässt sich nicht sagen, wie oft Thorsten ein selbstgeschriebenes Lied gehört hat.;jabo/bert-base-german-cased-xnli-de;contradiction;0;0.7822754383087158;0.16239219903945923;0.05533233657479286
3_aii_bii1_once_neu;Letztes Jahr hat Thorsten Linda ein selbstgeschriebenes Lied vorgesungen.;Vor drei Wochen hat Linda wieder ein selbstgeschriebenes Lied gesungen, als sie bei einer Freundin daheim war.;Linda hat einmal ein selbstgeschriebenes Lied gesungen.;entailment;3;aii;bii;1;neutral;once;False;;Linda/Thorsten: agent-first braces.;Letztes Jahr hat Thorsten Linda ein selbstgeschriebenes Lied vorgesungen. Vor drei Wochen hat Linda wieder ein selbstgeschriebenes Lied gesungen, als sie bei einer Freundin daheim war.;Linda hat einmal ein selbstgeschriebenes Lied gesungen.;jabo/bert-base-german-cased-xnli-de;entailment;1;0.024049831554293633;0.04893506318330765;0.9270151257514954
3_aii_bii1_twice_neu;Letztes Jahr hat Thorsten Linda ein selbstgeschriebenes Lied vorgesungen.;Vor drei Wochen hat Linda wieder ein selbstgeschriebenes Lied gesungen, als sie bei einer Freundin daheim war.;Linda hat mindestens zweimal ein selbstgeschriebenes Lied gesungen.;unknown;3;aii;bii;1;neutral;twice;False;;Linda/Thorsten: agent-first braces.;Letztes Jahr hat Thorsten Linda ein selbstgeschriebenes Lied vorgesungen. Vor drei Wochen hat Linda wieder ein selbstgeschriebenes Lied gesungen, als sie bei einer Freundin daheim war.;Linda hat mindestens zweimal ein selbstgeschriebenes Lied gesungen.;jabo/bert-base-german-cased-xnli-de;entailment;0;0.22950206696987152;0.13907390832901;0.631424069404602
3_aii_bii1_cannot_say_neu;Letztes Jahr hat Thorsten Linda ein selbstgeschriebenes Lied vorgesungen.;Vor drei Wochen hat Linda wieder ein selbstgeschriebenes Lied gesungen, als sie bei einer Freundin daheim war.;Es lässt sich nicht sagen, wie oft Linda ein selbstgeschriebenes Lied gesungen hat.;unknown;3;aii;bii;1;neutral;cannot say;False;;Linda/Thorsten: agent-first braces.;Letztes Jahr hat Thorsten Linda ein selbstgeschriebenes Lied vorgesungen. Vor drei Wochen hat Linda wieder ein selbstgeschriebenes Lied gesungen, als sie bei einer Freundin daheim war.;Es lässt sich nicht sagen, wie oft Linda ein selbstgeschriebenes Lied gesungen hat.;jabo/bert-base-german-cased-xnli-de;contradiction;0;0.7364391684532166;0.20456872880458832;0.05899208411574364
3_aii_bii2_once_pos;Letztes Jahr hat Thorsten Linda ein selbstgeschriebenes Lied vorgesungen.;Vor drei Wochen hat Thorsten wieder ein selbstgeschriebenes Lied gesungen, als er bei einer Freundin daheim war.;Thorsten hat einmal ein selbstgeschriebenes Lied gesungen.;unknown;3;aii;bii;2;positive;once;False;;Linda/Thorsten: agent-first braces.;Letztes Jahr hat Thorsten Linda ein selbstgeschriebenes Lied vorgesungen. Vor drei Wochen hat Thorsten wieder ein selbstgeschriebenes Lied gesungen, als er bei einer Freundin daheim war.;Thorsten hat einmal ein selbstgeschriebenes Lied gesungen.;jabo/bert-base-german-cased-xnli-de;entailment;0;0.024719588458538055;0.04986651986837387;0.9254139065742493
3_aii_bii2_twice_pos;Letztes Jahr hat Thorsten Linda ein selbstgeschriebenes Lied vorgesungen.;Vor drei Wochen hat Thorsten wieder ein selbstgeschriebenes Lied gesungen, als er bei einer Freundin daheim war.;Thorsten hat mindestens zweimal ein selbstgeschriebenes Lied gesungen.;entailment;3;aii;bii;2;positive;twice;False;;Linda/Thorsten: agent-first braces.;Letztes Jahr hat Thorsten Linda ein selbstgeschriebenes Lied vorgesungen. Vor drei Wochen hat Thorsten wieder ein selbstgeschriebenes Lied gesungen, als er bei einer Freundin daheim war.;Thorsten hat mindestens zweimal ein selbstgeschriebenes Lied gesungen.;jabo/bert-base-german-cased-xnli-de;entailment;1;0.2424342930316925;0.12390699982643127;0.6336586475372314
3_aii_bii2_cannot_say_pos;Letztes Jahr hat Thorsten Linda ein selbstgeschriebenes Lied vorgesungen.;Vor drei Wochen hat Thorsten wieder ein selbstgeschriebenes Lied gesungen, als er bei einer Freundin daheim war.;Es lässt sich nicht sagen, wie oft Thorsten ein selbstgeschriebenes Lied gesungen hat.;unknown;3;aii;bii;2;positive;cannot say;False;;Linda/Thorsten: agent-first braces.;Letztes Jahr hat Thorsten Linda ein selbstgeschriebenes Lied vorgesungen. Vor drei Wochen hat Thorsten wieder ein selbstgeschriebenes Lied gesungen, als er bei einer Freundin daheim war.;Es lässt sich nicht sagen, wie oft Thorsten ein selbstgeschriebenes Lied gesungen hat.;jabo/bert-base-german-cased-xnli-de;contradiction;0;0.7467447519302368;0.19867509603500366;0.0545802041888237
4_ai_bi1_once_neu;Vorletzte Woche hat Linda Karl eine rote Rose geschenkt.;Vor vier Tagen hat Linda wieder eine rote Rose bekommen, als sie zu einem Date verabredet war.;Linda hat einmal eine rote Rose bekommen.;entailment;4;ai;bi;1;neutral;once;False;;Linda/Karl: agent-first braces.;Vorletzte Woche hat Linda Karl eine rote Rose geschenkt. Vor vier Tagen hat Linda wieder eine rote Rose bekommen, als sie zu einem Date verabredet war.;Linda hat einmal eine rote Rose bekommen.;jabo/bert-base-german-cased-xnli-de;entailment;1;0.022547578439116478;0.05167956277728081;0.9257727861404419
4_ai_bi1_twice_neu;Vorletzte Woche hat Linda Karl eine rote Rose geschenkt.;Vor vier Tagen hat Linda wieder eine rote Rose bekommen, als sie zu einem Date verabredet war.;Linda hat mindestens zweimal eine rote Rose bekommen.;unknown;4;ai;bi;1;neutral;twice;False;;Linda/Karl: agent-first braces.;Vorletzte Woche hat Linda Karl eine rote Rose geschenkt. Vor vier Tagen hat Linda wieder eine rote Rose bekommen, als sie zu einem Date verabredet war.;Linda hat mindestens zweimal eine rote Rose bekommen.;jabo/bert-base-german-cased-xnli-de;entailment;0;0.15309378504753113;0.23122993111610413;0.6156762838363647
4_ai_bi1_cannot_say_neu;Vorletzte Woche hat Linda Karl eine rote Rose geschenkt.;Vor vier Tagen hat Linda wieder eine rote Rose bekommen, als sie zu einem Date verabredet war.;Es lässt sich nicht sagen, wie oft Linda eine rote Rose bekommen hat.;unknown;4;ai;bi;1;neutral;cannot say;False;;Linda/Karl: agent-first braces.;Vorletzte Woche hat Linda Karl eine rote Rose geschenkt. Vor vier Tagen hat Linda wieder eine rote Rose bekommen, als sie zu einem Date verabredet war.;Es lässt sich nicht sagen, wie oft Linda eine rote Rose bekommen hat.;jabo/bert-base-german-cased-xnli-de;contradiction;0;0.7829902768135071;0.16223816573619843;0.05477152764797211
4_ai_bi2_once_pos;Vorletzte Woche hat Linda Karl eine rote Rose geschenkt.;Vor vier Tagen hat Karl wieder eine rote Rose bekommen, als er zu einem Date verabredet war.;Karl hat einmal eine rote Rose bekommen.;unknown;4;ai;bi;2;positive;once;False;;Linda/Karl: agent-first braces.;Vorletzte Woche hat Linda Karl eine rote Rose geschenkt. Vor vier Tagen hat Karl wieder eine rote Rose bekommen, als er zu einem Date verabredet war.;Karl hat einmal eine rote Rose bekommen.;jabo/bert-base-german-cased-xnli-de;entailment;0;0.024110283702611923;0.07065249234437943;0.9052372574806213
4_ai_bi2_twice_pos;Vorletzte Woche hat Linda Karl eine rote Rose geschenkt.;Vor vier Tagen hat Karl wieder eine rote Rose bekommen, als er zu einem Date verabredet war.;Karl hat mindestens zweimal eine rote Rose bekommen.;entailment;4;ai;bi;2;positive;twice;False;;Linda/Karl: agent-first braces.;Vorletzte Woche hat Linda Karl eine rote Rose geschenkt. Vor vier Tagen hat Karl wieder eine rote Rose bekommen, als er zu einem Date verabredet war.;Karl hat mindestens zweimal eine rote Rose bekommen.;jabo/bert-base-german-cased-xnli-de;entailment;1;0.17474308609962463;0.3235533833503723;0.5017035603523254
4_ai_bi2_cannot_say_pos;Vorletzte Woche hat Linda Karl eine rote Rose geschenkt.;Vor vier Tagen hat Karl wieder eine rote Rose bekommen, als er zu einem Date verabredet war.;Es lässt sich nicht sagen, wie oft Karl eine rote Rose bekommen hat.;unknown;4;ai;bi;2;positive;cannot say;False;;Linda/Karl: agent-first braces.;Vorletzte Woche hat Linda Karl eine rote Rose geschenkt. Vor vier Tagen hat Karl wieder eine rote Rose bekommen, als er zu einem Date verabredet war.;Es lässt sich nicht sagen, wie oft Karl eine rote Rose bekommen hat.;jabo/bert-base-german-cased-xnli-de;contradiction;0;0.7602832913398743;0.18483281135559082;0.05488385632634163
4_ai_bii1_once_pos;Vorletzte Woche hat Linda Karl eine rote Rose geschenkt.;Vor vier Tagen hat Linda wieder eine rote Rose vergeben, als sie zu einem Date verabredet war.;Linda hat einmal eine rote Rose vergeben.;unknown;4;ai;bii;1;positive;once;False;;Linda/Karl: agent-first braces.;Vorletzte Woche hat Linda Karl eine rote Rose geschenkt. Vor vier Tagen hat Linda wieder eine rote Rose vergeben, als sie zu einem Date verabredet war.;Linda hat einmal eine rote Rose vergeben.;jabo/bert-base-german-cased-xnli-de;entailment;0;0.022999199107289314;0.051177725195884705;0.9258230924606323
4_ai_bii1_twice_pos;Vorletzte Woche hat Linda Karl eine rote Rose geschenkt.;Vor vier Tagen hat Linda wieder eine rote Rose vergeben, als sie zu einem Date verabredet war.;Linda hat mindestens zweimal eine rote Rose vergeben.;entailment;4;ai;bii;1;positive;twice;False;;Linda/Karl: agent-first braces.;Vorletzte Woche hat Linda Karl eine rote Rose geschenkt. Vor vier Tagen hat Linda wieder eine rote Rose vergeben, als sie zu einem Date verabredet war.;Linda hat mindestens zweimal eine rote Rose vergeben.;jabo/bert-base-german-cased-xnli-de;entailment;1;0.1675904095172882;0.26203957200050354;0.570370078086853
4_ai_bii1_cannot_say_pos;Vorletzte Woche hat Linda Karl eine rote Rose geschenkt.;Vor vier Tagen hat Linda wieder eine rote Rose vergeben, als sie zu einem Date verabredet war.;Es lässt sich nicht sagen, wie oft Linda eine rote Rose vergeben hat.;unknown;4;ai;bii;1;positive;cannot say;False;;Linda/Karl: agent-first braces.;Vorletzte Woche hat Linda Karl eine rote Rose geschenkt. Vor vier Tagen hat Linda wieder eine rote Rose vergeben, als sie zu einem Date verabredet war.;Es lässt sich nicht sagen, wie oft Linda eine rote Rose vergeben hat.;jabo/bert-base-german-cased-xnli-de;contradiction;0;0.758475661277771;0.17964524030685425;0.06187912076711655
4_ai_bii2_once_neu;Vorletzte Woche hat Linda Karl eine rote Rose geschenkt.;Vor vier Tagen hat Karl wieder eine rote Rose vergeben, als er zu einem Date verabredet war.;Karl hat einmal eine rote Rose vergeben.;entailment;4;ai;bii;2;neutral;once;False;;Linda/Karl: agent-first braces.;Vorletzte Woche hat Linda Karl eine rote Rose geschenkt. Vor vier Tagen hat Karl wieder eine rote Rose vergeben, als er zu einem Date verabredet war.;Karl hat einmal eine rote Rose vergeben.;jabo/bert-base-german-cased-xnli-de;entailment;1;0.024624599143862724;0.06898792088031769;0.9063875079154968
4_ai_bii2_twice_neu;Vorletzte Woche hat Linda Karl eine rote Rose geschenkt.;Vor vier Tagen hat Karl wieder eine rote Rose vergeben, als er zu einem Date verabredet war.;Karl hat mindestens zweimal eine rote Rose vergeben.;unknown;4;ai;bii;2;neutral;twice;False;;Linda/Karl: agent-first braces.;Vorletzte Woche hat Linda Karl eine rote Rose geschenkt. Vor vier Tagen hat Karl wieder eine rote Rose vergeben, als er zu einem Date verabredet war.;Karl hat mindestens zweimal eine rote Rose vergeben.;jabo/bert-base-german-cased-xnli-de;entailment;0;0.19576312601566315;0.26690343022346497;0.5373334288597107
4_ai_bii2_cannot_say_neu;Vorletzte Woche hat Linda Karl eine rote Rose geschenkt.;Vor vier Tagen hat Karl wieder eine rote Rose vergeben, als er zu einem Date verabredet war.;Es lässt sich nicht sagen, wie oft Karl eine rote Rose vergeben hat.;unknown;4;ai;bii;2;neutral;cannot say;False;;Linda/Karl: agent-first braces.;Vorletzte Woche hat Linda Karl eine rote Rose geschenkt. Vor vier Tagen hat Karl wieder eine rote Rose vergeben, als er zu einem Date verabredet war.;Es lässt sich nicht sagen, wie oft Karl eine rote Rose vergeben hat.;jabo/bert-base-german-cased-xnli-de;contradiction;0;0.7717857360839844;0.17096534371376038;0.05724888667464256
4_aii_bi1_once_pos;Vorletzte Woche hat Karl Linda eine rote Rose geschenkt.;Vor vier Tagen hat Linda wieder eine rote Rose bekommen, als sie zu einem Date verabredet war.;Linda hat einmal eine rote Rose bekommen.;unknown;4;aii;bi;1;positive;once;False;;Linda/Karl: agent-first braces.;Vorletzte Woche hat Karl Linda eine rote Rose geschenkt. Vor vier Tagen hat Linda wieder eine rote Rose bekommen, als sie zu einem Date verabredet war.;Linda hat einmal eine rote Rose bekommen.;jabo/bert-base-german-cased-xnli-de;entailment;0;0.02249690145254135;0.052128132432699203;0.9253749251365662
4_aii_bi1_twice_pos;Vorletzte Woche hat Karl Linda eine rote Rose geschenkt.;Vor vier Tagen hat Linda wieder eine rote Rose bekommen, als sie zu einem Date verabredet war.;Linda hat mindestens zweimal eine rote Rose bekommen.;entailment;4;aii;bi;1;positive;twice;False;;Linda/Karl: agent-first braces.;Vorletzte Woche hat Karl Linda eine rote Rose geschenkt. Vor vier Tagen hat Linda wieder eine rote Rose bekommen, als sie zu einem Date verabredet war.;Linda hat mindestens zweimal eine rote Rose bekommen.;jabo/bert-base-german-cased-xnli-de;entailment;1;0.15989403426647186;0.24035127460956573;0.5997546911239624
4_aii_bi1_cannot_say_pos;Vorletzte Woche hat Karl Linda eine rote Rose geschenkt.;Vor vier Tagen hat Linda wieder eine rote Rose bekommen, als sie zu einem Date verabredet war.;Es lässt sich nicht sagen, wie oft Linda eine rote Rose bekommen hat.;unknown;4;aii;bi;1;positive;cannot say;False;;Linda/Karl: agent-first braces.;Vorletzte Woche hat Karl Linda eine rote Rose geschenkt. Vor vier Tagen hat Linda wieder eine rote Rose bekommen, als sie zu einem Date verabredet war.;Es lässt sich nicht sagen, wie oft Linda eine rote Rose bekommen hat.;jabo/bert-base-german-cased-xnli-de;contradiction;0;0.7854596972465515;0.16190330684185028;0.052637070417404175
4_aii_bi2_once_neu;Vorletzte Woche hat Karl Linda eine rote Rose geschenkt.;Vor vier Tagen hat Karl wieder eine rote Rose bekommen, als er zu einem Date verabredet war.;Karl hat einmal eine rote Rose bekommen.;entailment;4;aii;bi;2;neutral;once;False;;Linda/Karl: agent-first braces.;Vorletzte Woche hat Karl Linda eine rote Rose geschenkt. Vor vier Tagen hat Karl wieder eine rote Rose bekommen, als er zu einem Date verabredet war.;Karl hat einmal eine rote Rose bekommen.;jabo/bert-base-german-cased-xnli-de;entailment;1;0.024274567142128944;0.06593801826238632;0.9097873568534851
4_aii_bi2_twice_neu;Vorletzte Woche hat Karl Linda eine rote Rose geschenkt.;Vor vier Tagen hat Karl wieder eine rote Rose bekommen, als er zu einem Date verabredet war.;Karl hat mindestens zweimal eine rote Rose bekommen.;unknown;4;aii;bi;2;neutral;twice;False;;Linda/Karl: agent-first braces.;Vorletzte Woche hat Karl Linda eine rote Rose geschenkt. Vor vier Tagen hat Karl wieder eine rote Rose bekommen, als er zu einem Date verabredet war.;Karl hat mindestens zweimal eine rote Rose bekommen.;jabo/bert-base-german-cased-xnli-de;entailment;0;0.17076019942760468;0.3260197341442108;0.5032200813293457
4_aii_bi2_cannot_say_neu;Vorletzte Woche hat Karl Linda eine rote Rose geschenkt.;Vor vier Tagen hat Karl wieder eine rote Rose bekommen, als er zu einem Date verabredet war.;Es lässt sich nicht sagen, wie oft Karl eine rote Rose bekommen hat.;unknown;4;aii;bi;2;neutral;cannot say;False;;Linda/Karl: agent-first braces.;Vorletzte Woche hat Karl Linda eine rote Rose geschenkt. Vor vier Tagen hat Karl wieder eine rote Rose bekommen, als er zu einem Date verabredet war.;Es lässt sich nicht sagen, wie oft Karl eine rote Rose bekommen hat.;jabo/bert-base-german-cased-xnli-de;contradiction;0;0.7612272500991821;0.18345244228839874;0.055320244282484055
4_aii_bii1_once_neu;Vorletzte Woche hat Karl Linda eine rote Rose geschenkt.;Vor vier Tagen hat Linda wieder eine rote Rose vergeben, als sie zu einem Date verabredet war.;Linda hat einmal eine rote Rose vergeben.;entailment;4;aii;bii;1;neutral;once;False;;Linda/Karl: agent-first braces.;Vorletzte Woche hat Karl Linda eine rote Rose geschenkt. Vor vier Tagen hat Linda wieder eine rote Rose vergeben, als sie zu einem Date verabredet war.;Linda hat einmal eine rote Rose vergeben.;jabo/bert-base-german-cased-xnli-de;entailment;1;0.023108074441552162;0.052062444388866425;0.9248295426368713
4_aii_bii1_twice_neu;Vorletzte Woche hat Karl Linda eine rote Rose geschenkt.;Vor vier Tagen hat Linda wieder eine rote Rose vergeben, als sie zu einem Date verabredet war.;Linda hat mindestens zweimal eine rote Rose vergeben.;unknown;4;aii;bii;1;neutral;twice;False;;Linda/Karl: agent-first braces.;Vorletzte Woche hat Karl Linda eine rote Rose geschenkt. Vor vier Tagen hat Linda wieder eine rote Rose vergeben, als sie zu einem Date verabredet war.;Linda hat mindestens zweimal eine rote Rose vergeben.;jabo/bert-base-german-cased-xnli-de;entailment;0;0.17296567559242249;0.26726120710372925;0.5597730875015259
4_aii_bii1_cannot_say_neu;Vorletzte Woche hat Karl Linda eine rote Rose geschenkt.;Vor vier Tagen hat Linda wieder eine rote Rose vergeben, als sie zu einem Date verabredet war.;Es lässt sich nicht sagen, wie oft Linda eine rote Rose vergeben hat.;unknown;4;aii;bii;1;neutral;cannot say;False;;Linda/Karl: agent-first braces.;Vorletzte Woche hat Karl Linda eine rote Rose geschenkt. Vor vier Tagen hat Linda wieder eine rote Rose vergeben, als sie zu einem Date verabredet war.;Es lässt sich nicht sagen, wie oft Linda eine rote Rose vergeben hat.;jabo/bert-base-german-cased-xnli-de;contradiction;0;0.7595708966255188;0.18030914664268494;0.06012002006173134
4_aii_bii2_once_pos;Vorletzte Woche hat Karl Linda eine rote Rose geschenkt.;Vor vier Tagen hat Karl wieder eine rote Rose vergeben, als er zu einem Date verabredet war.;Karl hat einmal eine rote Rose vergeben.;unknown;4;aii;bii;2;positive;once;False;;Linda/Karl: agent-first braces.;Vorletzte Woche hat Karl Linda eine rote Rose geschenkt. Vor vier Tagen hat Karl wieder eine rote Rose vergeben, als er zu einem Date verabredet war.;Karl hat einmal eine rote Rose vergeben.;jabo/bert-base-german-cased-xnli-de;entailment;0;0.02449461631476879;0.0631008967757225;0.9124044179916382
4_aii_bii2_twice_pos;Vorletzte Woche hat Karl Linda eine rote Rose geschenkt.;Vor vier Tagen hat Karl wieder eine rote Rose vergeben, als er zu einem Date verabredet war.;Karl hat mindestens zweimal eine rote Rose vergeben.;entailment;4;aii;bii;2;positive;twice;False;;Linda/Karl: agent-first braces.;Vorletzte Woche hat Karl Linda eine rote Rose geschenkt. Vor vier Tagen hat Karl wieder eine rote Rose vergeben, als er zu einem Date verabredet war.;Karl hat mindestens zweimal eine rote Rose vergeben.;jabo/bert-base-german-cased-xnli-de;entailment;1;0.19475966691970825;0.28219664096832275;0.5230437517166138
4_aii_bii2_cannot_say_pos;Vorletzte Woche hat Karl Linda eine rote Rose geschenkt.;Vor vier Tagen hat Karl wieder eine rote Rose vergeben, als er zu einem Date verabredet war.;Es lässt sich nicht sagen, wie oft Karl eine rote Rose vergeben hat.;unknown;4;aii;bii;2;positive;cannot say;False;;Linda/Karl: agent-first braces.;Vorletzte Woche hat Karl Linda eine rote Rose geschenkt. Vor vier Tagen hat Karl wieder eine rote Rose vergeben, als er zu einem Date verabredet war.;Es lässt sich nicht sagen, wie oft Karl eine rote Rose vergeben hat.;jabo/bert-base-german-cased-xnli-de;contradiction;0;0.7737405300140381;0.17019255459308624;0.05606687441468239
5_ai_bi1_once_pos;Vor drei Wochen hat Linda Greta einen langen Brief geschrieben.;Vor einer Woche hat Greta wieder einen langen Brief empfangen, weil sie auf eine Anzeige geantwortet hat.;Greta hat einmal einen langen Brief empfangen.;unknown;5;ai;bi;1;positive;once;False;;;Vor drei Wochen hat Linda Greta einen langen Brief geschrieben. Vor einer Woche hat Greta wieder einen langen Brief empfangen, weil sie auf eine Anzeige geantwortet hat.;Greta hat einmal einen langen Brief empfangen.;jabo/bert-base-german-cased-xnli-de;entailment;0;0.020717060193419456;0.045362137258052826;0.9339207410812378
5_ai_bi1_twice_pos;Vor drei Wochen hat Linda Greta einen langen Brief geschrieben.;Vor einer Woche hat Greta wieder einen langen Brief empfangen, weil sie auf eine Anzeige geantwortet hat.;Greta hat mindestens zweimal einen langen Brief empfangen.;entailment;5;ai;bi;1;positive;twice;False;;;Vor drei Wochen hat Linda Greta einen langen Brief geschrieben. Vor einer Woche hat Greta wieder einen langen Brief empfangen, weil sie auf eine Anzeige geantwortet hat.;Greta hat mindestens zweimal einen langen Brief empfangen.;jabo/bert-base-german-cased-xnli-de;entailment;1;0.07022761553525925;0.0920715481042862;0.8377008438110352
5_ai_bi1_cannot_say_pos;Vor drei Wochen hat Linda Greta einen langen Brief geschrieben.;Vor einer Woche hat Greta wieder einen langen Brief empfangen, weil sie auf eine Anzeige geantwortet hat.;Es lässt sich nicht sagen, wie oft Greta einen langen Brief empfangen hat.;unknown;5;ai;bi;1;positive;cannot say;False;;;Vor drei Wochen hat Linda Greta einen langen Brief geschrieben. Vor einer Woche hat Greta wieder einen langen Brief empfangen, weil sie auf eine Anzeige geantwortet hat.;Es lässt sich nicht sagen, wie oft Greta einen langen Brief empfangen hat.;jabo/bert-base-german-cased-xnli-de;contradiction;0;0.7843060493469238;0.18295980989933014;0.03273412957787514
5_ai_bi2_once_neu;Vor drei Wochen hat Linda Greta einen langen Brief geschrieben.;Vor einer Woche hat Linda wieder einen langen Brief empfangen, weil sie auf eine Anzeige geantwortet hat.;Linda hat einmal einen langen Brief empfangen.;entailment;5;ai;bi;2;neutral;once;False;;;Vor drei Wochen hat Linda Greta einen langen Brief geschrieben. Vor einer Woche hat Linda wieder einen langen Brief empfangen, weil sie auf eine Anzeige geantwortet hat.;Linda hat einmal einen langen Brief empfangen.;jabo/bert-base-german-cased-xnli-de;entailment;1;0.021502038463950157;0.04572873190045357;0.9327691793441772
5_ai_bi2_twice_neu;Vor drei Wochen hat Linda Greta einen langen Brief geschrieben.;Vor einer Woche hat Linda wieder einen langen Brief empfangen, weil sie auf eine Anzeige geantwortet hat.;Linda hat mindestens zweimal einen langen Brief empfangen.;unknown;5;ai;bi;2;neutral;twice;False;;;Vor drei Wochen hat Linda Greta einen langen Brief geschrieben. Vor einer Woche hat Linda wieder einen langen Brief empfangen, weil sie auf eine Anzeige geantwortet hat.;Linda hat mindestens zweimal einen langen Brief empfangen.;jabo/bert-base-german-cased-xnli-de;entailment;0;0.05202144384384155;0.0757603719830513;0.8722181916236877
5_ai_bi2_cannot_say_neu;Vor drei Wochen hat Linda Greta einen langen Brief geschrieben.;Vor einer Woche hat Linda wieder einen langen Brief empfangen, weil sie auf eine Anzeige geantwortet hat.;Es lässt sich nicht sagen, wie oft Linda einen langen Brief empfangen hat.;unknown;5;ai;bi;2;neutral;cannot say;False;;;Vor drei Wochen hat Linda Greta einen langen Brief geschrieben. Vor einer Woche hat Linda wieder einen langen Brief empfangen, weil sie auf eine Anzeige geantwortet hat.;Es lässt sich nicht sagen, wie oft Linda einen langen Brief empfangen hat.;jabo/bert-base-german-cased-xnli-de;contradiction;0;0.8191431760787964;0.14983239769935608;0.03102443553507328
5_ai_bii1_once_neu;Vor drei Wochen hat Linda Greta einen langen Brief geschrieben.;Vor einer Woche hat Greta wieder einen langen Brief verfasst, weil sie auf eine Anzeige geantwortet hat.;Greta hat einmal einen langen Brief verfasst.;entailment;5;ai;bii;1;neutral;once;False;;;Vor drei Wochen hat Linda Greta einen langen Brief geschrieben. Vor einer Woche hat Greta wieder einen langen Brief verfasst, weil sie auf eine Anzeige geantwortet hat.;Greta hat einmal einen langen Brief verfasst.;jabo/bert-base-german-cased-xnli-de;entailment;1;0.020771807059645653;0.044124457985162735;0.935103714466095
5_ai_bii1_twice_neu;Vor drei Wochen hat Linda Greta einen langen Brief geschrieben.;Vor einer Woche hat Greta wieder einen langen Brief verfasst, weil sie auf eine Anzeige geantwortet hat.;Greta hat mindestens zweimal einen langen Brief verfasst.;unknown;5;ai;bii;1;neutral;twice;False;;;Vor drei Wochen hat Linda Greta einen langen Brief geschrieben. Vor einer Woche hat Greta wieder einen langen Brief verfasst, weil sie auf eine Anzeige geantwortet hat.;Greta hat mindestens zweimal einen langen Brief verfasst.;jabo/bert-base-german-cased-xnli-de;entailment;0;0.070505291223526;0.08640554547309875;0.8430891633033752
5_ai_bii1_cannot_say_neu;Vor drei Wochen hat Linda Greta einen langen Brief geschrieben.;Vor einer Woche hat Greta wieder einen langen Brief verfasst, weil sie auf eine Anzeige geantwortet hat.;Es lässt sich nicht sagen, wie oft Greta einen langen Brief verfasst hat.;unknown;5;ai;bii;1;neutral;cannot say;False;;;Vor drei Wochen hat Linda Greta einen langen Brief geschrieben. Vor einer Woche hat Greta wieder einen langen Brief verfasst, weil sie auf eine Anzeige geantwortet hat.;Es lässt sich nicht sagen, wie oft Greta einen langen Brief verfasst hat.;jabo/bert-base-german-cased-xnli-de;contradiction;0;0.7719814777374268;0.18935586512088776;0.038662634789943695
5_ai_bii2_once_pos;Vor drei Wochen hat Linda Greta einen langen Brief geschrieben.;Vor einer Woche hat Linda wieder einen langen Brief verfasst, weil sie auf eine Anzeige geantwortet hat.;Linda hat einmal einen langen Brief verfasst.;unknown;5;ai;bii;2;positive;once;False;;;Vor drei Wochen hat Linda Greta einen langen Brief geschrieben. Vor einer Woche hat Linda wieder einen langen Brief verfasst, weil sie auf eine Anzeige geantwortet hat.;Linda hat einmal einen langen Brief verfasst.;jabo/bert-base-german-cased-xnli-de;entailment;0;0.021796423941850662;0.04522761330008507;0.9329759478569031
5_ai_bii2_twice_pos;Vor drei Wochen hat Linda Greta einen langen Brief geschrieben.;Vor einer Woche hat Linda wieder einen langen Brief verfasst, weil sie auf eine Anzeige geantwortet hat.;Linda hat mindestens zweimal einen langen Brief verfasst.;entailment;5;ai;bii;2;positive;twice;False;;;Vor drei Wochen hat Linda Greta einen langen Brief geschrieben. Vor einer Woche hat Linda wieder einen langen Brief verfasst, weil sie auf eine Anzeige geantwortet hat.;Linda hat mindestens zweimal einen langen Brief verfasst.;jabo/bert-base-german-cased-xnli-de;entailment;1;0.058929312974214554;0.0750604048371315;0.866010308265686
5_ai_bii2_cannot_say_pos;Vor drei Wochen hat Linda Greta einen langen Brief geschrieben.;Vor einer Woche hat Linda wieder einen langen Brief verfasst, weil sie auf eine Anzeige geantwortet hat.;Es lässt sich nicht sagen, wie oft Linda einen langen Brief verfasst hat.;unknown;5;ai;bii;2;positive;cannot say;False;;;Vor drei Wochen hat Linda Greta einen langen Brief geschrieben. Vor einer Woche hat Linda wieder einen langen Brief verfasst, weil sie auf eine Anzeige geantwortet hat.;Es lässt sich nicht sagen, wie oft Linda einen langen Brief verfasst hat.;jabo/bert-base-german-cased-xnli-de;contradiction;0;0.7839080095291138;0.17007040977478027;0.046021636575460434
5_aii_bi1_once_neu;Vor drei Wochen hat Greta Linda einen langen Brief geschrieben.;Vor einer Woche hat Greta wieder einen langen Brief empfangen, weil sie auf eine Anzeige geantwortet hat.;Greta hat einmal einen langen Brief empfangen.;entailment;5;aii;bi;1;neutral;once;False;;;Vor drei Wochen hat Greta Linda einen langen Brief geschrieben. Vor einer Woche hat Greta wieder einen langen Brief empfangen, weil sie auf eine Anzeige geantwortet hat.;Greta hat einmal einen langen Brief empfangen.;jabo/bert-base-german-cased-xnli-de;entailment;1;0.020802786573767662;0.04524015635251999;0.933957040309906
5_aii_bi1_twice_neu;Vor drei Wochen hat Greta Linda einen langen Brief geschrieben.;Vor einer Woche hat Greta wieder einen langen Brief empfangen, weil sie auf eine Anzeige geantwortet hat.;Greta hat mindestens zweimal einen langen Brief empfangen.;unknown;5;aii;bi;1;neutral;twice;False;;;Vor drei Wochen hat Greta Linda einen langen Brief geschrieben. Vor einer Woche hat Greta wieder einen langen Brief empfangen, weil sie auf eine Anzeige geantwortet hat.;Greta hat mindestens zweimal einen langen Brief empfangen.;jabo/bert-base-german-cased-xnli-de;entailment;0;0.06191575899720192;0.0843372792005539;0.8537470102310181
5_aii_bi1_cannot_say_neu;Vor drei Wochen hat Greta Linda einen langen Brief geschrieben.;Vor einer Woche hat Greta wieder einen langen Brief empfangen, weil sie auf eine Anzeige geantwortet hat.;Es lässt sich nicht sagen, wie oft Greta einen langen Brief empfangen hat.;unknown;5;aii;bi;1;neutral;cannot say;False;;;Vor drei Wochen hat Greta Linda einen langen Brief geschrieben. Vor einer Woche hat Greta wieder einen langen Brief empfangen, weil sie auf eine Anzeige geantwortet hat.;Es lässt sich nicht sagen, wie oft Greta einen langen Brief empfangen hat.;jabo/bert-base-german-cased-xnli-de;contradiction;0;0.7787036299705505;0.187533900141716;0.03376249596476555
5_aii_bi2_once_pos;Vor drei Wochen hat Greta Linda einen langen Brief geschrieben.;Vor einer Woche hat Linda wieder einen langen Brief empfangen, weil sie auf eine Anzeige geantwortet hat.;Linda hat einmal einen langen Brief empfangen.;unknown;5;aii;bi;2;positive;once;False;;;Vor drei Wochen hat Greta Linda einen langen Brief geschrieben. Vor einer Woche hat Linda wieder einen langen Brief empfangen, weil sie auf eine Anzeige geantwortet hat.;Linda hat einmal einen langen Brief empfangen.;jabo/bert-base-german-cased-xnli-de;entailment;0;0.021306494250893593;0.04636271670460701;0.9323307871818542
5_aii_bi2_twice_pos;Vor drei Wochen hat Greta Linda einen langen Brief geschrieben.;Vor einer Woche hat Linda wieder einen langen Brief empfangen, weil sie auf eine Anzeige geantwortet hat.;Linda hat mindestens zweimal einen langen Brief empfangen.;entailment;5;aii;bi;2;positive;twice;False;;;Vor drei Wochen hat Greta Linda einen langen Brief geschrieben. Vor einer Woche hat Linda wieder einen langen Brief empfangen, weil sie auf eine Anzeige geantwortet hat.;Linda hat mindestens zweimal einen langen Brief empfangen.;jabo/bert-base-german-cased-xnli-de;entailment;1;0.04968699812889099;0.07579971104860306;0.8745133280754089
5_aii_bi2_cannot_say_pos;Vor drei Wochen hat Greta Linda einen langen Brief geschrieben.;Vor einer Woche hat Linda wieder einen langen Brief empfangen, weil sie auf eine Anzeige geantwortet hat.;Es lässt sich nicht sagen, wie oft Linda einen langen Brief empfangen hat.;unknown;5;aii;bi;2;positive;cannot say;False;;;Vor drei Wochen hat Greta Linda einen langen Brief geschrieben. Vor einer Woche hat Linda wieder einen langen Brief empfangen, weil sie auf eine Anzeige geantwortet hat.;Es lässt sich nicht sagen, wie oft Linda einen langen Brief empfangen hat.;jabo/bert-base-german-cased-xnli-de;contradiction;0;0.8246440291404724;0.14661912620067596;0.02873685210943222
5_aii_bii1_once_pos;Vor drei Wochen hat Greta Linda einen langen Brief geschrieben.;Vor einer Woche hat Greta wieder einen langen Brief verfasst, weil sie auf eine Anzeige geantwortet hat.;Greta hat einmal einen langen Brief verfasst.;unknown;5;aii;bii;1;positive;once;False;;;Vor drei Wochen hat Greta Linda einen langen Brief geschrieben. Vor einer Woche hat Greta wieder einen langen Brief verfasst, weil sie auf eine Anzeige geantwortet hat.;Greta hat einmal einen langen Brief verfasst.;jabo/bert-base-german-cased-xnli-de;entailment;0;0.020788729190826416;0.04390349239110947;0.9353078007698059
5_aii_bii1_twice_pos;Vor drei Wochen hat Greta Linda einen langen Brief geschrieben.;Vor einer Woche hat Greta wieder einen langen Brief verfasst, weil sie auf eine Anzeige geantwortet hat.;Greta hat mindestens zweimal einen langen Brief verfasst.;entailment;5;aii;bii;1;positive;twice;False;;;Vor drei Wochen hat Greta Linda einen langen Brief geschrieben. Vor einer Woche hat Greta wieder einen langen Brief verfasst, weil sie auf eine Anzeige geantwortet hat.;Greta hat mindestens zweimal einen langen Brief verfasst.;jabo/bert-base-german-cased-xnli-de;entailment;1;0.05930807814002037;0.07964575290679932;0.8610461950302124
5_aii_bii1_cannot_say_pos;Vor drei Wochen hat Greta Linda einen langen Brief geschrieben.;Vor einer Woche hat Greta wieder einen langen Brief verfasst, weil sie auf eine Anzeige geantwortet hat.;Es lässt sich nicht sagen, wie oft Greta einen langen Brief verfasst hat.;unknown;5;aii;bii;1;positive;cannot say;False;;;Vor drei Wochen hat Greta Linda einen langen Brief geschrieben. Vor einer Woche hat Greta wieder einen langen Brief verfasst, weil sie auf eine Anzeige geantwortet hat.;Es lässt sich nicht sagen, wie oft Greta einen langen Brief verfasst hat.;jabo/bert-base-german-cased-xnli-de;contradiction;0;0.7689041495323181;0.1909743845462799;0.0401214137673378
5_aii_bii2_once_neu;Vor drei Wochen hat Greta Linda einen langen Brief geschrieben.;Vor einer Woche hat Linda wieder einen langen Brief verfasst, weil sie auf eine Anzeige geantwortet hat.;Linda hat einmal einen langen Brief verfasst.;entailment;5;aii;bii;2;neutral;once;False;;;Vor drei Wochen hat Greta Linda einen langen Brief geschrieben. Vor einer Woche hat Linda wieder einen langen Brief verfasst, weil sie auf eine Anzeige geantwortet hat.;Linda hat einmal einen langen Brief verfasst.;jabo/bert-base-german-cased-xnli-de;entailment;1;0.021476123481988907;0.04570674151182175;0.9328171014785767
5_aii_bii2_twice_neu;Vor drei Wochen hat Greta Linda einen langen Brief geschrieben.;Vor einer Woche hat Linda wieder einen langen Brief verfasst, weil sie auf eine Anzeige geantwortet hat.;Linda hat mindestens zweimal einen langen Brief verfasst.;unknown;5;aii;bii;2;neutral;twice;False;;;Vor drei Wochen hat Greta Linda einen langen Brief geschrieben. Vor einer Woche hat Linda wieder einen langen Brief verfasst, weil sie auf eine Anzeige geantwortet hat.;Linda hat mindestens zweimal einen langen Brief verfasst.;jabo/bert-base-german-cased-xnli-de;entailment;0;0.05205961689352989;0.07382352650165558;0.8741168975830078
5_aii_bii2_cannot_say_neu;Vor drei Wochen hat Greta Linda einen langen Brief geschrieben.;Vor einer Woche hat Linda wieder einen langen Brief verfasst, weil sie auf eine Anzeige geantwortet hat.;Es lässt sich nicht sagen, wie oft Linda einen langen Brief verfasst hat.;unknown;5;aii;bii;2;neutral;cannot say;False;;;Vor drei Wochen hat Greta Linda einen langen Brief geschrieben. Vor einer Woche hat Linda wieder einen langen Brief verfasst, weil sie auf eine Anzeige geantwortet hat.;Es lässt sich nicht sagen, wie oft Linda einen langen Brief verfasst hat.;jabo/bert-base-german-cased-xnli-de;contradiction;0;0.7955771088600159;0.1636330485343933;0.04078983888030052
6_ai_bi1_once_pos;Vor zwei Monaten hat Judith für Tina einen leckeren Kuchen gebacken.;Vor zwei Wochen hat Tina wieder einen leckeren Kuchen erhalten, weil sie zu einer Party eingeladen hatte.;Tina hat einmal einen leckeren Kuchen erhalten.;unknown;6;ai;bi;1;positive;once;False;;;Vor zwei Monaten hat Judith für Tina einen leckeren Kuchen gebacken. Vor zwei Wochen hat Tina wieder einen leckeren Kuchen erhalten, weil sie zu einer Party eingeladen hatte.;Tina hat einmal einen leckeren Kuchen erhalten.;jabo/bert-base-german-cased-xnli-de;entailment;0;0.021038811653852463;0.04382665827870369;0.9351345896720886
6_ai_bi1_twice_pos;Vor zwei Monaten hat Judith für Tina einen leckeren Kuchen gebacken.;Vor zwei Wochen hat Tina wieder einen leckeren Kuchen erhalten, weil sie zu einer Party eingeladen hatte.;Tina hat mindestens zweimal einen leckeren Kuchen erhalten.;entailment;6;ai;bi;1;positive;twice;False;;;Vor zwei Monaten hat Judith für Tina einen leckeren Kuchen gebacken. Vor zwei Wochen hat Tina wieder einen leckeren Kuchen erhalten, weil sie zu einer Party eingeladen hatte.;Tina hat mindestens zweimal einen leckeren Kuchen erhalten.;jabo/bert-base-german-cased-xnli-de;entailment;1;0.03565724566578865;0.12836970388889313;0.8359730243682861
6_ai_bi1_cannot_say_pos;Vor zwei Monaten hat Judith für Tina einen leckeren Kuchen gebacken.;Vor zwei Wochen hat Tina wieder einen leckeren Kuchen erhalten, weil sie zu einer Party eingeladen hatte.;Es lässt sich nicht sagen, wie oft Tina einen leckeren Kuchen erhalten hat.;unknown;6;ai;bi;1;positive;cannot say;False;;;Vor zwei Monaten hat Judith für Tina einen leckeren Kuchen gebacken. Vor zwei Wochen hat Tina wieder einen leckeren Kuchen erhalten, weil sie zu einer Party eingeladen hatte.;Es lässt sich nicht sagen, wie oft Tina einen leckeren Kuchen erhalten hat.;jabo/bert-base-german-cased-xnli-de;contradiction;0;0.8684297800064087;0.11556996405124664;0.016000226140022278
6_ai_bi2_once_neu;Vor zwei Monaten hat Judith für Tina einen leckeren Kuchen gebacken.;Vor zwei Wochen hat Judith wieder einen leckeren Kuchen erhalten, weil sie zu einer Party eingeladen hatte.;Judith hat einmal einen leckeren Kuchen erhalten.;entailment;6;ai;bi;2;neutral;once;False;;;Vor zwei Monaten hat Judith für Tina einen leckeren Kuchen gebacken. Vor zwei Wochen hat Judith wieder einen leckeren Kuchen erhalten, weil sie zu einer Party eingeladen hatte.;Judith hat einmal einen leckeren Kuchen erhalten.;jabo/bert-base-german-cased-xnli-de;entailment;1;0.020888013765215874;0.04449477791786194;0.9346171617507935
6_ai_bi2_twice_neu;Vor zwei Monaten hat Judith für Tina einen leckeren Kuchen gebacken.;Vor zwei Wochen hat Judith wieder einen leckeren Kuchen erhalten, weil sie zu einer Party eingeladen hatte.;Judith hat mindestens zweimal einen leckeren Kuchen erhalten.;unknown;6;ai;bi;2;neutral;twice;False;;;Vor zwei Monaten hat Judith für Tina einen leckeren Kuchen gebacken. Vor zwei Wochen hat Judith wieder einen leckeren Kuchen erhalten, weil sie zu einer Party eingeladen hatte.;Judith hat mindestens zweimal einen leckeren Kuchen erhalten.;jabo/bert-base-german-cased-xnli-de;entailment;0;0.03468778729438782;0.1354631632566452;0.8298490643501282
6_ai_bi2_cannot_say_neu;Vor zwei Monaten hat Judith für Tina einen leckeren Kuchen gebacken.;Vor zwei Wochen hat Judith wieder einen leckeren Kuchen erhalten, weil sie zu einer Party eingeladen hatte.;Es lässt sich nicht sagen, wie oft Judith einen leckeren Kuchen erhalten hat.;unknown;6;ai;bi;2;neutral;cannot say;False;;;Vor zwei Monaten hat Judith für Tina einen leckeren Kuchen gebacken. Vor zwei Wochen hat Judith wieder einen leckeren Kuchen erhalten, weil sie zu einer Party eingeladen hatte.;Es lässt sich nicht sagen, wie oft Judith einen leckeren Kuchen erhalten hat.;jabo/bert-base-german-cased-xnli-de;contradiction;0;0.8695687651634216;0.11533541977405548;0.01509575080126524
6_ai_bii1_once_neu;Vor zwei Monaten hat Judith für Tina einen leckeren Kuchen gebacken.;Vor zwei Wochen hat Tina wieder einen leckeren Kuchen gemacht, weil sie zu einer Party eingeladen hatte.;Tina hat einmal einen leckeren Kuchen gemacht.;entailment;6;ai;bii;1;neutral;once;False;;;Vor zwei Monaten hat Judith für Tina einen leckeren Kuchen gebacken. Vor zwei Wochen hat Tina wieder einen leckeren Kuchen gemacht, weil sie zu einer Party eingeladen hatte.;Tina hat einmal einen leckeren Kuchen gemacht.;jabo/bert-base-german-cased-xnli-de;entailment;1;0.02069619856774807;0.04456859454512596;0.9347351789474487
6_ai_bii1_twice_neu;Vor zwei Monaten hat Judith für Tina einen leckeren Kuchen gebacken.;Vor zwei Wochen hat Tina wieder einen leckeren Kuchen gemacht, weil sie zu einer Party eingeladen hatte.;Tina hat mindestens zweimal einen leckeren Kuchen gemacht.;unknown;6;ai;bii;1;neutral;twice;False;;;Vor zwei Monaten hat Judith für Tina einen leckeren Kuchen gebacken. Vor zwei Wochen hat Tina wieder einen leckeren Kuchen gemacht, weil sie zu einer Party eingeladen hatte.;Tina hat mindestens zweimal einen leckeren Kuchen gemacht.;jabo/bert-base-german-cased-xnli-de;entailment;0;0.029731882736086845;0.15172499418258667;0.8185431957244873
6_ai_bii1_cannot_say_neu;Vor zwei Monaten hat Judith für Tina einen leckeren Kuchen gebacken.;Vor zwei Wochen hat Tina wieder einen leckeren Kuchen gemacht, weil sie zu einer Party eingeladen hatte.;Es lässt sich nicht sagen, wie oft Tina einen leckeren Kuchen gemacht hat.;unknown;6;ai;bii;1;neutral;cannot say;False;;;Vor zwei Monaten hat Judith für Tina einen leckeren Kuchen gebacken. Vor zwei Wochen hat Tina wieder einen leckeren Kuchen gemacht, weil sie zu einer Party eingeladen hatte.;Es lässt sich nicht sagen, wie oft Tina einen leckeren Kuchen gemacht hat.;jabo/bert-base-german-cased-xnli-de;contradiction;0;0.852148711681366;0.13130022585391998;0.016551075503230095
6_ai_bii2_once_pos;Vor zwei Monaten hat Judith für Tina einen leckeren Kuchen gebacken.;Vor zwei Wochen hat Judith wieder einen leckeren Kuchen gemacht, weil sie zu einer Party eingeladen hatte.;Judith hat einmal einen leckeren Kuchen gemacht.;unknown;6;ai;bii;2;positive;once;False;;;Vor zwei Monaten hat Judith für Tina einen leckeren Kuchen gebacken. Vor zwei Wochen hat Judith wieder einen leckeren Kuchen gemacht, weil sie zu einer Party eingeladen hatte.;Judith hat einmal einen leckeren Kuchen gemacht.;jabo/bert-base-german-cased-xnli-de;entailment;0;0.02060370147228241;0.045245762914419174;0.9341505169868469
6_ai_bii2_twice_pos;Vor zwei Monaten hat Judith für Tina einen leckeren Kuchen gebacken.;Vor zwei Wochen hat Judith wieder einen leckeren Kuchen gemacht, weil sie zu einer Party eingeladen hatte.;Judith hat mindestens zweimal einen leckeren Kuchen gemacht.;entailment;6;ai;bii;2;positive;twice;False;;;Vor zwei Monaten hat Judith für Tina einen leckeren Kuchen gebacken. Vor zwei Wochen hat Judith wieder einen leckeren Kuchen gemacht, weil sie zu einer Party eingeladen hatte.;Judith hat mindestens zweimal einen leckeren Kuchen gemacht.;jabo/bert-base-german-cased-xnli-de;entailment;1;0.030740993097424507;0.15785518288612366;0.8114038109779358
6_ai_bii2_cannot_say_pos;Vor zwei Monaten hat Judith für Tina einen leckeren Kuchen gebacken.;Vor zwei Wochen hat Judith wieder einen leckeren Kuchen gemacht, weil sie zu einer Party eingeladen hatte.;Es lässt sich nicht sagen, wie oft Judith einen leckeren Kuchen gemacht hat.;unknown;6;ai;bii;2;positive;cannot say;False;;;Vor zwei Monaten hat Judith für Tina einen leckeren Kuchen gebacken. Vor zwei Wochen hat Judith wieder einen leckeren Kuchen gemacht, weil sie zu einer Party eingeladen hatte.;Es lässt sich nicht sagen, wie oft Judith einen leckeren Kuchen gemacht hat.;jabo/bert-base-german-cased-xnli-de;contradiction;0;0.850883960723877;0.13282710313796997;0.016288967803120613
6_aii_bi1_once_neu;Vor zwei Monaten hat Tina für Judith einen leckeren Kuchen gebacken.;Vor zwei Wochen hat Tina wieder einen leckeren Kuchen erhalten, weil sie zu einer Party eingeladen hatte.;Tina hat einmal einen leckeren Kuchen erhalten.;entailment;6;aii;bi;1;neutral;once;False;;;Vor zwei Monaten hat Tina für Judith einen leckeren Kuchen gebacken. Vor zwei Wochen hat Tina wieder einen leckeren Kuchen erhalten, weil sie zu einer Party eingeladen hatte.;Tina hat einmal einen leckeren Kuchen erhalten.;jabo/bert-base-german-cased-xnli-de;entailment;1;0.021222999319434166;0.04381232708692551;0.9349647164344788
6_aii_bi1_twice_neu;Vor zwei Monaten hat Tina für Judith einen leckeren Kuchen gebacken.;Vor zwei Wochen hat Tina wieder einen leckeren Kuchen erhalten, weil sie zu einer Party eingeladen hatte.;Tina hat mindestens zweimal einen leckeren Kuchen erhalten.;unknown;6;aii;bi;1;neutral;twice;False;;;Vor zwei Monaten hat Tina für Judith einen leckeren Kuchen gebacken. Vor zwei Wochen hat Tina wieder einen leckeren Kuchen erhalten, weil sie zu einer Party eingeladen hatte.;Tina hat mindestens zweimal einen leckeren Kuchen erhalten.;jabo/bert-base-german-cased-xnli-de;entailment;0;0.03614012524485588;0.1286838799715042;0.8351759910583496
6_aii_bi1_cannot_say_neu;Vor zwei Monaten hat Tina für Judith einen leckeren Kuchen gebacken.;Vor zwei Wochen hat Tina wieder einen leckeren Kuchen erhalten, weil sie zu einer Party eingeladen hatte.;Es lässt sich nicht sagen, wie oft Tina einen leckeren Kuchen erhalten hat.;unknown;6;aii;bi;1;neutral;cannot say;False;;;Vor zwei Monaten hat Tina für Judith einen leckeren Kuchen gebacken. Vor zwei Wochen hat Tina wieder einen leckeren Kuchen erhalten, weil sie zu einer Party eingeladen hatte.;Es lässt sich nicht sagen, wie oft Tina einen leckeren Kuchen erhalten hat.;jabo/bert-base-german-cased-xnli-de;contradiction;0;0.8682103753089905;0.1154034361243248;0.016386114060878754
6_aii_bi2_once_pos;Vor zwei Monaten hat Tina für Judith einen leckeren Kuchen gebacken.;Vor zwei Wochen hat Judith wieder einen leckeren Kuchen erhalten, weil sie zu einer Party eingeladen hatte.;Judith hat einmal einen leckeren Kuchen erhalten.;unknown;6;aii;bi;2;positive;once;False;;;Vor zwei Monaten hat Tina für Judith einen leckeren Kuchen gebacken. Vor zwei Wochen hat Judith wieder einen leckeren Kuchen erhalten, weil sie zu einer Party eingeladen hatte.;Judith hat einmal einen leckeren Kuchen erhalten.;jabo/bert-base-german-cased-xnli-de;entailment;0;0.020841853693127632;0.04449380561709404;0.9346643686294556
6_aii_bi2_twice_pos;Vor zwei Monaten hat Tina für Judith einen leckeren Kuchen gebacken.;Vor zwei Wochen hat Judith wieder einen leckeren Kuchen erhalten, weil sie zu einer Party eingeladen hatte.;Judith hat mindestens zweimal einen leckeren Kuchen erhalten.;entailment;6;aii;bi;2;positive;twice;False;;;Vor zwei Monaten hat Tina für Judith einen leckeren Kuchen gebacken. Vor zwei Wochen hat Judith wieder einen leckeren Kuchen erhalten, weil sie zu einer Party eingeladen hatte.;Judith hat mindestens zweimal einen leckeren Kuchen erhalten.;jabo/bert-base-german-cased-xnli-de;entailment;1;0.034331951290369034;0.14106164872646332;0.8246064186096191
6_aii_bi2_cannot_say_pos;Vor zwei Monaten hat Tina für Judith einen leckeren Kuchen gebacken.;Vor zwei Wochen hat Judith wieder einen leckeren Kuchen erhalten, weil sie zu einer Party eingeladen hatte.;Es lässt sich nicht sagen, wie oft Judith einen leckeren Kuchen erhalten hat.;unknown;6;aii;bi;2;positive;cannot say;False;;;Vor zwei Monaten hat Tina für Judith einen leckeren Kuchen gebacken. Vor zwei Wochen hat Judith wieder einen leckeren Kuchen erhalten, weil sie zu einer Party eingeladen hatte.;Es lässt sich nicht sagen, wie oft Judith einen leckeren Kuchen erhalten hat.;jabo/bert-base-german-cased-xnli-de;contradiction;0;0.8698716163635254;0.1151110827922821;0.015017272904515266
6_aii_bii1_once_pos;Vor zwei Monaten hat Tina für Judith einen leckeren Kuchen gebacken.;Vor zwei Wochen hat Tina wieder einen leckeren Kuchen gemacht, weil sie zu einer Party eingeladen hatte.;Tina hat einmal einen leckeren Kuchen gemacht.;unknown;6;aii;bii;1;positive;once;False;;;Vor zwei Monaten hat Tina für Judith einen leckeren Kuchen gebacken. Vor zwei Wochen hat Tina wieder einen leckeren Kuchen gemacht, weil sie zu einer Party eingeladen hatte.;Tina hat einmal einen leckeren Kuchen gemacht.;jabo/bert-base-german-cased-xnli-de;entailment;0;0.020899785682559013;0.04438498616218567;0.934715211391449
6_aii_bii1_twice_pos;Vor zwei Monaten hat Tina für Judith einen leckeren Kuchen gebacken.;Vor zwei Wochen hat Tina wieder einen leckeren Kuchen gemacht, weil sie zu einer Party eingeladen hatte.;Tina hat mindestens zweimal einen leckeren Kuchen gemacht.;entailment;6;aii;bii;1;positive;twice;False;;;Vor zwei Monaten hat Tina für Judith einen leckeren Kuchen gebacken. Vor zwei Wochen hat Tina wieder einen leckeren Kuchen gemacht, weil sie zu einer Party eingeladen hatte.;Tina hat mindestens zweimal einen leckeren Kuchen gemacht.;jabo/bert-base-german-cased-xnli-de;entailment;1;0.029897047206759453;0.15058575570583344;0.8195172548294067
6_aii_bii1_cannot_say_pos;Vor zwei Monaten hat Tina für Judith einen leckeren Kuchen gebacken.;Vor zwei Wochen hat Tina wieder einen leckeren Kuchen gemacht, weil sie zu einer Party eingeladen hatte.;Es lässt sich nicht sagen, wie oft Tina einen leckeren Kuchen gemacht hat.;unknown;6;aii;bii;1;positive;cannot say;False;;;Vor zwei Monaten hat Tina für Judith einen leckeren Kuchen gebacken. Vor zwei Wochen hat Tina wieder einen leckeren Kuchen gemacht, weil sie zu einer Party eingeladen hatte.;Es lässt sich nicht sagen, wie oft Tina einen leckeren Kuchen gemacht hat.;jabo/bert-base-german-cased-xnli-de;contradiction;0;0.852898120880127;0.1301259845495224;0.016975868493318558
6_aii_bii2_once_neu;Vor zwei Monaten hat Tina für Judith einen leckeren Kuchen gebacken.;Vor zwei Wochen hat Judith wieder einen leckeren Kuchen gemacht, weil sie zu einer Party eingeladen hatte.;Judith hat einmal einen leckeren Kuchen gemacht.;entailment;6;aii;bii;2;neutral;once;False;;;Vor zwei Monaten hat Tina für Judith einen leckeren Kuchen gebacken. Vor zwei Wochen hat Judith wieder einen leckeren Kuchen gemacht, weil sie zu einer Party eingeladen hatte.;Judith hat einmal einen leckeren Kuchen gemacht.;jabo/bert-base-german-cased-xnli-de;entailment;1;0.02047528512775898;0.04533205181360245;0.9341926574707031
6_aii_bii2_twice_neu;Vor zwei Monaten hat Tina für Judith einen leckeren Kuchen gebacken.;Vor zwei Wochen hat Judith wieder einen leckeren Kuchen gemacht, weil sie zu einer Party eingeladen hatte.;Judith hat mindestens zweimal einen leckeren Kuchen gemacht.;unknown;6;aii;bii;2;neutral;twice;False;;;Vor zwei Monaten hat Tina für Judith einen leckeren Kuchen gebacken. Vor zwei Wochen hat Judith wieder einen leckeren Kuchen gemacht, weil sie zu einer Party eingeladen hatte.;Judith hat mindestens zweimal einen leckeren Kuchen gemacht.;jabo/bert-base-german-cased-xnli-de;entailment;0;0.03057004138827324;0.1618930846452713;0.8075368404388428
6_aii_bii2_cannot_say_neu;Vor zwei Monaten hat Tina für Judith einen leckeren Kuchen gebacken.;Vor zwei Wochen hat Judith wieder einen leckeren Kuchen gemacht, weil sie zu einer Party eingeladen hatte.;Es lässt sich nicht sagen, wie oft Judith einen leckeren Kuchen gemacht hat.;unknown;6;aii;bii;2;neutral;cannot say;False;;;Vor zwei Monaten hat Tina für Judith einen leckeren Kuchen gebacken. Vor zwei Wochen hat Judith wieder einen leckeren Kuchen gemacht, weil sie zu einer Party eingeladen hatte.;Es lässt sich nicht sagen, wie oft Judith einen leckeren Kuchen gemacht hat.;jabo/bert-base-german-cased-xnli-de;contradiction;0;0.8515969514846802;0.13209696114063263;0.016306070610880852
7_ai_bi1_once_pos;Vor einer Woche hat Judith für Sabine eine fetzige CD zusammengestellt.;Vor drei Tagen hat Sabine wieder eine fetzige CD bekommen, weil sie bei einer Tauschaktion mitgemacht hat.;Sabine hat einmal eine fetzige CD bekommen.;unknown;7;ai;bi;1;positive;once;False;;;Vor einer Woche hat Judith für Sabine eine fetzige CD zusammengestellt. Vor drei Tagen hat Sabine wieder eine fetzige CD bekommen, weil sie bei einer Tauschaktion mitgemacht hat.;Sabine hat einmal eine fetzige CD bekommen.;jabo/bert-base-german-cased-xnli-de;entailment;0;0.02130659483373165;0.05032970756292343;0.9283636808395386
7_ai_bi1_twice_pos;Vor einer Woche hat Judith für Sabine eine fetzige CD zusammengestellt.;Vor drei Tagen hat Sabine wieder eine fetzige CD bekommen, weil sie bei einer Tauschaktion mitgemacht hat.;Sabine hat mindestens zweimal eine fetzige CD bekommen.;entailment;7;ai;bi;1;positive;twice;False;;;Vor einer Woche hat Judith für Sabine eine fetzige CD zusammengestellt. Vor drei Tagen hat Sabine wieder eine fetzige CD bekommen, weil sie bei einer Tauschaktion mitgemacht hat.;Sabine hat mindestens zweimal eine fetzige CD bekommen.;jabo/bert-base-german-cased-xnli-de;entailment;1;0.2982553243637085;0.2213704138994217;0.48037421703338623
7_ai_bi1_cannot_say_pos;Vor einer Woche hat Judith für Sabine eine fetzige CD zusammengestellt.;Vor drei Tagen hat Sabine wieder eine fetzige CD bekommen, weil sie bei einer Tauschaktion mitgemacht hat.;Es lässt sich nicht sagen, wie oft Sabine eine fetzige CD bekommen hat.;unknown;7;ai;bi;1;positive;cannot say;False;;;Vor einer Woche hat Judith für Sabine eine fetzige CD zusammengestellt. Vor drei Tagen hat Sabine wieder eine fetzige CD bekommen, weil sie bei einer Tauschaktion mitgemacht hat.;Es lässt sich nicht sagen, wie oft Sabine eine fetzige CD bekommen hat.;jabo/bert-base-german-cased-xnli-de;contradiction;0;0.8001759052276611;0.16946236789226532;0.030361782759428024
7_ai_bi2_once_neu;Vor einer Woche hat Judith für Sabine eine fetzige CD zusammengestellt.;Vor drei Tagen hat Judith wieder eine fetzige CD bekommen, weil sie bei einer Tauschaktion mitgemacht hat.;Judith hat einmal eine fetzige CD bekommen.;entailment;7;ai;bi;2;neutral;once;False;;;Vor einer Woche hat Judith für Sabine eine fetzige CD zusammengestellt. Vor drei Tagen hat Judith wieder eine fetzige CD bekommen, weil sie bei einer Tauschaktion mitgemacht hat.;Judith hat einmal eine fetzige CD bekommen.;jabo/bert-base-german-cased-xnli-de;entailment;1;0.021953662857413292;0.047818396240472794;0.9302279949188232
7_ai_bi2_twice_neu;Vor einer Woche hat Judith für Sabine eine fetzige CD zusammengestellt.;Vor drei Tagen hat Judith wieder eine fetzige CD bekommen, weil sie bei einer Tauschaktion mitgemacht hat.;Judith hat mindestens zweimal eine fetzige CD bekommen.;unknown;7;ai;bi;2;neutral;twice;False;;;Vor einer Woche hat Judith für Sabine eine fetzige CD zusammengestellt. Vor drei Tagen hat Judith wieder eine fetzige CD bekommen, weil sie bei einer Tauschaktion mitgemacht hat.;Judith hat mindestens zweimal eine fetzige CD bekommen.;jabo/bert-base-german-cased-xnli-de;entailment;0;0.2817173898220062;0.22651496529579163;0.49176764488220215
7_ai_bi2_cannot_say_neu;Vor einer Woche hat Judith für Sabine eine fetzige CD zusammengestellt.;Vor drei Tagen hat Judith wieder eine fetzige CD bekommen, weil sie bei einer Tauschaktion mitgemacht hat.;Es lässt sich nicht sagen, wie oft Judith eine fetzige CD bekommen hat.;unknown;7;ai;bi;2;neutral;cannot say;False;;;Vor einer Woche hat Judith für Sabine eine fetzige CD zusammengestellt. Vor drei Tagen hat Judith wieder eine fetzige CD bekommen, weil sie bei einer Tauschaktion mitgemacht hat.;Es lässt sich nicht sagen, wie oft Judith eine fetzige CD bekommen hat.;jabo/bert-base-german-cased-xnli-de;contradiction;0;0.8271656036376953;0.147360160946846;0.02547422982752323
7_ai_bii1_once_neu;Vor einer Woche hat Judith für Sabine eine fetzige CD zusammengestellt.;Vor drei Tagen hat Sabine wieder eine fetzige CD gebrannt, weil sie bei einer Tauschaktion mitgemacht hat.;Sabine hat einmal eine fetzige CD gebrannt.;entailment;7;ai;bii;1;neutral;once;False;;;Vor einer Woche hat Judith für Sabine eine fetzige CD zusammengestellt. Vor drei Tagen hat Sabine wieder eine fetzige CD gebrannt, weil sie bei einer Tauschaktion mitgemacht hat.;Sabine hat einmal eine fetzige CD gebrannt.;jabo/bert-base-german-cased-xnli-de;entailment;1;0.02228621207177639;0.05345827341079712;0.9242555499076843
7_ai_bii1_twice_neu;Vor einer Woche hat Judith für Sabine eine fetzige CD zusammengestellt.;Vor drei Tagen hat Sabine wieder eine fetzige CD gebrannt, weil sie bei einer Tauschaktion mitgemacht hat.;Sabine hat mindestens zweimal eine fetzige CD gebrannt.;unknown;7;ai;bii;1;neutral;twice;False;;;Vor einer Woche hat Judith für Sabine eine fetzige CD zusammengestellt. Vor drei Tagen hat Sabine wieder eine fetzige CD gebrannt, weil sie bei einer Tauschaktion mitgemacht hat.;Sabine hat mindestens zweimal eine fetzige CD gebrannt.;jabo/bert-base-german-cased-xnli-de;entailment;0;0.28099197149276733;0.24192388355731964;0.47708410024642944
7_ai_bii1_cannot_say_neu;Vor einer Woche hat Judith für Sabine eine fetzige CD zusammengestellt.;Vor drei Tagen hat Sabine wieder eine fetzige CD gebrannt, weil sie bei einer Tauschaktion mitgemacht hat.;Es lässt sich nicht sagen, wie oft Sabine eine fetzige CD gebrannt hat.;unknown;7;ai;bii;1;neutral;cannot say;False;;;Vor einer Woche hat Judith für Sabine eine fetzige CD zusammengestellt. Vor drei Tagen hat Sabine wieder eine fetzige CD gebrannt, weil sie bei einer Tauschaktion mitgemacht hat.;Es lässt sich nicht sagen, wie oft Sabine eine fetzige CD gebrannt hat.;jabo/bert-base-german-cased-xnli-de;contradiction;0;0.8506574034690857;0.1282433718442917;0.021099288016557693
7_ai_bii2_once_pos;Vor einer Woche hat Judith für Sabine eine fetzige CD zusammengestellt.;Vor drei Tagen hat Judith wieder eine fetzige CD gebrannt, weil sie bei einer Tauschaktion mitgemacht hat.;Judith hat einmal eine fetzige CD gebrannt.;unknown;7;ai;bii;2;positive;once;False;;;Vor einer Woche hat Judith für Sabine eine fetzige CD zusammengestellt. Vor drei Tagen hat Judith wieder eine fetzige CD gebrannt, weil sie bei einer Tauschaktion mitgemacht hat.;Judith hat einmal eine fetzige CD gebrannt.;jabo/bert-base-german-cased-xnli-de;entailment;0;0.02176719717681408;0.04638216644525528;0.9318506121635437
7_ai_bii2_twice_pos;Vor einer Woche hat Judith für Sabine eine fetzige CD zusammengestellt.;Vor drei Tagen hat Judith wieder eine fetzige CD gebrannt, weil sie bei einer Tauschaktion mitgemacht hat.;Judith hat mindestens zweimal eine fetzige CD gebrannt.;entailment;7;ai;bii;2;positive;twice;False;;;Vor einer Woche hat Judith für Sabine eine fetzige CD zusammengestellt. Vor drei Tagen hat Judith wieder eine fetzige CD gebrannt, weil sie bei einer Tauschaktion mitgemacht hat.;Judith hat mindestens zweimal eine fetzige CD gebrannt.;jabo/bert-base-german-cased-xnli-de;entailment;1;0.3132246136665344;0.24994274973869324;0.43683263659477234
7_ai_bii2_cannot_say_pos;Vor einer Woche hat Judith für Sabine eine fetzige CD zusammengestellt.;Vor drei Tagen hat Judith wieder eine fetzige CD gebrannt, weil sie bei einer Tauschaktion mitgemacht hat.;Es lässt sich nicht sagen, wie oft Judith eine fetzige CD gebrannt hat.;unknown;7;ai;bii;2;positive;cannot say;False;;;Vor einer Woche hat Judith für Sabine eine fetzige CD zusammengestellt. Vor drei Tagen hat Judith wieder eine fetzige CD gebrannt, weil sie bei einer Tauschaktion mitgemacht hat.;Es lässt sich nicht sagen, wie oft Judith eine fetzige CD gebrannt hat.;jabo/bert-base-german-cased-xnli-de;contradiction;0;0.8394100069999695;0.13541950285434723;0.025170443579554558
7_aii_bi1_once_neu;Vor einer Woche hat Sabine für Judith eine fetzige CD zusammengestellt.;Vor drei Tagen hat Sabine wieder eine fetzige CD bekommen, weil sie bei einer Tauschaktion mitgemacht hat.;Sabine hat einmal eine fetzige CD bekommen.;entailment;7;aii;bi;1;neutral;once;False;;;Vor einer Woche hat Sabine für Judith eine fetzige CD zusammengestellt. Vor drei Tagen hat Sabine wieder eine fetzige CD bekommen, weil sie bei einer Tauschaktion mitgemacht hat.;Sabine hat einmal eine fetzige CD bekommen.;jabo/bert-base-german-cased-xnli-de;entailment;1;0.021212810650467873;0.05056347697973251;0.9282236695289612
7_aii_bi1_twice_neu;Vor einer Woche hat Sabine für Judith eine fetzige CD zusammengestellt.;Vor drei Tagen hat Sabine wieder eine fetzige CD bekommen, weil sie bei einer Tauschaktion mitgemacht hat.;Sabine hat mindestens zweimal eine fetzige CD bekommen.;unknown;7;aii;bi;1;neutral;twice;False;;;Vor einer Woche hat Sabine für Judith eine fetzige CD zusammengestellt. Vor drei Tagen hat Sabine wieder eine fetzige CD bekommen, weil sie bei einer Tauschaktion mitgemacht hat.;Sabine hat mindestens zweimal eine fetzige CD bekommen.;jabo/bert-base-german-cased-xnli-de;entailment;0;0.2948528528213501;0.21122333407402039;0.4939238429069519
7_aii_bi1_cannot_say_neu;Vor einer Woche hat Sabine für Judith eine fetzige CD zusammengestellt.;Vor drei Tagen hat Sabine wieder eine fetzige CD bekommen, weil sie bei einer Tauschaktion mitgemacht hat.;Es lässt sich nicht sagen, wie oft Sabine eine fetzige CD bekommen hat.;unknown;7;aii;bi;1;neutral;cannot say;False;;;Vor einer Woche hat Sabine für Judith eine fetzige CD zusammengestellt. Vor drei Tagen hat Sabine wieder eine fetzige CD bekommen, weil sie bei einer Tauschaktion mitgemacht hat.;Es lässt sich nicht sagen, wie oft Sabine eine fetzige CD bekommen hat.;jabo/bert-base-german-cased-xnli-de;contradiction;0;0.8048588633537292;0.16548845171928406;0.02965264953672886
7_aii_bi2_once_pos;Vor einer Woche hat Sabine für Judith eine fetzige CD zusammengestellt.;Vor drei Tagen hat Judith wieder eine fetzige CD bekommen, weil sie bei einer Tauschaktion mitgemacht hat.;Judith hat einmal eine fetzige CD bekommen.;unknown;7;aii;bi;2;positive;once;False;;;Vor einer Woche hat Sabine für Judith eine fetzige CD zusammengestellt. Vor drei Tagen hat Judith wieder eine fetzige CD bekommen, weil sie bei einer Tauschaktion mitgemacht hat.;Judith hat einmal eine fetzige CD bekommen.;jabo/bert-base-german-cased-xnli-de;entailment;0;0.021487710997462273;0.04797804355621338;0.9305342435836792
7_aii_bi2_twice_pos;Vor einer Woche hat Sabine für Judith eine fetzige CD zusammengestellt.;Vor drei Tagen hat Judith wieder eine fetzige CD bekommen, weil sie bei einer Tauschaktion mitgemacht hat.;Judith hat mindestens zweimal eine fetzige CD bekommen.;entailment;7;aii;bi;2;positive;twice;False;;;Vor einer Woche hat Sabine für Judith eine fetzige CD zusammengestellt. Vor drei Tagen hat Judith wieder eine fetzige CD bekommen, weil sie bei einer Tauschaktion mitgemacht hat.;Judith hat mindestens zweimal eine fetzige CD bekommen.;jabo/bert-base-german-cased-xnli-de;entailment;1;0.285262793302536;0.2318958193063736;0.4828413724899292
7_aii_bi2_cannot_say_pos;Vor einer Woche hat Sabine für Judith eine fetzige CD zusammengestellt.;Vor drei Tagen hat Judith wieder eine fetzige CD bekommen, weil sie bei einer Tauschaktion mitgemacht hat.;Es lässt sich nicht sagen, wie oft Judith eine fetzige CD bekommen hat.;unknown;7;aii;bi;2;positive;cannot say;False;;;Vor einer Woche hat Sabine für Judith eine fetzige CD zusammengestellt. Vor drei Tagen hat Judith wieder eine fetzige CD bekommen, weil sie bei einer Tauschaktion mitgemacht hat.;Es lässt sich nicht sagen, wie oft Judith eine fetzige CD bekommen hat.;jabo/bert-base-german-cased-xnli-de;contradiction;0;0.8181197643280029;0.1550467610359192;0.026833556592464447
7_aii_bii1_once_pos;Vor einer Woche hat Sabine für Judith eine fetzige CD zusammengestellt.;Vor drei Tagen hat Sabine wieder eine fetzige CD gebrannt, weil sie bei einer Tauschaktion mitgemacht hat.;Sabine hat einmal eine fetzige CD gebrannt.;unknown;7;aii;bii;1;positive;once;False;;;Vor einer Woche hat Sabine für Judith eine fetzige CD zusammengestellt. Vor drei Tagen hat Sabine wieder eine fetzige CD gebrannt, weil sie bei einer Tauschaktion mitgemacht hat.;Sabine hat einmal eine fetzige CD gebrannt.;jabo/bert-base-german-cased-xnli-de;entailment;0;0.022193290293216705;0.05365045368671417;0.9241562485694885
7_aii_bii1_twice_pos;Vor einer Woche hat Sabine für Judith eine fetzige CD zusammengestellt.;Vor drei Tagen hat Sabine wieder eine fetzige CD gebrannt, weil sie bei einer Tauschaktion mitgemacht hat.;Sabine hat mindestens zweimal eine fetzige CD gebrannt.;entailment;7;aii;bii;1;positive;twice;False;;;Vor einer Woche hat Sabine für Judith eine fetzige CD zusammengestellt. Vor drei Tagen hat Sabine wieder eine fetzige CD gebrannt, weil sie bei einer Tauschaktion mitgemacht hat.;Sabine hat mindestens zweimal eine fetzige CD gebrannt.;jabo/bert-base-german-cased-xnli-de;entailment;1;0.277890682220459;0.235824316740036;0.48628494143486023
7_aii_bii1_cannot_say_pos;Vor einer Woche hat Sabine für Judith eine fetzige CD zusammengestellt.;Vor drei Tagen hat Sabine wieder eine fetzige CD gebrannt, weil sie bei einer Tauschaktion mitgemacht hat.;Es lässt sich nicht sagen, wie oft Sabine eine fetzige CD gebrannt hat.;unknown;7;aii;bii;1;positive;cannot say;False;;;Vor einer Woche hat Sabine für Judith eine fetzige CD zusammengestellt. Vor drei Tagen hat Sabine wieder eine fetzige CD gebrannt, weil sie bei einer Tauschaktion mitgemacht hat.;Es lässt sich nicht sagen, wie oft Sabine eine fetzige CD gebrannt hat.;jabo/bert-base-german-cased-xnli-de;contradiction;0;0.8447124361991882;0.1332223266363144;0.02206530049443245
7_aii_bii2_once_neu;Vor einer Woche hat Sabine für Judith eine fetzige CD zusammengestellt.;Vor drei Tagen hat Judith wieder eine fetzige CD gebrannt, weil sie bei einer Tauschaktion mitgemacht hat.;Judith hat einmal eine fetzige CD gebrannt.;entailment;7;aii;bii;2;neutral;once;False;;;Vor einer Woche hat Sabine für Judith eine fetzige CD zusammengestellt. Vor drei Tagen hat Judith wieder eine fetzige CD gebrannt, weil sie bei einer Tauschaktion mitgemacht hat.;Judith hat einmal eine fetzige CD gebrannt.;jabo/bert-base-german-cased-xnli-de;entailment;1;0.021588793024420738;0.04649771749973297;0.9319134950637817
7_aii_bii2_twice_neu;Vor einer Woche hat Sabine für Judith eine fetzige CD zusammengestellt.;Vor drei Tagen hat Judith wieder eine fetzige CD gebrannt, weil sie bei einer Tauschaktion mitgemacht hat.;Judith hat mindestens zweimal eine fetzige CD gebrannt.;unknown;7;aii;bii;2;neutral;twice;False;;;Vor einer Woche hat Sabine für Judith eine fetzige CD zusammengestellt. Vor drei Tagen hat Judith wieder eine fetzige CD gebrannt, weil sie bei einer Tauschaktion mitgemacht hat.;Judith hat mindestens zweimal eine fetzige CD gebrannt.;jabo/bert-base-german-cased-xnli-de;entailment;0;0.31290197372436523;0.25608181953430176;0.431016206741333
7_aii_bii2_cannot_say_neu;Vor einer Woche hat Sabine für Judith eine fetzige CD zusammengestellt.;Vor drei Tagen hat Judith wieder eine fetzige CD gebrannt, weil sie bei einer Tauschaktion mitgemacht hat.;Es lässt sich nicht sagen, wie oft Judith eine fetzige CD gebrannt hat.;unknown;7;aii;bii;2;neutral;cannot say;False;;;Vor einer Woche hat Sabine für Judith eine fetzige CD zusammengestellt. Vor drei Tagen hat Judith wieder eine fetzige CD gebrannt, weil sie bei einer Tauschaktion mitgemacht hat.;Es lässt sich nicht sagen, wie oft Judith eine fetzige CD gebrannt hat.;jabo/bert-base-german-cased-xnli-de;contradiction;0;0.8350962400436401;0.13954752683639526;0.025356154888868332
8_ai_bi1_once_pos;Letzten Monat hat Judith bei Linda eine neue Blume im Garten eingepflanzt.;Vor einer Woche hat Linda wieder eine neue Blume bekommen, weil sie von einer Rosensorte begeistert ist.;Linda hat einmal eine neue Blume bekommen.;unknown;8;ai;bi;1;positive;once;False;;;Letzten Monat hat Judith bei Linda eine neue Blume im Garten eingepflanzt. Vor einer Woche hat Linda wieder eine neue Blume bekommen, weil sie von einer Rosensorte begeistert ist.;Linda hat einmal eine neue Blume bekommen.;jabo/bert-base-german-cased-xnli-de;entailment;0;0.02459186688065529;0.048591259866952896;0.9268168210983276
8_ai_bi1_twice_pos;Letzten Monat hat Judith bei Linda eine neue Blume im Garten eingepflanzt.;Vor einer Woche hat Linda wieder eine neue Blume bekommen, weil sie von einer Rosensorte begeistert ist.;Linda hat mindestens zweimal eine neue Blume bekommen.;entailment;8;ai;bi;1;positive;twice;False;;;Letzten Monat hat Judith bei Linda eine neue Blume im Garten eingepflanzt. Vor einer Woche hat Linda wieder eine neue Blume bekommen, weil sie von einer Rosensorte begeistert ist.;Linda hat mindestens zweimal eine neue Blume bekommen.;jabo/bert-base-german-cased-xnli-de;entailment;1;0.11734352260828018;0.151255801320076;0.731400728225708
8_ai_bi1_cannot_say_pos;Letzten Monat hat Judith bei Linda eine neue Blume im Garten eingepflanzt.;Vor einer Woche hat Linda wieder eine neue Blume bekommen, weil sie von einer Rosensorte begeistert ist.;Es lässt sich nicht sagen, wie oft Linda eine neue Blume bekommen hat.;unknown;8;ai;bi;1;positive;cannot say;False;;;Letzten Monat hat Judith bei Linda eine neue Blume im Garten eingepflanzt. Vor einer Woche hat Linda wieder eine neue Blume bekommen, weil sie von einer Rosensorte begeistert ist.;Es lässt sich nicht sagen, wie oft Linda eine neue Blume bekommen hat.;jabo/bert-base-german-cased-xnli-de;contradiction;0;0.8434303998947144;0.13782568275928497;0.018743861466646194
8_ai_bi2_once_neu;Letzten Monat hat Judith bei Linda eine neue Blume im Garten eingepflanzt.;Vor einer Woche hat Judith wieder eine neue Blume bekommen, weil sie von einer Rosensorte begeistert ist.;Judith hat einmal eine neue Blume bekommen.;entailment;8;ai;bi;2;neutral;once;False;;;Letzten Monat hat Judith bei Linda eine neue Blume im Garten eingepflanzt. Vor einer Woche hat Judith wieder eine neue Blume bekommen, weil sie von einer Rosensorte begeistert ist.;Judith hat einmal eine neue Blume bekommen.;jabo/bert-base-german-cased-xnli-de;entailment;1;0.02491089329123497;0.05037527531385422;0.9247138500213623
8_ai_bi2_twice_neu;Letzten Monat hat Judith bei Linda eine neue Blume im Garten eingepflanzt.;Vor einer Woche hat Judith wieder eine neue Blume bekommen, weil sie von einer Rosensorte begeistert ist.;Judith hat mindestens zweimal eine neue Blume bekommen.;unknown;8;ai;bi;2;neutral;twice;False;;;Letzten Monat hat Judith bei Linda eine neue Blume im Garten eingepflanzt. Vor einer Woche hat Judith wieder eine neue Blume bekommen, weil sie von einer Rosensorte begeistert ist.;Judith hat mindestens zweimal eine neue Blume bekommen.;jabo/bert-base-german-cased-xnli-de;entailment;0;0.11786486208438873;0.13941091299057007;0.7427242398262024
8_ai_bi2_cannot_say_neu;Letzten Monat hat Judith bei Linda eine neue Blume im Garten eingepflanzt.;Vor einer Woche hat Judith wieder eine neue Blume bekommen, weil sie von einer Rosensorte begeistert ist.;Es lässt sich nicht sagen, wie oft Judith eine neue Blume bekommen hat.;unknown;8;ai;bi;2;neutral;cannot say;False;;;Letzten Monat hat Judith bei Linda eine neue Blume im Garten eingepflanzt. Vor einer Woche hat Judith wieder eine neue Blume bekommen, weil sie von einer Rosensorte begeistert ist.;Es lässt sich nicht sagen, wie oft Judith eine neue Blume bekommen hat.;jabo/bert-base-german-cased-xnli-de;contradiction;0;0.8480830192565918;0.1330815553665161;0.01883544586598873
8_ai_bii1_once_neu;Letzten Monat hat Judith bei Linda eine neue Blume im Garten eingepflanzt.;Vor einer Woche hat Linda wieder eine neue Blume eingegraben, weil sie von einer Rosensorte begeistert ist.;Linda hat einmal eine neue Blume eingegraben.;entailment;8;ai;bii;1;neutral;once;False;;;Letzten Monat hat Judith bei Linda eine neue Blume im Garten eingepflanzt. Vor einer Woche hat Linda wieder eine neue Blume eingegraben, weil sie von einer Rosensorte begeistert ist.;Linda hat einmal eine neue Blume eingegraben.;jabo/bert-base-german-cased-xnli-de;entailment;1;0.023137491196393967;0.04933270812034607;0.9275297522544861
8_ai_bii1_twice_neu;Letzten Monat hat Judith bei Linda eine neue Blume im Garten eingepflanzt.;Vor einer Woche hat Linda wieder eine neue Blume eingegraben, weil sie von einer Rosensorte begeistert ist.;Linda hat mindestens zweimal eine neue Blume eingegraben.;unknown;8;ai;bii;1;neutral;twice;False;;;Letzten Monat hat Judith bei Linda eine neue Blume im Garten eingepflanzt. Vor einer Woche hat Linda wieder eine neue Blume eingegraben, weil sie von einer Rosensorte begeistert ist.;Linda hat mindestens zweimal eine neue Blume eingegraben.;jabo/bert-base-german-cased-xnli-de;entailment;0;0.0979887917637825;0.11063612997531891;0.7913750410079956
8_ai_bii1_cannot_say_neu;Letzten Monat hat Judith bei Linda eine neue Blume im Garten eingepflanzt.;Vor einer Woche hat Linda wieder eine neue Blume eingegraben, weil sie von einer Rosensorte begeistert ist.;Es lässt sich nicht sagen, wie oft Linda eine neue Blume eingegraben hat.;unknown;8;ai;bii;1;neutral;cannot say;False;;;Letzten Monat hat Judith bei Linda eine neue Blume im Garten eingepflanzt. Vor einer Woche hat Linda wieder eine neue Blume eingegraben, weil sie von einer Rosensorte begeistert ist.;Es lässt sich nicht sagen, wie oft Linda eine neue Blume eingegraben hat.;jabo/bert-base-german-cased-xnli-de;contradiction;0;0.8938837051391602;0.09324460476636887;0.012871673330664635
8_ai_bii2_once_pos;Letzten Monat hat Judith bei Linda eine neue Blume im Garten eingepflanzt.;Vor einer Woche hat Judith wieder eine neue Blume eingegraben, weil sie von einer Rosensorte begeistert ist.;Judith hat einmal eine neue Blume eingegraben.;unknown;8;ai;bii;2;positive;once;False;;;Letzten Monat hat Judith bei Linda eine neue Blume im Garten eingepflanzt. Vor einer Woche hat Judith wieder eine neue Blume eingegraben, weil sie von einer Rosensorte begeistert ist.;Judith hat einmal eine neue Blume eingegraben.;jabo/bert-base-german-cased-xnli-de;entailment;0;0.023699764162302017;0.0507681742310524;0.9255320429801941
8_ai_bii2_twice_pos;Letzten Monat hat Judith bei Linda eine neue Blume im Garten eingepflanzt.;Vor einer Woche hat Judith wieder eine neue Blume eingegraben, weil sie von einer Rosensorte begeistert ist.;Judith hat mindestens zweimal eine neue Blume eingegraben.;entailment;8;ai;bii;2;positive;twice;False;;;Letzten Monat hat Judith bei Linda eine neue Blume im Garten eingepflanzt. Vor einer Woche hat Judith wieder eine neue Blume eingegraben, weil sie von einer Rosensorte begeistert ist.;Judith hat mindestens zweimal eine neue Blume eingegraben.;jabo/bert-base-german-cased-xnli-de;entailment;1;0.09955141693353653;0.1095009446144104;0.7909476161003113
8_ai_bii2_cannot_say_pos;Letzten Monat hat Judith bei Linda eine neue Blume im Garten eingepflanzt.;Vor einer Woche hat Judith wieder eine neue Blume eingegraben, weil sie von einer Rosensorte begeistert ist.;Es lässt sich nicht sagen, wie oft Judith eine neue Blume eingegraben hat.;unknown;8;ai;bii;2;positive;cannot say;False;;;Letzten Monat hat Judith bei Linda eine neue Blume im Garten eingepflanzt. Vor einer Woche hat Judith wieder eine neue Blume eingegraben, weil sie von einer Rosensorte begeistert ist.;Es lässt sich nicht sagen, wie oft Judith eine neue Blume eingegraben hat.;jabo/bert-base-german-cased-xnli-de;contradiction;0;0.8873786926269531;0.09900642186403275;0.013614916242659092
8_aii_bi1_once_neu;Letzten Monat hat Linda bei Judith eine neue Blume im Garten eingepflanzt.;Vor einer Woche hat Linda wieder eine neue Blume bekommen, weil sie von einer Rosensorte begeistert ist.;Linda hat einmal eine neue Blume bekommen.;entailment;8;aii;bi;1;neutral;once;False;;;Letzten Monat hat Linda bei Judith eine neue Blume im Garten eingepflanzt. Vor einer Woche hat Linda wieder eine neue Blume bekommen, weil sie von einer Rosensorte begeistert ist.;Linda hat einmal eine neue Blume bekommen.;jabo/bert-base-german-cased-xnli-de;entailment;1;0.024205738678574562;0.04751367121934891;0.9282805919647217
8_aii_bi1_twice_neu;Letzten Monat hat Linda bei Judith eine neue Blume im Garten eingepflanzt.;Vor einer Woche hat Linda wieder eine neue Blume bekommen, weil sie von einer Rosensorte begeistert ist.;Linda hat mindestens zweimal eine neue Blume bekommen.;unknown;8;aii;bi;1;neutral;twice;False;;;Letzten Monat hat Linda bei Judith eine neue Blume im Garten eingepflanzt. Vor einer Woche hat Linda wieder eine neue Blume bekommen, weil sie von einer Rosensorte begeistert ist.;Linda hat mindestens zweimal eine neue Blume bekommen.;jabo/bert-base-german-cased-xnli-de;entailment;0;0.11941522359848022;0.13279031217098236;0.7477944493293762
8_aii_bi1_cannot_say_neu;Letzten Monat hat Linda bei Judith eine neue Blume im Garten eingepflanzt.;Vor einer Woche hat Linda wieder eine neue Blume bekommen, weil sie von einer Rosensorte begeistert ist.;Es lässt sich nicht sagen, wie oft Linda eine neue Blume bekommen hat.;unknown;8;aii;bi;1;neutral;cannot say;False;;;Letzten Monat hat Linda bei Judith eine neue Blume im Garten eingepflanzt. Vor einer Woche hat Linda wieder eine neue Blume bekommen, weil sie von einer Rosensorte begeistert ist.;Es lässt sich nicht sagen, wie oft Linda eine neue Blume bekommen hat.;jabo/bert-base-german-cased-xnli-de;contradiction;0;0.8465071320533752;0.13473401963710785;0.018758876249194145
8_aii_bi2_once_pos;Letzten Monat hat Linda bei Judith eine neue Blume im Garten eingepflanzt.;Vor einer Woche hat Judith wieder eine neue Blume bekommen, weil sie von einer Rosensorte begeistert ist.;Judith hat einmal eine neue Blume bekommen.;unknown;8;aii;bi;2;positive;once;False;;;Letzten Monat hat Linda bei Judith eine neue Blume im Garten eingepflanzt. Vor einer Woche hat Judith wieder eine neue Blume bekommen, weil sie von einer Rosensorte begeistert ist.;Judith hat einmal eine neue Blume bekommen.;jabo/bert-base-german-cased-xnli-de;entailment;0;0.02407016232609749;0.05059700831770897;0.92533278465271
8_aii_bi2_twice_pos;Letzten Monat hat Linda bei Judith eine neue Blume im Garten eingepflanzt.;Vor einer Woche hat Judith wieder eine neue Blume bekommen, weil sie von einer Rosensorte begeistert ist.;Judith hat mindestens zweimal eine neue Blume bekommen.;entailment;8;aii;bi;2;positive;twice;False;;;Letzten Monat hat Linda bei Judith eine neue Blume im Garten eingepflanzt. Vor einer Woche hat Judith wieder eine neue Blume bekommen, weil sie von einer Rosensorte begeistert ist.;Judith hat mindestens zweimal eine neue Blume bekommen.;jabo/bert-base-german-cased-xnli-de;entailment;1;0.1292598992586136;0.13418786227703094;0.7365522384643555
8_aii_bi2_cannot_say_pos;Letzten Monat hat Linda bei Judith eine neue Blume im Garten eingepflanzt.;Vor einer Woche hat Judith wieder eine neue Blume bekommen, weil sie von einer Rosensorte begeistert ist.;Es lässt sich nicht sagen, wie oft Judith eine neue Blume bekommen hat.;unknown;8;aii;bi;2;positive;cannot say;False;;;Letzten Monat hat Linda bei Judith eine neue Blume im Garten eingepflanzt. Vor einer Woche hat Judith wieder eine neue Blume bekommen, weil sie von einer Rosensorte begeistert ist.;Es lässt sich nicht sagen, wie oft Judith eine neue Blume bekommen hat.;jabo/bert-base-german-cased-xnli-de;contradiction;0;0.8474986553192139;0.13399375975131989;0.01850753277540207
8_aii_bii1_once_pos;Letzten Monat hat Linda bei Judith eine neue Blume im Garten eingepflanzt.;Vor einer Woche hat Linda wieder eine neue Blume eingegraben, weil sie von einer Rosensorte begeistert ist.;Linda hat einmal eine neue Blume eingegraben.;unknown;8;aii;bii;1;positive;once;False;;;Letzten Monat hat Linda bei Judith eine neue Blume im Garten eingepflanzt. Vor einer Woche hat Linda wieder eine neue Blume eingegraben, weil sie von einer Rosensorte begeistert ist.;Linda hat einmal eine neue Blume eingegraben.;jabo/bert-base-german-cased-xnli-de;entailment;0;0.023092562332749367;0.04905321076512337;0.9278542995452881
8_aii_bii1_twice_pos;Letzten Monat hat Linda bei Judith eine neue Blume im Garten eingepflanzt.;Vor einer Woche hat Linda wieder eine neue Blume eingegraben, weil sie von einer Rosensorte begeistert ist.;Linda hat mindestens zweimal eine neue Blume eingegraben.;entailment;8;aii;bii;1;positive;twice;False;;;Letzten Monat hat Linda bei Judith eine neue Blume im Garten eingepflanzt. Vor einer Woche hat Linda wieder eine neue Blume eingegraben, weil sie von einer Rosensorte begeistert ist.;Linda hat mindestens zweimal eine neue Blume eingegraben.;jabo/bert-base-german-cased-xnli-de;entailment;1;0.09786390513181686;0.10409180074930191;0.7980443239212036
8_aii_bii1_cannot_say_pos;Letzten Monat hat Linda bei Judith eine neue Blume im Garten eingepflanzt.;Vor einer Woche hat Linda wieder eine neue Blume eingegraben, weil sie von einer Rosensorte begeistert ist.;Es lässt sich nicht sagen, wie oft Linda eine neue Blume eingegraben hat.;unknown;8;aii;bii;1;positive;cannot say;False;;;Letzten Monat hat Linda bei Judith eine neue Blume im Garten eingepflanzt. Vor einer Woche hat Linda wieder eine neue Blume eingegraben, weil sie von einer Rosensorte begeistert ist.;Es lässt sich nicht sagen, wie oft Linda eine neue Blume eingegraben hat.;jabo/bert-base-german-cased-xnli-de;contradiction;0;0.8930822610855103;0.09376436471939087;0.013153411448001862
8_aii_bii2_once_neu;Letzten Monat hat Linda bei Judith eine neue Blume im Garten eingepflanzt.;Vor einer Woche hat Judith wieder eine neue Blume eingegraben, weil sie von einer Rosensorte begeistert ist.;Judith hat einmal eine neue Blume eingegraben.;entailment;8;aii;bii;2;neutral;once;False;;;Letzten Monat hat Linda bei Judith eine neue Blume im Garten eingepflanzt. Vor einer Woche hat Judith wieder eine neue Blume eingegraben, weil sie von einer Rosensorte begeistert ist.;Judith hat einmal eine neue Blume eingegraben.;jabo/bert-base-german-cased-xnli-de;entailment;1;0.023591523990035057;0.051589708775281906;0.9248186945915222
8_aii_bii2_twice_neu;Letzten Monat hat Linda bei Judith eine neue Blume im Garten eingepflanzt.;Vor einer Woche hat Judith wieder eine neue Blume eingegraben, weil sie von einer Rosensorte begeistert ist.;Judith hat mindestens zweimal eine neue Blume eingegraben.;unknown;8;aii;bii;2;neutral;twice;False;;;Letzten Monat hat Linda bei Judith eine neue Blume im Garten eingepflanzt. Vor einer Woche hat Judith wieder eine neue Blume eingegraben, weil sie von einer Rosensorte begeistert ist.;Judith hat mindestens zweimal eine neue Blume eingegraben.;jabo/bert-base-german-cased-xnli-de;entailment;0;0.09727456420660019;0.10493271797895432;0.7977926731109619
8_aii_bii2_cannot_say_neu;Letzten Monat hat Linda bei Judith eine neue Blume im Garten eingepflanzt.;Vor einer Woche hat Judith wieder eine neue Blume eingegraben, weil sie von einer Rosensorte begeistert ist.;Es lässt sich nicht sagen, wie oft Judith eine neue Blume eingegraben hat.;unknown;8;aii;bii;2;neutral;cannot say;False;;;Letzten Monat hat Linda bei Judith eine neue Blume im Garten eingepflanzt. Vor einer Woche hat Judith wieder eine neue Blume eingegraben, weil sie von einer Rosensorte begeistert ist.;Es lässt sich nicht sagen, wie oft Judith eine neue Blume eingegraben hat.;jabo/bert-base-german-cased-xnli-de;contradiction;0;0.8844932317733765;0.10194362699985504;0.013563127256929874
9_ai_bi1_once_pos;Vor einem Jahr hat Judith für Timo ein teures Konzertticket bestellt.;Vor vier Wochen hat Timo wieder ein teures Konzertticket bekommen, weil sie mit einem Freund feiern will.;Timo hat einmal ein teures Konzertticket bekommen.;unknown;9;ai;bi;1;positive;once;False;;;Vor einem Jahr hat Judith für Timo ein teures Konzertticket bestellt. Vor vier Wochen hat Timo wieder ein teures Konzertticket bekommen, weil sie mit einem Freund feiern will.;Timo hat einmal ein teures Konzertticket bekommen.;jabo/bert-base-german-cased-xnli-de;entailment;0;0.021872909739613533;0.04906376078724861;0.9290633797645569
9_ai_bi1_twice_pos;Vor einem Jahr hat Judith für Timo ein teures Konzertticket bestellt.;Vor vier Wochen hat Timo wieder ein teures Konzertticket bekommen, weil sie mit einem Freund feiern will.;Timo hat mindestens zweimal ein teures Konzertticket bekommen.;entailment;9;ai;bi;1;positive;twice;False;;;Vor einem Jahr hat Judith für Timo ein teures Konzertticket bestellt. Vor vier Wochen hat Timo wieder ein teures Konzertticket bekommen, weil sie mit einem Freund feiern will.;Timo hat mindestens zweimal ein teures Konzertticket bekommen.;jabo/bert-base-german-cased-xnli-de;entailment;1;0.17923758924007416;0.2675381004810333;0.5532243251800537
9_ai_bi1_cannot_say_pos;Vor einem Jahr hat Judith für Timo ein teures Konzertticket bestellt.;Vor vier Wochen hat Timo wieder ein teures Konzertticket bekommen, weil sie mit einem Freund feiern will.;Es lässt sich nicht sagen, wie oft Timo ein teures Konzertticket bekommen hat.;unknown;9;ai;bi;1;positive;cannot say;False;;;Vor einem Jahr hat Judith für Timo ein teures Konzertticket bestellt. Vor vier Wochen hat Timo wieder ein teures Konzertticket bekommen, weil sie mit einem Freund feiern will.;Es lässt sich nicht sagen, wie oft Timo ein teures Konzertticket bekommen hat.;jabo/bert-base-german-cased-xnli-de;contradiction;0;0.8072827458381653;0.1675359308719635;0.02518133819103241
9_ai_bi2_once_neu;Vor einem Jahr hat Judith für Timo ein teures Konzertticket bestellt.;Vor vier Wochen hat Judith wieder ein teures Konzertticket bekommen, weil er mit einem Freund feiern will.;Judith hat einmal ein teures Konzertticket bekommen.;entailment;9;ai;bi;2;neutral;once;False;;;Vor einem Jahr hat Judith für Timo ein teures Konzertticket bestellt. Vor vier Wochen hat Judith wieder ein teures Konzertticket bekommen, weil er mit einem Freund feiern will.;Judith hat einmal ein teures Konzertticket bekommen.;jabo/bert-base-german-cased-xnli-de;entailment;1;0.022766264155507088;0.04735269770026207;0.9298810958862305
9_ai_bi2_twice_neu;Vor einem Jahr hat Judith für Timo ein teures Konzertticket bestellt.;Vor vier Wochen hat Judith wieder ein teures Konzertticket bekommen, weil er mit einem Freund feiern will.;Judith hat mindestens zweimal ein teures Konzertticket bekommen.;unknown;9;ai;bi;2;neutral;twice;False;;;Vor einem Jahr hat Judith für Timo ein teures Konzertticket bestellt. Vor vier Wochen hat Judith wieder ein teures Konzertticket bekommen, weil er mit einem Freund feiern will.;Judith hat mindestens zweimal ein teures Konzertticket bekommen.;jabo/bert-base-german-cased-xnli-de;entailment;0;0.20324182510375977;0.19967539608478546;0.5970827341079712
9_ai_bi2_cannot_say_neu;Vor einem Jahr hat Judith für Timo ein teures Konzertticket bestellt.;Vor vier Wochen hat Judith wieder ein teures Konzertticket bekommen, weil er mit einem Freund feiern will.;Es lässt sich nicht sagen, wie oft Judith ein teures Konzertticket bekommen hat.;unknown;9;ai;bi;2;neutral;cannot say;False;;;Vor einem Jahr hat Judith für Timo ein teures Konzertticket bestellt. Vor vier Wochen hat Judith wieder ein teures Konzertticket bekommen, weil er mit einem Freund feiern will.;Es lässt sich nicht sagen, wie oft Judith ein teures Konzertticket bekommen hat.;jabo/bert-base-german-cased-xnli-de;contradiction;0;0.8376380801200867;0.14377805590629578;0.018583882600069046
9_ai_bii1_once_neu;Vor einem Jahr hat Judith für Timo ein teures Konzertticket bestellt.;Vor vier Wochen hat Timo wieder ein teures Konzertticket erworben, weil sie mit einem Freund feiern will.;Timo hat einmal ein teures Konzertticket erworben.;entailment;9;ai;bii;1;neutral;once;False;;;Vor einem Jahr hat Judith für Timo ein teures Konzertticket bestellt. Vor vier Wochen hat Timo wieder ein teures Konzertticket erworben, weil sie mit einem Freund feiern will.;Timo hat einmal ein teures Konzertticket erworben.;jabo/bert-base-german-cased-xnli-de;entailment;1;0.02371487207710743;0.049861229956150055;0.9264239072799683
9_ai_bii1_twice_neu;Vor einem Jahr hat Judith für Timo ein teures Konzertticket bestellt.;Vor vier Wochen hat Timo wieder ein teures Konzertticket erworben, weil sie mit einem Freund feiern will.;Timo hat mindestens zweimal ein teures Konzertticket erworben.;unknown;9;ai;bii;1;neutral;twice;False;;;Vor einem Jahr hat Judith für Timo ein teures Konzertticket bestellt. Vor vier Wochen hat Timo wieder ein teures Konzertticket erworben, weil sie mit einem Freund feiern will.;Timo hat mindestens zweimal ein teures Konzertticket erworben.;jabo/bert-base-german-cased-xnli-de;entailment;0;0.17106503248214722;0.18372035026550293;0.6452146172523499
9_ai_bii1_cannot_say_neu;Vor einem Jahr hat Judith für Timo ein teures Konzertticket bestellt.;Vor vier Wochen hat Timo wieder ein teures Konzertticket erworben, weil sie mit einem Freund feiern will.;Es lässt sich nicht sagen, wie oft Timo ein teures Konzertticket erworben hat.;unknown;9;ai;bii;1;neutral;cannot say;False;;;Vor einem Jahr hat Judith für Timo ein teures Konzertticket bestellt. Vor vier Wochen hat Timo wieder ein teures Konzertticket erworben, weil sie mit einem Freund feiern will.;Es lässt sich nicht sagen, wie oft Timo ein teures Konzertticket erworben hat.;jabo/bert-base-german-cased-xnli-de;contradiction;0;0.8471307158470154;0.13232877850532532;0.02054043672978878
9_ai_bii2_once_pos;Vor einem Jahr hat Judith für Timo ein teures Konzertticket bestellt.;Vor vier Wochen hat Judith wieder ein teures Konzertticket erworben, weil er mit einem Freund feiern will.;Judith hat einmal ein teures Konzertticket erworben.;unknown;9;ai;bii;2;positive;once;False;;;Vor einem Jahr hat Judith für Timo ein teures Konzertticket bestellt. Vor vier Wochen hat Judith wieder ein teures Konzertticket erworben, weil er mit einem Freund feiern will.;Judith hat einmal ein teures Konzertticket erworben.;jabo/bert-base-german-cased-xnli-de;entailment;0;0.023120954632759094;0.04558267816901207;0.9312963485717773
9_ai_bii2_twice_pos;Vor einem Jahr hat Judith für Timo ein teures Konzertticket bestellt.;Vor vier Wochen hat Judith wieder ein teures Konzertticket erworben, weil er mit einem Freund feiern will.;Judith hat mindestens zweimal ein teures Konzertticket erworben.;entailment;9;ai;bii;2;positive;twice;False;;;Vor einem Jahr hat Judith für Timo ein teures Konzertticket bestellt. Vor vier Wochen hat Judith wieder ein teures Konzertticket erworben, weil er mit einem Freund feiern will.;Judith hat mindestens zweimal ein teures Konzertticket erworben.;jabo/bert-base-german-cased-xnli-de;entailment;1;0.1472451239824295;0.17404218018054962;0.6787127256393433
9_ai_bii2_cannot_say_pos;Vor einem Jahr hat Judith für Timo ein teures Konzertticket bestellt.;Vor vier Wochen hat Judith wieder ein teures Konzertticket erworben, weil er mit einem Freund feiern will.;Es lässt sich nicht sagen, wie oft Judith ein teures Konzertticket erworben hat.;unknown;9;ai;bii;2;positive;cannot say;False;;;Vor einem Jahr hat Judith für Timo ein teures Konzertticket bestellt. Vor vier Wochen hat Judith wieder ein teures Konzertticket erworben, weil er mit einem Freund feiern will.;Es lässt sich nicht sagen, wie oft Judith ein teures Konzertticket erworben hat.;jabo/bert-base-german-cased-xnli-de;contradiction;0;0.8624594807624817;0.1223161518573761;0.01522433664649725
9_aii_bi1_once_neu;Vor einem Jahr hat Timo für Judith ein teures Konzertticket bestellt.;Vor vier Wochen hat Timo wieder ein teures Konzertticket bekommen, weil sie mit einem Freund feiern will.;Timo hat einmal ein teures Konzertticket bekommen.;entailment;9;aii;bi;1;neutral;once;False;;;Vor einem Jahr hat Timo für Judith ein teures Konzertticket bestellt. Vor vier Wochen hat Timo wieder ein teures Konzertticket bekommen, weil sie mit einem Freund feiern will.;Timo hat einmal ein teures Konzertticket bekommen.;jabo/bert-base-german-cased-xnli-de;entailment;1;0.021679308265447617;0.04948980733752251;0.9288308620452881
9_aii_bi1_twice_neu;Vor einem Jahr hat Timo für Judith ein teures Konzertticket bestellt.;Vor vier Wochen hat Timo wieder ein teures Konzertticket bekommen, weil sie mit einem Freund feiern will.;Timo hat mindestens zweimal ein teures Konzertticket bekommen.;unknown;9;aii;bi;1;neutral;twice;False;;;Vor einem Jahr hat Timo für Judith ein teures Konzertticket bestellt. Vor vier Wochen hat Timo wieder ein teures Konzertticket bekommen, weil sie mit einem Freund feiern will.;Timo hat mindestens zweimal ein teures Konzertticket bekommen.;jabo/bert-base-german-cased-xnli-de;entailment;0;0.16794249415397644;0.2559642493724823;0.5760932564735413
9_aii_bi1_cannot_say_neu;Vor einem Jahr hat Timo für Judith ein teures Konzertticket bestellt.;Vor vier Wochen hat Timo wieder ein teures Konzertticket bekommen, weil sie mit einem Freund feiern will.;Es lässt sich nicht sagen, wie oft Timo ein teures Konzertticket bekommen hat.;unknown;9;aii;bi;1;neutral;cannot say;False;;;Vor einem Jahr hat Timo für Judith ein teures Konzertticket bestellt. Vor vier Wochen hat Timo wieder ein teures Konzertticket bekommen, weil sie mit einem Freund feiern will.;Es lässt sich nicht sagen, wie oft Timo ein teures Konzertticket bekommen hat.;jabo/bert-base-german-cased-xnli-de;contradiction;0;0.8086833953857422;0.16647082567214966;0.024845771491527557
9_aii_bi2_once_pos;Vor einem Jahr hat Timo für Judith ein teures Konzertticket bestellt.;Vor vier Wochen hat Judith wieder ein teures Konzertticket bekommen, weil er mit einem Freund feiern will.;Judith hat einmal ein teures Konzertticket bekommen.;unknown;9;aii;bi;2;positive;once;False;;;Vor einem Jahr hat Timo für Judith ein teures Konzertticket bestellt. Vor vier Wochen hat Judith wieder ein teures Konzertticket bekommen, weil er mit einem Freund feiern will.;Judith hat einmal ein teures Konzertticket bekommen.;jabo/bert-base-german-cased-xnli-de;entailment;0;0.022511029615998268;0.04733739420771599;0.9301515221595764
9_aii_bi2_twice_pos;Vor einem Jahr hat Timo für Judith ein teures Konzertticket bestellt.;Vor vier Wochen hat Judith wieder ein teures Konzertticket bekommen, weil er mit einem Freund feiern will.;Judith hat mindestens zweimal ein teures Konzertticket bekommen.;entailment;9;aii;bi;2;positive;twice;False;;;Vor einem Jahr hat Timo für Judith ein teures Konzertticket bestellt. Vor vier Wochen hat Judith wieder ein teures Konzertticket bekommen, weil er mit einem Freund feiern will.;Judith hat mindestens zweimal ein teures Konzertticket bekommen.;jabo/bert-base-german-cased-xnli-de;entailment;1;0.19094368815422058;0.20672978460788727;0.6023265719413757
9_aii_bi2_cannot_say_pos;Vor einem Jahr hat Timo für Judith ein teures Konzertticket bestellt.;Vor vier Wochen hat Judith wieder ein teures Konzertticket bekommen, weil er mit einem Freund feiern will.;Es lässt sich nicht sagen, wie oft Judith ein teures Konzertticket bekommen hat.;unknown;9;aii;bi;2;positive;cannot say;False;;;Vor einem Jahr hat Timo für Judith ein teures Konzertticket bestellt. Vor vier Wochen hat Judith wieder ein teures Konzertticket bekommen, weil er mit einem Freund feiern will.;Es lässt sich nicht sagen, wie oft Judith ein teures Konzertticket bekommen hat.;jabo/bert-base-german-cased-xnli-de;contradiction;0;0.8360967636108398;0.14549951255321503;0.018403735011816025
9_aii_bii1_once_pos;Vor einem Jahr hat Timo für Judith ein teures Konzertticket bestellt.;Vor vier Wochen hat Timo wieder ein teures Konzertticket erworben, weil sie mit einem Freund feiern will.;Timo hat einmal ein teures Konzertticket erworben.;unknown;9;aii;bii;1;positive;once;False;;;Vor einem Jahr hat Timo für Judith ein teures Konzertticket bestellt. Vor vier Wochen hat Timo wieder ein teures Konzertticket erworben, weil sie mit einem Freund feiern will.;Timo hat einmal ein teures Konzertticket erworben.;jabo/bert-base-german-cased-xnli-de;entailment;0;0.023460017517209053;0.0494009293615818;0.9271391034126282
9_aii_bii1_twice_pos;Vor einem Jahr hat Timo für Judith ein teures Konzertticket bestellt.;Vor vier Wochen hat Timo wieder ein teures Konzertticket erworben, weil sie mit einem Freund feiern will.;Timo hat mindestens zweimal ein teures Konzertticket erworben.;entailment;9;aii;bii;1;positive;twice;False;;;Vor einem Jahr hat Timo für Judith ein teures Konzertticket bestellt. Vor vier Wochen hat Timo wieder ein teures Konzertticket erworben, weil sie mit einem Freund feiern will.;Timo hat mindestens zweimal ein teures Konzertticket erworben.;jabo/bert-base-german-cased-xnli-de;entailment;1;0.1596173346042633;0.17959778010845184;0.660784900188446
9_aii_bii1_cannot_say_pos;Vor einem Jahr hat Timo für Judith ein teures Konzertticket bestellt.;Vor vier Wochen hat Timo wieder ein teures Konzertticket erworben, weil sie mit einem Freund feiern will.;Es lässt sich nicht sagen, wie oft Timo ein teures Konzertticket erworben hat.;unknown;9;aii;bii;1;positive;cannot say;False;;;Vor einem Jahr hat Timo für Judith ein teures Konzertticket bestellt. Vor vier Wochen hat Timo wieder ein teures Konzertticket erworben, weil sie mit einem Freund feiern will.;Es lässt sich nicht sagen, wie oft Timo ein teures Konzertticket erworben hat.;jabo/bert-base-german-cased-xnli-de;contradiction;0;0.8479329347610474;0.13161984086036682;0.020447269082069397
9_aii_bii2_once_neu;Vor einem Jahr hat Timo für Judith ein teures Konzertticket bestellt.;Vor vier Wochen hat Judith wieder ein teures Konzertticket erworben, weil er mit einem Freund feiern will.;Judith hat einmal ein teures Konzertticket erworben.;entailment;9;aii;bii;2;neutral;once;False;;;Vor einem Jahr hat Timo für Judith ein teures Konzertticket bestellt. Vor vier Wochen hat Judith wieder ein teures Konzertticket erworben, weil er mit einem Freund feiern will.;Judith hat einmal ein teures Konzertticket erworben.;jabo/bert-base-german-cased-xnli-de;entailment;1;0.022763697430491447;0.04533600062131882;0.9319003224372864
9_aii_bii2_twice_neu;Vor einem Jahr hat Timo für Judith ein teures Konzertticket bestellt.;Vor vier Wochen hat Judith wieder ein teures Konzertticket erworben, weil er mit einem Freund feiern will.;Judith hat mindestens zweimal ein teures Konzertticket erworben.;unknown;9;aii;bii;2;neutral;twice;False;;;Vor einem Jahr hat Timo für Judith ein teures Konzertticket bestellt. Vor vier Wochen hat Judith wieder ein teures Konzertticket erworben, weil er mit einem Freund feiern will.;Judith hat mindestens zweimal ein teures Konzertticket erworben.;jabo/bert-base-german-cased-xnli-de;entailment;0;0.1378827840089798;0.17052984237670898;0.6915873885154724
9_aii_bii2_cannot_say_neu;Vor einem Jahr hat Timo für Judith ein teures Konzertticket bestellt.;Vor vier Wochen hat Judith wieder ein teures Konzertticket erworben, weil er mit einem Freund feiern will.;Es lässt sich nicht sagen, wie oft Judith ein teures Konzertticket erworben hat.;unknown;9;aii;bii;2;neutral;cannot say;False;;;Vor einem Jahr hat Timo für Judith ein teures Konzertticket bestellt. Vor vier Wochen hat Judith wieder ein teures Konzertticket erworben, weil er mit einem Freund feiern will.;Es lässt sich nicht sagen, wie oft Judith ein teures Konzertticket erworben hat.;jabo/bert-base-german-cased-xnli-de;contradiction;0;0.8624443411827087;0.12247580289840698;0.015079845674335957
10_ai_bi1_once_pos;Letztes Semester hat Greta Judith einen kleinen Spickzettel zukommen lassen.;Vor fünf Tagen hat Judith wieder einen kleinen Spickzettel erhalten, als sie an einer Klausur teilgenommen hat.;Judith hat einmal einen kleinen Spickzettel erhalten.;unknown;10;ai;bi;1;positive;once;False;;;Letztes Semester hat Greta Judith einen kleinen Spickzettel zukommen lassen. Vor fünf Tagen hat Judith wieder einen kleinen Spickzettel erhalten, als sie an einer Klausur teilgenommen hat.;Judith hat einmal einen kleinen Spickzettel erhalten.;jabo/bert-base-german-cased-xnli-de;entailment;0;0.02106316387653351;0.0469188466668129;0.9320179224014282
10_ai_bi1_twice_pos;Letztes Semester hat Greta Judith einen kleinen Spickzettel zukommen lassen.;Vor fünf Tagen hat Judith wieder einen kleinen Spickzettel erhalten, als sie an einer Klausur teilgenommen hat.;Judith hat mindestens zweimal einen kleinen Spickzettel erhalten.;entailment;10;ai;bi;1;positive;twice;False;;;Letztes Semester hat Greta Judith einen kleinen Spickzettel zukommen lassen. Vor fünf Tagen hat Judith wieder einen kleinen Spickzettel erhalten, als sie an einer Klausur teilgenommen hat.;Judith hat mindestens zweimal einen kleinen Spickzettel erhalten.;jabo/bert-base-german-cased-xnli-de;entailment;1;0.19162550568580627;0.1699443906545639;0.6384300589561462
10_ai_bi1_cannot_say_pos;Letztes Semester hat Greta Judith einen kleinen Spickzettel zukommen lassen.;Vor fünf Tagen hat Judith wieder einen kleinen Spickzettel erhalten, als sie an einer Klausur teilgenommen hat.;Es lässt sich nicht sagen, wie oft Judith einen kleinen Spickzettel erhalten hat.;unknown;10;ai;bi;1;positive;cannot say;False;;;Letztes Semester hat Greta Judith einen kleinen Spickzettel zukommen lassen. Vor fünf Tagen hat Judith wieder einen kleinen Spickzettel erhalten, als sie an einer Klausur teilgenommen hat.;Es lässt sich nicht sagen, wie oft Judith einen kleinen Spickzettel erhalten hat.;jabo/bert-base-german-cased-xnli-de;contradiction;0;0.7649878263473511;0.17112265527248383;0.06388944387435913
10_ai_bi2_once_neu;Letztes Semester hat Greta Judith einen kleinen Spickzettel zukommen lassen.;Vor fünf Tagen hat Greta wieder einen kleinen Spickzettel erhalten, als sie an einer Klausur teilgenommen hat.;Greta hat einmal einen kleinen Spickzettel erhalten.;entailment;10;ai;bi;2;neutral;once;False;;;Letztes Semester hat Greta Judith einen kleinen Spickzettel zukommen lassen. Vor fünf Tagen hat Greta wieder einen kleinen Spickzettel erhalten, als sie an einer Klausur teilgenommen hat.;Greta hat einmal einen kleinen Spickzettel erhalten.;jabo/bert-base-german-cased-xnli-de;entailment;1;0.02103811502456665;0.046267036348581314;0.9326948523521423
10_ai_bi2_twice_neu;Letztes Semester hat Greta Judith einen kleinen Spickzettel zukommen lassen.;Vor fünf Tagen hat Greta wieder einen kleinen Spickzettel erhalten, als sie an einer Klausur teilgenommen hat.;Greta hat mindestens zweimal einen kleinen Spickzettel erhalten.;unknown;10;ai;bi;2;neutral;twice;False;;;Letztes Semester hat Greta Judith einen kleinen Spickzettel zukommen lassen. Vor fünf Tagen hat Greta wieder einen kleinen Spickzettel erhalten, als sie an einer Klausur teilgenommen hat.;Greta hat mindestens zweimal einen kleinen Spickzettel erhalten.;jabo/bert-base-german-cased-xnli-de;entailment;0;0.14775435626506805;0.12455432862043381;0.7276912331581116
10_ai_bi2_cannot_say_neu;Letztes Semester hat Greta Judith einen kleinen Spickzettel zukommen lassen.;Vor fünf Tagen hat Greta wieder einen kleinen Spickzettel erhalten, als sie an einer Klausur teilgenommen hat.;Es lässt sich nicht sagen, wie oft Greta einen kleinen Spickzettel erhalten hat.;unknown;10;ai;bi;2;neutral;cannot say;False;;;Letztes Semester hat Greta Judith einen kleinen Spickzettel zukommen lassen. Vor fünf Tagen hat Greta wieder einen kleinen Spickzettel erhalten, als sie an einer Klausur teilgenommen hat.;Es lässt sich nicht sagen, wie oft Greta einen kleinen Spickzettel erhalten hat.;jabo/bert-base-german-cased-xnli-de;contradiction;0;0.8207327723503113;0.13112564384937286;0.04814152792096138
10_ai_bii1_once_neu;Letztes Semester hat Greta Judith einen kleinen Spickzettel zukommen lassen.;Vor fünf Tagen hat Judith wieder einen kleinen Spickzettel weitergegeben, als sie an einer Klausur teilgenommen hat.;Judith hat einmal einen kleinen Spickzettel weitergegeben.;entailment;10;ai;bii;1;neutral;once;False;;;Letztes Semester hat Greta Judith einen kleinen Spickzettel zukommen lassen. Vor fünf Tagen hat Judith wieder einen kleinen Spickzettel weitergegeben, als sie an einer Klausur teilgenommen hat.;Judith hat einmal einen kleinen Spickzettel weitergegeben.;jabo/bert-base-german-cased-xnli-de;entailment;1;0.0238889642059803;0.048417020589113235;0.9276940226554871
10_ai_bii1_twice_neu;Letztes Semester hat Greta Judith einen kleinen Spickzettel zukommen lassen.;Vor fünf Tagen hat Judith wieder einen kleinen Spickzettel weitergegeben, als sie an einer Klausur teilgenommen hat.;Judith hat mindestens zweimal einen kleinen Spickzettel weitergegeben.;unknown;10;ai;bii;1;neutral;twice;False;;;Letztes Semester hat Greta Judith einen kleinen Spickzettel zukommen lassen. Vor fünf Tagen hat Judith wieder einen kleinen Spickzettel weitergegeben, als sie an einer Klausur teilgenommen hat.;Judith hat mindestens zweimal einen kleinen Spickzettel weitergegeben.;jabo/bert-base-german-cased-xnli-de;entailment;0;0.23969662189483643;0.11444715410470963;0.6458562016487122
10_ai_bii1_cannot_say_neu;Letztes Semester hat Greta Judith einen kleinen Spickzettel zukommen lassen.;Vor fünf Tagen hat Judith wieder einen kleinen Spickzettel weitergegeben, als sie an einer Klausur teilgenommen hat.;Es lässt sich nicht sagen, wie oft Judith einen kleinen Spickzettel weitergegeben hat.;unknown;10;ai;bii;1;neutral;cannot say;False;;;Letztes Semester hat Greta Judith einen kleinen Spickzettel zukommen lassen. Vor fünf Tagen hat Judith wieder einen kleinen Spickzettel weitergegeben, als sie an einer Klausur teilgenommen hat.;Es lässt sich nicht sagen, wie oft Judith einen kleinen Spickzettel weitergegeben hat.;jabo/bert-base-german-cased-xnli-de;contradiction;0;0.7213871479034424;0.16686397790908813;0.11174887418746948
10_ai_bii2_once_pos;Letztes Semester hat Greta Judith einen kleinen Spickzettel zukommen lassen.;Vor fünf Tagen hat Greta wieder einen kleinen Spickzettel weitergegeben, als sie an einer Klausur teilgenommen hat.;Greta hat einmal einen kleinen Spickzettel weitergegeben.;unknown;10;ai;bii;2;positive;once;False;;;Letztes Semester hat Greta Judith einen kleinen Spickzettel zukommen lassen. Vor fünf Tagen hat Greta wieder einen kleinen Spickzettel weitergegeben, als sie an einer Klausur teilgenommen hat.;Greta hat einmal einen kleinen Spickzettel weitergegeben.;jabo/bert-base-german-cased-xnli-de;entailment;0;0.02379206195473671;0.04762067273259163;0.9285873174667358
10_ai_bii2_twice_pos;Letztes Semester hat Greta Judith einen kleinen Spickzettel zukommen lassen.;Vor fünf Tagen hat Greta wieder einen kleinen Spickzettel weitergegeben, als sie an einer Klausur teilgenommen hat.;Greta hat mindestens zweimal einen kleinen Spickzettel weitergegeben.;entailment;10;ai;bii;2;positive;twice;False;;;Letztes Semester hat Greta Judith einen kleinen Spickzettel zukommen lassen. Vor fünf Tagen hat Greta wieder einen kleinen Spickzettel weitergegeben, als sie an einer Klausur teilgenommen hat.;Greta hat mindestens zweimal einen kleinen Spickzettel weitergegeben.;jabo/bert-base-german-cased-xnli-de;entailment;1;0.2266317903995514;0.10421591997146606;0.6691522598266602
10_ai_bii2_cannot_say_pos;Letztes Semester hat Greta Judith einen kleinen Spickzettel zukommen lassen.;Vor fünf Tagen hat Greta wieder einen kleinen Spickzettel weitergegeben, als sie an einer Klausur teilgenommen hat.;Es lässt sich nicht sagen, wie oft Greta einen kleinen Spickzettel weitergegeben hat.;unknown;10;ai;bii;2;positive;cannot say;False;;;Letztes Semester hat Greta Judith einen kleinen Spickzettel zukommen lassen. Vor fünf Tagen hat Greta wieder einen kleinen Spickzettel weitergegeben, als sie an einer Klausur teilgenommen hat.;Es lässt sich nicht sagen, wie oft Greta einen kleinen Spickzettel weitergegeben hat.;jabo/bert-base-german-cased-xnli-de;contradiction;0;0.7714112997055054;0.1456795483827591;0.08290921896696091
10_aii_bi1_once_neu;Letztes Semester hat Judith Greta einen kleinen Spickzettel zukommen lassen.;Vor fünf Tagen hat Judith wieder einen kleinen Spickzettel erhalten, als sie an einer Klausur teilgenommen hat.;Judith hat einmal einen kleinen Spickzettel erhalten.;entailment;10;aii;bi;1;neutral;once;False;;;Letztes Semester hat Judith Greta einen kleinen Spickzettel zukommen lassen. Vor fünf Tagen hat Judith wieder einen kleinen Spickzettel erhalten, als sie an einer Klausur teilgenommen hat.;Judith hat einmal einen kleinen Spickzettel erhalten.;jabo/bert-base-german-cased-xnli-de;entailment;1;0.021055709570646286;0.04686424136161804;0.932080090045929
10_aii_bi1_twice_neu;Letztes Semester hat Judith Greta einen kleinen Spickzettel zukommen lassen.;Vor fünf Tagen hat Judith wieder einen kleinen Spickzettel erhalten, als sie an einer Klausur teilgenommen hat.;Judith hat mindestens zweimal einen kleinen Spickzettel erhalten.;unknown;10;aii;bi;1;neutral;twice;False;;;Letztes Semester hat Judith Greta einen kleinen Spickzettel zukommen lassen. Vor fünf Tagen hat Judith wieder einen kleinen Spickzettel erhalten, als sie an einer Klausur teilgenommen hat.;Judith hat mindestens zweimal einen kleinen Spickzettel erhalten.;jabo/bert-base-german-cased-xnli-de;entailment;0;0.19958803057670593;0.181876540184021;0.6185354590415955
10_aii_bi1_cannot_say_neu;Letztes Semester hat Judith Greta einen kleinen Spickzettel zukommen lassen.;Vor fünf Tagen hat Judith wieder einen kleinen Spickzettel erhalten, als sie an einer Klausur teilgenommen hat.;Es lässt sich nicht sagen, wie oft Judith einen kleinen Spickzettel erhalten hat.;unknown;10;aii;bi;1;neutral;cannot say;False;;;Letztes Semester hat Judith Greta einen kleinen Spickzettel zukommen lassen. Vor fünf Tagen hat Judith wieder einen kleinen Spickzettel erhalten, als sie an einer Klausur teilgenommen hat.;Es lässt sich nicht sagen, wie oft Judith einen kleinen Spickzettel erhalten hat.;jabo/bert-base-german-cased-xnli-de;contradiction;0;0.7687352895736694;0.1721421331167221;0.05912250652909279
10_aii_bi2_once_pos;Letztes Semester hat Judith Greta einen kleinen Spickzettel zukommen lassen.;Vor fünf Tagen hat Greta wieder einen kleinen Spickzettel erhalten, als sie an einer Klausur teilgenommen hat.;Greta hat einmal einen kleinen Spickzettel erhalten.;unknown;10;aii;bi;2;positive;once;False;;;Letztes Semester hat Judith Greta einen kleinen Spickzettel zukommen lassen. Vor fünf Tagen hat Greta wieder einen kleinen Spickzettel erhalten, als sie an einer Klausur teilgenommen hat.;Greta hat einmal einen kleinen Spickzettel erhalten.;jabo/bert-base-german-cased-xnli-de;entailment;0;0.020941246300935745;0.046004004776477814;0.9330547451972961
10_aii_bi2_twice_pos;Letztes Semester hat Judith Greta einen kleinen Spickzettel zukommen lassen.;Vor fünf Tagen hat Greta wieder einen kleinen Spickzettel erhalten, als sie an einer Klausur teilgenommen hat.;Greta hat mindestens zweimal einen kleinen Spickzettel erhalten.;entailment;10;aii;bi;2;positive;twice;False;;;Letztes Semester hat Judith Greta einen kleinen Spickzettel zukommen lassen. Vor fünf Tagen hat Greta wieder einen kleinen Spickzettel erhalten, als sie an einer Klausur teilgenommen hat.;Greta hat mindestens zweimal einen kleinen Spickzettel erhalten.;jabo/bert-base-german-cased-xnli-de;entailment;1;0.179315984249115;0.15506888926029205;0.6656150817871094
10_aii_bi2_cannot_say_pos;Letztes Semester hat Judith Greta einen kleinen Spickzettel zukommen lassen.;Vor fünf Tagen hat Greta wieder einen kleinen Spickzettel erhalten, als sie an einer Klausur teilgenommen hat.;Es lässt sich nicht sagen, wie oft Greta einen kleinen Spickzettel erhalten hat.;unknown;10;aii;bi;2;positive;cannot say;False;;;Letztes Semester hat Judith Greta einen kleinen Spickzettel zukommen lassen. Vor fünf Tagen hat Greta wieder einen kleinen Spickzettel erhalten, als sie an einer Klausur teilgenommen hat.;Es lässt sich nicht sagen, wie oft Greta einen kleinen Spickzettel erhalten hat.;jabo/bert-base-german-cased-xnli-de;contradiction;0;0.8218235969543457;0.13203546404838562;0.04614090546965599
10_aii_bii1_once_pos;Letztes Semester hat Judith Greta einen kleinen Spickzettel zukommen lassen.;Vor fünf Tagen hat Judith wieder einen kleinen Spickzettel weitergegeben, als sie an einer Klausur teilgenommen hat.;Judith hat einmal einen kleinen Spickzettel weitergegeben.;unknown;10;aii;bii;1;positive;once;False;;;Letztes Semester hat Judith Greta einen kleinen Spickzettel zukommen lassen. Vor fünf Tagen hat Judith wieder einen kleinen Spickzettel weitergegeben, als sie an einer Klausur teilgenommen hat.;Judith hat einmal einen kleinen Spickzettel weitergegeben.;jabo/bert-base-german-cased-xnli-de;entailment;0;0.023633167147636414;0.04790518805384636;0.9284616112709045
10_aii_bii1_twice_pos;Letztes Semester hat Judith Greta einen kleinen Spickzettel zukommen lassen.;Vor fünf Tagen hat Judith wieder einen kleinen Spickzettel weitergegeben, als sie an einer Klausur teilgenommen hat.;Judith hat mindestens zweimal einen kleinen Spickzettel weitergegeben.;entailment;10;aii;bii;1;positive;twice;False;;;Letztes Semester hat Judith Greta einen kleinen Spickzettel zukommen lassen. Vor fünf Tagen hat Judith wieder einen kleinen Spickzettel weitergegeben, als sie an einer Klausur teilgenommen hat.;Judith hat mindestens zweimal einen kleinen Spickzettel weitergegeben.;jabo/bert-base-german-cased-xnli-de;entailment;1;0.23760467767715454;0.11843153834342957;0.6439637541770935
10_aii_bii1_cannot_say_pos;Letztes Semester hat Judith Greta einen kleinen Spickzettel zukommen lassen.;Vor fünf Tagen hat Judith wieder einen kleinen Spickzettel weitergegeben, als sie an einer Klausur teilgenommen hat.;Es lässt sich nicht sagen, wie oft Judith einen kleinen Spickzettel weitergegeben hat.;unknown;10;aii;bii;1;positive;cannot say;False;;;Letztes Semester hat Judith Greta einen kleinen Spickzettel zukommen lassen. Vor fünf Tagen hat Judith wieder einen kleinen Spickzettel weitergegeben, als sie an einer Klausur teilgenommen hat.;Es lässt sich nicht sagen, wie oft Judith einen kleinen Spickzettel weitergegeben hat.;jabo/bert-base-german-cased-xnli-de;contradiction;0;0.7351632118225098;0.16729050874710083;0.09754627197980881
10_aii_bii2_once_neu;Letztes Semester hat Judith Greta einen kleinen Spickzettel zukommen lassen.;Vor fünf Tagen hat Greta wieder einen kleinen Spickzettel weitergegeben, als sie an einer Klausur teilgenommen hat.;Greta hat einmal einen kleinen Spickzettel weitergegeben.;entailment;10;aii;bii;2;neutral;once;False;;;Letztes Semester hat Judith Greta einen kleinen Spickzettel zukommen lassen. Vor fünf Tagen hat Greta wieder einen kleinen Spickzettel weitergegeben, als sie an einer Klausur teilgenommen hat.;Greta hat einmal einen kleinen Spickzettel weitergegeben.;jabo/bert-base-german-cased-xnli-de;entailment;1;0.023434514179825783;0.047064729034900665;0.9295008182525635
10_aii_bii2_twice_neu;Letztes Semester hat Judith Greta einen kleinen Spickzettel zukommen lassen.;Vor fünf Tagen hat Greta wieder einen kleinen Spickzettel weitergegeben, als sie an einer Klausur teilgenommen hat.;Greta hat mindestens zweimal einen kleinen Spickzettel weitergegeben.;unknown;10;aii;bii;2;neutral;twice;False;;;Letztes Semester hat Judith Greta einen kleinen Spickzettel zukommen lassen. Vor fünf Tagen hat Greta wieder einen kleinen Spickzettel weitergegeben, als sie an einer Klausur teilgenommen hat.;Greta hat mindestens zweimal einen kleinen Spickzettel weitergegeben.;jabo/bert-base-german-cased-xnli-de;entailment;0;0.2282707691192627;0.11184803396463394;0.6598812341690063
10_aii_bii2_cannot_say_neu;Letztes Semester hat Judith Greta einen kleinen Spickzettel zukommen lassen.;Vor fünf Tagen hat Greta wieder einen kleinen Spickzettel weitergegeben, als sie an einer Klausur teilgenommen hat.;Es lässt sich nicht sagen, wie oft Greta einen kleinen Spickzettel weitergegeben hat.;unknown;10;aii;bii;2;neutral;cannot say;False;;;Letztes Semester hat Judith Greta einen kleinen Spickzettel zukommen lassen. Vor fünf Tagen hat Greta wieder einen kleinen Spickzettel weitergegeben, als sie an einer Klausur teilgenommen hat.;Es lässt sich nicht sagen, wie oft Greta einen kleinen Spickzettel weitergegeben hat.;jabo/bert-base-german-cased-xnli-de;contradiction;0;0.776393473148346;0.14808012545108795;0.07552637159824371
11_ai_bi1_once_pos;Vor zwei Monaten hat Thorsten Linda ein interessantes Jobangebot offeriert.;Vor zwei Tagen hat Linda wieder ein interessantes Jobangebot bekommen, als sie auf einer Jobbörse zugegen war.;Linda hat einmal ein interessantes Jobangebot bekommen.;unknown;11;ai;bi;1;positive;once;False;;;Vor zwei Monaten hat Thorsten Linda ein interessantes Jobangebot offeriert. Vor zwei Tagen hat Linda wieder ein interessantes Jobangebot bekommen, als sie auf einer Jobbörse zugegen war.;Linda hat einmal ein interessantes Jobangebot bekommen.;jabo/bert-base-german-cased-xnli-de;entailment;0;0.020064879208803177;0.043731410056352615;0.9362037181854248
11_ai_bi1_twice_pos;Vor zwei Monaten hat Thorsten Linda ein interessantes Jobangebot offeriert.;Vor zwei Tagen hat Linda wieder ein interessantes Jobangebot bekommen, als sie auf einer Jobbörse zugegen war.;Linda hat mindestens zweimal ein interessantes Jobangebot bekommen.;entailment;11;ai;bi;1;positive;twice;False;;;Vor zwei Monaten hat Thorsten Linda ein interessantes Jobangebot offeriert. Vor zwei Tagen hat Linda wieder ein interessantes Jobangebot bekommen, als sie auf einer Jobbörse zugegen war.;Linda hat mindestens zweimal ein interessantes Jobangebot bekommen.;jabo/bert-base-german-cased-xnli-de;entailment;1;0.05192207172513008;0.1051589772105217;0.8429189324378967
11_ai_bi1_cannot_say_pos;Vor zwei Monaten hat Thorsten Linda ein interessantes Jobangebot offeriert.;Vor zwei Tagen hat Linda wieder ein interessantes Jobangebot bekommen, als sie auf einer Jobbörse zugegen war.;Es lässt sich nicht sagen, wie oft Linda ein interessantes Jobangebot bekommen hat.;unknown;11;ai;bi;1;positive;cannot say;False;;;Vor zwei Monaten hat Thorsten Linda ein interessantes Jobangebot offeriert. Vor zwei Tagen hat Linda wieder ein interessantes Jobangebot bekommen, als sie auf einer Jobbörse zugegen war.;Es lässt sich nicht sagen, wie oft Linda ein interessantes Jobangebot bekommen hat.;jabo/bert-base-german-cased-xnli-de;contradiction;0;0.881563663482666;0.09952814131975174;0.018908191472291946
11_ai_bi2_once_neu;Vor zwei Monaten hat Thorsten Linda ein interessantes Jobangebot offeriert.;Vor zwei Tagen hat Thorsten wieder ein interessantes Jobangebot bekommen, als er auf einer Jobbörse zugegen war.;Thorsten hat einmal ein interessantes Jobangebot bekommen.;entailment;11;ai;bi;2;neutral;once;False;;;Vor zwei Monaten hat Thorsten Linda ein interessantes Jobangebot offeriert. Vor zwei Tagen hat Thorsten wieder ein interessantes Jobangebot bekommen, als er auf einer Jobbörse zugegen war.;Thorsten hat einmal ein interessantes Jobangebot bekommen.;jabo/bert-base-german-cased-xnli-de;entailment;1;0.020238514989614487;0.044306136667728424;0.9354553818702698
11_ai_bi2_twice_neu;Vor zwei Monaten hat Thorsten Linda ein interessantes Jobangebot offeriert.;Vor zwei Tagen hat Thorsten wieder ein interessantes Jobangebot bekommen, als er auf einer Jobbörse zugegen war.;Thorsten hat mindestens zweimal ein interessantes Jobangebot bekommen.;unknown;11;ai;bi;2;neutral;twice;False;;;Vor zwei Monaten hat Thorsten Linda ein interessantes Jobangebot offeriert. Vor zwei Tagen hat Thorsten wieder ein interessantes Jobangebot bekommen, als er auf einer Jobbörse zugegen war.;Thorsten hat mindestens zweimal ein interessantes Jobangebot bekommen.;jabo/bert-base-german-cased-xnli-de;entailment;0;0.05374809354543686;0.10474089533090591;0.841511070728302
11_ai_bi2_cannot_say_neu;Vor zwei Monaten hat Thorsten Linda ein interessantes Jobangebot offeriert.;Vor zwei Tagen hat Thorsten wieder ein interessantes Jobangebot bekommen, als er auf einer Jobbörse zugegen war.;Es lässt sich nicht sagen, wie oft Thorsten ein interessantes Jobangebot bekommen hat.;unknown;11;ai;bi;2;neutral;cannot say;False;;;Vor zwei Monaten hat Thorsten Linda ein interessantes Jobangebot offeriert. Vor zwei Tagen hat Thorsten wieder ein interessantes Jobangebot bekommen, als er auf einer Jobbörse zugegen war.;Es lässt sich nicht sagen, wie oft Thorsten ein interessantes Jobangebot bekommen hat.;jabo/bert-base-german-cased-xnli-de;contradiction;0;0.8788427710533142;0.10122648626565933;0.019930751994252205
11_ai_bii1_once_neu;Vor zwei Monaten hat Thorsten Linda ein interessantes Jobangebot offeriert.;Vor zwei Tagen hat Linda wieder ein interessantes Jobangebot gemacht, als sie auf einer Jobbörse zugegen war.;Linda hat einmal ein interessantes Jobangebot gemacht.;entailment;11;ai;bii;1;neutral;once;False;;;Vor zwei Monaten hat Thorsten Linda ein interessantes Jobangebot offeriert. Vor zwei Tagen hat Linda wieder ein interessantes Jobangebot gemacht, als sie auf einer Jobbörse zugegen war.;Linda hat einmal ein interessantes Jobangebot gemacht.;jabo/bert-base-german-cased-xnli-de;entailment;1;0.019820576533675194;0.04365980252623558;0.9365196824073792
11_ai_bii1_twice_neu;Vor zwei Monaten hat Thorsten Linda ein interessantes Jobangebot offeriert.;Vor zwei Tagen hat Linda wieder ein interessantes Jobangebot gemacht, als sie auf einer Jobbörse zugegen war.;Linda hat mindestens zweimal ein interessantes Jobangebot gemacht.;unknown;11;ai;bii;1;neutral;twice;False;;;Vor zwei Monaten hat Thorsten Linda ein interessantes Jobangebot offeriert. Vor zwei Tagen hat Linda wieder ein interessantes Jobangebot gemacht, als sie auf einer Jobbörse zugegen war.;Linda hat mindestens zweimal ein interessantes Jobangebot gemacht.;jabo/bert-base-german-cased-xnli-de;entailment;0;0.04846331104636192;0.11322952806949615;0.8383072018623352
11_ai_bii1_cannot_say_neu;Vor zwei Monaten hat Thorsten Linda ein interessantes Jobangebot offeriert.;Vor zwei Tagen hat Linda wieder ein interessantes Jobangebot gemacht, als sie auf einer Jobbörse zugegen war.;Es lässt sich nicht sagen, wie oft Linda ein interessantes Jobangebot gemacht hat.;unknown;11;ai;bii;1;neutral;cannot say;False;;;Vor zwei Monaten hat Thorsten Linda ein interessantes Jobangebot offeriert. Vor zwei Tagen hat Linda wieder ein interessantes Jobangebot gemacht, als sie auf einer Jobbörse zugegen war.;Es lässt sich nicht sagen, wie oft Linda ein interessantes Jobangebot gemacht hat.;jabo/bert-base-german-cased-xnli-de;contradiction;0;0.8767036199569702;0.10380542278289795;0.019490938633680344
11_ai_bii2_once_pos;Vor zwei Monaten hat Thorsten Linda ein interessantes Jobangebot offeriert.;Vor zwei Tagen hat Thorsten wieder ein interessantes Jobangebot gemacht, als er auf einer Jobbörse zugegen war.;Thorsten hat einmal ein interessantes Jobangebot gemacht.;unknown;11;ai;bii;2;positive;once;False;;;Vor zwei Monaten hat Thorsten Linda ein interessantes Jobangebot offeriert. Vor zwei Tagen hat Thorsten wieder ein interessantes Jobangebot gemacht, als er auf einer Jobbörse zugegen war.;Thorsten hat einmal ein interessantes Jobangebot gemacht.;jabo/bert-base-german-cased-xnli-de;entailment;0;0.020003745332360268;0.044380661100149155;0.935615599155426
11_ai_bii2_twice_pos;Vor zwei Monaten hat Thorsten Linda ein interessantes Jobangebot offeriert.;Vor zwei Tagen hat Thorsten wieder ein interessantes Jobangebot gemacht, als er auf einer Jobbörse zugegen war.;Thorsten hat mindestens zweimal ein interessantes Jobangebot gemacht.;entailment;11;ai;bii;2;positive;twice;False;;;Vor zwei Monaten hat Thorsten Linda ein interessantes Jobangebot offeriert. Vor zwei Tagen hat Thorsten wieder ein interessantes Jobangebot gemacht, als er auf einer Jobbörse zugegen war.;Thorsten hat mindestens zweimal ein interessantes Jobangebot gemacht.;jabo/bert-base-german-cased-xnli-de;entailment;1;0.050352148711681366;0.1144055724143982;0.8352422714233398
11_ai_bii2_cannot_say_pos;Vor zwei Monaten hat Thorsten Linda ein interessantes Jobangebot offeriert.;Vor zwei Tagen hat Thorsten wieder ein interessantes Jobangebot gemacht, als er auf einer Jobbörse zugegen war.;Es lässt sich nicht sagen, wie oft Thorsten ein interessantes Jobangebot gemacht hat.;unknown;11;ai;bii;2;positive;cannot say;False;;;Vor zwei Monaten hat Thorsten Linda ein interessantes Jobangebot offeriert. Vor zwei Tagen hat Thorsten wieder ein interessantes Jobangebot gemacht, als er auf einer Jobbörse zugegen war.;Es lässt sich nicht sagen, wie oft Thorsten ein interessantes Jobangebot gemacht hat.;jabo/bert-base-german-cased-xnli-de;contradiction;0;0.8650493621826172;0.11402676999568939;0.02092384546995163
11_aii_bi1_once_neu;Vor zwei Monaten hat Linda Thorsten ein interessantes Jobangebot offeriert.;Vor zwei Tagen hat Linda wieder ein interessantes Jobangebot bekommen, als sie auf einer Jobbörse zugegen war.;Linda hat einmal ein interessantes Jobangebot bekommen.;entailment;11;aii;bi;1;neutral;once;False;;;Vor zwei Monaten hat Linda Thorsten ein interessantes Jobangebot offeriert. Vor zwei Tagen hat Linda wieder ein interessantes Jobangebot bekommen, als sie auf einer Jobbörse zugegen war.;Linda hat einmal ein interessantes Jobangebot bekommen.;jabo/bert-base-german-cased-xnli-de;entailment;1;0.019928988069295883;0.04328456148505211;0.9367864727973938
11_aii_bi1_twice_neu;Vor zwei Monaten hat Linda Thorsten ein interessantes Jobangebot offeriert.;Vor zwei Tagen hat Linda wieder ein interessantes Jobangebot bekommen, als sie auf einer Jobbörse zugegen war.;Linda hat mindestens zweimal ein interessantes Jobangebot bekommen.;unknown;11;aii;bi;1;neutral;twice;False;;;Vor zwei Monaten hat Linda Thorsten ein interessantes Jobangebot offeriert. Vor zwei Tagen hat Linda wieder ein interessantes Jobangebot bekommen, als sie auf einer Jobbörse zugegen war.;Linda hat mindestens zweimal ein interessantes Jobangebot bekommen.;jabo/bert-base-german-cased-xnli-de;entailment;0;0.0547766275703907;0.10475218296051025;0.8404711484909058
11_aii_bi1_cannot_say_neu;Vor zwei Monaten hat Linda Thorsten ein interessantes Jobangebot offeriert.;Vor zwei Tagen hat Linda wieder ein interessantes Jobangebot bekommen, als sie auf einer Jobbörse zugegen war.;Es lässt sich nicht sagen, wie oft Linda ein interessantes Jobangebot bekommen hat.;unknown;11;aii;bi;1;neutral;cannot say;False;;;Vor zwei Monaten hat Linda Thorsten ein interessantes Jobangebot offeriert. Vor zwei Tagen hat Linda wieder ein interessantes Jobangebot bekommen, als sie auf einer Jobbörse zugegen war.;Es lässt sich nicht sagen, wie oft Linda ein interessantes Jobangebot bekommen hat.;jabo/bert-base-german-cased-xnli-de;contradiction;0;0.8809848427772522;0.09945601224899292;0.019559070467948914
11_aii_bi2_once_pos;Vor zwei Monaten hat Linda Thorsten ein interessantes Jobangebot offeriert.;Vor zwei Tagen hat Thorsten wieder ein interessantes Jobangebot bekommen, als er auf einer Jobbörse zugegen war.;Thorsten hat einmal ein interessantes Jobangebot bekommen.;unknown;11;aii;bi;2;positive;once;False;;;Vor zwei Monaten hat Linda Thorsten ein interessantes Jobangebot offeriert. Vor zwei Tagen hat Thorsten wieder ein interessantes Jobangebot bekommen, als er auf einer Jobbörse zugegen war.;Thorsten hat einmal ein interessantes Jobangebot bekommen.;jabo/bert-base-german-cased-xnli-de;entailment;0;0.02007327228784561;0.04432985559105873;0.9355968236923218
11_aii_bi2_twice_pos;Vor zwei Monaten hat Linda Thorsten ein interessantes Jobangebot offeriert.;Vor zwei Tagen hat Thorsten wieder ein interessantes Jobangebot bekommen, als er auf einer Jobbörse zugegen war.;Thorsten hat mindestens zweimal ein interessantes Jobangebot bekommen.;entailment;11;aii;bi;2;positive;twice;False;;;Vor zwei Monaten hat Linda Thorsten ein interessantes Jobangebot offeriert. Vor zwei Tagen hat Thorsten wieder ein interessantes Jobangebot bekommen, als er auf einer Jobbörse zugegen war.;Thorsten hat mindestens zweimal ein interessantes Jobangebot bekommen.;jabo/bert-base-german-cased-xnli-de;entailment;1;0.054078567773103714;0.10563034564256668;0.8402910828590393
11_aii_bi2_cannot_say_pos;Vor zwei Monaten hat Linda Thorsten ein interessantes Jobangebot offeriert.;Vor zwei Tagen hat Thorsten wieder ein interessantes Jobangebot bekommen, als er auf einer Jobbörse zugegen war.;Es lässt sich nicht sagen, wie oft Thorsten ein interessantes Jobangebot bekommen hat.;unknown;11;aii;bi;2;positive;cannot say;False;;;Vor zwei Monaten hat Linda Thorsten ein interessantes Jobangebot offeriert. Vor zwei Tagen hat Thorsten wieder ein interessantes Jobangebot bekommen, als er auf einer Jobbörse zugegen war.;Es lässt sich nicht sagen, wie oft Thorsten ein interessantes Jobangebot bekommen hat.;jabo/bert-base-german-cased-xnli-de;contradiction;0;0.8776482939720154;0.10220672190189362;0.020145023241639137
11_aii_bii1_once_pos;Vor zwei Monaten hat Linda Thorsten ein interessantes Jobangebot offeriert.;Vor zwei Tagen hat Linda wieder ein interessantes Jobangebot gemacht, als sie auf einer Jobbörse zugegen war.;Linda hat einmal ein interessantes Jobangebot gemacht.;unknown;11;aii;bii;1;positive;once;False;;;Vor zwei Monaten hat Linda Thorsten ein interessantes Jobangebot offeriert. Vor zwei Tagen hat Linda wieder ein interessantes Jobangebot gemacht, als sie auf einer Jobbörse zugegen war.;Linda hat einmal ein interessantes Jobangebot gemacht.;jabo/bert-base-german-cased-xnli-de;entailment;0;0.019772889092564583;0.04345770180225372;0.936769425868988
11_aii_bii1_twice_pos;Vor zwei Monaten hat Linda Thorsten ein interessantes Jobangebot offeriert.;Vor zwei Tagen hat Linda wieder ein interessantes Jobangebot gemacht, als sie auf einer Jobbörse zugegen war.;Linda hat mindestens zweimal ein interessantes Jobangebot gemacht.;entailment;11;aii;bii;1;positive;twice;False;;;Vor zwei Monaten hat Linda Thorsten ein interessantes Jobangebot offeriert. Vor zwei Tagen hat Linda wieder ein interessantes Jobangebot gemacht, als sie auf einer Jobbörse zugegen war.;Linda hat mindestens zweimal ein interessantes Jobangebot gemacht.;jabo/bert-base-german-cased-xnli-de;entailment;1;0.04958359897136688;0.11139699816703796;0.8390193581581116
11_aii_bii1_cannot_say_pos;Vor zwei Monaten hat Linda Thorsten ein interessantes Jobangebot offeriert.;Vor zwei Tagen hat Linda wieder ein interessantes Jobangebot gemacht, als sie auf einer Jobbörse zugegen war.;Es lässt sich nicht sagen, wie oft Linda ein interessantes Jobangebot gemacht hat.;unknown;11;aii;bii;1;positive;cannot say;False;;;Vor zwei Monaten hat Linda Thorsten ein interessantes Jobangebot offeriert. Vor zwei Tagen hat Linda wieder ein interessantes Jobangebot gemacht, als sie auf einer Jobbörse zugegen war.;Es lässt sich nicht sagen, wie oft Linda ein interessantes Jobangebot gemacht hat.;jabo/bert-base-german-cased-xnli-de;contradiction;0;0.8759859800338745;0.10367253422737122;0.02034149505198002
11_aii_bii2_once_neu;Vor zwei Monaten hat Linda Thorsten ein interessantes Jobangebot offeriert.;Vor zwei Tagen hat Thorsten wieder ein interessantes Jobangebot gemacht, als er auf einer Jobbörse zugegen war.;Thorsten hat einmal ein interessantes Jobangebot gemacht.;entailment;11;aii;bii;2;neutral;once;False;;;Vor zwei Monaten hat Linda Thorsten ein interessantes Jobangebot offeriert. Vor zwei Tagen hat Thorsten wieder ein interessantes Jobangebot gemacht, als er auf einer Jobbörse zugegen war.;Thorsten hat einmal ein interessantes Jobangebot gemacht.;jabo/bert-base-german-cased-xnli-de;entailment;1;0.0198746919631958;0.0444682277739048;0.9356570243835449
11_aii_bii2_twice_neu;Vor zwei Monaten hat Linda Thorsten ein interessantes Jobangebot offeriert.;Vor zwei Tagen hat Thorsten wieder ein interessantes Jobangebot gemacht, als er auf einer Jobbörse zugegen war.;Thorsten hat mindestens zweimal ein interessantes Jobangebot gemacht.;unknown;11;aii;bii;2;neutral;twice;False;;;Vor zwei Monaten hat Linda Thorsten ein interessantes Jobangebot offeriert. Vor zwei Tagen hat Thorsten wieder ein interessantes Jobangebot gemacht, als er auf einer Jobbörse zugegen war.;Thorsten hat mindestens zweimal ein interessantes Jobangebot gemacht.;jabo/bert-base-german-cased-xnli-de;entailment;0;0.05036306381225586;0.1139213815331459;0.8357155919075012
11_aii_bii2_cannot_say_neu;Vor zwei Monaten hat Linda Thorsten ein interessantes Jobangebot offeriert.;Vor zwei Tagen hat Thorsten wieder ein interessantes Jobangebot gemacht, als er auf einer Jobbörse zugegen war.;Es lässt sich nicht sagen, wie oft Thorsten ein interessantes Jobangebot gemacht hat.;unknown;11;aii;bii;2;neutral;cannot say;False;;;Vor zwei Monaten hat Linda Thorsten ein interessantes Jobangebot offeriert. Vor zwei Tagen hat Thorsten wieder ein interessantes Jobangebot gemacht, als er auf einer Jobbörse zugegen war.;Es lässt sich nicht sagen, wie oft Thorsten ein interessantes Jobangebot gemacht hat.;jabo/bert-base-german-cased-xnli-de;contradiction;0;0.8643471002578735;0.11441579461097717;0.021237147971987724
12_ai_bi1_once_pos;Vor drei Jahren hat Thorsten für Timo einen großen Kleiderschrank gekauft.;Vor einer Woche hat Timo wieder einen großen Kleiderschrank bekommen, weil er mit einem Freund ausgemistet hat.;Timo hat einmal einen großen Kleiderschrank bekommen.;unknown;12;ai;bi;1;positive;once;False;;;Vor drei Jahren hat Thorsten für Timo einen großen Kleiderschrank gekauft. Vor einer Woche hat Timo wieder einen großen Kleiderschrank bekommen, weil er mit einem Freund ausgemistet hat.;Timo hat einmal einen großen Kleiderschrank bekommen.;jabo/bert-base-german-cased-xnli-de;entailment;0;0.02200249210000038;0.04753602296113968;0.9304614663124084
12_ai_bi1_twice_pos;Vor drei Jahren hat Thorsten für Timo einen großen Kleiderschrank gekauft.;Vor einer Woche hat Timo wieder einen großen Kleiderschrank bekommen, weil er mit einem Freund ausgemistet hat.;Timo hat mindestens zweimal einen großen Kleiderschrank bekommen.;entailment;12;ai;bi;1;positive;twice;False;;;Vor drei Jahren hat Thorsten für Timo einen großen Kleiderschrank gekauft. Vor einer Woche hat Timo wieder einen großen Kleiderschrank bekommen, weil er mit einem Freund ausgemistet hat.;Timo hat mindestens zweimal einen großen Kleiderschrank bekommen.;jabo/bert-base-german-cased-xnli-de;contradiction;0;0.46278733015060425;0.16587692499160767;0.3713357448577881
12_ai_bi1_cannot_say_pos;Vor drei Jahren hat Thorsten für Timo einen großen Kleiderschrank gekauft.;Vor einer Woche hat Timo wieder einen großen Kleiderschrank bekommen, weil er mit einem Freund ausgemistet hat.;Es lässt sich nicht sagen, wie oft Timo einen großen Kleiderschrank bekommen hat.;unknown;12;ai;bi;1;positive;cannot say;False;;;Vor drei Jahren hat Thorsten für Timo einen großen Kleiderschrank gekauft. Vor einer Woche hat Timo wieder einen großen Kleiderschrank bekommen, weil er mit einem Freund ausgemistet hat.;Es lässt sich nicht sagen, wie oft Timo einen großen Kleiderschrank bekommen hat.;jabo/bert-base-german-cased-xnli-de;contradiction;0;0.8439175486564636;0.131931871175766;0.024150654673576355
12_ai_bi2_once_neu;Vor drei Jahren hat Thorsten für Timo einen großen Kleiderschrank gekauft.;Vor einer Woche hat Thorsten wieder einen großen Kleiderschrank bekommen, weil er mit einem Freund ausgemistet hat.;Thorsten hat einmal einen großen Kleiderschrank bekommen.;entailment;12;ai;bi;2;neutral;once;False;;;Vor drei Jahren hat Thorsten für Timo einen großen Kleiderschrank gekauft. Vor einer Woche hat Thorsten wieder einen großen Kleiderschrank bekommen, weil er mit einem Freund ausgemistet hat.;Thorsten hat einmal einen großen Kleiderschrank bekommen.;jabo/bert-base-german-cased-xnli-de;entailment;1;0.023416131734848022;0.07806015759706497;0.8985236883163452
12_ai_bi2_twice_neu;Vor drei Jahren hat Thorsten für Timo einen großen Kleiderschrank gekauft.;Vor einer Woche hat Thorsten wieder einen großen Kleiderschrank bekommen, weil er mit einem Freund ausgemistet hat.;Thorsten hat mindestens zweimal einen großen Kleiderschrank bekommen.;unknown;12;ai;bi;2;neutral;twice;False;;;Vor drei Jahren hat Thorsten für Timo einen großen Kleiderschrank gekauft. Vor einer Woche hat Thorsten wieder einen großen Kleiderschrank bekommen, weil er mit einem Freund ausgemistet hat.;Thorsten hat mindestens zweimal einen großen Kleiderschrank bekommen.;jabo/bert-base-german-cased-xnli-de;contradiction;0;0.497964471578598;0.22778436541557312;0.27425116300582886
12_ai_bi2_cannot_say_neu;Vor drei Jahren hat Thorsten für Timo einen großen Kleiderschrank gekauft.;Vor einer Woche hat Thorsten wieder einen großen Kleiderschrank bekommen, weil er mit einem Freund ausgemistet hat.;Es lässt sich nicht sagen, wie oft Thorsten einen großen Kleiderschrank bekommen hat.;unknown;12;ai;bi;2;neutral;cannot say;False;;;Vor drei Jahren hat Thorsten für Timo einen großen Kleiderschrank gekauft. Vor einer Woche hat Thorsten wieder einen großen Kleiderschrank bekommen, weil er mit einem Freund ausgemistet hat.;Es lässt sich nicht sagen, wie oft Thorsten einen großen Kleiderschrank bekommen hat.;jabo/bert-base-german-cased-xnli-de;contradiction;0;0.8530002236366272;0.12595421075820923;0.02104557864367962
12_ai_bii1_once_neu;Vor drei Jahren hat Thorsten für Timo einen großen Kleiderschrank gekauft.;Vor einer Woche hat Timo wieder einen großen Kleiderschrank weggegeben, weil er mit einem Freund ausgemistet hat.;Timo hat einmal einen großen Kleiderschrank weggegeben.;entailment;12;ai;bii;1;neutral;once;False;;;Vor drei Jahren hat Thorsten für Timo einen großen Kleiderschrank gekauft. Vor einer Woche hat Timo wieder einen großen Kleiderschrank weggegeben, weil er mit einem Freund ausgemistet hat.;Timo hat einmal einen großen Kleiderschrank weggegeben.;jabo/bert-base-german-cased-xnli-de;entailment;1;0.025725118815898895;0.059838153421878815;0.9144366979598999
12_ai_bii1_twice_neu;Vor drei Jahren hat Thorsten für Timo einen großen Kleiderschrank gekauft.;Vor einer Woche hat Timo wieder einen großen Kleiderschrank weggegeben, weil er mit einem Freund ausgemistet hat.;Timo hat mindestens zweimal einen großen Kleiderschrank weggegeben.;unknown;12;ai;bii;1;neutral;twice;False;;;Vor drei Jahren hat Thorsten für Timo einen großen Kleiderschrank gekauft. Vor einer Woche hat Timo wieder einen großen Kleiderschrank weggegeben, weil er mit einem Freund ausgemistet hat.;Timo hat mindestens zweimal einen großen Kleiderschrank weggegeben.;jabo/bert-base-german-cased-xnli-de;contradiction;0;0.43506142497062683;0.1754515916109085;0.38948702812194824
12_ai_bii1_cannot_say_neu;Vor drei Jahren hat Thorsten für Timo einen großen Kleiderschrank gekauft.;Vor einer Woche hat Timo wieder einen großen Kleiderschrank weggegeben, weil er mit einem Freund ausgemistet hat.;Es lässt sich nicht sagen, wie oft Timo einen großen Kleiderschrank weggegeben hat.;unknown;12;ai;bii;1;neutral;cannot say;False;;;Vor drei Jahren hat Thorsten für Timo einen großen Kleiderschrank gekauft. Vor einer Woche hat Timo wieder einen großen Kleiderschrank weggegeben, weil er mit einem Freund ausgemistet hat.;Es lässt sich nicht sagen, wie oft Timo einen großen Kleiderschrank weggegeben hat.;jabo/bert-base-german-cased-xnli-de;contradiction;0;0.7528223395347595;0.19338800013065338;0.053789690136909485
12_ai_bii2_once_pos;Vor drei Jahren hat Thorsten für Timo einen großen Kleiderschrank gekauft.;Vor einer Woche hat Thorsten wieder einen großen Kleiderschrank weggegeben, weil er mit einem Freund ausgemistet hat.;Thorsten hat einmal einen großen Kleiderschrank weggegeben.;unknown;12;ai;bii;2;positive;once;False;;;Vor drei Jahren hat Thorsten für Timo einen großen Kleiderschrank gekauft. Vor einer Woche hat Thorsten wieder einen großen Kleiderschrank weggegeben, weil er mit einem Freund ausgemistet hat.;Thorsten hat einmal einen großen Kleiderschrank weggegeben.;jabo/bert-base-german-cased-xnli-de;entailment;0;0.027188770473003387;0.05397824943065643;0.9188330173492432
12_ai_bii2_twice_pos;Vor drei Jahren hat Thorsten für Timo einen großen Kleiderschrank gekauft.;Vor einer Woche hat Thorsten wieder einen großen Kleiderschrank weggegeben, weil er mit einem Freund ausgemistet hat.;Thorsten hat mindestens zweimal einen großen Kleiderschrank weggegeben.;entailment;12;ai;bii;2;positive;twice;False;;;Vor drei Jahren hat Thorsten für Timo einen großen Kleiderschrank gekauft. Vor einer Woche hat Thorsten wieder einen großen Kleiderschrank weggegeben, weil er mit einem Freund ausgemistet hat.;Thorsten hat mindestens zweimal einen großen Kleiderschrank weggegeben.;jabo/bert-base-german-cased-xnli-de;entailment;1;0.2680281400680542;0.08739005774259567;0.6445817947387695
12_ai_bii2_cannot_say_pos;Vor drei Jahren hat Thorsten für Timo einen großen Kleiderschrank gekauft.;Vor einer Woche hat Thorsten wieder einen großen Kleiderschrank weggegeben, weil er mit einem Freund ausgemistet hat.;Es lässt sich nicht sagen, wie oft Thorsten einen großen Kleiderschrank weggegeben hat.;unknown;12;ai;bii;2;positive;cannot say;False;;;Vor drei Jahren hat Thorsten für Timo einen großen Kleiderschrank gekauft. Vor einer Woche hat Thorsten wieder einen großen Kleiderschrank weggegeben, weil er mit einem Freund ausgemistet hat.;Es lässt sich nicht sagen, wie oft Thorsten einen großen Kleiderschrank weggegeben hat.;jabo/bert-base-german-cased-xnli-de;contradiction;0;0.674190104007721;0.22939886152744293;0.09641101956367493
12_aii_bi1_once_neu;Vor drei Jahren hat Timo für Thorsten einen großen Kleiderschrank gekauft.;Vor einer Woche hat Timo wieder einen großen Kleiderschrank bekommen, weil er mit einem Freund ausgemistet hat.;Timo hat einmal einen großen Kleiderschrank bekommen.;entailment;12;aii;bi;1;neutral;once;False;;;Vor drei Jahren hat Timo für Thorsten einen großen Kleiderschrank gekauft. Vor einer Woche hat Timo wieder einen großen Kleiderschrank bekommen, weil er mit einem Freund ausgemistet hat.;Timo hat einmal einen großen Kleiderschrank bekommen.;jabo/bert-base-german-cased-xnli-de;entailment;1;0.021683206781744957;0.046465739607810974;0.9318510293960571
12_aii_bi1_twice_neu;Vor drei Jahren hat Timo für Thorsten einen großen Kleiderschrank gekauft.;Vor einer Woche hat Timo wieder einen großen Kleiderschrank bekommen, weil er mit einem Freund ausgemistet hat.;Timo hat mindestens zweimal einen großen Kleiderschrank bekommen.;unknown;12;aii;bi;1;neutral;twice;False;;;Vor drei Jahren hat Timo für Thorsten einen großen Kleiderschrank gekauft. Vor einer Woche hat Timo wieder einen großen Kleiderschrank bekommen, weil er mit einem Freund ausgemistet hat.;Timo hat mindestens zweimal einen großen Kleiderschrank bekommen.;jabo/bert-base-german-cased-xnli-de;contradiction;0;0.4428708851337433;0.15523256361484528;0.40189650654792786
12_aii_bi1_cannot_say_neu;Vor drei Jahren hat Timo für Thorsten einen großen Kleiderschrank gekauft.;Vor einer Woche hat Timo wieder einen großen Kleiderschrank bekommen, weil er mit einem Freund ausgemistet hat.;Es lässt sich nicht sagen, wie oft Timo einen großen Kleiderschrank bekommen hat.;unknown;12;aii;bi;1;neutral;cannot say;False;;;Vor drei Jahren hat Timo für Thorsten einen großen Kleiderschrank gekauft. Vor einer Woche hat Timo wieder einen großen Kleiderschrank bekommen, weil er mit einem Freund ausgemistet hat.;Es lässt sich nicht sagen, wie oft Timo einen großen Kleiderschrank bekommen hat.;jabo/bert-base-german-cased-xnli-de;contradiction;0;0.8466796278953552;0.12977798283100128;0.02354239672422409
12_aii_bi2_once_pos;Vor drei Jahren hat Timo für Thorsten einen großen Kleiderschrank gekauft.;Vor einer Woche hat Thorsten wieder einen großen Kleiderschrank bekommen, weil er mit einem Freund ausgemistet hat.;Thorsten hat einmal einen großen Kleiderschrank bekommen.;unknown;12;aii;bi;2;positive;once;False;;;Vor drei Jahren hat Timo für Thorsten einen großen Kleiderschrank gekauft. Vor einer Woche hat Thorsten wieder einen großen Kleiderschrank bekommen, weil er mit einem Freund ausgemistet hat.;Thorsten hat einmal einen großen Kleiderschrank bekommen.;jabo/bert-base-german-cased-xnli-de;entailment;0;0.02267909049987793;0.06594094634056091;0.9113799333572388
12_aii_bi2_twice_pos;Vor drei Jahren hat Timo für Thorsten einen großen Kleiderschrank gekauft.;Vor einer Woche hat Thorsten wieder einen großen Kleiderschrank bekommen, weil er mit einem Freund ausgemistet hat.;Thorsten hat mindestens zweimal einen großen Kleiderschrank bekommen.;entailment;12;aii;bi;2;positive;twice;False;;;Vor drei Jahren hat Timo für Thorsten einen großen Kleiderschrank gekauft. Vor einer Woche hat Thorsten wieder einen großen Kleiderschrank bekommen, weil er mit einem Freund ausgemistet hat.;Thorsten hat mindestens zweimal einen großen Kleiderschrank bekommen.;jabo/bert-base-german-cased-xnli-de;contradiction;0;0.42854538559913635;0.19625751674175262;0.37519702315330505
12_aii_bi2_cannot_say_pos;Vor drei Jahren hat Timo für Thorsten einen großen Kleiderschrank gekauft.;Vor einer Woche hat Thorsten wieder einen großen Kleiderschrank bekommen, weil er mit einem Freund ausgemistet hat.;Es lässt sich nicht sagen, wie oft Thorsten einen großen Kleiderschrank bekommen hat.;unknown;12;aii;bi;2;positive;cannot say;False;;;Vor drei Jahren hat Timo für Thorsten einen großen Kleiderschrank gekauft. Vor einer Woche hat Thorsten wieder einen großen Kleiderschrank bekommen, weil er mit einem Freund ausgemistet hat.;Es lässt sich nicht sagen, wie oft Thorsten einen großen Kleiderschrank bekommen hat.;jabo/bert-base-german-cased-xnli-de;contradiction;0;0.8589141368865967;0.12112871557474136;0.01995719037950039
12_aii_bii1_once_pos;Vor drei Jahren hat Timo für Thorsten einen großen Kleiderschrank gekauft.;Vor einer Woche hat Timo wieder einen großen Kleiderschrank weggegeben, weil er mit einem Freund ausgemistet hat.;Timo hat einmal einen großen Kleiderschrank weggegeben.;unknown;12;aii;bii;1;positive;once;False;;;Vor drei Jahren hat Timo für Thorsten einen großen Kleiderschrank gekauft. Vor einer Woche hat Timo wieder einen großen Kleiderschrank weggegeben, weil er mit einem Freund ausgemistet hat.;Timo hat einmal einen großen Kleiderschrank weggegeben.;jabo/bert-base-german-cased-xnli-de;entailment;0;0.024837970733642578;0.05620729923248291;0.9189546704292297
12_aii_bii1_twice_pos;Vor drei Jahren hat Timo für Thorsten einen großen Kleiderschrank gekauft.;Vor einer Woche hat Timo wieder einen großen Kleiderschrank weggegeben, weil er mit einem Freund ausgemistet hat.;Timo hat mindestens zweimal einen großen Kleiderschrank weggegeben.;entailment;12;aii;bii;1;positive;twice;False;;;Vor drei Jahren hat Timo für Thorsten einen großen Kleiderschrank gekauft. Vor einer Woche hat Timo wieder einen großen Kleiderschrank weggegeben, weil er mit einem Freund ausgemistet hat.;Timo hat mindestens zweimal einen großen Kleiderschrank weggegeben.;jabo/bert-base-german-cased-xnli-de;contradiction;0;0.4402681589126587;0.16531863808631897;0.39441320300102234
12_aii_bii1_cannot_say_pos;Vor drei Jahren hat Timo für Thorsten einen großen Kleiderschrank gekauft.;Vor einer Woche hat Timo wieder einen großen Kleiderschrank weggegeben, weil er mit einem Freund ausgemistet hat.;Es lässt sich nicht sagen, wie oft Timo einen großen Kleiderschrank weggegeben hat.;unknown;12;aii;bii;1;positive;cannot say;False;;;Vor drei Jahren hat Timo für Thorsten einen großen Kleiderschrank gekauft. Vor einer Woche hat Timo wieder einen großen Kleiderschrank weggegeben, weil er mit einem Freund ausgemistet hat.;Es lässt sich nicht sagen, wie oft Timo einen großen Kleiderschrank weggegeben hat.;jabo/bert-base-german-cased-xnli-de;contradiction;0;0.7677281498908997;0.18212279677391052;0.05014905706048012
12_aii_bii2_once_neu;Vor drei Jahren hat Timo für Thorsten einen großen Kleiderschrank gekauft.;Vor einer Woche hat Thorsten wieder einen großen Kleiderschrank weggegeben, weil er mit einem Freund ausgemistet hat.;Thorsten hat einmal einen großen Kleiderschrank weggegeben.;entailment;12;aii;bii;2;neutral;once;False;;;Vor drei Jahren hat Timo für Thorsten einen großen Kleiderschrank gekauft. Vor einer Woche hat Thorsten wieder einen großen Kleiderschrank weggegeben, weil er mit einem Freund ausgemistet hat.;Thorsten hat einmal einen großen Kleiderschrank weggegeben.;jabo/bert-base-german-cased-xnli-de;entailment;1;0.02721453085541725;0.05422406643629074;0.9185614585876465
12_aii_bii2_twice_neu;Vor drei Jahren hat Timo für Thorsten einen großen Kleiderschrank gekauft.;Vor einer Woche hat Thorsten wieder einen großen Kleiderschrank weggegeben, weil er mit einem Freund ausgemistet hat.;Thorsten hat mindestens zweimal einen großen Kleiderschrank weggegeben.;unknown;12;aii;bii;2;neutral;twice;False;;;Vor drei Jahren hat Timo für Thorsten einen großen Kleiderschrank gekauft. Vor einer Woche hat Thorsten wieder einen großen Kleiderschrank weggegeben, weil er mit einem Freund ausgemistet hat.;Thorsten hat mindestens zweimal einen großen Kleiderschrank weggegeben.;jabo/bert-base-german-cased-xnli-de;entailment;0;0.22526229918003082;0.08611682802438736;0.6886208057403564
12_aii_bii2_cannot_say_neu;Vor drei Jahren hat Timo für Thorsten einen großen Kleiderschrank gekauft.;Vor einer Woche hat Thorsten wieder einen großen Kleiderschrank weggegeben, weil er mit einem Freund ausgemistet hat.;Es lässt sich nicht sagen, wie oft Thorsten einen großen Kleiderschrank weggegeben hat.;unknown;12;aii;bii;2;neutral;cannot say;False;;;Vor drei Jahren hat Timo für Thorsten einen großen Kleiderschrank gekauft. Vor einer Woche hat Thorsten wieder einen großen Kleiderschrank weggegeben, weil er mit einem Freund ausgemistet hat.;Es lässt sich nicht sagen, wie oft Thorsten einen großen Kleiderschrank weggegeben hat.;jabo/bert-base-german-cased-xnli-de;contradiction;0;0.6751657724380493;0.22951869666576385;0.09531552344560623
13_ai_bi1_once_pos;Letzte Woche hat Thorsten Greta mit einem spannenden Auftrag betreut.;Vor zwei Tagen hat Greta wieder einen spannenden Auftrag ausgeführt, als sie an einer Konferenz teilgenommen hat.;Greta hat einmal einen spannenden Auftrag ausgeführt.;unknown;13;ai;bi;1;positive;once;False;;;Letzte Woche hat Thorsten Greta mit einem spannenden Auftrag betreut. Vor zwei Tagen hat Greta wieder einen spannenden Auftrag ausgeführt, als sie an einer Konferenz teilgenommen hat.;Greta hat einmal einen spannenden Auftrag ausgeführt.;jabo/bert-base-german-cased-xnli-de;entailment;0;0.01976933516561985;0.04299360141158104;0.937237024307251
13_ai_bi1_twice_pos;Letzte Woche hat Thorsten Greta mit einem spannenden Auftrag betreut.;Vor zwei Tagen hat Greta wieder einen spannenden Auftrag ausgeführt, als sie an einer Konferenz teilgenommen hat.;Greta hat mindestens zweimal einen spannenden Auftrag ausgeführt.;entailment;13;ai;bi;1;positive;twice;False;;;Letzte Woche hat Thorsten Greta mit einem spannenden Auftrag betreut. Vor zwei Tagen hat Greta wieder einen spannenden Auftrag ausgeführt, als sie an einer Konferenz teilgenommen hat.;Greta hat mindestens zweimal einen spannenden Auftrag ausgeführt.;jabo/bert-base-german-cased-xnli-de;entailment;1;0.036309320479631424;0.08252830058336258;0.8811624050140381
13_ai_bi1_cannot_say_pos;Letzte Woche hat Thorsten Greta mit einem spannenden Auftrag betreut.;Vor zwei Tagen hat Greta wieder einen spannenden Auftrag ausgeführt, als sie an einer Konferenz teilgenommen hat.;Es lässt sich nicht sagen, wie oft Greta einen spannenden Auftrag ausgeführt hat.;unknown;13;ai;bi;1;positive;cannot say;False;;;Letzte Woche hat Thorsten Greta mit einem spannenden Auftrag betreut. Vor zwei Tagen hat Greta wieder einen spannenden Auftrag ausgeführt, als sie an einer Konferenz teilgenommen hat.;Es lässt sich nicht sagen, wie oft Greta einen spannenden Auftrag ausgeführt hat.;jabo/bert-base-german-cased-xnli-de;contradiction;0;0.8634803295135498;0.10387175530195236;0.03264790028333664
13_ai_bi2_once_neu;Letzte Woche hat Thorsten Greta mit einem spannenden Auftrag betreut.;Vor zwei Tagen hat Thorsten wieder einen spannenden Auftrag ausgeführt, als er an einer Konferenz teilgenommen hat.;Thorsten hat einmal einen spannenden Auftrag ausgeführt.;entailment;13;ai;bi;2;neutral;once;False;;;Letzte Woche hat Thorsten Greta mit einem spannenden Auftrag betreut. Vor zwei Tagen hat Thorsten wieder einen spannenden Auftrag ausgeführt, als er an einer Konferenz teilgenommen hat.;Thorsten hat einmal einen spannenden Auftrag ausgeführt.;jabo/bert-base-german-cased-xnli-de;entailment;1;0.01931788958609104;0.04453517869114876;0.9361469745635986
13_ai_bi2_twice_neu;Letzte Woche hat Thorsten Greta mit einem spannenden Auftrag betreut.;Vor zwei Tagen hat Thorsten wieder einen spannenden Auftrag ausgeführt, als er an einer Konferenz teilgenommen hat.;Thorsten hat mindestens zweimal einen spannenden Auftrag ausgeführt.;unknown;13;ai;bi;2;neutral;twice;False;;;Letzte Woche hat Thorsten Greta mit einem spannenden Auftrag betreut. Vor zwei Tagen hat Thorsten wieder einen spannenden Auftrag ausgeführt, als er an einer Konferenz teilgenommen hat.;Thorsten hat mindestens zweimal einen spannenden Auftrag ausgeführt.;jabo/bert-base-german-cased-xnli-de;entailment;0;0.03895356506109238;0.08936384320259094;0.8716826438903809
13_ai_bi2_cannot_say_neu;Letzte Woche hat Thorsten Greta mit einem spannenden Auftrag betreut.;Vor zwei Tagen hat Thorsten wieder einen spannenden Auftrag ausgeführt, als er an einer Konferenz teilgenommen hat.;Es lässt sich nicht sagen, wie oft Thorsten einen spannenden Auftrag ausgeführt hat.;unknown;13;ai;bi;2;neutral;cannot say;False;;;Letzte Woche hat Thorsten Greta mit einem spannenden Auftrag betreut. Vor zwei Tagen hat Thorsten wieder einen spannenden Auftrag ausgeführt, als er an einer Konferenz teilgenommen hat.;Es lässt sich nicht sagen, wie oft Thorsten einen spannenden Auftrag ausgeführt hat.;jabo/bert-base-german-cased-xnli-de;contradiction;0;0.8439289331436157;0.1158260703086853;0.040244974195957184
13_ai_bii1_once_neu;Letzte Woche hat Thorsten Greta mit einem spannenden Auftrag betreut.;Vor zwei Tagen hat Greta wieder einen spannenden Auftrag vergeben, als sie an einer Konferenz teilgenommen hat.;Greta hat einmal einen spannenden Auftrag vergeben.;entailment;13;ai;bii;1;neutral;once;False;;;Letzte Woche hat Thorsten Greta mit einem spannenden Auftrag betreut. Vor zwei Tagen hat Greta wieder einen spannenden Auftrag vergeben, als sie an einer Konferenz teilgenommen hat.;Greta hat einmal einen spannenden Auftrag vergeben.;jabo/bert-base-german-cased-xnli-de;entailment;1;0.019421862438321114;0.04352389648556709;0.9370542168617249
13_ai_bii1_twice_neu;Letzte Woche hat Thorsten Greta mit einem spannenden Auftrag betreut.;Vor zwei Tagen hat Greta wieder einen spannenden Auftrag vergeben, als sie an einer Konferenz teilgenommen hat.;Greta hat mindestens zweimal einen spannenden Auftrag vergeben.;unknown;13;ai;bii;1;neutral;twice;False;;;Letzte Woche hat Thorsten Greta mit einem spannenden Auftrag betreut. Vor zwei Tagen hat Greta wieder einen spannenden Auftrag vergeben, als sie an einer Konferenz teilgenommen hat.;Greta hat mindestens zweimal einen spannenden Auftrag vergeben.;jabo/bert-base-german-cased-xnli-de;entailment;0;0.040392957627773285;0.08480672538280487;0.8748003244400024
13_ai_bii1_cannot_say_neu;Letzte Woche hat Thorsten Greta mit einem spannenden Auftrag betreut.;Vor zwei Tagen hat Greta wieder einen spannenden Auftrag vergeben, als sie an einer Konferenz teilgenommen hat.;Es lässt sich nicht sagen, wie oft Greta einen spannenden Auftrag vergeben hat.;unknown;13;ai;bii;1;neutral;cannot say;False;;;Letzte Woche hat Thorsten Greta mit einem spannenden Auftrag betreut. Vor zwei Tagen hat Greta wieder einen spannenden Auftrag vergeben, als sie an einer Konferenz teilgenommen hat.;Es lässt sich nicht sagen, wie oft Greta einen spannenden Auftrag vergeben hat.;jabo/bert-base-german-cased-xnli-de;contradiction;0;0.8688895106315613;0.10101103782653809;0.03009944222867489
13_ai_bii2_once_pos;Letzte Woche hat Thorsten Greta mit einem spannenden Auftrag betreut.;Vor zwei Tagen hat Thorsten wieder einen spannenden Auftrag vergeben, als er an einer Konferenz teilgenommen hat.;Thorsten hat einmal einen spannenden Auftrag vergeben.;unknown;13;ai;bii;2;positive;once;False;;;Letzte Woche hat Thorsten Greta mit einem spannenden Auftrag betreut. Vor zwei Tagen hat Thorsten wieder einen spannenden Auftrag vergeben, als er an einer Konferenz teilgenommen hat.;Thorsten hat einmal einen spannenden Auftrag vergeben.;jabo/bert-base-german-cased-xnli-de;entailment;0;0.0189052727073431;0.04659353569149971;0.9345012307167053
13_ai_bii2_twice_pos;Letzte Woche hat Thorsten Greta mit einem spannenden Auftrag betreut.;Vor zwei Tagen hat Thorsten wieder einen spannenden Auftrag vergeben, als er an einer Konferenz teilgenommen hat.;Thorsten hat mindestens zweimal einen spannenden Auftrag vergeben.;entailment;13;ai;bii;2;positive;twice;False;;;Letzte Woche hat Thorsten Greta mit einem spannenden Auftrag betreut. Vor zwei Tagen hat Thorsten wieder einen spannenden Auftrag vergeben, als er an einer Konferenz teilgenommen hat.;Thorsten hat mindestens zweimal einen spannenden Auftrag vergeben.;jabo/bert-base-german-cased-xnli-de;entailment;1;0.0420711375772953;0.08347535133361816;0.8744534850120544
13_ai_bii2_cannot_say_pos;Letzte Woche hat Thorsten Greta mit einem spannenden Auftrag betreut.;Vor zwei Tagen hat Thorsten wieder einen spannenden Auftrag vergeben, als er an einer Konferenz teilgenommen hat.;Es lässt sich nicht sagen, wie oft Thorsten einen spannenden Auftrag vergeben hat.;unknown;13;ai;bii;2;positive;cannot say;False;;;Letzte Woche hat Thorsten Greta mit einem spannenden Auftrag betreut. Vor zwei Tagen hat Thorsten wieder einen spannenden Auftrag vergeben, als er an einer Konferenz teilgenommen hat.;Es lässt sich nicht sagen, wie oft Thorsten einen spannenden Auftrag vergeben hat.;jabo/bert-base-german-cased-xnli-de;contradiction;0;0.8588616847991943;0.10776124894618988;0.033377066254615784
13_aii_bi1_once_neu;Letzte Woche hat Greta Thorsten mit einem spannenden Auftrag betreut.;Vor zwei Tagen hat Greta wieder einen spannenden Auftrag ausgeführt, als sie an einer Konferenz teilgenommen hat.;Greta hat einmal einen spannenden Auftrag ausgeführt.;entailment;13;aii;bi;1;neutral;once;False;;;Letzte Woche hat Greta Thorsten mit einem spannenden Auftrag betreut. Vor zwei Tagen hat Greta wieder einen spannenden Auftrag ausgeführt, als sie an einer Konferenz teilgenommen hat.;Greta hat einmal einen spannenden Auftrag ausgeführt.;jabo/bert-base-german-cased-xnli-de;entailment;1;0.019638322293758392;0.04301340878009796;0.9373482465744019
13_aii_bi1_twice_neu;Letzte Woche hat Greta Thorsten mit einem spannenden Auftrag betreut.;Vor zwei Tagen hat Greta wieder einen spannenden Auftrag ausgeführt, als sie an einer Konferenz teilgenommen hat.;Greta hat mindestens zweimal einen spannenden Auftrag ausgeführt.;unknown;13;aii;bi;1;neutral;twice;False;;;Letzte Woche hat Greta Thorsten mit einem spannenden Auftrag betreut. Vor zwei Tagen hat Greta wieder einen spannenden Auftrag ausgeführt, als sie an einer Konferenz teilgenommen hat.;Greta hat mindestens zweimal einen spannenden Auftrag ausgeführt.;jabo/bert-base-german-cased-xnli-de;entailment;0;0.03509701415896416;0.08260802179574966;0.8822949528694153
13_aii_bi1_cannot_say_neu;Letzte Woche hat Greta Thorsten mit einem spannenden Auftrag betreut.;Vor zwei Tagen hat Greta wieder einen spannenden Auftrag ausgeführt, als sie an einer Konferenz teilgenommen hat.;Es lässt sich nicht sagen, wie oft Greta einen spannenden Auftrag ausgeführt hat.;unknown;13;aii;bi;1;neutral;cannot say;False;;;Letzte Woche hat Greta Thorsten mit einem spannenden Auftrag betreut. Vor zwei Tagen hat Greta wieder einen spannenden Auftrag ausgeführt, als sie an einer Konferenz teilgenommen hat.;Es lässt sich nicht sagen, wie oft Greta einen spannenden Auftrag ausgeführt hat.;jabo/bert-base-german-cased-xnli-de;contradiction;0;0.8624148964881897;0.10385285317897797;0.033732302486896515
13_aii_bi2_once_pos;Letzte Woche hat Greta Thorsten mit einem spannenden Auftrag betreut.;Vor zwei Tagen hat Thorsten wieder einen spannenden Auftrag ausgeführt, als er an einer Konferenz teilgenommen hat.;Thorsten hat einmal einen spannenden Auftrag ausgeführt.;unknown;13;aii;bi;2;positive;once;False;;;Letzte Woche hat Greta Thorsten mit einem spannenden Auftrag betreut. Vor zwei Tagen hat Thorsten wieder einen spannenden Auftrag ausgeführt, als er an einer Konferenz teilgenommen hat.;Thorsten hat einmal einen spannenden Auftrag ausgeführt.;jabo/bert-base-german-cased-xnli-de;entailment;0;0.019401444122195244;0.044080737978219986;0.9365177750587463
13_aii_bi2_twice_pos;Letzte Woche hat Greta Thorsten mit einem spannenden Auftrag betreut.;Vor zwei Tagen hat Thorsten wieder einen spannenden Auftrag ausgeführt, als er an einer Konferenz teilgenommen hat.;Thorsten hat mindestens zweimal einen spannenden Auftrag ausgeführt.;entailment;13;aii;bi;2;positive;twice;False;;;Letzte Woche hat Greta Thorsten mit einem spannenden Auftrag betreut. Vor zwei Tagen hat Thorsten wieder einen spannenden Auftrag ausgeführt, als er an einer Konferenz teilgenommen hat.;Thorsten hat mindestens zweimal einen spannenden Auftrag ausgeführt.;jabo/bert-base-german-cased-xnli-de;entailment;1;0.03968624398112297;0.09455420076847076;0.8657594919204712
13_aii_bi2_cannot_say_pos;Letzte Woche hat Greta Thorsten mit einem spannenden Auftrag betreut.;Vor zwei Tagen hat Thorsten wieder einen spannenden Auftrag ausgeführt, als er an einer Konferenz teilgenommen hat.;Es lässt sich nicht sagen, wie oft Thorsten einen spannenden Auftrag ausgeführt hat.;unknown;13;aii;bi;2;positive;cannot say;False;;;Letzte Woche hat Greta Thorsten mit einem spannenden Auftrag betreut. Vor zwei Tagen hat Thorsten wieder einen spannenden Auftrag ausgeführt, als er an einer Konferenz teilgenommen hat.;Es lässt sich nicht sagen, wie oft Thorsten einen spannenden Auftrag ausgeführt hat.;jabo/bert-base-german-cased-xnli-de;contradiction;0;0.8472533822059631;0.11484839767217636;0.03789825737476349
13_aii_bii1_once_pos;Letzte Woche hat Greta Thorsten mit einem spannenden Auftrag betreut.;Vor zwei Tagen hat Greta wieder einen spannenden Auftrag vergeben, als sie an einer Konferenz teilgenommen hat.;Greta hat einmal einen spannenden Auftrag vergeben.;unknown;13;aii;bii;1;positive;once;False;;;Letzte Woche hat Greta Thorsten mit einem spannenden Auftrag betreut. Vor zwei Tagen hat Greta wieder einen spannenden Auftrag vergeben, als sie an einer Konferenz teilgenommen hat.;Greta hat einmal einen spannenden Auftrag vergeben.;jabo/bert-base-german-cased-xnli-de;entailment;0;0.01950829103589058;0.04333513230085373;0.9371564984321594
13_aii_bii1_twice_pos;Letzte Woche hat Greta Thorsten mit einem spannenden Auftrag betreut.;Vor zwei Tagen hat Greta wieder einen spannenden Auftrag vergeben, als sie an einer Konferenz teilgenommen hat.;Greta hat mindestens zweimal einen spannenden Auftrag vergeben.;entailment;13;aii;bii;1;positive;twice;False;;;Letzte Woche hat Greta Thorsten mit einem spannenden Auftrag betreut. Vor zwei Tagen hat Greta wieder einen spannenden Auftrag vergeben, als sie an einer Konferenz teilgenommen hat.;Greta hat mindestens zweimal einen spannenden Auftrag vergeben.;jabo/bert-base-german-cased-xnli-de;entailment;1;0.03893153741955757;0.08367583155632019;0.8773926496505737
13_aii_bii1_cannot_say_pos;Letzte Woche hat Greta Thorsten mit einem spannenden Auftrag betreut.;Vor zwei Tagen hat Greta wieder einen spannenden Auftrag vergeben, als sie an einer Konferenz teilgenommen hat.;Es lässt sich nicht sagen, wie oft Greta einen spannenden Auftrag vergeben hat.;unknown;13;aii;bii;1;positive;cannot say;False;;;Letzte Woche hat Greta Thorsten mit einem spannenden Auftrag betreut. Vor zwei Tagen hat Greta wieder einen spannenden Auftrag vergeben, als sie an einer Konferenz teilgenommen hat.;Es lässt sich nicht sagen, wie oft Greta einen spannenden Auftrag vergeben hat.;jabo/bert-base-german-cased-xnli-de;contradiction;0;0.865937352180481;0.10214675217866898;0.031915828585624695
13_aii_bii2_once_neu;Letzte Woche hat Greta Thorsten mit einem spannenden Auftrag betreut.;Vor zwei Tagen hat Thorsten wieder einen spannenden Auftrag vergeben, als er an einer Konferenz teilgenommen hat.;Thorsten hat einmal einen spannenden Auftrag vergeben.;entailment;13;aii;bii;2;neutral;once;False;;;Letzte Woche hat Greta Thorsten mit einem spannenden Auftrag betreut. Vor zwei Tagen hat Thorsten wieder einen spannenden Auftrag vergeben, als er an einer Konferenz teilgenommen hat.;Thorsten hat einmal einen spannenden Auftrag vergeben.;jabo/bert-base-german-cased-xnli-de;entailment;1;0.018712008371949196;0.04508793354034424;0.9362000226974487
13_aii_bii2_twice_neu;Letzte Woche hat Greta Thorsten mit einem spannenden Auftrag betreut.;Vor zwei Tagen hat Thorsten wieder einen spannenden Auftrag vergeben, als er an einer Konferenz teilgenommen hat.;Thorsten hat mindestens zweimal einen spannenden Auftrag vergeben.;unknown;13;aii;bii;2;neutral;twice;False;;;Letzte Woche hat Greta Thorsten mit einem spannenden Auftrag betreut. Vor zwei Tagen hat Thorsten wieder einen spannenden Auftrag vergeben, als er an einer Konferenz teilgenommen hat.;Thorsten hat mindestens zweimal einen spannenden Auftrag vergeben.;jabo/bert-base-german-cased-xnli-de;entailment;0;0.04422840476036072;0.08577235788106918;0.8699992299079895
13_aii_bii2_cannot_say_neu;Letzte Woche hat Greta Thorsten mit einem spannenden Auftrag betreut.;Vor zwei Tagen hat Thorsten wieder einen spannenden Auftrag vergeben, als er an einer Konferenz teilgenommen hat.;Es lässt sich nicht sagen, wie oft Thorsten einen spannenden Auftrag vergeben hat.;unknown;13;aii;bii;2;neutral;cannot say;False;;;Letzte Woche hat Greta Thorsten mit einem spannenden Auftrag betreut. Vor zwei Tagen hat Thorsten wieder einen spannenden Auftrag vergeben, als er an einer Konferenz teilgenommen hat.;Es lässt sich nicht sagen, wie oft Thorsten einen spannenden Auftrag vergeben hat.;jabo/bert-base-german-cased-xnli-de;contradiction;0;0.8634585738182068;0.10587866604328156;0.030662838369607925
14_ai_bi1_once_pos;Letzten Monat hat Thorsten Sabine ein selbstgemaltes Bild gezeigt.;Vor zwei Wochen hat Sabine wieder ein selbstgemaltes Bild gesehen, als sie mit einer Künstlerin verabredet war.;Sabine hat einmal ein selbstgemaltes Bild gesehen.;unknown;14;ai;bi;1;positive;once;False;;;Letzten Monat hat Thorsten Sabine ein selbstgemaltes Bild gezeigt. Vor zwei Wochen hat Sabine wieder ein selbstgemaltes Bild gesehen, als sie mit einer Künstlerin verabredet war.;Sabine hat einmal ein selbstgemaltes Bild gesehen.;jabo/bert-base-german-cased-xnli-de;entailment;0;0.027794143185019493;0.05125080421566963;0.9209551215171814
14_ai_bi1_twice_pos;Letzten Monat hat Thorsten Sabine ein selbstgemaltes Bild gezeigt.;Vor zwei Wochen hat Sabine wieder ein selbstgemaltes Bild gesehen, als sie mit einer Künstlerin verabredet war.;Sabine hat mindestens zweimal ein selbstgemaltes Bild gesehen.;entailment;14;ai;bi;1;positive;twice;False;;;Letzten Monat hat Thorsten Sabine ein selbstgemaltes Bild gezeigt. Vor zwei Wochen hat Sabine wieder ein selbstgemaltes Bild gesehen, als sie mit einer Künstlerin verabredet war.;Sabine hat mindestens zweimal ein selbstgemaltes Bild gesehen.;jabo/bert-base-german-cased-xnli-de;entailment;1;0.03336823359131813;0.05938069149851799;0.9072511196136475
14_ai_bi1_cannot_say_pos;Letzten Monat hat Thorsten Sabine ein selbstgemaltes Bild gezeigt.;Vor zwei Wochen hat Sabine wieder ein selbstgemaltes Bild gesehen, als sie mit einer Künstlerin verabredet war.;Es lässt sich nicht sagen, wie oft Sabine ein selbstgemaltes Bild gesehen hat.;unknown;14;ai;bi;1;positive;cannot say;False;;;Letzten Monat hat Thorsten Sabine ein selbstgemaltes Bild gezeigt. Vor zwei Wochen hat Sabine wieder ein selbstgemaltes Bild gesehen, als sie mit einer Künstlerin verabredet war.;Es lässt sich nicht sagen, wie oft Sabine ein selbstgemaltes Bild gesehen hat.;jabo/bert-base-german-cased-xnli-de;contradiction;0;0.7863406538963318;0.13534213602542877;0.07831722497940063
14_ai_bi2_once_neu;Letzten Monat hat Thorsten Sabine ein selbstgemaltes Bild gezeigt.;Vor zwei Wochen hat Thorsten wieder ein selbstgemaltes Bild gesehen, als er mit einer Künstlerin verabredet war.;Thorsten hat einmal ein selbstgemaltes Bild gesehen.;entailment;14;ai;bi;2;neutral;once;False;;;Letzten Monat hat Thorsten Sabine ein selbstgemaltes Bild gezeigt. Vor zwei Wochen hat Thorsten wieder ein selbstgemaltes Bild gesehen, als er mit einer Künstlerin verabredet war.;Thorsten hat einmal ein selbstgemaltes Bild gesehen.;jabo/bert-base-german-cased-xnli-de;entailment;1;0.02871205285191536;0.052945755422115326;0.9183422327041626
14_ai_bi2_twice_neu;Letzten Monat hat Thorsten Sabine ein selbstgemaltes Bild gezeigt.;Vor zwei Wochen hat Thorsten wieder ein selbstgemaltes Bild gesehen, als er mit einer Künstlerin verabredet war.;Thorsten hat mindestens zweimal ein selbstgemaltes Bild gesehen.;unknown;14;ai;bi;2;neutral;twice;False;;;Letzten Monat hat Thorsten Sabine ein selbstgemaltes Bild gezeigt. Vor zwei Wochen hat Thorsten wieder ein selbstgemaltes Bild gesehen, als er mit einer Künstlerin verabredet war.;Thorsten hat mindestens zweimal ein selbstgemaltes Bild gesehen.;jabo/bert-base-german-cased-xnli-de;entailment;0;0.0821121335029602;0.07437232881784439;0.8435155749320984
14_ai_bi2_cannot_say_neu;Letzten Monat hat Thorsten Sabine ein selbstgemaltes Bild gezeigt.;Vor zwei Wochen hat Thorsten wieder ein selbstgemaltes Bild gesehen, als er mit einer Künstlerin verabredet war.;Es lässt sich nicht sagen, wie oft Thorsten ein selbstgemaltes Bild gesehen hat.;unknown;14;ai;bi;2;neutral;cannot say;False;;;Letzten Monat hat Thorsten Sabine ein selbstgemaltes Bild gezeigt. Vor zwei Wochen hat Thorsten wieder ein selbstgemaltes Bild gesehen, als er mit einer Künstlerin verabredet war.;Es lässt sich nicht sagen, wie oft Thorsten ein selbstgemaltes Bild gesehen hat.;jabo/bert-base-german-cased-xnli-de;contradiction;0;0.780603289604187;0.1569785177707672;0.062418192625045776
14_ai_bii1_once_neu;Letzten Monat hat Thorsten Sabine ein selbstgemaltes Bild gezeigt.;Vor zwei Wochen hat Sabine wieder ein selbstgemaltes Bild präsentiert, als sie mit einer Künstlerin verabredet war.;Sabine hat einmal ein selbstgemaltes Bild präsentiert.;entailment;14;ai;bii;1;neutral;once;False;;;Letzten Monat hat Thorsten Sabine ein selbstgemaltes Bild gezeigt. Vor zwei Wochen hat Sabine wieder ein selbstgemaltes Bild präsentiert, als sie mit einer Künstlerin verabredet war.;Sabine hat einmal ein selbstgemaltes Bild präsentiert.;jabo/bert-base-german-cased-xnli-de;entailment;1;0.025448329746723175;0.04797711595892906;0.9265745282173157
14_ai_bii1_twice_neu;Letzten Monat hat Thorsten Sabine ein selbstgemaltes Bild gezeigt.;Vor zwei Wochen hat Sabine wieder ein selbstgemaltes Bild präsentiert, als sie mit einer Künstlerin verabredet war.;Sabine hat mindestens zweimal ein selbstgemaltes Bild präsentiert.;unknown;14;ai;bii;1;neutral;twice;False;;;Letzten Monat hat Thorsten Sabine ein selbstgemaltes Bild gezeigt. Vor zwei Wochen hat Sabine wieder ein selbstgemaltes Bild präsentiert, als sie mit einer Künstlerin verabredet war.;Sabine hat mindestens zweimal ein selbstgemaltes Bild präsentiert.;jabo/bert-base-german-cased-xnli-de;entailment;0;0.03811062499880791;0.0606316402554512;0.9012577533721924
14_ai_bii1_cannot_say_neu;Letzten Monat hat Thorsten Sabine ein selbstgemaltes Bild gezeigt.;Vor zwei Wochen hat Sabine wieder ein selbstgemaltes Bild präsentiert, als sie mit einer Künstlerin verabredet war.;Es lässt sich nicht sagen, wie oft Sabine ein selbstgemaltes Bild präsentiert hat.;unknown;14;ai;bii;1;neutral;cannot say;False;;;Letzten Monat hat Thorsten Sabine ein selbstgemaltes Bild gezeigt. Vor zwei Wochen hat Sabine wieder ein selbstgemaltes Bild präsentiert, als sie mit einer Künstlerin verabredet war.;Es lässt sich nicht sagen, wie oft Sabine ein selbstgemaltes Bild präsentiert hat.;jabo/bert-base-german-cased-xnli-de;contradiction;0;0.7990553975105286;0.14275962114334106;0.05818501114845276
14_ai_bii2_once_pos;Letzten Monat hat Thorsten Sabine ein selbstgemaltes Bild gezeigt.;Vor zwei Wochen hat Thorsten wieder ein selbstgemaltes Bild präsentiert, als er mit einer Künstlerin verabredet war.;Thorsten hat einmal ein selbstgemaltes Bild präsentiert.;unknown;14;ai;bii;2;positive;once;False;;;Letzten Monat hat Thorsten Sabine ein selbstgemaltes Bild gezeigt. Vor zwei Wochen hat Thorsten wieder ein selbstgemaltes Bild präsentiert, als er mit einer Künstlerin verabredet war.;Thorsten hat einmal ein selbstgemaltes Bild präsentiert.;jabo/bert-base-german-cased-xnli-de;entailment;0;0.028388602659106255;0.05266519635915756;0.9189462065696716
14_ai_bii2_twice_pos;Letzten Monat hat Thorsten Sabine ein selbstgemaltes Bild gezeigt.;Vor zwei Wochen hat Thorsten wieder ein selbstgemaltes Bild präsentiert, als er mit einer Künstlerin verabredet war.;Thorsten hat mindestens zweimal ein selbstgemaltes Bild präsentiert.;entailment;14;ai;bii;2;positive;twice;False;;;Letzten Monat hat Thorsten Sabine ein selbstgemaltes Bild gezeigt. Vor zwei Wochen hat Thorsten wieder ein selbstgemaltes Bild präsentiert, als er mit einer Künstlerin verabredet war.;Thorsten hat mindestens zweimal ein selbstgemaltes Bild präsentiert.;jabo/bert-base-german-cased-xnli-de;entailment;1;0.10178499668836594;0.07749254256486893;0.8207224011421204
14_ai_bii2_cannot_say_pos;Letzten Monat hat Thorsten Sabine ein selbstgemaltes Bild gezeigt.;Vor zwei Wochen hat Thorsten wieder ein selbstgemaltes Bild präsentiert, als er mit einer Künstlerin verabredet war.;Es lässt sich nicht sagen, wie oft Thorsten ein selbstgemaltes Bild präsentiert hat.;unknown;14;ai;bii;2;positive;cannot say;False;;;Letzten Monat hat Thorsten Sabine ein selbstgemaltes Bild gezeigt. Vor zwei Wochen hat Thorsten wieder ein selbstgemaltes Bild präsentiert, als er mit einer Künstlerin verabredet war.;Es lässt sich nicht sagen, wie oft Thorsten ein selbstgemaltes Bild präsentiert hat.;jabo/bert-base-german-cased-xnli-de;contradiction;0;0.8049302697181702;0.1545775830745697;0.040492165833711624
14_aii_bi1_once_neu;Letzten Monat hat Sabine Thorsten ein selbstgemaltes Bild gezeigt.;Vor zwei Wochen hat Sabine wieder ein selbstgemaltes Bild gesehen, als sie mit einer Künstlerin verabredet war.;Sabine hat einmal ein selbstgemaltes Bild gesehen.;entailment;14;aii;bi;1;neutral;once;False;;;Letzten Monat hat Sabine Thorsten ein selbstgemaltes Bild gezeigt. Vor zwei Wochen hat Sabine wieder ein selbstgemaltes Bild gesehen, als sie mit einer Künstlerin verabredet war.;Sabine hat einmal ein selbstgemaltes Bild gesehen.;jabo/bert-base-german-cased-xnli-de;entailment;1;0.02703758142888546;0.04990184307098389;0.9230605363845825
14_aii_bi1_twice_neu;Letzten Monat hat Sabine Thorsten ein selbstgemaltes Bild gezeigt.;Vor zwei Wochen hat Sabine wieder ein selbstgemaltes Bild gesehen, als sie mit einer Künstlerin verabredet war.;Sabine hat mindestens zweimal ein selbstgemaltes Bild gesehen.;unknown;14;aii;bi;1;neutral;twice;False;;;Letzten Monat hat Sabine Thorsten ein selbstgemaltes Bild gezeigt. Vor zwei Wochen hat Sabine wieder ein selbstgemaltes Bild gesehen, als sie mit einer Künstlerin verabredet war.;Sabine hat mindestens zweimal ein selbstgemaltes Bild gesehen.;jabo/bert-base-german-cased-xnli-de;entailment;0;0.03925178572535515;0.060423847287893295;0.9003243446350098
14_aii_bi1_cannot_say_neu;Letzten Monat hat Sabine Thorsten ein selbstgemaltes Bild gezeigt.;Vor zwei Wochen hat Sabine wieder ein selbstgemaltes Bild gesehen, als sie mit einer Künstlerin verabredet war.;Es lässt sich nicht sagen, wie oft Sabine ein selbstgemaltes Bild gesehen hat.;unknown;14;aii;bi;1;neutral;cannot say;False;;;Letzten Monat hat Sabine Thorsten ein selbstgemaltes Bild gezeigt. Vor zwei Wochen hat Sabine wieder ein selbstgemaltes Bild gesehen, als sie mit einer Künstlerin verabredet war.;Es lässt sich nicht sagen, wie oft Sabine ein selbstgemaltes Bild gesehen hat.;jabo/bert-base-german-cased-xnli-de;contradiction;0;0.7902622818946838;0.13326072692871094;0.07647702097892761
14_aii_bi2_once_pos;Letzten Monat hat Sabine Thorsten ein selbstgemaltes Bild gezeigt.;Vor zwei Wochen hat Thorsten wieder ein selbstgemaltes Bild gesehen, als er mit einer Künstlerin verabredet war.;Thorsten hat einmal ein selbstgemaltes Bild gesehen.;unknown;14;aii;bi;2;positive;once;False;;;Letzten Monat hat Sabine Thorsten ein selbstgemaltes Bild gezeigt. Vor zwei Wochen hat Thorsten wieder ein selbstgemaltes Bild gesehen, als er mit einer Künstlerin verabredet war.;Thorsten hat einmal ein selbstgemaltes Bild gesehen.;jabo/bert-base-german-cased-xnli-de;entailment;0;0.028843218460679054;0.05278213694691658;0.9183747172355652
14_aii_bi2_twice_pos;Letzten Monat hat Sabine Thorsten ein selbstgemaltes Bild gezeigt.;Vor zwei Wochen hat Thorsten wieder ein selbstgemaltes Bild gesehen, als er mit einer Künstlerin verabredet war.;Thorsten hat mindestens zweimal ein selbstgemaltes Bild gesehen.;entailment;14;aii;bi;2;positive;twice;False;;;Letzten Monat hat Sabine Thorsten ein selbstgemaltes Bild gezeigt. Vor zwei Wochen hat Thorsten wieder ein selbstgemaltes Bild gesehen, als er mit einer Künstlerin verabredet war.;Thorsten hat mindestens zweimal ein selbstgemaltes Bild gesehen.;jabo/bert-base-german-cased-xnli-de;entailment;1;0.08215741813182831;0.0750650092959404;0.8427775502204895
14_aii_bi2_cannot_say_pos;Letzten Monat hat Sabine Thorsten ein selbstgemaltes Bild gezeigt.;Vor zwei Wochen hat Thorsten wieder ein selbstgemaltes Bild gesehen, als er mit einer Künstlerin verabredet war.;Es lässt sich nicht sagen, wie oft Thorsten ein selbstgemaltes Bild gesehen hat.;unknown;14;aii;bi;2;positive;cannot say;False;;;Letzten Monat hat Sabine Thorsten ein selbstgemaltes Bild gezeigt. Vor zwei Wochen hat Thorsten wieder ein selbstgemaltes Bild gesehen, als er mit einer Künstlerin verabredet war.;Es lässt sich nicht sagen, wie oft Thorsten ein selbstgemaltes Bild gesehen hat.;jabo/bert-base-german-cased-xnli-de;contradiction;0;0.7866958379745483;0.1521950662136078;0.06110900267958641
14_aii_bii1_once_pos;Letzten Monat hat Sabine Thorsten ein selbstgemaltes Bild gezeigt.;Vor zwei Wochen hat Sabine wieder ein selbstgemaltes Bild präsentiert, als sie mit einer Künstlerin verabredet war.;Sabine hat einmal ein selbstgemaltes Bild präsentiert.;unknown;14;aii;bii;1;positive;once;False;;;Letzten Monat hat Sabine Thorsten ein selbstgemaltes Bild gezeigt. Vor zwei Wochen hat Sabine wieder ein selbstgemaltes Bild präsentiert, als sie mit einer Künstlerin verabredet war.;Sabine hat einmal ein selbstgemaltes Bild präsentiert.;jabo/bert-base-german-cased-xnli-de;entailment;0;0.02511005848646164;0.04682163521647453;0.9280682802200317
14_aii_bii1_twice_pos;Letzten Monat hat Sabine Thorsten ein selbstgemaltes Bild gezeigt.;Vor zwei Wochen hat Sabine wieder ein selbstgemaltes Bild präsentiert, als sie mit einer Künstlerin verabredet war.;Sabine hat mindestens zweimal ein selbstgemaltes Bild präsentiert.;entailment;14;aii;bii;1;positive;twice;False;;;Letzten Monat hat Sabine Thorsten ein selbstgemaltes Bild gezeigt. Vor zwei Wochen hat Sabine wieder ein selbstgemaltes Bild präsentiert, als sie mit einer Künstlerin verabredet war.;Sabine hat mindestens zweimal ein selbstgemaltes Bild präsentiert.;jabo/bert-base-german-cased-xnli-de;entailment;1;0.0451720766723156;0.06168828904628754;0.893139660358429
14_aii_bii1_cannot_say_pos;Letzten Monat hat Sabine Thorsten ein selbstgemaltes Bild gezeigt.;Vor zwei Wochen hat Sabine wieder ein selbstgemaltes Bild präsentiert, als sie mit einer Künstlerin verabredet war.;Es lässt sich nicht sagen, wie oft Sabine ein selbstgemaltes Bild präsentiert hat.;unknown;14;aii;bii;1;positive;cannot say;False;;;Letzten Monat hat Sabine Thorsten ein selbstgemaltes Bild gezeigt. Vor zwei Wochen hat Sabine wieder ein selbstgemaltes Bild präsentiert, als sie mit einer Künstlerin verabredet war.;Es lässt sich nicht sagen, wie oft Sabine ein selbstgemaltes Bild präsentiert hat.;jabo/bert-base-german-cased-xnli-de;contradiction;0;0.7922371029853821;0.14147935807704926;0.06628352403640747
14_aii_bii2_once_neu;Letzten Monat hat Sabine Thorsten ein selbstgemaltes Bild gezeigt.;Vor zwei Wochen hat Thorsten wieder ein selbstgemaltes Bild präsentiert, als er mit einer Künstlerin verabredet war.;Thorsten hat einmal ein selbstgemaltes Bild präsentiert.;entailment;14;aii;bii;2;neutral;once;False;;;Letzten Monat hat Sabine Thorsten ein selbstgemaltes Bild gezeigt. Vor zwei Wochen hat Thorsten wieder ein selbstgemaltes Bild präsentiert, als er mit einer Künstlerin verabredet war.;Thorsten hat einmal ein selbstgemaltes Bild präsentiert.;jabo/bert-base-german-cased-xnli-de;entailment;1;0.028571520000696182;0.05258575826883316;0.9188427329063416
14_aii_bii2_twice_neu;Letzten Monat hat Sabine Thorsten ein selbstgemaltes Bild gezeigt.;Vor zwei Wochen hat Thorsten wieder ein selbstgemaltes Bild präsentiert, als er mit einer Künstlerin verabredet war.;Thorsten hat mindestens zweimal ein selbstgemaltes Bild präsentiert.;unknown;14;aii;bii;2;neutral;twice;False;;;Letzten Monat hat Sabine Thorsten ein selbstgemaltes Bild gezeigt. Vor zwei Wochen hat Thorsten wieder ein selbstgemaltes Bild präsentiert, als er mit einer Künstlerin verabredet war.;Thorsten hat mindestens zweimal ein selbstgemaltes Bild präsentiert.;jabo/bert-base-german-cased-xnli-de;entailment;0;0.10312770307064056;0.07954562455415726;0.8173266649246216
14_aii_bii2_cannot_say_neu;Letzten Monat hat Sabine Thorsten ein selbstgemaltes Bild gezeigt.;Vor zwei Wochen hat Thorsten wieder ein selbstgemaltes Bild präsentiert, als er mit einer Künstlerin verabredet war.;Es lässt sich nicht sagen, wie oft Thorsten ein selbstgemaltes Bild präsentiert hat.;unknown;14;aii;bii;2;neutral;cannot say;False;;;Letzten Monat hat Sabine Thorsten ein selbstgemaltes Bild gezeigt. Vor zwei Wochen hat Thorsten wieder ein selbstgemaltes Bild präsentiert, als er mit einer Künstlerin verabredet war.;Es lässt sich nicht sagen, wie oft Thorsten ein selbstgemaltes Bild präsentiert hat.;jabo/bert-base-german-cased-xnli-de;contradiction;0;0.8103958964347839;0.14987033605575562;0.03973374143242836
15_ai_bi1_once_pos;Vor vier Wochen hat Thorsten Tina angeschrien.;Vor drei Tagen hat Tina wieder eine lautstarke Standpauke bekommen, als sie an einer Bushaltestelle gewartet hat.;Tina hat einmal eine lautstarke Standpauke bekommen.;unknown;15;ai;bi;1;positive;once;False;;;Vor vier Wochen hat Thorsten Tina angeschrien. Vor drei Tagen hat Tina wieder eine lautstarke Standpauke bekommen, als sie an einer Bushaltestelle gewartet hat.;Tina hat einmal eine lautstarke Standpauke bekommen.;jabo/bert-base-german-cased-xnli-de;entailment;0;0.021237561479210854;0.0444125235080719;0.9343498349189758
15_ai_bi1_twice_pos;Vor vier Wochen hat Thorsten Tina angeschrien.;Vor drei Tagen hat Tina wieder eine lautstarke Standpauke bekommen, als sie an einer Bushaltestelle gewartet hat.;Tina hat mindestens zweimal eine lautstarke Standpauke bekommen.;entailment;15;ai;bi;1;positive;twice;False;;;Vor vier Wochen hat Thorsten Tina angeschrien. Vor drei Tagen hat Tina wieder eine lautstarke Standpauke bekommen, als sie an einer Bushaltestelle gewartet hat.;Tina hat mindestens zweimal eine lautstarke Standpauke bekommen.;jabo/bert-base-german-cased-xnli-de;entailment;1;0.06666682660579681;0.16305242478847504;0.7702807784080505
15_ai_bi1_cannot_say_pos;Vor vier Wochen hat Thorsten Tina angeschrien.;Vor drei Tagen hat Tina wieder eine lautstarke Standpauke bekommen, als sie an einer Bushaltestelle gewartet hat.;Es lässt sich nicht sagen, wie oft Tina eine lautstarke Standpauke bekommen hat.;unknown;15;ai;bi;1;positive;cannot say;False;;;Vor vier Wochen hat Thorsten Tina angeschrien. Vor drei Tagen hat Tina wieder eine lautstarke Standpauke bekommen, als sie an einer Bushaltestelle gewartet hat.;Es lässt sich nicht sagen, wie oft Tina eine lautstarke Standpauke bekommen hat.;jabo/bert-base-german-cased-xnli-de;contradiction;0;0.823625385761261;0.1440659612417221;0.032308630645275116
15_ai_bi2_once_neu;Vor vier Wochen hat Thorsten Tina angeschrien.;Vor drei Tagen hat Thorsten wieder eine lautstarke Standpauke bekommen, als er an einer Bushaltestelle gewartet hat.;Thorsten hat einmal eine lautstarke Standpauke bekommen.;entailment;15;ai;bi;2;neutral;once;False;;;Vor vier Wochen hat Thorsten Tina angeschrien. Vor drei Tagen hat Thorsten wieder eine lautstarke Standpauke bekommen, als er an einer Bushaltestelle gewartet hat.;Thorsten hat einmal eine lautstarke Standpauke bekommen.;jabo/bert-base-german-cased-xnli-de;entailment;1;0.021417604759335518;0.04478975757956505;0.9337925910949707
15_ai_bi2_twice_neu;Vor vier Wochen hat Thorsten Tina angeschrien.;Vor drei Tagen hat Thorsten wieder eine lautstarke Standpauke bekommen, als er an einer Bushaltestelle gewartet hat.;Thorsten hat mindestens zweimal eine lautstarke Standpauke bekommen.;unknown;15;ai;bi;2;neutral;twice;False;;;Vor vier Wochen hat Thorsten Tina angeschrien. Vor drei Tagen hat Thorsten wieder eine lautstarke Standpauke bekommen, als er an einer Bushaltestelle gewartet hat.;Thorsten hat mindestens zweimal eine lautstarke Standpauke bekommen.;jabo/bert-base-german-cased-xnli-de;entailment;0;0.09000098705291748;0.21078020334243774;0.69921875
15_ai_bi2_cannot_say_neu;Vor vier Wochen hat Thorsten Tina angeschrien.;Vor drei Tagen hat Thorsten wieder eine lautstarke Standpauke bekommen, als er an einer Bushaltestelle gewartet hat.;Es lässt sich nicht sagen, wie oft Thorsten eine lautstarke Standpauke bekommen hat.;unknown;15;ai;bi;2;neutral;cannot say;False;;;Vor vier Wochen hat Thorsten Tina angeschrien. Vor drei Tagen hat Thorsten wieder eine lautstarke Standpauke bekommen, als er an einer Bushaltestelle gewartet hat.;Es lässt sich nicht sagen, wie oft Thorsten eine lautstarke Standpauke bekommen hat.;jabo/bert-base-german-cased-xnli-de;contradiction;0;0.7954411506652832;0.1645163893699646;0.04004247114062309
15_ai_bii1_once_neu;Vor vier Wochen hat Thorsten Tina angeschrien.;Vor drei Tagen hat Tina wieder eine lautstarke Standpauke gehalten, als sie an einer Bushaltestelle gewartet hat.;Tina hat einmal eine lautstarke Standpauke gehalten.;entailment;15;ai;bii;1;neutral;once;False;;;Vor vier Wochen hat Thorsten Tina angeschrien. Vor drei Tagen hat Tina wieder eine lautstarke Standpauke gehalten, als sie an einer Bushaltestelle gewartet hat.;Tina hat einmal eine lautstarke Standpauke gehalten.;jabo/bert-base-german-cased-xnli-de;entailment;1;0.020555611699819565;0.04536101967096329;0.9340834021568298
15_ai_bii1_twice_neu;Vor vier Wochen hat Thorsten Tina angeschrien.;Vor drei Tagen hat Tina wieder eine lautstarke Standpauke gehalten, als sie an einer Bushaltestelle gewartet hat.;Tina hat mindestens zweimal eine lautstarke Standpauke gehalten.;unknown;15;ai;bii;1;neutral;twice;False;;;Vor vier Wochen hat Thorsten Tina angeschrien. Vor drei Tagen hat Tina wieder eine lautstarke Standpauke gehalten, als sie an einer Bushaltestelle gewartet hat.;Tina hat mindestens zweimal eine lautstarke Standpauke gehalten.;jabo/bert-base-german-cased-xnli-de;entailment;0;0.05630757287144661;0.1642194241285324;0.779473066329956
15_ai_bii1_cannot_say_neu;Vor vier Wochen hat Thorsten Tina angeschrien.;Vor drei Tagen hat Tina wieder eine lautstarke Standpauke gehalten, als sie an einer Bushaltestelle gewartet hat.;Es lässt sich nicht sagen, wie oft Tina eine lautstarke Standpauke gehalten hat.;unknown;15;ai;bii;1;neutral;cannot say;False;;;Vor vier Wochen hat Thorsten Tina angeschrien. Vor drei Tagen hat Tina wieder eine lautstarke Standpauke gehalten, als sie an einer Bushaltestelle gewartet hat.;Es lässt sich nicht sagen, wie oft Tina eine lautstarke Standpauke gehalten hat.;jabo/bert-base-german-cased-xnli-de;contradiction;0;0.7856243848800659;0.16990777850151062;0.04446783661842346
15_ai_bii2_once_pos;Vor vier Wochen hat Thorsten Tina angeschrien.;Vor drei Tagen hat Thorsten wieder eine lautstarke Standpauke gehalten, als er an einer Bushaltestelle gewartet hat.;Thorsten hat einmal eine lautstarke Standpauke gehalten.;unknown;15;ai;bii;2;positive;once;False;;;Vor vier Wochen hat Thorsten Tina angeschrien. Vor drei Tagen hat Thorsten wieder eine lautstarke Standpauke gehalten, als er an einer Bushaltestelle gewartet hat.;Thorsten hat einmal eine lautstarke Standpauke gehalten.;jabo/bert-base-german-cased-xnli-de;entailment;0;0.02064768597483635;0.04477495700120926;0.9345774054527283
15_ai_bii2_twice_pos;Vor vier Wochen hat Thorsten Tina angeschrien.;Vor drei Tagen hat Thorsten wieder eine lautstarke Standpauke gehalten, als er an einer Bushaltestelle gewartet hat.;Thorsten hat mindestens zweimal eine lautstarke Standpauke gehalten.;entailment;15;ai;bii;2;positive;twice;False;;;Vor vier Wochen hat Thorsten Tina angeschrien. Vor drei Tagen hat Thorsten wieder eine lautstarke Standpauke gehalten, als er an einer Bushaltestelle gewartet hat.;Thorsten hat mindestens zweimal eine lautstarke Standpauke gehalten.;jabo/bert-base-german-cased-xnli-de;entailment;1;0.07014662027359009;0.18770873546600342;0.7421446442604065
15_ai_bii2_cannot_say_pos;Vor vier Wochen hat Thorsten Tina angeschrien.;Vor drei Tagen hat Thorsten wieder eine lautstarke Standpauke gehalten, als er an einer Bushaltestelle gewartet hat.;Es lässt sich nicht sagen, wie oft Thorsten eine lautstarke Standpauke gehalten hat.;unknown;15;ai;bii;2;positive;cannot say;False;;;Vor vier Wochen hat Thorsten Tina angeschrien. Vor drei Tagen hat Thorsten wieder eine lautstarke Standpauke gehalten, als er an einer Bushaltestelle gewartet hat.;Es lässt sich nicht sagen, wie oft Thorsten eine lautstarke Standpauke gehalten hat.;jabo/bert-base-german-cased-xnli-de;contradiction;0;0.7624601125717163;0.18493489921092987;0.05260505527257919
15_aii_bi1_once_neu;Vor vier Wochen hat Tina Thorsten angeschrien.;Vor drei Tagen hat Tina wieder eine lautstarke Standpauke bekommen, als sie an einer Bushaltestelle gewartet hat.;Tina hat einmal eine lautstarke Standpauke bekommen.;entailment;15;aii;bi;1;neutral;once;False;;;Vor vier Wochen hat Tina Thorsten angeschrien. Vor drei Tagen hat Tina wieder eine lautstarke Standpauke bekommen, als sie an einer Bushaltestelle gewartet hat.;Tina hat einmal eine lautstarke Standpauke bekommen.;jabo/bert-base-german-cased-xnli-de;entailment;1;0.02151668071746826;0.04506257176399231;0.9334208369255066
15_aii_bi1_twice_neu;Vor vier Wochen hat Tina Thorsten angeschrien.;Vor drei Tagen hat Tina wieder eine lautstarke Standpauke bekommen, als sie an einer Bushaltestelle gewartet hat.;Tina hat mindestens zweimal eine lautstarke Standpauke bekommen.;unknown;15;aii;bi;1;neutral;twice;False;;;Vor vier Wochen hat Tina Thorsten angeschrien. Vor drei Tagen hat Tina wieder eine lautstarke Standpauke bekommen, als sie an einer Bushaltestelle gewartet hat.;Tina hat mindestens zweimal eine lautstarke Standpauke bekommen.;jabo/bert-base-german-cased-xnli-de;entailment;0;0.10808314383029938;0.21676146984100342;0.6751553416252136
15_aii_bi1_cannot_say_neu;Vor vier Wochen hat Tina Thorsten angeschrien.;Vor drei Tagen hat Tina wieder eine lautstarke Standpauke bekommen, als sie an einer Bushaltestelle gewartet hat.;Es lässt sich nicht sagen, wie oft Tina eine lautstarke Standpauke bekommen hat.;unknown;15;aii;bi;1;neutral;cannot say;False;;;Vor vier Wochen hat Tina Thorsten angeschrien. Vor drei Tagen hat Tina wieder eine lautstarke Standpauke bekommen, als sie an einer Bushaltestelle gewartet hat.;Es lässt sich nicht sagen, wie oft Tina eine lautstarke Standpauke bekommen hat.;jabo/bert-base-german-cased-xnli-de;contradiction;0;0.8241709470748901;0.14385046064853668;0.03197861835360527
15_aii_bi2_once_pos;Vor vier Wochen hat Tina Thorsten angeschrien.;Vor drei Tagen hat Thorsten wieder eine lautstarke Standpauke bekommen, als er an einer Bushaltestelle gewartet hat.;Thorsten hat einmal eine lautstarke Standpauke bekommen.;unknown;15;aii;bi;2;positive;once;False;;;Vor vier Wochen hat Tina Thorsten angeschrien. Vor drei Tagen hat Thorsten wieder eine lautstarke Standpauke bekommen, als er an einer Bushaltestelle gewartet hat.;Thorsten hat einmal eine lautstarke Standpauke bekommen.;jabo/bert-base-german-cased-xnli-de;entailment;0;0.021412350237369537;0.04544069617986679;0.9331468939781189
15_aii_bi2_twice_pos;Vor vier Wochen hat Tina Thorsten angeschrien.;Vor drei Tagen hat Thorsten wieder eine lautstarke Standpauke bekommen, als er an einer Bushaltestelle gewartet hat.;Thorsten hat mindestens zweimal eine lautstarke Standpauke bekommen.;entailment;15;aii;bi;2;positive;twice;False;;;Vor vier Wochen hat Tina Thorsten angeschrien. Vor drei Tagen hat Thorsten wieder eine lautstarke Standpauke bekommen, als er an einer Bushaltestelle gewartet hat.;Thorsten hat mindestens zweimal eine lautstarke Standpauke bekommen.;jabo/bert-base-german-cased-xnli-de;entailment;1;0.115558922290802;0.26107022166252136;0.6233708262443542
15_aii_bi2_cannot_say_pos;Vor vier Wochen hat Tina Thorsten angeschrien.;Vor drei Tagen hat Thorsten wieder eine lautstarke Standpauke bekommen, als er an einer Bushaltestelle gewartet hat.;Es lässt sich nicht sagen, wie oft Thorsten eine lautstarke Standpauke bekommen hat.;unknown;15;aii;bi;2;positive;cannot say;False;;;Vor vier Wochen hat Tina Thorsten angeschrien. Vor drei Tagen hat Thorsten wieder eine lautstarke Standpauke bekommen, als er an einer Bushaltestelle gewartet hat.;Es lässt sich nicht sagen, wie oft Thorsten eine lautstarke Standpauke bekommen hat.;jabo/bert-base-german-cased-xnli-de;contradiction;0;0.8002973794937134;0.16084074974060059;0.03886185958981514
15_aii_bii1_once_pos;Vor vier Wochen hat Tina Thorsten angeschrien.;Vor drei Tagen hat Tina wieder eine lautstarke Standpauke gehalten, als sie an einer Bushaltestelle gewartet hat.;Tina hat einmal eine lautstarke Standpauke gehalten.;unknown;15;aii;bii;1;positive;once;False;;;Vor vier Wochen hat Tina Thorsten angeschrien. Vor drei Tagen hat Tina wieder eine lautstarke Standpauke gehalten, als sie an einer Bushaltestelle gewartet hat.;Tina hat einmal eine lautstarke Standpauke gehalten.;jabo/bert-base-german-cased-xnli-de;entailment;0;0.02103954739868641;0.04638054221868515;0.9325798749923706
15_aii_bii1_twice_pos;Vor vier Wochen hat Tina Thorsten angeschrien.;Vor drei Tagen hat Tina wieder eine lautstarke Standpauke gehalten, als sie an einer Bushaltestelle gewartet hat.;Tina hat mindestens zweimal eine lautstarke Standpauke gehalten.;entailment;15;aii;bii;1;positive;twice;False;;;Vor vier Wochen hat Tina Thorsten angeschrien. Vor drei Tagen hat Tina wieder eine lautstarke Standpauke gehalten, als sie an einer Bushaltestelle gewartet hat.;Tina hat mindestens zweimal eine lautstarke Standpauke gehalten.;jabo/bert-base-german-cased-xnli-de;entailment;1;0.08371786028146744;0.2004387080669403;0.7158434391021729
15_aii_bii1_cannot_say_pos;Vor vier Wochen hat Tina Thorsten angeschrien.;Vor drei Tagen hat Tina wieder eine lautstarke Standpauke gehalten, als sie an einer Bushaltestelle gewartet hat.;Es lässt sich nicht sagen, wie oft Tina eine lautstarke Standpauke gehalten hat.;unknown;15;aii;bii;1;positive;cannot say;False;;;Vor vier Wochen hat Tina Thorsten angeschrien. Vor drei Tagen hat Tina wieder eine lautstarke Standpauke gehalten, als sie an einer Bushaltestelle gewartet hat.;Es lässt sich nicht sagen, wie oft Tina eine lautstarke Standpauke gehalten hat.;jabo/bert-base-german-cased-xnli-de;contradiction;0;0.7894430160522461;0.1681390106678009;0.042417965829372406
15_aii_bii2_once_neu;Vor vier Wochen hat Tina Thorsten angeschrien.;Vor drei Tagen hat Thorsten wieder eine lautstarke Standpauke gehalten, als er an einer Bushaltestelle gewartet hat.;Thorsten hat einmal eine lautstarke Standpauke gehalten.;entailment;15;aii;bii;2;neutral;once;False;;;Vor vier Wochen hat Tina Thorsten angeschrien. Vor drei Tagen hat Thorsten wieder eine lautstarke Standpauke gehalten, als er an einer Bushaltestelle gewartet hat.;Thorsten hat einmal eine lautstarke Standpauke gehalten.;jabo/bert-base-german-cased-xnli-de;entailment;1;0.020738957449793816;0.04533807188272476;0.9339229464530945
15_aii_bii2_twice_neu;Vor vier Wochen hat Tina Thorsten angeschrien.;Vor drei Tagen hat Thorsten wieder eine lautstarke Standpauke gehalten, als er an einer Bushaltestelle gewartet hat.;Thorsten hat mindestens zweimal eine lautstarke Standpauke gehalten.;unknown;15;aii;bii;2;neutral;twice;False;;;Vor vier Wochen hat Tina Thorsten angeschrien. Vor drei Tagen hat Thorsten wieder eine lautstarke Standpauke gehalten, als er an einer Bushaltestelle gewartet hat.;Thorsten hat mindestens zweimal eine lautstarke Standpauke gehalten.;jabo/bert-base-german-cased-xnli-de;entailment;0;0.10183386504650116;0.24809500575065613;0.6500711441040039
15_aii_bii2_cannot_say_neu;Vor vier Wochen hat Tina Thorsten angeschrien.;Vor drei Tagen hat Thorsten wieder eine lautstarke Standpauke gehalten, als er an einer Bushaltestelle gewartet hat.;Es lässt sich nicht sagen, wie oft Thorsten eine lautstarke Standpauke gehalten hat.;unknown;15;aii;bii;2;neutral;cannot say;False;;;Vor vier Wochen hat Tina Thorsten angeschrien. Vor drei Tagen hat Thorsten wieder eine lautstarke Standpauke gehalten, als er an einer Bushaltestelle gewartet hat.;Es lässt sich nicht sagen, wie oft Thorsten eine lautstarke Standpauke gehalten hat.;jabo/bert-base-german-cased-xnli-de;contradiction;0;0.7710283398628235;0.17868953943252563;0.050282154232263565
16_ai_bi1_once_pos;Vor vier Monaten hat Greta Sabine ein tragisches Gedicht vorgetragen.;Vor zwei Tagen hat Sabine wieder ein tragisches Gedicht gehört, als sie bei einem Kleinkunstabend zugegen war.;Sabine hat einmal ein tragisches Gedicht gehört.;unknown;16;ai;bi;1;positive;once;False;;;Vor vier Monaten hat Greta Sabine ein tragisches Gedicht vorgetragen. Vor zwei Tagen hat Sabine wieder ein tragisches Gedicht gehört, als sie bei einem Kleinkunstabend zugegen war.;Sabine hat einmal ein tragisches Gedicht gehört.;jabo/bert-base-german-cased-xnli-de;entailment;0;0.021338311955332756;0.049508873373270035;0.92915278673172
16_ai_bi1_twice_pos;Vor vier Monaten hat Greta Sabine ein tragisches Gedicht vorgetragen.;Vor zwei Tagen hat Sabine wieder ein tragisches Gedicht gehört, als sie bei einem Kleinkunstabend zugegen war.;Sabine hat mindestens zweimal ein tragisches Gedicht gehört.;entailment;16;ai;bi;1;positive;twice;False;;;Vor vier Monaten hat Greta Sabine ein tragisches Gedicht vorgetragen. Vor zwei Tagen hat Sabine wieder ein tragisches Gedicht gehört, als sie bei einem Kleinkunstabend zugegen war.;Sabine hat mindestens zweimal ein tragisches Gedicht gehört.;jabo/bert-base-german-cased-xnli-de;entailment;1;0.043443627655506134;0.09557577222585678;0.8609805703163147
16_ai_bi1_cannot_say_pos;Vor vier Monaten hat Greta Sabine ein tragisches Gedicht vorgetragen.;Vor zwei Tagen hat Sabine wieder ein tragisches Gedicht gehört, als sie bei einem Kleinkunstabend zugegen war.;Es lässt sich nicht sagen, wie oft Sabine ein tragisches Gedicht gehört hat.;unknown;16;ai;bi;1;positive;cannot say;False;;;Vor vier Monaten hat Greta Sabine ein tragisches Gedicht vorgetragen. Vor zwei Tagen hat Sabine wieder ein tragisches Gedicht gehört, als sie bei einem Kleinkunstabend zugegen war.;Es lässt sich nicht sagen, wie oft Sabine ein tragisches Gedicht gehört hat.;jabo/bert-base-german-cased-xnli-de;contradiction;0;0.8526096343994141;0.1107436940073967;0.03664661571383476
16_ai_bi2_once_neu;Vor vier Monaten hat Greta Sabine ein tragisches Gedicht vorgetragen.;Vor zwei Tagen hat Greta wieder ein tragisches Gedicht gehört, als sie bei einem Kleinkunstabend zugegen war.;Greta hat einmal ein tragisches Gedicht gehört.;entailment;16;ai;bi;2;neutral;once;False;;;Vor vier Monaten hat Greta Sabine ein tragisches Gedicht vorgetragen. Vor zwei Tagen hat Greta wieder ein tragisches Gedicht gehört, als sie bei einem Kleinkunstabend zugegen war.;Greta hat einmal ein tragisches Gedicht gehört.;jabo/bert-base-german-cased-xnli-de;entailment;1;0.022328907623887062;0.06310627609491348;0.9145647883415222
16_ai_bi2_twice_neu;Vor vier Monaten hat Greta Sabine ein tragisches Gedicht vorgetragen.;Vor zwei Tagen hat Greta wieder ein tragisches Gedicht gehört, als sie bei einem Kleinkunstabend zugegen war.;Greta hat mindestens zweimal ein tragisches Gedicht gehört.;unknown;16;ai;bi;2;neutral;twice;False;;;Vor vier Monaten hat Greta Sabine ein tragisches Gedicht vorgetragen. Vor zwei Tagen hat Greta wieder ein tragisches Gedicht gehört, als sie bei einem Kleinkunstabend zugegen war.;Greta hat mindestens zweimal ein tragisches Gedicht gehört.;jabo/bert-base-german-cased-xnli-de;entailment;0;0.17119218409061432;0.18064165115356445;0.6481661796569824
16_ai_bi2_cannot_say_neu;Vor vier Monaten hat Greta Sabine ein tragisches Gedicht vorgetragen.;Vor zwei Tagen hat Greta wieder ein tragisches Gedicht gehört, als sie bei einem Kleinkunstabend zugegen war.;Es lässt sich nicht sagen, wie oft Greta ein tragisches Gedicht gehört hat.;unknown;16;ai;bi;2;neutral;cannot say;False;;;Vor vier Monaten hat Greta Sabine ein tragisches Gedicht vorgetragen. Vor zwei Tagen hat Greta wieder ein tragisches Gedicht gehört, als sie bei einem Kleinkunstabend zugegen war.;Es lässt sich nicht sagen, wie oft Greta ein tragisches Gedicht gehört hat.;jabo/bert-base-german-cased-xnli-de;contradiction;0;0.8727604746818542;0.09391558915376663;0.03332393616437912
16_ai_bii1_once_neu;Vor vier Monaten hat Greta Sabine ein tragisches Gedicht vorgetragen.;Vor zwei Tagen hat Sabine wieder ein tragisches Gedicht rezitiert, als sie bei einem Kleinkunstabend zugegen war.;Sabine hat einmal ein tragisches Gedicht rezitiert.;entailment;16;ai;bii;1;neutral;once;False;;;Vor vier Monaten hat Greta Sabine ein tragisches Gedicht vorgetragen. Vor zwei Tagen hat Sabine wieder ein tragisches Gedicht rezitiert, als sie bei einem Kleinkunstabend zugegen war.;Sabine hat einmal ein tragisches Gedicht rezitiert.;jabo/bert-base-german-cased-xnli-de;entailment;1;0.019873764365911484;0.050538286566734314;0.9295879602432251
16_ai_bii1_twice_neu;Vor vier Monaten hat Greta Sabine ein tragisches Gedicht vorgetragen.;Vor zwei Tagen hat Sabine wieder ein tragisches Gedicht rezitiert, als sie bei einem Kleinkunstabend zugegen war.;Sabine hat mindestens zweimal ein tragisches Gedicht rezitiert.;unknown;16;ai;bii;1;neutral;twice;False;;;Vor vier Monaten hat Greta Sabine ein tragisches Gedicht vorgetragen. Vor zwei Tagen hat Sabine wieder ein tragisches Gedicht rezitiert, als sie bei einem Kleinkunstabend zugegen war.;Sabine hat mindestens zweimal ein tragisches Gedicht rezitiert.;jabo/bert-base-german-cased-xnli-de;entailment;0;0.12313877046108246;0.18987706303596497;0.686984121799469
16_ai_bii1_cannot_say_neu;Vor vier Monaten hat Greta Sabine ein tragisches Gedicht vorgetragen.;Vor zwei Tagen hat Sabine wieder ein tragisches Gedicht rezitiert, als sie bei einem Kleinkunstabend zugegen war.;Es lässt sich nicht sagen, wie oft Sabine ein tragisches Gedicht rezitiert hat.;unknown;16;ai;bii;1;neutral;cannot say;False;;;Vor vier Monaten hat Greta Sabine ein tragisches Gedicht vorgetragen. Vor zwei Tagen hat Sabine wieder ein tragisches Gedicht rezitiert, als sie bei einem Kleinkunstabend zugegen war.;Es lässt sich nicht sagen, wie oft Sabine ein tragisches Gedicht rezitiert hat.;jabo/bert-base-german-cased-xnli-de;contradiction;0;0.7767578363418579;0.16239133477210999;0.06085082143545151
16_ai_bii2_once_pos;Vor vier Monaten hat Greta Sabine ein tragisches Gedicht vorgetragen.;Vor zwei Tagen hat Greta wieder ein tragisches Gedicht rezitiert, als sie bei einem Kleinkunstabend zugegen war.;Greta hat einmal ein tragisches Gedicht rezitiert.;unknown;16;ai;bii;2;positive;once;False;;;Vor vier Monaten hat Greta Sabine ein tragisches Gedicht vorgetragen. Vor zwei Tagen hat Greta wieder ein tragisches Gedicht rezitiert, als sie bei einem Kleinkunstabend zugegen war.;Greta hat einmal ein tragisches Gedicht rezitiert.;jabo/bert-base-german-cased-xnli-de;entailment;0;0.020004436373710632;0.05661197751760483;0.9233835339546204
16_ai_bii2_twice_pos;Vor vier Monaten hat Greta Sabine ein tragisches Gedicht vorgetragen.;Vor zwei Tagen hat Greta wieder ein tragisches Gedicht rezitiert, als sie bei einem Kleinkunstabend zugegen war.;Greta hat mindestens zweimal ein tragisches Gedicht rezitiert.;entailment;16;ai;bii;2;positive;twice;False;;;Vor vier Monaten hat Greta Sabine ein tragisches Gedicht vorgetragen. Vor zwei Tagen hat Greta wieder ein tragisches Gedicht rezitiert, als sie bei einem Kleinkunstabend zugegen war.;Greta hat mindestens zweimal ein tragisches Gedicht rezitiert.;jabo/bert-base-german-cased-xnli-de;entailment;1;0.048525743186473846;0.14614488184452057;0.8053293824195862
16_ai_bii2_cannot_say_pos;Vor vier Monaten hat Greta Sabine ein tragisches Gedicht vorgetragen.;Vor zwei Tagen hat Greta wieder ein tragisches Gedicht rezitiert, als sie bei einem Kleinkunstabend zugegen war.;Es lässt sich nicht sagen, wie oft Greta ein tragisches Gedicht rezitiert hat.;unknown;16;ai;bii;2;positive;cannot say;False;;;Vor vier Monaten hat Greta Sabine ein tragisches Gedicht vorgetragen. Vor zwei Tagen hat Greta wieder ein tragisches Gedicht rezitiert, als sie bei einem Kleinkunstabend zugegen war.;Es lässt sich nicht sagen, wie oft Greta ein tragisches Gedicht rezitiert hat.;jabo/bert-base-german-cased-xnli-de;contradiction;0;0.8154808878898621;0.1487274318933487;0.03579161688685417
16_aii_bi1_once_neu;Vor vier Monaten hat Sabine Greta ein tragisches Gedicht vorgetragen.;Vor zwei Tagen hat Sabine wieder ein tragisches Gedicht gehört, als sie bei einem Kleinkunstabend zugegen war.;Sabine hat einmal ein tragisches Gedicht gehört.;entailment;16;aii;bi;1;neutral;once;False;;;Vor vier Monaten hat Sabine Greta ein tragisches Gedicht vorgetragen. Vor zwei Tagen hat Sabine wieder ein tragisches Gedicht gehört, als sie bei einem Kleinkunstabend zugegen war.;Sabine hat einmal ein tragisches Gedicht gehört.;jabo/bert-base-german-cased-xnli-de;entailment;1;0.021390043199062347;0.04921741411089897;0.9293925762176514
16_aii_bi1_twice_neu;Vor vier Monaten hat Sabine Greta ein tragisches Gedicht vorgetragen.;Vor zwei Tagen hat Sabine wieder ein tragisches Gedicht gehört, als sie bei einem Kleinkunstabend zugegen war.;Sabine hat mindestens zweimal ein tragisches Gedicht gehört.;unknown;16;aii;bi;1;neutral;twice;False;;;Vor vier Monaten hat Sabine Greta ein tragisches Gedicht vorgetragen. Vor zwei Tagen hat Sabine wieder ein tragisches Gedicht gehört, als sie bei einem Kleinkunstabend zugegen war.;Sabine hat mindestens zweimal ein tragisches Gedicht gehört.;jabo/bert-base-german-cased-xnli-de;entailment;0;0.04668617621064186;0.09287834167480469;0.860435426235199
16_aii_bi1_cannot_say_neu;Vor vier Monaten hat Sabine Greta ein tragisches Gedicht vorgetragen.;Vor zwei Tagen hat Sabine wieder ein tragisches Gedicht gehört, als sie bei einem Kleinkunstabend zugegen war.;Es lässt sich nicht sagen, wie oft Sabine ein tragisches Gedicht gehört hat.;unknown;16;aii;bi;1;neutral;cannot say;False;;;Vor vier Monaten hat Sabine Greta ein tragisches Gedicht vorgetragen. Vor zwei Tagen hat Sabine wieder ein tragisches Gedicht gehört, als sie bei einem Kleinkunstabend zugegen war.;Es lässt sich nicht sagen, wie oft Sabine ein tragisches Gedicht gehört hat.;jabo/bert-base-german-cased-xnli-de;contradiction;0;0.8500970602035522;0.11164434999227524;0.03825855627655983
16_aii_bi2_once_pos;Vor vier Monaten hat Sabine Greta ein tragisches Gedicht vorgetragen.;Vor zwei Tagen hat Greta wieder ein tragisches Gedicht gehört, als sie bei einem Kleinkunstabend zugegen war.;Greta hat einmal ein tragisches Gedicht gehört.;unknown;16;aii;bi;2;positive;once;False;;;Vor vier Monaten hat Sabine Greta ein tragisches Gedicht vorgetragen. Vor zwei Tagen hat Greta wieder ein tragisches Gedicht gehört, als sie bei einem Kleinkunstabend zugegen war.;Greta hat einmal ein tragisches Gedicht gehört.;jabo/bert-base-german-cased-xnli-de;entailment;0;0.021720746532082558;0.06151840463280678;0.9167608022689819
16_aii_bi2_twice_pos;Vor vier Monaten hat Sabine Greta ein tragisches Gedicht vorgetragen.;Vor zwei Tagen hat Greta wieder ein tragisches Gedicht gehört, als sie bei einem Kleinkunstabend zugegen war.;Greta hat mindestens zweimal ein tragisches Gedicht gehört.;entailment;16;aii;bi;2;positive;twice;False;;;Vor vier Monaten hat Sabine Greta ein tragisches Gedicht vorgetragen. Vor zwei Tagen hat Greta wieder ein tragisches Gedicht gehört, als sie bei einem Kleinkunstabend zugegen war.;Greta hat mindestens zweimal ein tragisches Gedicht gehört.;jabo/bert-base-german-cased-xnli-de;entailment;1;0.1990143060684204;0.1735822558403015;0.6274033784866333
16_aii_bi2_cannot_say_pos;Vor vier Monaten hat Sabine Greta ein tragisches Gedicht vorgetragen.;Vor zwei Tagen hat Greta wieder ein tragisches Gedicht gehört, als sie bei einem Kleinkunstabend zugegen war.;Es lässt sich nicht sagen, wie oft Greta ein tragisches Gedicht gehört hat.;unknown;16;aii;bi;2;positive;cannot say;False;;;Vor vier Monaten hat Sabine Greta ein tragisches Gedicht vorgetragen. Vor zwei Tagen hat Greta wieder ein tragisches Gedicht gehört, als sie bei einem Kleinkunstabend zugegen war.;Es lässt sich nicht sagen, wie oft Greta ein tragisches Gedicht gehört hat.;jabo/bert-base-german-cased-xnli-de;contradiction;0;0.8733588457107544;0.09478317946195602;0.031858038157224655
16_aii_bii1_once_pos;Vor vier Monaten hat Sabine Greta ein tragisches Gedicht vorgetragen.;Vor zwei Tagen hat Sabine wieder ein tragisches Gedicht rezitiert, als sie bei einem Kleinkunstabend zugegen war.;Sabine hat einmal ein tragisches Gedicht rezitiert.;unknown;16;aii;bii;1;positive;once;False;;;Vor vier Monaten hat Sabine Greta ein tragisches Gedicht vorgetragen. Vor zwei Tagen hat Sabine wieder ein tragisches Gedicht rezitiert, als sie bei einem Kleinkunstabend zugegen war.;Sabine hat einmal ein tragisches Gedicht rezitiert.;jabo/bert-base-german-cased-xnli-de;entailment;0;0.02007378078997135;0.05002507194876671;0.9299011826515198
16_aii_bii1_twice_pos;Vor vier Monaten hat Sabine Greta ein tragisches Gedicht vorgetragen.;Vor zwei Tagen hat Sabine wieder ein tragisches Gedicht rezitiert, als sie bei einem Kleinkunstabend zugegen war.;Sabine hat mindestens zweimal ein tragisches Gedicht rezitiert.;entailment;16;aii;bii;1;positive;twice;False;;;Vor vier Monaten hat Sabine Greta ein tragisches Gedicht vorgetragen. Vor zwei Tagen hat Sabine wieder ein tragisches Gedicht rezitiert, als sie bei einem Kleinkunstabend zugegen war.;Sabine hat mindestens zweimal ein tragisches Gedicht rezitiert.;jabo/bert-base-german-cased-xnli-de;entailment;1;0.12637370824813843;0.174850195646286;0.6987761855125427
16_aii_bii1_cannot_say_pos;Vor vier Monaten hat Sabine Greta ein tragisches Gedicht vorgetragen.;Vor zwei Tagen hat Sabine wieder ein tragisches Gedicht rezitiert, als sie bei einem Kleinkunstabend zugegen war.;Es lässt sich nicht sagen, wie oft Sabine ein tragisches Gedicht rezitiert hat.;unknown;16;aii;bii;1;positive;cannot say;False;;;Vor vier Monaten hat Sabine Greta ein tragisches Gedicht vorgetragen. Vor zwei Tagen hat Sabine wieder ein tragisches Gedicht rezitiert, als sie bei einem Kleinkunstabend zugegen war.;Es lässt sich nicht sagen, wie oft Sabine ein tragisches Gedicht rezitiert hat.;jabo/bert-base-german-cased-xnli-de;contradiction;0;0.7742764353752136;0.1640562266111374;0.06166728213429451
16_aii_bii2_once_neu;Vor vier Monaten hat Sabine Greta ein tragisches Gedicht vorgetragen.;Vor zwei Tagen hat Greta wieder ein tragisches Gedicht rezitiert, als sie bei einem Kleinkunstabend zugegen war.;Greta hat einmal ein tragisches Gedicht rezitiert.;entailment;16;aii;bii;2;neutral;once;False;;;Vor vier Monaten hat Sabine Greta ein tragisches Gedicht vorgetragen. Vor zwei Tagen hat Greta wieder ein tragisches Gedicht rezitiert, als sie bei einem Kleinkunstabend zugegen war.;Greta hat einmal ein tragisches Gedicht rezitiert.;jabo/bert-base-german-cased-xnli-de;entailment;1;0.019824327901005745;0.05620881915092468;0.9239668250083923
16_aii_bii2_twice_neu;Vor vier Monaten hat Sabine Greta ein tragisches Gedicht vorgetragen.;Vor zwei Tagen hat Greta wieder ein tragisches Gedicht rezitiert, als sie bei einem Kleinkunstabend zugegen war.;Greta hat mindestens zweimal ein tragisches Gedicht rezitiert.;unknown;16;aii;bii;2;neutral;twice;False;;;Vor vier Monaten hat Sabine Greta ein tragisches Gedicht vorgetragen. Vor zwei Tagen hat Greta wieder ein tragisches Gedicht rezitiert, als sie bei einem Kleinkunstabend zugegen war.;Greta hat mindestens zweimal ein tragisches Gedicht rezitiert.;jabo/bert-base-german-cased-xnli-de;entailment;0;0.052309829741716385;0.1424051970243454;0.8052849173545837
16_aii_bii2_cannot_say_neu;Vor vier Monaten hat Sabine Greta ein tragisches Gedicht vorgetragen.;Vor zwei Tagen hat Greta wieder ein tragisches Gedicht rezitiert, als sie bei einem Kleinkunstabend zugegen war.;Es lässt sich nicht sagen, wie oft Greta ein tragisches Gedicht rezitiert hat.;unknown;16;aii;bii;2;neutral;cannot say;False;;;Vor vier Monaten hat Sabine Greta ein tragisches Gedicht vorgetragen. Vor zwei Tagen hat Greta wieder ein tragisches Gedicht rezitiert, als sie bei einem Kleinkunstabend zugegen war.;Es lässt sich nicht sagen, wie oft Greta ein tragisches Gedicht rezitiert hat.;jabo/bert-base-german-cased-xnli-de;contradiction;0;0.8144791126251221;0.14982110261917114;0.035699814558029175
17_ai_bi1_once_pos;Vor zwei Monaten hat Greta vor Tina einen komplizierten Vortrag gehalten.;Vor drei Tagen hat Tina wieder einen komplizierten Vortrag gehört, als sie auf einer Tagung gewesen ist.;Tina hat einmal einen komplizierten Vortrag gehört.;unknown;17;ai;bi;1;positive;once;False;;;Vor zwei Monaten hat Greta vor Tina einen komplizierten Vortrag gehalten. Vor drei Tagen hat Tina wieder einen komplizierten Vortrag gehört, als sie auf einer Tagung gewesen ist.;Tina hat einmal einen komplizierten Vortrag gehört.;jabo/bert-base-german-cased-xnli-de;entailment;0;0.021416369825601578;0.04547376558184624;0.9331098198890686
17_ai_bi1_twice_pos;Vor zwei Monaten hat Greta vor Tina einen komplizierten Vortrag gehalten.;Vor drei Tagen hat Tina wieder einen komplizierten Vortrag gehört, als sie auf einer Tagung gewesen ist.;Tina hat mindestens zweimal einen komplizierten Vortrag gehört.;entailment;17;ai;bi;1;positive;twice;False;;;Vor zwei Monaten hat Greta vor Tina einen komplizierten Vortrag gehalten. Vor drei Tagen hat Tina wieder einen komplizierten Vortrag gehört, als sie auf einer Tagung gewesen ist.;Tina hat mindestens zweimal einen komplizierten Vortrag gehört.;jabo/bert-base-german-cased-xnli-de;entailment;1;0.03893262892961502;0.07954181730747223;0.8815255761146545
17_ai_bi1_cannot_say_pos;Vor zwei Monaten hat Greta vor Tina einen komplizierten Vortrag gehalten.;Vor drei Tagen hat Tina wieder einen komplizierten Vortrag gehört, als sie auf einer Tagung gewesen ist.;Es lässt sich nicht sagen, wie oft Tina einen komplizierten Vortrag gehört hat.;unknown;17;ai;bi;1;positive;cannot say;False;;;Vor zwei Monaten hat Greta vor Tina einen komplizierten Vortrag gehalten. Vor drei Tagen hat Tina wieder einen komplizierten Vortrag gehört, als sie auf einer Tagung gewesen ist.;Es lässt sich nicht sagen, wie oft Tina einen komplizierten Vortrag gehört hat.;jabo/bert-base-german-cased-xnli-de;contradiction;0;0.7993803024291992;0.13135211169719696;0.0692676454782486
17_ai_bi2_once_neu;Vor zwei Monaten hat Greta vor Tina einen komplizierten Vortrag gehalten.;Vor drei Tagen hat Greta wieder einen komplizierten Vortrag gehört, als sie auf einer Tagung gewesen ist.;Greta hat einmal einen komplizierten Vortrag gehört.;entailment;17;ai;bi;2;neutral;once;False;;;Vor zwei Monaten hat Greta vor Tina einen komplizierten Vortrag gehalten. Vor drei Tagen hat Greta wieder einen komplizierten Vortrag gehört, als sie auf einer Tagung gewesen ist.;Greta hat einmal einen komplizierten Vortrag gehört.;jabo/bert-base-german-cased-xnli-de;entailment;1;0.02147739939391613;0.04616645351052284;0.9323561787605286
17_ai_bi2_twice_neu;Vor zwei Monaten hat Greta vor Tina einen komplizierten Vortrag gehalten.;Vor drei Tagen hat Greta wieder einen komplizierten Vortrag gehört, als sie auf einer Tagung gewesen ist.;Greta hat mindestens zweimal einen komplizierten Vortrag gehört.;unknown;17;ai;bi;2;neutral;twice;False;;;Vor zwei Monaten hat Greta vor Tina einen komplizierten Vortrag gehalten. Vor drei Tagen hat Greta wieder einen komplizierten Vortrag gehört, als sie auf einer Tagung gewesen ist.;Greta hat mindestens zweimal einen komplizierten Vortrag gehört.;jabo/bert-base-german-cased-xnli-de;entailment;0;0.04185853153467178;0.08690493553876877;0.8712364435195923
17_ai_bi2_cannot_say_neu;Vor zwei Monaten hat Greta vor Tina einen komplizierten Vortrag gehalten.;Vor drei Tagen hat Greta wieder einen komplizierten Vortrag gehört, als sie auf einer Tagung gewesen ist.;Es lässt sich nicht sagen, wie oft Greta einen komplizierten Vortrag gehört hat.;unknown;17;ai;bi;2;neutral;cannot say;False;;;Vor zwei Monaten hat Greta vor Tina einen komplizierten Vortrag gehalten. Vor drei Tagen hat Greta wieder einen komplizierten Vortrag gehört, als sie auf einer Tagung gewesen ist.;Es lässt sich nicht sagen, wie oft Greta einen komplizierten Vortrag gehört hat.;jabo/bert-base-german-cased-xnli-de;contradiction;0;0.8454868197441101;0.10176889598369598;0.05274439603090286
17_ai_bii1_once_neu;Vor zwei Monaten hat Greta vor Tina einen komplizierten Vortrag gehalten.;Vor drei Tagen hat Tina wieder einen komplizierten Vortrag präsentiert, als sie auf einer Tagung gewesen ist.;Tina hat einmal einen komplizierten Vortrag präsentiert.;entailment;17;ai;bii;1;neutral;once;False;;;Vor zwei Monaten hat Greta vor Tina einen komplizierten Vortrag gehalten. Vor drei Tagen hat Tina wieder einen komplizierten Vortrag präsentiert, als sie auf einer Tagung gewesen ist.;Tina hat einmal einen komplizierten Vortrag präsentiert.;jabo/bert-base-german-cased-xnli-de;entailment;1;0.022430546581745148;0.04678650572896004;0.9307829737663269
17_ai_bii1_twice_neu;Vor zwei Monaten hat Greta vor Tina einen komplizierten Vortrag gehalten.;Vor drei Tagen hat Tina wieder einen komplizierten Vortrag präsentiert, als sie auf einer Tagung gewesen ist.;Tina hat mindestens zweimal einen komplizierten Vortrag präsentiert.;unknown;17;ai;bii;1;neutral;twice;False;;;Vor zwei Monaten hat Greta vor Tina einen komplizierten Vortrag gehalten. Vor drei Tagen hat Tina wieder einen komplizierten Vortrag präsentiert, als sie auf einer Tagung gewesen ist.;Tina hat mindestens zweimal einen komplizierten Vortrag präsentiert.;jabo/bert-base-german-cased-xnli-de;entailment;0;0.04327894002199173;0.09644118696451187;0.8602798581123352
17_ai_bii1_cannot_say_neu;Vor zwei Monaten hat Greta vor Tina einen komplizierten Vortrag gehalten.;Vor drei Tagen hat Tina wieder einen komplizierten Vortrag präsentiert, als sie auf einer Tagung gewesen ist.;Es lässt sich nicht sagen, wie oft Tina einen komplizierten Vortrag präsentiert hat.;unknown;17;ai;bii;1;neutral;cannot say;False;;;Vor zwei Monaten hat Greta vor Tina einen komplizierten Vortrag gehalten. Vor drei Tagen hat Tina wieder einen komplizierten Vortrag präsentiert, als sie auf einer Tagung gewesen ist.;Es lässt sich nicht sagen, wie oft Tina einen komplizierten Vortrag präsentiert hat.;jabo/bert-base-german-cased-xnli-de;contradiction;0;0.7999659776687622;0.12042621523141861;0.07960781455039978
17_ai_bii2_once_pos;Vor zwei Monaten hat Greta vor Tina einen komplizierten Vortrag gehalten.;Vor drei Tagen hat Greta wieder einen komplizierten Vortrag präsentiert, als sie auf einer Tagung gewesen ist.;Greta hat einmal einen komplizierten Vortrag präsentiert.;unknown;17;ai;bii;2;positive;once;False;;;Vor zwei Monaten hat Greta vor Tina einen komplizierten Vortrag gehalten. Vor drei Tagen hat Greta wieder einen komplizierten Vortrag präsentiert, als sie auf einer Tagung gewesen ist.;Greta hat einmal einen komplizierten Vortrag präsentiert.;jabo/bert-base-german-cased-xnli-de;entailment;0;0.02259555086493492;0.04761526733636856;0.9297891855239868
17_ai_bii2_twice_pos;Vor zwei Monaten hat Greta vor Tina einen komplizierten Vortrag gehalten.;Vor drei Tagen hat Greta wieder einen komplizierten Vortrag präsentiert, als sie auf einer Tagung gewesen ist.;Greta hat mindestens zweimal einen komplizierten Vortrag präsentiert.;entailment;17;ai;bii;2;positive;twice;False;;;Vor zwei Monaten hat Greta vor Tina einen komplizierten Vortrag gehalten. Vor drei Tagen hat Greta wieder einen komplizierten Vortrag präsentiert, als sie auf einer Tagung gewesen ist.;Greta hat mindestens zweimal einen komplizierten Vortrag präsentiert.;jabo/bert-base-german-cased-xnli-de;entailment;1;0.05250749737024307;0.1068451777100563;0.8406473398208618
17_ai_bii2_cannot_say_pos;Vor zwei Monaten hat Greta vor Tina einen komplizierten Vortrag gehalten.;Vor drei Tagen hat Greta wieder einen komplizierten Vortrag präsentiert, als sie auf einer Tagung gewesen ist.;Es lässt sich nicht sagen, wie oft Greta einen komplizierten Vortrag präsentiert hat.;unknown;17;ai;bii;2;positive;cannot say;False;;;Vor zwei Monaten hat Greta vor Tina einen komplizierten Vortrag gehalten. Vor drei Tagen hat Greta wieder einen komplizierten Vortrag präsentiert, als sie auf einer Tagung gewesen ist.;Es lässt sich nicht sagen, wie oft Greta einen komplizierten Vortrag präsentiert hat.;jabo/bert-base-german-cased-xnli-de;contradiction;0;0.8608299493789673;0.0896221473813057;0.049547936767339706
17_aii_bi1_once_neu;Vor zwei Monaten hat Tina vor Greta einen komplizierten Vortrag gehalten.;Vor drei Tagen hat Tina wieder einen komplizierten Vortrag gehört, als sie auf einer Tagung gewesen ist.;Tina hat einmal einen komplizierten Vortrag gehört.;entailment;17;aii;bi;1;neutral;once;False;;;Vor zwei Monaten hat Tina vor Greta einen komplizierten Vortrag gehalten. Vor drei Tagen hat Tina wieder einen komplizierten Vortrag gehört, als sie auf einer Tagung gewesen ist.;Tina hat einmal einen komplizierten Vortrag gehört.;jabo/bert-base-german-cased-xnli-de;entailment;1;0.021331364288926125;0.04523150250315666;0.9334371089935303
17_aii_bi1_twice_neu;Vor zwei Monaten hat Tina vor Greta einen komplizierten Vortrag gehalten.;Vor drei Tagen hat Tina wieder einen komplizierten Vortrag gehört, als sie auf einer Tagung gewesen ist.;Tina hat mindestens zweimal einen komplizierten Vortrag gehört.;unknown;17;aii;bi;1;neutral;twice;False;;;Vor zwei Monaten hat Tina vor Greta einen komplizierten Vortrag gehalten. Vor drei Tagen hat Tina wieder einen komplizierten Vortrag gehört, als sie auf einer Tagung gewesen ist.;Tina hat mindestens zweimal einen komplizierten Vortrag gehört.;jabo/bert-base-german-cased-xnli-de;entailment;0;0.025791674852371216;0.061752479523420334;0.9124558568000793
17_aii_bi1_cannot_say_neu;Vor zwei Monaten hat Tina vor Greta einen komplizierten Vortrag gehalten.;Vor drei Tagen hat Tina wieder einen komplizierten Vortrag gehört, als sie auf einer Tagung gewesen ist.;Es lässt sich nicht sagen, wie oft Tina einen komplizierten Vortrag gehört hat.;unknown;17;aii;bi;1;neutral;cannot say;False;;;Vor zwei Monaten hat Tina vor Greta einen komplizierten Vortrag gehalten. Vor drei Tagen hat Tina wieder einen komplizierten Vortrag gehört, als sie auf einer Tagung gewesen ist.;Es lässt sich nicht sagen, wie oft Tina einen komplizierten Vortrag gehört hat.;jabo/bert-base-german-cased-xnli-de;contradiction;0;0.7958871722221375;0.13331064581871033;0.07080216705799103
17_aii_bi2_once_pos;Vor zwei Monaten hat Tina vor Greta einen komplizierten Vortrag gehalten.;Vor drei Tagen hat Greta wieder einen komplizierten Vortrag gehört, als sie auf einer Tagung gewesen ist.;Greta hat einmal einen komplizierten Vortrag gehört.;unknown;17;aii;bi;2;positive;once;False;;;Vor zwei Monaten hat Tina vor Greta einen komplizierten Vortrag gehalten. Vor drei Tagen hat Greta wieder einen komplizierten Vortrag gehört, als sie auf einer Tagung gewesen ist.;Greta hat einmal einen komplizierten Vortrag gehört.;jabo/bert-base-german-cased-xnli-de;entailment;0;0.021367058157920837;0.046045947819948196;0.9325870275497437
17_aii_bi2_twice_pos;Vor zwei Monaten hat Tina vor Greta einen komplizierten Vortrag gehalten.;Vor drei Tagen hat Greta wieder einen komplizierten Vortrag gehört, als sie auf einer Tagung gewesen ist.;Greta hat mindestens zweimal einen komplizierten Vortrag gehört.;entailment;17;aii;bi;2;positive;twice;False;;;Vor zwei Monaten hat Tina vor Greta einen komplizierten Vortrag gehalten. Vor drei Tagen hat Greta wieder einen komplizierten Vortrag gehört, als sie auf einer Tagung gewesen ist.;Greta hat mindestens zweimal einen komplizierten Vortrag gehört.;jabo/bert-base-german-cased-xnli-de;entailment;1;0.0346849225461483;0.07290630787611008;0.8924087882041931
17_aii_bi2_cannot_say_pos;Vor zwei Monaten hat Tina vor Greta einen komplizierten Vortrag gehalten.;Vor drei Tagen hat Greta wieder einen komplizierten Vortrag gehört, als sie auf einer Tagung gewesen ist.;Es lässt sich nicht sagen, wie oft Greta einen komplizierten Vortrag gehört hat.;unknown;17;aii;bi;2;positive;cannot say;False;;;Vor zwei Monaten hat Tina vor Greta einen komplizierten Vortrag gehalten. Vor drei Tagen hat Greta wieder einen komplizierten Vortrag gehört, als sie auf einer Tagung gewesen ist.;Es lässt sich nicht sagen, wie oft Greta einen komplizierten Vortrag gehört hat.;jabo/bert-base-german-cased-xnli-de;contradiction;0;0.8457441329956055;0.10319168120622635;0.051064200699329376
17_aii_bii1_once_pos;Vor zwei Monaten hat Tina vor Greta einen komplizierten Vortrag gehalten.;Vor drei Tagen hat Tina wieder einen komplizierten Vortrag präsentiert, als sie auf einer Tagung gewesen ist.;Tina hat einmal einen komplizierten Vortrag präsentiert.;unknown;17;aii;bii;1;positive;once;False;;;Vor zwei Monaten hat Tina vor Greta einen komplizierten Vortrag gehalten. Vor drei Tagen hat Tina wieder einen komplizierten Vortrag präsentiert, als sie auf einer Tagung gewesen ist.;Tina hat einmal einen komplizierten Vortrag präsentiert.;jabo/bert-base-german-cased-xnli-de;entailment;0;0.022483808919787407;0.04667538404464722;0.930840790271759
17_aii_bii1_twice_pos;Vor zwei Monaten hat Tina vor Greta einen komplizierten Vortrag gehalten.;Vor drei Tagen hat Tina wieder einen komplizierten Vortrag präsentiert, als sie auf einer Tagung gewesen ist.;Tina hat mindestens zweimal einen komplizierten Vortrag präsentiert.;entailment;17;aii;bii;1;positive;twice;False;;;Vor zwei Monaten hat Tina vor Greta einen komplizierten Vortrag gehalten. Vor drei Tagen hat Tina wieder einen komplizierten Vortrag präsentiert, als sie auf einer Tagung gewesen ist.;Tina hat mindestens zweimal einen komplizierten Vortrag präsentiert.;jabo/bert-base-german-cased-xnli-de;entailment;1;0.03088792786002159;0.07416655868291855;0.894945502281189
17_aii_bii1_cannot_say_pos;Vor zwei Monaten hat Tina vor Greta einen komplizierten Vortrag gehalten.;Vor drei Tagen hat Tina wieder einen komplizierten Vortrag präsentiert, als sie auf einer Tagung gewesen ist.;Es lässt sich nicht sagen, wie oft Tina einen komplizierten Vortrag präsentiert hat.;unknown;17;aii;bii;1;positive;cannot say;False;;;Vor zwei Monaten hat Tina vor Greta einen komplizierten Vortrag gehalten. Vor drei Tagen hat Tina wieder einen komplizierten Vortrag präsentiert, als sie auf einer Tagung gewesen ist.;Es lässt sich nicht sagen, wie oft Tina einen komplizierten Vortrag präsentiert hat.;jabo/bert-base-german-cased-xnli-de;contradiction;0;0.79607754945755;0.12250251322984695;0.08141998946666718
17_aii_bii2_once_neu;Vor zwei Monaten hat Tina vor Greta einen komplizierten Vortrag gehalten.;Vor drei Tagen hat Greta wieder einen komplizierten Vortrag präsentiert, als sie auf einer Tagung gewesen ist.;Greta hat einmal einen komplizierten Vortrag präsentiert.;entailment;17;aii;bii;2;neutral;once;False;;;Vor zwei Monaten hat Tina vor Greta einen komplizierten Vortrag gehalten. Vor drei Tagen hat Greta wieder einen komplizierten Vortrag präsentiert, als sie auf einer Tagung gewesen ist.;Greta hat einmal einen komplizierten Vortrag präsentiert.;jabo/bert-base-german-cased-xnli-de;entailment;1;0.022537389770150185;0.04774271696805954;0.9297199249267578
17_aii_bii2_twice_neu;Vor zwei Monaten hat Tina vor Greta einen komplizierten Vortrag gehalten.;Vor drei Tagen hat Greta wieder einen komplizierten Vortrag präsentiert, als sie auf einer Tagung gewesen ist.;Greta hat mindestens zweimal einen komplizierten Vortrag präsentiert.;unknown;17;aii;bii;2;neutral;twice;False;;;Vor zwei Monaten hat Tina vor Greta einen komplizierten Vortrag gehalten. Vor drei Tagen hat Greta wieder einen komplizierten Vortrag präsentiert, als sie auf einer Tagung gewesen ist.;Greta hat mindestens zweimal einen komplizierten Vortrag präsentiert.;jabo/bert-base-german-cased-xnli-de;entailment;0;0.040465645492076874;0.09265710413455963;0.8668772578239441
17_aii_bii2_cannot_say_neu;Vor zwei Monaten hat Tina vor Greta einen komplizierten Vortrag gehalten.;Vor drei Tagen hat Greta wieder einen komplizierten Vortrag präsentiert, als sie auf einer Tagung gewesen ist.;Es lässt sich nicht sagen, wie oft Greta einen komplizierten Vortrag präsentiert hat.;unknown;17;aii;bii;2;neutral;cannot say;False;;;Vor zwei Monaten hat Tina vor Greta einen komplizierten Vortrag gehalten. Vor drei Tagen hat Greta wieder einen komplizierten Vortrag präsentiert, als sie auf einer Tagung gewesen ist.;Es lässt sich nicht sagen, wie oft Greta einen komplizierten Vortrag präsentiert hat.;jabo/bert-base-german-cased-xnli-de;contradiction;0;0.8606524467468262;0.0905737429857254;0.048773836344480515
18_ai_bi1_once_pos;Vor einer Woche hat Greta Thorsten einen Cocktail ausgegeben.;Vor vier Tagen hat Thorsten wieder einen leckeren Cocktail bekommen, als er in einer Bar gewesen ist.;Thorsten hat einmal einen leckeren Cocktail bekommen.;unknown;18;ai;bi;1;positive;once;False;;;Vor einer Woche hat Greta Thorsten einen Cocktail ausgegeben. Vor vier Tagen hat Thorsten wieder einen leckeren Cocktail bekommen, als er in einer Bar gewesen ist.;Thorsten hat einmal einen leckeren Cocktail bekommen.;jabo/bert-base-german-cased-xnli-de;entailment;0;0.021538861095905304;0.05208110064268112;0.9263799786567688
18_ai_bi1_twice_pos;Vor einer Woche hat Greta Thorsten einen Cocktail ausgegeben.;Vor vier Tagen hat Thorsten wieder einen leckeren Cocktail bekommen, als er in einer Bar gewesen ist.;Thorsten hat mindestens zweimal einen leckeren Cocktail bekommen.;entailment;18;ai;bi;1;positive;twice;False;;;Vor einer Woche hat Greta Thorsten einen Cocktail ausgegeben. Vor vier Tagen hat Thorsten wieder einen leckeren Cocktail bekommen, als er in einer Bar gewesen ist.;Thorsten hat mindestens zweimal einen leckeren Cocktail bekommen.;jabo/bert-base-german-cased-xnli-de;entailment;1;0.1396389752626419;0.24258284270763397;0.6177781224250793
18_ai_bi1_cannot_say_pos;Vor einer Woche hat Greta Thorsten einen Cocktail ausgegeben.;Vor vier Tagen hat Thorsten wieder einen leckeren Cocktail bekommen, als er in einer Bar gewesen ist.;Es lässt sich nicht sagen, wie oft Thorsten einen leckeren Cocktail bekommen hat.;unknown;18;ai;bi;1;positive;cannot say;False;;;Vor einer Woche hat Greta Thorsten einen Cocktail ausgegeben. Vor vier Tagen hat Thorsten wieder einen leckeren Cocktail bekommen, als er in einer Bar gewesen ist.;Es lässt sich nicht sagen, wie oft Thorsten einen leckeren Cocktail bekommen hat.;jabo/bert-base-german-cased-xnli-de;contradiction;0;0.8013961911201477;0.15550339221954346;0.043100498616695404
18_ai_bi2_once_neu;Vor einer Woche hat Greta Thorsten einen Cocktail ausgegeben.;Vor vier Tagen hat Greta wieder einen leckeren Cocktail bekommen, als sie in einer Bar gewesen ist.;Greta hat einmal einen leckeren Cocktail bekommen.;entailment;18;ai;bi;2;neutral;once;False;;;Vor einer Woche hat Greta Thorsten einen Cocktail ausgegeben. Vor vier Tagen hat Greta wieder einen leckeren Cocktail bekommen, als sie in einer Bar gewesen ist.;Greta hat einmal einen leckeren Cocktail bekommen.;jabo/bert-base-german-cased-xnli-de;entailment;1;0.021654589101672173;0.050670307129621506;0.9276751279830933
18_ai_bi2_twice_neu;Vor einer Woche hat Greta Thorsten einen Cocktail ausgegeben.;Vor vier Tagen hat Greta wieder einen leckeren Cocktail bekommen, als sie in einer Bar gewesen ist.;Greta hat mindestens zweimal einen leckeren Cocktail bekommen.;unknown;18;ai;bi;2;neutral;twice;False;;;Vor einer Woche hat Greta Thorsten einen Cocktail ausgegeben. Vor vier Tagen hat Greta wieder einen leckeren Cocktail bekommen, als sie in einer Bar gewesen ist.;Greta hat mindestens zweimal einen leckeren Cocktail bekommen.;jabo/bert-base-german-cased-xnli-de;entailment;0;0.12585438787937164;0.24688567221164703;0.6272599101066589
18_ai_bi2_cannot_say_neu;Vor einer Woche hat Greta Thorsten einen Cocktail ausgegeben.;Vor vier Tagen hat Greta wieder einen leckeren Cocktail bekommen, als sie in einer Bar gewesen ist.;Es lässt sich nicht sagen, wie oft Greta einen leckeren Cocktail bekommen hat.;unknown;18;ai;bi;2;neutral;cannot say;False;;;Vor einer Woche hat Greta Thorsten einen Cocktail ausgegeben. Vor vier Tagen hat Greta wieder einen leckeren Cocktail bekommen, als sie in einer Bar gewesen ist.;Es lässt sich nicht sagen, wie oft Greta einen leckeren Cocktail bekommen hat.;jabo/bert-base-german-cased-xnli-de;contradiction;0;0.838259756565094;0.12358372658491135;0.03815653175115585
18_ai_bii1_once_neu;Vor einer Woche hat Greta Thorsten einen Cocktail ausgegeben.;Vor vier Tagen hat Thorsten wieder einen leckeren Cocktail bezahlt, als er in einer Bar gewesen ist.;Thorsten hat einmal einen leckeren Cocktail bezahlt.;entailment;18;ai;bii;1;neutral;once;False;;;Vor einer Woche hat Greta Thorsten einen Cocktail ausgegeben. Vor vier Tagen hat Thorsten wieder einen leckeren Cocktail bezahlt, als er in einer Bar gewesen ist.;Thorsten hat einmal einen leckeren Cocktail bezahlt.;jabo/bert-base-german-cased-xnli-de;entailment;1;0.021999644115567207;0.05636739358305931;0.9216329455375671
18_ai_bii1_twice_neu;Vor einer Woche hat Greta Thorsten einen Cocktail ausgegeben.;Vor vier Tagen hat Thorsten wieder einen leckeren Cocktail bezahlt, als er in einer Bar gewesen ist.;Thorsten hat mindestens zweimal einen leckeren Cocktail bezahlt.;unknown;18;ai;bii;1;neutral;twice;False;;;Vor einer Woche hat Greta Thorsten einen Cocktail ausgegeben. Vor vier Tagen hat Thorsten wieder einen leckeren Cocktail bezahlt, als er in einer Bar gewesen ist.;Thorsten hat mindestens zweimal einen leckeren Cocktail bezahlt.;jabo/bert-base-german-cased-xnli-de;entailment;0;0.17570561170578003;0.23904722929000854;0.5852471590042114
18_ai_bii1_cannot_say_neu;Vor einer Woche hat Greta Thorsten einen Cocktail ausgegeben.;Vor vier Tagen hat Thorsten wieder einen leckeren Cocktail bezahlt, als er in einer Bar gewesen ist.;Es lässt sich nicht sagen, wie oft Thorsten einen leckeren Cocktail bezahlt hat.;unknown;18;ai;bii;1;neutral;cannot say;False;;;Vor einer Woche hat Greta Thorsten einen Cocktail ausgegeben. Vor vier Tagen hat Thorsten wieder einen leckeren Cocktail bezahlt, als er in einer Bar gewesen ist.;Es lässt sich nicht sagen, wie oft Thorsten einen leckeren Cocktail bezahlt hat.;jabo/bert-base-german-cased-xnli-de;contradiction;0;0.7800527811050415;0.1631426066160202;0.05680457130074501
18_ai_bii2_once_pos;Vor einer Woche hat Greta Thorsten einen Cocktail ausgegeben.;Vor vier Tagen hat Greta wieder einen leckeren Cocktail bezahlt, als sie in einer Bar gewesen ist.;Greta hat einmal einen leckeren Cocktail bezahlt.;unknown;18;ai;bii;2;positive;once;False;;;Vor einer Woche hat Greta Thorsten einen Cocktail ausgegeben. Vor vier Tagen hat Greta wieder einen leckeren Cocktail bezahlt, als sie in einer Bar gewesen ist.;Greta hat einmal einen leckeren Cocktail bezahlt.;jabo/bert-base-german-cased-xnli-de;entailment;0;0.022555019706487656;0.05181971937417984;0.9256253242492676
18_ai_bii2_twice_pos;Vor einer Woche hat Greta Thorsten einen Cocktail ausgegeben.;Vor vier Tagen hat Greta wieder einen leckeren Cocktail bezahlt, als sie in einer Bar gewesen ist.;Greta hat mindestens zweimal einen leckeren Cocktail bezahlt.;entailment;18;ai;bii;2;positive;twice;False;;;Vor einer Woche hat Greta Thorsten einen Cocktail ausgegeben. Vor vier Tagen hat Greta wieder einen leckeren Cocktail bezahlt, als sie in einer Bar gewesen ist.;Greta hat mindestens zweimal einen leckeren Cocktail bezahlt.;jabo/bert-base-german-cased-xnli-de;entailment;1;0.17228777706623077;0.26379117369651794;0.5639210939407349
18_ai_bii2_cannot_say_pos;Vor einer Woche hat Greta Thorsten einen Cocktail ausgegeben.;Vor vier Tagen hat Greta wieder einen leckeren Cocktail bezahlt, als sie in einer Bar gewesen ist.;Es lässt sich nicht sagen, wie oft Greta einen leckeren Cocktail bezahlt hat.;unknown;18;ai;bii;2;positive;cannot say;False;;;Vor einer Woche hat Greta Thorsten einen Cocktail ausgegeben. Vor vier Tagen hat Greta wieder einen leckeren Cocktail bezahlt, als sie in einer Bar gewesen ist.;Es lässt sich nicht sagen, wie oft Greta einen leckeren Cocktail bezahlt hat.;jabo/bert-base-german-cased-xnli-de;contradiction;0;0.8230741620063782;0.12720918655395508;0.04971660301089287
18_aii_bi1_once_neu;Vor einer Woche hat Thorsten Greta einen Cocktail ausgegeben.;Vor vier Tagen hat Thorsten wieder einen leckeren Cocktail bekommen, als er in einer Bar gewesen ist.;Thorsten hat einmal einen leckeren Cocktail bekommen.;entailment;18;aii;bi;1;neutral;once;False;;;Vor einer Woche hat Thorsten Greta einen Cocktail ausgegeben. Vor vier Tagen hat Thorsten wieder einen leckeren Cocktail bekommen, als er in einer Bar gewesen ist.;Thorsten hat einmal einen leckeren Cocktail bekommen.;jabo/bert-base-german-cased-xnli-de;entailment;1;0.021864954382181168;0.0512252040207386;0.9269098043441772
18_aii_bi1_twice_neu;Vor einer Woche hat Thorsten Greta einen Cocktail ausgegeben.;Vor vier Tagen hat Thorsten wieder einen leckeren Cocktail bekommen, als er in einer Bar gewesen ist.;Thorsten hat mindestens zweimal einen leckeren Cocktail bekommen.;unknown;18;aii;bi;1;neutral;twice;False;;;Vor einer Woche hat Thorsten Greta einen Cocktail ausgegeben. Vor vier Tagen hat Thorsten wieder einen leckeren Cocktail bekommen, als er in einer Bar gewesen ist.;Thorsten hat mindestens zweimal einen leckeren Cocktail bekommen.;jabo/bert-base-german-cased-xnli-de;entailment;0;0.16370761394500732;0.20987194776535034;0.6264203786849976
18_aii_bi1_cannot_say_neu;Vor einer Woche hat Thorsten Greta einen Cocktail ausgegeben.;Vor vier Tagen hat Thorsten wieder einen leckeren Cocktail bekommen, als er in einer Bar gewesen ist.;Es lässt sich nicht sagen, wie oft Thorsten einen leckeren Cocktail bekommen hat.;unknown;18;aii;bi;1;neutral;cannot say;False;;;Vor einer Woche hat Thorsten Greta einen Cocktail ausgegeben. Vor vier Tagen hat Thorsten wieder einen leckeren Cocktail bekommen, als er in einer Bar gewesen ist.;Es lässt sich nicht sagen, wie oft Thorsten einen leckeren Cocktail bekommen hat.;jabo/bert-base-german-cased-xnli-de;contradiction;0;0.797199547290802;0.15903069078922272;0.04376976191997528
18_aii_bi2_once_pos;Vor einer Woche hat Thorsten Greta einen Cocktail ausgegeben.;Vor vier Tagen hat Greta wieder einen leckeren Cocktail bekommen, als sie in einer Bar gewesen ist.;Greta hat einmal einen leckeren Cocktail bekommen.;unknown;18;aii;bi;2;positive;once;False;;;Vor einer Woche hat Thorsten Greta einen Cocktail ausgegeben. Vor vier Tagen hat Greta wieder einen leckeren Cocktail bekommen, als sie in einer Bar gewesen ist.;Greta hat einmal einen leckeren Cocktail bekommen.;jabo/bert-base-german-cased-xnli-de;entailment;0;0.022005191072821617;0.052923187613487244;0.925071656703949
18_aii_bi2_twice_pos;Vor einer Woche hat Thorsten Greta einen Cocktail ausgegeben.;Vor vier Tagen hat Greta wieder einen leckeren Cocktail bekommen, als sie in einer Bar gewesen ist.;Greta hat mindestens zweimal einen leckeren Cocktail bekommen.;entailment;18;aii;bi;2;positive;twice;False;;;Vor einer Woche hat Thorsten Greta einen Cocktail ausgegeben. Vor vier Tagen hat Greta wieder einen leckeren Cocktail bekommen, als sie in einer Bar gewesen ist.;Greta hat mindestens zweimal einen leckeren Cocktail bekommen.;jabo/bert-base-german-cased-xnli-de;entailment;1;0.16443543136119843;0.21888841688632965;0.6166762113571167
18_aii_bi2_cannot_say_pos;Vor einer Woche hat Thorsten Greta einen Cocktail ausgegeben.;Vor vier Tagen hat Greta wieder einen leckeren Cocktail bekommen, als sie in einer Bar gewesen ist.;Es lässt sich nicht sagen, wie oft Greta einen leckeren Cocktail bekommen hat.;unknown;18;aii;bi;2;positive;cannot say;False;;;Vor einer Woche hat Thorsten Greta einen Cocktail ausgegeben. Vor vier Tagen hat Greta wieder einen leckeren Cocktail bekommen, als sie in einer Bar gewesen ist.;Es lässt sich nicht sagen, wie oft Greta einen leckeren Cocktail bekommen hat.;jabo/bert-base-german-cased-xnli-de;contradiction;0;0.8375234603881836;0.12449146807193756;0.03798516467213631
18_aii_bii1_once_pos;Vor einer Woche hat Thorsten Greta einen Cocktail ausgegeben.;Vor vier Tagen hat Thorsten wieder einen leckeren Cocktail bezahlt, als er in einer Bar gewesen ist.;Thorsten hat einmal einen leckeren Cocktail bezahlt.;unknown;18;aii;bii;1;positive;once;False;;;Vor einer Woche hat Thorsten Greta einen Cocktail ausgegeben. Vor vier Tagen hat Thorsten wieder einen leckeren Cocktail bezahlt, als er in einer Bar gewesen ist.;Thorsten hat einmal einen leckeren Cocktail bezahlt.;jabo/bert-base-german-cased-xnli-de;entailment;0;0.0223071426153183;0.05582660436630249;0.9218662977218628
18_aii_bii1_twice_pos;Vor einer Woche hat Thorsten Greta einen Cocktail ausgegeben.;Vor vier Tagen hat Thorsten wieder einen leckeren Cocktail bezahlt, als er in einer Bar gewesen ist.;Thorsten hat mindestens zweimal einen leckeren Cocktail bezahlt.;entailment;18;aii;bii;1;positive;twice;False;;;Vor einer Woche hat Thorsten Greta einen Cocktail ausgegeben. Vor vier Tagen hat Thorsten wieder einen leckeren Cocktail bezahlt, als er in einer Bar gewesen ist.;Thorsten hat mindestens zweimal einen leckeren Cocktail bezahlt.;jabo/bert-base-german-cased-xnli-de;entailment;1;0.19071348011493683;0.2147798389196396;0.5945066809654236
18_aii_bii1_cannot_say_pos;Vor einer Woche hat Thorsten Greta einen Cocktail ausgegeben.;Vor vier Tagen hat Thorsten wieder einen leckeren Cocktail bezahlt, als er in einer Bar gewesen ist.;Es lässt sich nicht sagen, wie oft Thorsten einen leckeren Cocktail bezahlt hat.;unknown;18;aii;bii;1;positive;cannot say;False;;;Vor einer Woche hat Thorsten Greta einen Cocktail ausgegeben. Vor vier Tagen hat Thorsten wieder einen leckeren Cocktail bezahlt, als er in einer Bar gewesen ist.;Es lässt sich nicht sagen, wie oft Thorsten einen leckeren Cocktail bezahlt hat.;jabo/bert-base-german-cased-xnli-de;contradiction;0;0.7689757943153381;0.16968940198421478;0.06133472919464111
18_aii_bii2_once_neu;Vor einer Woche hat Thorsten Greta einen Cocktail ausgegeben.;Vor vier Tagen hat Greta wieder einen leckeren Cocktail bezahlt, als sie in einer Bar gewesen ist.;Greta hat einmal einen leckeren Cocktail bezahlt.;entailment;18;aii;bii;2;neutral;once;False;;;Vor einer Woche hat Thorsten Greta einen Cocktail ausgegeben. Vor vier Tagen hat Greta wieder einen leckeren Cocktail bezahlt, als sie in einer Bar gewesen ist.;Greta hat einmal einen leckeren Cocktail bezahlt.;jabo/bert-base-german-cased-xnli-de;entailment;1;0.022942280396819115;0.05369604378938675;0.9233617186546326
18_aii_bii2_twice_neu;Vor einer Woche hat Thorsten Greta einen Cocktail ausgegeben.;Vor vier Tagen hat Greta wieder einen leckeren Cocktail bezahlt, als sie in einer Bar gewesen ist.;Greta hat mindestens zweimal einen leckeren Cocktail bezahlt.;unknown;18;aii;bii;2;neutral;twice;False;;;Vor einer Woche hat Thorsten Greta einen Cocktail ausgegeben. Vor vier Tagen hat Greta wieder einen leckeren Cocktail bezahlt, als sie in einer Bar gewesen ist.;Greta hat mindestens zweimal einen leckeren Cocktail bezahlt.;jabo/bert-base-german-cased-xnli-de;entailment;0;0.2023748904466629;0.2390809953212738;0.5585441589355469
18_aii_bii2_cannot_say_neu;Vor einer Woche hat Thorsten Greta einen Cocktail ausgegeben.;Vor vier Tagen hat Greta wieder einen leckeren Cocktail bezahlt, als sie in einer Bar gewesen ist.;Es lässt sich nicht sagen, wie oft Greta einen leckeren Cocktail bezahlt hat.;unknown;18;aii;bii;2;neutral;cannot say;False;;;Vor einer Woche hat Thorsten Greta einen Cocktail ausgegeben. Vor vier Tagen hat Greta wieder einen leckeren Cocktail bezahlt, als sie in einer Bar gewesen ist.;Es lässt sich nicht sagen, wie oft Greta einen leckeren Cocktail bezahlt hat.;jabo/bert-base-german-cased-xnli-de;contradiction;0;0.8164460062980652;0.1318216174840927;0.05173235759139061
19_ai_bi1_once_pos;Vor zwei Wochen hat Greta Judith ein Kompliment gemacht.;Vor einer Woche hat Judith wieder ein nettes Kompliment erhalten, als sie in einem Park spazieren war.;Judith hat einmal ein nettes Kompliment erhalten.;unknown;19;ai;bi;1;positive;once;False;;;Vor zwei Wochen hat Greta Judith ein Kompliment gemacht. Vor einer Woche hat Judith wieder ein nettes Kompliment erhalten, als sie in einem Park spazieren war.;Judith hat einmal ein nettes Kompliment erhalten.;jabo/bert-base-german-cased-xnli-de;entailment;0;0.019126228988170624;0.04711916297674179;0.9337546229362488
19_ai_bi1_twice_pos;Vor zwei Wochen hat Greta Judith ein Kompliment gemacht.;Vor einer Woche hat Judith wieder ein nettes Kompliment erhalten, als sie in einem Park spazieren war.;Judith hat mindestens zweimal ein nettes Kompliment erhalten.;entailment;19;ai;bi;1;positive;twice;False;;;Vor zwei Wochen hat Greta Judith ein Kompliment gemacht. Vor einer Woche hat Judith wieder ein nettes Kompliment erhalten, als sie in einem Park spazieren war.;Judith hat mindestens zweimal ein nettes Kompliment erhalten.;jabo/bert-base-german-cased-xnli-de;entailment;1;0.0332631878554821;0.11335013806819916;0.853386640548706
19_ai_bi1_cannot_say_pos;Vor zwei Wochen hat Greta Judith ein Kompliment gemacht.;Vor einer Woche hat Judith wieder ein nettes Kompliment erhalten, als sie in einem Park spazieren war.;Es lässt sich nicht sagen, wie oft Judith ein nettes Kompliment erhalten hat.;unknown;19;ai;bi;1;positive;cannot say;False;;;Vor zwei Wochen hat Greta Judith ein Kompliment gemacht. Vor einer Woche hat Judith wieder ein nettes Kompliment erhalten, als sie in einem Park spazieren war.;Es lässt sich nicht sagen, wie oft Judith ein nettes Kompliment erhalten hat.;jabo/bert-base-german-cased-xnli-de;contradiction;0;0.8203828930854797;0.15294653177261353;0.02667059749364853
19_ai_bi2_once_neu;Vor zwei Wochen hat Greta Judith ein Kompliment gemacht.;Vor einer Woche hat Greta wieder ein nettes Kompliment erhalten, als sie in einem Park spazieren war.;Greta hat einmal ein nettes Kompliment erhalten.;entailment;19;ai;bi;2;neutral;once;False;;;Vor zwei Wochen hat Greta Judith ein Kompliment gemacht. Vor einer Woche hat Greta wieder ein nettes Kompliment erhalten, als sie in einem Park spazieren war.;Greta hat einmal ein nettes Kompliment erhalten.;jabo/bert-base-german-cased-xnli-de;entailment;1;0.019161878153681755;0.046487849205732346;0.9343502521514893
19_ai_bi2_twice_neu;Vor zwei Wochen hat Greta Judith ein Kompliment gemacht.;Vor einer Woche hat Greta wieder ein nettes Kompliment erhalten, als sie in einem Park spazieren war.;Greta hat mindestens zweimal ein nettes Kompliment erhalten.;unknown;19;ai;bi;2;neutral;twice;False;;;Vor zwei Wochen hat Greta Judith ein Kompliment gemacht. Vor einer Woche hat Greta wieder ein nettes Kompliment erhalten, als sie in einem Park spazieren war.;Greta hat mindestens zweimal ein nettes Kompliment erhalten.;jabo/bert-base-german-cased-xnli-de;entailment;0;0.037014592438936234;0.12383189797401428;0.8391534686088562
19_ai_bi2_cannot_say_neu;Vor zwei Wochen hat Greta Judith ein Kompliment gemacht.;Vor einer Woche hat Greta wieder ein nettes Kompliment erhalten, als sie in einem Park spazieren war.;Es lässt sich nicht sagen, wie oft Greta ein nettes Kompliment erhalten hat.;unknown;19;ai;bi;2;neutral;cannot say;False;;;Vor zwei Wochen hat Greta Judith ein Kompliment gemacht. Vor einer Woche hat Greta wieder ein nettes Kompliment erhalten, als sie in einem Park spazieren war.;Es lässt sich nicht sagen, wie oft Greta ein nettes Kompliment erhalten hat.;jabo/bert-base-german-cased-xnli-de;contradiction;0;0.8395957946777344;0.13452482223510742;0.02587941847741604
19_ai_bii1_once_neu;Vor zwei Wochen hat Greta Judith ein Kompliment gemacht.;Vor einer Woche hat Judith wieder ein nettes Kompliment verteilt, als sie in einem Park spazieren war.;Judith hat einmal ein nettes Kompliment verteilt.;entailment;19;ai;bii;1;neutral;once;False;;;Vor zwei Wochen hat Greta Judith ein Kompliment gemacht. Vor einer Woche hat Judith wieder ein nettes Kompliment verteilt, als sie in einem Park spazieren war.;Judith hat einmal ein nettes Kompliment verteilt.;jabo/bert-base-german-cased-xnli-de;entailment;1;0.01875324174761772;0.04938437417149544;0.9318623542785645
19_ai_bii1_twice_neu;Vor zwei Wochen hat Greta Judith ein Kompliment gemacht.;Vor einer Woche hat Judith wieder ein nettes Kompliment verteilt, als sie in einem Park spazieren war.;Judith hat mindestens zweimal ein nettes Kompliment verteilt.;unknown;19;ai;bii;1;neutral;twice;False;;;Vor zwei Wochen hat Greta Judith ein Kompliment gemacht. Vor einer Woche hat Judith wieder ein nettes Kompliment verteilt, als sie in einem Park spazieren war.;Judith hat mindestens zweimal ein nettes Kompliment verteilt.;jabo/bert-base-german-cased-xnli-de;entailment;0;0.038003452122211456;0.11280428618192673;0.8491922616958618
19_ai_bii1_cannot_say_neu;Vor zwei Wochen hat Greta Judith ein Kompliment gemacht.;Vor einer Woche hat Judith wieder ein nettes Kompliment verteilt, als sie in einem Park spazieren war.;Es lässt sich nicht sagen, wie oft Judith ein nettes Kompliment verteilt hat.;unknown;19;ai;bii;1;neutral;cannot say;False;;;Vor zwei Wochen hat Greta Judith ein Kompliment gemacht. Vor einer Woche hat Judith wieder ein nettes Kompliment verteilt, als sie in einem Park spazieren war.;Es lässt sich nicht sagen, wie oft Judith ein nettes Kompliment verteilt hat.;jabo/bert-base-german-cased-xnli-de;contradiction;0;0.8062304258346558;0.16275011003017426;0.031019505113363266
19_ai_bii2_once_pos;Vor zwei Wochen hat Greta Judith ein Kompliment gemacht.;Vor einer Woche hat Greta wieder ein nettes Kompliment verteilt, als sie in einem Park spazieren war.;Greta hat einmal ein nettes Kompliment verteilt.;unknown;19;ai;bii;2;positive;once;False;;;Vor zwei Wochen hat Greta Judith ein Kompliment gemacht. Vor einer Woche hat Greta wieder ein nettes Kompliment verteilt, als sie in einem Park spazieren war.;Greta hat einmal ein nettes Kompliment verteilt.;jabo/bert-base-german-cased-xnli-de;entailment;0;0.018908031284809113;0.048015810549259186;0.9330760836601257
19_ai_bii2_twice_pos;Vor zwei Wochen hat Greta Judith ein Kompliment gemacht.;Vor einer Woche hat Greta wieder ein nettes Kompliment verteilt, als sie in einem Park spazieren war.;Greta hat mindestens zweimal ein nettes Kompliment verteilt.;entailment;19;ai;bii;2;positive;twice;False;;;Vor zwei Wochen hat Greta Judith ein Kompliment gemacht. Vor einer Woche hat Greta wieder ein nettes Kompliment verteilt, als sie in einem Park spazieren war.;Greta hat mindestens zweimal ein nettes Kompliment verteilt.;jabo/bert-base-german-cased-xnli-de;entailment;1;0.04195493832230568;0.12297651171684265;0.8350685834884644
19_ai_bii2_cannot_say_pos;Vor zwei Wochen hat Greta Judith ein Kompliment gemacht.;Vor einer Woche hat Greta wieder ein nettes Kompliment verteilt, als sie in einem Park spazieren war.;Es lässt sich nicht sagen, wie oft Greta ein nettes Kompliment verteilt hat.;unknown;19;ai;bii;2;positive;cannot say;False;;;Vor zwei Wochen hat Greta Judith ein Kompliment gemacht. Vor einer Woche hat Greta wieder ein nettes Kompliment verteilt, als sie in einem Park spazieren war.;Es lässt sich nicht sagen, wie oft Greta ein nettes Kompliment verteilt hat.;jabo/bert-base-german-cased-xnli-de;contradiction;0;0.8246187567710876;0.14489498734474182;0.03048625960946083
19_aii_bi1_once_neu;Vor zwei Wochen hat Judith Greta ein Kompliment gemacht.;Vor einer Woche hat Judith wieder ein nettes Kompliment erhalten, als sie in einem Park spazieren war.;Judith hat einmal ein nettes Kompliment erhalten.;entailment;19;aii;bi;1;neutral;once;False;;;Vor zwei Wochen hat Judith Greta ein Kompliment gemacht. Vor einer Woche hat Judith wieder ein nettes Kompliment erhalten, als sie in einem Park spazieren war.;Judith hat einmal ein nettes Kompliment erhalten.;jabo/bert-base-german-cased-xnli-de;entailment;1;0.01929350383579731;0.04690259322524071;0.933803915977478
19_aii_bi1_twice_neu;Vor zwei Wochen hat Judith Greta ein Kompliment gemacht.;Vor einer Woche hat Judith wieder ein nettes Kompliment erhalten, als sie in einem Park spazieren war.;Judith hat mindestens zweimal ein nettes Kompliment erhalten.;unknown;19;aii;bi;1;neutral;twice;False;;;Vor zwei Wochen hat Judith Greta ein Kompliment gemacht. Vor einer Woche hat Judith wieder ein nettes Kompliment erhalten, als sie in einem Park spazieren war.;Judith hat mindestens zweimal ein nettes Kompliment erhalten.;jabo/bert-base-german-cased-xnli-de;entailment;0;0.03335899859666824;0.11003106832504272;0.8566099405288696
19_aii_bi1_cannot_say_neu;Vor zwei Wochen hat Judith Greta ein Kompliment gemacht.;Vor einer Woche hat Judith wieder ein nettes Kompliment erhalten, als sie in einem Park spazieren war.;Es lässt sich nicht sagen, wie oft Judith ein nettes Kompliment erhalten hat.;unknown;19;aii;bi;1;neutral;cannot say;False;;;Vor zwei Wochen hat Judith Greta ein Kompliment gemacht. Vor einer Woche hat Judith wieder ein nettes Kompliment erhalten, als sie in einem Park spazieren war.;Es lässt sich nicht sagen, wie oft Judith ein nettes Kompliment erhalten hat.;jabo/bert-base-german-cased-xnli-de;contradiction;0;0.8252930641174316;0.14878973364830017;0.025917189195752144
19_aii_bi2_once_pos;Vor zwei Wochen hat Judith Greta ein Kompliment gemacht.;Vor einer Woche hat Greta wieder ein nettes Kompliment erhalten, als sie in einem Park spazieren war.;Greta hat einmal ein nettes Kompliment erhalten.;unknown;19;aii;bi;2;positive;once;False;;;Vor zwei Wochen hat Judith Greta ein Kompliment gemacht. Vor einer Woche hat Greta wieder ein nettes Kompliment erhalten, als sie in einem Park spazieren war.;Greta hat einmal ein nettes Kompliment erhalten.;jabo/bert-base-german-cased-xnli-de;entailment;0;0.01909736730158329;0.046641137450933456;0.9342615008354187
19_aii_bi2_twice_pos;Vor zwei Wochen hat Judith Greta ein Kompliment gemacht.;Vor einer Woche hat Greta wieder ein nettes Kompliment erhalten, als sie in einem Park spazieren war.;Greta hat mindestens zweimal ein nettes Kompliment erhalten.;entailment;19;aii;bi;2;positive;twice;False;;;Vor zwei Wochen hat Judith Greta ein Kompliment gemacht. Vor einer Woche hat Greta wieder ein nettes Kompliment erhalten, als sie in einem Park spazieren war.;Greta hat mindestens zweimal ein nettes Kompliment erhalten.;jabo/bert-base-german-cased-xnli-de;entailment;1;0.033051684498786926;0.12156081944704056;0.8453875184059143
19_aii_bi2_cannot_say_pos;Vor zwei Wochen hat Judith Greta ein Kompliment gemacht.;Vor einer Woche hat Greta wieder ein nettes Kompliment erhalten, als sie in einem Park spazieren war.;Es lässt sich nicht sagen, wie oft Greta ein nettes Kompliment erhalten hat.;unknown;19;aii;bi;2;positive;cannot say;False;;;Vor zwei Wochen hat Judith Greta ein Kompliment gemacht. Vor einer Woche hat Greta wieder ein nettes Kompliment erhalten, als sie in einem Park spazieren war.;Es lässt sich nicht sagen, wie oft Greta ein nettes Kompliment erhalten hat.;jabo/bert-base-german-cased-xnli-de;contradiction;0;0.838886559009552;0.1353968381881714;0.02571658045053482
19_aii_bii1_once_pos;Vor zwei Wochen hat Judith Greta ein Kompliment gemacht.;Vor einer Woche hat Judith wieder ein nettes Kompliment verteilt, als sie in einem Park spazieren war.;Judith hat einmal ein nettes Kompliment verteilt.;unknown;19;aii;bii;1;positive;once;False;;;Vor zwei Wochen hat Judith Greta ein Kompliment gemacht. Vor einer Woche hat Judith wieder ein nettes Kompliment verteilt, als sie in einem Park spazieren war.;Judith hat einmal ein nettes Kompliment verteilt.;jabo/bert-base-german-cased-xnli-de;entailment;0;0.01894339732825756;0.04930673539638519;0.9317498207092285
19_aii_bii1_twice_pos;Vor zwei Wochen hat Judith Greta ein Kompliment gemacht.;Vor einer Woche hat Judith wieder ein nettes Kompliment verteilt, als sie in einem Park spazieren war.;Judith hat mindestens zweimal ein nettes Kompliment verteilt.;entailment;19;aii;bii;1;positive;twice;False;;;Vor zwei Wochen hat Judith Greta ein Kompliment gemacht. Vor einer Woche hat Judith wieder ein nettes Kompliment verteilt, als sie in einem Park spazieren war.;Judith hat mindestens zweimal ein nettes Kompliment verteilt.;jabo/bert-base-german-cased-xnli-de;entailment;1;0.03927364572882652;0.11193449050188065;0.8487918376922607
19_aii_bii1_cannot_say_pos;Vor zwei Wochen hat Judith Greta ein Kompliment gemacht.;Vor einer Woche hat Judith wieder ein nettes Kompliment verteilt, als sie in einem Park spazieren war.;Es lässt sich nicht sagen, wie oft Judith ein nettes Kompliment verteilt hat.;unknown;19;aii;bii;1;positive;cannot say;False;;;Vor zwei Wochen hat Judith Greta ein Kompliment gemacht. Vor einer Woche hat Judith wieder ein nettes Kompliment verteilt, als sie in einem Park spazieren war.;Es lässt sich nicht sagen, wie oft Judith ein nettes Kompliment verteilt hat.;jabo/bert-base-german-cased-xnli-de;contradiction;0;0.8099035620689392;0.15965035557746887;0.03044605813920498
19_aii_bii2_once_neu;Vor zwei Wochen hat Judith Greta ein Kompliment gemacht.;Vor einer Woche hat Greta wieder ein nettes Kompliment verteilt, als sie in einem Park spazieren war.;Greta hat einmal ein nettes Kompliment verteilt.;entailment;19;aii;bii;2;neutral;once;False;;;Vor zwei Wochen hat Judith Greta ein Kompliment gemacht. Vor einer Woche hat Greta wieder ein nettes Kompliment verteilt, als sie in einem Park spazieren war.;Greta hat einmal ein nettes Kompliment verteilt.;jabo/bert-base-german-cased-xnli-de;entailment;1;0.018834449350833893;0.04823271930217743;0.9329327940940857
19_aii_bii2_twice_neu;Vor zwei Wochen hat Judith Greta ein Kompliment gemacht.;Vor einer Woche hat Greta wieder ein nettes Kompliment verteilt, als sie in einem Park spazieren war.;Greta hat mindestens zweimal ein nettes Kompliment verteilt.;unknown;19;aii;bii;2;neutral;twice;False;;;Vor zwei Wochen hat Judith Greta ein Kompliment gemacht. Vor einer Woche hat Greta wieder ein nettes Kompliment verteilt, als sie in einem Park spazieren war.;Greta hat mindestens zweimal ein nettes Kompliment verteilt.;jabo/bert-base-german-cased-xnli-de;entailment;0;0.03819188103079796;0.12374880164861679;0.8380593061447144
19_aii_bii2_cannot_say_neu;Vor zwei Wochen hat Judith Greta ein Kompliment gemacht.;Vor einer Woche hat Greta wieder ein nettes Kompliment verteilt, als sie in einem Park spazieren war.;Es lässt sich nicht sagen, wie oft Greta ein nettes Kompliment verteilt hat.;unknown;19;aii;bii;2;neutral;cannot say;False;;;Vor zwei Wochen hat Judith Greta ein Kompliment gemacht. Vor einer Woche hat Greta wieder ein nettes Kompliment verteilt, als sie in einem Park spazieren war.;Es lässt sich nicht sagen, wie oft Greta ein nettes Kompliment verteilt hat.;jabo/bert-base-german-cased-xnli-de;contradiction;0;0.8206906914710999;0.14837893843650818;0.030930418521165848
20_ai_bi1_once_pos;Vor drei Monaten hat Greta Karl ein französisches Lied beigebracht.;Vor zwei Wochen hat Karl wieder ein französisches Lied gelernt, als er mit einem Freund unterwegs war.;Karl hat einmal ein französisches Lied gelernt.;unknown;20;ai;bi;1;positive;once;False;;;Vor drei Monaten hat Greta Karl ein französisches Lied beigebracht. Vor zwei Wochen hat Karl wieder ein französisches Lied gelernt, als er mit einem Freund unterwegs war.;Karl hat einmal ein französisches Lied gelernt.;jabo/bert-base-german-cased-xnli-de;entailment;0;0.02181430719792843;0.04594681039452553;0.9322388768196106
20_ai_bi1_twice_pos;Vor drei Monaten hat Greta Karl ein französisches Lied beigebracht.;Vor zwei Wochen hat Karl wieder ein französisches Lied gelernt, als er mit einem Freund unterwegs war.;Karl hat mindestens zweimal ein französisches Lied gelernt.;entailment;20;ai;bi;1;positive;twice;False;;;Vor drei Monaten hat Greta Karl ein französisches Lied beigebracht. Vor zwei Wochen hat Karl wieder ein französisches Lied gelernt, als er mit einem Freund unterwegs war.;Karl hat mindestens zweimal ein französisches Lied gelernt.;jabo/bert-base-german-cased-xnli-de;entailment;1;0.05110093578696251;0.12605604529380798;0.8228430151939392
20_ai_bi1_cannot_say_pos;Vor drei Monaten hat Greta Karl ein französisches Lied beigebracht.;Vor zwei Wochen hat Karl wieder ein französisches Lied gelernt, als er mit einem Freund unterwegs war.;Es lässt sich nicht sagen, wie oft Karl ein französisches Lied gelernt hat.;unknown;20;ai;bi;1;positive;cannot say;False;;;Vor drei Monaten hat Greta Karl ein französisches Lied beigebracht. Vor zwei Wochen hat Karl wieder ein französisches Lied gelernt, als er mit einem Freund unterwegs war.;Es lässt sich nicht sagen, wie oft Karl ein französisches Lied gelernt hat.;jabo/bert-base-german-cased-xnli-de;contradiction;0;0.8352648019790649;0.14399832487106323;0.020736869424581528
20_ai_bi2_once_neu;Vor drei Monaten hat Greta Karl ein französisches Lied beigebracht.;Vor zwei Wochen hat Greta wieder ein französisches Lied gelernt, als sie mit einem Freund unterwegs war.;Greta hat einmal ein französisches Lied gelernt.;entailment;20;ai;bi;2;neutral;once;False;;;Vor drei Monaten hat Greta Karl ein französisches Lied beigebracht. Vor zwei Wochen hat Greta wieder ein französisches Lied gelernt, als sie mit einem Freund unterwegs war.;Greta hat einmal ein französisches Lied gelernt.;jabo/bert-base-german-cased-xnli-de;entailment;1;0.023222101852297783;0.062171753495931625;0.9146060943603516
20_ai_bi2_twice_neu;Vor drei Monaten hat Greta Karl ein französisches Lied beigebracht.;Vor zwei Wochen hat Greta wieder ein französisches Lied gelernt, als sie mit einem Freund unterwegs war.;Greta hat mindestens zweimal ein französisches Lied gelernt.;unknown;20;ai;bi;2;neutral;twice;False;;;Vor drei Monaten hat Greta Karl ein französisches Lied beigebracht. Vor zwei Wochen hat Greta wieder ein französisches Lied gelernt, als sie mit einem Freund unterwegs war.;Greta hat mindestens zweimal ein französisches Lied gelernt.;jabo/bert-base-german-cased-xnli-de;entailment;0;0.0584026537835598;0.16117870807647705;0.7804186940193176
20_ai_bi2_cannot_say_neu;Vor drei Monaten hat Greta Karl ein französisches Lied beigebracht.;Vor zwei Wochen hat Greta wieder ein französisches Lied gelernt, als sie mit einem Freund unterwegs war.;Es lässt sich nicht sagen, wie oft Greta ein französisches Lied gelernt hat.;unknown;20;ai;bi;2;neutral;cannot say;False;;;Vor drei Monaten hat Greta Karl ein französisches Lied beigebracht. Vor zwei Wochen hat Greta wieder ein französisches Lied gelernt, als sie mit einem Freund unterwegs war.;Es lässt sich nicht sagen, wie oft Greta ein französisches Lied gelernt hat.;jabo/bert-base-german-cased-xnli-de;contradiction;0;0.8576400876045227;0.12454862147569656;0.01781131513416767
20_ai_bii1_once_neu;Vor drei Monaten hat Greta Karl ein französisches Lied beigebracht.;Vor zwei Wochen hat Karl wieder einem Freund ein französisches Lied beigebracht, als er mit einem Freund unterwegs war.;Karl hat einmal einem Freund ein französisches Lied beigebracht.;entailment;20;ai;bii;1;neutral;once;True;The b(ii) printed for item 20 in Tiemann.Dissertation2.pdf (p. 154) is a verbatim duplicate of item 19 b(ii) — 'ein nettes Kompliment verteilt, als {er/sie} in einem Park spazieren war' — carrying the wrong names and the wrong theme for an item about a französisches Lied. That is a typesetting error in the dissertation, not an extraction error. This text is a user-approved editorial reconstruction (2026-09-08), replacing the earlier gesungen reconstruction, following the verb-pairing pattern of the surrounding items (recipient verb in bi, agent verb in bii), not verbatim dissertation text.;;Vor drei Monaten hat Greta Karl ein französisches Lied beigebracht. Vor zwei Wochen hat Karl wieder einem Freund ein französisches Lied beigebracht, als er mit einem Freund unterwegs war.;Karl hat einmal einem Freund ein französisches Lied beigebracht.;jabo/bert-base-german-cased-xnli-de;entailment;1;0.02254452183842659;0.04511331394314766;0.9323421716690063
20_ai_bii1_twice_neu;Vor drei Monaten hat Greta Karl ein französisches Lied beigebracht.;Vor zwei Wochen hat Karl wieder einem Freund ein französisches Lied beigebracht, als er mit einem Freund unterwegs war.;Karl hat mindestens zweimal einem Freund ein französisches Lied beigebracht.;unknown;20;ai;bii;1;neutral;twice;True;The b(ii) printed for item 20 in Tiemann.Dissertation2.pdf (p. 154) is a verbatim duplicate of item 19 b(ii) — 'ein nettes Kompliment verteilt, als {er/sie} in einem Park spazieren war' — carrying the wrong names and the wrong theme for an item about a französisches Lied. That is a typesetting error in the dissertation, not an extraction error. This text is a user-approved editorial reconstruction (2026-09-08), replacing the earlier gesungen reconstruction, following the verb-pairing pattern of the surrounding items (recipient verb in bi, agent verb in bii), not verbatim dissertation text.;;Vor drei Monaten hat Greta Karl ein französisches Lied beigebracht. Vor zwei Wochen hat Karl wieder einem Freund ein französisches Lied beigebracht, als er mit einem Freund unterwegs war.;Karl hat mindestens zweimal einem Freund ein französisches Lied beigebracht.;jabo/bert-base-german-cased-xnli-de;entailment;0;0.037769269198179245;0.10259050875902176;0.8596401810646057
20_ai_bii1_cannot_say_neu;Vor drei Monaten hat Greta Karl ein französisches Lied beigebracht.;Vor zwei Wochen hat Karl wieder einem Freund ein französisches Lied beigebracht, als er mit einem Freund unterwegs war.;Es lässt sich nicht sagen, wie oft Karl einem Freund ein französisches Lied beigebracht hat.;unknown;20;ai;bii;1;neutral;cannot say;True;The b(ii) printed for item 20 in Tiemann.Dissertation2.pdf (p. 154) is a verbatim duplicate of item 19 b(ii) — 'ein nettes Kompliment verteilt, als {er/sie} in einem Park spazieren war' — carrying the wrong names and the wrong theme for an item about a französisches Lied. That is a typesetting error in the dissertation, not an extraction error. This text is a user-approved editorial reconstruction (2026-09-08), replacing the earlier gesungen reconstruction, following the verb-pairing pattern of the surrounding items (recipient verb in bi, agent verb in bii), not verbatim dissertation text.;;Vor drei Monaten hat Greta Karl ein französisches Lied beigebracht. Vor zwei Wochen hat Karl wieder einem Freund ein französisches Lied beigebracht, als er mit einem Freund unterwegs war.;Es lässt sich nicht sagen, wie oft Karl einem Freund ein französisches Lied beigebracht hat.;jabo/bert-base-german-cased-xnli-de;contradiction;0;0.6901928186416626;0.18040987849235535;0.12939728796482086
20_ai_bii2_once_pos;Vor drei Monaten hat Greta Karl ein französisches Lied beigebracht.;Vor zwei Wochen hat Greta wieder einem Freund ein französisches Lied beigebracht, als sie mit einem Freund unterwegs war.;Greta hat einmal einem Freund ein französisches Lied beigebracht.;unknown;20;ai;bii;2;positive;once;True;The b(ii) printed for item 20 in Tiemann.Dissertation2.pdf (p. 154) is a verbatim duplicate of item 19 b(ii) — 'ein nettes Kompliment verteilt, als {er/sie} in einem Park spazieren war' — carrying the wrong names and the wrong theme for an item about a französisches Lied. That is a typesetting error in the dissertation, not an extraction error. This text is a user-approved editorial reconstruction (2026-09-08), replacing the earlier gesungen reconstruction, following the verb-pairing pattern of the surrounding items (recipient verb in bi, agent verb in bii), not verbatim dissertation text.;;Vor drei Monaten hat Greta Karl ein französisches Lied beigebracht. Vor zwei Wochen hat Greta wieder einem Freund ein französisches Lied beigebracht, als sie mit einem Freund unterwegs war.;Greta hat einmal einem Freund ein französisches Lied beigebracht.;jabo/bert-base-german-cased-xnli-de;entailment;0;0.025908393785357475;0.054915037006139755;0.9191766381263733
20_ai_bii2_twice_pos;Vor drei Monaten hat Greta Karl ein französisches Lied beigebracht.;Vor zwei Wochen hat Greta wieder einem Freund ein französisches Lied beigebracht, als sie mit einem Freund unterwegs war.;Greta hat mindestens zweimal einem Freund ein französisches Lied beigebracht.;entailment;20;ai;bii;2;positive;twice;True;The b(ii) printed for item 20 in Tiemann.Dissertation2.pdf (p. 154) is a verbatim duplicate of item 19 b(ii) — 'ein nettes Kompliment verteilt, als {er/sie} in einem Park spazieren war' — carrying the wrong names and the wrong theme for an item about a französisches Lied. That is a typesetting error in the dissertation, not an extraction error. This text is a user-approved editorial reconstruction (2026-09-08), replacing the earlier gesungen reconstruction, following the verb-pairing pattern of the surrounding items (recipient verb in bi, agent verb in bii), not verbatim dissertation text.;;Vor drei Monaten hat Greta Karl ein französisches Lied beigebracht. Vor zwei Wochen hat Greta wieder einem Freund ein französisches Lied beigebracht, als sie mit einem Freund unterwegs war.;Greta hat mindestens zweimal einem Freund ein französisches Lied beigebracht.;jabo/bert-base-german-cased-xnli-de;entailment;1;0.028656823560595512;0.08511152863502502;0.8862316608428955
20_ai_bii2_cannot_say_pos;Vor drei Monaten hat Greta Karl ein französisches Lied beigebracht.;Vor zwei Wochen hat Greta wieder einem Freund ein französisches Lied beigebracht, als sie mit einem Freund unterwegs war.;Es lässt sich nicht sagen, wie oft Greta einem Freund ein französisches Lied beigebracht hat.;unknown;20;ai;bii;2;positive;cannot say;True;The b(ii) printed for item 20 in Tiemann.Dissertation2.pdf (p. 154) is a verbatim duplicate of item 19 b(ii) — 'ein nettes Kompliment verteilt, als {er/sie} in einem Park spazieren war' — carrying the wrong names and the wrong theme for an item about a französisches Lied. That is a typesetting error in the dissertation, not an extraction error. This text is a user-approved editorial reconstruction (2026-09-08), replacing the earlier gesungen reconstruction, following the verb-pairing pattern of the surrounding items (recipient verb in bi, agent verb in bii), not verbatim dissertation text.;;Vor drei Monaten hat Greta Karl ein französisches Lied beigebracht. Vor zwei Wochen hat Greta wieder einem Freund ein französisches Lied beigebracht, als sie mit einem Freund unterwegs war.;Es lässt sich nicht sagen, wie oft Greta einem Freund ein französisches Lied beigebracht hat.;jabo/bert-base-german-cased-xnli-de;contradiction;0;0.8406122326850891;0.1241498813033104;0.035237960517406464
20_aii_bi1_once_neu;Vor drei Monaten hat Karl Greta ein französisches Lied beigebracht.;Vor zwei Wochen hat Karl wieder ein französisches Lied gelernt, als er mit einem Freund unterwegs war.;Karl hat einmal ein französisches Lied gelernt.;entailment;20;aii;bi;1;neutral;once;False;;;Vor drei Monaten hat Karl Greta ein französisches Lied beigebracht. Vor zwei Wochen hat Karl wieder ein französisches Lied gelernt, als er mit einem Freund unterwegs war.;Karl hat einmal ein französisches Lied gelernt.;jabo/bert-base-german-cased-xnli-de;entailment;1;0.021838730201125145;0.04621141031384468;0.93194979429245
20_aii_bi1_twice_neu;Vor drei Monaten hat Karl Greta ein französisches Lied beigebracht.;Vor zwei Wochen hat Karl wieder ein französisches Lied gelernt, als er mit einem Freund unterwegs war.;Karl hat mindestens zweimal ein französisches Lied gelernt.;unknown;20;aii;bi;1;neutral;twice;False;;;Vor drei Monaten hat Karl Greta ein französisches Lied beigebracht. Vor zwei Wochen hat Karl wieder ein französisches Lied gelernt, als er mit einem Freund unterwegs war.;Karl hat mindestens zweimal ein französisches Lied gelernt.;jabo/bert-base-german-cased-xnli-de;entailment;0;0.05271263048052788;0.12832094728946686;0.8189663887023926
20_aii_bi1_cannot_say_neu;Vor drei Monaten hat Karl Greta ein französisches Lied beigebracht.;Vor zwei Wochen hat Karl wieder ein französisches Lied gelernt, als er mit einem Freund unterwegs war.;Es lässt sich nicht sagen, wie oft Karl ein französisches Lied gelernt hat.;unknown;20;aii;bi;1;neutral;cannot say;False;;;Vor drei Monaten hat Karl Greta ein französisches Lied beigebracht. Vor zwei Wochen hat Karl wieder ein französisches Lied gelernt, als er mit einem Freund unterwegs war.;Es lässt sich nicht sagen, wie oft Karl ein französisches Lied gelernt hat.;jabo/bert-base-german-cased-xnli-de;contradiction;0;0.8244803547859192;0.15288923680782318;0.022630399093031883
20_aii_bi2_once_pos;Vor drei Monaten hat Karl Greta ein französisches Lied beigebracht.;Vor zwei Wochen hat Greta wieder ein französisches Lied gelernt, als sie mit einem Freund unterwegs war.;Greta hat einmal ein französisches Lied gelernt.;unknown;20;aii;bi;2;positive;once;False;;;Vor drei Monaten hat Karl Greta ein französisches Lied beigebracht. Vor zwei Wochen hat Greta wieder ein französisches Lied gelernt, als sie mit einem Freund unterwegs war.;Greta hat einmal ein französisches Lied gelernt.;jabo/bert-base-german-cased-xnli-de;entailment;0;0.023086264729499817;0.05586383491754532;0.921049952507019
20_aii_bi2_twice_pos;Vor drei Monaten hat Karl Greta ein französisches Lied beigebracht.;Vor zwei Wochen hat Greta wieder ein französisches Lied gelernt, als sie mit einem Freund unterwegs war.;Greta hat mindestens zweimal ein französisches Lied gelernt.;entailment;20;aii;bi;2;positive;twice;False;;;Vor drei Monaten hat Karl Greta ein französisches Lied beigebracht. Vor zwei Wochen hat Greta wieder ein französisches Lied gelernt, als sie mit einem Freund unterwegs war.;Greta hat mindestens zweimal ein französisches Lied gelernt.;jabo/bert-base-german-cased-xnli-de;entailment;1;0.06370624154806137;0.1602540761232376;0.7760396599769592
20_aii_bi2_cannot_say_pos;Vor drei Monaten hat Karl Greta ein französisches Lied beigebracht.;Vor zwei Wochen hat Greta wieder ein französisches Lied gelernt, als sie mit einem Freund unterwegs war.;Es lässt sich nicht sagen, wie oft Greta ein französisches Lied gelernt hat.;unknown;20;aii;bi;2;positive;cannot say;False;;;Vor drei Monaten hat Karl Greta ein französisches Lied beigebracht. Vor zwei Wochen hat Greta wieder ein französisches Lied gelernt, als sie mit einem Freund unterwegs war.;Es lässt sich nicht sagen, wie oft Greta ein französisches Lied gelernt hat.;jabo/bert-base-german-cased-xnli-de;contradiction;0;0.855402946472168;0.1268559694290161;0.017741059884428978
20_aii_bii1_once_pos;Vor drei Monaten hat Karl Greta ein französisches Lied beigebracht.;Vor zwei Wochen hat Karl wieder einem Freund ein französisches Lied beigebracht, als er mit einem Freund unterwegs war.;Karl hat einmal einem Freund ein französisches Lied beigebracht.;unknown;20;aii;bii;1;positive;once;True;The b(ii) printed for item 20 in Tiemann.Dissertation2.pdf (p. 154) is a verbatim duplicate of item 19 b(ii) — 'ein nettes Kompliment verteilt, als {er/sie} in einem Park spazieren war' — carrying the wrong names and the wrong theme for an item about a französisches Lied. That is a typesetting error in the dissertation, not an extraction error. This text is a user-approved editorial reconstruction (2026-09-08), replacing the earlier gesungen reconstruction, following the verb-pairing pattern of the surrounding items (recipient verb in bi, agent verb in bii), not verbatim dissertation text.;;Vor drei Monaten hat Karl Greta ein französisches Lied beigebracht. Vor zwei Wochen hat Karl wieder einem Freund ein französisches Lied beigebracht, als er mit einem Freund unterwegs war.;Karl hat einmal einem Freund ein französisches Lied beigebracht.;jabo/bert-base-german-cased-xnli-de;entailment;0;0.02326180972158909;0.04602882266044617;0.9307093620300293
20_aii_bii1_twice_pos;Vor drei Monaten hat Karl Greta ein französisches Lied beigebracht.;Vor zwei Wochen hat Karl wieder einem Freund ein französisches Lied beigebracht, als er mit einem Freund unterwegs war.;Karl hat mindestens zweimal einem Freund ein französisches Lied beigebracht.;entailment;20;aii;bii;1;positive;twice;True;The b(ii) printed for item 20 in Tiemann.Dissertation2.pdf (p. 154) is a verbatim duplicate of item 19 b(ii) — 'ein nettes Kompliment verteilt, als {er/sie} in einem Park spazieren war' — carrying the wrong names and the wrong theme for an item about a französisches Lied. That is a typesetting error in the dissertation, not an extraction error. This text is a user-approved editorial reconstruction (2026-09-08), replacing the earlier gesungen reconstruction, following the verb-pairing pattern of the surrounding items (recipient verb in bi, agent verb in bii), not verbatim dissertation text.;;Vor drei Monaten hat Karl Greta ein französisches Lied beigebracht. Vor zwei Wochen hat Karl wieder einem Freund ein französisches Lied beigebracht, als er mit einem Freund unterwegs war.;Karl hat mindestens zweimal einem Freund ein französisches Lied beigebracht.;jabo/bert-base-german-cased-xnli-de;entailment;1;0.03665762022137642;0.09957680106163025;0.8637655973434448
20_aii_bii1_cannot_say_pos;Vor drei Monaten hat Karl Greta ein französisches Lied beigebracht.;Vor zwei Wochen hat Karl wieder einem Freund ein französisches Lied beigebracht, als er mit einem Freund unterwegs war.;Es lässt sich nicht sagen, wie oft Karl einem Freund ein französisches Lied beigebracht hat.;unknown;20;aii;bii;1;positive;cannot say;True;The b(ii) printed for item 20 in Tiemann.Dissertation2.pdf (p. 154) is a verbatim duplicate of item 19 b(ii) — 'ein nettes Kompliment verteilt, als {er/sie} in einem Park spazieren war' — carrying the wrong names and the wrong theme for an item about a französisches Lied. That is a typesetting error in the dissertation, not an extraction error. This text is a user-approved editorial reconstruction (2026-09-08), replacing the earlier gesungen reconstruction, following the verb-pairing pattern of the surrounding items (recipient verb in bi, agent verb in bii), not verbatim dissertation text.;;Vor drei Monaten hat Karl Greta ein französisches Lied beigebracht. Vor zwei Wochen hat Karl wieder einem Freund ein französisches Lied beigebracht, als er mit einem Freund unterwegs war.;Es lässt sich nicht sagen, wie oft Karl einem Freund ein französisches Lied beigebracht hat.;jabo/bert-base-german-cased-xnli-de;contradiction;0;0.6877698302268982;0.17801788449287415;0.13421228528022766
20_aii_bii2_once_neu;Vor drei Monaten hat Karl Greta ein französisches Lied beigebracht.;Vor zwei Wochen hat Greta wieder einem Freund ein französisches Lied beigebracht, als sie mit einem Freund unterwegs war.;Greta hat einmal einem Freund ein französisches Lied beigebracht.;entailment;20;aii;bii;2;neutral;once;True;The b(ii) printed for item 20 in Tiemann.Dissertation2.pdf (p. 154) is a verbatim duplicate of item 19 b(ii) — 'ein nettes Kompliment verteilt, als {er/sie} in einem Park spazieren war' — carrying the wrong names and the wrong theme for an item about a französisches Lied. That is a typesetting error in the dissertation, not an extraction error. This text is a user-approved editorial reconstruction (2026-09-08), replacing the earlier gesungen reconstruction, following the verb-pairing pattern of the surrounding items (recipient verb in bi, agent verb in bii), not verbatim dissertation text.;;Vor drei Monaten hat Karl Greta ein französisches Lied beigebracht. Vor zwei Wochen hat Greta wieder einem Freund ein französisches Lied beigebracht, als sie mit einem Freund unterwegs war.;Greta hat einmal einem Freund ein französisches Lied beigebracht.;jabo/bert-base-german-cased-xnli-de;entailment;1;0.026002775877714157;0.05473184585571289;0.9192653298377991
20_aii_bii2_twice_neu;Vor drei Monaten hat Karl Greta ein französisches Lied beigebracht.;Vor zwei Wochen hat Greta wieder einem Freund ein französisches Lied beigebracht, als sie mit einem Freund unterwegs war.;Greta hat mindestens zweimal einem Freund ein französisches Lied beigebracht.;unknown;20;aii;bii;2;neutral;twice;True;The b(ii) printed for item 20 in Tiemann.Dissertation2.pdf (p. 154) is a verbatim duplicate of item 19 b(ii) — 'ein nettes Kompliment verteilt, als {er/sie} in einem Park spazieren war' — carrying the wrong names and the wrong theme for an item about a französisches Lied. That is a typesetting error in the dissertation, not an extraction error. This text is a user-approved editorial reconstruction (2026-09-08), replacing the earlier gesungen reconstruction, following the verb-pairing pattern of the surrounding items (recipient verb in bi, agent verb in bii), not verbatim dissertation text.;;Vor drei Monaten hat Karl Greta ein französisches Lied beigebracht. Vor zwei Wochen hat Greta wieder einem Freund ein französisches Lied beigebracht, als sie mit einem Freund unterwegs war.;Greta hat mindestens zweimal einem Freund ein französisches Lied beigebracht.;jabo/bert-base-german-cased-xnli-de;entailment;0;0.028800196945667267;0.08032999187707901;0.8908697962760925
20_aii_bii2_cannot_say_neu;Vor drei Monaten hat Karl Greta ein französisches Lied beigebracht.;Vor zwei Wochen hat Greta wieder einem Freund ein französisches Lied beigebracht, als sie mit einem Freund unterwegs war.;Es lässt sich nicht sagen, wie oft Greta einem Freund ein französisches Lied beigebracht hat.;unknown;20;aii;bii;2;neutral;cannot say;True;The b(ii) printed for item 20 in Tiemann.Dissertation2.pdf (p. 154) is a verbatim duplicate of item 19 b(ii) — 'ein nettes Kompliment verteilt, als {er/sie} in einem Park spazieren war' — carrying the wrong names and the wrong theme for an item about a französisches Lied. That is a typesetting error in the dissertation, not an extraction error. This text is a user-approved editorial reconstruction (2026-09-08), replacing the earlier gesungen reconstruction, following the verb-pairing pattern of the surrounding items (recipient verb in bi, agent verb in bii), not verbatim dissertation text.;;Vor drei Monaten hat Karl Greta ein französisches Lied beigebracht. Vor zwei Wochen hat Greta wieder einem Freund ein französisches Lied beigebracht, als sie mit einem Freund unterwegs war.;Es lässt sich nicht sagen, wie oft Greta einem Freund ein französisches Lied beigebracht hat.;jabo/bert-base-german-cased-xnli-de;contradiction;0;0.8423359394073486;0.12426459044218063;0.033399540930986404
21_ai_bi1_once_pos;Letztes Jahr hat Tina Timo eine Überraschungsparty zum bestandenen Examen organisiert.;Vor vier Monaten hat Timo wieder eine große Überraschungsparty bekommen, weil er in einem Preisausschreiben gewonnen hatte.;Timo hat einmal eine große Überraschungsparty bekommen.;unknown;21;ai;bi;1;positive;once;False;;;Letztes Jahr hat Tina Timo eine Überraschungsparty zum bestandenen Examen organisiert. Vor vier Monaten hat Timo wieder eine große Überraschungsparty bekommen, weil er in einem Preisausschreiben gewonnen hatte.;Timo hat einmal eine große Überraschungsparty bekommen.;jabo/bert-base-german-cased-xnli-de;entailment;0;0.021174348890781403;0.05141017585992813;0.9274154305458069
21_ai_bi1_twice_pos;Letztes Jahr hat Tina Timo eine Überraschungsparty zum bestandenen Examen organisiert.;Vor vier Monaten hat Timo wieder eine große Überraschungsparty bekommen, weil er in einem Preisausschreiben gewonnen hatte.;Timo hat mindestens zweimal eine große Überraschungsparty bekommen.;entailment;21;ai;bi;1;positive;twice;False;;;Letztes Jahr hat Tina Timo eine Überraschungsparty zum bestandenen Examen organisiert. Vor vier Monaten hat Timo wieder eine große Überraschungsparty bekommen, weil er in einem Preisausschreiben gewonnen hatte.;Timo hat mindestens zweimal eine große Überraschungsparty bekommen.;jabo/bert-base-german-cased-xnli-de;entailment;1;0.1823284775018692;0.1525351107120514;0.6651363968849182
21_ai_bi1_cannot_say_pos;Letztes Jahr hat Tina Timo eine Überraschungsparty zum bestandenen Examen organisiert.;Vor vier Monaten hat Timo wieder eine große Überraschungsparty bekommen, weil er in einem Preisausschreiben gewonnen hatte.;Es lässt sich nicht sagen, wie oft Timo eine große Überraschungsparty bekommen hat.;unknown;21;ai;bi;1;positive;cannot say;False;;;Letztes Jahr hat Tina Timo eine Überraschungsparty zum bestandenen Examen organisiert. Vor vier Monaten hat Timo wieder eine große Überraschungsparty bekommen, weil er in einem Preisausschreiben gewonnen hatte.;Es lässt sich nicht sagen, wie oft Timo eine große Überraschungsparty bekommen hat.;jabo/bert-base-german-cased-xnli-de;contradiction;0;0.8542703986167908;0.12409137189388275;0.021638251841068268
21_ai_bi2_once_neu;Letztes Jahr hat Tina Timo eine Überraschungsparty zum bestandenen Examen organisiert.;Vor vier Monaten hat Tina wieder eine große Überraschungsparty bekommen, weil sie in einem Preisausschreiben gewonnen hatte.;Tina hat einmal eine große Überraschungsparty bekommen.;entailment;21;ai;bi;2;neutral;once;False;;;Letztes Jahr hat Tina Timo eine Überraschungsparty zum bestandenen Examen organisiert. Vor vier Monaten hat Tina wieder eine große Überraschungsparty bekommen, weil sie in einem Preisausschreiben gewonnen hatte.;Tina hat einmal eine große Überraschungsparty bekommen.;jabo/bert-base-german-cased-xnli-de;entailment;1;0.01951862871646881;0.05260486528277397;0.9278765320777893
21_ai_bi2_twice_neu;Letztes Jahr hat Tina Timo eine Überraschungsparty zum bestandenen Examen organisiert.;Vor vier Monaten hat Tina wieder eine große Überraschungsparty bekommen, weil sie in einem Preisausschreiben gewonnen hatte.;Tina hat mindestens zweimal eine große Überraschungsparty bekommen.;unknown;21;ai;bi;2;neutral;twice;False;;;Letztes Jahr hat Tina Timo eine Überraschungsparty zum bestandenen Examen organisiert. Vor vier Monaten hat Tina wieder eine große Überraschungsparty bekommen, weil sie in einem Preisausschreiben gewonnen hatte.;Tina hat mindestens zweimal eine große Überraschungsparty bekommen.;jabo/bert-base-german-cased-xnli-de;entailment;0;0.05468547344207764;0.13489854335784912;0.8104159832000732
21_ai_bi2_cannot_say_neu;Letztes Jahr hat Tina Timo eine Überraschungsparty zum bestandenen Examen organisiert.;Vor vier Monaten hat Tina wieder eine große Überraschungsparty bekommen, weil sie in einem Preisausschreiben gewonnen hatte.;Es lässt sich nicht sagen, wie oft Tina eine große Überraschungsparty bekommen hat.;unknown;21;ai;bi;2;neutral;cannot say;False;;;Letztes Jahr hat Tina Timo eine Überraschungsparty zum bestandenen Examen organisiert. Vor vier Monaten hat Tina wieder eine große Überraschungsparty bekommen, weil sie in einem Preisausschreiben gewonnen hatte.;Es lässt sich nicht sagen, wie oft Tina eine große Überraschungsparty bekommen hat.;jabo/bert-base-german-cased-xnli-de;contradiction;0;0.7982028126716614;0.167907252907753;0.033889904618263245
21_ai_bii1_once_neu;Letztes Jahr hat Tina Timo eine Überraschungsparty zum bestandenen Examen organisiert.;Vor vier Monaten hat Timo wieder eine große Überraschungsparty ausgerichtet, weil er in einem Preisausschreiben gewonnen hatte.;Timo hat einmal eine große Überraschungsparty ausgerichtet.;entailment;21;ai;bii;1;neutral;once;False;;;Letztes Jahr hat Tina Timo eine Überraschungsparty zum bestandenen Examen organisiert. Vor vier Monaten hat Timo wieder eine große Überraschungsparty ausgerichtet, weil er in einem Preisausschreiben gewonnen hatte.;Timo hat einmal eine große Überraschungsparty ausgerichtet.;jabo/bert-base-german-cased-xnli-de;entailment;1;0.021708287298679352;0.04994944855570793;0.9283422231674194
21_ai_bii1_twice_neu;Letztes Jahr hat Tina Timo eine Überraschungsparty zum bestandenen Examen organisiert.;Vor vier Monaten hat Timo wieder eine große Überraschungsparty ausgerichtet, weil er in einem Preisausschreiben gewonnen hatte.;Timo hat mindestens zweimal eine große Überraschungsparty ausgerichtet.;unknown;21;ai;bii;1;neutral;twice;False;;;Letztes Jahr hat Tina Timo eine Überraschungsparty zum bestandenen Examen organisiert. Vor vier Monaten hat Timo wieder eine große Überraschungsparty ausgerichtet, weil er in einem Preisausschreiben gewonnen hatte.;Timo hat mindestens zweimal eine große Überraschungsparty ausgerichtet.;jabo/bert-base-german-cased-xnli-de;entailment;0;0.19563794136047363;0.15850409865379333;0.6458579301834106
21_ai_bii1_cannot_say_neu;Letztes Jahr hat Tina Timo eine Überraschungsparty zum bestandenen Examen organisiert.;Vor vier Monaten hat Timo wieder eine große Überraschungsparty ausgerichtet, weil er in einem Preisausschreiben gewonnen hatte.;Es lässt sich nicht sagen, wie oft Timo eine große Überraschungsparty ausgerichtet hat.;unknown;21;ai;bii;1;neutral;cannot say;False;;;Letztes Jahr hat Tina Timo eine Überraschungsparty zum bestandenen Examen organisiert. Vor vier Monaten hat Timo wieder eine große Überraschungsparty ausgerichtet, weil er in einem Preisausschreiben gewonnen hatte.;Es lässt sich nicht sagen, wie oft Timo eine große Überraschungsparty ausgerichtet hat.;jabo/bert-base-german-cased-xnli-de;contradiction;0;0.8708014488220215;0.10933716595172882;0.01986139640212059
21_ai_bii2_once_pos;Letztes Jahr hat Tina Timo eine Überraschungsparty zum bestandenen Examen organisiert.;Vor vier Monaten hat Tina wieder eine große Überraschungsparty ausgerichtet, weil sie in einem Preisausschreiben gewonnen hatte.;Tina hat einmal eine große Überraschungsparty ausgerichtet.;unknown;21;ai;bii;2;positive;once;False;;;Letztes Jahr hat Tina Timo eine Überraschungsparty zum bestandenen Examen organisiert. Vor vier Monaten hat Tina wieder eine große Überraschungsparty ausgerichtet, weil sie in einem Preisausschreiben gewonnen hatte.;Tina hat einmal eine große Überraschungsparty ausgerichtet.;jabo/bert-base-german-cased-xnli-de;entailment;0;0.019812969490885735;0.04952896386384964;0.9306581020355225
21_ai_bii2_twice_pos;Letztes Jahr hat Tina Timo eine Überraschungsparty zum bestandenen Examen organisiert.;Vor vier Monaten hat Tina wieder eine große Überraschungsparty ausgerichtet, weil sie in einem Preisausschreiben gewonnen hatte.;Tina hat mindestens zweimal eine große Überraschungsparty ausgerichtet.;entailment;21;ai;bii;2;positive;twice;False;;;Letztes Jahr hat Tina Timo eine Überraschungsparty zum bestandenen Examen organisiert. Vor vier Monaten hat Tina wieder eine große Überraschungsparty ausgerichtet, weil sie in einem Preisausschreiben gewonnen hatte.;Tina hat mindestens zweimal eine große Überraschungsparty ausgerichtet.;jabo/bert-base-german-cased-xnli-de;entailment;1;0.05300603434443474;0.12166100740432739;0.8253329396247864
21_ai_bii2_cannot_say_pos;Letztes Jahr hat Tina Timo eine Überraschungsparty zum bestandenen Examen organisiert.;Vor vier Monaten hat Tina wieder eine große Überraschungsparty ausgerichtet, weil sie in einem Preisausschreiben gewonnen hatte.;Es lässt sich nicht sagen, wie oft Tina eine große Überraschungsparty ausgerichtet hat.;unknown;21;ai;bii;2;positive;cannot say;False;;;Letztes Jahr hat Tina Timo eine Überraschungsparty zum bestandenen Examen organisiert. Vor vier Monaten hat Tina wieder eine große Überraschungsparty ausgerichtet, weil sie in einem Preisausschreiben gewonnen hatte.;Es lässt sich nicht sagen, wie oft Tina eine große Überraschungsparty ausgerichtet hat.;jabo/bert-base-german-cased-xnli-de;contradiction;0;0.8224803805351257;0.14667746424674988;0.030842117965221405
21_aii_bi1_once_neu;Letztes Jahr hat Timo Tina eine Überraschungsparty zum bestandenen Examen organisiert.;Vor vier Monaten hat Timo wieder eine große Überraschungsparty bekommen, weil er in einem Preisausschreiben gewonnen hatte.;Timo hat einmal eine große Überraschungsparty bekommen.;entailment;21;aii;bi;1;neutral;once;False;;;Letztes Jahr hat Timo Tina eine Überraschungsparty zum bestandenen Examen organisiert. Vor vier Monaten hat Timo wieder eine große Überraschungsparty bekommen, weil er in einem Preisausschreiben gewonnen hatte.;Timo hat einmal eine große Überraschungsparty bekommen.;jabo/bert-base-german-cased-xnli-de;entailment;1;0.021303266286849976;0.0513533353805542;0.9273433685302734
21_aii_bi1_twice_neu;Letztes Jahr hat Timo Tina eine Überraschungsparty zum bestandenen Examen organisiert.;Vor vier Monaten hat Timo wieder eine große Überraschungsparty bekommen, weil er in einem Preisausschreiben gewonnen hatte.;Timo hat mindestens zweimal eine große Überraschungsparty bekommen.;unknown;21;aii;bi;1;neutral;twice;False;;;Letztes Jahr hat Timo Tina eine Überraschungsparty zum bestandenen Examen organisiert. Vor vier Monaten hat Timo wieder eine große Überraschungsparty bekommen, weil er in einem Preisausschreiben gewonnen hatte.;Timo hat mindestens zweimal eine große Überraschungsparty bekommen.;jabo/bert-base-german-cased-xnli-de;entailment;0;0.18312828242778778;0.15033458173274994;0.6665371656417847
21_aii_bi1_cannot_say_neu;Letztes Jahr hat Timo Tina eine Überraschungsparty zum bestandenen Examen organisiert.;Vor vier Monaten hat Timo wieder eine große Überraschungsparty bekommen, weil er in einem Preisausschreiben gewonnen hatte.;Es lässt sich nicht sagen, wie oft Timo eine große Überraschungsparty bekommen hat.;unknown;21;aii;bi;1;neutral;cannot say;False;;;Letztes Jahr hat Timo Tina eine Überraschungsparty zum bestandenen Examen organisiert. Vor vier Monaten hat Timo wieder eine große Überraschungsparty bekommen, weil er in einem Preisausschreiben gewonnen hatte.;Es lässt sich nicht sagen, wie oft Timo eine große Überraschungsparty bekommen hat.;jabo/bert-base-german-cased-xnli-de;contradiction;0;0.8557358980178833;0.12293214350938797;0.021332012489438057
21_aii_bi2_once_pos;Letztes Jahr hat Timo Tina eine Überraschungsparty zum bestandenen Examen organisiert.;Vor vier Monaten hat Tina wieder eine große Überraschungsparty bekommen, weil sie in einem Preisausschreiben gewonnen hatte.;Tina hat einmal eine große Überraschungsparty bekommen.;unknown;21;aii;bi;2;positive;once;False;;;Letztes Jahr hat Timo Tina eine Überraschungsparty zum bestandenen Examen organisiert. Vor vier Monaten hat Tina wieder eine große Überraschungsparty bekommen, weil sie in einem Preisausschreiben gewonnen hatte.;Tina hat einmal eine große Überraschungsparty bekommen.;jabo/bert-base-german-cased-xnli-de;entailment;0;0.019481008872389793;0.05318606272339821;0.927332878112793
21_aii_bi2_twice_pos;Letztes Jahr hat Timo Tina eine Überraschungsparty zum bestandenen Examen organisiert.;Vor vier Monaten hat Tina wieder eine große Überraschungsparty bekommen, weil sie in einem Preisausschreiben gewonnen hatte.;Tina hat mindestens zweimal eine große Überraschungsparty bekommen.;entailment;21;aii;bi;2;positive;twice;False;;;Letztes Jahr hat Timo Tina eine Überraschungsparty zum bestandenen Examen organisiert. Vor vier Monaten hat Tina wieder eine große Überraschungsparty bekommen, weil sie in einem Preisausschreiben gewonnen hatte.;Tina hat mindestens zweimal eine große Überraschungsparty bekommen.;jabo/bert-base-german-cased-xnli-de;entailment;1;0.05571418255567551;0.1397172063589096;0.8045686483383179
21_aii_bi2_cannot_say_pos;Letztes Jahr hat Timo Tina eine Überraschungsparty zum bestandenen Examen organisiert.;Vor vier Monaten hat Tina wieder eine große Überraschungsparty bekommen, weil sie in einem Preisausschreiben gewonnen hatte.;Es lässt sich nicht sagen, wie oft Tina eine große Überraschungsparty bekommen hat.;unknown;21;aii;bi;2;positive;cannot say;False;;;Letztes Jahr hat Timo Tina eine Überraschungsparty zum bestandenen Examen organisiert. Vor vier Monaten hat Tina wieder eine große Überraschungsparty bekommen, weil sie in einem Preisausschreiben gewonnen hatte.;Es lässt sich nicht sagen, wie oft Tina eine große Überraschungsparty bekommen hat.;jabo/bert-base-german-cased-xnli-de;contradiction;0;0.7974936366081238;0.16876913607120514;0.03373732790350914
21_aii_bii1_once_pos;Letztes Jahr hat Timo Tina eine Überraschungsparty zum bestandenen Examen organisiert.;Vor vier Monaten hat Timo wieder eine große Überraschungsparty ausgerichtet, weil er in einem Preisausschreiben gewonnen hatte.;Timo hat einmal eine große Überraschungsparty ausgerichtet.;unknown;21;aii;bii;1;positive;once;False;;;Letztes Jahr hat Timo Tina eine Überraschungsparty zum bestandenen Examen organisiert. Vor vier Monaten hat Timo wieder eine große Überraschungsparty ausgerichtet, weil er in einem Preisausschreiben gewonnen hatte.;Timo hat einmal eine große Überraschungsparty ausgerichtet.;jabo/bert-base-german-cased-xnli-de;entailment;0;0.02172953635454178;0.04957814887166023;0.9286922812461853
21_aii_bii1_twice_pos;Letztes Jahr hat Timo Tina eine Überraschungsparty zum bestandenen Examen organisiert.;Vor vier Monaten hat Timo wieder eine große Überraschungsparty ausgerichtet, weil er in einem Preisausschreiben gewonnen hatte.;Timo hat mindestens zweimal eine große Überraschungsparty ausgerichtet.;entailment;21;aii;bii;1;positive;twice;False;;;Letztes Jahr hat Timo Tina eine Überraschungsparty zum bestandenen Examen organisiert. Vor vier Monaten hat Timo wieder eine große Überraschungsparty ausgerichtet, weil er in einem Preisausschreiben gewonnen hatte.;Timo hat mindestens zweimal eine große Überraschungsparty ausgerichtet.;jabo/bert-base-german-cased-xnli-de;entailment;1;0.1948304921388626;0.15810732543468475;0.6470621228218079
21_aii_bii1_cannot_say_pos;Letztes Jahr hat Timo Tina eine Überraschungsparty zum bestandenen Examen organisiert.;Vor vier Monaten hat Timo wieder eine große Überraschungsparty ausgerichtet, weil er in einem Preisausschreiben gewonnen hatte.;Es lässt sich nicht sagen, wie oft Timo eine große Überraschungsparty ausgerichtet hat.;unknown;21;aii;bii;1;positive;cannot say;False;;;Letztes Jahr hat Timo Tina eine Überraschungsparty zum bestandenen Examen organisiert. Vor vier Monaten hat Timo wieder eine große Überraschungsparty ausgerichtet, weil er in einem Preisausschreiben gewonnen hatte.;Es lässt sich nicht sagen, wie oft Timo eine große Überraschungsparty ausgerichtet hat.;jabo/bert-base-german-cased-xnli-de;contradiction;0;0.8717657923698425;0.10855323821306229;0.019680967554450035
21_aii_bii2_once_neu;Letztes Jahr hat Timo Tina eine Überraschungsparty zum bestandenen Examen organisiert.;Vor vier Monaten hat Tina wieder eine große Überraschungsparty ausgerichtet, weil sie in einem Preisausschreiben gewonnen hatte.;Tina hat einmal eine große Überraschungsparty ausgerichtet.;entailment;21;aii;bii;2;neutral;once;False;;;Letztes Jahr hat Timo Tina eine Überraschungsparty zum bestandenen Examen organisiert. Vor vier Monaten hat Tina wieder eine große Überraschungsparty ausgerichtet, weil sie in einem Preisausschreiben gewonnen hatte.;Tina hat einmal eine große Überraschungsparty ausgerichtet.;jabo/bert-base-german-cased-xnli-de;entailment;1;0.01979147270321846;0.0497053861618042;0.9305031895637512
21_aii_bii2_twice_neu;Letztes Jahr hat Timo Tina eine Überraschungsparty zum bestandenen Examen organisiert.;Vor vier Monaten hat Tina wieder eine große Überraschungsparty ausgerichtet, weil sie in einem Preisausschreiben gewonnen hatte.;Tina hat mindestens zweimal eine große Überraschungsparty ausgerichtet.;unknown;21;aii;bii;2;neutral;twice;False;;;Letztes Jahr hat Timo Tina eine Überraschungsparty zum bestandenen Examen organisiert. Vor vier Monaten hat Tina wieder eine große Überraschungsparty ausgerichtet, weil sie in einem Preisausschreiben gewonnen hatte.;Tina hat mindestens zweimal eine große Überraschungsparty ausgerichtet.;jabo/bert-base-german-cased-xnli-de;entailment;0;0.05273127183318138;0.12433665245771408;0.8229320645332336
21_aii_bii2_cannot_say_neu;Letztes Jahr hat Timo Tina eine Überraschungsparty zum bestandenen Examen organisiert.;Vor vier Monaten hat Tina wieder eine große Überraschungsparty ausgerichtet, weil sie in einem Preisausschreiben gewonnen hatte.;Es lässt sich nicht sagen, wie oft Tina eine große Überraschungsparty ausgerichtet hat.;unknown;21;aii;bii;2;neutral;cannot say;False;;;Letztes Jahr hat Timo Tina eine Überraschungsparty zum bestandenen Examen organisiert. Vor vier Monaten hat Tina wieder eine große Überraschungsparty ausgerichtet, weil sie in einem Preisausschreiben gewonnen hatte.;Es lässt sich nicht sagen, wie oft Tina eine große Überraschungsparty ausgerichtet hat.;jabo/bert-base-german-cased-xnli-de;contradiction;0;0.8232012987136841;0.14610251784324646;0.030696166679263115
22_ai_bi1_once_pos;Vor vier Wochen hat Tina Greta von einer albernen Geschichte aus ihrem Leben berichtet.;Vor zwei Tagen hat Greta wieder eine alberne Geschichte gehört, als sie auf einer Geburtstagsparty eingeladen war.;Greta hat einmal eine alberne Geschichte gehört.;unknown;22;ai;bi;1;positive;once;False;;;Vor vier Wochen hat Tina Greta von einer albernen Geschichte aus ihrem Leben berichtet. Vor zwei Tagen hat Greta wieder eine alberne Geschichte gehört, als sie auf einer Geburtstagsparty eingeladen war.;Greta hat einmal eine alberne Geschichte gehört.;jabo/bert-base-german-cased-xnli-de;entailment;0;0.022722505033016205;0.04584222286939621;0.931435227394104
22_ai_bi1_twice_pos;Vor vier Wochen hat Tina Greta von einer albernen Geschichte aus ihrem Leben berichtet.;Vor zwei Tagen hat Greta wieder eine alberne Geschichte gehört, als sie auf einer Geburtstagsparty eingeladen war.;Greta hat mindestens zweimal eine alberne Geschichte gehört.;entailment;22;ai;bi;1;positive;twice;False;;;Vor vier Wochen hat Tina Greta von einer albernen Geschichte aus ihrem Leben berichtet. Vor zwei Tagen hat Greta wieder eine alberne Geschichte gehört, als sie auf einer Geburtstagsparty eingeladen war.;Greta hat mindestens zweimal eine alberne Geschichte gehört.;jabo/bert-base-german-cased-xnli-de;entailment;1;0.022359495982527733;0.061530951410532;0.916109561920166
22_ai_bi1_cannot_say_pos;Vor vier Wochen hat Tina Greta von einer albernen Geschichte aus ihrem Leben berichtet.;Vor zwei Tagen hat Greta wieder eine alberne Geschichte gehört, als sie auf einer Geburtstagsparty eingeladen war.;Es lässt sich nicht sagen, wie oft Greta eine alberne Geschichte gehört hat.;unknown;22;ai;bi;1;positive;cannot say;False;;;Vor vier Wochen hat Tina Greta von einer albernen Geschichte aus ihrem Leben berichtet. Vor zwei Tagen hat Greta wieder eine alberne Geschichte gehört, als sie auf einer Geburtstagsparty eingeladen war.;Es lässt sich nicht sagen, wie oft Greta eine alberne Geschichte gehört hat.;jabo/bert-base-german-cased-xnli-de;contradiction;0;0.9218701124191284;0.06546195596456528;0.012667834758758545
22_ai_bi2_once_neu;Vor vier Wochen hat Tina Greta von einer albernen Geschichte aus ihrem Leben berichtet.;Vor zwei Tagen hat Tina wieder eine alberne Geschichte gehört, als sie auf einer Geburtstagsparty eingeladen war.;Tina hat einmal eine alberne Geschichte gehört.;entailment;22;ai;bi;2;neutral;once;False;;;Vor vier Wochen hat Tina Greta von einer albernen Geschichte aus ihrem Leben berichtet. Vor zwei Tagen hat Tina wieder eine alberne Geschichte gehört, als sie auf einer Geburtstagsparty eingeladen war.;Tina hat einmal eine alberne Geschichte gehört.;jabo/bert-base-german-cased-xnli-de;entailment;1;0.022787336260080338;0.04528295248746872;0.9319297075271606
22_ai_bi2_twice_neu;Vor vier Wochen hat Tina Greta von einer albernen Geschichte aus ihrem Leben berichtet.;Vor zwei Tagen hat Tina wieder eine alberne Geschichte gehört, als sie auf einer Geburtstagsparty eingeladen war.;Tina hat mindestens zweimal eine alberne Geschichte gehört.;unknown;22;ai;bi;2;neutral;twice;False;;;Vor vier Wochen hat Tina Greta von einer albernen Geschichte aus ihrem Leben berichtet. Vor zwei Tagen hat Tina wieder eine alberne Geschichte gehört, als sie auf einer Geburtstagsparty eingeladen war.;Tina hat mindestens zweimal eine alberne Geschichte gehört.;jabo/bert-base-german-cased-xnli-de;entailment;0;0.022883664816617966;0.05641953647136688;0.9206967353820801
22_ai_bi2_cannot_say_neu;Vor vier Wochen hat Tina Greta von einer albernen Geschichte aus ihrem Leben berichtet.;Vor zwei Tagen hat Tina wieder eine alberne Geschichte gehört, als sie auf einer Geburtstagsparty eingeladen war.;Es lässt sich nicht sagen, wie oft Tina eine alberne Geschichte gehört hat.;unknown;22;ai;bi;2;neutral;cannot say;False;;;Vor vier Wochen hat Tina Greta von einer albernen Geschichte aus ihrem Leben berichtet. Vor zwei Tagen hat Tina wieder eine alberne Geschichte gehört, als sie auf einer Geburtstagsparty eingeladen war.;Es lässt sich nicht sagen, wie oft Tina eine alberne Geschichte gehört hat.;jabo/bert-base-german-cased-xnli-de;contradiction;0;0.9141486883163452;0.07155955582857132;0.014291727915406227
22_ai_bii1_once_neu;Vor vier Wochen hat Tina Greta von einer albernen Geschichte aus ihrem Leben berichtet.;Vor zwei Tagen hat Greta wieder eine alberne Geschichte erzählt, als sie auf einer Geburtstagsparty eingeladen war.;Greta hat einmal eine alberne Geschichte erzählt.;entailment;22;ai;bii;1;neutral;once;False;;;Vor vier Wochen hat Tina Greta von einer albernen Geschichte aus ihrem Leben berichtet. Vor zwei Tagen hat Greta wieder eine alberne Geschichte erzählt, als sie auf einer Geburtstagsparty eingeladen war.;Greta hat einmal eine alberne Geschichte erzählt.;jabo/bert-base-german-cased-xnli-de;entailment;1;0.02383401431143284;0.04798884317278862;0.9281771779060364
22_ai_bii1_twice_neu;Vor vier Wochen hat Tina Greta von einer albernen Geschichte aus ihrem Leben berichtet.;Vor zwei Tagen hat Greta wieder eine alberne Geschichte erzählt, als sie auf einer Geburtstagsparty eingeladen war.;Greta hat mindestens zweimal eine alberne Geschichte erzählt.;unknown;22;ai;bii;1;neutral;twice;False;;;Vor vier Wochen hat Tina Greta von einer albernen Geschichte aus ihrem Leben berichtet. Vor zwei Tagen hat Greta wieder eine alberne Geschichte erzählt, als sie auf einer Geburtstagsparty eingeladen war.;Greta hat mindestens zweimal eine alberne Geschichte erzählt.;jabo/bert-base-german-cased-xnli-de;entailment;0;0.021681057289242744;0.06203188747167587;0.9162870645523071
22_ai_bii1_cannot_say_neu;Vor vier Wochen hat Tina Greta von einer albernen Geschichte aus ihrem Leben berichtet.;Vor zwei Tagen hat Greta wieder eine alberne Geschichte erzählt, als sie auf einer Geburtstagsparty eingeladen war.;Es lässt sich nicht sagen, wie oft Greta eine alberne Geschichte erzählt hat.;unknown;22;ai;bii;1;neutral;cannot say;False;;;Vor vier Wochen hat Tina Greta von einer albernen Geschichte aus ihrem Leben berichtet. Vor zwei Tagen hat Greta wieder eine alberne Geschichte erzählt, als sie auf einer Geburtstagsparty eingeladen war.;Es lässt sich nicht sagen, wie oft Greta eine alberne Geschichte erzählt hat.;jabo/bert-base-german-cased-xnli-de;contradiction;0;0.9152876138687134;0.07095125317573547;0.013761141337454319
22_ai_bii2_once_pos;Vor vier Wochen hat Tina Greta von einer albernen Geschichte aus ihrem Leben berichtet.;Vor zwei Tagen hat Tina wieder eine alberne Geschichte erzählt, als sie auf einer Geburtstagsparty eingeladen war.;Tina hat einmal eine alberne Geschichte erzählt.;unknown;22;ai;bii;2;positive;once;False;;;Vor vier Wochen hat Tina Greta von einer albernen Geschichte aus ihrem Leben berichtet. Vor zwei Tagen hat Tina wieder eine alberne Geschichte erzählt, als sie auf einer Geburtstagsparty eingeladen war.;Tina hat einmal eine alberne Geschichte erzählt.;jabo/bert-base-german-cased-xnli-de;entailment;0;0.02376280538737774;0.04739879071712494;0.9288383722305298
22_ai_bii2_twice_pos;Vor vier Wochen hat Tina Greta von einer albernen Geschichte aus ihrem Leben berichtet.;Vor zwei Tagen hat Tina wieder eine alberne Geschichte erzählt, als sie auf einer Geburtstagsparty eingeladen war.;Tina hat mindestens zweimal eine alberne Geschichte erzählt.;entailment;22;ai;bii;2;positive;twice;False;;;Vor vier Wochen hat Tina Greta von einer albernen Geschichte aus ihrem Leben berichtet. Vor zwei Tagen hat Tina wieder eine alberne Geschichte erzählt, als sie auf einer Geburtstagsparty eingeladen war.;Tina hat mindestens zweimal eine alberne Geschichte erzählt.;jabo/bert-base-german-cased-xnli-de;entailment;1;0.02240164391696453;0.05742201954126358;0.9201763272285461
22_ai_bii2_cannot_say_pos;Vor vier Wochen hat Tina Greta von einer albernen Geschichte aus ihrem Leben berichtet.;Vor zwei Tagen hat Tina wieder eine alberne Geschichte erzählt, als sie auf einer Geburtstagsparty eingeladen war.;Es lässt sich nicht sagen, wie oft Tina eine alberne Geschichte erzählt hat.;unknown;22;ai;bii;2;positive;cannot say;False;;;Vor vier Wochen hat Tina Greta von einer albernen Geschichte aus ihrem Leben berichtet. Vor zwei Tagen hat Tina wieder eine alberne Geschichte erzählt, als sie auf einer Geburtstagsparty eingeladen war.;Es lässt sich nicht sagen, wie oft Tina eine alberne Geschichte erzählt hat.;jabo/bert-base-german-cased-xnli-de;contradiction;0;0.9007598161697388;0.082595594227314;0.016644595190882683
22_aii_bi1_once_neu;Vor vier Wochen hat Greta Tina von einer albernen Geschichte aus ihrem Leben berichtet.;Vor zwei Tagen hat Greta wieder eine alberne Geschichte gehört, als sie auf einer Geburtstagsparty eingeladen war.;Greta hat einmal eine alberne Geschichte gehört.;entailment;22;aii;bi;1;neutral;once;False;;;Vor vier Wochen hat Greta Tina von einer albernen Geschichte aus ihrem Leben berichtet. Vor zwei Tagen hat Greta wieder eine alberne Geschichte gehört, als sie auf einer Geburtstagsparty eingeladen war.;Greta hat einmal eine alberne Geschichte gehört.;jabo/bert-base-german-cased-xnli-de;entailment;1;0.022947337478399277;0.0474269799888134;0.9296256303787231
22_aii_bi1_twice_neu;Vor vier Wochen hat Greta Tina von einer albernen Geschichte aus ihrem Leben berichtet.;Vor zwei Tagen hat Greta wieder eine alberne Geschichte gehört, als sie auf einer Geburtstagsparty eingeladen war.;Greta hat mindestens zweimal eine alberne Geschichte gehört.;unknown;22;aii;bi;1;neutral;twice;False;;;Vor vier Wochen hat Greta Tina von einer albernen Geschichte aus ihrem Leben berichtet. Vor zwei Tagen hat Greta wieder eine alberne Geschichte gehört, als sie auf einer Geburtstagsparty eingeladen war.;Greta hat mindestens zweimal eine alberne Geschichte gehört.;jabo/bert-base-german-cased-xnli-de;entailment;0;0.02285364642739296;0.0625106543302536;0.9146357178688049
22_aii_bi1_cannot_say_neu;Vor vier Wochen hat Greta Tina von einer albernen Geschichte aus ihrem Leben berichtet.;Vor zwei Tagen hat Greta wieder eine alberne Geschichte gehört, als sie auf einer Geburtstagsparty eingeladen war.;Es lässt sich nicht sagen, wie oft Greta eine alberne Geschichte gehört hat.;unknown;22;aii;bi;1;neutral;cannot say;False;;;Vor vier Wochen hat Greta Tina von einer albernen Geschichte aus ihrem Leben berichtet. Vor zwei Tagen hat Greta wieder eine alberne Geschichte gehört, als sie auf einer Geburtstagsparty eingeladen war.;Es lässt sich nicht sagen, wie oft Greta eine alberne Geschichte gehört hat.;jabo/bert-base-german-cased-xnli-de;contradiction;0;0.9234203100204468;0.06382735073566437;0.012752225622534752
22_aii_bi2_once_pos;Vor vier Wochen hat Greta Tina von einer albernen Geschichte aus ihrem Leben berichtet.;Vor zwei Tagen hat Tina wieder eine alberne Geschichte gehört, als sie auf einer Geburtstagsparty eingeladen war.;Tina hat einmal eine alberne Geschichte gehört.;unknown;22;aii;bi;2;positive;once;False;;;Vor vier Wochen hat Greta Tina von einer albernen Geschichte aus ihrem Leben berichtet. Vor zwei Tagen hat Tina wieder eine alberne Geschichte gehört, als sie auf einer Geburtstagsparty eingeladen war.;Tina hat einmal eine alberne Geschichte gehört.;jabo/bert-base-german-cased-xnli-de;entailment;0;0.022769950330257416;0.04617515951395035;0.9310548901557922
22_aii_bi2_twice_pos;Vor vier Wochen hat Greta Tina von einer albernen Geschichte aus ihrem Leben berichtet.;Vor zwei Tagen hat Tina wieder eine alberne Geschichte gehört, als sie auf einer Geburtstagsparty eingeladen war.;Tina hat mindestens zweimal eine alberne Geschichte gehört.;entailment;22;aii;bi;2;positive;twice;False;;;Vor vier Wochen hat Greta Tina von einer albernen Geschichte aus ihrem Leben berichtet. Vor zwei Tagen hat Tina wieder eine alberne Geschichte gehört, als sie auf einer Geburtstagsparty eingeladen war.;Tina hat mindestens zweimal eine alberne Geschichte gehört.;jabo/bert-base-german-cased-xnli-de;entailment;1;0.022925468161702156;0.058726005256175995;0.9183485507965088
22_aii_bi2_cannot_say_pos;Vor vier Wochen hat Greta Tina von einer albernen Geschichte aus ihrem Leben berichtet.;Vor zwei Tagen hat Tina wieder eine alberne Geschichte gehört, als sie auf einer Geburtstagsparty eingeladen war.;Es lässt sich nicht sagen, wie oft Tina eine alberne Geschichte gehört hat.;unknown;22;aii;bi;2;positive;cannot say;False;;;Vor vier Wochen hat Greta Tina von einer albernen Geschichte aus ihrem Leben berichtet. Vor zwei Tagen hat Tina wieder eine alberne Geschichte gehört, als sie auf einer Geburtstagsparty eingeladen war.;Es lässt sich nicht sagen, wie oft Tina eine alberne Geschichte gehört hat.;jabo/bert-base-german-cased-xnli-de;contradiction;0;0.9142940044403076;0.07122272253036499;0.01448334101587534
22_aii_bii1_once_pos;Vor vier Wochen hat Greta Tina von einer albernen Geschichte aus ihrem Leben berichtet.;Vor zwei Tagen hat Greta wieder eine alberne Geschichte erzählt, als sie auf einer Geburtstagsparty eingeladen war.;Greta hat einmal eine alberne Geschichte erzählt.;unknown;22;aii;bii;1;positive;once;False;;;Vor vier Wochen hat Greta Tina von einer albernen Geschichte aus ihrem Leben berichtet. Vor zwei Tagen hat Greta wieder eine alberne Geschichte erzählt, als sie auf einer Geburtstagsparty eingeladen war.;Greta hat einmal eine alberne Geschichte erzählt.;jabo/bert-base-german-cased-xnli-de;entailment;0;0.024526791647076607;0.05050239711999893;0.9249707460403442
22_aii_bii1_twice_pos;Vor vier Wochen hat Greta Tina von einer albernen Geschichte aus ihrem Leben berichtet.;Vor zwei Tagen hat Greta wieder eine alberne Geschichte erzählt, als sie auf einer Geburtstagsparty eingeladen war.;Greta hat mindestens zweimal eine alberne Geschichte erzählt.;entailment;22;aii;bii;1;positive;twice;False;;;Vor vier Wochen hat Greta Tina von einer albernen Geschichte aus ihrem Leben berichtet. Vor zwei Tagen hat Greta wieder eine alberne Geschichte erzählt, als sie auf einer Geburtstagsparty eingeladen war.;Greta hat mindestens zweimal eine alberne Geschichte erzählt.;jabo/bert-base-german-cased-xnli-de;entailment;1;0.02245435304939747;0.06139995902776718;0.9161456823348999
22_aii_bii1_cannot_say_pos;Vor vier Wochen hat Greta Tina von einer albernen Geschichte aus ihrem Leben berichtet.;Vor zwei Tagen hat Greta wieder eine alberne Geschichte erzählt, als sie auf einer Geburtstagsparty eingeladen war.;Es lässt sich nicht sagen, wie oft Greta eine alberne Geschichte erzählt hat.;unknown;22;aii;bii;1;positive;cannot say;False;;;Vor vier Wochen hat Greta Tina von einer albernen Geschichte aus ihrem Leben berichtet. Vor zwei Tagen hat Greta wieder eine alberne Geschichte erzählt, als sie auf einer Geburtstagsparty eingeladen war.;Es lässt sich nicht sagen, wie oft Greta eine alberne Geschichte erzählt hat.;jabo/bert-base-german-cased-xnli-de;contradiction;0;0.915218710899353;0.07066529244184494;0.014116042293608189
22_aii_bii2_once_neu;Vor vier Wochen hat Greta Tina von einer albernen Geschichte aus ihrem Leben berichtet.;Vor zwei Tagen hat Tina wieder eine alberne Geschichte erzählt, als sie auf einer Geburtstagsparty eingeladen war.;Tina hat einmal eine alberne Geschichte erzählt.;entailment;22;aii;bii;2;neutral;once;False;;;Vor vier Wochen hat Greta Tina von einer albernen Geschichte aus ihrem Leben berichtet. Vor zwei Tagen hat Tina wieder eine alberne Geschichte erzählt, als sie auf einer Geburtstagsparty eingeladen war.;Tina hat einmal eine alberne Geschichte erzählt.;jabo/bert-base-german-cased-xnli-de;entailment;1;0.023938776925206184;0.04881362244486809;0.9272476434707642
22_aii_bii2_twice_neu;Vor vier Wochen hat Greta Tina von einer albernen Geschichte aus ihrem Leben berichtet.;Vor zwei Tagen hat Tina wieder eine alberne Geschichte erzählt, als sie auf einer Geburtstagsparty eingeladen war.;Tina hat mindestens zweimal eine alberne Geschichte erzählt.;unknown;22;aii;bii;2;neutral;twice;False;;;Vor vier Wochen hat Greta Tina von einer albernen Geschichte aus ihrem Leben berichtet. Vor zwei Tagen hat Tina wieder eine alberne Geschichte erzählt, als sie auf einer Geburtstagsparty eingeladen war.;Tina hat mindestens zweimal eine alberne Geschichte erzählt.;jabo/bert-base-german-cased-xnli-de;entailment;0;0.02255960926413536;0.05977402254939079;0.9176663160324097
22_aii_bii2_cannot_say_neu;Vor vier Wochen hat Greta Tina von einer albernen Geschichte aus ihrem Leben berichtet.;Vor zwei Tagen hat Tina wieder eine alberne Geschichte erzählt, als sie auf einer Geburtstagsparty eingeladen war.;Es lässt sich nicht sagen, wie oft Tina eine alberne Geschichte erzählt hat.;unknown;22;aii;bii;2;neutral;cannot say;False;;;Vor vier Wochen hat Greta Tina von einer albernen Geschichte aus ihrem Leben berichtet. Vor zwei Tagen hat Tina wieder eine alberne Geschichte erzählt, als sie auf einer Geburtstagsparty eingeladen war.;Es lässt sich nicht sagen, wie oft Tina eine alberne Geschichte erzählt hat.;jabo/bert-base-german-cased-xnli-de;contradiction;0;0.9022796154022217;0.08123783022165298;0.016482623293995857
23_ai_bi1_once_pos;Vor einer Woche hat Tina Sabine wütend gemacht.;Vor zwei Tagen hat Sabine wieder einen kleinen Wutanfall bekommen, als sie an einer Schlange anstehen musste.;Sabine hat einmal einen kleinen Wutanfall bekommen.;unknown;23;ai;bi;1;positive;once;False;;;Vor einer Woche hat Tina Sabine wütend gemacht. Vor zwei Tagen hat Sabine wieder einen kleinen Wutanfall bekommen, als sie an einer Schlange anstehen musste.;Sabine hat einmal einen kleinen Wutanfall bekommen.;jabo/bert-base-german-cased-xnli-de;entailment;0;0.021183762699365616;0.06148310378193855;0.9173331260681152
23_ai_bi1_twice_pos;Vor einer Woche hat Tina Sabine wütend gemacht.;Vor zwei Tagen hat Sabine wieder einen kleinen Wutanfall bekommen, als sie an einer Schlange anstehen musste.;Sabine hat mindestens zweimal einen kleinen Wutanfall bekommen.;entailment;23;ai;bi;1;positive;twice;False;;;Vor einer Woche hat Tina Sabine wütend gemacht. Vor zwei Tagen hat Sabine wieder einen kleinen Wutanfall bekommen, als sie an einer Schlange anstehen musste.;Sabine hat mindestens zweimal einen kleinen Wutanfall bekommen.;jabo/bert-base-german-cased-xnli-de;entailment;1;0.03661443293094635;0.12798598408699036;0.8353995680809021
23_ai_bi1_cannot_say_pos;Vor einer Woche hat Tina Sabine wütend gemacht.;Vor zwei Tagen hat Sabine wieder einen kleinen Wutanfall bekommen, als sie an einer Schlange anstehen musste.;Es lässt sich nicht sagen, wie oft Sabine einen kleinen Wutanfall bekommen hat.;unknown;23;ai;bi;1;positive;cannot say;False;;;Vor einer Woche hat Tina Sabine wütend gemacht. Vor zwei Tagen hat Sabine wieder einen kleinen Wutanfall bekommen, als sie an einer Schlange anstehen musste.;Es lässt sich nicht sagen, wie oft Sabine einen kleinen Wutanfall bekommen hat.;jabo/bert-base-german-cased-xnli-de;contradiction;0;0.7030089497566223;0.2036331444978714;0.0933578684926033
23_ai_bi2_once_neu;Vor einer Woche hat Tina Sabine wütend gemacht.;Vor zwei Tagen hat Tina wieder einen kleinen Wutanfall bekommen, als sie an einer Schlange anstehen musste.;Tina hat einmal einen kleinen Wutanfall bekommen.;entailment;23;ai;bi;2;neutral;once;False;;;Vor einer Woche hat Tina Sabine wütend gemacht. Vor zwei Tagen hat Tina wieder einen kleinen Wutanfall bekommen, als sie an einer Schlange anstehen musste.;Tina hat einmal einen kleinen Wutanfall bekommen.;jabo/bert-base-german-cased-xnli-de;entailment;1;0.020772427320480347;0.05099189653992653;0.9282357096672058
23_ai_bi2_twice_neu;Vor einer Woche hat Tina Sabine wütend gemacht.;Vor zwei Tagen hat Tina wieder einen kleinen Wutanfall bekommen, als sie an einer Schlange anstehen musste.;Tina hat mindestens zweimal einen kleinen Wutanfall bekommen.;unknown;23;ai;bi;2;neutral;twice;False;;;Vor einer Woche hat Tina Sabine wütend gemacht. Vor zwei Tagen hat Tina wieder einen kleinen Wutanfall bekommen, als sie an einer Schlange anstehen musste.;Tina hat mindestens zweimal einen kleinen Wutanfall bekommen.;jabo/bert-base-german-cased-xnli-de;entailment;0;0.028486255556344986;0.101523257791996;0.8699904680252075
23_ai_bi2_cannot_say_neu;Vor einer Woche hat Tina Sabine wütend gemacht.;Vor zwei Tagen hat Tina wieder einen kleinen Wutanfall bekommen, als sie an einer Schlange anstehen musste.;Es lässt sich nicht sagen, wie oft Tina einen kleinen Wutanfall bekommen hat.;unknown;23;ai;bi;2;neutral;cannot say;False;;;Vor einer Woche hat Tina Sabine wütend gemacht. Vor zwei Tagen hat Tina wieder einen kleinen Wutanfall bekommen, als sie an einer Schlange anstehen musste.;Es lässt sich nicht sagen, wie oft Tina einen kleinen Wutanfall bekommen hat.;jabo/bert-base-german-cased-xnli-de;contradiction;0;0.7325445413589478;0.1726473569869995;0.09480806440114975
23_ai_bii1_once_neu;Vor einer Woche hat Tina Sabine wütend gemacht.;Vor zwei Tagen hat Sabine wieder einen kleinen Wutanfall provoziert, als sie an einer Schlange anstehen musste.;Sabine hat einmal einen kleinen Wutanfall provoziert.;entailment;23;ai;bii;1;neutral;once;False;;;Vor einer Woche hat Tina Sabine wütend gemacht. Vor zwei Tagen hat Sabine wieder einen kleinen Wutanfall provoziert, als sie an einer Schlange anstehen musste.;Sabine hat einmal einen kleinen Wutanfall provoziert.;jabo/bert-base-german-cased-xnli-de;entailment;1;0.02049664966762066;0.05781841650605202;0.921684980392456
23_ai_bii1_twice_neu;Vor einer Woche hat Tina Sabine wütend gemacht.;Vor zwei Tagen hat Sabine wieder einen kleinen Wutanfall provoziert, als sie an einer Schlange anstehen musste.;Sabine hat mindestens zweimal einen kleinen Wutanfall provoziert.;unknown;23;ai;bii;1;neutral;twice;False;;;Vor einer Woche hat Tina Sabine wütend gemacht. Vor zwei Tagen hat Sabine wieder einen kleinen Wutanfall provoziert, als sie an einer Schlange anstehen musste.;Sabine hat mindestens zweimal einen kleinen Wutanfall provoziert.;jabo/bert-base-german-cased-xnli-de;entailment;0;0.02533961832523346;0.1022273525595665;0.872433066368103
23_ai_bii1_cannot_say_neu;Vor einer Woche hat Tina Sabine wütend gemacht.;Vor zwei Tagen hat Sabine wieder einen kleinen Wutanfall provoziert, als sie an einer Schlange anstehen musste.;Es lässt sich nicht sagen, wie oft Sabine einen kleinen Wutanfall provoziert hat.;unknown;23;ai;bii;1;neutral;cannot say;False;;;Vor einer Woche hat Tina Sabine wütend gemacht. Vor zwei Tagen hat Sabine wieder einen kleinen Wutanfall provoziert, als sie an einer Schlange anstehen musste.;Es lässt sich nicht sagen, wie oft Sabine einen kleinen Wutanfall provoziert hat.;jabo/bert-base-german-cased-xnli-de;contradiction;0;0.6957894563674927;0.17807787656784058;0.12613274157047272
23_ai_bii2_once_pos;Vor einer Woche hat Tina Sabine wütend gemacht.;Vor zwei Tagen hat Tina wieder einen kleinen Wutanfall provoziert, als sie an einer Schlange anstehen musste.;Tina hat einmal einen kleinen Wutanfall provoziert.;unknown;23;ai;bii;2;positive;once;False;;;Vor einer Woche hat Tina Sabine wütend gemacht. Vor zwei Tagen hat Tina wieder einen kleinen Wutanfall provoziert, als sie an einer Schlange anstehen musste.;Tina hat einmal einen kleinen Wutanfall provoziert.;jabo/bert-base-german-cased-xnli-de;entailment;0;0.021913599222898483;0.05275435745716095;0.9253320693969727
23_ai_bii2_twice_pos;Vor einer Woche hat Tina Sabine wütend gemacht.;Vor zwei Tagen hat Tina wieder einen kleinen Wutanfall provoziert, als sie an einer Schlange anstehen musste.;Tina hat mindestens zweimal einen kleinen Wutanfall provoziert.;entailment;23;ai;bii;2;positive;twice;False;;;Vor einer Woche hat Tina Sabine wütend gemacht. Vor zwei Tagen hat Tina wieder einen kleinen Wutanfall provoziert, als sie an einer Schlange anstehen musste.;Tina hat mindestens zweimal einen kleinen Wutanfall provoziert.;jabo/bert-base-german-cased-xnli-de;entailment;1;0.03683657571673393;0.11518477648496628;0.8479787111282349
23_ai_bii2_cannot_say_pos;Vor einer Woche hat Tina Sabine wütend gemacht.;Vor zwei Tagen hat Tina wieder einen kleinen Wutanfall provoziert, als sie an einer Schlange anstehen musste.;Es lässt sich nicht sagen, wie oft Tina einen kleinen Wutanfall provoziert hat.;unknown;23;ai;bii;2;positive;cannot say;False;;;Vor einer Woche hat Tina Sabine wütend gemacht. Vor zwei Tagen hat Tina wieder einen kleinen Wutanfall provoziert, als sie an einer Schlange anstehen musste.;Es lässt sich nicht sagen, wie oft Tina einen kleinen Wutanfall provoziert hat.;jabo/bert-base-german-cased-xnli-de;contradiction;0;0.713943362236023;0.1644788384437561;0.12157785892486572
23_aii_bi1_once_neu;Vor einer Woche hat Sabine Tina wütend gemacht.;Vor zwei Tagen hat Sabine wieder einen kleinen Wutanfall bekommen, als sie an einer Schlange anstehen musste.;Sabine hat einmal einen kleinen Wutanfall bekommen.;entailment;23;aii;bi;1;neutral;once;False;;;Vor einer Woche hat Sabine Tina wütend gemacht. Vor zwei Tagen hat Sabine wieder einen kleinen Wutanfall bekommen, als sie an einer Schlange anstehen musste.;Sabine hat einmal einen kleinen Wutanfall bekommen.;jabo/bert-base-german-cased-xnli-de;entailment;1;0.021398022770881653;0.06225050613284111;0.9163514971733093
23_aii_bi1_twice_neu;Vor einer Woche hat Sabine Tina wütend gemacht.;Vor zwei Tagen hat Sabine wieder einen kleinen Wutanfall bekommen, als sie an einer Schlange anstehen musste.;Sabine hat mindestens zweimal einen kleinen Wutanfall bekommen.;unknown;23;aii;bi;1;neutral;twice;False;;;Vor einer Woche hat Sabine Tina wütend gemacht. Vor zwei Tagen hat Sabine wieder einen kleinen Wutanfall bekommen, als sie an einer Schlange anstehen musste.;Sabine hat mindestens zweimal einen kleinen Wutanfall bekommen.;jabo/bert-base-german-cased-xnli-de;entailment;0;0.03528612479567528;0.12703649699687958;0.8376772999763489
23_aii_bi1_cannot_say_neu;Vor einer Woche hat Sabine Tina wütend gemacht.;Vor zwei Tagen hat Sabine wieder einen kleinen Wutanfall bekommen, als sie an einer Schlange anstehen musste.;Es lässt sich nicht sagen, wie oft Sabine einen kleinen Wutanfall bekommen hat.;unknown;23;aii;bi;1;neutral;cannot say;False;;;Vor einer Woche hat Sabine Tina wütend gemacht. Vor zwei Tagen hat Sabine wieder einen kleinen Wutanfall bekommen, als sie an einer Schlange anstehen musste.;Es lässt sich nicht sagen, wie oft Sabine einen kleinen Wutanfall bekommen hat.;jabo/bert-base-german-cased-xnli-de;contradiction;0;0.6991473436355591;0.2035260647535324;0.09732664376497269
23_aii_bi2_once_pos;Vor einer Woche hat Sabine Tina wütend gemacht.;Vor zwei Tagen hat Tina wieder einen kleinen Wutanfall bekommen, als sie an einer Schlange anstehen musste.;Tina hat einmal einen kleinen Wutanfall bekommen.;unknown;23;aii;bi;2;positive;once;False;;;Vor einer Woche hat Sabine Tina wütend gemacht. Vor zwei Tagen hat Tina wieder einen kleinen Wutanfall bekommen, als sie an einer Schlange anstehen musste.;Tina hat einmal einen kleinen Wutanfall bekommen.;jabo/bert-base-german-cased-xnli-de;entailment;0;0.020817723125219345;0.05163150280714035;0.9275507926940918
23_aii_bi2_twice_pos;Vor einer Woche hat Sabine Tina wütend gemacht.;Vor zwei Tagen hat Tina wieder einen kleinen Wutanfall bekommen, als sie an einer Schlange anstehen musste.;Tina hat mindestens zweimal einen kleinen Wutanfall bekommen.;entailment;23;aii;bi;2;positive;twice;False;;;Vor einer Woche hat Sabine Tina wütend gemacht. Vor zwei Tagen hat Tina wieder einen kleinen Wutanfall bekommen, als sie an einer Schlange anstehen musste.;Tina hat mindestens zweimal einen kleinen Wutanfall bekommen.;jabo/bert-base-german-cased-xnli-de;entailment;1;0.028021736070513725;0.10418383032083511;0.8677944540977478
23_aii_bi2_cannot_say_pos;Vor einer Woche hat Sabine Tina wütend gemacht.;Vor zwei Tagen hat Tina wieder einen kleinen Wutanfall bekommen, als sie an einer Schlange anstehen musste.;Es lässt sich nicht sagen, wie oft Tina einen kleinen Wutanfall bekommen hat.;unknown;23;aii;bi;2;positive;cannot say;False;;;Vor einer Woche hat Sabine Tina wütend gemacht. Vor zwei Tagen hat Tina wieder einen kleinen Wutanfall bekommen, als sie an einer Schlange anstehen musste.;Es lässt sich nicht sagen, wie oft Tina einen kleinen Wutanfall bekommen hat.;jabo/bert-base-german-cased-xnli-de;contradiction;0;0.730299711227417;0.17454242706298828;0.09515787661075592
23_aii_bii1_once_pos;Vor einer Woche hat Sabine Tina wütend gemacht.;Vor zwei Tagen hat Sabine wieder einen kleinen Wutanfall provoziert, als sie an einer Schlange anstehen musste.;Sabine hat einmal einen kleinen Wutanfall provoziert.;unknown;23;aii;bii;1;positive;once;False;;;Vor einer Woche hat Sabine Tina wütend gemacht. Vor zwei Tagen hat Sabine wieder einen kleinen Wutanfall provoziert, als sie an einer Schlange anstehen musste.;Sabine hat einmal einen kleinen Wutanfall provoziert.;jabo/bert-base-german-cased-xnli-de;entailment;0;0.020770980045199394;0.05907195433974266;0.9201570153236389
23_aii_bii1_twice_pos;Vor einer Woche hat Sabine Tina wütend gemacht.;Vor zwei Tagen hat Sabine wieder einen kleinen Wutanfall provoziert, als sie an einer Schlange anstehen musste.;Sabine hat mindestens zweimal einen kleinen Wutanfall provoziert.;entailment;23;aii;bii;1;positive;twice;False;;;Vor einer Woche hat Sabine Tina wütend gemacht. Vor zwei Tagen hat Sabine wieder einen kleinen Wutanfall provoziert, als sie an einer Schlange anstehen musste.;Sabine hat mindestens zweimal einen kleinen Wutanfall provoziert.;jabo/bert-base-german-cased-xnli-de;entailment;1;0.025227272883057594;0.10189962387084961;0.872873067855835
23_aii_bii1_cannot_say_pos;Vor einer Woche hat Sabine Tina wütend gemacht.;Vor zwei Tagen hat Sabine wieder einen kleinen Wutanfall provoziert, als sie an einer Schlange anstehen musste.;Es lässt sich nicht sagen, wie oft Sabine einen kleinen Wutanfall provoziert hat.;unknown;23;aii;bii;1;positive;cannot say;False;;;Vor einer Woche hat Sabine Tina wütend gemacht. Vor zwei Tagen hat Sabine wieder einen kleinen Wutanfall provoziert, als sie an einer Schlange anstehen musste.;Es lässt sich nicht sagen, wie oft Sabine einen kleinen Wutanfall provoziert hat.;jabo/bert-base-german-cased-xnli-de;contradiction;0;0.6954390406608582;0.17815393209457397;0.12640701234340668
23_aii_bii2_once_neu;Vor einer Woche hat Sabine Tina wütend gemacht.;Vor zwei Tagen hat Tina wieder einen kleinen Wutanfall provoziert, als sie an einer Schlange anstehen musste.;Tina hat einmal einen kleinen Wutanfall provoziert.;entailment;23;aii;bii;2;neutral;once;False;;;Vor einer Woche hat Sabine Tina wütend gemacht. Vor zwei Tagen hat Tina wieder einen kleinen Wutanfall provoziert, als sie an einer Schlange anstehen musste.;Tina hat einmal einen kleinen Wutanfall provoziert.;jabo/bert-base-german-cased-xnli-de;entailment;1;0.02191269025206566;0.0531151108443737;0.9249721765518188
23_aii_bii2_twice_neu;Vor einer Woche hat Sabine Tina wütend gemacht.;Vor zwei Tagen hat Tina wieder einen kleinen Wutanfall provoziert, als sie an einer Schlange anstehen musste.;Tina hat mindestens zweimal einen kleinen Wutanfall provoziert.;unknown;23;aii;bii;2;neutral;twice;False;;;Vor einer Woche hat Sabine Tina wütend gemacht. Vor zwei Tagen hat Tina wieder einen kleinen Wutanfall provoziert, als sie an einer Schlange anstehen musste.;Tina hat mindestens zweimal einen kleinen Wutanfall provoziert.;jabo/bert-base-german-cased-xnli-de;entailment;0;0.03659893944859505;0.1162458062171936;0.8471552729606628
23_aii_bii2_cannot_say_neu;Vor einer Woche hat Sabine Tina wütend gemacht.;Vor zwei Tagen hat Tina wieder einen kleinen Wutanfall provoziert, als sie an einer Schlange anstehen musste.;Es lässt sich nicht sagen, wie oft Tina einen kleinen Wutanfall provoziert hat.;unknown;23;aii;bii;2;neutral;cannot say;False;;;Vor einer Woche hat Sabine Tina wütend gemacht. Vor zwei Tagen hat Tina wieder einen kleinen Wutanfall provoziert, als sie an einer Schlange anstehen musste.;Es lässt sich nicht sagen, wie oft Tina einen kleinen Wutanfall provoziert hat.;jabo/bert-base-german-cased-xnli-de;contradiction;0;0.7125731706619263;0.1644841730594635;0.12294268608093262
24_ai_bi1_once_pos;Letzten Monat hat Tina Thorsten ein Lied gewidmet.;Vor einer Woche hat Thorsten wieder eine nette Widmung bekommen, weil er an einem Song mitgearbeitet hat.;Thorsten hat einmal eine nette Widmung bekommen.;unknown;24;ai;bi;1;positive;once;False;;;Letzten Monat hat Tina Thorsten ein Lied gewidmet. Vor einer Woche hat Thorsten wieder eine nette Widmung bekommen, weil er an einem Song mitgearbeitet hat.;Thorsten hat einmal eine nette Widmung bekommen.;jabo/bert-base-german-cased-xnli-de;entailment;0;0.019250471144914627;0.0466306246817112;0.9341188669204712
24_ai_bi1_twice_pos;Letzten Monat hat Tina Thorsten ein Lied gewidmet.;Vor einer Woche hat Thorsten wieder eine nette Widmung bekommen, weil er an einem Song mitgearbeitet hat.;Thorsten hat mindestens zweimal eine nette Widmung bekommen.;entailment;24;ai;bi;1;positive;twice;False;;;Letzten Monat hat Tina Thorsten ein Lied gewidmet. Vor einer Woche hat Thorsten wieder eine nette Widmung bekommen, weil er an einem Song mitgearbeitet hat.;Thorsten hat mindestens zweimal eine nette Widmung bekommen.;jabo/bert-base-german-cased-xnli-de;entailment;1;0.05563591793179512;0.12247303873300552;0.8218910694122314
24_ai_bi1_cannot_say_pos;Letzten Monat hat Tina Thorsten ein Lied gewidmet.;Vor einer Woche hat Thorsten wieder eine nette Widmung bekommen, weil er an einem Song mitgearbeitet hat.;Es lässt sich nicht sagen, wie oft Thorsten eine nette Widmung bekommen hat.;unknown;24;ai;bi;1;positive;cannot say;False;;;Letzten Monat hat Tina Thorsten ein Lied gewidmet. Vor einer Woche hat Thorsten wieder eine nette Widmung bekommen, weil er an einem Song mitgearbeitet hat.;Es lässt sich nicht sagen, wie oft Thorsten eine nette Widmung bekommen hat.;jabo/bert-base-german-cased-xnli-de;contradiction;0;0.8656324744224548;0.11561167985200882;0.018755873665213585
24_ai_bi2_once_neu;Letzten Monat hat Tina Thorsten ein Lied gewidmet.;Vor einer Woche hat Tina wieder eine nette Widmung bekommen, weil sie an einem Song mitgearbeitet hat.;Tina hat einmal eine nette Widmung bekommen.;entailment;24;ai;bi;2;neutral;once;False;;;Letzten Monat hat Tina Thorsten ein Lied gewidmet. Vor einer Woche hat Tina wieder eine nette Widmung bekommen, weil sie an einem Song mitgearbeitet hat.;Tina hat einmal eine nette Widmung bekommen.;jabo/bert-base-german-cased-xnli-de;entailment;1;0.01917542703449726;0.043497782200574875;0.9373267889022827
24_ai_bi2_twice_neu;Letzten Monat hat Tina Thorsten ein Lied gewidmet.;Vor einer Woche hat Tina wieder eine nette Widmung bekommen, weil sie an einem Song mitgearbeitet hat.;Tina hat mindestens zweimal eine nette Widmung bekommen.;unknown;24;ai;bi;2;neutral;twice;False;;;Letzten Monat hat Tina Thorsten ein Lied gewidmet. Vor einer Woche hat Tina wieder eine nette Widmung bekommen, weil sie an einem Song mitgearbeitet hat.;Tina hat mindestens zweimal eine nette Widmung bekommen.;jabo/bert-base-german-cased-xnli-de;entailment;0;0.05549641698598862;0.1291697472333908;0.8153338432312012
24_ai_bi2_cannot_say_neu;Letzten Monat hat Tina Thorsten ein Lied gewidmet.;Vor einer Woche hat Tina wieder eine nette Widmung bekommen, weil sie an einem Song mitgearbeitet hat.;Es lässt sich nicht sagen, wie oft Tina eine nette Widmung bekommen hat.;unknown;24;ai;bi;2;neutral;cannot say;False;;;Letzten Monat hat Tina Thorsten ein Lied gewidmet. Vor einer Woche hat Tina wieder eine nette Widmung bekommen, weil sie an einem Song mitgearbeitet hat.;Es lässt sich nicht sagen, wie oft Tina eine nette Widmung bekommen hat.;jabo/bert-base-german-cased-xnli-de;contradiction;0;0.8582825064659119;0.12037470936775208;0.02134278416633606
24_ai_bii1_once_neu;Letzten Monat hat Tina Thorsten ein Lied gewidmet.;Vor einer Woche hat Thorsten wieder eine nette Widmung geschrieben, weil er an einem Song mitgearbeitet hat.;Thorsten hat einmal eine nette Widmung geschrieben.;entailment;24;ai;bii;1;neutral;once;False;;;Letzten Monat hat Tina Thorsten ein Lied gewidmet. Vor einer Woche hat Thorsten wieder eine nette Widmung geschrieben, weil er an einem Song mitgearbeitet hat.;Thorsten hat einmal eine nette Widmung geschrieben.;jabo/bert-base-german-cased-xnli-de;entailment;1;0.019685866311192513;0.045225974172353745;0.9350882172584534
24_ai_bii1_twice_neu;Letzten Monat hat Tina Thorsten ein Lied gewidmet.;Vor einer Woche hat Thorsten wieder eine nette Widmung geschrieben, weil er an einem Song mitgearbeitet hat.;Thorsten hat mindestens zweimal eine nette Widmung geschrieben.;unknown;24;ai;bii;1;neutral;twice;False;;;Letzten Monat hat Tina Thorsten ein Lied gewidmet. Vor einer Woche hat Thorsten wieder eine nette Widmung geschrieben, weil er an einem Song mitgearbeitet hat.;Thorsten hat mindestens zweimal eine nette Widmung geschrieben.;jabo/bert-base-german-cased-xnli-de;entailment;0;0.0688851848244667;0.12920010089874268;0.8019147515296936
24_ai_bii1_cannot_say_neu;Letzten Monat hat Tina Thorsten ein Lied gewidmet.;Vor einer Woche hat Thorsten wieder eine nette Widmung geschrieben, weil er an einem Song mitgearbeitet hat.;Es lässt sich nicht sagen, wie oft Thorsten eine nette Widmung geschrieben hat.;unknown;24;ai;bii;1;neutral;cannot say;False;;;Letzten Monat hat Tina Thorsten ein Lied gewidmet. Vor einer Woche hat Thorsten wieder eine nette Widmung geschrieben, weil er an einem Song mitgearbeitet hat.;Es lässt sich nicht sagen, wie oft Thorsten eine nette Widmung geschrieben hat.;jabo/bert-base-german-cased-xnli-de;contradiction;0;0.8751798272132874;0.10609614849090576;0.018723994493484497
24_ai_bii2_once_pos;Letzten Monat hat Tina Thorsten ein Lied gewidmet.;Vor einer Woche hat Tina wieder eine nette Widmung geschrieben, weil sie an einem Song mitgearbeitet hat.;Tina hat einmal eine nette Widmung geschrieben.;unknown;24;ai;bii;2;positive;once;False;;;Letzten Monat hat Tina Thorsten ein Lied gewidmet. Vor einer Woche hat Tina wieder eine nette Widmung geschrieben, weil sie an einem Song mitgearbeitet hat.;Tina hat einmal eine nette Widmung geschrieben.;jabo/bert-base-german-cased-xnli-de;entailment;0;0.019335130229592323;0.04297591373324394;0.9376888871192932
24_ai_bii2_twice_pos;Letzten Monat hat Tina Thorsten ein Lied gewidmet.;Vor einer Woche hat Tina wieder eine nette Widmung geschrieben, weil sie an einem Song mitgearbeitet hat.;Tina hat mindestens zweimal eine nette Widmung geschrieben.;entailment;24;ai;bii;2;positive;twice;False;;;Letzten Monat hat Tina Thorsten ein Lied gewidmet. Vor einer Woche hat Tina wieder eine nette Widmung geschrieben, weil sie an einem Song mitgearbeitet hat.;Tina hat mindestens zweimal eine nette Widmung geschrieben.;jabo/bert-base-german-cased-xnli-de;entailment;1;0.07588569074869156;0.14622345566749573;0.7778908014297485
24_ai_bii2_cannot_say_pos;Letzten Monat hat Tina Thorsten ein Lied gewidmet.;Vor einer Woche hat Tina wieder eine nette Widmung geschrieben, weil sie an einem Song mitgearbeitet hat.;Es lässt sich nicht sagen, wie oft Tina eine nette Widmung geschrieben hat.;unknown;24;ai;bii;2;positive;cannot say;False;;;Letzten Monat hat Tina Thorsten ein Lied gewidmet. Vor einer Woche hat Tina wieder eine nette Widmung geschrieben, weil sie an einem Song mitgearbeitet hat.;Es lässt sich nicht sagen, wie oft Tina eine nette Widmung geschrieben hat.;jabo/bert-base-german-cased-xnli-de;contradiction;0;0.8745101094245911;0.1057935506105423;0.019696351140737534
24_aii_bi1_once_neu;Letzten Monat hat Thorsten Tina ein Lied gewidmet.;Vor einer Woche hat Thorsten wieder eine nette Widmung bekommen, weil er an einem Song mitgearbeitet hat.;Thorsten hat einmal eine nette Widmung bekommen.;entailment;24;aii;bi;1;neutral;once;False;;;Letzten Monat hat Thorsten Tina ein Lied gewidmet. Vor einer Woche hat Thorsten wieder eine nette Widmung bekommen, weil er an einem Song mitgearbeitet hat.;Thorsten hat einmal eine nette Widmung bekommen.;jabo/bert-base-german-cased-xnli-de;entailment;1;0.019430430606007576;0.045843467116355896;0.9347261190414429
24_aii_bi1_twice_neu;Letzten Monat hat Thorsten Tina ein Lied gewidmet.;Vor einer Woche hat Thorsten wieder eine nette Widmung bekommen, weil er an einem Song mitgearbeitet hat.;Thorsten hat mindestens zweimal eine nette Widmung bekommen.;unknown;24;aii;bi;1;neutral;twice;False;;;Letzten Monat hat Thorsten Tina ein Lied gewidmet. Vor einer Woche hat Thorsten wieder eine nette Widmung bekommen, weil er an einem Song mitgearbeitet hat.;Thorsten hat mindestens zweimal eine nette Widmung bekommen.;jabo/bert-base-german-cased-xnli-de;entailment;0;0.05304788798093796;0.12869857251644135;0.8182535767555237
24_aii_bi1_cannot_say_neu;Letzten Monat hat Thorsten Tina ein Lied gewidmet.;Vor einer Woche hat Thorsten wieder eine nette Widmung bekommen, weil er an einem Song mitgearbeitet hat.;Es lässt sich nicht sagen, wie oft Thorsten eine nette Widmung bekommen hat.;unknown;24;aii;bi;1;neutral;cannot say;False;;;Letzten Monat hat Thorsten Tina ein Lied gewidmet. Vor einer Woche hat Thorsten wieder eine nette Widmung bekommen, weil er an einem Song mitgearbeitet hat.;Es lässt sich nicht sagen, wie oft Thorsten eine nette Widmung bekommen hat.;jabo/bert-base-german-cased-xnli-de;contradiction;0;0.8682620525360107;0.11358040571212769;0.01815757155418396
24_aii_bi2_once_pos;Letzten Monat hat Thorsten Tina ein Lied gewidmet.;Vor einer Woche hat Tina wieder eine nette Widmung bekommen, weil sie an einem Song mitgearbeitet hat.;Tina hat einmal eine nette Widmung bekommen.;unknown;24;aii;bi;2;positive;once;False;;;Letzten Monat hat Thorsten Tina ein Lied gewidmet. Vor einer Woche hat Tina wieder eine nette Widmung bekommen, weil sie an einem Song mitgearbeitet hat.;Tina hat einmal eine nette Widmung bekommen.;jabo/bert-base-german-cased-xnli-de;entailment;0;0.01916581764817238;0.043696269392967224;0.9371379017829895
24_aii_bi2_twice_pos;Letzten Monat hat Thorsten Tina ein Lied gewidmet.;Vor einer Woche hat Tina wieder eine nette Widmung bekommen, weil sie an einem Song mitgearbeitet hat.;Tina hat mindestens zweimal eine nette Widmung bekommen.;entailment;24;aii;bi;2;positive;twice;False;;;Letzten Monat hat Thorsten Tina ein Lied gewidmet. Vor einer Woche hat Tina wieder eine nette Widmung bekommen, weil sie an einem Song mitgearbeitet hat.;Tina hat mindestens zweimal eine nette Widmung bekommen.;jabo/bert-base-german-cased-xnli-de;entailment;1;0.050714265555143356;0.1337904930114746;0.8154952526092529
24_aii_bi2_cannot_say_pos;Letzten Monat hat Thorsten Tina ein Lied gewidmet.;Vor einer Woche hat Tina wieder eine nette Widmung bekommen, weil sie an einem Song mitgearbeitet hat.;Es lässt sich nicht sagen, wie oft Tina eine nette Widmung bekommen hat.;unknown;24;aii;bi;2;positive;cannot say;False;;;Letzten Monat hat Thorsten Tina ein Lied gewidmet. Vor einer Woche hat Tina wieder eine nette Widmung bekommen, weil sie an einem Song mitgearbeitet hat.;Es lässt sich nicht sagen, wie oft Tina eine nette Widmung bekommen hat.;jabo/bert-base-german-cased-xnli-de;contradiction;0;0.858101487159729;0.1209501251578331;0.02094845473766327
24_aii_bii1_once_pos;Letzten Monat hat Thorsten Tina ein Lied gewidmet.;Vor einer Woche hat Thorsten wieder eine nette Widmung geschrieben, weil er an einem Song mitgearbeitet hat.;Thorsten hat einmal eine nette Widmung geschrieben.;unknown;24;aii;bii;1;positive;once;False;;;Letzten Monat hat Thorsten Tina ein Lied gewidmet. Vor einer Woche hat Thorsten wieder eine nette Widmung geschrieben, weil er an einem Song mitgearbeitet hat.;Thorsten hat einmal eine nette Widmung geschrieben.;jabo/bert-base-german-cased-xnli-de;entailment;0;0.019829943776130676;0.04482542350888252;0.9353445768356323
24_aii_bii1_twice_pos;Letzten Monat hat Thorsten Tina ein Lied gewidmet.;Vor einer Woche hat Thorsten wieder eine nette Widmung geschrieben, weil er an einem Song mitgearbeitet hat.;Thorsten hat mindestens zweimal eine nette Widmung geschrieben.;entailment;24;aii;bii;1;positive;twice;False;;;Letzten Monat hat Thorsten Tina ein Lied gewidmet. Vor einer Woche hat Thorsten wieder eine nette Widmung geschrieben, weil er an einem Song mitgearbeitet hat.;Thorsten hat mindestens zweimal eine nette Widmung geschrieben.;jabo/bert-base-german-cased-xnli-de;entailment;1;0.0653768852353096;0.14163243770599365;0.7929906249046326
24_aii_bii1_cannot_say_pos;Letzten Monat hat Thorsten Tina ein Lied gewidmet.;Vor einer Woche hat Thorsten wieder eine nette Widmung geschrieben, weil er an einem Song mitgearbeitet hat.;Es lässt sich nicht sagen, wie oft Thorsten eine nette Widmung geschrieben hat.;unknown;24;aii;bii;1;positive;cannot say;False;;;Letzten Monat hat Thorsten Tina ein Lied gewidmet. Vor einer Woche hat Thorsten wieder eine nette Widmung geschrieben, weil er an einem Song mitgearbeitet hat.;Es lässt sich nicht sagen, wie oft Thorsten eine nette Widmung geschrieben hat.;jabo/bert-base-german-cased-xnli-de;contradiction;0;0.8781155347824097;0.10402514040470123;0.01785925216972828
24_aii_bii2_once_neu;Letzten Monat hat Thorsten Tina ein Lied gewidmet.;Vor einer Woche hat Tina wieder eine nette Widmung geschrieben, weil sie an einem Song mitgearbeitet hat.;Tina hat einmal eine nette Widmung geschrieben.;entailment;24;aii;bii;2;neutral;once;False;;;Letzten Monat hat Thorsten Tina ein Lied gewidmet. Vor einer Woche hat Tina wieder eine nette Widmung geschrieben, weil sie an einem Song mitgearbeitet hat.;Tina hat einmal eine nette Widmung geschrieben.;jabo/bert-base-german-cased-xnli-de;entailment;1;0.019433533772826195;0.043204549700021744;0.9373618960380554
24_aii_bii2_twice_neu;Letzten Monat hat Thorsten Tina ein Lied gewidmet.;Vor einer Woche hat Tina wieder eine nette Widmung geschrieben, weil sie an einem Song mitgearbeitet hat.;Tina hat mindestens zweimal eine nette Widmung geschrieben.;unknown;24;aii;bii;2;neutral;twice;False;;;Letzten Monat hat Thorsten Tina ein Lied gewidmet. Vor einer Woche hat Tina wieder eine nette Widmung geschrieben, weil sie an einem Song mitgearbeitet hat.;Tina hat mindestens zweimal eine nette Widmung geschrieben.;jabo/bert-base-german-cased-xnli-de;entailment;0;0.06500997394323349;0.14824587106704712;0.7867441773414612
24_aii_bii2_cannot_say_neu;Letzten Monat hat Thorsten Tina ein Lied gewidmet.;Vor einer Woche hat Tina wieder eine nette Widmung geschrieben, weil sie an einem Song mitgearbeitet hat.;Es lässt sich nicht sagen, wie oft Tina eine nette Widmung geschrieben hat.;unknown;24;aii;bii;2;neutral;cannot say;False;;;Letzten Monat hat Thorsten Tina ein Lied gewidmet. Vor einer Woche hat Tina wieder eine nette Widmung geschrieben, weil sie an einem Song mitgearbeitet hat.;Es lässt sich nicht sagen, wie oft Tina eine nette Widmung geschrieben hat.;jabo/bert-base-german-cased-xnli-de;contradiction;0;0.8746845722198486;0.1057780534029007;0.019537324085831642
25_ai_bi1_once_pos;Vor vier Wochen hat Tina vor Karl einen lustigen Sketch aufgeführt.;Vor zwei Wochen hat Karl wieder einen lustigen Sketch gesehen, als er auf einem Comedyfestival gewesen ist.;Karl hat einmal einen lustigen Sketch gesehen.;unknown;25;ai;bi;1;positive;once;False;;;Vor vier Wochen hat Tina vor Karl einen lustigen Sketch aufgeführt. Vor zwei Wochen hat Karl wieder einen lustigen Sketch gesehen, als er auf einem Comedyfestival gewesen ist.;Karl hat einmal einen lustigen Sketch gesehen.;jabo/bert-base-german-cased-xnli-de;entailment;0;0.022054070606827736;0.04685250669717789;0.9310934543609619
25_ai_bi1_twice_pos;Vor vier Wochen hat Tina vor Karl einen lustigen Sketch aufgeführt.;Vor zwei Wochen hat Karl wieder einen lustigen Sketch gesehen, als er auf einem Comedyfestival gewesen ist.;Karl hat mindestens zweimal einen lustigen Sketch gesehen.;entailment;25;ai;bi;1;positive;twice;False;;;Vor vier Wochen hat Tina vor Karl einen lustigen Sketch aufgeführt. Vor zwei Wochen hat Karl wieder einen lustigen Sketch gesehen, als er auf einem Comedyfestival gewesen ist.;Karl hat mindestens zweimal einen lustigen Sketch gesehen.;jabo/bert-base-german-cased-xnli-de;entailment;1;0.04625551030039787;0.08792505413293839;0.8658194541931152
25_ai_bi1_cannot_say_pos;Vor vier Wochen hat Tina vor Karl einen lustigen Sketch aufgeführt.;Vor zwei Wochen hat Karl wieder einen lustigen Sketch gesehen, als er auf einem Comedyfestival gewesen ist.;Es lässt sich nicht sagen, wie oft Karl einen lustigen Sketch gesehen hat.;unknown;25;ai;bi;1;positive;cannot say;False;;;Vor vier Wochen hat Tina vor Karl einen lustigen Sketch aufgeführt. Vor zwei Wochen hat Karl wieder einen lustigen Sketch gesehen, als er auf einem Comedyfestival gewesen ist.;Es lässt sich nicht sagen, wie oft Karl einen lustigen Sketch gesehen hat.;jabo/bert-base-german-cased-xnli-de;contradiction;0;0.8130839467048645;0.1411307007074356;0.04578535258769989
25_ai_bi2_once_neu;Vor vier Wochen hat Tina vor Karl einen lustigen Sketch aufgeführt.;Vor zwei Wochen hat Tina wieder einen lustigen Sketch gesehen, als sie auf einem Comedyfestival gewesen ist.;Tina hat einmal einen lustigen Sketch gesehen.;entailment;25;ai;bi;2;neutral;once;False;;;Vor vier Wochen hat Tina vor Karl einen lustigen Sketch aufgeführt. Vor zwei Wochen hat Tina wieder einen lustigen Sketch gesehen, als sie auf einem Comedyfestival gewesen ist.;Tina hat einmal einen lustigen Sketch gesehen.;jabo/bert-base-german-cased-xnli-de;entailment;1;0.021825728937983513;0.04590126499533653;0.9322729706764221
25_ai_bi2_twice_neu;Vor vier Wochen hat Tina vor Karl einen lustigen Sketch aufgeführt.;Vor zwei Wochen hat Tina wieder einen lustigen Sketch gesehen, als sie auf einem Comedyfestival gewesen ist.;Tina hat mindestens zweimal einen lustigen Sketch gesehen.;unknown;25;ai;bi;2;neutral;twice;False;;;Vor vier Wochen hat Tina vor Karl einen lustigen Sketch aufgeführt. Vor zwei Wochen hat Tina wieder einen lustigen Sketch gesehen, als sie auf einem Comedyfestival gewesen ist.;Tina hat mindestens zweimal einen lustigen Sketch gesehen.;jabo/bert-base-german-cased-xnli-de;entailment;0;0.04497741535305977;0.10179907083511353;0.8532235622406006
25_ai_bi2_cannot_say_neu;Vor vier Wochen hat Tina vor Karl einen lustigen Sketch aufgeführt.;Vor zwei Wochen hat Tina wieder einen lustigen Sketch gesehen, als sie auf einem Comedyfestival gewesen ist.;Es lässt sich nicht sagen, wie oft Tina einen lustigen Sketch gesehen hat.;unknown;25;ai;bi;2;neutral;cannot say;False;;;Vor vier Wochen hat Tina vor Karl einen lustigen Sketch aufgeführt. Vor zwei Wochen hat Tina wieder einen lustigen Sketch gesehen, als sie auf einem Comedyfestival gewesen ist.;Es lässt sich nicht sagen, wie oft Tina einen lustigen Sketch gesehen hat.;jabo/bert-base-german-cased-xnli-de;contradiction;0;0.7785298228263855;0.17538948357105255;0.046080756932497025
25_ai_bii1_once_neu;Vor vier Wochen hat Tina vor Karl einen lustigen Sketch aufgeführt.;Vor zwei Wochen hat Karl wieder einen lustigen Sketch dargeboten, als er auf einem Comedyfestival gewesen ist.;Karl hat einmal einen lustigen Sketch dargeboten.;entailment;25;ai;bii;1;neutral;once;False;;;Vor vier Wochen hat Tina vor Karl einen lustigen Sketch aufgeführt. Vor zwei Wochen hat Karl wieder einen lustigen Sketch dargeboten, als er auf einem Comedyfestival gewesen ist.;Karl hat einmal einen lustigen Sketch dargeboten.;jabo/bert-base-german-cased-xnli-de;entailment;1;0.021302251145243645;0.04551302269101143;0.9331846833229065
25_ai_bii1_twice_neu;Vor vier Wochen hat Tina vor Karl einen lustigen Sketch aufgeführt.;Vor zwei Wochen hat Karl wieder einen lustigen Sketch dargeboten, als er auf einem Comedyfestival gewesen ist.;Karl hat mindestens zweimal einen lustigen Sketch dargeboten.;unknown;25;ai;bii;1;neutral;twice;False;;;Vor vier Wochen hat Tina vor Karl einen lustigen Sketch aufgeführt. Vor zwei Wochen hat Karl wieder einen lustigen Sketch dargeboten, als er auf einem Comedyfestival gewesen ist.;Karl hat mindestens zweimal einen lustigen Sketch dargeboten.;jabo/bert-base-german-cased-xnli-de;entailment;0;0.04382430762052536;0.10797136276960373;0.8482042551040649
25_ai_bii1_cannot_say_neu;Vor vier Wochen hat Tina vor Karl einen lustigen Sketch aufgeführt.;Vor zwei Wochen hat Karl wieder einen lustigen Sketch dargeboten, als er auf einem Comedyfestival gewesen ist.;Es lässt sich nicht sagen, wie oft Karl einen lustigen Sketch dargeboten hat.;unknown;25;ai;bii;1;neutral;cannot say;False;;;Vor vier Wochen hat Tina vor Karl einen lustigen Sketch aufgeführt. Vor zwei Wochen hat Karl wieder einen lustigen Sketch dargeboten, als er auf einem Comedyfestival gewesen ist.;Es lässt sich nicht sagen, wie oft Karl einen lustigen Sketch dargeboten hat.;jabo/bert-base-german-cased-xnli-de;contradiction;0;0.8442429304122925;0.1269199550151825;0.028837164863944054
25_ai_bii2_once_pos;Vor vier Wochen hat Tina vor Karl einen lustigen Sketch aufgeführt.;Vor zwei Wochen hat Tina wieder einen lustigen Sketch dargeboten, als sie auf einem Comedyfestival gewesen ist.;Tina hat einmal einen lustigen Sketch dargeboten.;unknown;25;ai;bii;2;positive;once;False;;;Vor vier Wochen hat Tina vor Karl einen lustigen Sketch aufgeführt. Vor zwei Wochen hat Tina wieder einen lustigen Sketch dargeboten, als sie auf einem Comedyfestival gewesen ist.;Tina hat einmal einen lustigen Sketch dargeboten.;jabo/bert-base-german-cased-xnli-de;entailment;0;0.02067510411143303;0.04491493105888367;0.934410035610199
25_ai_bii2_twice_pos;Vor vier Wochen hat Tina vor Karl einen lustigen Sketch aufgeführt.;Vor zwei Wochen hat Tina wieder einen lustigen Sketch dargeboten, als sie auf einem Comedyfestival gewesen ist.;Tina hat mindestens zweimal einen lustigen Sketch dargeboten.;entailment;25;ai;bii;2;positive;twice;False;;;Vor vier Wochen hat Tina vor Karl einen lustigen Sketch aufgeführt. Vor zwei Wochen hat Tina wieder einen lustigen Sketch dargeboten, als sie auf einem Comedyfestival gewesen ist.;Tina hat mindestens zweimal einen lustigen Sketch dargeboten.;jabo/bert-base-german-cased-xnli-de;entailment;1;0.04690555855631828;0.121947281062603;0.8311471939086914
25_ai_bii2_cannot_say_pos;Vor vier Wochen hat Tina vor Karl einen lustigen Sketch aufgeführt.;Vor zwei Wochen hat Tina wieder einen lustigen Sketch dargeboten, als sie auf einem Comedyfestival gewesen ist.;Es lässt sich nicht sagen, wie oft Tina einen lustigen Sketch dargeboten hat.;unknown;25;ai;bii;2;positive;cannot say;False;;;Vor vier Wochen hat Tina vor Karl einen lustigen Sketch aufgeführt. Vor zwei Wochen hat Tina wieder einen lustigen Sketch dargeboten, als sie auf einem Comedyfestival gewesen ist.;Es lässt sich nicht sagen, wie oft Tina einen lustigen Sketch dargeboten hat.;jabo/bert-base-german-cased-xnli-de;contradiction;0;0.8665707111358643;0.114824578166008;0.01860472932457924
25_aii_bi1_once_neu;Vor vier Wochen hat Karl vor Tina einen lustigen Sketch aufgeführt.;Vor zwei Wochen hat Karl wieder einen lustigen Sketch gesehen, als er auf einem Comedyfestival gewesen ist.;Karl hat einmal einen lustigen Sketch gesehen.;entailment;25;aii;bi;1;neutral;once;False;;;Vor vier Wochen hat Karl vor Tina einen lustigen Sketch aufgeführt. Vor zwei Wochen hat Karl wieder einen lustigen Sketch gesehen, als er auf einem Comedyfestival gewesen ist.;Karl hat einmal einen lustigen Sketch gesehen.;jabo/bert-base-german-cased-xnli-de;entailment;1;0.022230196744203568;0.046755362302064896;0.9310144782066345
25_aii_bi1_twice_neu;Vor vier Wochen hat Karl vor Tina einen lustigen Sketch aufgeführt.;Vor zwei Wochen hat Karl wieder einen lustigen Sketch gesehen, als er auf einem Comedyfestival gewesen ist.;Karl hat mindestens zweimal einen lustigen Sketch gesehen.;unknown;25;aii;bi;1;neutral;twice;False;;;Vor vier Wochen hat Karl vor Tina einen lustigen Sketch aufgeführt. Vor zwei Wochen hat Karl wieder einen lustigen Sketch gesehen, als er auf einem Comedyfestival gewesen ist.;Karl hat mindestens zweimal einen lustigen Sketch gesehen.;jabo/bert-base-german-cased-xnli-de;entailment;0;0.04537142440676689;0.08724761009216309;0.8673809766769409
25_aii_bi1_cannot_say_neu;Vor vier Wochen hat Karl vor Tina einen lustigen Sketch aufgeführt.;Vor zwei Wochen hat Karl wieder einen lustigen Sketch gesehen, als er auf einem Comedyfestival gewesen ist.;Es lässt sich nicht sagen, wie oft Karl einen lustigen Sketch gesehen hat.;unknown;25;aii;bi;1;neutral;cannot say;False;;;Vor vier Wochen hat Karl vor Tina einen lustigen Sketch aufgeführt. Vor zwei Wochen hat Karl wieder einen lustigen Sketch gesehen, als er auf einem Comedyfestival gewesen ist.;Es lässt sich nicht sagen, wie oft Karl einen lustigen Sketch gesehen hat.;jabo/bert-base-german-cased-xnli-de;contradiction;0;0.8197380304336548;0.1360780894756317;0.04418392479419708
25_aii_bi2_once_pos;Vor vier Wochen hat Karl vor Tina einen lustigen Sketch aufgeführt.;Vor zwei Wochen hat Tina wieder einen lustigen Sketch gesehen, als sie auf einem Comedyfestival gewesen ist.;Tina hat einmal einen lustigen Sketch gesehen.;unknown;25;aii;bi;2;positive;once;False;;;Vor vier Wochen hat Karl vor Tina einen lustigen Sketch aufgeführt. Vor zwei Wochen hat Tina wieder einen lustigen Sketch gesehen, als sie auf einem Comedyfestival gewesen ist.;Tina hat einmal einen lustigen Sketch gesehen.;jabo/bert-base-german-cased-xnli-de;entailment;0;0.021503187716007233;0.04495122656226158;0.9335455894470215
25_aii_bi2_twice_pos;Vor vier Wochen hat Karl vor Tina einen lustigen Sketch aufgeführt.;Vor zwei Wochen hat Tina wieder einen lustigen Sketch gesehen, als sie auf einem Comedyfestival gewesen ist.;Tina hat mindestens zweimal einen lustigen Sketch gesehen.;entailment;25;aii;bi;2;positive;twice;False;;;Vor vier Wochen hat Karl vor Tina einen lustigen Sketch aufgeführt. Vor zwei Wochen hat Tina wieder einen lustigen Sketch gesehen, als sie auf einem Comedyfestival gewesen ist.;Tina hat mindestens zweimal einen lustigen Sketch gesehen.;jabo/bert-base-german-cased-xnli-de;entailment;1;0.04164235293865204;0.10282863676548004;0.8555290102958679
25_aii_bi2_cannot_say_pos;Vor vier Wochen hat Karl vor Tina einen lustigen Sketch aufgeführt.;Vor zwei Wochen hat Tina wieder einen lustigen Sketch gesehen, als sie auf einem Comedyfestival gewesen ist.;Es lässt sich nicht sagen, wie oft Tina einen lustigen Sketch gesehen hat.;unknown;25;aii;bi;2;positive;cannot say;False;;;Vor vier Wochen hat Karl vor Tina einen lustigen Sketch aufgeführt. Vor zwei Wochen hat Tina wieder einen lustigen Sketch gesehen, als sie auf einem Comedyfestival gewesen ist.;Es lässt sich nicht sagen, wie oft Tina einen lustigen Sketch gesehen hat.;jabo/bert-base-german-cased-xnli-de;contradiction;0;0.7712246775627136;0.18379150331020355;0.04498377442359924
25_aii_bii1_once_pos;Vor vier Wochen hat Karl vor Tina einen lustigen Sketch aufgeführt.;Vor zwei Wochen hat Karl wieder einen lustigen Sketch dargeboten, als er auf einem Comedyfestival gewesen ist.;Karl hat einmal einen lustigen Sketch dargeboten.;unknown;25;aii;bii;1;positive;once;False;;;Vor vier Wochen hat Karl vor Tina einen lustigen Sketch aufgeführt. Vor zwei Wochen hat Karl wieder einen lustigen Sketch dargeboten, als er auf einem Comedyfestival gewesen ist.;Karl hat einmal einen lustigen Sketch dargeboten.;jabo/bert-base-german-cased-xnli-de;entailment;0;0.021359624341130257;0.04545579105615616;0.9331845641136169
25_aii_bii1_twice_pos;Vor vier Wochen hat Karl vor Tina einen lustigen Sketch aufgeführt.;Vor zwei Wochen hat Karl wieder einen lustigen Sketch dargeboten, als er auf einem Comedyfestival gewesen ist.;Karl hat mindestens zweimal einen lustigen Sketch dargeboten.;entailment;25;aii;bii;1;positive;twice;False;;;Vor vier Wochen hat Karl vor Tina einen lustigen Sketch aufgeführt. Vor zwei Wochen hat Karl wieder einen lustigen Sketch dargeboten, als er auf einem Comedyfestival gewesen ist.;Karl hat mindestens zweimal einen lustigen Sketch dargeboten.;jabo/bert-base-german-cased-xnli-de;entailment;1;0.04091441258788109;0.10635171085596085;0.852733850479126
25_aii_bii1_cannot_say_pos;Vor vier Wochen hat Karl vor Tina einen lustigen Sketch aufgeführt.;Vor zwei Wochen hat Karl wieder einen lustigen Sketch dargeboten, als er auf einem Comedyfestival gewesen ist.;Es lässt sich nicht sagen, wie oft Karl einen lustigen Sketch dargeboten hat.;unknown;25;aii;bii;1;positive;cannot say;False;;;Vor vier Wochen hat Karl vor Tina einen lustigen Sketch aufgeführt. Vor zwei Wochen hat Karl wieder einen lustigen Sketch dargeboten, als er auf einem Comedyfestival gewesen ist.;Es lässt sich nicht sagen, wie oft Karl einen lustigen Sketch dargeboten hat.;jabo/bert-base-german-cased-xnli-de;contradiction;0;0.8419778943061829;0.12896320223808289;0.029058903455734253
25_aii_bii2_once_neu;Vor vier Wochen hat Karl vor Tina einen lustigen Sketch aufgeführt.;Vor zwei Wochen hat Tina wieder einen lustigen Sketch dargeboten, als sie auf einem Comedyfestival gewesen ist.;Tina hat einmal einen lustigen Sketch dargeboten.;entailment;25;aii;bii;2;neutral;once;False;;;Vor vier Wochen hat Karl vor Tina einen lustigen Sketch aufgeführt. Vor zwei Wochen hat Tina wieder einen lustigen Sketch dargeboten, als sie auf einem Comedyfestival gewesen ist.;Tina hat einmal einen lustigen Sketch dargeboten.;jabo/bert-base-german-cased-xnli-de;entailment;1;0.02059352584183216;0.04448172077536583;0.9349247813224792
25_aii_bii2_twice_neu;Vor vier Wochen hat Karl vor Tina einen lustigen Sketch aufgeführt.;Vor zwei Wochen hat Tina wieder einen lustigen Sketch dargeboten, als sie auf einem Comedyfestival gewesen ist.;Tina hat mindestens zweimal einen lustigen Sketch dargeboten.;unknown;25;aii;bii;2;neutral;twice;False;;;Vor vier Wochen hat Karl vor Tina einen lustigen Sketch aufgeführt. Vor zwei Wochen hat Tina wieder einen lustigen Sketch dargeboten, als sie auf einem Comedyfestival gewesen ist.;Tina hat mindestens zweimal einen lustigen Sketch dargeboten.;jabo/bert-base-german-cased-xnli-de;entailment;0;0.04160993918776512;0.122948057949543;0.8354420065879822
25_aii_bii2_cannot_say_neu;Vor vier Wochen hat Karl vor Tina einen lustigen Sketch aufgeführt.;Vor zwei Wochen hat Tina wieder einen lustigen Sketch dargeboten, als sie auf einem Comedyfestival gewesen ist.;Es lässt sich nicht sagen, wie oft Tina einen lustigen Sketch dargeboten hat.;unknown;25;aii;bii;2;neutral;cannot say;False;;;Vor vier Wochen hat Karl vor Tina einen lustigen Sketch aufgeführt. Vor zwei Wochen hat Tina wieder einen lustigen Sketch dargeboten, als sie auf einem Comedyfestival gewesen ist.;Es lässt sich nicht sagen, wie oft Tina einen lustigen Sketch dargeboten hat.;jabo/bert-base-german-cased-xnli-de;contradiction;0;0.8682518005371094;0.11390025168657303;0.01784798502922058
26_ai_bi1_once_pos;Vorletzten Monat hat Sabine Tina eine neue Gitarrensaite besorgt.;Vor drei Tagen hat Tina wieder eine neue Gitarrensaite erhalten, als sie mit einem Freund einkaufen war.;Tina hat einmal eine neue Gitarrensaite erhalten.;unknown;26;ai;bi;1;positive;once;False;;;Vorletzten Monat hat Sabine Tina eine neue Gitarrensaite besorgt. Vor drei Tagen hat Tina wieder eine neue Gitarrensaite erhalten, als sie mit einem Freund einkaufen war.;Tina hat einmal eine neue Gitarrensaite erhalten.;jabo/bert-base-german-cased-xnli-de;entailment;0;0.023351026698946953;0.05484236404299736;0.9218066334724426
26_ai_bi1_twice_pos;Vorletzten Monat hat Sabine Tina eine neue Gitarrensaite besorgt.;Vor drei Tagen hat Tina wieder eine neue Gitarrensaite erhalten, als sie mit einem Freund einkaufen war.;Tina hat mindestens zweimal eine neue Gitarrensaite erhalten.;entailment;26;ai;bi;1;positive;twice;False;;;Vorletzten Monat hat Sabine Tina eine neue Gitarrensaite besorgt. Vor drei Tagen hat Tina wieder eine neue Gitarrensaite erhalten, als sie mit einem Freund einkaufen war.;Tina hat mindestens zweimal eine neue Gitarrensaite erhalten.;jabo/bert-base-german-cased-xnli-de;entailment;1;0.2362392395734787;0.25729259848594666;0.5064681172370911
26_ai_bi1_cannot_say_pos;Vorletzten Monat hat Sabine Tina eine neue Gitarrensaite besorgt.;Vor drei Tagen hat Tina wieder eine neue Gitarrensaite erhalten, als sie mit einem Freund einkaufen war.;Es lässt sich nicht sagen, wie oft Tina eine neue Gitarrensaite erhalten hat.;unknown;26;ai;bi;1;positive;cannot say;False;;;Vorletzten Monat hat Sabine Tina eine neue Gitarrensaite besorgt. Vor drei Tagen hat Tina wieder eine neue Gitarrensaite erhalten, als sie mit einem Freund einkaufen war.;Es lässt sich nicht sagen, wie oft Tina eine neue Gitarrensaite erhalten hat.;jabo/bert-base-german-cased-xnli-de;contradiction;0;0.7433293461799622;0.20730039477348328;0.049370259046554565
26_ai_bi2_once_neu;Vorletzten Monat hat Sabine Tina eine neue Gitarrensaite besorgt.;Vor drei Tagen hat Sabine wieder eine neue Gitarrensaite erhalten, als sie mit einem Freund einkaufen war.;Sabine hat einmal eine neue Gitarrensaite erhalten.;entailment;26;ai;bi;2;neutral;once;False;;;Vorletzten Monat hat Sabine Tina eine neue Gitarrensaite besorgt. Vor drei Tagen hat Sabine wieder eine neue Gitarrensaite erhalten, als sie mit einem Freund einkaufen war.;Sabine hat einmal eine neue Gitarrensaite erhalten.;jabo/bert-base-german-cased-xnli-de;entailment;1;0.0241580531001091;0.06264504045248032;0.9131969213485718
26_ai_bi2_twice_neu;Vorletzten Monat hat Sabine Tina eine neue Gitarrensaite besorgt.;Vor drei Tagen hat Sabine wieder eine neue Gitarrensaite erhalten, als sie mit einem Freund einkaufen war.;Sabine hat mindestens zweimal eine neue Gitarrensaite erhalten.;unknown;26;ai;bi;2;neutral;twice;False;;;Vorletzten Monat hat Sabine Tina eine neue Gitarrensaite besorgt. Vor drei Tagen hat Sabine wieder eine neue Gitarrensaite erhalten, als sie mit einem Freund einkaufen war.;Sabine hat mindestens zweimal eine neue Gitarrensaite erhalten.;jabo/bert-base-german-cased-xnli-de;entailment;0;0.10657473653554916;0.1122797429561615;0.7811455726623535
26_ai_bi2_cannot_say_neu;Vorletzten Monat hat Sabine Tina eine neue Gitarrensaite besorgt.;Vor drei Tagen hat Sabine wieder eine neue Gitarrensaite erhalten, als sie mit einem Freund einkaufen war.;Es lässt sich nicht sagen, wie oft Sabine eine neue Gitarrensaite erhalten hat.;unknown;26;ai;bi;2;neutral;cannot say;False;;;Vorletzten Monat hat Sabine Tina eine neue Gitarrensaite besorgt. Vor drei Tagen hat Sabine wieder eine neue Gitarrensaite erhalten, als sie mit einem Freund einkaufen war.;Es lässt sich nicht sagen, wie oft Sabine eine neue Gitarrensaite erhalten hat.;jabo/bert-base-german-cased-xnli-de;contradiction;0;0.8611886501312256;0.1112053245306015;0.027606012299656868
26_ai_bii1_once_neu;Vorletzten Monat hat Sabine Tina eine neue Gitarrensaite besorgt.;Vor drei Tagen hat Tina wieder eine neue Gitarrensaite gekauft, als sie mit einem Freund einkaufen war.;Tina hat einmal eine neue Gitarrensaite gekauft.;entailment;26;ai;bii;1;neutral;once;False;;;Vorletzten Monat hat Sabine Tina eine neue Gitarrensaite besorgt. Vor drei Tagen hat Tina wieder eine neue Gitarrensaite gekauft, als sie mit einem Freund einkaufen war.;Tina hat einmal eine neue Gitarrensaite gekauft.;jabo/bert-base-german-cased-xnli-de;entailment;1;0.02523086778819561;0.05641520768404007;0.9183538556098938
26_ai_bii1_twice_neu;Vorletzten Monat hat Sabine Tina eine neue Gitarrensaite besorgt.;Vor drei Tagen hat Tina wieder eine neue Gitarrensaite gekauft, als sie mit einem Freund einkaufen war.;Tina hat mindestens zweimal eine neue Gitarrensaite gekauft.;unknown;26;ai;bii;1;neutral;twice;False;;;Vorletzten Monat hat Sabine Tina eine neue Gitarrensaite besorgt. Vor drei Tagen hat Tina wieder eine neue Gitarrensaite gekauft, als sie mit einem Freund einkaufen war.;Tina hat mindestens zweimal eine neue Gitarrensaite gekauft.;jabo/bert-base-german-cased-xnli-de;entailment;0;0.36542952060699463;0.15014030039310455;0.4844301640987396
26_ai_bii1_cannot_say_neu;Vorletzten Monat hat Sabine Tina eine neue Gitarrensaite besorgt.;Vor drei Tagen hat Tina wieder eine neue Gitarrensaite gekauft, als sie mit einem Freund einkaufen war.;Es lässt sich nicht sagen, wie oft Tina eine neue Gitarrensaite gekauft hat.;unknown;26;ai;bii;1;neutral;cannot say;False;;;Vorletzten Monat hat Sabine Tina eine neue Gitarrensaite besorgt. Vor drei Tagen hat Tina wieder eine neue Gitarrensaite gekauft, als sie mit einem Freund einkaufen war.;Es lässt sich nicht sagen, wie oft Tina eine neue Gitarrensaite gekauft hat.;jabo/bert-base-german-cased-xnli-de;contradiction;0;0.7498186826705933;0.19612722098827362;0.05405409261584282
26_ai_bii2_once_pos;Vorletzten Monat hat Sabine Tina eine neue Gitarrensaite besorgt.;Vor drei Tagen hat Sabine wieder eine neue Gitarrensaite gekauft, als sie mit einem Freund einkaufen war.;Sabine hat einmal eine neue Gitarrensaite gekauft.;unknown;26;ai;bii;2;positive;once;False;;;Vorletzten Monat hat Sabine Tina eine neue Gitarrensaite besorgt. Vor drei Tagen hat Sabine wieder eine neue Gitarrensaite gekauft, als sie mit einem Freund einkaufen war.;Sabine hat einmal eine neue Gitarrensaite gekauft.;jabo/bert-base-german-cased-xnli-de;entailment;0;0.02298201434314251;0.051897209137678146;0.9251208305358887
26_ai_bii2_twice_pos;Vorletzten Monat hat Sabine Tina eine neue Gitarrensaite besorgt.;Vor drei Tagen hat Sabine wieder eine neue Gitarrensaite gekauft, als sie mit einem Freund einkaufen war.;Sabine hat mindestens zweimal eine neue Gitarrensaite gekauft.;entailment;26;ai;bii;2;positive;twice;False;;;Vorletzten Monat hat Sabine Tina eine neue Gitarrensaite besorgt. Vor drei Tagen hat Sabine wieder eine neue Gitarrensaite gekauft, als sie mit einem Freund einkaufen war.;Sabine hat mindestens zweimal eine neue Gitarrensaite gekauft.;jabo/bert-base-german-cased-xnli-de;entailment;1;0.15887439250946045;0.12572726607322693;0.715398371219635
26_ai_bii2_cannot_say_pos;Vorletzten Monat hat Sabine Tina eine neue Gitarrensaite besorgt.;Vor drei Tagen hat Sabine wieder eine neue Gitarrensaite gekauft, als sie mit einem Freund einkaufen war.;Es lässt sich nicht sagen, wie oft Sabine eine neue Gitarrensaite gekauft hat.;unknown;26;ai;bii;2;positive;cannot say;False;;;Vorletzten Monat hat Sabine Tina eine neue Gitarrensaite besorgt. Vor drei Tagen hat Sabine wieder eine neue Gitarrensaite gekauft, als sie mit einem Freund einkaufen war.;Es lässt sich nicht sagen, wie oft Sabine eine neue Gitarrensaite gekauft hat.;jabo/bert-base-german-cased-xnli-de;contradiction;0;0.8526503443717957;0.11307737976312637;0.03427226468920708
26_aii_bi1_once_neu;Vorletzten Monat hat Tina Sabine eine neue Gitarrensaite besorgt.;Vor drei Tagen hat Tina wieder eine neue Gitarrensaite erhalten, als sie mit einem Freund einkaufen war.;Tina hat einmal eine neue Gitarrensaite erhalten.;entailment;26;aii;bi;1;neutral;once;False;;;Vorletzten Monat hat Tina Sabine eine neue Gitarrensaite besorgt. Vor drei Tagen hat Tina wieder eine neue Gitarrensaite erhalten, als sie mit einem Freund einkaufen war.;Tina hat einmal eine neue Gitarrensaite erhalten.;jabo/bert-base-german-cased-xnli-de;entailment;1;0.023399516940116882;0.05458533763885498;0.9220151305198669
26_aii_bi1_twice_neu;Vorletzten Monat hat Tina Sabine eine neue Gitarrensaite besorgt.;Vor drei Tagen hat Tina wieder eine neue Gitarrensaite erhalten, als sie mit einem Freund einkaufen war.;Tina hat mindestens zweimal eine neue Gitarrensaite erhalten.;unknown;26;aii;bi;1;neutral;twice;False;;;Vorletzten Monat hat Tina Sabine eine neue Gitarrensaite besorgt. Vor drei Tagen hat Tina wieder eine neue Gitarrensaite erhalten, als sie mit einem Freund einkaufen war.;Tina hat mindestens zweimal eine neue Gitarrensaite erhalten.;jabo/bert-base-german-cased-xnli-de;entailment;0;0.25541555881500244;0.24706198275089264;0.4975225329399109
26_aii_bi1_cannot_say_neu;Vorletzten Monat hat Tina Sabine eine neue Gitarrensaite besorgt.;Vor drei Tagen hat Tina wieder eine neue Gitarrensaite erhalten, als sie mit einem Freund einkaufen war.;Es lässt sich nicht sagen, wie oft Tina eine neue Gitarrensaite erhalten hat.;unknown;26;aii;bi;1;neutral;cannot say;False;;;Vorletzten Monat hat Tina Sabine eine neue Gitarrensaite besorgt. Vor drei Tagen hat Tina wieder eine neue Gitarrensaite erhalten, als sie mit einem Freund einkaufen war.;Es lässt sich nicht sagen, wie oft Tina eine neue Gitarrensaite erhalten hat.;jabo/bert-base-german-cased-xnli-de;contradiction;0;0.7406995296478271;0.2074807733297348;0.05181965231895447
26_aii_bi2_once_pos;Vorletzten Monat hat Tina Sabine eine neue Gitarrensaite besorgt.;Vor drei Tagen hat Sabine wieder eine neue Gitarrensaite erhalten, als sie mit einem Freund einkaufen war.;Sabine hat einmal eine neue Gitarrensaite erhalten.;unknown;26;aii;bi;2;positive;once;False;;;Vorletzten Monat hat Tina Sabine eine neue Gitarrensaite besorgt. Vor drei Tagen hat Sabine wieder eine neue Gitarrensaite erhalten, als sie mit einem Freund einkaufen war.;Sabine hat einmal eine neue Gitarrensaite erhalten.;jabo/bert-base-german-cased-xnli-de;entailment;0;0.023667534813284874;0.05700398236513138;0.919328510761261
26_aii_bi2_twice_pos;Vorletzten Monat hat Tina Sabine eine neue Gitarrensaite besorgt.;Vor drei Tagen hat Sabine wieder eine neue Gitarrensaite erhalten, als sie mit einem Freund einkaufen war.;Sabine hat mindestens zweimal eine neue Gitarrensaite erhalten.;entailment;26;aii;bi;2;positive;twice;False;;;Vorletzten Monat hat Tina Sabine eine neue Gitarrensaite besorgt. Vor drei Tagen hat Sabine wieder eine neue Gitarrensaite erhalten, als sie mit einem Freund einkaufen war.;Sabine hat mindestens zweimal eine neue Gitarrensaite erhalten.;jabo/bert-base-german-cased-xnli-de;entailment;1;0.10887973755598068;0.11273863911628723;0.7783816456794739
26_aii_bi2_cannot_say_pos;Vorletzten Monat hat Tina Sabine eine neue Gitarrensaite besorgt.;Vor drei Tagen hat Sabine wieder eine neue Gitarrensaite erhalten, als sie mit einem Freund einkaufen war.;Es lässt sich nicht sagen, wie oft Sabine eine neue Gitarrensaite erhalten hat.;unknown;26;aii;bi;2;positive;cannot say;False;;;Vorletzten Monat hat Tina Sabine eine neue Gitarrensaite besorgt. Vor drei Tagen hat Sabine wieder eine neue Gitarrensaite erhalten, als sie mit einem Freund einkaufen war.;Es lässt sich nicht sagen, wie oft Sabine eine neue Gitarrensaite erhalten hat.;jabo/bert-base-german-cased-xnli-de;contradiction;0;0.8611966371536255;0.11139682680368423;0.027406545355916023
26_aii_bii1_once_pos;Vorletzten Monat hat Tina Sabine eine neue Gitarrensaite besorgt.;Vor drei Tagen hat Tina wieder eine neue Gitarrensaite gekauft, als sie mit einem Freund einkaufen war.;Tina hat einmal eine neue Gitarrensaite gekauft.;unknown;26;aii;bii;1;positive;once;False;;;Vorletzten Monat hat Tina Sabine eine neue Gitarrensaite besorgt. Vor drei Tagen hat Tina wieder eine neue Gitarrensaite gekauft, als sie mit einem Freund einkaufen war.;Tina hat einmal eine neue Gitarrensaite gekauft.;jabo/bert-base-german-cased-xnli-de;entailment;0;0.025081688538193703;0.05585334077477455;0.9190649390220642
26_aii_bii1_twice_pos;Vorletzten Monat hat Tina Sabine eine neue Gitarrensaite besorgt.;Vor drei Tagen hat Tina wieder eine neue Gitarrensaite gekauft, als sie mit einem Freund einkaufen war.;Tina hat mindestens zweimal eine neue Gitarrensaite gekauft.;entailment;26;aii;bii;1;positive;twice;False;;;Vorletzten Monat hat Tina Sabine eine neue Gitarrensaite besorgt. Vor drei Tagen hat Tina wieder eine neue Gitarrensaite gekauft, als sie mit einem Freund einkaufen war.;Tina hat mindestens zweimal eine neue Gitarrensaite gekauft.;jabo/bert-base-german-cased-xnli-de;entailment;1;0.38432133197784424;0.1520131230354309;0.46366557478904724
26_aii_bii1_cannot_say_pos;Vorletzten Monat hat Tina Sabine eine neue Gitarrensaite besorgt.;Vor drei Tagen hat Tina wieder eine neue Gitarrensaite gekauft, als sie mit einem Freund einkaufen war.;Es lässt sich nicht sagen, wie oft Tina eine neue Gitarrensaite gekauft hat.;unknown;26;aii;bii;1;positive;cannot say;False;;;Vorletzten Monat hat Tina Sabine eine neue Gitarrensaite besorgt. Vor drei Tagen hat Tina wieder eine neue Gitarrensaite gekauft, als sie mit einem Freund einkaufen war.;Es lässt sich nicht sagen, wie oft Tina eine neue Gitarrensaite gekauft hat.;jabo/bert-base-german-cased-xnli-de;contradiction;0;0.7451514601707458;0.19737012684345245;0.05747835338115692
26_aii_bii2_once_neu;Vorletzten Monat hat Tina Sabine eine neue Gitarrensaite besorgt.;Vor drei Tagen hat Sabine wieder eine neue Gitarrensaite gekauft, als sie mit einem Freund einkaufen war.;Sabine hat einmal eine neue Gitarrensaite gekauft.;entailment;26;aii;bii;2;neutral;once;False;;;Vorletzten Monat hat Tina Sabine eine neue Gitarrensaite besorgt. Vor drei Tagen hat Sabine wieder eine neue Gitarrensaite gekauft, als sie mit einem Freund einkaufen war.;Sabine hat einmal eine neue Gitarrensaite gekauft.;jabo/bert-base-german-cased-xnli-de;entailment;1;0.022729184478521347;0.05196208134293556;0.9253087043762207
26_aii_bii2_twice_neu;Vorletzten Monat hat Tina Sabine eine neue Gitarrensaite besorgt.;Vor drei Tagen hat Sabine wieder eine neue Gitarrensaite gekauft, als sie mit einem Freund einkaufen war.;Sabine hat mindestens zweimal eine neue Gitarrensaite gekauft.;unknown;26;aii;bii;2;neutral;twice;False;;;Vorletzten Monat hat Tina Sabine eine neue Gitarrensaite besorgt. Vor drei Tagen hat Sabine wieder eine neue Gitarrensaite gekauft, als sie mit einem Freund einkaufen war.;Sabine hat mindestens zweimal eine neue Gitarrensaite gekauft.;jabo/bert-base-german-cased-xnli-de;entailment;0;0.16708050668239594;0.12862661480903625;0.704292893409729
26_aii_bii2_cannot_say_neu;Vorletzten Monat hat Tina Sabine eine neue Gitarrensaite besorgt.;Vor drei Tagen hat Sabine wieder eine neue Gitarrensaite gekauft, als sie mit einem Freund einkaufen war.;Es lässt sich nicht sagen, wie oft Sabine eine neue Gitarrensaite gekauft hat.;unknown;26;aii;bii;2;neutral;cannot say;False;;;Vorletzten Monat hat Tina Sabine eine neue Gitarrensaite besorgt. Vor drei Tagen hat Sabine wieder eine neue Gitarrensaite gekauft, als sie mit einem Freund einkaufen war.;Es lässt sich nicht sagen, wie oft Sabine eine neue Gitarrensaite gekauft hat.;jabo/bert-base-german-cased-xnli-de;contradiction;0;0.8501700758934021;0.11523418873548508;0.03459567949175835
27_ai_bi1_once_pos;Letzten Monat hat Sabine Thorsten ein schweres Paket gebracht.;Vor einer Woche hat Thorsten wieder ein schweres Paket entgegengenommen, während er an eine Geburtstagsparty gedacht hat.;Thorsten hat einmal ein schweres Paket entgegengenommen.;unknown;27;ai;bi;1;positive;once;False;;;Letzten Monat hat Sabine Thorsten ein schweres Paket gebracht. Vor einer Woche hat Thorsten wieder ein schweres Paket entgegengenommen, während er an eine Geburtstagsparty gedacht hat.;Thorsten hat einmal ein schweres Paket entgegengenommen.;jabo/bert-base-german-cased-xnli-de;entailment;0;0.02234286442399025;0.05258573964238167;0.9250713586807251
27_ai_bi1_twice_pos;Letzten Monat hat Sabine Thorsten ein schweres Paket gebracht.;Vor einer Woche hat Thorsten wieder ein schweres Paket entgegengenommen, während er an eine Geburtstagsparty gedacht hat.;Thorsten hat mindestens zweimal ein schweres Paket entgegengenommen.;entailment;27;ai;bi;1;positive;twice;False;;;Letzten Monat hat Sabine Thorsten ein schweres Paket gebracht. Vor einer Woche hat Thorsten wieder ein schweres Paket entgegengenommen, während er an eine Geburtstagsparty gedacht hat.;Thorsten hat mindestens zweimal ein schweres Paket entgegengenommen.;jabo/bert-base-german-cased-xnli-de;entailment;1;0.11750569194555283;0.10167710483074188;0.7808172106742859
27_ai_bi1_cannot_say_pos;Letzten Monat hat Sabine Thorsten ein schweres Paket gebracht.;Vor einer Woche hat Thorsten wieder ein schweres Paket entgegengenommen, während er an eine Geburtstagsparty gedacht hat.;Es lässt sich nicht sagen, wie oft Thorsten ein schweres Paket entgegengenommen hat.;unknown;27;ai;bi;1;positive;cannot say;False;;;Letzten Monat hat Sabine Thorsten ein schweres Paket gebracht. Vor einer Woche hat Thorsten wieder ein schweres Paket entgegengenommen, während er an eine Geburtstagsparty gedacht hat.;Es lässt sich nicht sagen, wie oft Thorsten ein schweres Paket entgegengenommen hat.;jabo/bert-base-german-cased-xnli-de;contradiction;0;0.710401177406311;0.19094310700893402;0.09865570068359375
27_ai_bi2_once_neu;Letzten Monat hat Sabine Thorsten ein schweres Paket gebracht.;Vor einer Woche hat Sabine wieder ein schweres Paket entgegengenommen, während sie an eine Geburtstagsparty gedacht hat.;Sabine hat einmal ein schweres Paket entgegengenommen.;entailment;27;ai;bi;2;neutral;once;False;;;Letzten Monat hat Sabine Thorsten ein schweres Paket gebracht. Vor einer Woche hat Sabine wieder ein schweres Paket entgegengenommen, während sie an eine Geburtstagsparty gedacht hat.;Sabine hat einmal ein schweres Paket entgegengenommen.;jabo/bert-base-german-cased-xnli-de;entailment;1;0.020897580310702324;0.04898061975836754;0.9301218390464783
27_ai_bi2_twice_neu;Letzten Monat hat Sabine Thorsten ein schweres Paket gebracht.;Vor einer Woche hat Sabine wieder ein schweres Paket entgegengenommen, während sie an eine Geburtstagsparty gedacht hat.;Sabine hat mindestens zweimal ein schweres Paket entgegengenommen.;unknown;27;ai;bi;2;neutral;twice;False;;;Letzten Monat hat Sabine Thorsten ein schweres Paket gebracht. Vor einer Woche hat Sabine wieder ein schweres Paket entgegengenommen, während sie an eine Geburtstagsparty gedacht hat.;Sabine hat mindestens zweimal ein schweres Paket entgegengenommen.;jabo/bert-base-german-cased-xnli-de;entailment;0;0.08668772876262665;0.09590532630681992;0.817406952381134
27_ai_bi2_cannot_say_neu;Letzten Monat hat Sabine Thorsten ein schweres Paket gebracht.;Vor einer Woche hat Sabine wieder ein schweres Paket entgegengenommen, während sie an eine Geburtstagsparty gedacht hat.;Es lässt sich nicht sagen, wie oft Sabine ein schweres Paket entgegengenommen hat.;unknown;27;ai;bi;2;neutral;cannot say;False;;;Letzten Monat hat Sabine Thorsten ein schweres Paket gebracht. Vor einer Woche hat Sabine wieder ein schweres Paket entgegengenommen, während sie an eine Geburtstagsparty gedacht hat.;Es lässt sich nicht sagen, wie oft Sabine ein schweres Paket entgegengenommen hat.;jabo/bert-base-german-cased-xnli-de;contradiction;0;0.811601459980011;0.14011725783348083;0.04828127101063728
27_ai_bii1_once_neu;Letzten Monat hat Sabine Thorsten ein schweres Paket gebracht.;Vor einer Woche hat Thorsten wieder ein schweres Paket abgegeben, während er an eine Geburtstagsparty gedacht hat.;Thorsten hat einmal ein schweres Paket abgegeben.;entailment;27;ai;bii;1;neutral;once;False;;;Letzten Monat hat Sabine Thorsten ein schweres Paket gebracht. Vor einer Woche hat Thorsten wieder ein schweres Paket abgegeben, während er an eine Geburtstagsparty gedacht hat.;Thorsten hat einmal ein schweres Paket abgegeben.;jabo/bert-base-german-cased-xnli-de;entailment;1;0.019934767857193947;0.053918663412332535;0.9261466264724731
27_ai_bii1_twice_neu;Letzten Monat hat Sabine Thorsten ein schweres Paket gebracht.;Vor einer Woche hat Thorsten wieder ein schweres Paket abgegeben, während er an eine Geburtstagsparty gedacht hat.;Thorsten hat mindestens zweimal ein schweres Paket abgegeben.;unknown;27;ai;bii;1;neutral;twice;False;;;Letzten Monat hat Sabine Thorsten ein schweres Paket gebracht. Vor einer Woche hat Thorsten wieder ein schweres Paket abgegeben, während er an eine Geburtstagsparty gedacht hat.;Thorsten hat mindestens zweimal ein schweres Paket abgegeben.;jabo/bert-base-german-cased-xnli-de;entailment;0;0.11090189963579178;0.11978679150342941;0.7693113088607788
27_ai_bii1_cannot_say_neu;Letzten Monat hat Sabine Thorsten ein schweres Paket gebracht.;Vor einer Woche hat Thorsten wieder ein schweres Paket abgegeben, während er an eine Geburtstagsparty gedacht hat.;Es lässt sich nicht sagen, wie oft Thorsten ein schweres Paket abgegeben hat.;unknown;27;ai;bii;1;neutral;cannot say;False;;;Letzten Monat hat Sabine Thorsten ein schweres Paket gebracht. Vor einer Woche hat Thorsten wieder ein schweres Paket abgegeben, während er an eine Geburtstagsparty gedacht hat.;Es lässt sich nicht sagen, wie oft Thorsten ein schweres Paket abgegeben hat.;jabo/bert-base-german-cased-xnli-de;contradiction;0;0.8502599000930786;0.11685682833194733;0.03288323059678078
27_ai_bii2_once_pos;Letzten Monat hat Sabine Thorsten ein schweres Paket gebracht.;Vor einer Woche hat Sabine wieder ein schweres Paket abgegeben, während sie an eine Geburtstagsparty gedacht hat.;Sabine hat einmal ein schweres Paket abgegeben.;unknown;27;ai;bii;2;positive;once;False;;;Letzten Monat hat Sabine Thorsten ein schweres Paket gebracht. Vor einer Woche hat Sabine wieder ein schweres Paket abgegeben, während sie an eine Geburtstagsparty gedacht hat.;Sabine hat einmal ein schweres Paket abgegeben.;jabo/bert-base-german-cased-xnli-de;entailment;0;0.02022496797144413;0.052317943423986435;0.9274570345878601
27_ai_bii2_twice_pos;Letzten Monat hat Sabine Thorsten ein schweres Paket gebracht.;Vor einer Woche hat Sabine wieder ein schweres Paket abgegeben, während sie an eine Geburtstagsparty gedacht hat.;Sabine hat mindestens zweimal ein schweres Paket abgegeben.;entailment;27;ai;bii;2;positive;twice;False;;;Letzten Monat hat Sabine Thorsten ein schweres Paket gebracht. Vor einer Woche hat Sabine wieder ein schweres Paket abgegeben, während sie an eine Geburtstagsparty gedacht hat.;Sabine hat mindestens zweimal ein schweres Paket abgegeben.;jabo/bert-base-german-cased-xnli-de;entailment;1;0.12464065849781036;0.12798312306404114;0.7473762631416321
27_ai_bii2_cannot_say_pos;Letzten Monat hat Sabine Thorsten ein schweres Paket gebracht.;Vor einer Woche hat Sabine wieder ein schweres Paket abgegeben, während sie an eine Geburtstagsparty gedacht hat.;Es lässt sich nicht sagen, wie oft Sabine ein schweres Paket abgegeben hat.;unknown;27;ai;bii;2;positive;cannot say;False;;;Letzten Monat hat Sabine Thorsten ein schweres Paket gebracht. Vor einer Woche hat Sabine wieder ein schweres Paket abgegeben, während sie an eine Geburtstagsparty gedacht hat.;Es lässt sich nicht sagen, wie oft Sabine ein schweres Paket abgegeben hat.;jabo/bert-base-german-cased-xnli-de;contradiction;0;0.815333366394043;0.14280381798744202;0.041862763464450836
27_aii_bi1_once_neu;Letzten Monat hat Thorsten Sabine ein schweres Paket gebracht.;Vor einer Woche hat Thorsten wieder ein schweres Paket entgegengenommen, während er an eine Geburtstagsparty gedacht hat.;Thorsten hat einmal ein schweres Paket entgegengenommen.;entailment;27;aii;bi;1;neutral;once;False;;;Letzten Monat hat Thorsten Sabine ein schweres Paket gebracht. Vor einer Woche hat Thorsten wieder ein schweres Paket entgegengenommen, während er an eine Geburtstagsparty gedacht hat.;Thorsten hat einmal ein schweres Paket entgegengenommen.;jabo/bert-base-german-cased-xnli-de;entailment;1;0.02229265868663788;0.0520697683095932;0.9256375432014465
27_aii_bi1_twice_neu;Letzten Monat hat Thorsten Sabine ein schweres Paket gebracht.;Vor einer Woche hat Thorsten wieder ein schweres Paket entgegengenommen, während er an eine Geburtstagsparty gedacht hat.;Thorsten hat mindestens zweimal ein schweres Paket entgegengenommen.;unknown;27;aii;bi;1;neutral;twice;False;;;Letzten Monat hat Thorsten Sabine ein schweres Paket gebracht. Vor einer Woche hat Thorsten wieder ein schweres Paket entgegengenommen, während er an eine Geburtstagsparty gedacht hat.;Thorsten hat mindestens zweimal ein schweres Paket entgegengenommen.;jabo/bert-base-german-cased-xnli-de;entailment;0;0.11058016121387482;0.10198916494846344;0.7874307036399841
27_aii_bi1_cannot_say_neu;Letzten Monat hat Thorsten Sabine ein schweres Paket gebracht.;Vor einer Woche hat Thorsten wieder ein schweres Paket entgegengenommen, während er an eine Geburtstagsparty gedacht hat.;Es lässt sich nicht sagen, wie oft Thorsten ein schweres Paket entgegengenommen hat.;unknown;27;aii;bi;1;neutral;cannot say;False;;;Letzten Monat hat Thorsten Sabine ein schweres Paket gebracht. Vor einer Woche hat Thorsten wieder ein schweres Paket entgegengenommen, während er an eine Geburtstagsparty gedacht hat.;Es lässt sich nicht sagen, wie oft Thorsten ein schweres Paket entgegengenommen hat.;jabo/bert-base-german-cased-xnli-de;contradiction;0;0.7117568850517273;0.19134929776191711;0.09689382463693619
27_aii_bi2_once_pos;Letzten Monat hat Thorsten Sabine ein schweres Paket gebracht.;Vor einer Woche hat Sabine wieder ein schweres Paket entgegengenommen, während sie an eine Geburtstagsparty gedacht hat.;Sabine hat einmal ein schweres Paket entgegengenommen.;unknown;27;aii;bi;2;positive;once;False;;;Letzten Monat hat Thorsten Sabine ein schweres Paket gebracht. Vor einer Woche hat Sabine wieder ein schweres Paket entgegengenommen, während sie an eine Geburtstagsparty gedacht hat.;Sabine hat einmal ein schweres Paket entgegengenommen.;jabo/bert-base-german-cased-xnli-de;entailment;0;0.020807385444641113;0.049414943903684616;0.9297777414321899
27_aii_bi2_twice_pos;Letzten Monat hat Thorsten Sabine ein schweres Paket gebracht.;Vor einer Woche hat Sabine wieder ein schweres Paket entgegengenommen, während sie an eine Geburtstagsparty gedacht hat.;Sabine hat mindestens zweimal ein schweres Paket entgegengenommen.;entailment;27;aii;bi;2;positive;twice;False;;;Letzten Monat hat Thorsten Sabine ein schweres Paket gebracht. Vor einer Woche hat Sabine wieder ein schweres Paket entgegengenommen, während sie an eine Geburtstagsparty gedacht hat.;Sabine hat mindestens zweimal ein schweres Paket entgegengenommen.;jabo/bert-base-german-cased-xnli-de;entailment;1;0.08828962594270706;0.09979835152626038;0.8119120001792908
27_aii_bi2_cannot_say_pos;Letzten Monat hat Thorsten Sabine ein schweres Paket gebracht.;Vor einer Woche hat Sabine wieder ein schweres Paket entgegengenommen, während sie an eine Geburtstagsparty gedacht hat.;Es lässt sich nicht sagen, wie oft Sabine ein schweres Paket entgegengenommen hat.;unknown;27;aii;bi;2;positive;cannot say;False;;;Letzten Monat hat Thorsten Sabine ein schweres Paket gebracht. Vor einer Woche hat Sabine wieder ein schweres Paket entgegengenommen, während sie an eine Geburtstagsparty gedacht hat.;Es lässt sich nicht sagen, wie oft Sabine ein schweres Paket entgegengenommen hat.;jabo/bert-base-german-cased-xnli-de;contradiction;0;0.8135042190551758;0.1403549760580063;0.04614083468914032
27_aii_bii1_once_pos;Letzten Monat hat Thorsten Sabine ein schweres Paket gebracht.;Vor einer Woche hat Thorsten wieder ein schweres Paket abgegeben, während er an eine Geburtstagsparty gedacht hat.;Thorsten hat einmal ein schweres Paket abgegeben.;unknown;27;aii;bii;1;positive;once;False;;;Letzten Monat hat Thorsten Sabine ein schweres Paket gebracht. Vor einer Woche hat Thorsten wieder ein schweres Paket abgegeben, während er an eine Geburtstagsparty gedacht hat.;Thorsten hat einmal ein schweres Paket abgegeben.;jabo/bert-base-german-cased-xnli-de;entailment;0;0.02002144046127796;0.05283050984144211;0.9271479845046997
27_aii_bii1_twice_pos;Letzten Monat hat Thorsten Sabine ein schweres Paket gebracht.;Vor einer Woche hat Thorsten wieder ein schweres Paket abgegeben, während er an eine Geburtstagsparty gedacht hat.;Thorsten hat mindestens zweimal ein schweres Paket abgegeben.;entailment;27;aii;bii;1;positive;twice;False;;;Letzten Monat hat Thorsten Sabine ein schweres Paket gebracht. Vor einer Woche hat Thorsten wieder ein schweres Paket abgegeben, während er an eine Geburtstagsparty gedacht hat.;Thorsten hat mindestens zweimal ein schweres Paket abgegeben.;jabo/bert-base-german-cased-xnli-de;entailment;1;0.10199867933988571;0.1152813583612442;0.7827199101448059
27_aii_bii1_cannot_say_pos;Letzten Monat hat Thorsten Sabine ein schweres Paket gebracht.;Vor einer Woche hat Thorsten wieder ein schweres Paket abgegeben, während er an eine Geburtstagsparty gedacht hat.;Es lässt sich nicht sagen, wie oft Thorsten ein schweres Paket abgegeben hat.;unknown;27;aii;bii;1;positive;cannot say;False;;;Letzten Monat hat Thorsten Sabine ein schweres Paket gebracht. Vor einer Woche hat Thorsten wieder ein schweres Paket abgegeben, während er an eine Geburtstagsparty gedacht hat.;Es lässt sich nicht sagen, wie oft Thorsten ein schweres Paket abgegeben hat.;jabo/bert-base-german-cased-xnli-de;contradiction;0;0.8549822568893433;0.11321830749511719;0.03179943561553955
27_aii_bii2_once_neu;Letzten Monat hat Thorsten Sabine ein schweres Paket gebracht.;Vor einer Woche hat Sabine wieder ein schweres Paket abgegeben, während sie an eine Geburtstagsparty gedacht hat.;Sabine hat einmal ein schweres Paket abgegeben.;entailment;27;aii;bii;2;neutral;once;False;;;Letzten Monat hat Thorsten Sabine ein schweres Paket gebracht. Vor einer Woche hat Sabine wieder ein schweres Paket abgegeben, während sie an eine Geburtstagsparty gedacht hat.;Sabine hat einmal ein schweres Paket abgegeben.;jabo/bert-base-german-cased-xnli-de;entailment;1;0.020096616819500923;0.05174464359879494;0.9281587600708008
27_aii_bii2_twice_neu;Letzten Monat hat Thorsten Sabine ein schweres Paket gebracht.;Vor einer Woche hat Sabine wieder ein schweres Paket abgegeben, während sie an eine Geburtstagsparty gedacht hat.;Sabine hat mindestens zweimal ein schweres Paket abgegeben.;unknown;27;aii;bii;2;neutral;twice;False;;;Letzten Monat hat Thorsten Sabine ein schweres Paket gebracht. Vor einer Woche hat Sabine wieder ein schweres Paket abgegeben, während sie an eine Geburtstagsparty gedacht hat.;Sabine hat mindestens zweimal ein schweres Paket abgegeben.;jabo/bert-base-german-cased-xnli-de;entailment;0;0.12252471596002579;0.1375979483127594;0.7398773431777954
27_aii_bii2_cannot_say_neu;Letzten Monat hat Thorsten Sabine ein schweres Paket gebracht.;Vor einer Woche hat Sabine wieder ein schweres Paket abgegeben, während sie an eine Geburtstagsparty gedacht hat.;Es lässt sich nicht sagen, wie oft Sabine ein schweres Paket abgegeben hat.;unknown;27;aii;bii;2;neutral;cannot say;False;;;Letzten Monat hat Thorsten Sabine ein schweres Paket gebracht. Vor einer Woche hat Sabine wieder ein schweres Paket abgegeben, während sie an eine Geburtstagsparty gedacht hat.;Es lässt sich nicht sagen, wie oft Sabine ein schweres Paket abgegeben hat.;jabo/bert-base-german-cased-xnli-de;contradiction;0;0.8130186796188354;0.1463235467672348;0.04065779596567154
28_ai_bi1_once_pos;Letztes Jahr hat Sabine Karl einen guten Wein per Post geschickt.;Vor zwei Monaten hat Karl wieder einen guten Wein empfangen, weil er bei einem Weinhändler eingekauft hat.;Karl hat einmal einen guten Wein empfangen.;unknown;28;ai;bi;1;positive;once;False;;;Letztes Jahr hat Sabine Karl einen guten Wein per Post geschickt. Vor zwei Monaten hat Karl wieder einen guten Wein empfangen, weil er bei einem Weinhändler eingekauft hat.;Karl hat einmal einen guten Wein empfangen.;jabo/bert-base-german-cased-xnli-de;entailment;0;0.018631979823112488;0.04552685096859932;0.9358412027359009
28_ai_bi1_twice_pos;Letztes Jahr hat Sabine Karl einen guten Wein per Post geschickt.;Vor zwei Monaten hat Karl wieder einen guten Wein empfangen, weil er bei einem Weinhändler eingekauft hat.;Karl hat mindestens zweimal einen guten Wein empfangen.;entailment;28;ai;bi;1;positive;twice;False;;;Letztes Jahr hat Sabine Karl einen guten Wein per Post geschickt. Vor zwei Monaten hat Karl wieder einen guten Wein empfangen, weil er bei einem Weinhändler eingekauft hat.;Karl hat mindestens zweimal einen guten Wein empfangen.;jabo/bert-base-german-cased-xnli-de;entailment;1;0.03319241479039192;0.12497027963399887;0.8418372869491577
28_ai_bi1_cannot_say_pos;Letztes Jahr hat Sabine Karl einen guten Wein per Post geschickt.;Vor zwei Monaten hat Karl wieder einen guten Wein empfangen, weil er bei einem Weinhändler eingekauft hat.;Es lässt sich nicht sagen, wie oft Karl einen guten Wein empfangen hat.;unknown;28;ai;bi;1;positive;cannot say;False;;;Letztes Jahr hat Sabine Karl einen guten Wein per Post geschickt. Vor zwei Monaten hat Karl wieder einen guten Wein empfangen, weil er bei einem Weinhändler eingekauft hat.;Es lässt sich nicht sagen, wie oft Karl einen guten Wein empfangen hat.;jabo/bert-base-german-cased-xnli-de;contradiction;0;0.8509110808372498;0.13324999809265137;0.01583890989422798
28_ai_bi2_once_neu;Letztes Jahr hat Sabine Karl einen guten Wein per Post geschickt.;Vor zwei Monaten hat Sabine wieder einen guten Wein empfangen, weil sie bei einem Weinhändler eingekauft hat.;Sabine hat einmal einen guten Wein empfangen.;entailment;28;ai;bi;2;neutral;once;False;;;Letztes Jahr hat Sabine Karl einen guten Wein per Post geschickt. Vor zwei Monaten hat Sabine wieder einen guten Wein empfangen, weil sie bei einem Weinhändler eingekauft hat.;Sabine hat einmal einen guten Wein empfangen.;jabo/bert-base-german-cased-xnli-de;entailment;1;0.018122971057891846;0.046040963381528854;0.9358360767364502
28_ai_bi2_twice_neu;Letztes Jahr hat Sabine Karl einen guten Wein per Post geschickt.;Vor zwei Monaten hat Sabine wieder einen guten Wein empfangen, weil sie bei einem Weinhändler eingekauft hat.;Sabine hat mindestens zweimal einen guten Wein empfangen.;unknown;28;ai;bi;2;neutral;twice;False;;;Letztes Jahr hat Sabine Karl einen guten Wein per Post geschickt. Vor zwei Monaten hat Sabine wieder einen guten Wein empfangen, weil sie bei einem Weinhändler eingekauft hat.;Sabine hat mindestens zweimal einen guten Wein empfangen.;jabo/bert-base-german-cased-xnli-de;entailment;0;0.03302093967795372;0.12251371890306473;0.8444653749465942
28_ai_bi2_cannot_say_neu;Letztes Jahr hat Sabine Karl einen guten Wein per Post geschickt.;Vor zwei Monaten hat Sabine wieder einen guten Wein empfangen, weil sie bei einem Weinhändler eingekauft hat.;Es lässt sich nicht sagen, wie oft Sabine einen guten Wein empfangen hat.;unknown;28;ai;bi;2;neutral;cannot say;False;;;Letztes Jahr hat Sabine Karl einen guten Wein per Post geschickt. Vor zwei Monaten hat Sabine wieder einen guten Wein empfangen, weil sie bei einem Weinhändler eingekauft hat.;Es lässt sich nicht sagen, wie oft Sabine einen guten Wein empfangen hat.;jabo/bert-base-german-cased-xnli-de;contradiction;0;0.8677384257316589;0.11878652125597;0.013474998995661736
28_ai_bii1_once_neu;Letztes Jahr hat Sabine Karl einen guten Wein per Post geschickt.;Vor zwei Monaten hat Karl wieder einen guten Wein versendet, weil er bei einem Weinhändler eingekauft hat.;Karl hat einmal einen guten Wein versendet.;entailment;28;ai;bii;1;neutral;once;False;;;Letztes Jahr hat Sabine Karl einen guten Wein per Post geschickt. Vor zwei Monaten hat Karl wieder einen guten Wein versendet, weil er bei einem Weinhändler eingekauft hat.;Karl hat einmal einen guten Wein versendet.;jabo/bert-base-german-cased-xnli-de;entailment;1;0.019654041156172752;0.046847645193338394;0.9334983229637146
28_ai_bii1_twice_neu;Letztes Jahr hat Sabine Karl einen guten Wein per Post geschickt.;Vor zwei Monaten hat Karl wieder einen guten Wein versendet, weil er bei einem Weinhändler eingekauft hat.;Karl hat mindestens zweimal einen guten Wein versendet.;unknown;28;ai;bii;1;neutral;twice;False;;;Letztes Jahr hat Sabine Karl einen guten Wein per Post geschickt. Vor zwei Monaten hat Karl wieder einen guten Wein versendet, weil er bei einem Weinhändler eingekauft hat.;Karl hat mindestens zweimal einen guten Wein versendet.;jabo/bert-base-german-cased-xnli-de;entailment;0;0.04763166978955269;0.11022251844406128;0.8421458601951599
28_ai_bii1_cannot_say_neu;Letztes Jahr hat Sabine Karl einen guten Wein per Post geschickt.;Vor zwei Monaten hat Karl wieder einen guten Wein versendet, weil er bei einem Weinhändler eingekauft hat.;Es lässt sich nicht sagen, wie oft Karl einen guten Wein versendet hat.;unknown;28;ai;bii;1;neutral;cannot say;False;;;Letztes Jahr hat Sabine Karl einen guten Wein per Post geschickt. Vor zwei Monaten hat Karl wieder einen guten Wein versendet, weil er bei einem Weinhändler eingekauft hat.;Es lässt sich nicht sagen, wie oft Karl einen guten Wein versendet hat.;jabo/bert-base-german-cased-xnli-de;contradiction;0;0.8927107453346252;0.09032031148672104;0.01696895621716976
28_ai_bii2_once_pos;Letztes Jahr hat Sabine Karl einen guten Wein per Post geschickt.;Vor zwei Monaten hat Sabine wieder einen guten Wein versendet, weil sie bei einem Weinhändler eingekauft hat.;Sabine hat einmal einen guten Wein versendet.;unknown;28;ai;bii;2;positive;once;False;;;Letztes Jahr hat Sabine Karl einen guten Wein per Post geschickt. Vor zwei Monaten hat Sabine wieder einen guten Wein versendet, weil sie bei einem Weinhändler eingekauft hat.;Sabine hat einmal einen guten Wein versendet.;jabo/bert-base-german-cased-xnli-de;entailment;0;0.019474279135465622;0.047047946602106094;0.9334776997566223
28_ai_bii2_twice_pos;Letztes Jahr hat Sabine Karl einen guten Wein per Post geschickt.;Vor zwei Monaten hat Sabine wieder einen guten Wein versendet, weil sie bei einem Weinhändler eingekauft hat.;Sabine hat mindestens zweimal einen guten Wein versendet.;entailment;28;ai;bii;2;positive;twice;False;;;Letztes Jahr hat Sabine Karl einen guten Wein per Post geschickt. Vor zwei Monaten hat Sabine wieder einen guten Wein versendet, weil sie bei einem Weinhändler eingekauft hat.;Sabine hat mindestens zweimal einen guten Wein versendet.;jabo/bert-base-german-cased-xnli-de;entailment;1;0.04443219676613808;0.11246780306100845;0.8431000113487244
28_ai_bii2_cannot_say_pos;Letztes Jahr hat Sabine Karl einen guten Wein per Post geschickt.;Vor zwei Monaten hat Sabine wieder einen guten Wein versendet, weil sie bei einem Weinhändler eingekauft hat.;Es lässt sich nicht sagen, wie oft Sabine einen guten Wein versendet hat.;unknown;28;ai;bii;2;positive;cannot say;False;;;Letztes Jahr hat Sabine Karl einen guten Wein per Post geschickt. Vor zwei Monaten hat Sabine wieder einen guten Wein versendet, weil sie bei einem Weinhändler eingekauft hat.;Es lässt sich nicht sagen, wie oft Sabine einen guten Wein versendet hat.;jabo/bert-base-german-cased-xnli-de;contradiction;0;0.8848573565483093;0.09874185174703598;0.016400707885622978
28_aii_bi1_once_neu;Letztes Jahr hat Karl Sabine einen guten Wein per Post geschickt.;Vor zwei Monaten hat Karl wieder einen guten Wein empfangen, weil er bei einem Weinhändler eingekauft hat.;Karl hat einmal einen guten Wein empfangen.;entailment;28;aii;bi;1;neutral;once;False;;;Letztes Jahr hat Karl Sabine einen guten Wein per Post geschickt. Vor zwei Monaten hat Karl wieder einen guten Wein empfangen, weil er bei einem Weinhändler eingekauft hat.;Karl hat einmal einen guten Wein empfangen.;jabo/bert-base-german-cased-xnli-de;entailment;1;0.018689708784222603;0.045867569744586945;0.9354427456855774
28_aii_bi1_twice_neu;Letztes Jahr hat Karl Sabine einen guten Wein per Post geschickt.;Vor zwei Monaten hat Karl wieder einen guten Wein empfangen, weil er bei einem Weinhändler eingekauft hat.;Karl hat mindestens zweimal einen guten Wein empfangen.;unknown;28;aii;bi;1;neutral;twice;False;;;Letztes Jahr hat Karl Sabine einen guten Wein per Post geschickt. Vor zwei Monaten hat Karl wieder einen guten Wein empfangen, weil er bei einem Weinhändler eingekauft hat.;Karl hat mindestens zweimal einen guten Wein empfangen.;jabo/bert-base-german-cased-xnli-de;entailment;0;0.03284803777933121;0.12216081470251083;0.844991147518158
28_aii_bi1_cannot_say_neu;Letztes Jahr hat Karl Sabine einen guten Wein per Post geschickt.;Vor zwei Monaten hat Karl wieder einen guten Wein empfangen, weil er bei einem Weinhändler eingekauft hat.;Es lässt sich nicht sagen, wie oft Karl einen guten Wein empfangen hat.;unknown;28;aii;bi;1;neutral;cannot say;False;;;Letztes Jahr hat Karl Sabine einen guten Wein per Post geschickt. Vor zwei Monaten hat Karl wieder einen guten Wein empfangen, weil er bei einem Weinhändler eingekauft hat.;Es lässt sich nicht sagen, wie oft Karl einen guten Wein empfangen hat.;jabo/bert-base-german-cased-xnli-de;contradiction;0;0.8603437542915344;0.12411841005086899;0.015537829138338566
28_aii_bi2_once_pos;Letztes Jahr hat Karl Sabine einen guten Wein per Post geschickt.;Vor zwei Monaten hat Sabine wieder einen guten Wein empfangen, weil sie bei einem Weinhändler eingekauft hat.;Sabine hat einmal einen guten Wein empfangen.;unknown;28;aii;bi;2;positive;once;False;;;Letztes Jahr hat Karl Sabine einen guten Wein per Post geschickt. Vor zwei Monaten hat Sabine wieder einen guten Wein empfangen, weil sie bei einem Weinhändler eingekauft hat.;Sabine hat einmal einen guten Wein empfangen.;jabo/bert-base-german-cased-xnli-de;entailment;0;0.018120883032679558;0.04601658880710602;0.9358626008033752
28_aii_bi2_twice_pos;Letztes Jahr hat Karl Sabine einen guten Wein per Post geschickt.;Vor zwei Monaten hat Sabine wieder einen guten Wein empfangen, weil sie bei einem Weinhändler eingekauft hat.;Sabine hat mindestens zweimal einen guten Wein empfangen.;entailment;28;aii;bi;2;positive;twice;False;;;Letztes Jahr hat Karl Sabine einen guten Wein per Post geschickt. Vor zwei Monaten hat Sabine wieder einen guten Wein empfangen, weil sie bei einem Weinhändler eingekauft hat.;Sabine hat mindestens zweimal einen guten Wein empfangen.;jabo/bert-base-german-cased-xnli-de;entailment;1;0.03194435313344002;0.12250920385122299;0.8455464243888855
28_aii_bi2_cannot_say_pos;Letztes Jahr hat Karl Sabine einen guten Wein per Post geschickt.;Vor zwei Monaten hat Sabine wieder einen guten Wein empfangen, weil sie bei einem Weinhändler eingekauft hat.;Es lässt sich nicht sagen, wie oft Sabine einen guten Wein empfangen hat.;unknown;28;aii;bi;2;positive;cannot say;False;;;Letztes Jahr hat Karl Sabine einen guten Wein per Post geschickt. Vor zwei Monaten hat Sabine wieder einen guten Wein empfangen, weil sie bei einem Weinhändler eingekauft hat.;Es lässt sich nicht sagen, wie oft Sabine einen guten Wein empfangen hat.;jabo/bert-base-german-cased-xnli-de;contradiction;0;0.870600700378418;0.1158275157213211;0.013571790419518948
28_aii_bii1_once_pos;Letztes Jahr hat Karl Sabine einen guten Wein per Post geschickt.;Vor zwei Monaten hat Karl wieder einen guten Wein versendet, weil er bei einem Weinhändler eingekauft hat.;Karl hat einmal einen guten Wein versendet.;unknown;28;aii;bii;1;positive;once;False;;;Letztes Jahr hat Karl Sabine einen guten Wein per Post geschickt. Vor zwei Monaten hat Karl wieder einen guten Wein versendet, weil er bei einem Weinhändler eingekauft hat.;Karl hat einmal einen guten Wein versendet.;jabo/bert-base-german-cased-xnli-de;entailment;0;0.019619077444076538;0.047029945999383926;0.9333510398864746
28_aii_bii1_twice_pos;Letztes Jahr hat Karl Sabine einen guten Wein per Post geschickt.;Vor zwei Monaten hat Karl wieder einen guten Wein versendet, weil er bei einem Weinhändler eingekauft hat.;Karl hat mindestens zweimal einen guten Wein versendet.;entailment;28;aii;bii;1;positive;twice;False;;;Letztes Jahr hat Karl Sabine einen guten Wein per Post geschickt. Vor zwei Monaten hat Karl wieder einen guten Wein versendet, weil er bei einem Weinhändler eingekauft hat.;Karl hat mindestens zweimal einen guten Wein versendet.;jabo/bert-base-german-cased-xnli-de;entailment;1;0.04646798223257065;0.10870901495218277;0.8448230624198914
28_aii_bii1_cannot_say_pos;Letztes Jahr hat Karl Sabine einen guten Wein per Post geschickt.;Vor zwei Monaten hat Karl wieder einen guten Wein versendet, weil er bei einem Weinhändler eingekauft hat.;Es lässt sich nicht sagen, wie oft Karl einen guten Wein versendet hat.;unknown;28;aii;bii;1;positive;cannot say;False;;;Letztes Jahr hat Karl Sabine einen guten Wein per Post geschickt. Vor zwei Monaten hat Karl wieder einen guten Wein versendet, weil er bei einem Weinhändler eingekauft hat.;Es lässt sich nicht sagen, wie oft Karl einen guten Wein versendet hat.;jabo/bert-base-german-cased-xnli-de;contradiction;0;0.891782283782959;0.0909702256321907;0.017247533425688744
28_aii_bii2_once_neu;Letztes Jahr hat Karl Sabine einen guten Wein per Post geschickt.;Vor zwei Monaten hat Sabine wieder einen guten Wein versendet, weil sie bei einem Weinhändler eingekauft hat.;Sabine hat einmal einen guten Wein versendet.;entailment;28;aii;bii;2;neutral;once;False;;;Letztes Jahr hat Karl Sabine einen guten Wein per Post geschickt. Vor zwei Monaten hat Sabine wieder einen guten Wein versendet, weil sie bei einem Weinhändler eingekauft hat.;Sabine hat einmal einen guten Wein versendet.;jabo/bert-base-german-cased-xnli-de;entailment;1;0.019528213888406754;0.0470450222492218;0.9334267377853394
28_aii_bii2_twice_neu;Letztes Jahr hat Karl Sabine einen guten Wein per Post geschickt.;Vor zwei Monaten hat Sabine wieder einen guten Wein versendet, weil sie bei einem Weinhändler eingekauft hat.;Sabine hat mindestens zweimal einen guten Wein versendet.;unknown;28;aii;bii;2;neutral;twice;False;;;Letztes Jahr hat Karl Sabine einen guten Wein per Post geschickt. Vor zwei Monaten hat Sabine wieder einen guten Wein versendet, weil sie bei einem Weinhändler eingekauft hat.;Sabine hat mindestens zweimal einen guten Wein versendet.;jabo/bert-base-german-cased-xnli-de;entailment;0;0.04299800470471382;0.11244460195302963;0.8445573449134827
28_aii_bii2_cannot_say_neu;Letztes Jahr hat Karl Sabine einen guten Wein per Post geschickt.;Vor zwei Monaten hat Sabine wieder einen guten Wein versendet, weil sie bei einem Weinhändler eingekauft hat.;Es lässt sich nicht sagen, wie oft Sabine einen guten Wein versendet hat.;unknown;28;aii;bii;2;neutral;cannot say;False;;;Letztes Jahr hat Karl Sabine einen guten Wein per Post geschickt. Vor zwei Monaten hat Sabine wieder einen guten Wein versendet, weil sie bei einem Weinhändler eingekauft hat.;Es lässt sich nicht sagen, wie oft Sabine einen guten Wein versendet hat.;jabo/bert-base-german-cased-xnli-de;contradiction;0;0.8843207955360413;0.09912880510091782;0.016550417989492416
29_ai_bi1_once_pos;Vergangene Woche hat Sabine Judith eine knusprige Brezel vom Bäcker mitgebracht.;Vor zwei Tagen hat Judith wieder eine knusprige Brezel bekommen, als sie auf einer Lebensmittelmesse unterwegs war.;Judith hat einmal eine knusprige Brezel bekommen.;unknown;29;ai;bi;1;positive;once;False;;;Vergangene Woche hat Sabine Judith eine knusprige Brezel vom Bäcker mitgebracht. Vor zwei Tagen hat Judith wieder eine knusprige Brezel bekommen, als sie auf einer Lebensmittelmesse unterwegs war.;Judith hat einmal eine knusprige Brezel bekommen.;jabo/bert-base-german-cased-xnli-de;entailment;0;0.020382342860102654;0.05669107288122177;0.9229266047477722
29_ai_bi1_twice_pos;Vergangene Woche hat Sabine Judith eine knusprige Brezel vom Bäcker mitgebracht.;Vor zwei Tagen hat Judith wieder eine knusprige Brezel bekommen, als sie auf einer Lebensmittelmesse unterwegs war.;Judith hat mindestens zweimal eine knusprige Brezel bekommen.;entailment;29;ai;bi;1;positive;twice;False;;;Vergangene Woche hat Sabine Judith eine knusprige Brezel vom Bäcker mitgebracht. Vor zwei Tagen hat Judith wieder eine knusprige Brezel bekommen, als sie auf einer Lebensmittelmesse unterwegs war.;Judith hat mindestens zweimal eine knusprige Brezel bekommen.;jabo/bert-base-german-cased-xnli-de;entailment;1;0.02101985178887844;0.0961669310927391;0.8828132748603821
29_ai_bi1_cannot_say_pos;Vergangene Woche hat Sabine Judith eine knusprige Brezel vom Bäcker mitgebracht.;Vor zwei Tagen hat Judith wieder eine knusprige Brezel bekommen, als sie auf einer Lebensmittelmesse unterwegs war.;Es lässt sich nicht sagen, wie oft Judith eine knusprige Brezel bekommen hat.;unknown;29;ai;bi;1;positive;cannot say;False;;;Vergangene Woche hat Sabine Judith eine knusprige Brezel vom Bäcker mitgebracht. Vor zwei Tagen hat Judith wieder eine knusprige Brezel bekommen, als sie auf einer Lebensmittelmesse unterwegs war.;Es lässt sich nicht sagen, wie oft Judith eine knusprige Brezel bekommen hat.;jabo/bert-base-german-cased-xnli-de;contradiction;0;0.7688222527503967;0.20284362137317657;0.028334077447652817
29_ai_bi2_once_neu;Vergangene Woche hat Sabine Judith eine knusprige Brezel vom Bäcker mitgebracht.;Vor zwei Tagen hat Sabine wieder eine knusprige Brezel bekommen, als sie auf einer Lebensmittelmesse unterwegs war.;Sabine hat einmal eine knusprige Brezel bekommen.;entailment;29;ai;bi;2;neutral;once;False;;;Vergangene Woche hat Sabine Judith eine knusprige Brezel vom Bäcker mitgebracht. Vor zwei Tagen hat Sabine wieder eine knusprige Brezel bekommen, als sie auf einer Lebensmittelmesse unterwegs war.;Sabine hat einmal eine knusprige Brezel bekommen.;jabo/bert-base-german-cased-xnli-de;entailment;1;0.02095578797161579;0.05161958187818527;0.9274246692657471
29_ai_bi2_twice_neu;Vergangene Woche hat Sabine Judith eine knusprige Brezel vom Bäcker mitgebracht.;Vor zwei Tagen hat Sabine wieder eine knusprige Brezel bekommen, als sie auf einer Lebensmittelmesse unterwegs war.;Sabine hat mindestens zweimal eine knusprige Brezel bekommen.;unknown;29;ai;bi;2;neutral;twice;False;;;Vergangene Woche hat Sabine Judith eine knusprige Brezel vom Bäcker mitgebracht. Vor zwei Tagen hat Sabine wieder eine knusprige Brezel bekommen, als sie auf einer Lebensmittelmesse unterwegs war.;Sabine hat mindestens zweimal eine knusprige Brezel bekommen.;jabo/bert-base-german-cased-xnli-de;entailment;0;0.0331474170088768;0.12539885938167572;0.8414537310600281
29_ai_bi2_cannot_say_neu;Vergangene Woche hat Sabine Judith eine knusprige Brezel vom Bäcker mitgebracht.;Vor zwei Tagen hat Sabine wieder eine knusprige Brezel bekommen, als sie auf einer Lebensmittelmesse unterwegs war.;Es lässt sich nicht sagen, wie oft Sabine eine knusprige Brezel bekommen hat.;unknown;29;ai;bi;2;neutral;cannot say;False;;;Vergangene Woche hat Sabine Judith eine knusprige Brezel vom Bäcker mitgebracht. Vor zwei Tagen hat Sabine wieder eine knusprige Brezel bekommen, als sie auf einer Lebensmittelmesse unterwegs war.;Es lässt sich nicht sagen, wie oft Sabine eine knusprige Brezel bekommen hat.;jabo/bert-base-german-cased-xnli-de;contradiction;0;0.8101000785827637;0.16401813924312592;0.025881798937916756
29_ai_bii1_once_neu;Vergangene Woche hat Sabine Judith eine knusprige Brezel vom Bäcker mitgebracht.;Vor zwei Tagen hat Judith wieder eine knusprige Brezel besorgt, als sie auf einer Lebensmittelmesse unterwegs war.;Judith hat einmal eine knusprige Brezel besorgt.;entailment;29;ai;bii;1;neutral;once;False;;;Vergangene Woche hat Sabine Judith eine knusprige Brezel vom Bäcker mitgebracht. Vor zwei Tagen hat Judith wieder eine knusprige Brezel besorgt, als sie auf einer Lebensmittelmesse unterwegs war.;Judith hat einmal eine knusprige Brezel besorgt.;jabo/bert-base-german-cased-xnli-de;entailment;1;0.019245237112045288;0.06284058094024658;0.9179141521453857
29_ai_bii1_twice_neu;Vergangene Woche hat Sabine Judith eine knusprige Brezel vom Bäcker mitgebracht.;Vor zwei Tagen hat Judith wieder eine knusprige Brezel besorgt, als sie auf einer Lebensmittelmesse unterwegs war.;Judith hat mindestens zweimal eine knusprige Brezel besorgt.;unknown;29;ai;bii;1;neutral;twice;False;;;Vergangene Woche hat Sabine Judith eine knusprige Brezel vom Bäcker mitgebracht. Vor zwei Tagen hat Judith wieder eine knusprige Brezel besorgt, als sie auf einer Lebensmittelmesse unterwegs war.;Judith hat mindestens zweimal eine knusprige Brezel besorgt.;jabo/bert-base-german-cased-xnli-de;entailment;0;0.021424613893032074;0.11011652648448944;0.8684588074684143
29_ai_bii1_cannot_say_neu;Vergangene Woche hat Sabine Judith eine knusprige Brezel vom Bäcker mitgebracht.;Vor zwei Tagen hat Judith wieder eine knusprige Brezel besorgt, als sie auf einer Lebensmittelmesse unterwegs war.;Es lässt sich nicht sagen, wie oft Judith eine knusprige Brezel besorgt hat.;unknown;29;ai;bii;1;neutral;cannot say;False;;;Vergangene Woche hat Sabine Judith eine knusprige Brezel vom Bäcker mitgebracht. Vor zwei Tagen hat Judith wieder eine knusprige Brezel besorgt, als sie auf einer Lebensmittelmesse unterwegs war.;Es lässt sich nicht sagen, wie oft Judith eine knusprige Brezel besorgt hat.;jabo/bert-base-german-cased-xnli-de;contradiction;0;0.7871732115745544;0.18346382677555084;0.029362989589571953
29_ai_bii2_once_pos;Vergangene Woche hat Sabine Judith eine knusprige Brezel vom Bäcker mitgebracht.;Vor zwei Tagen hat Sabine wieder eine knusprige Brezel besorgt, als sie auf einer Lebensmittelmesse unterwegs war.;Sabine hat einmal eine knusprige Brezel besorgt.;unknown;29;ai;bii;2;positive;once;False;;;Vergangene Woche hat Sabine Judith eine knusprige Brezel vom Bäcker mitgebracht. Vor zwei Tagen hat Sabine wieder eine knusprige Brezel besorgt, als sie auf einer Lebensmittelmesse unterwegs war.;Sabine hat einmal eine knusprige Brezel besorgt.;jabo/bert-base-german-cased-xnli-de;entailment;0;0.019610431045293808;0.055921342223882675;0.9244682192802429
29_ai_bii2_twice_pos;Vergangene Woche hat Sabine Judith eine knusprige Brezel vom Bäcker mitgebracht.;Vor zwei Tagen hat Sabine wieder eine knusprige Brezel besorgt, als sie auf einer Lebensmittelmesse unterwegs war.;Sabine hat mindestens zweimal eine knusprige Brezel besorgt.;entailment;29;ai;bii;2;positive;twice;False;;;Vergangene Woche hat Sabine Judith eine knusprige Brezel vom Bäcker mitgebracht. Vor zwei Tagen hat Sabine wieder eine knusprige Brezel besorgt, als sie auf einer Lebensmittelmesse unterwegs war.;Sabine hat mindestens zweimal eine knusprige Brezel besorgt.;jabo/bert-base-german-cased-xnli-de;entailment;1;0.02951691672205925;0.11708744615316391;0.8533956408500671
29_ai_bii2_cannot_say_pos;Vergangene Woche hat Sabine Judith eine knusprige Brezel vom Bäcker mitgebracht.;Vor zwei Tagen hat Sabine wieder eine knusprige Brezel besorgt, als sie auf einer Lebensmittelmesse unterwegs war.;Es lässt sich nicht sagen, wie oft Sabine eine knusprige Brezel besorgt hat.;unknown;29;ai;bii;2;positive;cannot say;False;;;Vergangene Woche hat Sabine Judith eine knusprige Brezel vom Bäcker mitgebracht. Vor zwei Tagen hat Sabine wieder eine knusprige Brezel besorgt, als sie auf einer Lebensmittelmesse unterwegs war.;Es lässt sich nicht sagen, wie oft Sabine eine knusprige Brezel besorgt hat.;jabo/bert-base-german-cased-xnli-de;contradiction;0;0.7837958931922913;0.18063190579414368;0.03557219356298447
29_aii_bi1_once_neu;Vergangene Woche hat Judith Sabine eine knusprige Brezel vom Bäcker mitgebracht.;Vor zwei Tagen hat Judith wieder eine knusprige Brezel bekommen, als sie auf einer Lebensmittelmesse unterwegs war.;Judith hat einmal eine knusprige Brezel bekommen.;entailment;29;aii;bi;1;neutral;once;False;;;Vergangene Woche hat Judith Sabine eine knusprige Brezel vom Bäcker mitgebracht. Vor zwei Tagen hat Judith wieder eine knusprige Brezel bekommen, als sie auf einer Lebensmittelmesse unterwegs war.;Judith hat einmal eine knusprige Brezel bekommen.;jabo/bert-base-german-cased-xnli-de;entailment;1;0.020304489880800247;0.05596330761909485;0.9237322211265564
29_aii_bi1_twice_neu;Vergangene Woche hat Judith Sabine eine knusprige Brezel vom Bäcker mitgebracht.;Vor zwei Tagen hat Judith wieder eine knusprige Brezel bekommen, als sie auf einer Lebensmittelmesse unterwegs war.;Judith hat mindestens zweimal eine knusprige Brezel bekommen.;unknown;29;aii;bi;1;neutral;twice;False;;;Vergangene Woche hat Judith Sabine eine knusprige Brezel vom Bäcker mitgebracht. Vor zwei Tagen hat Judith wieder eine knusprige Brezel bekommen, als sie auf einer Lebensmittelmesse unterwegs war.;Judith hat mindestens zweimal eine knusprige Brezel bekommen.;jabo/bert-base-german-cased-xnli-de;entailment;0;0.021078769117593765;0.10178946703672409;0.8771318197250366
29_aii_bi1_cannot_say_neu;Vergangene Woche hat Judith Sabine eine knusprige Brezel vom Bäcker mitgebracht.;Vor zwei Tagen hat Judith wieder eine knusprige Brezel bekommen, als sie auf einer Lebensmittelmesse unterwegs war.;Es lässt sich nicht sagen, wie oft Judith eine knusprige Brezel bekommen hat.;unknown;29;aii;bi;1;neutral;cannot say;False;;;Vergangene Woche hat Judith Sabine eine knusprige Brezel vom Bäcker mitgebracht. Vor zwei Tagen hat Judith wieder eine knusprige Brezel bekommen, als sie auf einer Lebensmittelmesse unterwegs war.;Es lässt sich nicht sagen, wie oft Judith eine knusprige Brezel bekommen hat.;jabo/bert-base-german-cased-xnli-de;contradiction;0;0.7684274315834045;0.20318879187107086;0.028383780270814896
29_aii_bi2_once_pos;Vergangene Woche hat Judith Sabine eine knusprige Brezel vom Bäcker mitgebracht.;Vor zwei Tagen hat Sabine wieder eine knusprige Brezel bekommen, als sie auf einer Lebensmittelmesse unterwegs war.;Sabine hat einmal eine knusprige Brezel bekommen.;unknown;29;aii;bi;2;positive;once;False;;;Vergangene Woche hat Judith Sabine eine knusprige Brezel vom Bäcker mitgebracht. Vor zwei Tagen hat Sabine wieder eine knusprige Brezel bekommen, als sie auf einer Lebensmittelmesse unterwegs war.;Sabine hat einmal eine knusprige Brezel bekommen.;jabo/bert-base-german-cased-xnli-de;entailment;0;0.02077534794807434;0.051345422863960266;0.9278792142868042
29_aii_bi2_twice_pos;Vergangene Woche hat Judith Sabine eine knusprige Brezel vom Bäcker mitgebracht.;Vor zwei Tagen hat Sabine wieder eine knusprige Brezel bekommen, als sie auf einer Lebensmittelmesse unterwegs war.;Sabine hat mindestens zweimal eine knusprige Brezel bekommen.;entailment;29;aii;bi;2;positive;twice;False;;;Vergangene Woche hat Judith Sabine eine knusprige Brezel vom Bäcker mitgebracht. Vor zwei Tagen hat Sabine wieder eine knusprige Brezel bekommen, als sie auf einer Lebensmittelmesse unterwegs war.;Sabine hat mindestens zweimal eine knusprige Brezel bekommen.;jabo/bert-base-german-cased-xnli-de;entailment;1;0.03195071592926979;0.12819935381412506;0.8398499488830566
29_aii_bi2_cannot_say_pos;Vergangene Woche hat Judith Sabine eine knusprige Brezel vom Bäcker mitgebracht.;Vor zwei Tagen hat Sabine wieder eine knusprige Brezel bekommen, als sie auf einer Lebensmittelmesse unterwegs war.;Es lässt sich nicht sagen, wie oft Sabine eine knusprige Brezel bekommen hat.;unknown;29;aii;bi;2;positive;cannot say;False;;;Vergangene Woche hat Judith Sabine eine knusprige Brezel vom Bäcker mitgebracht. Vor zwei Tagen hat Sabine wieder eine knusprige Brezel bekommen, als sie auf einer Lebensmittelmesse unterwegs war.;Es lässt sich nicht sagen, wie oft Sabine eine knusprige Brezel bekommen hat.;jabo/bert-base-german-cased-xnli-de;contradiction;0;0.8093657493591309;0.1647014319896698;0.025932850316166878
29_aii_bii1_once_pos;Vergangene Woche hat Judith Sabine eine knusprige Brezel vom Bäcker mitgebracht.;Vor zwei Tagen hat Judith wieder eine knusprige Brezel besorgt, als sie auf einer Lebensmittelmesse unterwegs war.;Judith hat einmal eine knusprige Brezel besorgt.;unknown;29;aii;bii;1;positive;once;False;;;Vergangene Woche hat Judith Sabine eine knusprige Brezel vom Bäcker mitgebracht. Vor zwei Tagen hat Judith wieder eine knusprige Brezel besorgt, als sie auf einer Lebensmittelmesse unterwegs war.;Judith hat einmal eine knusprige Brezel besorgt.;jabo/bert-base-german-cased-xnli-de;entailment;0;0.019100770354270935;0.06311266124248505;0.9177865982055664
29_aii_bii1_twice_pos;Vergangene Woche hat Judith Sabine eine knusprige Brezel vom Bäcker mitgebracht.;Vor zwei Tagen hat Judith wieder eine knusprige Brezel besorgt, als sie auf einer Lebensmittelmesse unterwegs war.;Judith hat mindestens zweimal eine knusprige Brezel besorgt.;entailment;29;aii;bii;1;positive;twice;False;;;Vergangene Woche hat Judith Sabine eine knusprige Brezel vom Bäcker mitgebracht. Vor zwei Tagen hat Judith wieder eine knusprige Brezel besorgt, als sie auf einer Lebensmittelmesse unterwegs war.;Judith hat mindestens zweimal eine knusprige Brezel besorgt.;jabo/bert-base-german-cased-xnli-de;entailment;1;0.021849440410733223;0.1183491125702858;0.8598014116287231
29_aii_bii1_cannot_say_pos;Vergangene Woche hat Judith Sabine eine knusprige Brezel vom Bäcker mitgebracht.;Vor zwei Tagen hat Judith wieder eine knusprige Brezel besorgt, als sie auf einer Lebensmittelmesse unterwegs war.;Es lässt sich nicht sagen, wie oft Judith eine knusprige Brezel besorgt hat.;unknown;29;aii;bii;1;positive;cannot say;False;;;Vergangene Woche hat Judith Sabine eine knusprige Brezel vom Bäcker mitgebracht. Vor zwei Tagen hat Judith wieder eine knusprige Brezel besorgt, als sie auf einer Lebensmittelmesse unterwegs war.;Es lässt sich nicht sagen, wie oft Judith eine knusprige Brezel besorgt hat.;jabo/bert-base-german-cased-xnli-de;contradiction;0;0.7870587110519409;0.18363116681575775;0.02931005135178566
29_aii_bii2_once_neu;Vergangene Woche hat Judith Sabine eine knusprige Brezel vom Bäcker mitgebracht.;Vor zwei Tagen hat Sabine wieder eine knusprige Brezel besorgt, als sie auf einer Lebensmittelmesse unterwegs war.;Sabine hat einmal eine knusprige Brezel besorgt.;entailment;29;aii;bii;2;neutral;once;False;;;Vergangene Woche hat Judith Sabine eine knusprige Brezel vom Bäcker mitgebracht. Vor zwei Tagen hat Sabine wieder eine knusprige Brezel besorgt, als sie auf einer Lebensmittelmesse unterwegs war.;Sabine hat einmal eine knusprige Brezel besorgt.;jabo/bert-base-german-cased-xnli-de;entailment;1;0.019420655444264412;0.05603455379605293;0.9245448708534241
29_aii_bii2_twice_neu;Vergangene Woche hat Judith Sabine eine knusprige Brezel vom Bäcker mitgebracht.;Vor zwei Tagen hat Sabine wieder eine knusprige Brezel besorgt, als sie auf einer Lebensmittelmesse unterwegs war.;Sabine hat mindestens zweimal eine knusprige Brezel besorgt.;unknown;29;aii;bii;2;neutral;twice;False;;;Vergangene Woche hat Judith Sabine eine knusprige Brezel vom Bäcker mitgebracht. Vor zwei Tagen hat Sabine wieder eine knusprige Brezel besorgt, als sie auf einer Lebensmittelmesse unterwegs war.;Sabine hat mindestens zweimal eine knusprige Brezel besorgt.;jabo/bert-base-german-cased-xnli-de;entailment;0;0.02850823663175106;0.11851145327091217;0.8529802560806274
29_aii_bii2_cannot_say_neu;Vergangene Woche hat Judith Sabine eine knusprige Brezel vom Bäcker mitgebracht.;Vor zwei Tagen hat Sabine wieder eine knusprige Brezel besorgt, als sie auf einer Lebensmittelmesse unterwegs war.;Es lässt sich nicht sagen, wie oft Sabine eine knusprige Brezel besorgt hat.;unknown;29;aii;bii;2;neutral;cannot say;False;;;Vergangene Woche hat Judith Sabine eine knusprige Brezel vom Bäcker mitgebracht. Vor zwei Tagen hat Sabine wieder eine knusprige Brezel besorgt, als sie auf einer Lebensmittelmesse unterwegs war.;Es lässt sich nicht sagen, wie oft Sabine eine knusprige Brezel besorgt hat.;jabo/bert-base-german-cased-xnli-de;contradiction;0;0.7818533778190613;0.1827869415283203;0.03535972908139229
30_ai_bi1_once_pos;Vor zwei Wochen hat Sabine Linda angelogen.;Vor vier Tagen hat Linda wieder eine gemeine Lüge gehört, als sie an einem Streit beteiligt war.;Linda hat einmal eine gemeine Lüge gehört.;unknown;30;ai;bi;1;positive;once;False;;;Vor zwei Wochen hat Sabine Linda angelogen. Vor vier Tagen hat Linda wieder eine gemeine Lüge gehört, als sie an einem Streit beteiligt war.;Linda hat einmal eine gemeine Lüge gehört.;jabo/bert-base-german-cased-xnli-de;entailment;0;0.02432272583246231;0.05047541856765747;0.9252018332481384
30_ai_bi1_twice_pos;Vor zwei Wochen hat Sabine Linda angelogen.;Vor vier Tagen hat Linda wieder eine gemeine Lüge gehört, als sie an einem Streit beteiligt war.;Linda hat mindestens zweimal eine gemeine Lüge gehört.;entailment;30;ai;bi;1;positive;twice;False;;;Vor zwei Wochen hat Sabine Linda angelogen. Vor vier Tagen hat Linda wieder eine gemeine Lüge gehört, als sie an einem Streit beteiligt war.;Linda hat mindestens zweimal eine gemeine Lüge gehört.;jabo/bert-base-german-cased-xnli-de;entailment;1;0.031368982046842575;0.06982770562171936;0.8988033533096313
30_ai_bi1_cannot_say_pos;Vor zwei Wochen hat Sabine Linda angelogen.;Vor vier Tagen hat Linda wieder eine gemeine Lüge gehört, als sie an einem Streit beteiligt war.;Es lässt sich nicht sagen, wie oft Linda eine gemeine Lüge gehört hat.;unknown;30;ai;bi;1;positive;cannot say;False;;;Vor zwei Wochen hat Sabine Linda angelogen. Vor vier Tagen hat Linda wieder eine gemeine Lüge gehört, als sie an einem Streit beteiligt war.;Es lässt sich nicht sagen, wie oft Linda eine gemeine Lüge gehört hat.;jabo/bert-base-german-cased-xnli-de;contradiction;0;0.7788341045379639;0.184222012758255;0.036943864077329636
30_ai_bi2_once_neu;Vor zwei Wochen hat Sabine Linda angelogen.;Vor vier Tagen hat Sabine wieder eine gemeine Lüge gehört, als sie an einem Streit beteiligt war.;Sabine hat einmal eine gemeine Lüge gehört.;entailment;30;ai;bi;2;neutral;once;False;;;Vor zwei Wochen hat Sabine Linda angelogen. Vor vier Tagen hat Sabine wieder eine gemeine Lüge gehört, als sie an einem Streit beteiligt war.;Sabine hat einmal eine gemeine Lüge gehört.;jabo/bert-base-german-cased-xnli-de;entailment;1;0.026831114664673805;0.05192261189222336;0.9212462902069092
30_ai_bi2_twice_neu;Vor zwei Wochen hat Sabine Linda angelogen.;Vor vier Tagen hat Sabine wieder eine gemeine Lüge gehört, als sie an einem Streit beteiligt war.;Sabine hat mindestens zweimal eine gemeine Lüge gehört.;unknown;30;ai;bi;2;neutral;twice;False;;;Vor zwei Wochen hat Sabine Linda angelogen. Vor vier Tagen hat Sabine wieder eine gemeine Lüge gehört, als sie an einem Streit beteiligt war.;Sabine hat mindestens zweimal eine gemeine Lüge gehört.;jabo/bert-base-german-cased-xnli-de;entailment;0;0.05687612667679787;0.10016194730997086;0.8429619073867798
30_ai_bi2_cannot_say_neu;Vor zwei Wochen hat Sabine Linda angelogen.;Vor vier Tagen hat Sabine wieder eine gemeine Lüge gehört, als sie an einem Streit beteiligt war.;Es lässt sich nicht sagen, wie oft Sabine eine gemeine Lüge gehört hat.;unknown;30;ai;bi;2;neutral;cannot say;False;;;Vor zwei Wochen hat Sabine Linda angelogen. Vor vier Tagen hat Sabine wieder eine gemeine Lüge gehört, als sie an einem Streit beteiligt war.;Es lässt sich nicht sagen, wie oft Sabine eine gemeine Lüge gehört hat.;jabo/bert-base-german-cased-xnli-de;contradiction;0;0.8222373723983765;0.1528228521347046;0.024939758703112602
30_ai_bii1_once_neu;Vor zwei Wochen hat Sabine Linda angelogen.;Vor vier Tagen hat Linda wieder eine gemeine Lüge erzählt, als sie an einem Streit beteiligt war.;Linda hat einmal eine gemeine Lüge erzählt.;entailment;30;ai;bii;1;neutral;once;False;;;Vor zwei Wochen hat Sabine Linda angelogen. Vor vier Tagen hat Linda wieder eine gemeine Lüge erzählt, als sie an einem Streit beteiligt war.;Linda hat einmal eine gemeine Lüge erzählt.;jabo/bert-base-german-cased-xnli-de;entailment;1;0.025324102491140366;0.052841030061244965;0.9218348860740662
30_ai_bii1_twice_neu;Vor zwei Wochen hat Sabine Linda angelogen.;Vor vier Tagen hat Linda wieder eine gemeine Lüge erzählt, als sie an einem Streit beteiligt war.;Linda hat mindestens zweimal eine gemeine Lüge erzählt.;unknown;30;ai;bii;1;neutral;twice;False;;;Vor zwei Wochen hat Sabine Linda angelogen. Vor vier Tagen hat Linda wieder eine gemeine Lüge erzählt, als sie an einem Streit beteiligt war.;Linda hat mindestens zweimal eine gemeine Lüge erzählt.;jabo/bert-base-german-cased-xnli-de;entailment;0;0.03999725356698036;0.07673037052154541;0.8832723498344421
30_ai_bii1_cannot_say_neu;Vor zwei Wochen hat Sabine Linda angelogen.;Vor vier Tagen hat Linda wieder eine gemeine Lüge erzählt, als sie an einem Streit beteiligt war.;Es lässt sich nicht sagen, wie oft Linda eine gemeine Lüge erzählt hat.;unknown;30;ai;bii;1;neutral;cannot say;False;;;Vor zwei Wochen hat Sabine Linda angelogen. Vor vier Tagen hat Linda wieder eine gemeine Lüge erzählt, als sie an einem Streit beteiligt war.;Es lässt sich nicht sagen, wie oft Linda eine gemeine Lüge erzählt hat.;jabo/bert-base-german-cased-xnli-de;contradiction;0;0.7957369685173035;0.16093558073043823;0.04332755133509636
30_ai_bii2_once_pos;Vor zwei Wochen hat Sabine Linda angelogen.;Vor vier Tagen hat Sabine wieder eine gemeine Lüge erzählt, als sie an einem Streit beteiligt war.;Sabine hat einmal eine gemeine Lüge erzählt.;unknown;30;ai;bii;2;positive;once;False;;;Vor zwei Wochen hat Sabine Linda angelogen. Vor vier Tagen hat Sabine wieder eine gemeine Lüge erzählt, als sie an einem Streit beteiligt war.;Sabine hat einmal eine gemeine Lüge erzählt.;jabo/bert-base-german-cased-xnli-de;entailment;0;0.02925960160791874;0.05407779663801193;0.9166626334190369
30_ai_bii2_twice_pos;Vor zwei Wochen hat Sabine Linda angelogen.;Vor vier Tagen hat Sabine wieder eine gemeine Lüge erzählt, als sie an einem Streit beteiligt war.;Sabine hat mindestens zweimal eine gemeine Lüge erzählt.;entailment;30;ai;bii;2;positive;twice;False;;;Vor zwei Wochen hat Sabine Linda angelogen. Vor vier Tagen hat Sabine wieder eine gemeine Lüge erzählt, als sie an einem Streit beteiligt war.;Sabine hat mindestens zweimal eine gemeine Lüge erzählt.;jabo/bert-base-german-cased-xnli-de;entailment;1;0.05536330118775368;0.10315318405628204;0.8414835333824158
30_ai_bii2_cannot_say_pos;Vor zwei Wochen hat Sabine Linda angelogen.;Vor vier Tagen hat Sabine wieder eine gemeine Lüge erzählt, als sie an einem Streit beteiligt war.;Es lässt sich nicht sagen, wie oft Sabine eine gemeine Lüge erzählt hat.;unknown;30;ai;bii;2;positive;cannot say;False;;;Vor zwei Wochen hat Sabine Linda angelogen. Vor vier Tagen hat Sabine wieder eine gemeine Lüge erzählt, als sie an einem Streit beteiligt war.;Es lässt sich nicht sagen, wie oft Sabine eine gemeine Lüge erzählt hat.;jabo/bert-base-german-cased-xnli-de;contradiction;0;0.8192950487136841;0.1513477861881256;0.02935711294412613
30_aii_bi1_once_neu;Vor zwei Wochen hat Linda Sabine angelogen.;Vor vier Tagen hat Linda wieder eine gemeine Lüge gehört, als sie an einem Streit beteiligt war.;Linda hat einmal eine gemeine Lüge gehört.;entailment;30;aii;bi;1;neutral;once;False;;;Vor zwei Wochen hat Linda Sabine angelogen. Vor vier Tagen hat Linda wieder eine gemeine Lüge gehört, als sie an einem Streit beteiligt war.;Linda hat einmal eine gemeine Lüge gehört.;jabo/bert-base-german-cased-xnli-de;entailment;1;0.024472681805491447;0.04998517408967018;0.9255421757698059
30_aii_bi1_twice_neu;Vor zwei Wochen hat Linda Sabine angelogen.;Vor vier Tagen hat Linda wieder eine gemeine Lüge gehört, als sie an einem Streit beteiligt war.;Linda hat mindestens zweimal eine gemeine Lüge gehört.;unknown;30;aii;bi;1;neutral;twice;False;;;Vor zwei Wochen hat Linda Sabine angelogen. Vor vier Tagen hat Linda wieder eine gemeine Lüge gehört, als sie an einem Streit beteiligt war.;Linda hat mindestens zweimal eine gemeine Lüge gehört.;jabo/bert-base-german-cased-xnli-de;entailment;0;0.03324776142835617;0.07134101539850235;0.8954111933708191
30_aii_bi1_cannot_say_neu;Vor zwei Wochen hat Linda Sabine angelogen.;Vor vier Tagen hat Linda wieder eine gemeine Lüge gehört, als sie an einem Streit beteiligt war.;Es lässt sich nicht sagen, wie oft Linda eine gemeine Lüge gehört hat.;unknown;30;aii;bi;1;neutral;cannot say;False;;;Vor zwei Wochen hat Linda Sabine angelogen. Vor vier Tagen hat Linda wieder eine gemeine Lüge gehört, als sie an einem Streit beteiligt war.;Es lässt sich nicht sagen, wie oft Linda eine gemeine Lüge gehört hat.;jabo/bert-base-german-cased-xnli-de;contradiction;0;0.7732677459716797;0.18734923005104065;0.03938298299908638
30_aii_bi2_once_pos;Vor zwei Wochen hat Linda Sabine angelogen.;Vor vier Tagen hat Sabine wieder eine gemeine Lüge gehört, als sie an einem Streit beteiligt war.;Sabine hat einmal eine gemeine Lüge gehört.;unknown;30;aii;bi;2;positive;once;False;;;Vor zwei Wochen hat Linda Sabine angelogen. Vor vier Tagen hat Sabine wieder eine gemeine Lüge gehört, als sie an einem Streit beteiligt war.;Sabine hat einmal eine gemeine Lüge gehört.;jabo/bert-base-german-cased-xnli-de;entailment;0;0.02687538042664528;0.0521039143204689;0.9210207462310791
30_aii_bi2_twice_pos;Vor zwei Wochen hat Linda Sabine angelogen.;Vor vier Tagen hat Sabine wieder eine gemeine Lüge gehört, als sie an einem Streit beteiligt war.;Sabine hat mindestens zweimal eine gemeine Lüge gehört.;entailment;30;aii;bi;2;positive;twice;False;;;Vor zwei Wochen hat Linda Sabine angelogen. Vor vier Tagen hat Sabine wieder eine gemeine Lüge gehört, als sie an einem Streit beteiligt war.;Sabine hat mindestens zweimal eine gemeine Lüge gehört.;jabo/bert-base-german-cased-xnli-de;entailment;1;0.053543202579021454;0.10002279281616211;0.8464339971542358
30_aii_bi2_cannot_say_pos;Vor zwei Wochen hat Linda Sabine angelogen.;Vor vier Tagen hat Sabine wieder eine gemeine Lüge gehört, als sie an einem Streit beteiligt war.;Es lässt sich nicht sagen, wie oft Sabine eine gemeine Lüge gehört hat.;unknown;30;aii;bi;2;positive;cannot say;False;;;Vor zwei Wochen hat Linda Sabine angelogen. Vor vier Tagen hat Sabine wieder eine gemeine Lüge gehört, als sie an einem Streit beteiligt war.;Es lässt sich nicht sagen, wie oft Sabine eine gemeine Lüge gehört hat.;jabo/bert-base-german-cased-xnli-de;contradiction;0;0.8256368041038513;0.15001851320266724;0.024344686418771744
30_aii_bii1_once_pos;Vor zwei Wochen hat Linda Sabine angelogen.;Vor vier Tagen hat Linda wieder eine gemeine Lüge erzählt, als sie an einem Streit beteiligt war.;Linda hat einmal eine gemeine Lüge erzählt.;unknown;30;aii;bii;1;positive;once;False;;;Vor zwei Wochen hat Linda Sabine angelogen. Vor vier Tagen hat Linda wieder eine gemeine Lüge erzählt, als sie an einem Streit beteiligt war.;Linda hat einmal eine gemeine Lüge erzählt.;jabo/bert-base-german-cased-xnli-de;entailment;0;0.0253917183727026;0.05220687389373779;0.9224014282226562
30_aii_bii1_twice_pos;Vor zwei Wochen hat Linda Sabine angelogen.;Vor vier Tagen hat Linda wieder eine gemeine Lüge erzählt, als sie an einem Streit beteiligt war.;Linda hat mindestens zweimal eine gemeine Lüge erzählt.;entailment;30;aii;bii;1;positive;twice;False;;;Vor zwei Wochen hat Linda Sabine angelogen. Vor vier Tagen hat Linda wieder eine gemeine Lüge erzählt, als sie an einem Streit beteiligt war.;Linda hat mindestens zweimal eine gemeine Lüge erzählt.;jabo/bert-base-german-cased-xnli-de;entailment;1;0.04566707834601402;0.08139600604772568;0.8729369640350342
30_aii_bii1_cannot_say_pos;Vor zwei Wochen hat Linda Sabine angelogen.;Vor vier Tagen hat Linda wieder eine gemeine Lüge erzählt, als sie an einem Streit beteiligt war.;Es lässt sich nicht sagen, wie oft Linda eine gemeine Lüge erzählt hat.;unknown;30;aii;bii;1;positive;cannot say;False;;;Vor zwei Wochen hat Linda Sabine angelogen. Vor vier Tagen hat Linda wieder eine gemeine Lüge erzählt, als sie an einem Streit beteiligt war.;Es lässt sich nicht sagen, wie oft Linda eine gemeine Lüge erzählt hat.;jabo/bert-base-german-cased-xnli-de;contradiction;0;0.790868878364563;0.1631028950214386;0.046028174459934235
30_aii_bii2_once_neu;Vor zwei Wochen hat Linda Sabine angelogen.;Vor vier Tagen hat Sabine wieder eine gemeine Lüge erzählt, als sie an einem Streit beteiligt war.;Sabine hat einmal eine gemeine Lüge erzählt.;entailment;30;aii;bii;2;neutral;once;False;;;Vor zwei Wochen hat Linda Sabine angelogen. Vor vier Tagen hat Sabine wieder eine gemeine Lüge erzählt, als sie an einem Streit beteiligt war.;Sabine hat einmal eine gemeine Lüge erzählt.;jabo/bert-base-german-cased-xnli-de;entailment;1;0.0294655729085207;0.05423777922987938;0.916296660900116
30_aii_bii2_twice_neu;Vor zwei Wochen hat Linda Sabine angelogen.;Vor vier Tagen hat Sabine wieder eine gemeine Lüge erzählt, als sie an einem Streit beteiligt war.;Sabine hat mindestens zweimal eine gemeine Lüge erzählt.;unknown;30;aii;bii;2;neutral;twice;False;;;Vor zwei Wochen hat Linda Sabine angelogen. Vor vier Tagen hat Sabine wieder eine gemeine Lüge erzählt, als sie an einem Streit beteiligt war.;Sabine hat mindestens zweimal eine gemeine Lüge erzählt.;jabo/bert-base-german-cased-xnli-de;entailment;0;0.053373176604509354;0.1021159291267395;0.8445109128952026
30_aii_bii2_cannot_say_neu;Vor zwei Wochen hat Linda Sabine angelogen.;Vor vier Tagen hat Sabine wieder eine gemeine Lüge erzählt, als sie an einem Streit beteiligt war.;Es lässt sich nicht sagen, wie oft Sabine eine gemeine Lüge erzählt hat.;unknown;30;aii;bii;2;neutral;cannot say;False;;;Vor zwei Wochen hat Linda Sabine angelogen. Vor vier Tagen hat Sabine wieder eine gemeine Lüge erzählt, als sie an einem Streit beteiligt war.;Es lässt sich nicht sagen, wie oft Sabine eine gemeine Lüge erzählt hat.;jabo/bert-base-german-cased-xnli-de;contradiction;0;0.8231831192970276;0.14840389788150787;0.0284129548817873
31_ai_bi1_once_pos;Vor drei Wochen hat Timo Judith massiert.;Vor vier Tagen hat Judith wieder eine wohltuende Massage bekommen, während sie mit einer Freundin gelernt hat.;Judith hat einmal eine wohltuende Massage bekommen.;unknown;31;ai;bi;1;positive;once;False;;;Vor drei Wochen hat Timo Judith massiert. Vor vier Tagen hat Judith wieder eine wohltuende Massage bekommen, während sie mit einer Freundin gelernt hat.;Judith hat einmal eine wohltuende Massage bekommen.;jabo/bert-base-german-cased-xnli-de;entailment;0;0.022887136787176132;0.047612786293029785;0.9295000433921814
31_ai_bi1_twice_pos;Vor drei Wochen hat Timo Judith massiert.;Vor vier Tagen hat Judith wieder eine wohltuende Massage bekommen, während sie mit einer Freundin gelernt hat.;Judith hat mindestens zweimal eine wohltuende Massage bekommen.;entailment;31;ai;bi;1;positive;twice;False;;;Vor drei Wochen hat Timo Judith massiert. Vor vier Tagen hat Judith wieder eine wohltuende Massage bekommen, während sie mit einer Freundin gelernt hat.;Judith hat mindestens zweimal eine wohltuende Massage bekommen.;jabo/bert-base-german-cased-xnli-de;entailment;1;0.05582248419523239;0.12484610080718994;0.8193314075469971
31_ai_bi1_cannot_say_pos;Vor drei Wochen hat Timo Judith massiert.;Vor vier Tagen hat Judith wieder eine wohltuende Massage bekommen, während sie mit einer Freundin gelernt hat.;Es lässt sich nicht sagen, wie oft Judith eine wohltuende Massage bekommen hat.;unknown;31;ai;bi;1;positive;cannot say;False;;;Vor drei Wochen hat Timo Judith massiert. Vor vier Tagen hat Judith wieder eine wohltuende Massage bekommen, während sie mit einer Freundin gelernt hat.;Es lässt sich nicht sagen, wie oft Judith eine wohltuende Massage bekommen hat.;jabo/bert-base-german-cased-xnli-de;contradiction;0;0.8016067147254944;0.17305733263492584;0.025335991755127907
31_ai_bi2_once_neu;Vor drei Wochen hat Timo Judith massiert.;Vor vier Tagen hat Timo wieder eine wohltuende Massage bekommen, während er mit einer Freundin gelernt hat.;Timo hat einmal eine wohltuende Massage bekommen.;entailment;31;ai;bi;2;neutral;once;False;;;Vor drei Wochen hat Timo Judith massiert. Vor vier Tagen hat Timo wieder eine wohltuende Massage bekommen, während er mit einer Freundin gelernt hat.;Timo hat einmal eine wohltuende Massage bekommen.;jabo/bert-base-german-cased-xnli-de;entailment;1;0.022823238745331764;0.04800233617424965;0.9291744232177734
31_ai_bi2_twice_neu;Vor drei Wochen hat Timo Judith massiert.;Vor vier Tagen hat Timo wieder eine wohltuende Massage bekommen, während er mit einer Freundin gelernt hat.;Timo hat mindestens zweimal eine wohltuende Massage bekommen.;unknown;31;ai;bi;2;neutral;twice;False;;;Vor drei Wochen hat Timo Judith massiert. Vor vier Tagen hat Timo wieder eine wohltuende Massage bekommen, während er mit einer Freundin gelernt hat.;Timo hat mindestens zweimal eine wohltuende Massage bekommen.;jabo/bert-base-german-cased-xnli-de;entailment;0;0.04035751149058342;0.09601031988859177;0.8636322021484375
31_ai_bi2_cannot_say_neu;Vor drei Wochen hat Timo Judith massiert.;Vor vier Tagen hat Timo wieder eine wohltuende Massage bekommen, während er mit einer Freundin gelernt hat.;Es lässt sich nicht sagen, wie oft Timo eine wohltuende Massage bekommen hat.;unknown;31;ai;bi;2;neutral;cannot say;False;;;Vor drei Wochen hat Timo Judith massiert. Vor vier Tagen hat Timo wieder eine wohltuende Massage bekommen, während er mit einer Freundin gelernt hat.;Es lässt sich nicht sagen, wie oft Timo eine wohltuende Massage bekommen hat.;jabo/bert-base-german-cased-xnli-de;contradiction;0;0.8123875856399536;0.1668182611465454;0.020794106647372246
31_ai_bii1_once_neu;Vor drei Wochen hat Timo Judith massiert.;Vor vier Tagen hat Judith wieder eine wohltuende Massage gegeben, während sie mit einer Freundin gelernt hat.;Judith hat einmal eine wohltuende Massage gegeben.;entailment;31;ai;bii;1;neutral;once;False;;;Vor drei Wochen hat Timo Judith massiert. Vor vier Tagen hat Judith wieder eine wohltuende Massage gegeben, während sie mit einer Freundin gelernt hat.;Judith hat einmal eine wohltuende Massage gegeben.;jabo/bert-base-german-cased-xnli-de;entailment;1;0.02369316853582859;0.04948621615767479;0.9268206357955933
31_ai_bii1_twice_neu;Vor drei Wochen hat Timo Judith massiert.;Vor vier Tagen hat Judith wieder eine wohltuende Massage gegeben, während sie mit einer Freundin gelernt hat.;Judith hat mindestens zweimal eine wohltuende Massage gegeben.;unknown;31;ai;bii;1;neutral;twice;False;;;Vor drei Wochen hat Timo Judith massiert. Vor vier Tagen hat Judith wieder eine wohltuende Massage gegeben, während sie mit einer Freundin gelernt hat.;Judith hat mindestens zweimal eine wohltuende Massage gegeben.;jabo/bert-base-german-cased-xnli-de;entailment;0;0.0560699999332428;0.12144774198532104;0.8224822282791138
31_ai_bii1_cannot_say_neu;Vor drei Wochen hat Timo Judith massiert.;Vor vier Tagen hat Judith wieder eine wohltuende Massage gegeben, während sie mit einer Freundin gelernt hat.;Es lässt sich nicht sagen, wie oft Judith eine wohltuende Massage gegeben hat.;unknown;31;ai;bii;1;neutral;cannot say;False;;;Vor drei Wochen hat Timo Judith massiert. Vor vier Tagen hat Judith wieder eine wohltuende Massage gegeben, während sie mit einer Freundin gelernt hat.;Es lässt sich nicht sagen, wie oft Judith eine wohltuende Massage gegeben hat.;jabo/bert-base-german-cased-xnli-de;contradiction;0;0.8212375640869141;0.15659427642822266;0.022168179973959923
31_ai_bii2_once_pos;Vor drei Wochen hat Timo Judith massiert.;Vor vier Tagen hat Timo wieder eine wohltuende Massage gegeben, während er mit einer Freundin gelernt hat.;Timo hat einmal eine wohltuende Massage gegeben.;unknown;31;ai;bii;2;positive;once;False;;;Vor drei Wochen hat Timo Judith massiert. Vor vier Tagen hat Timo wieder eine wohltuende Massage gegeben, während er mit einer Freundin gelernt hat.;Timo hat einmal eine wohltuende Massage gegeben.;jabo/bert-base-german-cased-xnli-de;entailment;0;0.022540263831615448;0.046518102288246155;0.930941641330719
31_ai_bii2_twice_pos;Vor drei Wochen hat Timo Judith massiert.;Vor vier Tagen hat Timo wieder eine wohltuende Massage gegeben, während er mit einer Freundin gelernt hat.;Timo hat mindestens zweimal eine wohltuende Massage gegeben.;entailment;31;ai;bii;2;positive;twice;False;;;Vor drei Wochen hat Timo Judith massiert. Vor vier Tagen hat Timo wieder eine wohltuende Massage gegeben, während er mit einer Freundin gelernt hat.;Timo hat mindestens zweimal eine wohltuende Massage gegeben.;jabo/bert-base-german-cased-xnli-de;entailment;1;0.04774642363190651;0.09375704079866409;0.8584964871406555
31_ai_bii2_cannot_say_pos;Vor drei Wochen hat Timo Judith massiert.;Vor vier Tagen hat Timo wieder eine wohltuende Massage gegeben, während er mit einer Freundin gelernt hat.;Es lässt sich nicht sagen, wie oft Timo eine wohltuende Massage gegeben hat.;unknown;31;ai;bii;2;positive;cannot say;False;;;Vor drei Wochen hat Timo Judith massiert. Vor vier Tagen hat Timo wieder eine wohltuende Massage gegeben, während er mit einer Freundin gelernt hat.;Es lässt sich nicht sagen, wie oft Timo eine wohltuende Massage gegeben hat.;jabo/bert-base-german-cased-xnli-de;contradiction;0;0.8521089553833008;0.13103026151657104;0.016860779374837875
31_aii_bi1_once_neu;Vor drei Wochen hat Judith Timo massiert.;Vor vier Tagen hat Judith wieder eine wohltuende Massage bekommen, während sie mit einer Freundin gelernt hat.;Judith hat einmal eine wohltuende Massage bekommen.;entailment;31;aii;bi;1;neutral;once;False;;;Vor drei Wochen hat Judith Timo massiert. Vor vier Tagen hat Judith wieder eine wohltuende Massage bekommen, während sie mit einer Freundin gelernt hat.;Judith hat einmal eine wohltuende Massage bekommen.;jabo/bert-base-german-cased-xnli-de;entailment;1;0.02292240411043167;0.047871217131614685;0.9292064309120178
31_aii_bi1_twice_neu;Vor drei Wochen hat Judith Timo massiert.;Vor vier Tagen hat Judith wieder eine wohltuende Massage bekommen, während sie mit einer Freundin gelernt hat.;Judith hat mindestens zweimal eine wohltuende Massage bekommen.;unknown;31;aii;bi;1;neutral;twice;False;;;Vor drei Wochen hat Judith Timo massiert. Vor vier Tagen hat Judith wieder eine wohltuende Massage bekommen, während sie mit einer Freundin gelernt hat.;Judith hat mindestens zweimal eine wohltuende Massage bekommen.;jabo/bert-base-german-cased-xnli-de;entailment;0;0.055617522448301315;0.1275249719619751;0.8168575167655945
31_aii_bi1_cannot_say_neu;Vor drei Wochen hat Judith Timo massiert.;Vor vier Tagen hat Judith wieder eine wohltuende Massage bekommen, während sie mit einer Freundin gelernt hat.;Es lässt sich nicht sagen, wie oft Judith eine wohltuende Massage bekommen hat.;unknown;31;aii;bi;1;neutral;cannot say;False;;;Vor drei Wochen hat Judith Timo massiert. Vor vier Tagen hat Judith wieder eine wohltuende Massage bekommen, während sie mit einer Freundin gelernt hat.;Es lässt sich nicht sagen, wie oft Judith eine wohltuende Massage bekommen hat.;jabo/bert-base-german-cased-xnli-de;contradiction;0;0.7956987023353577;0.1776062697172165;0.026695050299167633
31_aii_bi2_once_pos;Vor drei Wochen hat Judith Timo massiert.;Vor vier Tagen hat Timo wieder eine wohltuende Massage bekommen, während er mit einer Freundin gelernt hat.;Timo hat einmal eine wohltuende Massage bekommen.;unknown;31;aii;bi;2;positive;once;False;;;Vor drei Wochen hat Judith Timo massiert. Vor vier Tagen hat Timo wieder eine wohltuende Massage bekommen, während er mit einer Freundin gelernt hat.;Timo hat einmal eine wohltuende Massage bekommen.;jabo/bert-base-german-cased-xnli-de;entailment;0;0.022942733019590378;0.04798289015889168;0.9290744066238403
31_aii_bi2_twice_pos;Vor drei Wochen hat Judith Timo massiert.;Vor vier Tagen hat Timo wieder eine wohltuende Massage bekommen, während er mit einer Freundin gelernt hat.;Timo hat mindestens zweimal eine wohltuende Massage bekommen.;entailment;31;aii;bi;2;positive;twice;False;;;Vor drei Wochen hat Judith Timo massiert. Vor vier Tagen hat Timo wieder eine wohltuende Massage bekommen, während er mit einer Freundin gelernt hat.;Timo hat mindestens zweimal eine wohltuende Massage bekommen.;jabo/bert-base-german-cased-xnli-de;entailment;1;0.04047776013612747;0.09506623446941376;0.864456057548523
31_aii_bi2_cannot_say_pos;Vor drei Wochen hat Judith Timo massiert.;Vor vier Tagen hat Timo wieder eine wohltuende Massage bekommen, während er mit einer Freundin gelernt hat.;Es lässt sich nicht sagen, wie oft Timo eine wohltuende Massage bekommen hat.;unknown;31;aii;bi;2;positive;cannot say;False;;;Vor drei Wochen hat Judith Timo massiert. Vor vier Tagen hat Timo wieder eine wohltuende Massage bekommen, während er mit einer Freundin gelernt hat.;Es lässt sich nicht sagen, wie oft Timo eine wohltuende Massage bekommen hat.;jabo/bert-base-german-cased-xnli-de;contradiction;0;0.817375123500824;0.16225415468215942;0.020370760932564735
31_aii_bii1_once_pos;Vor drei Wochen hat Judith Timo massiert.;Vor vier Tagen hat Judith wieder eine wohltuende Massage gegeben, während sie mit einer Freundin gelernt hat.;Judith hat einmal eine wohltuende Massage gegeben.;unknown;31;aii;bii;1;positive;once;False;;;Vor drei Wochen hat Judith Timo massiert. Vor vier Tagen hat Judith wieder eine wohltuende Massage gegeben, während sie mit einer Freundin gelernt hat.;Judith hat einmal eine wohltuende Massage gegeben.;jabo/bert-base-german-cased-xnli-de;entailment;0;0.023570923134684563;0.04946688562631607;0.92696213722229
31_aii_bii1_twice_pos;Vor drei Wochen hat Judith Timo massiert.;Vor vier Tagen hat Judith wieder eine wohltuende Massage gegeben, während sie mit einer Freundin gelernt hat.;Judith hat mindestens zweimal eine wohltuende Massage gegeben.;entailment;31;aii;bii;1;positive;twice;False;;;Vor drei Wochen hat Judith Timo massiert. Vor vier Tagen hat Judith wieder eine wohltuende Massage gegeben, während sie mit einer Freundin gelernt hat.;Judith hat mindestens zweimal eine wohltuende Massage gegeben.;jabo/bert-base-german-cased-xnli-de;entailment;1;0.05518263205885887;0.1236114576458931;0.8212059140205383
31_aii_bii1_cannot_say_pos;Vor drei Wochen hat Judith Timo massiert.;Vor vier Tagen hat Judith wieder eine wohltuende Massage gegeben, während sie mit einer Freundin gelernt hat.;Es lässt sich nicht sagen, wie oft Judith eine wohltuende Massage gegeben hat.;unknown;31;aii;bii;1;positive;cannot say;False;;;Vor drei Wochen hat Judith Timo massiert. Vor vier Tagen hat Judith wieder eine wohltuende Massage gegeben, während sie mit einer Freundin gelernt hat.;Es lässt sich nicht sagen, wie oft Judith eine wohltuende Massage gegeben hat.;jabo/bert-base-german-cased-xnli-de;contradiction;0;0.8138978481292725;0.16244235634803772;0.023659875616431236
31_aii_bii2_once_neu;Vor drei Wochen hat Judith Timo massiert.;Vor vier Tagen hat Timo wieder eine wohltuende Massage gegeben, während er mit einer Freundin gelernt hat.;Timo hat einmal eine wohltuende Massage gegeben.;entailment;31;aii;bii;2;neutral;once;False;;;Vor drei Wochen hat Judith Timo massiert. Vor vier Tagen hat Timo wieder eine wohltuende Massage gegeben, während er mit einer Freundin gelernt hat.;Timo hat einmal eine wohltuende Massage gegeben.;jabo/bert-base-german-cased-xnli-de;entailment;1;0.022628379985690117;0.046690747141838074;0.9306808114051819
31_aii_bii2_twice_neu;Vor drei Wochen hat Judith Timo massiert.;Vor vier Tagen hat Timo wieder eine wohltuende Massage gegeben, während er mit einer Freundin gelernt hat.;Timo hat mindestens zweimal eine wohltuende Massage gegeben.;unknown;31;aii;bii;2;neutral;twice;False;;;Vor drei Wochen hat Judith Timo massiert. Vor vier Tagen hat Timo wieder eine wohltuende Massage gegeben, während er mit einer Freundin gelernt hat.;Timo hat mindestens zweimal eine wohltuende Massage gegeben.;jabo/bert-base-german-cased-xnli-de;entailment;0;0.04857143014669418;0.09204983711242676;0.8593786954879761
31_aii_bii2_cannot_say_neu;Vor drei Wochen hat Judith Timo massiert.;Vor vier Tagen hat Timo wieder eine wohltuende Massage gegeben, während er mit einer Freundin gelernt hat.;Es lässt sich nicht sagen, wie oft Timo eine wohltuende Massage gegeben hat.;unknown;31;aii;bii;2;neutral;cannot say;False;;;Vor drei Wochen hat Judith Timo massiert. Vor vier Tagen hat Timo wieder eine wohltuende Massage gegeben, während er mit einer Freundin gelernt hat.;Es lässt sich nicht sagen, wie oft Timo eine wohltuende Massage gegeben hat.;jabo/bert-base-german-cased-xnli-de;contradiction;0;0.8552813529968262;0.12816807627677917;0.016550565138459206
32_ai_bi1_once_neu;Vor drei Monaten hat Timo Linda ein weißes Bücherregal gebaut.;Vor zwei Wochen hat Linda wieder ein weißes Bücherregal geschreinert, weil sie in eine WG gezogen ist.;Linda hat einmal ein weißes Bücherregal geschreinert.;entailment;32;ai;bi;1;neutral;once;False;;"geschreinert is agent-oriented; erhalten is recipient-oriented.";Vor drei Monaten hat Timo Linda ein weißes Bücherregal gebaut. Vor zwei Wochen hat Linda wieder ein weißes Bücherregal geschreinert, weil sie in eine WG gezogen ist.;Linda hat einmal ein weißes Bücherregal geschreinert.;jabo/bert-base-german-cased-xnli-de;entailment;1;0.02389606088399887;0.051244962960481644;0.9248589873313904
32_ai_bi1_twice_neu;Vor drei Monaten hat Timo Linda ein weißes Bücherregal gebaut.;Vor zwei Wochen hat Linda wieder ein weißes Bücherregal geschreinert, weil sie in eine WG gezogen ist.;Linda hat mindestens zweimal ein weißes Bücherregal geschreinert.;unknown;32;ai;bi;1;neutral;twice;False;;"geschreinert is agent-oriented; erhalten is recipient-oriented.";Vor drei Monaten hat Timo Linda ein weißes Bücherregal gebaut. Vor zwei Wochen hat Linda wieder ein weißes Bücherregal geschreinert, weil sie in eine WG gezogen ist.;Linda hat mindestens zweimal ein weißes Bücherregal geschreinert.;jabo/bert-base-german-cased-xnli-de;entailment;0;0.0766078308224678;0.14269138872623444;0.7807008028030396
32_ai_bi1_cannot_say_neu;Vor drei Monaten hat Timo Linda ein weißes Bücherregal gebaut.;Vor zwei Wochen hat Linda wieder ein weißes Bücherregal geschreinert, weil sie in eine WG gezogen ist.;Es lässt sich nicht sagen, wie oft Linda ein weißes Bücherregal geschreinert hat.;unknown;32;ai;bi;1;neutral;cannot say;False;;"geschreinert is agent-oriented; erhalten is recipient-oriented.";Vor drei Monaten hat Timo Linda ein weißes Bücherregal gebaut. Vor zwei Wochen hat Linda wieder ein weißes Bücherregal geschreinert, weil sie in eine WG gezogen ist.;Es lässt sich nicht sagen, wie oft Linda ein weißes Bücherregal geschreinert hat.;jabo/bert-base-german-cased-xnli-de;contradiction;0;0.7542498707771301;0.21915467083454132;0.02659546211361885
32_ai_bi2_once_pos;Vor drei Monaten hat Timo Linda ein weißes Bücherregal gebaut.;Vor zwei Wochen hat Timo wieder ein weißes Bücherregal geschreinert, weil er in eine WG gezogen ist.;Timo hat einmal ein weißes Bücherregal geschreinert.;unknown;32;ai;bi;2;positive;once;False;;"geschreinert is agent-oriented; erhalten is recipient-oriented.";Vor drei Monaten hat Timo Linda ein weißes Bücherregal gebaut. Vor zwei Wochen hat Timo wieder ein weißes Bücherregal geschreinert, weil er in eine WG gezogen ist.;Timo hat einmal ein weißes Bücherregal geschreinert.;jabo/bert-base-german-cased-xnli-de;entailment;0;0.024378469213843346;0.058761950582265854;0.9168596267700195
32_ai_bi2_twice_pos;Vor drei Monaten hat Timo Linda ein weißes Bücherregal gebaut.;Vor zwei Wochen hat Timo wieder ein weißes Bücherregal geschreinert, weil er in eine WG gezogen ist.;Timo hat mindestens zweimal ein weißes Bücherregal geschreinert.;entailment;32;ai;bi;2;positive;twice;False;;"geschreinert is agent-oriented; erhalten is recipient-oriented.";Vor drei Monaten hat Timo Linda ein weißes Bücherregal gebaut. Vor zwei Wochen hat Timo wieder ein weißes Bücherregal geschreinert, weil er in eine WG gezogen ist.;Timo hat mindestens zweimal ein weißes Bücherregal geschreinert.;jabo/bert-base-german-cased-xnli-de;entailment;1;0.046621400862932205;0.12511970102787018;0.8282589316368103
32_ai_bi2_cannot_say_pos;Vor drei Monaten hat Timo Linda ein weißes Bücherregal gebaut.;Vor zwei Wochen hat Timo wieder ein weißes Bücherregal geschreinert, weil er in eine WG gezogen ist.;Es lässt sich nicht sagen, wie oft Timo ein weißes Bücherregal geschreinert hat.;unknown;32;ai;bi;2;positive;cannot say;False;;"geschreinert is agent-oriented; erhalten is recipient-oriented.";Vor drei Monaten hat Timo Linda ein weißes Bücherregal gebaut. Vor zwei Wochen hat Timo wieder ein weißes Bücherregal geschreinert, weil er in eine WG gezogen ist.;Es lässt sich nicht sagen, wie oft Timo ein weißes Bücherregal geschreinert hat.;jabo/bert-base-german-cased-xnli-de;contradiction;0;0.8274089694023132;0.1531447023153305;0.019446393474936485
32_ai_bii1_once_pos;Vor drei Monaten hat Timo Linda ein weißes Bücherregal gebaut.;Vor zwei Wochen hat Linda wieder ein weißes Bücherregal erhalten, weil sie in eine WG gezogen ist.;Linda hat einmal ein weißes Bücherregal erhalten.;unknown;32;ai;bii;1;positive;once;False;;"geschreinert is agent-oriented; erhalten is recipient-oriented.";Vor drei Monaten hat Timo Linda ein weißes Bücherregal gebaut. Vor zwei Wochen hat Linda wieder ein weißes Bücherregal erhalten, weil sie in eine WG gezogen ist.;Linda hat einmal ein weißes Bücherregal erhalten.;jabo/bert-base-german-cased-xnli-de;entailment;0;0.024844124913215637;0.05473323166370392;0.9204226732254028
32_ai_bii1_twice_pos;Vor drei Monaten hat Timo Linda ein weißes Bücherregal gebaut.;Vor zwei Wochen hat Linda wieder ein weißes Bücherregal erhalten, weil sie in eine WG gezogen ist.;Linda hat mindestens zweimal ein weißes Bücherregal erhalten.;entailment;32;ai;bii;1;positive;twice;False;;"geschreinert is agent-oriented; erhalten is recipient-oriented.";Vor drei Monaten hat Timo Linda ein weißes Bücherregal gebaut. Vor zwei Wochen hat Linda wieder ein weißes Bücherregal erhalten, weil sie in eine WG gezogen ist.;Linda hat mindestens zweimal ein weißes Bücherregal erhalten.;jabo/bert-base-german-cased-xnli-de;entailment;1;0.0595635324716568;0.11034892499446869;0.8300875425338745
32_ai_bii1_cannot_say_pos;Vor drei Monaten hat Timo Linda ein weißes Bücherregal gebaut.;Vor zwei Wochen hat Linda wieder ein weißes Bücherregal erhalten, weil sie in eine WG gezogen ist.;Es lässt sich nicht sagen, wie oft Linda ein weißes Bücherregal erhalten hat.;unknown;32;ai;bii;1;positive;cannot say;False;;"geschreinert is agent-oriented; erhalten is recipient-oriented.";Vor drei Monaten hat Timo Linda ein weißes Bücherregal gebaut. Vor zwei Wochen hat Linda wieder ein weißes Bücherregal erhalten, weil sie in eine WG gezogen ist.;Es lässt sich nicht sagen, wie oft Linda ein weißes Bücherregal erhalten hat.;jabo/bert-base-german-cased-xnli-de;contradiction;0;0.8240981698036194;0.1541217863559723;0.021780002862215042
32_ai_bii2_once_neu;Vor drei Monaten hat Timo Linda ein weißes Bücherregal gebaut.;Vor zwei Wochen hat Timo wieder ein weißes Bücherregal erhalten, weil er in eine WG gezogen ist.;Timo hat einmal ein weißes Bücherregal erhalten.;entailment;32;ai;bii;2;neutral;once;False;;"geschreinert is agent-oriented; erhalten is recipient-oriented.";Vor drei Monaten hat Timo Linda ein weißes Bücherregal gebaut. Vor zwei Wochen hat Timo wieder ein weißes Bücherregal erhalten, weil er in eine WG gezogen ist.;Timo hat einmal ein weißes Bücherregal erhalten.;jabo/bert-base-german-cased-xnli-de;entailment;1;0.026353998109698296;0.052922967821359634;0.920723021030426
32_ai_bii2_twice_neu;Vor drei Monaten hat Timo Linda ein weißes Bücherregal gebaut.;Vor zwei Wochen hat Timo wieder ein weißes Bücherregal erhalten, weil er in eine WG gezogen ist.;Timo hat mindestens zweimal ein weißes Bücherregal erhalten.;unknown;32;ai;bii;2;neutral;twice;False;;"geschreinert is agent-oriented; erhalten is recipient-oriented.";Vor drei Monaten hat Timo Linda ein weißes Bücherregal gebaut. Vor zwei Wochen hat Timo wieder ein weißes Bücherregal erhalten, weil er in eine WG gezogen ist.;Timo hat mindestens zweimal ein weißes Bücherregal erhalten.;jabo/bert-base-german-cased-xnli-de;entailment;0;0.0600278414785862;0.12159913033246994;0.8183730244636536
32_ai_bii2_cannot_say_neu;Vor drei Monaten hat Timo Linda ein weißes Bücherregal gebaut.;Vor zwei Wochen hat Timo wieder ein weißes Bücherregal erhalten, weil er in eine WG gezogen ist.;Es lässt sich nicht sagen, wie oft Timo ein weißes Bücherregal erhalten hat.;unknown;32;ai;bii;2;neutral;cannot say;False;;"geschreinert is agent-oriented; erhalten is recipient-oriented.";Vor drei Monaten hat Timo Linda ein weißes Bücherregal gebaut. Vor zwei Wochen hat Timo wieder ein weißes Bücherregal erhalten, weil er in eine WG gezogen ist.;Es lässt sich nicht sagen, wie oft Timo ein weißes Bücherregal erhalten hat.;jabo/bert-base-german-cased-xnli-de;contradiction;0;0.8487864136695862;0.13212604820728302;0.0190875343978405
32_aii_bi1_once_pos;Vor drei Monaten hat Linda Timo ein weißes Bücherregal gebaut.;Vor zwei Wochen hat Linda wieder ein weißes Bücherregal geschreinert, weil sie in eine WG gezogen ist.;Linda hat einmal ein weißes Bücherregal geschreinert.;unknown;32;aii;bi;1;positive;once;False;;"geschreinert is agent-oriented; erhalten is recipient-oriented.";Vor drei Monaten hat Linda Timo ein weißes Bücherregal gebaut. Vor zwei Wochen hat Linda wieder ein weißes Bücherregal geschreinert, weil sie in eine WG gezogen ist.;Linda hat einmal ein weißes Bücherregal geschreinert.;jabo/bert-base-german-cased-xnli-de;entailment;0;0.0240250863134861;0.05117146670818329;0.9248034358024597
32_aii_bi1_twice_pos;Vor drei Monaten hat Linda Timo ein weißes Bücherregal gebaut.;Vor zwei Wochen hat Linda wieder ein weißes Bücherregal geschreinert, weil sie in eine WG gezogen ist.;Linda hat mindestens zweimal ein weißes Bücherregal geschreinert.;entailment;32;aii;bi;1;positive;twice;False;;"geschreinert is agent-oriented; erhalten is recipient-oriented.";Vor drei Monaten hat Linda Timo ein weißes Bücherregal gebaut. Vor zwei Wochen hat Linda wieder ein weißes Bücherregal geschreinert, weil sie in eine WG gezogen ist.;Linda hat mindestens zweimal ein weißes Bücherregal geschreinert.;jabo/bert-base-german-cased-xnli-de;entailment;1;0.0809132531285286;0.13787420094013214;0.781212568283081
32_aii_bi1_cannot_say_pos;Vor drei Monaten hat Linda Timo ein weißes Bücherregal gebaut.;Vor zwei Wochen hat Linda wieder ein weißes Bücherregal geschreinert, weil sie in eine WG gezogen ist.;Es lässt sich nicht sagen, wie oft Linda ein weißes Bücherregal geschreinert hat.;unknown;32;aii;bi;1;positive;cannot say;False;;"geschreinert is agent-oriented; erhalten is recipient-oriented.";Vor drei Monaten hat Linda Timo ein weißes Bücherregal gebaut. Vor zwei Wochen hat Linda wieder ein weißes Bücherregal geschreinert, weil sie in eine WG gezogen ist.;Es lässt sich nicht sagen, wie oft Linda ein weißes Bücherregal geschreinert hat.;jabo/bert-base-german-cased-xnli-de;contradiction;0;0.7532167434692383;0.21949854493141174;0.027284707874059677
32_aii_bi2_once_neu;Vor drei Monaten hat Linda Timo ein weißes Bücherregal gebaut.;Vor zwei Wochen hat Timo wieder ein weißes Bücherregal geschreinert, weil er in eine WG gezogen ist.;Timo hat einmal ein weißes Bücherregal geschreinert.;entailment;32;aii;bi;2;neutral;once;False;;"geschreinert is agent-oriented; erhalten is recipient-oriented.";Vor drei Monaten hat Linda Timo ein weißes Bücherregal gebaut. Vor zwei Wochen hat Timo wieder ein weißes Bücherregal geschreinert, weil er in eine WG gezogen ist.;Timo hat einmal ein weißes Bücherregal geschreinert.;jabo/bert-base-german-cased-xnli-de;entailment;1;0.024077581241726875;0.05908150225877762;0.9168408513069153
32_aii_bi2_twice_neu;Vor drei Monaten hat Linda Timo ein weißes Bücherregal gebaut.;Vor zwei Wochen hat Timo wieder ein weißes Bücherregal geschreinert, weil er in eine WG gezogen ist.;Timo hat mindestens zweimal ein weißes Bücherregal geschreinert.;unknown;32;aii;bi;2;neutral;twice;False;;"geschreinert is agent-oriented; erhalten is recipient-oriented.";Vor drei Monaten hat Linda Timo ein weißes Bücherregal gebaut. Vor zwei Wochen hat Timo wieder ein weißes Bücherregal geschreinert, weil er in eine WG gezogen ist.;Timo hat mindestens zweimal ein weißes Bücherregal geschreinert.;jabo/bert-base-german-cased-xnli-de;entailment;0;0.04444986581802368;0.12642575800418854;0.829124391078949
32_aii_bi2_cannot_say_neu;Vor drei Monaten hat Linda Timo ein weißes Bücherregal gebaut.;Vor zwei Wochen hat Timo wieder ein weißes Bücherregal geschreinert, weil er in eine WG gezogen ist.;Es lässt sich nicht sagen, wie oft Timo ein weißes Bücherregal geschreinert hat.;unknown;32;aii;bi;2;neutral;cannot say;False;;"geschreinert is agent-oriented; erhalten is recipient-oriented.";Vor drei Monaten hat Linda Timo ein weißes Bücherregal gebaut. Vor zwei Wochen hat Timo wieder ein weißes Bücherregal geschreinert, weil er in eine WG gezogen ist.;Es lässt sich nicht sagen, wie oft Timo ein weißes Bücherregal geschreinert hat.;jabo/bert-base-german-cased-xnli-de;contradiction;0;0.8282041549682617;0.15256373584270477;0.019232096150517464
32_aii_bii1_once_neu;Vor drei Monaten hat Linda Timo ein weißes Bücherregal gebaut.;Vor zwei Wochen hat Linda wieder ein weißes Bücherregal erhalten, weil sie in eine WG gezogen ist.;Linda hat einmal ein weißes Bücherregal erhalten.;entailment;32;aii;bii;1;neutral;once;False;;"geschreinert is agent-oriented; erhalten is recipient-oriented.";Vor drei Monaten hat Linda Timo ein weißes Bücherregal gebaut. Vor zwei Wochen hat Linda wieder ein weißes Bücherregal erhalten, weil sie in eine WG gezogen ist.;Linda hat einmal ein weißes Bücherregal erhalten.;jabo/bert-base-german-cased-xnli-de;entailment;1;0.02524893917143345;0.0541745200753212;0.9205765128135681
32_aii_bii1_twice_neu;Vor drei Monaten hat Linda Timo ein weißes Bücherregal gebaut.;Vor zwei Wochen hat Linda wieder ein weißes Bücherregal erhalten, weil sie in eine WG gezogen ist.;Linda hat mindestens zweimal ein weißes Bücherregal erhalten.;unknown;32;aii;bii;1;neutral;twice;False;;"geschreinert is agent-oriented; erhalten is recipient-oriented.";Vor drei Monaten hat Linda Timo ein weißes Bücherregal gebaut. Vor zwei Wochen hat Linda wieder ein weißes Bücherregal erhalten, weil sie in eine WG gezogen ist.;Linda hat mindestens zweimal ein weißes Bücherregal erhalten.;jabo/bert-base-german-cased-xnli-de;entailment;0;0.06532162427902222;0.11107512563467026;0.8236032128334045
32_aii_bii1_cannot_say_neu;Vor drei Monaten hat Linda Timo ein weißes Bücherregal gebaut.;Vor zwei Wochen hat Linda wieder ein weißes Bücherregal erhalten, weil sie in eine WG gezogen ist.;Es lässt sich nicht sagen, wie oft Linda ein weißes Bücherregal erhalten hat.;unknown;32;aii;bii;1;neutral;cannot say;False;;"geschreinert is agent-oriented; erhalten is recipient-oriented.";Vor drei Monaten hat Linda Timo ein weißes Bücherregal gebaut. Vor zwei Wochen hat Linda wieder ein weißes Bücherregal erhalten, weil sie in eine WG gezogen ist.;Es lässt sich nicht sagen, wie oft Linda ein weißes Bücherregal erhalten hat.;jabo/bert-base-german-cased-xnli-de;contradiction;0;0.8165359497070312;0.16048309206962585;0.02298102341592312
32_aii_bii2_once_pos;Vor drei Monaten hat Linda Timo ein weißes Bücherregal gebaut.;Vor zwei Wochen hat Timo wieder ein weißes Bücherregal erhalten, weil er in eine WG gezogen ist.;Timo hat einmal ein weißes Bücherregal erhalten.;unknown;32;aii;bii;2;positive;once;False;;"geschreinert is agent-oriented; erhalten is recipient-oriented.";Vor drei Monaten hat Linda Timo ein weißes Bücherregal gebaut. Vor zwei Wochen hat Timo wieder ein weißes Bücherregal erhalten, weil er in eine WG gezogen ist.;Timo hat einmal ein weißes Bücherregal erhalten.;jabo/bert-base-german-cased-xnli-de;entailment;0;0.025983789935708046;0.05265994742512703;0.9213562607765198
32_aii_bii2_twice_pos;Vor drei Monaten hat Linda Timo ein weißes Bücherregal gebaut.;Vor zwei Wochen hat Timo wieder ein weißes Bücherregal erhalten, weil er in eine WG gezogen ist.;Timo hat mindestens zweimal ein weißes Bücherregal erhalten.;entailment;32;aii;bii;2;positive;twice;False;;"geschreinert is agent-oriented; erhalten is recipient-oriented.";Vor drei Monaten hat Linda Timo ein weißes Bücherregal gebaut. Vor zwei Wochen hat Timo wieder ein weißes Bücherregal erhalten, weil er in eine WG gezogen ist.;Timo hat mindestens zweimal ein weißes Bücherregal erhalten.;jabo/bert-base-german-cased-xnli-de;entailment;1;0.061738356947898865;0.12727060914039612;0.810991108417511
32_aii_bii2_cannot_say_pos;Vor drei Monaten hat Linda Timo ein weißes Bücherregal gebaut.;Vor zwei Wochen hat Timo wieder ein weißes Bücherregal erhalten, weil er in eine WG gezogen ist.;Es lässt sich nicht sagen, wie oft Timo ein weißes Bücherregal erhalten hat.;unknown;32;aii;bii;2;positive;cannot say;False;;"geschreinert is agent-oriented; erhalten is recipient-oriented.";Vor drei Monaten hat Linda Timo ein weißes Bücherregal gebaut. Vor zwei Wochen hat Timo wieder ein weißes Bücherregal erhalten, weil er in eine WG gezogen ist.;Es lässt sich nicht sagen, wie oft Timo ein weißes Bücherregal erhalten hat.;jabo/bert-base-german-cased-xnli-de;contradiction;0;0.8396376371383667;0.14033883810043335;0.02002357505261898
33_ai_bi1_once_pos;Letzten Monat hat Timo Greta ein peinliches Geheimnis verraten.;Vor drei Tagen hat Greta wieder ein peinliches Geheimnis erfahren, als sie an einem Klassentreffen teilgenommen hat.;Greta hat einmal ein peinliches Geheimnis erfahren.;unknown;33;ai;bi;1;positive;once;False;;;Letzten Monat hat Timo Greta ein peinliches Geheimnis verraten. Vor drei Tagen hat Greta wieder ein peinliches Geheimnis erfahren, als sie an einem Klassentreffen teilgenommen hat.;Greta hat einmal ein peinliches Geheimnis erfahren.;jabo/bert-base-german-cased-xnli-de;entailment;0;0.019073614850640297;0.05280134826898575;0.9281250834465027
33_ai_bi1_twice_pos;Letzten Monat hat Timo Greta ein peinliches Geheimnis verraten.;Vor drei Tagen hat Greta wieder ein peinliches Geheimnis erfahren, als sie an einem Klassentreffen teilgenommen hat.;Greta hat mindestens zweimal ein peinliches Geheimnis erfahren.;entailment;33;ai;bi;1;positive;twice;False;;;Letzten Monat hat Timo Greta ein peinliches Geheimnis verraten. Vor drei Tagen hat Greta wieder ein peinliches Geheimnis erfahren, als sie an einem Klassentreffen teilgenommen hat.;Greta hat mindestens zweimal ein peinliches Geheimnis erfahren.;jabo/bert-base-german-cased-xnli-de;entailment;1;0.06706848740577698;0.12927988171577454;0.8036516308784485
33_ai_bi1_cannot_say_pos;Letzten Monat hat Timo Greta ein peinliches Geheimnis verraten.;Vor drei Tagen hat Greta wieder ein peinliches Geheimnis erfahren, als sie an einem Klassentreffen teilgenommen hat.;Es lässt sich nicht sagen, wie oft Greta ein peinliches Geheimnis erfahren hat.;unknown;33;ai;bi;1;positive;cannot say;False;;;Letzten Monat hat Timo Greta ein peinliches Geheimnis verraten. Vor drei Tagen hat Greta wieder ein peinliches Geheimnis erfahren, als sie an einem Klassentreffen teilgenommen hat.;Es lässt sich nicht sagen, wie oft Greta ein peinliches Geheimnis erfahren hat.;jabo/bert-base-german-cased-xnli-de;contradiction;0;0.8088483214378357;0.14878349006175995;0.04236821457743645
33_ai_bi2_once_neu;Letzten Monat hat Timo Greta ein peinliches Geheimnis verraten.;Vor drei Tagen hat Timo wieder ein peinliches Geheimnis erfahren, als er an einem Klassentreffen teilgenommen hat.;Timo hat einmal ein peinliches Geheimnis erfahren.;entailment;33;ai;bi;2;neutral;once;False;;;Letzten Monat hat Timo Greta ein peinliches Geheimnis verraten. Vor drei Tagen hat Timo wieder ein peinliches Geheimnis erfahren, als er an einem Klassentreffen teilgenommen hat.;Timo hat einmal ein peinliches Geheimnis erfahren.;jabo/bert-base-german-cased-xnli-de;entailment;1;0.020192986354231834;0.07430014759302139;0.9055068492889404
33_ai_bi2_twice_neu;Letzten Monat hat Timo Greta ein peinliches Geheimnis verraten.;Vor drei Tagen hat Timo wieder ein peinliches Geheimnis erfahren, als er an einem Klassentreffen teilgenommen hat.;Timo hat mindestens zweimal ein peinliches Geheimnis erfahren.;unknown;33;ai;bi;2;neutral;twice;False;;;Letzten Monat hat Timo Greta ein peinliches Geheimnis verraten. Vor drei Tagen hat Timo wieder ein peinliches Geheimnis erfahren, als er an einem Klassentreffen teilgenommen hat.;Timo hat mindestens zweimal ein peinliches Geheimnis erfahren.;jabo/bert-base-german-cased-xnli-de;entailment;0;0.049755390733480453;0.09200174361467361;0.8582428693771362
33_ai_bi2_cannot_say_neu;Letzten Monat hat Timo Greta ein peinliches Geheimnis verraten.;Vor drei Tagen hat Timo wieder ein peinliches Geheimnis erfahren, als er an einem Klassentreffen teilgenommen hat.;Es lässt sich nicht sagen, wie oft Timo ein peinliches Geheimnis erfahren hat.;unknown;33;ai;bi;2;neutral;cannot say;False;;;Letzten Monat hat Timo Greta ein peinliches Geheimnis verraten. Vor drei Tagen hat Timo wieder ein peinliches Geheimnis erfahren, als er an einem Klassentreffen teilgenommen hat.;Es lässt sich nicht sagen, wie oft Timo ein peinliches Geheimnis erfahren hat.;jabo/bert-base-german-cased-xnli-de;contradiction;0;0.7415875196456909;0.20761515200138092;0.05079736188054085
33_ai_bii1_once_neu;Letzten Monat hat Timo Greta ein peinliches Geheimnis verraten.;Vor drei Tagen hat Greta wieder ein peinliches Geheimnis preisgegeben, als sie an einem Klassentreffen teilgenommen hat.;Greta hat einmal ein peinliches Geheimnis preisgegeben.;entailment;33;ai;bii;1;neutral;once;False;;;Letzten Monat hat Timo Greta ein peinliches Geheimnis verraten. Vor drei Tagen hat Greta wieder ein peinliches Geheimnis preisgegeben, als sie an einem Klassentreffen teilgenommen hat.;Greta hat einmal ein peinliches Geheimnis preisgegeben.;jabo/bert-base-german-cased-xnli-de;entailment;1;0.02187439240515232;0.06159866973757744;0.9165269136428833
33_ai_bii1_twice_neu;Letzten Monat hat Timo Greta ein peinliches Geheimnis verraten.;Vor drei Tagen hat Greta wieder ein peinliches Geheimnis preisgegeben, als sie an einem Klassentreffen teilgenommen hat.;Greta hat mindestens zweimal ein peinliches Geheimnis preisgegeben.;unknown;33;ai;bii;1;neutral;twice;False;;;Letzten Monat hat Timo Greta ein peinliches Geheimnis verraten. Vor drei Tagen hat Greta wieder ein peinliches Geheimnis preisgegeben, als sie an einem Klassentreffen teilgenommen hat.;Greta hat mindestens zweimal ein peinliches Geheimnis preisgegeben.;jabo/bert-base-german-cased-xnli-de;entailment;0;0.14987987279891968;0.12359027564525604;0.7265298366546631
33_ai_bii1_cannot_say_neu;Letzten Monat hat Timo Greta ein peinliches Geheimnis verraten.;Vor drei Tagen hat Greta wieder ein peinliches Geheimnis preisgegeben, als sie an einem Klassentreffen teilgenommen hat.;Es lässt sich nicht sagen, wie oft Greta ein peinliches Geheimnis preisgegeben hat.;unknown;33;ai;bii;1;neutral;cannot say;False;;;Letzten Monat hat Timo Greta ein peinliches Geheimnis verraten. Vor drei Tagen hat Greta wieder ein peinliches Geheimnis preisgegeben, als sie an einem Klassentreffen teilgenommen hat.;Es lässt sich nicht sagen, wie oft Greta ein peinliches Geheimnis preisgegeben hat.;jabo/bert-base-german-cased-xnli-de;contradiction;0;0.7787603139877319;0.16799351572990417;0.053246285766363144
33_ai_bii2_once_pos;Letzten Monat hat Timo Greta ein peinliches Geheimnis verraten.;Vor drei Tagen hat Timo wieder ein peinliches Geheimnis preisgegeben, als er an einem Klassentreffen teilgenommen hat.;Timo hat einmal ein peinliches Geheimnis preisgegeben.;unknown;33;ai;bii;2;positive;once;False;;;Letzten Monat hat Timo Greta ein peinliches Geheimnis verraten. Vor drei Tagen hat Timo wieder ein peinliches Geheimnis preisgegeben, als er an einem Klassentreffen teilgenommen hat.;Timo hat einmal ein peinliches Geheimnis preisgegeben.;jabo/bert-base-german-cased-xnli-de;entailment;0;0.020815227180719376;0.05948059633374214;0.9197041988372803
33_ai_bii2_twice_pos;Letzten Monat hat Timo Greta ein peinliches Geheimnis verraten.;Vor drei Tagen hat Timo wieder ein peinliches Geheimnis preisgegeben, als er an einem Klassentreffen teilgenommen hat.;Timo hat mindestens zweimal ein peinliches Geheimnis preisgegeben.;entailment;33;ai;bii;2;positive;twice;False;;;Letzten Monat hat Timo Greta ein peinliches Geheimnis verraten. Vor drei Tagen hat Timo wieder ein peinliches Geheimnis preisgegeben, als er an einem Klassentreffen teilgenommen hat.;Timo hat mindestens zweimal ein peinliches Geheimnis preisgegeben.;jabo/bert-base-german-cased-xnli-de;entailment;1;0.13034333288669586;0.12052495777606964;0.7491317391395569
33_ai_bii2_cannot_say_pos;Letzten Monat hat Timo Greta ein peinliches Geheimnis verraten.;Vor drei Tagen hat Timo wieder ein peinliches Geheimnis preisgegeben, als er an einem Klassentreffen teilgenommen hat.;Es lässt sich nicht sagen, wie oft Timo ein peinliches Geheimnis preisgegeben hat.;unknown;33;ai;bii;2;positive;cannot say;False;;;Letzten Monat hat Timo Greta ein peinliches Geheimnis verraten. Vor drei Tagen hat Timo wieder ein peinliches Geheimnis preisgegeben, als er an einem Klassentreffen teilgenommen hat.;Es lässt sich nicht sagen, wie oft Timo ein peinliches Geheimnis preisgegeben hat.;jabo/bert-base-german-cased-xnli-de;contradiction;0;0.7531182765960693;0.18355658650398254;0.0633251741528511
33_aii_bi1_once_neu;Letzten Monat hat Greta Timo ein peinliches Geheimnis verraten.;Vor drei Tagen hat Greta wieder ein peinliches Geheimnis erfahren, als sie an einem Klassentreffen teilgenommen hat.;Greta hat einmal ein peinliches Geheimnis erfahren.;entailment;33;aii;bi;1;neutral;once;False;;;Letzten Monat hat Greta Timo ein peinliches Geheimnis verraten. Vor drei Tagen hat Greta wieder ein peinliches Geheimnis erfahren, als sie an einem Klassentreffen teilgenommen hat.;Greta hat einmal ein peinliches Geheimnis erfahren.;jabo/bert-base-german-cased-xnli-de;entailment;1;0.01911771111190319;0.05164385586977005;0.9292384386062622
33_aii_bi1_twice_neu;Letzten Monat hat Greta Timo ein peinliches Geheimnis verraten.;Vor drei Tagen hat Greta wieder ein peinliches Geheimnis erfahren, als sie an einem Klassentreffen teilgenommen hat.;Greta hat mindestens zweimal ein peinliches Geheimnis erfahren.;unknown;33;aii;bi;1;neutral;twice;False;;;Letzten Monat hat Greta Timo ein peinliches Geheimnis verraten. Vor drei Tagen hat Greta wieder ein peinliches Geheimnis erfahren, als sie an einem Klassentreffen teilgenommen hat.;Greta hat mindestens zweimal ein peinliches Geheimnis erfahren.;jabo/bert-base-german-cased-xnli-de;entailment;0;0.07100095599889755;0.12927520275115967;0.7997238636016846
33_aii_bi1_cannot_say_neu;Letzten Monat hat Greta Timo ein peinliches Geheimnis verraten.;Vor drei Tagen hat Greta wieder ein peinliches Geheimnis erfahren, als sie an einem Klassentreffen teilgenommen hat.;Es lässt sich nicht sagen, wie oft Greta ein peinliches Geheimnis erfahren hat.;unknown;33;aii;bi;1;neutral;cannot say;False;;;Letzten Monat hat Greta Timo ein peinliches Geheimnis verraten. Vor drei Tagen hat Greta wieder ein peinliches Geheimnis erfahren, als sie an einem Klassentreffen teilgenommen hat.;Es lässt sich nicht sagen, wie oft Greta ein peinliches Geheimnis erfahren hat.;jabo/bert-base-german-cased-xnli-de;contradiction;0;0.8135616183280945;0.14478500187397003;0.0416533388197422
33_aii_bi2_once_pos;Letzten Monat hat Greta Timo ein peinliches Geheimnis verraten.;Vor drei Tagen hat Timo wieder ein peinliches Geheimnis erfahren, als er an einem Klassentreffen teilgenommen hat.;Timo hat einmal ein peinliches Geheimnis erfahren.;unknown;33;aii;bi;2;positive;once;False;;;Letzten Monat hat Greta Timo ein peinliches Geheimnis verraten. Vor drei Tagen hat Timo wieder ein peinliches Geheimnis erfahren, als er an einem Klassentreffen teilgenommen hat.;Timo hat einmal ein peinliches Geheimnis erfahren.;jabo/bert-base-german-cased-xnli-de;entailment;0;0.020029794424772263;0.07375700026750565;0.9062131643295288
33_aii_bi2_twice_pos;Letzten Monat hat Greta Timo ein peinliches Geheimnis verraten.;Vor drei Tagen hat Timo wieder ein peinliches Geheimnis erfahren, als er an einem Klassentreffen teilgenommen hat.;Timo hat mindestens zweimal ein peinliches Geheimnis erfahren.;entailment;33;aii;bi;2;positive;twice;False;;;Letzten Monat hat Greta Timo ein peinliches Geheimnis verraten. Vor drei Tagen hat Timo wieder ein peinliches Geheimnis erfahren, als er an einem Klassentreffen teilgenommen hat.;Timo hat mindestens zweimal ein peinliches Geheimnis erfahren.;jabo/bert-base-german-cased-xnli-de;entailment;1;0.04960276186466217;0.09195125102996826;0.8584460020065308
33_aii_bi2_cannot_say_pos;Letzten Monat hat Greta Timo ein peinliches Geheimnis verraten.;Vor drei Tagen hat Timo wieder ein peinliches Geheimnis erfahren, als er an einem Klassentreffen teilgenommen hat.;Es lässt sich nicht sagen, wie oft Timo ein peinliches Geheimnis erfahren hat.;unknown;33;aii;bi;2;positive;cannot say;False;;;Letzten Monat hat Greta Timo ein peinliches Geheimnis verraten. Vor drei Tagen hat Timo wieder ein peinliches Geheimnis erfahren, als er an einem Klassentreffen teilgenommen hat.;Es lässt sich nicht sagen, wie oft Timo ein peinliches Geheimnis erfahren hat.;jabo/bert-base-german-cased-xnli-de;contradiction;0;0.7514353394508362;0.19964583218097687;0.04891877621412277
33_aii_bii1_once_pos;Letzten Monat hat Greta Timo ein peinliches Geheimnis verraten.;Vor drei Tagen hat Greta wieder ein peinliches Geheimnis preisgegeben, als sie an einem Klassentreffen teilgenommen hat.;Greta hat einmal ein peinliches Geheimnis preisgegeben.;unknown;33;aii;bii;1;positive;once;False;;;Letzten Monat hat Greta Timo ein peinliches Geheimnis verraten. Vor drei Tagen hat Greta wieder ein peinliches Geheimnis preisgegeben, als sie an einem Klassentreffen teilgenommen hat.;Greta hat einmal ein peinliches Geheimnis preisgegeben.;jabo/bert-base-german-cased-xnli-de;entailment;0;0.021931590512394905;0.05866693705320358;0.9194014668464661
33_aii_bii1_twice_pos;Letzten Monat hat Greta Timo ein peinliches Geheimnis verraten.;Vor drei Tagen hat Greta wieder ein peinliches Geheimnis preisgegeben, als sie an einem Klassentreffen teilgenommen hat.;Greta hat mindestens zweimal ein peinliches Geheimnis preisgegeben.;entailment;33;aii;bii;1;positive;twice;False;;;Letzten Monat hat Greta Timo ein peinliches Geheimnis verraten. Vor drei Tagen hat Greta wieder ein peinliches Geheimnis preisgegeben, als sie an einem Klassentreffen teilgenommen hat.;Greta hat mindestens zweimal ein peinliches Geheimnis preisgegeben.;jabo/bert-base-german-cased-xnli-de;entailment;1;0.17570462822914124;0.12657472491264343;0.6977207064628601
33_aii_bii1_cannot_say_pos;Letzten Monat hat Greta Timo ein peinliches Geheimnis verraten.;Vor drei Tagen hat Greta wieder ein peinliches Geheimnis preisgegeben, als sie an einem Klassentreffen teilgenommen hat.;Es lässt sich nicht sagen, wie oft Greta ein peinliches Geheimnis preisgegeben hat.;unknown;33;aii;bii;1;positive;cannot say;False;;;Letzten Monat hat Greta Timo ein peinliches Geheimnis verraten. Vor drei Tagen hat Greta wieder ein peinliches Geheimnis preisgegeben, als sie an einem Klassentreffen teilgenommen hat.;Es lässt sich nicht sagen, wie oft Greta ein peinliches Geheimnis preisgegeben hat.;jabo/bert-base-german-cased-xnli-de;contradiction;0;0.7789327502250671;0.16634266078472137;0.054724644869565964
33_aii_bii2_once_neu;Letzten Monat hat Greta Timo ein peinliches Geheimnis verraten.;Vor drei Tagen hat Timo wieder ein peinliches Geheimnis preisgegeben, als er an einem Klassentreffen teilgenommen hat.;Timo hat einmal ein peinliches Geheimnis preisgegeben.;entailment;33;aii;bii;2;neutral;once;False;;;Letzten Monat hat Greta Timo ein peinliches Geheimnis verraten. Vor drei Tagen hat Timo wieder ein peinliches Geheimnis preisgegeben, als er an einem Klassentreffen teilgenommen hat.;Timo hat einmal ein peinliches Geheimnis preisgegeben.;jabo/bert-base-german-cased-xnli-de;entailment;1;0.020702378824353218;0.06031850725412369;0.9189791679382324
33_aii_bii2_twice_neu;Letzten Monat hat Greta Timo ein peinliches Geheimnis verraten.;Vor drei Tagen hat Timo wieder ein peinliches Geheimnis preisgegeben, als er an einem Klassentreffen teilgenommen hat.;Timo hat mindestens zweimal ein peinliches Geheimnis preisgegeben.;unknown;33;aii;bii;2;neutral;twice;False;;;Letzten Monat hat Greta Timo ein peinliches Geheimnis verraten. Vor drei Tagen hat Timo wieder ein peinliches Geheimnis preisgegeben, als er an einem Klassentreffen teilgenommen hat.;Timo hat mindestens zweimal ein peinliches Geheimnis preisgegeben.;jabo/bert-base-german-cased-xnli-de;entailment;0;0.14324121177196503;0.12299016118049622;0.7337686419487
33_aii_bii2_cannot_say_neu;Letzten Monat hat Greta Timo ein peinliches Geheimnis verraten.;Vor drei Tagen hat Timo wieder ein peinliches Geheimnis preisgegeben, als er an einem Klassentreffen teilgenommen hat.;Es lässt sich nicht sagen, wie oft Timo ein peinliches Geheimnis preisgegeben hat.;unknown;33;aii;bii;2;neutral;cannot say;False;;;Letzten Monat hat Greta Timo ein peinliches Geheimnis verraten. Vor drei Tagen hat Timo wieder ein peinliches Geheimnis preisgegeben, als er an einem Klassentreffen teilgenommen hat.;Es lässt sich nicht sagen, wie oft Timo ein peinliches Geheimnis preisgegeben hat.;jabo/bert-base-german-cased-xnli-de;contradiction;0;0.7523866295814514;0.184091255068779;0.06352217495441437
34_ai_bi1_once_pos;Vor vier Monaten hat Timo Sabine einen neuen Haarschnitt verpasst.;Vor einer Woche hat Sabine wieder einen neuen Haarschnitt bekommen, weil sie an einem Frisurenwettbewerb teilgenommen hat.;Sabine hat einmal einen neuen Haarschnitt bekommen.;unknown;34;ai;bi;1;positive;once;False;;;Vor vier Monaten hat Timo Sabine einen neuen Haarschnitt verpasst. Vor einer Woche hat Sabine wieder einen neuen Haarschnitt bekommen, weil sie an einem Frisurenwettbewerb teilgenommen hat.;Sabine hat einmal einen neuen Haarschnitt bekommen.;jabo/bert-base-german-cased-xnli-de;entailment;0;0.03035508282482624;0.05877393111586571;0.9108709692955017
34_ai_bi1_twice_pos;Vor vier Monaten hat Timo Sabine einen neuen Haarschnitt verpasst.;Vor einer Woche hat Sabine wieder einen neuen Haarschnitt bekommen, weil sie an einem Frisurenwettbewerb teilgenommen hat.;Sabine hat mindestens zweimal einen neuen Haarschnitt bekommen.;entailment;34;ai;bi;1;positive;twice;False;;;Vor vier Monaten hat Timo Sabine einen neuen Haarschnitt verpasst. Vor einer Woche hat Sabine wieder einen neuen Haarschnitt bekommen, weil sie an einem Frisurenwettbewerb teilgenommen hat.;Sabine hat mindestens zweimal einen neuen Haarschnitt bekommen.;jabo/bert-base-german-cased-xnli-de;entailment;1;0.16014783084392548;0.14086492359638214;0.6989873051643372
34_ai_bi1_cannot_say_pos;Vor vier Monaten hat Timo Sabine einen neuen Haarschnitt verpasst.;Vor einer Woche hat Sabine wieder einen neuen Haarschnitt bekommen, weil sie an einem Frisurenwettbewerb teilgenommen hat.;Es lässt sich nicht sagen, wie oft Sabine einen neuen Haarschnitt bekommen hat.;unknown;34;ai;bi;1;positive;cannot say;False;;;Vor vier Monaten hat Timo Sabine einen neuen Haarschnitt verpasst. Vor einer Woche hat Sabine wieder einen neuen Haarschnitt bekommen, weil sie an einem Frisurenwettbewerb teilgenommen hat.;Es lässt sich nicht sagen, wie oft Sabine einen neuen Haarschnitt bekommen hat.;jabo/bert-base-german-cased-xnli-de;contradiction;0;0.49359896779060364;0.30483999848365784;0.20156104862689972
34_ai_bi2_once_neu;Vor vier Monaten hat Timo Sabine einen neuen Haarschnitt verpasst.;Vor einer Woche hat Timo wieder einen neuen Haarschnitt bekommen, weil er an einem Frisurenwettbewerb teilgenommen hat.;Timo hat einmal einen neuen Haarschnitt bekommen.;entailment;34;ai;bi;2;neutral;once;False;;;Vor vier Monaten hat Timo Sabine einen neuen Haarschnitt verpasst. Vor einer Woche hat Timo wieder einen neuen Haarschnitt bekommen, weil er an einem Frisurenwettbewerb teilgenommen hat.;Timo hat einmal einen neuen Haarschnitt bekommen.;jabo/bert-base-german-cased-xnli-de;entailment;1;0.03187558799982071;0.058612894266843796;0.9095114469528198
34_ai_bi2_twice_neu;Vor vier Monaten hat Timo Sabine einen neuen Haarschnitt verpasst.;Vor einer Woche hat Timo wieder einen neuen Haarschnitt bekommen, weil er an einem Frisurenwettbewerb teilgenommen hat.;Timo hat mindestens zweimal einen neuen Haarschnitt bekommen.;unknown;34;ai;bi;2;neutral;twice;False;;;Vor vier Monaten hat Timo Sabine einen neuen Haarschnitt verpasst. Vor einer Woche hat Timo wieder einen neuen Haarschnitt bekommen, weil er an einem Frisurenwettbewerb teilgenommen hat.;Timo hat mindestens zweimal einen neuen Haarschnitt bekommen.;jabo/bert-base-german-cased-xnli-de;entailment;0;0.1606343686580658;0.14012427628040314;0.6992413401603699
34_ai_bi2_cannot_say_neu;Vor vier Monaten hat Timo Sabine einen neuen Haarschnitt verpasst.;Vor einer Woche hat Timo wieder einen neuen Haarschnitt bekommen, weil er an einem Frisurenwettbewerb teilgenommen hat.;Es lässt sich nicht sagen, wie oft Timo einen neuen Haarschnitt bekommen hat.;unknown;34;ai;bi;2;neutral;cannot say;False;;;Vor vier Monaten hat Timo Sabine einen neuen Haarschnitt verpasst. Vor einer Woche hat Timo wieder einen neuen Haarschnitt bekommen, weil er an einem Frisurenwettbewerb teilgenommen hat.;Es lässt sich nicht sagen, wie oft Timo einen neuen Haarschnitt bekommen hat.;jabo/bert-base-german-cased-xnli-de;contradiction;0;0.5438900589942932;0.29363149404525757;0.162478506565094
34_ai_bii1_once_neu;Vor vier Monaten hat Timo Sabine einen neuen Haarschnitt verpasst.;Vor einer Woche hat Sabine wieder einen neuen Haarschnitt kreiert, weil sie an einem Frisurenwettbewerb teilgenommen hat.;Sabine hat einmal einen neuen Haarschnitt kreiert.;entailment;34;ai;bii;1;neutral;once;False;;;Vor vier Monaten hat Timo Sabine einen neuen Haarschnitt verpasst. Vor einer Woche hat Sabine wieder einen neuen Haarschnitt kreiert, weil sie an einem Frisurenwettbewerb teilgenommen hat.;Sabine hat einmal einen neuen Haarschnitt kreiert.;jabo/bert-base-german-cased-xnli-de;entailment;1;0.02936125174164772;0.05682816728949547;0.9138106107711792
34_ai_bii1_twice_neu;Vor vier Monaten hat Timo Sabine einen neuen Haarschnitt verpasst.;Vor einer Woche hat Sabine wieder einen neuen Haarschnitt kreiert, weil sie an einem Frisurenwettbewerb teilgenommen hat.;Sabine hat mindestens zweimal einen neuen Haarschnitt kreiert.;unknown;34;ai;bii;1;neutral;twice;False;;;Vor vier Monaten hat Timo Sabine einen neuen Haarschnitt verpasst. Vor einer Woche hat Sabine wieder einen neuen Haarschnitt kreiert, weil sie an einem Frisurenwettbewerb teilgenommen hat.;Sabine hat mindestens zweimal einen neuen Haarschnitt kreiert.;jabo/bert-base-german-cased-xnli-de;entailment;0;0.08245424926280975;0.10630200803279877;0.8112437725067139
34_ai_bii1_cannot_say_neu;Vor vier Monaten hat Timo Sabine einen neuen Haarschnitt verpasst.;Vor einer Woche hat Sabine wieder einen neuen Haarschnitt kreiert, weil sie an einem Frisurenwettbewerb teilgenommen hat.;Es lässt sich nicht sagen, wie oft Sabine einen neuen Haarschnitt kreiert hat.;unknown;34;ai;bii;1;neutral;cannot say;False;;;Vor vier Monaten hat Timo Sabine einen neuen Haarschnitt verpasst. Vor einer Woche hat Sabine wieder einen neuen Haarschnitt kreiert, weil sie an einem Frisurenwettbewerb teilgenommen hat.;Es lässt sich nicht sagen, wie oft Sabine einen neuen Haarschnitt kreiert hat.;jabo/bert-base-german-cased-xnli-de;entailment;0;0.3513973355293274;0.2469361126422882;0.401666522026062
34_ai_bii2_once_pos;Vor vier Monaten hat Timo Sabine einen neuen Haarschnitt verpasst.;Vor einer Woche hat Timo wieder einen neuen Haarschnitt kreiert, weil er an einem Frisurenwettbewerb teilgenommen hat.;Timo hat einmal einen neuen Haarschnitt kreiert.;unknown;34;ai;bii;2;positive;once;False;;;Vor vier Monaten hat Timo Sabine einen neuen Haarschnitt verpasst. Vor einer Woche hat Timo wieder einen neuen Haarschnitt kreiert, weil er an einem Frisurenwettbewerb teilgenommen hat.;Timo hat einmal einen neuen Haarschnitt kreiert.;jabo/bert-base-german-cased-xnli-de;entailment;0;0.02944953367114067;0.05739521235227585;0.9131553173065186
34_ai_bii2_twice_pos;Vor vier Monaten hat Timo Sabine einen neuen Haarschnitt verpasst.;Vor einer Woche hat Timo wieder einen neuen Haarschnitt kreiert, weil er an einem Frisurenwettbewerb teilgenommen hat.;Timo hat mindestens zweimal einen neuen Haarschnitt kreiert.;entailment;34;ai;bii;2;positive;twice;False;;;Vor vier Monaten hat Timo Sabine einen neuen Haarschnitt verpasst. Vor einer Woche hat Timo wieder einen neuen Haarschnitt kreiert, weil er an einem Frisurenwettbewerb teilgenommen hat.;Timo hat mindestens zweimal einen neuen Haarschnitt kreiert.;jabo/bert-base-german-cased-xnli-de;entailment;1;0.08490205556154251;0.11222712695598602;0.8028708100318909
34_ai_bii2_cannot_say_pos;Vor vier Monaten hat Timo Sabine einen neuen Haarschnitt verpasst.;Vor einer Woche hat Timo wieder einen neuen Haarschnitt kreiert, weil er an einem Frisurenwettbewerb teilgenommen hat.;Es lässt sich nicht sagen, wie oft Timo einen neuen Haarschnitt kreiert hat.;unknown;34;ai;bii;2;positive;cannot say;False;;;Vor vier Monaten hat Timo Sabine einen neuen Haarschnitt verpasst. Vor einer Woche hat Timo wieder einen neuen Haarschnitt kreiert, weil er an einem Frisurenwettbewerb teilgenommen hat.;Es lässt sich nicht sagen, wie oft Timo einen neuen Haarschnitt kreiert hat.;jabo/bert-base-german-cased-xnli-de;entailment;0;0.35838478803634644;0.2519865334033966;0.38962864875793457
34_aii_bi1_once_neu;Vor vier Monaten hat Sabine Timo einen neuen Haarschnitt verpasst.;Vor einer Woche hat Sabine wieder einen neuen Haarschnitt bekommen, weil sie an einem Frisurenwettbewerb teilgenommen hat.;Sabine hat einmal einen neuen Haarschnitt bekommen.;entailment;34;aii;bi;1;neutral;once;False;;;Vor vier Monaten hat Sabine Timo einen neuen Haarschnitt verpasst. Vor einer Woche hat Sabine wieder einen neuen Haarschnitt bekommen, weil sie an einem Frisurenwettbewerb teilgenommen hat.;Sabine hat einmal einen neuen Haarschnitt bekommen.;jabo/bert-base-german-cased-xnli-de;entailment;1;0.029787374660372734;0.05892401188611984;0.9112885594367981
34_aii_bi1_twice_neu;Vor vier Monaten hat Sabine Timo einen neuen Haarschnitt verpasst.;Vor einer Woche hat Sabine wieder einen neuen Haarschnitt bekommen, weil sie an einem Frisurenwettbewerb teilgenommen hat.;Sabine hat mindestens zweimal einen neuen Haarschnitt bekommen.;unknown;34;aii;bi;1;neutral;twice;False;;;Vor vier Monaten hat Sabine Timo einen neuen Haarschnitt verpasst. Vor einer Woche hat Sabine wieder einen neuen Haarschnitt bekommen, weil sie an einem Frisurenwettbewerb teilgenommen hat.;Sabine hat mindestens zweimal einen neuen Haarschnitt bekommen.;jabo/bert-base-german-cased-xnli-de;entailment;0;0.15857529640197754;0.14344917237758636;0.6979755759239197
34_aii_bi1_cannot_say_neu;Vor vier Monaten hat Sabine Timo einen neuen Haarschnitt verpasst.;Vor einer Woche hat Sabine wieder einen neuen Haarschnitt bekommen, weil sie an einem Frisurenwettbewerb teilgenommen hat.;Es lässt sich nicht sagen, wie oft Sabine einen neuen Haarschnitt bekommen hat.;unknown;34;aii;bi;1;neutral;cannot say;False;;;Vor vier Monaten hat Sabine Timo einen neuen Haarschnitt verpasst. Vor einer Woche hat Sabine wieder einen neuen Haarschnitt bekommen, weil sie an einem Frisurenwettbewerb teilgenommen hat.;Es lässt sich nicht sagen, wie oft Sabine einen neuen Haarschnitt bekommen hat.;jabo/bert-base-german-cased-xnli-de;contradiction;0;0.5163824558258057;0.30021393299102783;0.18340365588665009
34_aii_bi2_once_pos;Vor vier Monaten hat Sabine Timo einen neuen Haarschnitt verpasst.;Vor einer Woche hat Timo wieder einen neuen Haarschnitt bekommen, weil er an einem Frisurenwettbewerb teilgenommen hat.;Timo hat einmal einen neuen Haarschnitt bekommen.;unknown;34;aii;bi;2;positive;once;False;;;Vor vier Monaten hat Sabine Timo einen neuen Haarschnitt verpasst. Vor einer Woche hat Timo wieder einen neuen Haarschnitt bekommen, weil er an einem Frisurenwettbewerb teilgenommen hat.;Timo hat einmal einen neuen Haarschnitt bekommen.;jabo/bert-base-german-cased-xnli-de;entailment;0;0.03168925270438194;0.0585639663040638;0.9097468256950378
34_aii_bi2_twice_pos;Vor vier Monaten hat Sabine Timo einen neuen Haarschnitt verpasst.;Vor einer Woche hat Timo wieder einen neuen Haarschnitt bekommen, weil er an einem Frisurenwettbewerb teilgenommen hat.;Timo hat mindestens zweimal einen neuen Haarschnitt bekommen.;entailment;34;aii;bi;2;positive;twice;False;;;Vor vier Monaten hat Sabine Timo einen neuen Haarschnitt verpasst. Vor einer Woche hat Timo wieder einen neuen Haarschnitt bekommen, weil er an einem Frisurenwettbewerb teilgenommen hat.;Timo hat mindestens zweimal einen neuen Haarschnitt bekommen.;jabo/bert-base-german-cased-xnli-de;entailment;1;0.1548195630311966;0.14473815262317657;0.7004422545433044
34_aii_bi2_cannot_say_pos;Vor vier Monaten hat Sabine Timo einen neuen Haarschnitt verpasst.;Vor einer Woche hat Timo wieder einen neuen Haarschnitt bekommen, weil er an einem Frisurenwettbewerb teilgenommen hat.;Es lässt sich nicht sagen, wie oft Timo einen neuen Haarschnitt bekommen hat.;unknown;34;aii;bi;2;positive;cannot say;False;;;Vor vier Monaten hat Sabine Timo einen neuen Haarschnitt verpasst. Vor einer Woche hat Timo wieder einen neuen Haarschnitt bekommen, weil er an einem Frisurenwettbewerb teilgenommen hat.;Es lässt sich nicht sagen, wie oft Timo einen neuen Haarschnitt bekommen hat.;jabo/bert-base-german-cased-xnli-de;contradiction;0;0.5490766763687134;0.29258304834365845;0.15834031999111176
34_aii_bii1_once_pos;Vor vier Monaten hat Sabine Timo einen neuen Haarschnitt verpasst.;Vor einer Woche hat Sabine wieder einen neuen Haarschnitt kreiert, weil sie an einem Frisurenwettbewerb teilgenommen hat.;Sabine hat einmal einen neuen Haarschnitt kreiert.;unknown;34;aii;bii;1;positive;once;False;;;Vor vier Monaten hat Sabine Timo einen neuen Haarschnitt verpasst. Vor einer Woche hat Sabine wieder einen neuen Haarschnitt kreiert, weil sie an einem Frisurenwettbewerb teilgenommen hat.;Sabine hat einmal einen neuen Haarschnitt kreiert.;jabo/bert-base-german-cased-xnli-de;entailment;0;0.028864001855254173;0.05656038969755173;0.9145755767822266
34_aii_bii1_twice_pos;Vor vier Monaten hat Sabine Timo einen neuen Haarschnitt verpasst.;Vor einer Woche hat Sabine wieder einen neuen Haarschnitt kreiert, weil sie an einem Frisurenwettbewerb teilgenommen hat.;Sabine hat mindestens zweimal einen neuen Haarschnitt kreiert.;entailment;34;aii;bii;1;positive;twice;False;;;Vor vier Monaten hat Sabine Timo einen neuen Haarschnitt verpasst. Vor einer Woche hat Sabine wieder einen neuen Haarschnitt kreiert, weil sie an einem Frisurenwettbewerb teilgenommen hat.;Sabine hat mindestens zweimal einen neuen Haarschnitt kreiert.;jabo/bert-base-german-cased-xnli-de;entailment;1;0.08533428609371185;0.10865392535924911;0.8060117959976196
34_aii_bii1_cannot_say_pos;Vor vier Monaten hat Sabine Timo einen neuen Haarschnitt verpasst.;Vor einer Woche hat Sabine wieder einen neuen Haarschnitt kreiert, weil sie an einem Frisurenwettbewerb teilgenommen hat.;Es lässt sich nicht sagen, wie oft Sabine einen neuen Haarschnitt kreiert hat.;unknown;34;aii;bii;1;positive;cannot say;False;;;Vor vier Monaten hat Sabine Timo einen neuen Haarschnitt verpasst. Vor einer Woche hat Sabine wieder einen neuen Haarschnitt kreiert, weil sie an einem Frisurenwettbewerb teilgenommen hat.;Es lässt sich nicht sagen, wie oft Sabine einen neuen Haarschnitt kreiert hat.;jabo/bert-base-german-cased-xnli-de;entailment;0;0.3451806604862213;0.24393627047538757;0.4108830988407135
34_aii_bii2_once_neu;Vor vier Monaten hat Sabine Timo einen neuen Haarschnitt verpasst.;Vor einer Woche hat Timo wieder einen neuen Haarschnitt kreiert, weil er an einem Frisurenwettbewerb teilgenommen hat.;Timo hat einmal einen neuen Haarschnitt kreiert.;entailment;34;aii;bii;2;neutral;once;False;;;Vor vier Monaten hat Sabine Timo einen neuen Haarschnitt verpasst. Vor einer Woche hat Timo wieder einen neuen Haarschnitt kreiert, weil er an einem Frisurenwettbewerb teilgenommen hat.;Timo hat einmal einen neuen Haarschnitt kreiert.;jabo/bert-base-german-cased-xnli-de;entailment;1;0.02913658693432808;0.057190511375665665;0.9136728644371033
34_aii_bii2_twice_neu;Vor vier Monaten hat Sabine Timo einen neuen Haarschnitt verpasst.;Vor einer Woche hat Timo wieder einen neuen Haarschnitt kreiert, weil er an einem Frisurenwettbewerb teilgenommen hat.;Timo hat mindestens zweimal einen neuen Haarschnitt kreiert.;unknown;34;aii;bii;2;neutral;twice;False;;;Vor vier Monaten hat Sabine Timo einen neuen Haarschnitt verpasst. Vor einer Woche hat Timo wieder einen neuen Haarschnitt kreiert, weil er an einem Frisurenwettbewerb teilgenommen hat.;Timo hat mindestens zweimal einen neuen Haarschnitt kreiert.;jabo/bert-base-german-cased-xnli-de;entailment;0;0.08310861885547638;0.1143202930688858;0.8025711178779602
34_aii_bii2_cannot_say_neu;Vor vier Monaten hat Sabine Timo einen neuen Haarschnitt verpasst.;Vor einer Woche hat Timo wieder einen neuen Haarschnitt kreiert, weil er an einem Frisurenwettbewerb teilgenommen hat.;Es lässt sich nicht sagen, wie oft Timo einen neuen Haarschnitt kreiert hat.;unknown;34;aii;bii;2;neutral;cannot say;False;;;Vor vier Monaten hat Sabine Timo einen neuen Haarschnitt verpasst. Vor einer Woche hat Timo wieder einen neuen Haarschnitt kreiert, weil er an einem Frisurenwettbewerb teilgenommen hat.;Es lässt sich nicht sagen, wie oft Timo einen neuen Haarschnitt kreiert hat.;jabo/bert-base-german-cased-xnli-de;entailment;0;0.35223454236984253;0.25051501393318176;0.3972504436969757
35_ai_bi1_once_pos;Vorletzte Woche hat Timo Tina fünf Euro geborgt.;Vor zwei Tagen hat Tina wieder eine kleine Geldsumme ausgeliehen, als sie in einer Kneipe verabredet war.;Tina hat einmal eine kleine Geldsumme ausgeliehen.;unknown;35;ai;bi;1;positive;once;False;;;Vorletzte Woche hat Timo Tina fünf Euro geborgt. Vor zwei Tagen hat Tina wieder eine kleine Geldsumme ausgeliehen, als sie in einer Kneipe verabredet war.;Tina hat einmal eine kleine Geldsumme ausgeliehen.;jabo/bert-base-german-cased-xnli-de;entailment;0;0.021926462650299072;0.05110207200050354;0.9269714951515198
35_ai_bi1_twice_pos;Vorletzte Woche hat Timo Tina fünf Euro geborgt.;Vor zwei Tagen hat Tina wieder eine kleine Geldsumme ausgeliehen, als sie in einer Kneipe verabredet war.;Tina hat mindestens zweimal eine kleine Geldsumme ausgeliehen.;entailment;35;ai;bi;1;positive;twice;False;;;Vorletzte Woche hat Timo Tina fünf Euro geborgt. Vor zwei Tagen hat Tina wieder eine kleine Geldsumme ausgeliehen, als sie in einer Kneipe verabredet war.;Tina hat mindestens zweimal eine kleine Geldsumme ausgeliehen.;jabo/bert-base-german-cased-xnli-de;entailment;1;0.12634484469890594;0.11732585728168488;0.7563292384147644
35_ai_bi1_cannot_say_pos;Vorletzte Woche hat Timo Tina fünf Euro geborgt.;Vor zwei Tagen hat Tina wieder eine kleine Geldsumme ausgeliehen, als sie in einer Kneipe verabredet war.;Es lässt sich nicht sagen, wie oft Tina eine kleine Geldsumme ausgeliehen hat.;unknown;35;ai;bi;1;positive;cannot say;False;;;Vorletzte Woche hat Timo Tina fünf Euro geborgt. Vor zwei Tagen hat Tina wieder eine kleine Geldsumme ausgeliehen, als sie in einer Kneipe verabredet war.;Es lässt sich nicht sagen, wie oft Tina eine kleine Geldsumme ausgeliehen hat.;jabo/bert-base-german-cased-xnli-de;contradiction;0;0.6745294332504272;0.18496671319007874;0.14050380885601044
35_ai_bi2_once_neu;Vorletzte Woche hat Timo Tina fünf Euro geborgt.;Vor zwei Tagen hat Timo wieder eine kleine Geldsumme ausgeliehen, als er in einer Kneipe verabredet war.;Timo hat einmal eine kleine Geldsumme ausgeliehen.;entailment;35;ai;bi;2;neutral;once;False;;;Vorletzte Woche hat Timo Tina fünf Euro geborgt. Vor zwei Tagen hat Timo wieder eine kleine Geldsumme ausgeliehen, als er in einer Kneipe verabredet war.;Timo hat einmal eine kleine Geldsumme ausgeliehen.;jabo/bert-base-german-cased-xnli-de;entailment;1;0.02358734793961048;0.05270271375775337;0.9237099289894104
35_ai_bi2_twice_neu;Vorletzte Woche hat Timo Tina fünf Euro geborgt.;Vor zwei Tagen hat Timo wieder eine kleine Geldsumme ausgeliehen, als er in einer Kneipe verabredet war.;Timo hat mindestens zweimal eine kleine Geldsumme ausgeliehen.;unknown;35;ai;bi;2;neutral;twice;False;;;Vorletzte Woche hat Timo Tina fünf Euro geborgt. Vor zwei Tagen hat Timo wieder eine kleine Geldsumme ausgeliehen, als er in einer Kneipe verabredet war.;Timo hat mindestens zweimal eine kleine Geldsumme ausgeliehen.;jabo/bert-base-german-cased-xnli-de;entailment;0;0.03936155140399933;0.07276124507188797;0.8878772258758545
35_ai_bi2_cannot_say_neu;Vorletzte Woche hat Timo Tina fünf Euro geborgt.;Vor zwei Tagen hat Timo wieder eine kleine Geldsumme ausgeliehen, als er in einer Kneipe verabredet war.;Es lässt sich nicht sagen, wie oft Timo eine kleine Geldsumme ausgeliehen hat.;unknown;35;ai;bi;2;neutral;cannot say;False;;;Vorletzte Woche hat Timo Tina fünf Euro geborgt. Vor zwei Tagen hat Timo wieder eine kleine Geldsumme ausgeliehen, als er in einer Kneipe verabredet war.;Es lässt sich nicht sagen, wie oft Timo eine kleine Geldsumme ausgeliehen hat.;jabo/bert-base-german-cased-xnli-de;contradiction;0;0.7258482575416565;0.16419759392738342;0.10995414853096008
35_ai_bii1_once_neu;Vorletzte Woche hat Timo Tina fünf Euro geborgt.;Vor zwei Tagen hat Tina wieder eine kleine Geldsumme verliehen, als sie in einer Kneipe verabredet war.;Tina hat einmal eine kleine Geldsumme verliehen.;entailment;35;ai;bii;1;neutral;once;False;;;Vorletzte Woche hat Timo Tina fünf Euro geborgt. Vor zwei Tagen hat Tina wieder eine kleine Geldsumme verliehen, als sie in einer Kneipe verabredet war.;Tina hat einmal eine kleine Geldsumme verliehen.;jabo/bert-base-german-cased-xnli-de;entailment;1;0.021560147404670715;0.05186068266630173;0.9265792369842529
35_ai_bii1_twice_neu;Vorletzte Woche hat Timo Tina fünf Euro geborgt.;Vor zwei Tagen hat Tina wieder eine kleine Geldsumme verliehen, als sie in einer Kneipe verabredet war.;Tina hat mindestens zweimal eine kleine Geldsumme verliehen.;unknown;35;ai;bii;1;neutral;twice;False;;;Vorletzte Woche hat Timo Tina fünf Euro geborgt. Vor zwei Tagen hat Tina wieder eine kleine Geldsumme verliehen, als sie in einer Kneipe verabredet war.;Tina hat mindestens zweimal eine kleine Geldsumme verliehen.;jabo/bert-base-german-cased-xnli-de;entailment;0;0.11943959444761276;0.10917272418737411;0.7713876962661743
35_ai_bii1_cannot_say_neu;Vorletzte Woche hat Timo Tina fünf Euro geborgt.;Vor zwei Tagen hat Tina wieder eine kleine Geldsumme verliehen, als sie in einer Kneipe verabredet war.;Es lässt sich nicht sagen, wie oft Tina eine kleine Geldsumme verliehen hat.;unknown;35;ai;bii;1;neutral;cannot say;False;;;Vorletzte Woche hat Timo Tina fünf Euro geborgt. Vor zwei Tagen hat Tina wieder eine kleine Geldsumme verliehen, als sie in einer Kneipe verabredet war.;Es lässt sich nicht sagen, wie oft Tina eine kleine Geldsumme verliehen hat.;jabo/bert-base-german-cased-xnli-de;contradiction;0;0.6775519251823425;0.18313786387443542;0.13931013643741608
35_ai_bii2_once_pos;Vorletzte Woche hat Timo Tina fünf Euro geborgt.;Vor zwei Tagen hat Timo wieder eine kleine Geldsumme verliehen, als er in einer Kneipe verabredet war.;Timo hat einmal eine kleine Geldsumme verliehen.;unknown;35;ai;bii;2;positive;once;False;;;Vorletzte Woche hat Timo Tina fünf Euro geborgt. Vor zwei Tagen hat Timo wieder eine kleine Geldsumme verliehen, als er in einer Kneipe verabredet war.;Timo hat einmal eine kleine Geldsumme verliehen.;jabo/bert-base-german-cased-xnli-de;entailment;0;0.021798372268676758;0.049304284155368805;0.9288973212242126
35_ai_bii2_twice_pos;Vorletzte Woche hat Timo Tina fünf Euro geborgt.;Vor zwei Tagen hat Timo wieder eine kleine Geldsumme verliehen, als er in einer Kneipe verabredet war.;Timo hat mindestens zweimal eine kleine Geldsumme verliehen.;entailment;35;ai;bii;2;positive;twice;False;;;Vorletzte Woche hat Timo Tina fünf Euro geborgt. Vor zwei Tagen hat Timo wieder eine kleine Geldsumme verliehen, als er in einer Kneipe verabredet war.;Timo hat mindestens zweimal eine kleine Geldsumme verliehen.;jabo/bert-base-german-cased-xnli-de;entailment;1;0.07647325098514557;0.08682376146316528;0.8367029428482056
35_ai_bii2_cannot_say_pos;Vorletzte Woche hat Timo Tina fünf Euro geborgt.;Vor zwei Tagen hat Timo wieder eine kleine Geldsumme verliehen, als er in einer Kneipe verabredet war.;Es lässt sich nicht sagen, wie oft Timo eine kleine Geldsumme verliehen hat.;unknown;35;ai;bii;2;positive;cannot say;False;;;Vorletzte Woche hat Timo Tina fünf Euro geborgt. Vor zwei Tagen hat Timo wieder eine kleine Geldsumme verliehen, als er in einer Kneipe verabredet war.;Es lässt sich nicht sagen, wie oft Timo eine kleine Geldsumme verliehen hat.;jabo/bert-base-german-cased-xnli-de;contradiction;0;0.7013020515441895;0.1671849489212036;0.13151296973228455
35_aii_bi1_once_neu;Vorletzte Woche hat Tina Timo fünf Euro geborgt.;Vor zwei Tagen hat Tina wieder eine kleine Geldsumme ausgeliehen, als sie in einer Kneipe verabredet war.;Tina hat einmal eine kleine Geldsumme ausgeliehen.;entailment;35;aii;bi;1;neutral;once;False;;;Vorletzte Woche hat Tina Timo fünf Euro geborgt. Vor zwei Tagen hat Tina wieder eine kleine Geldsumme ausgeliehen, als sie in einer Kneipe verabredet war.;Tina hat einmal eine kleine Geldsumme ausgeliehen.;jabo/bert-base-german-cased-xnli-de;entailment;1;0.021826814860105515;0.05167389661073685;0.9264993071556091
35_aii_bi1_twice_neu;Vorletzte Woche hat Tina Timo fünf Euro geborgt.;Vor zwei Tagen hat Tina wieder eine kleine Geldsumme ausgeliehen, als sie in einer Kneipe verabredet war.;Tina hat mindestens zweimal eine kleine Geldsumme ausgeliehen.;unknown;35;aii;bi;1;neutral;twice;False;;;Vorletzte Woche hat Tina Timo fünf Euro geborgt. Vor zwei Tagen hat Tina wieder eine kleine Geldsumme ausgeliehen, als sie in einer Kneipe verabredet war.;Tina hat mindestens zweimal eine kleine Geldsumme ausgeliehen.;jabo/bert-base-german-cased-xnli-de;entailment;0;0.12316132336854935;0.11300406605005264;0.7638345956802368
35_aii_bi1_cannot_say_neu;Vorletzte Woche hat Tina Timo fünf Euro geborgt.;Vor zwei Tagen hat Tina wieder eine kleine Geldsumme ausgeliehen, als sie in einer Kneipe verabredet war.;Es lässt sich nicht sagen, wie oft Tina eine kleine Geldsumme ausgeliehen hat.;unknown;35;aii;bi;1;neutral;cannot say;False;;;Vorletzte Woche hat Tina Timo fünf Euro geborgt. Vor zwei Tagen hat Tina wieder eine kleine Geldsumme ausgeliehen, als sie in einer Kneipe verabredet war.;Es lässt sich nicht sagen, wie oft Tina eine kleine Geldsumme ausgeliehen hat.;jabo/bert-base-german-cased-xnli-de;contradiction;0;0.6582431793212891;0.19081050157546997;0.15094627439975739
35_aii_bi2_once_pos;Vorletzte Woche hat Tina Timo fünf Euro geborgt.;Vor zwei Tagen hat Timo wieder eine kleine Geldsumme ausgeliehen, als er in einer Kneipe verabredet war.;Timo hat einmal eine kleine Geldsumme ausgeliehen.;unknown;35;aii;bi;2;positive;once;False;;;Vorletzte Woche hat Tina Timo fünf Euro geborgt. Vor zwei Tagen hat Timo wieder eine kleine Geldsumme ausgeliehen, als er in einer Kneipe verabredet war.;Timo hat einmal eine kleine Geldsumme ausgeliehen.;jabo/bert-base-german-cased-xnli-de;entailment;0;0.023675434291362762;0.05343056842684746;0.9228940010070801
35_aii_bi2_twice_pos;Vorletzte Woche hat Tina Timo fünf Euro geborgt.;Vor zwei Tagen hat Timo wieder eine kleine Geldsumme ausgeliehen, als er in einer Kneipe verabredet war.;Timo hat mindestens zweimal eine kleine Geldsumme ausgeliehen.;entailment;35;aii;bi;2;positive;twice;False;;;Vorletzte Woche hat Tina Timo fünf Euro geborgt. Vor zwei Tagen hat Timo wieder eine kleine Geldsumme ausgeliehen, als er in einer Kneipe verabredet war.;Timo hat mindestens zweimal eine kleine Geldsumme ausgeliehen.;jabo/bert-base-german-cased-xnli-de;entailment;1;0.03850913047790527;0.07347758859395981;0.8880133032798767
35_aii_bi2_cannot_say_pos;Vorletzte Woche hat Tina Timo fünf Euro geborgt.;Vor zwei Tagen hat Timo wieder eine kleine Geldsumme ausgeliehen, als er in einer Kneipe verabredet war.;Es lässt sich nicht sagen, wie oft Timo eine kleine Geldsumme ausgeliehen hat.;unknown;35;aii;bi;2;positive;cannot say;False;;;Vorletzte Woche hat Tina Timo fünf Euro geborgt. Vor zwei Tagen hat Timo wieder eine kleine Geldsumme ausgeliehen, als er in einer Kneipe verabredet war.;Es lässt sich nicht sagen, wie oft Timo eine kleine Geldsumme ausgeliehen hat.;jabo/bert-base-german-cased-xnli-de;contradiction;0;0.7194456458091736;0.16847048699855804;0.11208385229110718
35_aii_bii1_once_pos;Vorletzte Woche hat Tina Timo fünf Euro geborgt.;Vor zwei Tagen hat Tina wieder eine kleine Geldsumme verliehen, als sie in einer Kneipe verabredet war.;Tina hat einmal eine kleine Geldsumme verliehen.;unknown;35;aii;bii;1;positive;once;False;;;Vorletzte Woche hat Tina Timo fünf Euro geborgt. Vor zwei Tagen hat Tina wieder eine kleine Geldsumme verliehen, als sie in einer Kneipe verabredet war.;Tina hat einmal eine kleine Geldsumme verliehen.;jabo/bert-base-german-cased-xnli-de;entailment;0;0.02150268293917179;0.052321530878543854;0.9261757135391235
35_aii_bii1_twice_pos;Vorletzte Woche hat Tina Timo fünf Euro geborgt.;Vor zwei Tagen hat Tina wieder eine kleine Geldsumme verliehen, als sie in einer Kneipe verabredet war.;Tina hat mindestens zweimal eine kleine Geldsumme verliehen.;entailment;35;aii;bii;1;positive;twice;False;;;Vorletzte Woche hat Tina Timo fünf Euro geborgt. Vor zwei Tagen hat Tina wieder eine kleine Geldsumme verliehen, als sie in einer Kneipe verabredet war.;Tina hat mindestens zweimal eine kleine Geldsumme verliehen.;jabo/bert-base-german-cased-xnli-de;entailment;1;0.11582478135824203;0.10713649541139603;0.7770386934280396
35_aii_bii1_cannot_say_pos;Vorletzte Woche hat Tina Timo fünf Euro geborgt.;Vor zwei Tagen hat Tina wieder eine kleine Geldsumme verliehen, als sie in einer Kneipe verabredet war.;Es lässt sich nicht sagen, wie oft Tina eine kleine Geldsumme verliehen hat.;unknown;35;aii;bii;1;positive;cannot say;False;;;Vorletzte Woche hat Tina Timo fünf Euro geborgt. Vor zwei Tagen hat Tina wieder eine kleine Geldsumme verliehen, als sie in einer Kneipe verabredet war.;Es lässt sich nicht sagen, wie oft Tina eine kleine Geldsumme verliehen hat.;jabo/bert-base-german-cased-xnli-de;contradiction;0;0.6656845808029175;0.18725620210170746;0.14705932140350342
35_aii_bii2_once_neu;Vorletzte Woche hat Tina Timo fünf Euro geborgt.;Vor zwei Tagen hat Timo wieder eine kleine Geldsumme verliehen, als er in einer Kneipe verabredet war.;Timo hat einmal eine kleine Geldsumme verliehen.;entailment;35;aii;bii;2;neutral;once;False;;;Vorletzte Woche hat Tina Timo fünf Euro geborgt. Vor zwei Tagen hat Timo wieder eine kleine Geldsumme verliehen, als er in einer Kneipe verabredet war.;Timo hat einmal eine kleine Geldsumme verliehen.;jabo/bert-base-german-cased-xnli-de;entailment;1;0.02182956412434578;0.049746524542570114;0.9284238815307617
35_aii_bii2_twice_neu;Vorletzte Woche hat Tina Timo fünf Euro geborgt.;Vor zwei Tagen hat Timo wieder eine kleine Geldsumme verliehen, als er in einer Kneipe verabredet war.;Timo hat mindestens zweimal eine kleine Geldsumme verliehen.;unknown;35;aii;bii;2;neutral;twice;False;;;Vorletzte Woche hat Tina Timo fünf Euro geborgt. Vor zwei Tagen hat Timo wieder eine kleine Geldsumme verliehen, als er in einer Kneipe verabredet war.;Timo hat mindestens zweimal eine kleine Geldsumme verliehen.;jabo/bert-base-german-cased-xnli-de;entailment;0;0.07087421417236328;0.0863313227891922;0.8427944779396057
35_aii_bii2_cannot_say_neu;Vorletzte Woche hat Tina Timo fünf Euro geborgt.;Vor zwei Tagen hat Timo wieder eine kleine Geldsumme verliehen, als er in einer Kneipe verabredet war.;Es lässt sich nicht sagen, wie oft Timo eine kleine Geldsumme verliehen hat.;unknown;35;aii;bii;2;neutral;cannot say;False;;;Vorletzte Woche hat Tina Timo fünf Euro geborgt. Vor zwei Tagen hat Timo wieder eine kleine Geldsumme verliehen, als er in einer Kneipe verabredet war.;Es lässt sich nicht sagen, wie oft Timo eine kleine Geldsumme verliehen hat.;jabo/bert-base-german-cased-xnli-de;contradiction;0;0.6959940791130066;0.16974909603595734;0.13425683975219727
36_ai_bi1_once_pos;Vor einem Monat hat Karl Thorsten eine dringende Erinnerung per Mail zukommen lassen.;Vor zwei Wochen hat Thorsten wieder eine dringende Erinnerung erhalten, während er an einem Projekt gearbeitet hat.;Thorsten hat einmal eine dringende Erinnerung erhalten.;unknown;36;ai;bi;1;positive;once;False;;;Vor einem Monat hat Karl Thorsten eine dringende Erinnerung per Mail zukommen lassen. Vor zwei Wochen hat Thorsten wieder eine dringende Erinnerung erhalten, während er an einem Projekt gearbeitet hat.;Thorsten hat einmal eine dringende Erinnerung erhalten.;jabo/bert-base-german-cased-xnli-de;entailment;0;0.02107870578765869;0.04372928664088249;0.9351920485496521
36_ai_bi1_twice_pos;Vor einem Monat hat Karl Thorsten eine dringende Erinnerung per Mail zukommen lassen.;Vor zwei Wochen hat Thorsten wieder eine dringende Erinnerung erhalten, während er an einem Projekt gearbeitet hat.;Thorsten hat mindestens zweimal eine dringende Erinnerung erhalten.;entailment;36;ai;bi;1;positive;twice;False;;;Vor einem Monat hat Karl Thorsten eine dringende Erinnerung per Mail zukommen lassen. Vor zwei Wochen hat Thorsten wieder eine dringende Erinnerung erhalten, während er an einem Projekt gearbeitet hat.;Thorsten hat mindestens zweimal eine dringende Erinnerung erhalten.;jabo/bert-base-german-cased-xnli-de;entailment;1;0.045876774936914444;0.0976804867386818;0.8564426898956299
36_ai_bi1_cannot_say_pos;Vor einem Monat hat Karl Thorsten eine dringende Erinnerung per Mail zukommen lassen.;Vor zwei Wochen hat Thorsten wieder eine dringende Erinnerung erhalten, während er an einem Projekt gearbeitet hat.;Es lässt sich nicht sagen, wie oft Thorsten eine dringende Erinnerung erhalten hat.;unknown;36;ai;bi;1;positive;cannot say;False;;;Vor einem Monat hat Karl Thorsten eine dringende Erinnerung per Mail zukommen lassen. Vor zwei Wochen hat Thorsten wieder eine dringende Erinnerung erhalten, während er an einem Projekt gearbeitet hat.;Es lässt sich nicht sagen, wie oft Thorsten eine dringende Erinnerung erhalten hat.;jabo/bert-base-german-cased-xnli-de;contradiction;0;0.8849300146102905;0.08957543224096298;0.02549457550048828
36_ai_bi2_once_neu;Vor einem Monat hat Karl Thorsten eine dringende Erinnerung per Mail zukommen lassen.;Vor zwei Wochen hat Karl wieder eine dringende Erinnerung erhalten, während er an einem Projekt gearbeitet hat.;Karl hat einmal eine dringende Erinnerung erhalten.;entailment;36;ai;bi;2;neutral;once;False;;;Vor einem Monat hat Karl Thorsten eine dringende Erinnerung per Mail zukommen lassen. Vor zwei Wochen hat Karl wieder eine dringende Erinnerung erhalten, während er an einem Projekt gearbeitet hat.;Karl hat einmal eine dringende Erinnerung erhalten.;jabo/bert-base-german-cased-xnli-de;entailment;1;0.021214867010712624;0.04353450611233711;0.9352506399154663
36_ai_bi2_twice_neu;Vor einem Monat hat Karl Thorsten eine dringende Erinnerung per Mail zukommen lassen.;Vor zwei Wochen hat Karl wieder eine dringende Erinnerung erhalten, während er an einem Projekt gearbeitet hat.;Karl hat mindestens zweimal eine dringende Erinnerung erhalten.;unknown;36;ai;bi;2;neutral;twice;False;;;Vor einem Monat hat Karl Thorsten eine dringende Erinnerung per Mail zukommen lassen. Vor zwei Wochen hat Karl wieder eine dringende Erinnerung erhalten, während er an einem Projekt gearbeitet hat.;Karl hat mindestens zweimal eine dringende Erinnerung erhalten.;jabo/bert-base-german-cased-xnli-de;entailment;0;0.03806697577238083;0.09419092535972595;0.8677420020103455
36_ai_bi2_cannot_say_neu;Vor einem Monat hat Karl Thorsten eine dringende Erinnerung per Mail zukommen lassen.;Vor zwei Wochen hat Karl wieder eine dringende Erinnerung erhalten, während er an einem Projekt gearbeitet hat.;Es lässt sich nicht sagen, wie oft Karl eine dringende Erinnerung erhalten hat.;unknown;36;ai;bi;2;neutral;cannot say;False;;;Vor einem Monat hat Karl Thorsten eine dringende Erinnerung per Mail zukommen lassen. Vor zwei Wochen hat Karl wieder eine dringende Erinnerung erhalten, während er an einem Projekt gearbeitet hat.;Es lässt sich nicht sagen, wie oft Karl eine dringende Erinnerung erhalten hat.;jabo/bert-base-german-cased-xnli-de;contradiction;0;0.8969558477401733;0.08303891122341156;0.020005183294415474
36_ai_bii1_once_neu;Vor einem Monat hat Karl Thorsten eine dringende Erinnerung per Mail zukommen lassen.;Vor zwei Wochen hat Thorsten wieder eine dringende Erinnerung verschickt, während er an einem Projekt gearbeitet hat.;Thorsten hat einmal eine dringende Erinnerung verschickt.;entailment;36;ai;bii;1;neutral;once;False;;;Vor einem Monat hat Karl Thorsten eine dringende Erinnerung per Mail zukommen lassen. Vor zwei Wochen hat Thorsten wieder eine dringende Erinnerung verschickt, während er an einem Projekt gearbeitet hat.;Thorsten hat einmal eine dringende Erinnerung verschickt.;jabo/bert-base-german-cased-xnli-de;entailment;1;0.021729283034801483;0.044280074536800385;0.9339906573295593
36_ai_bii1_twice_neu;Vor einem Monat hat Karl Thorsten eine dringende Erinnerung per Mail zukommen lassen.;Vor zwei Wochen hat Thorsten wieder eine dringende Erinnerung verschickt, während er an einem Projekt gearbeitet hat.;Thorsten hat mindestens zweimal eine dringende Erinnerung verschickt.;unknown;36;ai;bii;1;neutral;twice;False;;;Vor einem Monat hat Karl Thorsten eine dringende Erinnerung per Mail zukommen lassen. Vor zwei Wochen hat Thorsten wieder eine dringende Erinnerung verschickt, während er an einem Projekt gearbeitet hat.;Thorsten hat mindestens zweimal eine dringende Erinnerung verschickt.;jabo/bert-base-german-cased-xnli-de;entailment;0;0.02825886197388172;0.1132010668516159;0.8585400581359863
36_ai_bii1_cannot_say_neu;Vor einem Monat hat Karl Thorsten eine dringende Erinnerung per Mail zukommen lassen.;Vor zwei Wochen hat Thorsten wieder eine dringende Erinnerung verschickt, während er an einem Projekt gearbeitet hat.;Es lässt sich nicht sagen, wie oft Thorsten eine dringende Erinnerung verschickt hat.;unknown;36;ai;bii;1;neutral;cannot say;False;;;Vor einem Monat hat Karl Thorsten eine dringende Erinnerung per Mail zukommen lassen. Vor zwei Wochen hat Thorsten wieder eine dringende Erinnerung verschickt, während er an einem Projekt gearbeitet hat.;Es lässt sich nicht sagen, wie oft Thorsten eine dringende Erinnerung verschickt hat.;jabo/bert-base-german-cased-xnli-de;contradiction;0;0.8590167760848999;0.1010516881942749;0.03993159160017967
36_ai_bii2_once_pos;Vor einem Monat hat Karl Thorsten eine dringende Erinnerung per Mail zukommen lassen.;Vor zwei Wochen hat Karl wieder eine dringende Erinnerung verschickt, während er an einem Projekt gearbeitet hat.;Karl hat einmal eine dringende Erinnerung verschickt.;unknown;36;ai;bii;2;positive;once;False;;;Vor einem Monat hat Karl Thorsten eine dringende Erinnerung per Mail zukommen lassen. Vor zwei Wochen hat Karl wieder eine dringende Erinnerung verschickt, während er an einem Projekt gearbeitet hat.;Karl hat einmal eine dringende Erinnerung verschickt.;jabo/bert-base-german-cased-xnli-de;entailment;0;0.021805167198181152;0.043708108365535736;0.9344867467880249
36_ai_bii2_twice_pos;Vor einem Monat hat Karl Thorsten eine dringende Erinnerung per Mail zukommen lassen.;Vor zwei Wochen hat Karl wieder eine dringende Erinnerung verschickt, während er an einem Projekt gearbeitet hat.;Karl hat mindestens zweimal eine dringende Erinnerung verschickt.;entailment;36;ai;bii;2;positive;twice;False;;;Vor einem Monat hat Karl Thorsten eine dringende Erinnerung per Mail zukommen lassen. Vor zwei Wochen hat Karl wieder eine dringende Erinnerung verschickt, während er an einem Projekt gearbeitet hat.;Karl hat mindestens zweimal eine dringende Erinnerung verschickt.;jabo/bert-base-german-cased-xnli-de;entailment;1;0.026032837107777596;0.07213526219129562;0.9018319249153137
36_ai_bii2_cannot_say_pos;Vor einem Monat hat Karl Thorsten eine dringende Erinnerung per Mail zukommen lassen.;Vor zwei Wochen hat Karl wieder eine dringende Erinnerung verschickt, während er an einem Projekt gearbeitet hat.;Es lässt sich nicht sagen, wie oft Karl eine dringende Erinnerung verschickt hat.;unknown;36;ai;bii;2;positive;cannot say;False;;;Vor einem Monat hat Karl Thorsten eine dringende Erinnerung per Mail zukommen lassen. Vor zwei Wochen hat Karl wieder eine dringende Erinnerung verschickt, während er an einem Projekt gearbeitet hat.;Es lässt sich nicht sagen, wie oft Karl eine dringende Erinnerung verschickt hat.;jabo/bert-base-german-cased-xnli-de;contradiction;0;0.8361198902130127;0.11357556283473969;0.05030449852347374
36_aii_bi1_once_neu;Vor einem Monat hat Thorsten Karl eine dringende Erinnerung per Mail zukommen lassen.;Vor zwei Wochen hat Thorsten wieder eine dringende Erinnerung erhalten, während er an einem Projekt gearbeitet hat.;Thorsten hat einmal eine dringende Erinnerung erhalten.;entailment;36;aii;bi;1;neutral;once;False;;;Vor einem Monat hat Thorsten Karl eine dringende Erinnerung per Mail zukommen lassen. Vor zwei Wochen hat Thorsten wieder eine dringende Erinnerung erhalten, während er an einem Projekt gearbeitet hat.;Thorsten hat einmal eine dringende Erinnerung erhalten.;jabo/bert-base-german-cased-xnli-de;entailment;1;0.020914066582918167;0.043453045189380646;0.9356329441070557
36_aii_bi1_twice_neu;Vor einem Monat hat Thorsten Karl eine dringende Erinnerung per Mail zukommen lassen.;Vor zwei Wochen hat Thorsten wieder eine dringende Erinnerung erhalten, während er an einem Projekt gearbeitet hat.;Thorsten hat mindestens zweimal eine dringende Erinnerung erhalten.;unknown;36;aii;bi;1;neutral;twice;False;;;Vor einem Monat hat Thorsten Karl eine dringende Erinnerung per Mail zukommen lassen. Vor zwei Wochen hat Thorsten wieder eine dringende Erinnerung erhalten, während er an einem Projekt gearbeitet hat.;Thorsten hat mindestens zweimal eine dringende Erinnerung erhalten.;jabo/bert-base-german-cased-xnli-de;entailment;0;0.046145249158144;0.09579929709434509;0.8580554127693176
36_aii_bi1_cannot_say_neu;Vor einem Monat hat Thorsten Karl eine dringende Erinnerung per Mail zukommen lassen.;Vor zwei Wochen hat Thorsten wieder eine dringende Erinnerung erhalten, während er an einem Projekt gearbeitet hat.;Es lässt sich nicht sagen, wie oft Thorsten eine dringende Erinnerung erhalten hat.;unknown;36;aii;bi;1;neutral;cannot say;False;;;Vor einem Monat hat Thorsten Karl eine dringende Erinnerung per Mail zukommen lassen. Vor zwei Wochen hat Thorsten wieder eine dringende Erinnerung erhalten, während er an einem Projekt gearbeitet hat.;Es lässt sich nicht sagen, wie oft Thorsten eine dringende Erinnerung erhalten hat.;jabo/bert-base-german-cased-xnli-de;contradiction;0;0.8874265551567078;0.08791323006153107;0.02466028369963169
36_aii_bi2_once_pos;Vor einem Monat hat Thorsten Karl eine dringende Erinnerung per Mail zukommen lassen.;Vor zwei Wochen hat Karl wieder eine dringende Erinnerung erhalten, während er an einem Projekt gearbeitet hat.;Karl hat einmal eine dringende Erinnerung erhalten.;unknown;36;aii;bi;2;positive;once;False;;;Vor einem Monat hat Thorsten Karl eine dringende Erinnerung per Mail zukommen lassen. Vor zwei Wochen hat Karl wieder eine dringende Erinnerung erhalten, während er an einem Projekt gearbeitet hat.;Karl hat einmal eine dringende Erinnerung erhalten.;jabo/bert-base-german-cased-xnli-de;entailment;0;0.02121768705546856;0.043631743639707565;0.9351505637168884
36_aii_bi2_twice_pos;Vor einem Monat hat Thorsten Karl eine dringende Erinnerung per Mail zukommen lassen.;Vor zwei Wochen hat Karl wieder eine dringende Erinnerung erhalten, während er an einem Projekt gearbeitet hat.;Karl hat mindestens zweimal eine dringende Erinnerung erhalten.;entailment;36;aii;bi;2;positive;twice;False;;;Vor einem Monat hat Thorsten Karl eine dringende Erinnerung per Mail zukommen lassen. Vor zwei Wochen hat Karl wieder eine dringende Erinnerung erhalten, während er an einem Projekt gearbeitet hat.;Karl hat mindestens zweimal eine dringende Erinnerung erhalten.;jabo/bert-base-german-cased-xnli-de;entailment;1;0.03961944207549095;0.09497600048780441;0.8654045462608337
36_aii_bi2_cannot_say_pos;Vor einem Monat hat Thorsten Karl eine dringende Erinnerung per Mail zukommen lassen.;Vor zwei Wochen hat Karl wieder eine dringende Erinnerung erhalten, während er an einem Projekt gearbeitet hat.;Es lässt sich nicht sagen, wie oft Karl eine dringende Erinnerung erhalten hat.;unknown;36;aii;bi;2;positive;cannot say;False;;;Vor einem Monat hat Thorsten Karl eine dringende Erinnerung per Mail zukommen lassen. Vor zwei Wochen hat Karl wieder eine dringende Erinnerung erhalten, während er an einem Projekt gearbeitet hat.;Es lässt sich nicht sagen, wie oft Karl eine dringende Erinnerung erhalten hat.;jabo/bert-base-german-cased-xnli-de;contradiction;0;0.9038795828819275;0.07913124561309814;0.01698918454349041
36_aii_bii1_once_pos;Vor einem Monat hat Thorsten Karl eine dringende Erinnerung per Mail zukommen lassen.;Vor zwei Wochen hat Thorsten wieder eine dringende Erinnerung verschickt, während er an einem Projekt gearbeitet hat.;Thorsten hat einmal eine dringende Erinnerung verschickt.;unknown;36;aii;bii;1;positive;once;False;;;Vor einem Monat hat Thorsten Karl eine dringende Erinnerung per Mail zukommen lassen. Vor zwei Wochen hat Thorsten wieder eine dringende Erinnerung verschickt, während er an einem Projekt gearbeitet hat.;Thorsten hat einmal eine dringende Erinnerung verschickt.;jabo/bert-base-german-cased-xnli-de;entailment;0;0.021655825898051262;0.04408250376582146;0.9342616200447083
36_aii_bii1_twice_pos;Vor einem Monat hat Thorsten Karl eine dringende Erinnerung per Mail zukommen lassen.;Vor zwei Wochen hat Thorsten wieder eine dringende Erinnerung verschickt, während er an einem Projekt gearbeitet hat.;Thorsten hat mindestens zweimal eine dringende Erinnerung verschickt.;entailment;36;aii;bii;1;positive;twice;False;;;Vor einem Monat hat Thorsten Karl eine dringende Erinnerung per Mail zukommen lassen. Vor zwei Wochen hat Thorsten wieder eine dringende Erinnerung verschickt, während er an einem Projekt gearbeitet hat.;Thorsten hat mindestens zweimal eine dringende Erinnerung verschickt.;jabo/bert-base-german-cased-xnli-de;entailment;1;0.02790691889822483;0.11342133581638336;0.8586717247962952
36_aii_bii1_cannot_say_pos;Vor einem Monat hat Thorsten Karl eine dringende Erinnerung per Mail zukommen lassen.;Vor zwei Wochen hat Thorsten wieder eine dringende Erinnerung verschickt, während er an einem Projekt gearbeitet hat.;Es lässt sich nicht sagen, wie oft Thorsten eine dringende Erinnerung verschickt hat.;unknown;36;aii;bii;1;positive;cannot say;False;;;Vor einem Monat hat Thorsten Karl eine dringende Erinnerung per Mail zukommen lassen. Vor zwei Wochen hat Thorsten wieder eine dringende Erinnerung verschickt, während er an einem Projekt gearbeitet hat.;Es lässt sich nicht sagen, wie oft Thorsten eine dringende Erinnerung verschickt hat.;jabo/bert-base-german-cased-xnli-de;contradiction;0;0.8694670796394348;0.09534240514039993;0.03519053757190704
36_aii_bii2_once_neu;Vor einem Monat hat Thorsten Karl eine dringende Erinnerung per Mail zukommen lassen.;Vor zwei Wochen hat Karl wieder eine dringende Erinnerung verschickt, während er an einem Projekt gearbeitet hat.;Karl hat einmal eine dringende Erinnerung verschickt.;entailment;36;aii;bii;2;neutral;once;False;;;Vor einem Monat hat Thorsten Karl eine dringende Erinnerung per Mail zukommen lassen. Vor zwei Wochen hat Karl wieder eine dringende Erinnerung verschickt, während er an einem Projekt gearbeitet hat.;Karl hat einmal eine dringende Erinnerung verschickt.;jabo/bert-base-german-cased-xnli-de;entailment;1;0.021700255572795868;0.04359951615333557;0.9347001910209656
36_aii_bii2_twice_neu;Vor einem Monat hat Thorsten Karl eine dringende Erinnerung per Mail zukommen lassen.;Vor zwei Wochen hat Karl wieder eine dringende Erinnerung verschickt, während er an einem Projekt gearbeitet hat.;Karl hat mindestens zweimal eine dringende Erinnerung verschickt.;unknown;36;aii;bii;2;neutral;twice;False;;;Vor einem Monat hat Thorsten Karl eine dringende Erinnerung per Mail zukommen lassen. Vor zwei Wochen hat Karl wieder eine dringende Erinnerung verschickt, während er an einem Projekt gearbeitet hat.;Karl hat mindestens zweimal eine dringende Erinnerung verschickt.;jabo/bert-base-german-cased-xnli-de;entailment;0;0.02696540392935276;0.07473544776439667;0.8982992172241211
36_aii_bii2_cannot_say_neu;Vor einem Monat hat Thorsten Karl eine dringende Erinnerung per Mail zukommen lassen.;Vor zwei Wochen hat Karl wieder eine dringende Erinnerung verschickt, während er an einem Projekt gearbeitet hat.;Es lässt sich nicht sagen, wie oft Karl eine dringende Erinnerung verschickt hat.;unknown;36;aii;bii;2;neutral;cannot say;False;;;Vor einem Monat hat Thorsten Karl eine dringende Erinnerung per Mail zukommen lassen. Vor zwei Wochen hat Karl wieder eine dringende Erinnerung verschickt, während er an einem Projekt gearbeitet hat.;Es lässt sich nicht sagen, wie oft Karl eine dringende Erinnerung verschickt hat.;jabo/bert-base-german-cased-xnli-de;contradiction;0;0.8592232465744019;0.10227196663618088;0.03850468620657921
37_ai_bi1_once_pos;Vor vier Jahren hat Karl Judith ein maßgefertigtes Bett gebaut.;Vor fünf Wochen hat Judith wieder ein maßgefertigtes Bett bekommen, weil sie mit einem Freund zusammen zieht.;Judith hat einmal ein maßgefertigtes Bett bekommen.;unknown;37;ai;bi;1;positive;once;False;;;Vor vier Jahren hat Karl Judith ein maßgefertigtes Bett gebaut. Vor fünf Wochen hat Judith wieder ein maßgefertigtes Bett bekommen, weil sie mit einem Freund zusammen zieht.;Judith hat einmal ein maßgefertigtes Bett bekommen.;jabo/bert-base-german-cased-xnli-de;entailment;0;0.022441502660512924;0.04873596504330635;0.9288225769996643
37_ai_bi1_twice_pos;Vor vier Jahren hat Karl Judith ein maßgefertigtes Bett gebaut.;Vor fünf Wochen hat Judith wieder ein maßgefertigtes Bett bekommen, weil sie mit einem Freund zusammen zieht.;Judith hat mindestens zweimal ein maßgefertigtes Bett bekommen.;entailment;37;ai;bi;1;positive;twice;False;;;Vor vier Jahren hat Karl Judith ein maßgefertigtes Bett gebaut. Vor fünf Wochen hat Judith wieder ein maßgefertigtes Bett bekommen, weil sie mit einem Freund zusammen zieht.;Judith hat mindestens zweimal ein maßgefertigtes Bett bekommen.;jabo/bert-base-german-cased-xnli-de;entailment;1;0.2866387367248535;0.3239690363407135;0.38939225673675537
37_ai_bi1_cannot_say_pos;Vor vier Jahren hat Karl Judith ein maßgefertigtes Bett gebaut.;Vor fünf Wochen hat Judith wieder ein maßgefertigtes Bett bekommen, weil sie mit einem Freund zusammen zieht.;Es lässt sich nicht sagen, wie oft Judith ein maßgefertigtes Bett bekommen hat.;unknown;37;ai;bi;1;positive;cannot say;False;;;Vor vier Jahren hat Karl Judith ein maßgefertigtes Bett gebaut. Vor fünf Wochen hat Judith wieder ein maßgefertigtes Bett bekommen, weil sie mit einem Freund zusammen zieht.;Es lässt sich nicht sagen, wie oft Judith ein maßgefertigtes Bett bekommen hat.;jabo/bert-base-german-cased-xnli-de;contradiction;0;0.7689806818962097;0.20655572414398193;0.024463582783937454
37_ai_bi2_once_neu;Vor vier Jahren hat Karl Judith ein maßgefertigtes Bett gebaut.;Vor fünf Wochen hat Karl wieder ein maßgefertigtes Bett bekommen, weil er mit einem Freund zusammen zieht.;Karl hat einmal ein maßgefertigtes Bett bekommen.;entailment;37;ai;bi;2;neutral;once;False;;;Vor vier Jahren hat Karl Judith ein maßgefertigtes Bett gebaut. Vor fünf Wochen hat Karl wieder ein maßgefertigtes Bett bekommen, weil er mit einem Freund zusammen zieht.;Karl hat einmal ein maßgefertigtes Bett bekommen.;jabo/bert-base-german-cased-xnli-de;entailment;1;0.023485947400331497;0.048910629004240036;0.9276034235954285
37_ai_bi2_twice_neu;Vor vier Jahren hat Karl Judith ein maßgefertigtes Bett gebaut.;Vor fünf Wochen hat Karl wieder ein maßgefertigtes Bett bekommen, weil er mit einem Freund zusammen zieht.;Karl hat mindestens zweimal ein maßgefertigtes Bett bekommen.;unknown;37;ai;bi;2;neutral;twice;False;;;Vor vier Jahren hat Karl Judith ein maßgefertigtes Bett gebaut. Vor fünf Wochen hat Karl wieder ein maßgefertigtes Bett bekommen, weil er mit einem Freund zusammen zieht.;Karl hat mindestens zweimal ein maßgefertigtes Bett bekommen.;jabo/bert-base-german-cased-xnli-de;entailment;0;0.1422567218542099;0.15564240515232086;0.7021008133888245
37_ai_bi2_cannot_say_neu;Vor vier Jahren hat Karl Judith ein maßgefertigtes Bett gebaut.;Vor fünf Wochen hat Karl wieder ein maßgefertigtes Bett bekommen, weil er mit einem Freund zusammen zieht.;Es lässt sich nicht sagen, wie oft Karl ein maßgefertigtes Bett bekommen hat.;unknown;37;ai;bi;2;neutral;cannot say;False;;;Vor vier Jahren hat Karl Judith ein maßgefertigtes Bett gebaut. Vor fünf Wochen hat Karl wieder ein maßgefertigtes Bett bekommen, weil er mit einem Freund zusammen zieht.;Es lässt sich nicht sagen, wie oft Karl ein maßgefertigtes Bett bekommen hat.;jabo/bert-base-german-cased-xnli-de;contradiction;0;0.7622408866882324;0.20712676644325256;0.030632315203547478
37_ai_bii1_once_neu;Vor vier Jahren hat Karl Judith ein maßgefertigtes Bett gebaut.;Vor fünf Wochen hat Judith wieder ein maßgefertigtes Bett konstruiert, weil sie mit einem Freund zusammen zieht.;Judith hat einmal ein maßgefertigtes Bett konstruiert.;entailment;37;ai;bii;1;neutral;once;False;;;Vor vier Jahren hat Karl Judith ein maßgefertigtes Bett gebaut. Vor fünf Wochen hat Judith wieder ein maßgefertigtes Bett konstruiert, weil sie mit einem Freund zusammen zieht.;Judith hat einmal ein maßgefertigtes Bett konstruiert.;jabo/bert-base-german-cased-xnli-de;entailment;1;0.0258676465600729;0.051726244390010834;0.9224060773849487
37_ai_bii1_twice_neu;Vor vier Jahren hat Karl Judith ein maßgefertigtes Bett gebaut.;Vor fünf Wochen hat Judith wieder ein maßgefertigtes Bett konstruiert, weil sie mit einem Freund zusammen zieht.;Judith hat mindestens zweimal ein maßgefertigtes Bett konstruiert.;unknown;37;ai;bii;1;neutral;twice;False;;;Vor vier Jahren hat Karl Judith ein maßgefertigtes Bett gebaut. Vor fünf Wochen hat Judith wieder ein maßgefertigtes Bett konstruiert, weil sie mit einem Freund zusammen zieht.;Judith hat mindestens zweimal ein maßgefertigtes Bett konstruiert.;jabo/bert-base-german-cased-xnli-de;entailment;0;0.23674418032169342;0.2086421549320221;0.5546137094497681
37_ai_bii1_cannot_say_neu;Vor vier Jahren hat Karl Judith ein maßgefertigtes Bett gebaut.;Vor fünf Wochen hat Judith wieder ein maßgefertigtes Bett konstruiert, weil sie mit einem Freund zusammen zieht.;Es lässt sich nicht sagen, wie oft Judith ein maßgefertigtes Bett konstruiert hat.;unknown;37;ai;bii;1;neutral;cannot say;False;;;Vor vier Jahren hat Karl Judith ein maßgefertigtes Bett gebaut. Vor fünf Wochen hat Judith wieder ein maßgefertigtes Bett konstruiert, weil sie mit einem Freund zusammen zieht.;Es lässt sich nicht sagen, wie oft Judith ein maßgefertigtes Bett konstruiert hat.;jabo/bert-base-german-cased-xnli-de;contradiction;0;0.7965516448020935;0.18015311658382416;0.02329530008137226
37_ai_bii2_once_pos;Vor vier Jahren hat Karl Judith ein maßgefertigtes Bett gebaut.;Vor fünf Wochen hat Karl wieder ein maßgefertigtes Bett konstruiert, weil er mit einem Freund zusammen zieht.;Karl hat einmal ein maßgefertigtes Bett konstruiert.;unknown;37;ai;bii;2;positive;once;False;;;Vor vier Jahren hat Karl Judith ein maßgefertigtes Bett gebaut. Vor fünf Wochen hat Karl wieder ein maßgefertigtes Bett konstruiert, weil er mit einem Freund zusammen zieht.;Karl hat einmal ein maßgefertigtes Bett konstruiert.;jabo/bert-base-german-cased-xnli-de;entailment;0;0.02809629589319229;0.053065452724695206;0.9188382029533386
37_ai_bii2_twice_pos;Vor vier Jahren hat Karl Judith ein maßgefertigtes Bett gebaut.;Vor fünf Wochen hat Karl wieder ein maßgefertigtes Bett konstruiert, weil er mit einem Freund zusammen zieht.;Karl hat mindestens zweimal ein maßgefertigtes Bett konstruiert.;entailment;37;ai;bii;2;positive;twice;False;;;Vor vier Jahren hat Karl Judith ein maßgefertigtes Bett gebaut. Vor fünf Wochen hat Karl wieder ein maßgefertigtes Bett konstruiert, weil er mit einem Freund zusammen zieht.;Karl hat mindestens zweimal ein maßgefertigtes Bett konstruiert.;jabo/bert-base-german-cased-xnli-de;entailment;1;0.2549707889556885;0.21925050020217896;0.5257787704467773
37_ai_bii2_cannot_say_pos;Vor vier Jahren hat Karl Judith ein maßgefertigtes Bett gebaut.;Vor fünf Wochen hat Karl wieder ein maßgefertigtes Bett konstruiert, weil er mit einem Freund zusammen zieht.;Es lässt sich nicht sagen, wie oft Karl ein maßgefertigtes Bett konstruiert hat.;unknown;37;ai;bii;2;positive;cannot say;False;;;Vor vier Jahren hat Karl Judith ein maßgefertigtes Bett gebaut. Vor fünf Wochen hat Karl wieder ein maßgefertigtes Bett konstruiert, weil er mit einem Freund zusammen zieht.;Es lässt sich nicht sagen, wie oft Karl ein maßgefertigtes Bett konstruiert hat.;jabo/bert-base-german-cased-xnli-de;contradiction;0;0.8082336187362671;0.16666358709335327;0.025102894753217697
37_aii_bi1_once_neu;Vor vier Jahren hat Judith Karl ein maßgefertigtes Bett gebaut.;Vor fünf Wochen hat Judith wieder ein maßgefertigtes Bett bekommen, weil sie mit einem Freund zusammen zieht.;Judith hat einmal ein maßgefertigtes Bett bekommen.;entailment;37;aii;bi;1;neutral;once;False;;;Vor vier Jahren hat Judith Karl ein maßgefertigtes Bett gebaut. Vor fünf Wochen hat Judith wieder ein maßgefertigtes Bett bekommen, weil sie mit einem Freund zusammen zieht.;Judith hat einmal ein maßgefertigtes Bett bekommen.;jabo/bert-base-german-cased-xnli-de;entailment;1;0.02258816547691822;0.049044396728277206;0.9283674955368042
37_aii_bi1_twice_neu;Vor vier Jahren hat Judith Karl ein maßgefertigtes Bett gebaut.;Vor fünf Wochen hat Judith wieder ein maßgefertigtes Bett bekommen, weil sie mit einem Freund zusammen zieht.;Judith hat mindestens zweimal ein maßgefertigtes Bett bekommen.;unknown;37;aii;bi;1;neutral;twice;False;;;Vor vier Jahren hat Judith Karl ein maßgefertigtes Bett gebaut. Vor fünf Wochen hat Judith wieder ein maßgefertigtes Bett bekommen, weil sie mit einem Freund zusammen zieht.;Judith hat mindestens zweimal ein maßgefertigtes Bett bekommen.;jabo/bert-base-german-cased-xnli-de;entailment;0;0.2898678183555603;0.3261190950870514;0.3840130567550659
37_aii_bi1_cannot_say_neu;Vor vier Jahren hat Judith Karl ein maßgefertigtes Bett gebaut.;Vor fünf Wochen hat Judith wieder ein maßgefertigtes Bett bekommen, weil sie mit einem Freund zusammen zieht.;Es lässt sich nicht sagen, wie oft Judith ein maßgefertigtes Bett bekommen hat.;unknown;37;aii;bi;1;neutral;cannot say;False;;;Vor vier Jahren hat Judith Karl ein maßgefertigtes Bett gebaut. Vor fünf Wochen hat Judith wieder ein maßgefertigtes Bett bekommen, weil sie mit einem Freund zusammen zieht.;Es lässt sich nicht sagen, wie oft Judith ein maßgefertigtes Bett bekommen hat.;jabo/bert-base-german-cased-xnli-de;contradiction;0;0.7630609273910522;0.21170181035995483;0.025237232446670532
37_aii_bi2_once_pos;Vor vier Jahren hat Judith Karl ein maßgefertigtes Bett gebaut.;Vor fünf Wochen hat Karl wieder ein maßgefertigtes Bett bekommen, weil er mit einem Freund zusammen zieht.;Karl hat einmal ein maßgefertigtes Bett bekommen.;unknown;37;aii;bi;2;positive;once;False;;;Vor vier Jahren hat Judith Karl ein maßgefertigtes Bett gebaut. Vor fünf Wochen hat Karl wieder ein maßgefertigtes Bett bekommen, weil er mit einem Freund zusammen zieht.;Karl hat einmal ein maßgefertigtes Bett bekommen.;jabo/bert-base-german-cased-xnli-de;entailment;0;0.023341940715909004;0.04876461997628212;0.9278934597969055
37_aii_bi2_twice_pos;Vor vier Jahren hat Judith Karl ein maßgefertigtes Bett gebaut.;Vor fünf Wochen hat Karl wieder ein maßgefertigtes Bett bekommen, weil er mit einem Freund zusammen zieht.;Karl hat mindestens zweimal ein maßgefertigtes Bett bekommen.;entailment;37;aii;bi;2;positive;twice;False;;;Vor vier Jahren hat Judith Karl ein maßgefertigtes Bett gebaut. Vor fünf Wochen hat Karl wieder ein maßgefertigtes Bett bekommen, weil er mit einem Freund zusammen zieht.;Karl hat mindestens zweimal ein maßgefertigtes Bett bekommen.;jabo/bert-base-german-cased-xnli-de;entailment;1;0.15201464295387268;0.16197732090950012;0.6860080361366272
37_aii_bi2_cannot_say_pos;Vor vier Jahren hat Judith Karl ein maßgefertigtes Bett gebaut.;Vor fünf Wochen hat Karl wieder ein maßgefertigtes Bett bekommen, weil er mit einem Freund zusammen zieht.;Es lässt sich nicht sagen, wie oft Karl ein maßgefertigtes Bett bekommen hat.;unknown;37;aii;bi;2;positive;cannot say;False;;;Vor vier Jahren hat Judith Karl ein maßgefertigtes Bett gebaut. Vor fünf Wochen hat Karl wieder ein maßgefertigtes Bett bekommen, weil er mit einem Freund zusammen zieht.;Es lässt sich nicht sagen, wie oft Karl ein maßgefertigtes Bett bekommen hat.;jabo/bert-base-german-cased-xnli-de;contradiction;0;0.7605637311935425;0.2079605758190155;0.0314757376909256
37_aii_bii1_once_pos;Vor vier Jahren hat Judith Karl ein maßgefertigtes Bett gebaut.;Vor fünf Wochen hat Judith wieder ein maßgefertigtes Bett konstruiert, weil sie mit einem Freund zusammen zieht.;Judith hat einmal ein maßgefertigtes Bett konstruiert.;unknown;37;aii;bii;1;positive;once;False;;;Vor vier Jahren hat Judith Karl ein maßgefertigtes Bett gebaut. Vor fünf Wochen hat Judith wieder ein maßgefertigtes Bett konstruiert, weil sie mit einem Freund zusammen zieht.;Judith hat einmal ein maßgefertigtes Bett konstruiert.;jabo/bert-base-german-cased-xnli-de;entailment;0;0.02572902850806713;0.051578059792518616;0.9226928949356079
37_aii_bii1_twice_pos;Vor vier Jahren hat Judith Karl ein maßgefertigtes Bett gebaut.;Vor fünf Wochen hat Judith wieder ein maßgefertigtes Bett konstruiert, weil sie mit einem Freund zusammen zieht.;Judith hat mindestens zweimal ein maßgefertigtes Bett konstruiert.;entailment;37;aii;bii;1;positive;twice;False;;;Vor vier Jahren hat Judith Karl ein maßgefertigtes Bett gebaut. Vor fünf Wochen hat Judith wieder ein maßgefertigtes Bett konstruiert, weil sie mit einem Freund zusammen zieht.;Judith hat mindestens zweimal ein maßgefertigtes Bett konstruiert.;jabo/bert-base-german-cased-xnli-de;entailment;1;0.24090147018432617;0.22452449798583984;0.5345740914344788
37_aii_bii1_cannot_say_pos;Vor vier Jahren hat Judith Karl ein maßgefertigtes Bett gebaut.;Vor fünf Wochen hat Judith wieder ein maßgefertigtes Bett konstruiert, weil sie mit einem Freund zusammen zieht.;Es lässt sich nicht sagen, wie oft Judith ein maßgefertigtes Bett konstruiert hat.;unknown;37;aii;bii;1;positive;cannot say;False;;;Vor vier Jahren hat Judith Karl ein maßgefertigtes Bett gebaut. Vor fünf Wochen hat Judith wieder ein maßgefertigtes Bett konstruiert, weil sie mit einem Freund zusammen zieht.;Es lässt sich nicht sagen, wie oft Judith ein maßgefertigtes Bett konstruiert hat.;jabo/bert-base-german-cased-xnli-de;contradiction;0;0.7948538064956665;0.1813201755285263;0.02382601797580719
37_aii_bii2_once_neu;Vor vier Jahren hat Judith Karl ein maßgefertigtes Bett gebaut.;Vor fünf Wochen hat Karl wieder ein maßgefertigtes Bett konstruiert, weil er mit einem Freund zusammen zieht.;Karl hat einmal ein maßgefertigtes Bett konstruiert.;entailment;37;aii;bii;2;neutral;once;False;;;Vor vier Jahren hat Judith Karl ein maßgefertigtes Bett gebaut. Vor fünf Wochen hat Karl wieder ein maßgefertigtes Bett konstruiert, weil er mit einem Freund zusammen zieht.;Karl hat einmal ein maßgefertigtes Bett konstruiert.;jabo/bert-base-german-cased-xnli-de;entailment;1;0.02723151631653309;0.05220145359635353;0.9205670356750488
37_aii_bii2_twice_neu;Vor vier Jahren hat Judith Karl ein maßgefertigtes Bett gebaut.;Vor fünf Wochen hat Karl wieder ein maßgefertigtes Bett konstruiert, weil er mit einem Freund zusammen zieht.;Karl hat mindestens zweimal ein maßgefertigtes Bett konstruiert.;unknown;37;aii;bii;2;neutral;twice;False;;;Vor vier Jahren hat Judith Karl ein maßgefertigtes Bett gebaut. Vor fünf Wochen hat Karl wieder ein maßgefertigtes Bett konstruiert, weil er mit einem Freund zusammen zieht.;Karl hat mindestens zweimal ein maßgefertigtes Bett konstruiert.;jabo/bert-base-german-cased-xnli-de;entailment;0;0.2506769299507141;0.225137859582901;0.5241852402687073
37_aii_bii2_cannot_say_neu;Vor vier Jahren hat Judith Karl ein maßgefertigtes Bett gebaut.;Vor fünf Wochen hat Karl wieder ein maßgefertigtes Bett konstruiert, weil er mit einem Freund zusammen zieht.;Es lässt sich nicht sagen, wie oft Karl ein maßgefertigtes Bett konstruiert hat.;unknown;37;aii;bii;2;neutral;cannot say;False;;;Vor vier Jahren hat Judith Karl ein maßgefertigtes Bett gebaut. Vor fünf Wochen hat Karl wieder ein maßgefertigtes Bett konstruiert, weil er mit einem Freund zusammen zieht.;Es lässt sich nicht sagen, wie oft Karl ein maßgefertigtes Bett konstruiert hat.;jabo/bert-base-german-cased-xnli-de;contradiction;0;0.80816251039505;0.1668621450662613;0.024975383654236794
38_ai_bi1_once_pos;Vor drei Monaten hat Karl für Linda ein neues Instrument gekauft.;Vor zwei Wochen hat Linda wieder ein neues Instrument bekommen, weil sie in ein Orchester eingetreten ist.;Linda hat einmal ein neues Instrument bekommen.;unknown;38;ai;bi;1;positive;once;False;;;Vor drei Monaten hat Karl für Linda ein neues Instrument gekauft. Vor zwei Wochen hat Linda wieder ein neues Instrument bekommen, weil sie in ein Orchester eingetreten ist.;Linda hat einmal ein neues Instrument bekommen.;jabo/bert-base-german-cased-xnli-de;entailment;0;0.022755613550543785;0.05137504264712334;0.925869345664978
38_ai_bi1_twice_pos;Vor drei Monaten hat Karl für Linda ein neues Instrument gekauft.;Vor zwei Wochen hat Linda wieder ein neues Instrument bekommen, weil sie in ein Orchester eingetreten ist.;Linda hat mindestens zweimal ein neues Instrument bekommen.;entailment;38;ai;bi;1;positive;twice;False;;;Vor drei Monaten hat Karl für Linda ein neues Instrument gekauft. Vor zwei Wochen hat Linda wieder ein neues Instrument bekommen, weil sie in ein Orchester eingetreten ist.;Linda hat mindestens zweimal ein neues Instrument bekommen.;jabo/bert-base-german-cased-xnli-de;entailment;1;0.04149126261472702;0.10278352349996567;0.8557251691818237
38_ai_bi1_cannot_say_pos;Vor drei Monaten hat Karl für Linda ein neues Instrument gekauft.;Vor zwei Wochen hat Linda wieder ein neues Instrument bekommen, weil sie in ein Orchester eingetreten ist.;Es lässt sich nicht sagen, wie oft Linda ein neues Instrument bekommen hat.;unknown;38;ai;bi;1;positive;cannot say;False;;;Vor drei Monaten hat Karl für Linda ein neues Instrument gekauft. Vor zwei Wochen hat Linda wieder ein neues Instrument bekommen, weil sie in ein Orchester eingetreten ist.;Es lässt sich nicht sagen, wie oft Linda ein neues Instrument bekommen hat.;jabo/bert-base-german-cased-xnli-de;contradiction;0;0.8310663104057312;0.15337027609348297;0.015563422814011574
38_ai_bi2_once_neu;Vor drei Monaten hat Karl für Linda ein neues Instrument gekauft.;Vor zwei Wochen hat Karl wieder ein neues Instrument bekommen, weil er in ein Orchester eingetreten ist.;Karl hat einmal ein neues Instrument bekommen.;entailment;38;ai;bi;2;neutral;once;False;;;Vor drei Monaten hat Karl für Linda ein neues Instrument gekauft. Vor zwei Wochen hat Karl wieder ein neues Instrument bekommen, weil er in ein Orchester eingetreten ist.;Karl hat einmal ein neues Instrument bekommen.;jabo/bert-base-german-cased-xnli-de;entailment;1;0.02876714989542961;0.057708676904439926;0.9135241508483887
38_ai_bi2_twice_neu;Vor drei Monaten hat Karl für Linda ein neues Instrument gekauft.;Vor zwei Wochen hat Karl wieder ein neues Instrument bekommen, weil er in ein Orchester eingetreten ist.;Karl hat mindestens zweimal ein neues Instrument bekommen.;unknown;38;ai;bi;2;neutral;twice;False;;;Vor drei Monaten hat Karl für Linda ein neues Instrument gekauft. Vor zwei Wochen hat Karl wieder ein neues Instrument bekommen, weil er in ein Orchester eingetreten ist.;Karl hat mindestens zweimal ein neues Instrument bekommen.;jabo/bert-base-german-cased-xnli-de;entailment;0;0.10431354492902756;0.11385641247034073;0.7818300724029541
38_ai_bi2_cannot_say_neu;Vor drei Monaten hat Karl für Linda ein neues Instrument gekauft.;Vor zwei Wochen hat Karl wieder ein neues Instrument bekommen, weil er in ein Orchester eingetreten ist.;Es lässt sich nicht sagen, wie oft Karl ein neues Instrument bekommen hat.;unknown;38;ai;bi;2;neutral;cannot say;False;;;Vor drei Monaten hat Karl für Linda ein neues Instrument gekauft. Vor zwei Wochen hat Karl wieder ein neues Instrument bekommen, weil er in ein Orchester eingetreten ist.;Es lässt sich nicht sagen, wie oft Karl ein neues Instrument bekommen hat.;jabo/bert-base-german-cased-xnli-de;contradiction;0;0.7371551990509033;0.23670057952404022;0.026144254952669144
38_ai_bii1_once_neu;Vor drei Monaten hat Karl für Linda ein neues Instrument gekauft.;Vor zwei Wochen hat Linda wieder ein neues Instrument erstanden, weil sie in ein Orchester eingetreten ist.;Linda hat einmal ein neues Instrument erstanden.;entailment;38;ai;bii;1;neutral;once;False;;;Vor drei Monaten hat Karl für Linda ein neues Instrument gekauft. Vor zwei Wochen hat Linda wieder ein neues Instrument erstanden, weil sie in ein Orchester eingetreten ist.;Linda hat einmal ein neues Instrument erstanden.;jabo/bert-base-german-cased-xnli-de;entailment;1;0.02339133806526661;0.054217588156461716;0.9223910570144653
38_ai_bii1_twice_neu;Vor drei Monaten hat Karl für Linda ein neues Instrument gekauft.;Vor zwei Wochen hat Linda wieder ein neues Instrument erstanden, weil sie in ein Orchester eingetreten ist.;Linda hat mindestens zweimal ein neues Instrument erstanden.;unknown;38;ai;bii;1;neutral;twice;False;;;Vor drei Monaten hat Karl für Linda ein neues Instrument gekauft. Vor zwei Wochen hat Linda wieder ein neues Instrument erstanden, weil sie in ein Orchester eingetreten ist.;Linda hat mindestens zweimal ein neues Instrument erstanden.;jabo/bert-base-german-cased-xnli-de;entailment;0;0.06652689725160599;0.11930952221155167;0.8141635656356812
38_ai_bii1_cannot_say_neu;Vor drei Monaten hat Karl für Linda ein neues Instrument gekauft.;Vor zwei Wochen hat Linda wieder ein neues Instrument erstanden, weil sie in ein Orchester eingetreten ist.;Es lässt sich nicht sagen, wie oft Linda ein neues Instrument erstanden hat.;unknown;38;ai;bii;1;neutral;cannot say;False;;;Vor drei Monaten hat Karl für Linda ein neues Instrument gekauft. Vor zwei Wochen hat Linda wieder ein neues Instrument erstanden, weil sie in ein Orchester eingetreten ist.;Es lässt sich nicht sagen, wie oft Linda ein neues Instrument erstanden hat.;jabo/bert-base-german-cased-xnli-de;contradiction;0;0.7768840789794922;0.19783559441566467;0.025280335918068886
38_ai_bii2_once_pos;Vor drei Monaten hat Karl für Linda ein neues Instrument gekauft.;Vor zwei Wochen hat Karl wieder ein neues Instrument erstanden, weil er in ein Orchester eingetreten ist.;Karl hat einmal ein neues Instrument erstanden.;unknown;38;ai;bii;2;positive;once;False;;;Vor drei Monaten hat Karl für Linda ein neues Instrument gekauft. Vor zwei Wochen hat Karl wieder ein neues Instrument erstanden, weil er in ein Orchester eingetreten ist.;Karl hat einmal ein neues Instrument erstanden.;jabo/bert-base-german-cased-xnli-de;entailment;0;0.02695266716182232;0.054111089557409286;0.9189362525939941
38_ai_bii2_twice_pos;Vor drei Monaten hat Karl für Linda ein neues Instrument gekauft.;Vor zwei Wochen hat Karl wieder ein neues Instrument erstanden, weil er in ein Orchester eingetreten ist.;Karl hat mindestens zweimal ein neues Instrument erstanden.;entailment;38;ai;bii;2;positive;twice;False;;;Vor drei Monaten hat Karl für Linda ein neues Instrument gekauft. Vor zwei Wochen hat Karl wieder ein neues Instrument erstanden, weil er in ein Orchester eingetreten ist.;Karl hat mindestens zweimal ein neues Instrument erstanden.;jabo/bert-base-german-cased-xnli-de;entailment;1;0.04984518140554428;0.11760103702545166;0.8325538039207458
38_ai_bii2_cannot_say_pos;Vor drei Monaten hat Karl für Linda ein neues Instrument gekauft.;Vor zwei Wochen hat Karl wieder ein neues Instrument erstanden, weil er in ein Orchester eingetreten ist.;Es lässt sich nicht sagen, wie oft Karl ein neues Instrument erstanden hat.;unknown;38;ai;bii;2;positive;cannot say;False;;;Vor drei Monaten hat Karl für Linda ein neues Instrument gekauft. Vor zwei Wochen hat Karl wieder ein neues Instrument erstanden, weil er in ein Orchester eingetreten ist.;Es lässt sich nicht sagen, wie oft Karl ein neues Instrument erstanden hat.;jabo/bert-base-german-cased-xnli-de;contradiction;0;0.8050910830497742;0.16929838061332703;0.025610581040382385
38_aii_bi1_once_neu;Vor drei Monaten hat Linda für Karl ein neues Instrument gekauft.;Vor zwei Wochen hat Linda wieder ein neues Instrument bekommen, weil sie in ein Orchester eingetreten ist.;Linda hat einmal ein neues Instrument bekommen.;entailment;38;aii;bi;1;neutral;once;False;;;Vor drei Monaten hat Linda für Karl ein neues Instrument gekauft. Vor zwei Wochen hat Linda wieder ein neues Instrument bekommen, weil sie in ein Orchester eingetreten ist.;Linda hat einmal ein neues Instrument bekommen.;jabo/bert-base-german-cased-xnli-de;entailment;1;0.022903360426425934;0.05199643224477768;0.9251002073287964
38_aii_bi1_twice_neu;Vor drei Monaten hat Linda für Karl ein neues Instrument gekauft.;Vor zwei Wochen hat Linda wieder ein neues Instrument bekommen, weil sie in ein Orchester eingetreten ist.;Linda hat mindestens zweimal ein neues Instrument bekommen.;unknown;38;aii;bi;1;neutral;twice;False;;;Vor drei Monaten hat Linda für Karl ein neues Instrument gekauft. Vor zwei Wochen hat Linda wieder ein neues Instrument bekommen, weil sie in ein Orchester eingetreten ist.;Linda hat mindestens zweimal ein neues Instrument bekommen.;jabo/bert-base-german-cased-xnli-de;entailment;0;0.04452211782336235;0.10573685169219971;0.8497410416603088
38_aii_bi1_cannot_say_neu;Vor drei Monaten hat Linda für Karl ein neues Instrument gekauft.;Vor zwei Wochen hat Linda wieder ein neues Instrument bekommen, weil sie in ein Orchester eingetreten ist.;Es lässt sich nicht sagen, wie oft Linda ein neues Instrument bekommen hat.;unknown;38;aii;bi;1;neutral;cannot say;False;;;Vor drei Monaten hat Linda für Karl ein neues Instrument gekauft. Vor zwei Wochen hat Linda wieder ein neues Instrument bekommen, weil sie in ein Orchester eingetreten ist.;Es lässt sich nicht sagen, wie oft Linda ein neues Instrument bekommen hat.;jabo/bert-base-german-cased-xnli-de;contradiction;0;0.8271020650863647;0.15664330124855042;0.016254592686891556
38_aii_bi2_once_pos;Vor drei Monaten hat Linda für Karl ein neues Instrument gekauft.;Vor zwei Wochen hat Karl wieder ein neues Instrument bekommen, weil er in ein Orchester eingetreten ist.;Karl hat einmal ein neues Instrument bekommen.;unknown;38;aii;bi;2;positive;once;False;;;Vor drei Monaten hat Linda für Karl ein neues Instrument gekauft. Vor zwei Wochen hat Karl wieder ein neues Instrument bekommen, weil er in ein Orchester eingetreten ist.;Karl hat einmal ein neues Instrument bekommen.;jabo/bert-base-german-cased-xnli-de;entailment;0;0.02923850156366825;0.05839548632502556;0.9123660326004028
38_aii_bi2_twice_pos;Vor drei Monaten hat Linda für Karl ein neues Instrument gekauft.;Vor zwei Wochen hat Karl wieder ein neues Instrument bekommen, weil er in ein Orchester eingetreten ist.;Karl hat mindestens zweimal ein neues Instrument bekommen.;entailment;38;aii;bi;2;positive;twice;False;;;Vor drei Monaten hat Linda für Karl ein neues Instrument gekauft. Vor zwei Wochen hat Karl wieder ein neues Instrument bekommen, weil er in ein Orchester eingetreten ist.;Karl hat mindestens zweimal ein neues Instrument bekommen.;jabo/bert-base-german-cased-xnli-de;entailment;1;0.12780024111270905;0.12535949051380157;0.7468402981758118
38_aii_bi2_cannot_say_pos;Vor drei Monaten hat Linda für Karl ein neues Instrument gekauft.;Vor zwei Wochen hat Karl wieder ein neues Instrument bekommen, weil er in ein Orchester eingetreten ist.;Es lässt sich nicht sagen, wie oft Karl ein neues Instrument bekommen hat.;unknown;38;aii;bi;2;positive;cannot say;False;;;Vor drei Monaten hat Linda für Karl ein neues Instrument gekauft. Vor zwei Wochen hat Karl wieder ein neues Instrument bekommen, weil er in ein Orchester eingetreten ist.;Es lässt sich nicht sagen, wie oft Karl ein neues Instrument bekommen hat.;jabo/bert-base-german-cased-xnli-de;contradiction;0;0.7386337518692017;0.23596180975437164;0.025404511019587517
38_aii_bii1_once_pos;Vor drei Monaten hat Linda für Karl ein neues Instrument gekauft.;Vor zwei Wochen hat Linda wieder ein neues Instrument erstanden, weil sie in ein Orchester eingetreten ist.;Linda hat einmal ein neues Instrument erstanden.;unknown;38;aii;bii;1;positive;once;False;;;Vor drei Monaten hat Linda für Karl ein neues Instrument gekauft. Vor zwei Wochen hat Linda wieder ein neues Instrument erstanden, weil sie in ein Orchester eingetreten ist.;Linda hat einmal ein neues Instrument erstanden.;jabo/bert-base-german-cased-xnli-de;entailment;0;0.023576928302645683;0.05369049310684204;0.9227325916290283
38_aii_bii1_twice_pos;Vor drei Monaten hat Linda für Karl ein neues Instrument gekauft.;Vor zwei Wochen hat Linda wieder ein neues Instrument erstanden, weil sie in ein Orchester eingetreten ist.;Linda hat mindestens zweimal ein neues Instrument erstanden.;entailment;38;aii;bii;1;positive;twice;False;;;Vor drei Monaten hat Linda für Karl ein neues Instrument gekauft. Vor zwei Wochen hat Linda wieder ein neues Instrument erstanden, weil sie in ein Orchester eingetreten ist.;Linda hat mindestens zweimal ein neues Instrument erstanden.;jabo/bert-base-german-cased-xnli-de;entailment;1;0.06994680315256119;0.12469516694545746;0.8053580522537231
38_aii_bii1_cannot_say_pos;Vor drei Monaten hat Linda für Karl ein neues Instrument gekauft.;Vor zwei Wochen hat Linda wieder ein neues Instrument erstanden, weil sie in ein Orchester eingetreten ist.;Es lässt sich nicht sagen, wie oft Linda ein neues Instrument erstanden hat.;unknown;38;aii;bii;1;positive;cannot say;False;;;Vor drei Monaten hat Linda für Karl ein neues Instrument gekauft. Vor zwei Wochen hat Linda wieder ein neues Instrument erstanden, weil sie in ein Orchester eingetreten ist.;Es lässt sich nicht sagen, wie oft Linda ein neues Instrument erstanden hat.;jabo/bert-base-german-cased-xnli-de;contradiction;0;0.762893557548523;0.20960299670696259;0.02750346250832081
38_aii_bii2_once_neu;Vor drei Monaten hat Linda für Karl ein neues Instrument gekauft.;Vor zwei Wochen hat Karl wieder ein neues Instrument erstanden, weil er in ein Orchester eingetreten ist.;Karl hat einmal ein neues Instrument erstanden.;entailment;38;aii;bii;2;neutral;once;False;;;Vor drei Monaten hat Linda für Karl ein neues Instrument gekauft. Vor zwei Wochen hat Karl wieder ein neues Instrument erstanden, weil er in ein Orchester eingetreten ist.;Karl hat einmal ein neues Instrument erstanden.;jabo/bert-base-german-cased-xnli-de;entailment;1;0.027436040341854095;0.05474273860454559;0.9178212285041809
38_aii_bii2_twice_neu;Vor drei Monaten hat Linda für Karl ein neues Instrument gekauft.;Vor zwei Wochen hat Karl wieder ein neues Instrument erstanden, weil er in ein Orchester eingetreten ist.;Karl hat mindestens zweimal ein neues Instrument erstanden.;unknown;38;aii;bii;2;neutral;twice;False;;;Vor drei Monaten hat Linda für Karl ein neues Instrument gekauft. Vor zwei Wochen hat Karl wieder ein neues Instrument erstanden, weil er in ein Orchester eingetreten ist.;Karl hat mindestens zweimal ein neues Instrument erstanden.;jabo/bert-base-german-cased-xnli-de;entailment;0;0.052913423627614975;0.11891966313123703;0.8281669020652771
38_aii_bii2_cannot_say_neu;Vor drei Monaten hat Linda für Karl ein neues Instrument gekauft.;Vor zwei Wochen hat Karl wieder ein neues Instrument erstanden, weil er in ein Orchester eingetreten ist.;Es lässt sich nicht sagen, wie oft Karl ein neues Instrument erstanden hat.;unknown;38;aii;bii;2;neutral;cannot say;False;;;Vor drei Monaten hat Linda für Karl ein neues Instrument gekauft. Vor zwei Wochen hat Karl wieder ein neues Instrument erstanden, weil er in ein Orchester eingetreten ist.;Es lässt sich nicht sagen, wie oft Karl ein neues Instrument erstanden hat.;jabo/bert-base-german-cased-xnli-de;contradiction;0;0.8023771047592163;0.17223620414733887;0.02538667432963848
39_ai_bi1_once_neu;Letztes Jahr hat Karl Timo einen kräftigen Fausthieb verpasst.;Vor vier Wochen hat Timo wieder einen kräftigen Fausthieb ausgeteilt, als er in eine Schlägerei verwickelt war.;Timo hat einmal einen kräftigen Fausthieb ausgeteilt.;entailment;39;ai;bi;1;neutral;once;False;;"ausgeteilt is agent-oriented; abbekommen is recipient-oriented.";Letztes Jahr hat Karl Timo einen kräftigen Fausthieb verpasst. Vor vier Wochen hat Timo wieder einen kräftigen Fausthieb ausgeteilt, als er in eine Schlägerei verwickelt war.;Timo hat einmal einen kräftigen Fausthieb ausgeteilt.;jabo/bert-base-german-cased-xnli-de;entailment;1;0.025599759072065353;0.06487778574228287;0.909522533416748
39_ai_bi1_twice_neu;Letztes Jahr hat Karl Timo einen kräftigen Fausthieb verpasst.;Vor vier Wochen hat Timo wieder einen kräftigen Fausthieb ausgeteilt, als er in eine Schlägerei verwickelt war.;Timo hat mindestens zweimal einen kräftigen Fausthieb ausgeteilt.;unknown;39;ai;bi;1;neutral;twice;False;;"ausgeteilt is agent-oriented; abbekommen is recipient-oriented.";Letztes Jahr hat Karl Timo einen kräftigen Fausthieb verpasst. Vor vier Wochen hat Timo wieder einen kräftigen Fausthieb ausgeteilt, als er in eine Schlägerei verwickelt war.;Timo hat mindestens zweimal einen kräftigen Fausthieb ausgeteilt.;jabo/bert-base-german-cased-xnli-de;entailment;0;0.09903056174516678;0.1545047014951706;0.746464729309082
39_ai_bi1_cannot_say_neu;Letztes Jahr hat Karl Timo einen kräftigen Fausthieb verpasst.;Vor vier Wochen hat Timo wieder einen kräftigen Fausthieb ausgeteilt, als er in eine Schlägerei verwickelt war.;Es lässt sich nicht sagen, wie oft Timo einen kräftigen Fausthieb ausgeteilt hat.;unknown;39;ai;bi;1;neutral;cannot say;False;;"ausgeteilt is agent-oriented; abbekommen is recipient-oriented.";Letztes Jahr hat Karl Timo einen kräftigen Fausthieb verpasst. Vor vier Wochen hat Timo wieder einen kräftigen Fausthieb ausgeteilt, als er in eine Schlägerei verwickelt war.;Es lässt sich nicht sagen, wie oft Timo einen kräftigen Fausthieb ausgeteilt hat.;jabo/bert-base-german-cased-xnli-de;entailment;0;0.23612146079540253;0.22329725325107574;0.540581226348877
39_ai_bi2_once_pos;Letztes Jahr hat Karl Timo einen kräftigen Fausthieb verpasst.;Vor vier Wochen hat Karl wieder einen kräftigen Fausthieb ausgeteilt, als er in eine Schlägerei verwickelt war.;Karl hat einmal einen kräftigen Fausthieb ausgeteilt.;unknown;39;ai;bi;2;positive;once;False;;"ausgeteilt is agent-oriented; abbekommen is recipient-oriented.";Letztes Jahr hat Karl Timo einen kräftigen Fausthieb verpasst. Vor vier Wochen hat Karl wieder einen kräftigen Fausthieb ausgeteilt, als er in eine Schlägerei verwickelt war.;Karl hat einmal einen kräftigen Fausthieb ausgeteilt.;jabo/bert-base-german-cased-xnli-de;entailment;0;0.026423418894410133;0.06459927558898926;0.9089773297309875
39_ai_bi2_twice_pos;Letztes Jahr hat Karl Timo einen kräftigen Fausthieb verpasst.;Vor vier Wochen hat Karl wieder einen kräftigen Fausthieb ausgeteilt, als er in eine Schlägerei verwickelt war.;Karl hat mindestens zweimal einen kräftigen Fausthieb ausgeteilt.;entailment;39;ai;bi;2;positive;twice;False;;"ausgeteilt is agent-oriented; abbekommen is recipient-oriented.";Letztes Jahr hat Karl Timo einen kräftigen Fausthieb verpasst. Vor vier Wochen hat Karl wieder einen kräftigen Fausthieb ausgeteilt, als er in eine Schlägerei verwickelt war.;Karl hat mindestens zweimal einen kräftigen Fausthieb ausgeteilt.;jabo/bert-base-german-cased-xnli-de;entailment;1;0.09549778699874878;0.12825767695903778;0.776244580745697
39_ai_bi2_cannot_say_pos;Letztes Jahr hat Karl Timo einen kräftigen Fausthieb verpasst.;Vor vier Wochen hat Karl wieder einen kräftigen Fausthieb ausgeteilt, als er in eine Schlägerei verwickelt war.;Es lässt sich nicht sagen, wie oft Karl einen kräftigen Fausthieb ausgeteilt hat.;unknown;39;ai;bi;2;positive;cannot say;False;;"ausgeteilt is agent-oriented; abbekommen is recipient-oriented.";Letztes Jahr hat Karl Timo einen kräftigen Fausthieb verpasst. Vor vier Wochen hat Karl wieder einen kräftigen Fausthieb ausgeteilt, als er in eine Schlägerei verwickelt war.;Es lässt sich nicht sagen, wie oft Karl einen kräftigen Fausthieb ausgeteilt hat.;jabo/bert-base-german-cased-xnli-de;entailment;0;0.17421002686023712;0.17881877720355988;0.6469712257385254
39_ai_bii1_once_pos;Letztes Jahr hat Karl Timo einen kräftigen Fausthieb verpasst.;Vor vier Wochen hat Timo wieder einen kräftigen Fausthieb abbekommen, als er in eine Schlägerei verwickelt war.;Timo hat einmal einen kräftigen Fausthieb abbekommen.;unknown;39;ai;bii;1;positive;once;False;;"ausgeteilt is agent-oriented; abbekommen is recipient-oriented.";Letztes Jahr hat Karl Timo einen kräftigen Fausthieb verpasst. Vor vier Wochen hat Timo wieder einen kräftigen Fausthieb abbekommen, als er in eine Schlägerei verwickelt war.;Timo hat einmal einen kräftigen Fausthieb abbekommen.;jabo/bert-base-german-cased-xnli-de;entailment;0;0.02660098485648632;0.06703615188598633;0.9063628911972046
39_ai_bii1_twice_pos;Letztes Jahr hat Karl Timo einen kräftigen Fausthieb verpasst.;Vor vier Wochen hat Timo wieder einen kräftigen Fausthieb abbekommen, als er in eine Schlägerei verwickelt war.;Timo hat mindestens zweimal einen kräftigen Fausthieb abbekommen.;entailment;39;ai;bii;1;positive;twice;False;;"ausgeteilt is agent-oriented; abbekommen is recipient-oriented.";Letztes Jahr hat Karl Timo einen kräftigen Fausthieb verpasst. Vor vier Wochen hat Timo wieder einen kräftigen Fausthieb abbekommen, als er in eine Schlägerei verwickelt war.;Timo hat mindestens zweimal einen kräftigen Fausthieb abbekommen.;jabo/bert-base-german-cased-xnli-de;entailment;1;0.09386239945888519;0.15508492290973663;0.7510526776313782
39_ai_bii1_cannot_say_pos;Letztes Jahr hat Karl Timo einen kräftigen Fausthieb verpasst.;Vor vier Wochen hat Timo wieder einen kräftigen Fausthieb abbekommen, als er in eine Schlägerei verwickelt war.;Es lässt sich nicht sagen, wie oft Timo einen kräftigen Fausthieb abbekommen hat.;unknown;39;ai;bii;1;positive;cannot say;False;;"ausgeteilt is agent-oriented; abbekommen is recipient-oriented.";Letztes Jahr hat Karl Timo einen kräftigen Fausthieb verpasst. Vor vier Wochen hat Timo wieder einen kräftigen Fausthieb abbekommen, als er in eine Schlägerei verwickelt war.;Es lässt sich nicht sagen, wie oft Timo einen kräftigen Fausthieb abbekommen hat.;jabo/bert-base-german-cased-xnli-de;entailment;0;0.1886170357465744;0.18867862224578857;0.6227043271064758
39_ai_bii2_once_neu;Letztes Jahr hat Karl Timo einen kräftigen Fausthieb verpasst.;Vor vier Wochen hat Karl wieder einen kräftigen Fausthieb abbekommen, als er in eine Schlägerei verwickelt war.;Karl hat einmal einen kräftigen Fausthieb abbekommen.;entailment;39;ai;bii;2;neutral;once;False;;"ausgeteilt is agent-oriented; abbekommen is recipient-oriented.";Letztes Jahr hat Karl Timo einen kräftigen Fausthieb verpasst. Vor vier Wochen hat Karl wieder einen kräftigen Fausthieb abbekommen, als er in eine Schlägerei verwickelt war.;Karl hat einmal einen kräftigen Fausthieb abbekommen.;jabo/bert-base-german-cased-xnli-de;entailment;1;0.027090173214673996;0.06692348420619965;0.9059863090515137
39_ai_bii2_twice_neu;Letztes Jahr hat Karl Timo einen kräftigen Fausthieb verpasst.;Vor vier Wochen hat Karl wieder einen kräftigen Fausthieb abbekommen, als er in eine Schlägerei verwickelt war.;Karl hat mindestens zweimal einen kräftigen Fausthieb abbekommen.;unknown;39;ai;bii;2;neutral;twice;False;;"ausgeteilt is agent-oriented; abbekommen is recipient-oriented.";Letztes Jahr hat Karl Timo einen kräftigen Fausthieb verpasst. Vor vier Wochen hat Karl wieder einen kräftigen Fausthieb abbekommen, als er in eine Schlägerei verwickelt war.;Karl hat mindestens zweimal einen kräftigen Fausthieb abbekommen.;jabo/bert-base-german-cased-xnli-de;entailment;0;0.09094727039337158;0.13172592222690582;0.7773268222808838
39_ai_bii2_cannot_say_neu;Letztes Jahr hat Karl Timo einen kräftigen Fausthieb verpasst.;Vor vier Wochen hat Karl wieder einen kräftigen Fausthieb abbekommen, als er in eine Schlägerei verwickelt war.;Es lässt sich nicht sagen, wie oft Karl einen kräftigen Fausthieb abbekommen hat.;unknown;39;ai;bii;2;neutral;cannot say;False;;"ausgeteilt is agent-oriented; abbekommen is recipient-oriented.";Letztes Jahr hat Karl Timo einen kräftigen Fausthieb verpasst. Vor vier Wochen hat Karl wieder einen kräftigen Fausthieb abbekommen, als er in eine Schlägerei verwickelt war.;Es lässt sich nicht sagen, wie oft Karl einen kräftigen Fausthieb abbekommen hat.;jabo/bert-base-german-cased-xnli-de;entailment;0;0.14374206960201263;0.15495696663856506;0.7013010382652283
39_aii_bi1_once_pos;Letztes Jahr hat Timo Karl einen kräftigen Fausthieb verpasst.;Vor vier Wochen hat Timo wieder einen kräftigen Fausthieb ausgeteilt, als er in eine Schlägerei verwickelt war.;Timo hat einmal einen kräftigen Fausthieb ausgeteilt.;unknown;39;aii;bi;1;positive;once;False;;"ausgeteilt is agent-oriented; abbekommen is recipient-oriented.";Letztes Jahr hat Timo Karl einen kräftigen Fausthieb verpasst. Vor vier Wochen hat Timo wieder einen kräftigen Fausthieb ausgeteilt, als er in eine Schlägerei verwickelt war.;Timo hat einmal einen kräftigen Fausthieb ausgeteilt.;jabo/bert-base-german-cased-xnli-de;entailment;0;0.025604963302612305;0.06486557424068451;0.9095293879508972
39_aii_bi1_twice_pos;Letztes Jahr hat Timo Karl einen kräftigen Fausthieb verpasst.;Vor vier Wochen hat Timo wieder einen kräftigen Fausthieb ausgeteilt, als er in eine Schlägerei verwickelt war.;Timo hat mindestens zweimal einen kräftigen Fausthieb ausgeteilt.;entailment;39;aii;bi;1;positive;twice;False;;"ausgeteilt is agent-oriented; abbekommen is recipient-oriented.";Letztes Jahr hat Timo Karl einen kräftigen Fausthieb verpasst. Vor vier Wochen hat Timo wieder einen kräftigen Fausthieb ausgeteilt, als er in eine Schlägerei verwickelt war.;Timo hat mindestens zweimal einen kräftigen Fausthieb ausgeteilt.;jabo/bert-base-german-cased-xnli-de;entailment;1;0.09993543475866318;0.14694099128246307;0.7531235814094543
39_aii_bi1_cannot_say_pos;Letztes Jahr hat Timo Karl einen kräftigen Fausthieb verpasst.;Vor vier Wochen hat Timo wieder einen kräftigen Fausthieb ausgeteilt, als er in eine Schlägerei verwickelt war.;Es lässt sich nicht sagen, wie oft Timo einen kräftigen Fausthieb ausgeteilt hat.;unknown;39;aii;bi;1;positive;cannot say;False;;"ausgeteilt is agent-oriented; abbekommen is recipient-oriented.";Letztes Jahr hat Timo Karl einen kräftigen Fausthieb verpasst. Vor vier Wochen hat Timo wieder einen kräftigen Fausthieb ausgeteilt, als er in eine Schlägerei verwickelt war.;Es lässt sich nicht sagen, wie oft Timo einen kräftigen Fausthieb ausgeteilt hat.;jabo/bert-base-german-cased-xnli-de;entailment;0;0.23734961450099945;0.22029627859592438;0.542354166507721
39_aii_bi2_once_neu;Letztes Jahr hat Timo Karl einen kräftigen Fausthieb verpasst.;Vor vier Wochen hat Karl wieder einen kräftigen Fausthieb ausgeteilt, als er in eine Schlägerei verwickelt war.;Karl hat einmal einen kräftigen Fausthieb ausgeteilt.;entailment;39;aii;bi;2;neutral;once;False;;"ausgeteilt is agent-oriented; abbekommen is recipient-oriented.";Letztes Jahr hat Timo Karl einen kräftigen Fausthieb verpasst. Vor vier Wochen hat Karl wieder einen kräftigen Fausthieb ausgeteilt, als er in eine Schlägerei verwickelt war.;Karl hat einmal einen kräftigen Fausthieb ausgeteilt.;jabo/bert-base-german-cased-xnli-de;entailment;1;0.026265909895300865;0.06418349593877792;0.9095506072044373
39_aii_bi2_twice_neu;Letztes Jahr hat Timo Karl einen kräftigen Fausthieb verpasst.;Vor vier Wochen hat Karl wieder einen kräftigen Fausthieb ausgeteilt, als er in eine Schlägerei verwickelt war.;Karl hat mindestens zweimal einen kräftigen Fausthieb ausgeteilt.;unknown;39;aii;bi;2;neutral;twice;False;;"ausgeteilt is agent-oriented; abbekommen is recipient-oriented.";Letztes Jahr hat Timo Karl einen kräftigen Fausthieb verpasst. Vor vier Wochen hat Karl wieder einen kräftigen Fausthieb ausgeteilt, als er in eine Schlägerei verwickelt war.;Karl hat mindestens zweimal einen kräftigen Fausthieb ausgeteilt.;jabo/bert-base-german-cased-xnli-de;entailment;0;0.09094590693712234;0.1193765327334404;0.7896775603294373
39_aii_bi2_cannot_say_neu;Letztes Jahr hat Timo Karl einen kräftigen Fausthieb verpasst.;Vor vier Wochen hat Karl wieder einen kräftigen Fausthieb ausgeteilt, als er in eine Schlägerei verwickelt war.;Es lässt sich nicht sagen, wie oft Karl einen kräftigen Fausthieb ausgeteilt hat.;unknown;39;aii;bi;2;neutral;cannot say;False;;"ausgeteilt is agent-oriented; abbekommen is recipient-oriented.";Letztes Jahr hat Timo Karl einen kräftigen Fausthieb verpasst. Vor vier Wochen hat Karl wieder einen kräftigen Fausthieb ausgeteilt, als er in eine Schlägerei verwickelt war.;Es lässt sich nicht sagen, wie oft Karl einen kräftigen Fausthieb ausgeteilt hat.;jabo/bert-base-german-cased-xnli-de;entailment;0;0.18826651573181152;0.18093657493591309;0.6307969093322754
39_aii_bii1_once_neu;Letztes Jahr hat Timo Karl einen kräftigen Fausthieb verpasst.;Vor vier Wochen hat Timo wieder einen kräftigen Fausthieb abbekommen, als er in eine Schlägerei verwickelt war.;Timo hat einmal einen kräftigen Fausthieb abbekommen.;entailment;39;aii;bii;1;neutral;once;False;;"ausgeteilt is agent-oriented; abbekommen is recipient-oriented.";Letztes Jahr hat Timo Karl einen kräftigen Fausthieb verpasst. Vor vier Wochen hat Timo wieder einen kräftigen Fausthieb abbekommen, als er in eine Schlägerei verwickelt war.;Timo hat einmal einen kräftigen Fausthieb abbekommen.;jabo/bert-base-german-cased-xnli-de;entailment;1;0.026577308773994446;0.06721736490726471;0.9062053561210632
39_aii_bii1_twice_neu;Letztes Jahr hat Timo Karl einen kräftigen Fausthieb verpasst.;Vor vier Wochen hat Timo wieder einen kräftigen Fausthieb abbekommen, als er in eine Schlägerei verwickelt war.;Timo hat mindestens zweimal einen kräftigen Fausthieb abbekommen.;unknown;39;aii;bii;1;neutral;twice;False;;"ausgeteilt is agent-oriented; abbekommen is recipient-oriented.";Letztes Jahr hat Timo Karl einen kräftigen Fausthieb verpasst. Vor vier Wochen hat Timo wieder einen kräftigen Fausthieb abbekommen, als er in eine Schlägerei verwickelt war.;Timo hat mindestens zweimal einen kräftigen Fausthieb abbekommen.;jabo/bert-base-german-cased-xnli-de;entailment;0;0.09531931579113007;0.14932239055633545;0.7553582787513733
39_aii_bii1_cannot_say_neu;Letztes Jahr hat Timo Karl einen kräftigen Fausthieb verpasst.;Vor vier Wochen hat Timo wieder einen kräftigen Fausthieb abbekommen, als er in eine Schlägerei verwickelt war.;Es lässt sich nicht sagen, wie oft Timo einen kräftigen Fausthieb abbekommen hat.;unknown;39;aii;bii;1;neutral;cannot say;False;;"ausgeteilt is agent-oriented; abbekommen is recipient-oriented.";Letztes Jahr hat Timo Karl einen kräftigen Fausthieb verpasst. Vor vier Wochen hat Timo wieder einen kräftigen Fausthieb abbekommen, als er in eine Schlägerei verwickelt war.;Es lässt sich nicht sagen, wie oft Timo einen kräftigen Fausthieb abbekommen hat.;jabo/bert-base-german-cased-xnli-de;entailment;0;0.19107109308242798;0.18771439790725708;0.6212144494056702
39_aii_bii2_once_pos;Letztes Jahr hat Timo Karl einen kräftigen Fausthieb verpasst.;Vor vier Wochen hat Karl wieder einen kräftigen Fausthieb abbekommen, als er in eine Schlägerei verwickelt war.;Karl hat einmal einen kräftigen Fausthieb abbekommen.;unknown;39;aii;bii;2;positive;once;False;;"ausgeteilt is agent-oriented; abbekommen is recipient-oriented.";Letztes Jahr hat Timo Karl einen kräftigen Fausthieb verpasst. Vor vier Wochen hat Karl wieder einen kräftigen Fausthieb abbekommen, als er in eine Schlägerei verwickelt war.;Karl hat einmal einen kräftigen Fausthieb abbekommen.;jabo/bert-base-german-cased-xnli-de;entailment;0;0.02681119181215763;0.0663653016090393;0.9068235158920288
39_aii_bii2_twice_pos;Letztes Jahr hat Timo Karl einen kräftigen Fausthieb verpasst.;Vor vier Wochen hat Karl wieder einen kräftigen Fausthieb abbekommen, als er in eine Schlägerei verwickelt war.;Karl hat mindestens zweimal einen kräftigen Fausthieb abbekommen.;entailment;39;aii;bii;2;positive;twice;False;;"ausgeteilt is agent-oriented; abbekommen is recipient-oriented.";Letztes Jahr hat Timo Karl einen kräftigen Fausthieb verpasst. Vor vier Wochen hat Karl wieder einen kräftigen Fausthieb abbekommen, als er in eine Schlägerei verwickelt war.;Karl hat mindestens zweimal einen kräftigen Fausthieb abbekommen.;jabo/bert-base-german-cased-xnli-de;entailment;1;0.0869772732257843;0.12441045045852661;0.7886123061180115
39_aii_bii2_cannot_say_pos;Letztes Jahr hat Timo Karl einen kräftigen Fausthieb verpasst.;Vor vier Wochen hat Karl wieder einen kräftigen Fausthieb abbekommen, als er in eine Schlägerei verwickelt war.;Es lässt sich nicht sagen, wie oft Karl einen kräftigen Fausthieb abbekommen hat.;unknown;39;aii;bii;2;positive;cannot say;False;;"ausgeteilt is agent-oriented; abbekommen is recipient-oriented.";Letztes Jahr hat Timo Karl einen kräftigen Fausthieb verpasst. Vor vier Wochen hat Karl wieder einen kräftigen Fausthieb abbekommen, als er in eine Schlägerei verwickelt war.;Es lässt sich nicht sagen, wie oft Karl einen kräftigen Fausthieb abbekommen hat.;jabo/bert-base-german-cased-xnli-de;entailment;0;0.1519765555858612;0.1577811986207962;0.6902422308921814
40_ai_bi1_once_pos;Vor einem halben Jahr hat Karl Greta charmant zum Tanzen aufgefordert.;Vor zwei Wochen hat Greta wieder eine charmante Tanzaufforderung erhalten, als sie auf einer Party einsam war.;Greta hat einmal eine charmante Tanzaufforderung erhalten.;unknown;40;ai;bi;1;positive;once;False;;;Vor einem halben Jahr hat Karl Greta charmant zum Tanzen aufgefordert. Vor zwei Wochen hat Greta wieder eine charmante Tanzaufforderung erhalten, als sie auf einer Party einsam war.;Greta hat einmal eine charmante Tanzaufforderung erhalten.;jabo/bert-base-german-cased-xnli-de;entailment;0;0.02101084403693676;0.050434235483407974;0.9285549521446228
40_ai_bi1_twice_pos;Vor einem halben Jahr hat Karl Greta charmant zum Tanzen aufgefordert.;Vor zwei Wochen hat Greta wieder eine charmante Tanzaufforderung erhalten, als sie auf einer Party einsam war.;Greta hat mindestens zweimal eine charmante Tanzaufforderung erhalten.;entailment;40;ai;bi;1;positive;twice;False;;;Vor einem halben Jahr hat Karl Greta charmant zum Tanzen aufgefordert. Vor zwei Wochen hat Greta wieder eine charmante Tanzaufforderung erhalten, als sie auf einer Party einsam war.;Greta hat mindestens zweimal eine charmante Tanzaufforderung erhalten.;jabo/bert-base-german-cased-xnli-de;entailment;1;0.05424252524971962;0.1115749180316925;0.8341825604438782
40_ai_bi1_cannot_say_pos;Vor einem halben Jahr hat Karl Greta charmant zum Tanzen aufgefordert.;Vor zwei Wochen hat Greta wieder eine charmante Tanzaufforderung erhalten, als sie auf einer Party einsam war.;Es lässt sich nicht sagen, wie oft Greta eine charmante Tanzaufforderung erhalten hat.;unknown;40;ai;bi;1;positive;cannot say;False;;;Vor einem halben Jahr hat Karl Greta charmant zum Tanzen aufgefordert. Vor zwei Wochen hat Greta wieder eine charmante Tanzaufforderung erhalten, als sie auf einer Party einsam war.;Es lässt sich nicht sagen, wie oft Greta eine charmante Tanzaufforderung erhalten hat.;jabo/bert-base-german-cased-xnli-de;contradiction;0;0.819712221622467;0.15720154345035553;0.023086242377758026
40_ai_bi2_once_neu;Vor einem halben Jahr hat Karl Greta charmant zum Tanzen aufgefordert.;Vor zwei Wochen hat Karl wieder eine charmante Tanzaufforderung erhalten, als er auf einer Party einsam war.;Karl hat einmal eine charmante Tanzaufforderung erhalten.;entailment;40;ai;bi;2;neutral;once;False;;;Vor einem halben Jahr hat Karl Greta charmant zum Tanzen aufgefordert. Vor zwei Wochen hat Karl wieder eine charmante Tanzaufforderung erhalten, als er auf einer Party einsam war.;Karl hat einmal eine charmante Tanzaufforderung erhalten.;jabo/bert-base-german-cased-xnli-de;entailment;1;0.022938556969165802;0.05104493722319603;0.9260165691375732
40_ai_bi2_twice_neu;Vor einem halben Jahr hat Karl Greta charmant zum Tanzen aufgefordert.;Vor zwei Wochen hat Karl wieder eine charmante Tanzaufforderung erhalten, als er auf einer Party einsam war.;Karl hat mindestens zweimal eine charmante Tanzaufforderung erhalten.;unknown;40;ai;bi;2;neutral;twice;False;;;Vor einem halben Jahr hat Karl Greta charmant zum Tanzen aufgefordert. Vor zwei Wochen hat Karl wieder eine charmante Tanzaufforderung erhalten, als er auf einer Party einsam war.;Karl hat mindestens zweimal eine charmante Tanzaufforderung erhalten.;jabo/bert-base-german-cased-xnli-de;entailment;0;0.043758291751146317;0.09699289500713348;0.8592488169670105
40_ai_bi2_cannot_say_neu;Vor einem halben Jahr hat Karl Greta charmant zum Tanzen aufgefordert.;Vor zwei Wochen hat Karl wieder eine charmante Tanzaufforderung erhalten, als er auf einer Party einsam war.;Es lässt sich nicht sagen, wie oft Karl eine charmante Tanzaufforderung erhalten hat.;unknown;40;ai;bi;2;neutral;cannot say;False;;;Vor einem halben Jahr hat Karl Greta charmant zum Tanzen aufgefordert. Vor zwei Wochen hat Karl wieder eine charmante Tanzaufforderung erhalten, als er auf einer Party einsam war.;Es lässt sich nicht sagen, wie oft Karl eine charmante Tanzaufforderung erhalten hat.;jabo/bert-base-german-cased-xnli-de;contradiction;0;0.7953698039054871;0.17323307693004608;0.031397052109241486
40_ai_bii1_once_neu;Vor einem halben Jahr hat Karl Greta charmant zum Tanzen aufgefordert.;Vor zwei Wochen hat Greta wieder eine charmante Tanzaufforderung ausgesprochen, als sie auf einer Party einsam war.;Greta hat einmal eine charmante Tanzaufforderung ausgesprochen.;entailment;40;ai;bii;1;neutral;once;False;;;Vor einem halben Jahr hat Karl Greta charmant zum Tanzen aufgefordert. Vor zwei Wochen hat Greta wieder eine charmante Tanzaufforderung ausgesprochen, als sie auf einer Party einsam war.;Greta hat einmal eine charmante Tanzaufforderung ausgesprochen.;jabo/bert-base-german-cased-xnli-de;entailment;1;0.021097887307405472;0.05207493528723717;0.9268271923065186
40_ai_bii1_twice_neu;Vor einem halben Jahr hat Karl Greta charmant zum Tanzen aufgefordert.;Vor zwei Wochen hat Greta wieder eine charmante Tanzaufforderung ausgesprochen, als sie auf einer Party einsam war.;Greta hat mindestens zweimal eine charmante Tanzaufforderung ausgesprochen.;unknown;40;ai;bii;1;neutral;twice;False;;;Vor einem halben Jahr hat Karl Greta charmant zum Tanzen aufgefordert. Vor zwei Wochen hat Greta wieder eine charmante Tanzaufforderung ausgesprochen, als sie auf einer Party einsam war.;Greta hat mindestens zweimal eine charmante Tanzaufforderung ausgesprochen.;jabo/bert-base-german-cased-xnli-de;entailment;0;0.051197201013565063;0.12693457305431366;0.8218681812286377
40_ai_bii1_cannot_say_neu;Vor einem halben Jahr hat Karl Greta charmant zum Tanzen aufgefordert.;Vor zwei Wochen hat Greta wieder eine charmante Tanzaufforderung ausgesprochen, als sie auf einer Party einsam war.;Es lässt sich nicht sagen, wie oft Greta eine charmante Tanzaufforderung ausgesprochen hat.;unknown;40;ai;bii;1;neutral;cannot say;False;;;Vor einem halben Jahr hat Karl Greta charmant zum Tanzen aufgefordert. Vor zwei Wochen hat Greta wieder eine charmante Tanzaufforderung ausgesprochen, als sie auf einer Party einsam war.;Es lässt sich nicht sagen, wie oft Greta eine charmante Tanzaufforderung ausgesprochen hat.;jabo/bert-base-german-cased-xnli-de;contradiction;0;0.8105765581130981;0.16451776027679443;0.024905752390623093
40_ai_bii2_once_pos;Vor einem halben Jahr hat Karl Greta charmant zum Tanzen aufgefordert.;Vor zwei Wochen hat Karl wieder eine charmante Tanzaufforderung ausgesprochen, als er auf einer Party einsam war.;Karl hat einmal eine charmante Tanzaufforderung ausgesprochen.;unknown;40;ai;bii;2;positive;once;False;;;Vor einem halben Jahr hat Karl Greta charmant zum Tanzen aufgefordert. Vor zwei Wochen hat Karl wieder eine charmante Tanzaufforderung ausgesprochen, als er auf einer Party einsam war.;Karl hat einmal eine charmante Tanzaufforderung ausgesprochen.;jabo/bert-base-german-cased-xnli-de;entailment;0;0.024180950596928596;0.05399525910615921;0.9218238592147827
40_ai_bii2_twice_pos;Vor einem halben Jahr hat Karl Greta charmant zum Tanzen aufgefordert.;Vor zwei Wochen hat Karl wieder eine charmante Tanzaufforderung ausgesprochen, als er auf einer Party einsam war.;Karl hat mindestens zweimal eine charmante Tanzaufforderung ausgesprochen.;entailment;40;ai;bii;2;positive;twice;False;;;Vor einem halben Jahr hat Karl Greta charmant zum Tanzen aufgefordert. Vor zwei Wochen hat Karl wieder eine charmante Tanzaufforderung ausgesprochen, als er auf einer Party einsam war.;Karl hat mindestens zweimal eine charmante Tanzaufforderung ausgesprochen.;jabo/bert-base-german-cased-xnli-de;entailment;1;0.04479978233575821;0.09600584954023361;0.8591943383216858
40_ai_bii2_cannot_say_pos;Vor einem halben Jahr hat Karl Greta charmant zum Tanzen aufgefordert.;Vor zwei Wochen hat Karl wieder eine charmante Tanzaufforderung ausgesprochen, als er auf einer Party einsam war.;Es lässt sich nicht sagen, wie oft Karl eine charmante Tanzaufforderung ausgesprochen hat.;unknown;40;ai;bii;2;positive;cannot say;False;;;Vor einem halben Jahr hat Karl Greta charmant zum Tanzen aufgefordert. Vor zwei Wochen hat Karl wieder eine charmante Tanzaufforderung ausgesprochen, als er auf einer Party einsam war.;Es lässt sich nicht sagen, wie oft Karl eine charmante Tanzaufforderung ausgesprochen hat.;jabo/bert-base-german-cased-xnli-de;contradiction;0;0.7772402763366699;0.18728964030742645;0.035470131784677505
40_aii_bi1_once_neu;Vor einem halben Jahr hat Greta Karl charmant zum Tanzen aufgefordert.;Vor zwei Wochen hat Greta wieder eine charmante Tanzaufforderung erhalten, als sie auf einer Party einsam war.;Greta hat einmal eine charmante Tanzaufforderung erhalten.;entailment;40;aii;bi;1;neutral;once;False;;;Vor einem halben Jahr hat Greta Karl charmant zum Tanzen aufgefordert. Vor zwei Wochen hat Greta wieder eine charmante Tanzaufforderung erhalten, als sie auf einer Party einsam war.;Greta hat einmal eine charmante Tanzaufforderung erhalten.;jabo/bert-base-german-cased-xnli-de;entailment;1;0.021342124789953232;0.05066194012761116;0.9279959201812744
40_aii_bi1_twice_neu;Vor einem halben Jahr hat Greta Karl charmant zum Tanzen aufgefordert.;Vor zwei Wochen hat Greta wieder eine charmante Tanzaufforderung erhalten, als sie auf einer Party einsam war.;Greta hat mindestens zweimal eine charmante Tanzaufforderung erhalten.;unknown;40;aii;bi;1;neutral;twice;False;;;Vor einem halben Jahr hat Greta Karl charmant zum Tanzen aufgefordert. Vor zwei Wochen hat Greta wieder eine charmante Tanzaufforderung erhalten, als sie auf einer Party einsam war.;Greta hat mindestens zweimal eine charmante Tanzaufforderung erhalten.;jabo/bert-base-german-cased-xnli-de;entailment;0;0.051569484174251556;0.10876341909170151;0.839667022228241
40_aii_bi1_cannot_say_neu;Vor einem halben Jahr hat Greta Karl charmant zum Tanzen aufgefordert.;Vor zwei Wochen hat Greta wieder eine charmante Tanzaufforderung erhalten, als sie auf einer Party einsam war.;Es lässt sich nicht sagen, wie oft Greta eine charmante Tanzaufforderung erhalten hat.;unknown;40;aii;bi;1;neutral;cannot say;False;;;Vor einem halben Jahr hat Greta Karl charmant zum Tanzen aufgefordert. Vor zwei Wochen hat Greta wieder eine charmante Tanzaufforderung erhalten, als sie auf einer Party einsam war.;Es lässt sich nicht sagen, wie oft Greta eine charmante Tanzaufforderung erhalten hat.;jabo/bert-base-german-cased-xnli-de;contradiction;0;0.8096305727958679;0.16540537774562836;0.024964122101664543
40_aii_bi2_once_pos;Vor einem halben Jahr hat Greta Karl charmant zum Tanzen aufgefordert.;Vor zwei Wochen hat Karl wieder eine charmante Tanzaufforderung erhalten, als er auf einer Party einsam war.;Karl hat einmal eine charmante Tanzaufforderung erhalten.;unknown;40;aii;bi;2;positive;once;False;;;Vor einem halben Jahr hat Greta Karl charmant zum Tanzen aufgefordert. Vor zwei Wochen hat Karl wieder eine charmante Tanzaufforderung erhalten, als er auf einer Party einsam war.;Karl hat einmal eine charmante Tanzaufforderung erhalten.;jabo/bert-base-german-cased-xnli-de;entailment;0;0.022963212803006172;0.051877833902835846;0.9251589775085449
40_aii_bi2_twice_pos;Vor einem halben Jahr hat Greta Karl charmant zum Tanzen aufgefordert.;Vor zwei Wochen hat Karl wieder eine charmante Tanzaufforderung erhalten, als er auf einer Party einsam war.;Karl hat mindestens zweimal eine charmante Tanzaufforderung erhalten.;entailment;40;aii;bi;2;positive;twice;False;;;Vor einem halben Jahr hat Greta Karl charmant zum Tanzen aufgefordert. Vor zwei Wochen hat Karl wieder eine charmante Tanzaufforderung erhalten, als er auf einer Party einsam war.;Karl hat mindestens zweimal eine charmante Tanzaufforderung erhalten.;jabo/bert-base-german-cased-xnli-de;entailment;1;0.04553336650133133;0.10167799144983292;0.8527886271476746
40_aii_bi2_cannot_say_pos;Vor einem halben Jahr hat Greta Karl charmant zum Tanzen aufgefordert.;Vor zwei Wochen hat Karl wieder eine charmante Tanzaufforderung erhalten, als er auf einer Party einsam war.;Es lässt sich nicht sagen, wie oft Karl eine charmante Tanzaufforderung erhalten hat.;unknown;40;aii;bi;2;positive;cannot say;False;;;Vor einem halben Jahr hat Greta Karl charmant zum Tanzen aufgefordert. Vor zwei Wochen hat Karl wieder eine charmante Tanzaufforderung erhalten, als er auf einer Party einsam war.;Es lässt sich nicht sagen, wie oft Karl eine charmante Tanzaufforderung erhalten hat.;jabo/bert-base-german-cased-xnli-de;contradiction;0;0.7955948114395142;0.17277823388576508;0.03162701055407524
40_aii_bii1_once_pos;Vor einem halben Jahr hat Greta Karl charmant zum Tanzen aufgefordert.;Vor zwei Wochen hat Greta wieder eine charmante Tanzaufforderung ausgesprochen, als sie auf einer Party einsam war.;Greta hat einmal eine charmante Tanzaufforderung ausgesprochen.;unknown;40;aii;bii;1;positive;once;False;;;Vor einem halben Jahr hat Greta Karl charmant zum Tanzen aufgefordert. Vor zwei Wochen hat Greta wieder eine charmante Tanzaufforderung ausgesprochen, als sie auf einer Party einsam war.;Greta hat einmal eine charmante Tanzaufforderung ausgesprochen.;jabo/bert-base-german-cased-xnli-de;entailment;0;0.0214543379843235;0.0517408512532711;0.9268048405647278
40_aii_bii1_twice_pos;Vor einem halben Jahr hat Greta Karl charmant zum Tanzen aufgefordert.;Vor zwei Wochen hat Greta wieder eine charmante Tanzaufforderung ausgesprochen, als sie auf einer Party einsam war.;Greta hat mindestens zweimal eine charmante Tanzaufforderung ausgesprochen.;entailment;40;aii;bii;1;positive;twice;False;;;Vor einem halben Jahr hat Greta Karl charmant zum Tanzen aufgefordert. Vor zwei Wochen hat Greta wieder eine charmante Tanzaufforderung ausgesprochen, als sie auf einer Party einsam war.;Greta hat mindestens zweimal eine charmante Tanzaufforderung ausgesprochen.;jabo/bert-base-german-cased-xnli-de;entailment;1;0.049951545894145966;0.12312617897987366;0.8269222974777222
40_aii_bii1_cannot_say_pos;Vor einem halben Jahr hat Greta Karl charmant zum Tanzen aufgefordert.;Vor zwei Wochen hat Greta wieder eine charmante Tanzaufforderung ausgesprochen, als sie auf einer Party einsam war.;Es lässt sich nicht sagen, wie oft Greta eine charmante Tanzaufforderung ausgesprochen hat.;unknown;40;aii;bii;1;positive;cannot say;False;;;Vor einem halben Jahr hat Greta Karl charmant zum Tanzen aufgefordert. Vor zwei Wochen hat Greta wieder eine charmante Tanzaufforderung ausgesprochen, als sie auf einer Party einsam war.;Es lässt sich nicht sagen, wie oft Greta eine charmante Tanzaufforderung ausgesprochen hat.;jabo/bert-base-german-cased-xnli-de;contradiction;0;0.7983986139297485;0.17431101202964783;0.02729032374918461
40_aii_bii2_once_neu;Vor einem halben Jahr hat Greta Karl charmant zum Tanzen aufgefordert.;Vor zwei Wochen hat Karl wieder eine charmante Tanzaufforderung ausgesprochen, als er auf einer Party einsam war.;Karl hat einmal eine charmante Tanzaufforderung ausgesprochen.;entailment;40;aii;bii;2;neutral;once;False;;;Vor einem halben Jahr hat Greta Karl charmant zum Tanzen aufgefordert. Vor zwei Wochen hat Karl wieder eine charmante Tanzaufforderung ausgesprochen, als er auf einer Party einsam war.;Karl hat einmal eine charmante Tanzaufforderung ausgesprochen.;jabo/bert-base-german-cased-xnli-de;entailment;1;0.024127598851919174;0.05463801696896553;0.9212343692779541
40_aii_bii2_twice_neu;Vor einem halben Jahr hat Greta Karl charmant zum Tanzen aufgefordert.;Vor zwei Wochen hat Karl wieder eine charmante Tanzaufforderung ausgesprochen, als er auf einer Party einsam war.;Karl hat mindestens zweimal eine charmante Tanzaufforderung ausgesprochen.;unknown;40;aii;bii;2;neutral;twice;False;;;Vor einem halben Jahr hat Greta Karl charmant zum Tanzen aufgefordert. Vor zwei Wochen hat Karl wieder eine charmante Tanzaufforderung ausgesprochen, als er auf einer Party einsam war.;Karl hat mindestens zweimal eine charmante Tanzaufforderung ausgesprochen.;jabo/bert-base-german-cased-xnli-de;entailment;0;0.046426333487033844;0.10175807774066925;0.8518155813217163
40_aii_bii2_cannot_say_neu;Vor einem halben Jahr hat Greta Karl charmant zum Tanzen aufgefordert.;Vor zwei Wochen hat Karl wieder eine charmante Tanzaufforderung ausgesprochen, als er auf einer Party einsam war.;Es lässt sich nicht sagen, wie oft Karl eine charmante Tanzaufforderung ausgesprochen hat.;unknown;40;aii;bii;2;neutral;cannot say;False;;;Vor einem halben Jahr hat Greta Karl charmant zum Tanzen aufgefordert. Vor zwei Wochen hat Karl wieder eine charmante Tanzaufforderung ausgesprochen, als er auf einer Party einsam war.;Es lässt sich nicht sagen, wie oft Karl eine charmante Tanzaufforderung ausgesprochen hat.;jabo/bert-base-german-cased-xnli-de;contradiction;0;0.7775300145149231;0.18685612082481384;0.035613782703876495
