id;premises;target_sentence;conclusion;gold_label;item_id;context;target;brace;condition;response_option;target_inferred;target_note;role_note;model_premise;model_conclusion;model;predicted_label;match;score_contradiction;score_neutral;score_entailment
1_ai_bi1_once_pos;Letzte Woche hat Linda Judith eine rosa Lampe für ein Zimmer gekauft.;Vor zwei Tagen hat Judith wieder eine rosa Lampe erhalten, als sie mit einer Freundin unterwegs war.;Judith hat einmal eine rosa Lampe erhalten.;unknown;1;ai;bi;1;positive;once;False;;;Letzte Woche hat Linda Judith eine rosa Lampe für ein Zimmer gekauft. Vor zwei Tagen hat Judith wieder eine rosa Lampe erhalten, als sie mit einer Freundin unterwegs war.;Judith hat einmal eine rosa Lampe erhalten.;joeddav/xlm-roberta-large-xnli;entailment;0;0.001391865313053131;0.000422992801759392;0.9981850981712341
1_ai_bi1_twice_pos;Letzte Woche hat Linda Judith eine rosa Lampe für ein Zimmer gekauft.;Vor zwei Tagen hat Judith wieder eine rosa Lampe erhalten, als sie mit einer Freundin unterwegs war.;Judith hat mindestens zweimal eine rosa Lampe erhalten.;entailment;1;ai;bi;1;positive;twice;False;;;Letzte Woche hat Linda Judith eine rosa Lampe für ein Zimmer gekauft. Vor zwei Tagen hat Judith wieder eine rosa Lampe erhalten, als sie mit einer Freundin unterwegs war.;Judith hat mindestens zweimal eine rosa Lampe erhalten.;joeddav/xlm-roberta-large-xnli;entailment;1;0.00031454823329113424;0.00023951281036715955;0.9994459748268127
1_ai_bi1_cannot_say_pos;Letzte Woche hat Linda Judith eine rosa Lampe für ein Zimmer gekauft.;Vor zwei Tagen hat Judith wieder eine rosa Lampe erhalten, als sie mit einer Freundin unterwegs war.;Es lässt sich nicht sagen, wie oft Judith eine rosa Lampe erhalten hat.;unknown;1;ai;bi;1;positive;cannot say;False;;;Letzte Woche hat Linda Judith eine rosa Lampe für ein Zimmer gekauft. Vor zwei Tagen hat Judith wieder eine rosa Lampe erhalten, als sie mit einer Freundin unterwegs war.;Es lässt sich nicht sagen, wie oft Judith eine rosa Lampe erhalten hat.;joeddav/xlm-roberta-large-xnli;entailment;0;0.023122821003198624;0.2861650586128235;0.6907120943069458
1_ai_bi2_once_neu;Letzte Woche hat Linda Judith eine rosa Lampe für ein Zimmer gekauft.;Vor zwei Tagen hat Linda wieder eine rosa Lampe erhalten, als sie mit einer Freundin unterwegs war.;Linda hat einmal eine rosa Lampe erhalten.;entailment;1;ai;bi;2;neutral;once;False;;;Letzte Woche hat Linda Judith eine rosa Lampe für ein Zimmer gekauft. Vor zwei Tagen hat Linda wieder eine rosa Lampe erhalten, als sie mit einer Freundin unterwegs war.;Linda hat einmal eine rosa Lampe erhalten.;joeddav/xlm-roberta-large-xnli;entailment;1;0.0014708621893078089;0.00045241968473419547;0.9980766773223877
1_ai_bi2_twice_neu;Letzte Woche hat Linda Judith eine rosa Lampe für ein Zimmer gekauft.;Vor zwei Tagen hat Linda wieder eine rosa Lampe erhalten, als sie mit einer Freundin unterwegs war.;Linda hat mindestens zweimal eine rosa Lampe erhalten.;unknown;1;ai;bi;2;neutral;twice;False;;;Letzte Woche hat Linda Judith eine rosa Lampe für ein Zimmer gekauft. Vor zwei Tagen hat Linda wieder eine rosa Lampe erhalten, als sie mit einer Freundin unterwegs war.;Linda hat mindestens zweimal eine rosa Lampe erhalten.;joeddav/xlm-roberta-large-xnli;entailment;0;0.00034965045051649213;0.00028088586986996233;0.9993694424629211
1_ai_bi2_cannot_say_neu;Letzte Woche hat Linda Judith eine rosa Lampe für ein Zimmer gekauft.;Vor zwei Tagen hat Linda wieder eine rosa Lampe erhalten, als sie mit einer Freundin unterwegs war.;Es lässt sich nicht sagen, wie oft Linda eine rosa Lampe erhalten hat.;unknown;1;ai;bi;2;neutral;cannot say;False;;;Letzte Woche hat Linda Judith eine rosa Lampe für ein Zimmer gekauft. Vor zwei Tagen hat Linda wieder eine rosa Lampe erhalten, als sie mit einer Freundin unterwegs war.;Es lässt sich nicht sagen, wie oft Linda eine rosa Lampe erhalten hat.;joeddav/xlm-roberta-large-xnli;entailment;0;0.02154478244483471;0.33151692152023315;0.6469382643699646
1_ai_bii1_once_neu;Letzte Woche hat Linda Judith eine rosa Lampe für ein Zimmer gekauft.;Vor zwei Tagen hat Judith wieder eine rosa Lampe besorgt, als sie mit einer Freundin unterwegs war.;Judith hat einmal eine rosa Lampe besorgt.;entailment;1;ai;bii;1;neutral;once;False;;;Letzte Woche hat Linda Judith eine rosa Lampe für ein Zimmer gekauft. Vor zwei Tagen hat Judith wieder eine rosa Lampe besorgt, als sie mit einer Freundin unterwegs war.;Judith hat einmal eine rosa Lampe besorgt.;joeddav/xlm-roberta-large-xnli;entailment;1;0.0010004470823332667;0.000298738683341071;0.998700737953186
1_ai_bii1_twice_neu;Letzte Woche hat Linda Judith eine rosa Lampe für ein Zimmer gekauft.;Vor zwei Tagen hat Judith wieder eine rosa Lampe besorgt, als sie mit einer Freundin unterwegs war.;Judith hat mindestens zweimal eine rosa Lampe besorgt.;unknown;1;ai;bii;1;neutral;twice;False;;;Letzte Woche hat Linda Judith eine rosa Lampe für ein Zimmer gekauft. Vor zwei Tagen hat Judith wieder eine rosa Lampe besorgt, als sie mit einer Freundin unterwegs war.;Judith hat mindestens zweimal eine rosa Lampe besorgt.;joeddav/xlm-roberta-large-xnli;entailment;0;0.00026432369486428797;0.00021004820882808417;0.9995256662368774
1_ai_bii1_cannot_say_neu;Letzte Woche hat Linda Judith eine rosa Lampe für ein Zimmer gekauft.;Vor zwei Tagen hat Judith wieder eine rosa Lampe besorgt, als sie mit einer Freundin unterwegs war.;Es lässt sich nicht sagen, wie oft Judith eine rosa Lampe besorgt hat.;unknown;1;ai;bii;1;neutral;cannot say;False;;;Letzte Woche hat Linda Judith eine rosa Lampe für ein Zimmer gekauft. Vor zwei Tagen hat Judith wieder eine rosa Lampe besorgt, als sie mit einer Freundin unterwegs war.;Es lässt sich nicht sagen, wie oft Judith eine rosa Lampe besorgt hat.;joeddav/xlm-roberta-large-xnli;neutral;1;0.28233686089515686;0.5221824049949646;0.19548076391220093
1_ai_bii2_once_pos;Letzte Woche hat Linda Judith eine rosa Lampe für ein Zimmer gekauft.;Vor zwei Tagen hat Linda wieder eine rosa Lampe besorgt, als sie mit einer Freundin unterwegs war.;Linda hat einmal eine rosa Lampe besorgt.;unknown;1;ai;bii;2;positive;once;False;;;Letzte Woche hat Linda Judith eine rosa Lampe für ein Zimmer gekauft. Vor zwei Tagen hat Linda wieder eine rosa Lampe besorgt, als sie mit einer Freundin unterwegs war.;Linda hat einmal eine rosa Lampe besorgt.;joeddav/xlm-roberta-large-xnli;entailment;0;0.0010017576860263944;0.0003105959331151098;0.9986876845359802
1_ai_bii2_twice_pos;Letzte Woche hat Linda Judith eine rosa Lampe für ein Zimmer gekauft.;Vor zwei Tagen hat Linda wieder eine rosa Lampe besorgt, als sie mit einer Freundin unterwegs war.;Linda hat mindestens zweimal eine rosa Lampe besorgt.;entailment;1;ai;bii;2;positive;twice;False;;;Letzte Woche hat Linda Judith eine rosa Lampe für ein Zimmer gekauft. Vor zwei Tagen hat Linda wieder eine rosa Lampe besorgt, als sie mit einer Freundin unterwegs war.;Linda hat mindestens zweimal eine rosa Lampe besorgt.;joeddav/xlm-roberta-large-xnli;entailment;1;0.00028103956719860435;0.00021734126494266093;0.9995015859603882
1_ai_bii2_cannot_say_pos;Letzte Woche hat Linda Judith eine rosa Lampe für ein Zimmer gekauft.;Vor zwei Tagen hat Linda wieder eine rosa Lampe besorgt, als sie mit einer Freundin unterwegs war.;Es lässt sich nicht sagen, wie oft Linda eine rosa Lampe besorgt hat.;unknown;1;ai;bii;2;positive;cannot say;False;;;Letzte Woche hat Linda Judith eine rosa Lampe für ein Zimmer gekauft. Vor zwei Tagen hat Linda wieder eine rosa Lampe besorgt, als sie mit einer Freundin unterwegs war.;Es lässt sich nicht sagen, wie oft Linda eine rosa Lampe besorgt hat.;joeddav/xlm-roberta-large-xnli;neutral;1;0.3235982060432434;0.4754394590854645;0.20096230506896973
1_aii_bi1_once_neu;Letzte Woche hat Judith Linda eine rosa Lampe für ein Zimmer gekauft.;Vor zwei Tagen hat Judith wieder eine rosa Lampe erhalten, als sie mit einer Freundin unterwegs war.;Judith hat einmal eine rosa Lampe erhalten.;entailment;1;aii;bi;1;neutral;once;False;;;Letzte Woche hat Judith Linda eine rosa Lampe für ein Zimmer gekauft. Vor zwei Tagen hat Judith wieder eine rosa Lampe erhalten, als sie mit einer Freundin unterwegs war.;Judith hat einmal eine rosa Lampe erhalten.;joeddav/xlm-roberta-large-xnli;entailment;1;0.001330367405898869;0.0004137966607231647;0.9982557892799377
1_aii_bi1_twice_neu;Letzte Woche hat Judith Linda eine rosa Lampe für ein Zimmer gekauft.;Vor zwei Tagen hat Judith wieder eine rosa Lampe erhalten, als sie mit einer Freundin unterwegs war.;Judith hat mindestens zweimal eine rosa Lampe erhalten.;unknown;1;aii;bi;1;neutral;twice;False;;;Letzte Woche hat Judith Linda eine rosa Lampe für ein Zimmer gekauft. Vor zwei Tagen hat Judith wieder eine rosa Lampe erhalten, als sie mit einer Freundin unterwegs war.;Judith hat mindestens zweimal eine rosa Lampe erhalten.;joeddav/xlm-roberta-large-xnli;entailment;0;0.00031877015135250986;0.00024225376546382904;0.9994389414787292
1_aii_bi1_cannot_say_neu;Letzte Woche hat Judith Linda eine rosa Lampe für ein Zimmer gekauft.;Vor zwei Tagen hat Judith wieder eine rosa Lampe erhalten, als sie mit einer Freundin unterwegs war.;Es lässt sich nicht sagen, wie oft Judith eine rosa Lampe erhalten hat.;unknown;1;aii;bi;1;neutral;cannot say;False;;;Letzte Woche hat Judith Linda eine rosa Lampe für ein Zimmer gekauft. Vor zwei Tagen hat Judith wieder eine rosa Lampe erhalten, als sie mit einer Freundin unterwegs war.;Es lässt sich nicht sagen, wie oft Judith eine rosa Lampe erhalten hat.;joeddav/xlm-roberta-large-xnli;entailment;0;0.02259705774486065;0.30184483528137207;0.6755580902099609
1_aii_bi2_once_pos;Letzte Woche hat Judith Linda eine rosa Lampe für ein Zimmer gekauft.;Vor zwei Tagen hat Linda wieder eine rosa Lampe erhalten, als sie mit einer Freundin unterwegs war.;Linda hat einmal eine rosa Lampe erhalten.;unknown;1;aii;bi;2;positive;once;False;;;Letzte Woche hat Judith Linda eine rosa Lampe für ein Zimmer gekauft. Vor zwei Tagen hat Linda wieder eine rosa Lampe erhalten, als sie mit einer Freundin unterwegs war.;Linda hat einmal eine rosa Lampe erhalten.;joeddav/xlm-roberta-large-xnli;entailment;0;0.0014301140327006578;0.00044768318184651434;0.9981221556663513
1_aii_bi2_twice_pos;Letzte Woche hat Judith Linda eine rosa Lampe für ein Zimmer gekauft.;Vor zwei Tagen hat Linda wieder eine rosa Lampe erhalten, als sie mit einer Freundin unterwegs war.;Linda hat mindestens zweimal eine rosa Lampe erhalten.;entailment;1;aii;bi;2;positive;twice;False;;;Letzte Woche hat Judith Linda eine rosa Lampe für ein Zimmer gekauft. Vor zwei Tagen hat Linda wieder eine rosa Lampe erhalten, als sie mit einer Freundin unterwegs war.;Linda hat mindestens zweimal eine rosa Lampe erhalten.;joeddav/xlm-roberta-large-xnli;entailment;1;0.00034476854489184916;0.00028447192744351923;0.9993707537651062
1_aii_bi2_cannot_say_pos;Letzte Woche hat Judith Linda eine rosa Lampe für ein Zimmer gekauft.;Vor zwei Tagen hat Linda wieder eine rosa Lampe erhalten, als sie mit einer Freundin unterwegs war.;Es lässt sich nicht sagen, wie oft Linda eine rosa Lampe erhalten hat.;unknown;1;aii;bi;2;positive;cannot say;False;;;Letzte Woche hat Judith Linda eine rosa Lampe für ein Zimmer gekauft. Vor zwei Tagen hat Linda wieder eine rosa Lampe erhalten, als sie mit einer Freundin unterwegs war.;Es lässt sich nicht sagen, wie oft Linda eine rosa Lampe erhalten hat.;joeddav/xlm-roberta-large-xnli;neutral;1;0.01739886961877346;0.5314075946807861;0.45119354128837585
1_aii_bii1_once_pos;Letzte Woche hat Judith Linda eine rosa Lampe für ein Zimmer gekauft.;Vor zwei Tagen hat Judith wieder eine rosa Lampe besorgt, als sie mit einer Freundin unterwegs war.;Judith hat einmal eine rosa Lampe besorgt.;unknown;1;aii;bii;1;positive;once;False;;;Letzte Woche hat Judith Linda eine rosa Lampe für ein Zimmer gekauft. Vor zwei Tagen hat Judith wieder eine rosa Lampe besorgt, als sie mit einer Freundin unterwegs war.;Judith hat einmal eine rosa Lampe besorgt.;joeddav/xlm-roberta-large-xnli;entailment;0;0.0009813951328396797;0.0002974428061861545;0.998721182346344
1_aii_bii1_twice_pos;Letzte Woche hat Judith Linda eine rosa Lampe für ein Zimmer gekauft.;Vor zwei Tagen hat Judith wieder eine rosa Lampe besorgt, als sie mit einer Freundin unterwegs war.;Judith hat mindestens zweimal eine rosa Lampe besorgt.;entailment;1;aii;bii;1;positive;twice;False;;;Letzte Woche hat Judith Linda eine rosa Lampe für ein Zimmer gekauft. Vor zwei Tagen hat Judith wieder eine rosa Lampe besorgt, als sie mit einer Freundin unterwegs war.;Judith hat mindestens zweimal eine rosa Lampe besorgt.;joeddav/xlm-roberta-large-xnli;entailment;1;0.00027172002592124045;0.00021383432613220066;0.9995144605636597
1_aii_bii1_cannot_say_pos;Letzte Woche hat Judith Linda eine rosa Lampe für ein Zimmer gekauft.;Vor zwei Tagen hat Judith wieder eine rosa Lampe besorgt, als sie mit einer Freundin unterwegs war.;Es lässt sich nicht sagen, wie oft Judith eine rosa Lampe besorgt hat.;unknown;1;aii;bii;1;positive;cannot say;False;;;Letzte Woche hat Judith Linda eine rosa Lampe für ein Zimmer gekauft. Vor zwei Tagen hat Judith wieder eine rosa Lampe besorgt, als sie mit einer Freundin unterwegs war.;Es lässt sich nicht sagen, wie oft Judith eine rosa Lampe besorgt hat.;joeddav/xlm-roberta-large-xnli;neutral;1;0.31786054372787476;0.4878411293029785;0.19429831206798553
1_aii_bii2_once_neu;Letzte Woche hat Judith Linda eine rosa Lampe für ein Zimmer gekauft.;Vor zwei Tagen hat Linda wieder eine rosa Lampe besorgt, als sie mit einer Freundin unterwegs war.;Linda hat einmal eine rosa Lampe besorgt.;entailment;1;aii;bii;2;neutral;once;False;;;Letzte Woche hat Judith Linda eine rosa Lampe für ein Zimmer gekauft. Vor zwei Tagen hat Linda wieder eine rosa Lampe besorgt, als sie mit einer Freundin unterwegs war.;Linda hat einmal eine rosa Lampe besorgt.;joeddav/xlm-roberta-large-xnli;entailment;1;0.0009910527151077986;0.0003123983333352953;0.9986966252326965
1_aii_bii2_twice_neu;Letzte Woche hat Judith Linda eine rosa Lampe für ein Zimmer gekauft.;Vor zwei Tagen hat Linda wieder eine rosa Lampe besorgt, als sie mit einer Freundin unterwegs war.;Linda hat mindestens zweimal eine rosa Lampe besorgt.;unknown;1;aii;bii;2;neutral;twice;False;;;Letzte Woche hat Judith Linda eine rosa Lampe für ein Zimmer gekauft. Vor zwei Tagen hat Linda wieder eine rosa Lampe besorgt, als sie mit einer Freundin unterwegs war.;Linda hat mindestens zweimal eine rosa Lampe besorgt.;joeddav/xlm-roberta-large-xnli;entailment;0;0.0002802489325404167;0.00022115075262263417;0.9994986057281494
1_aii_bii2_cannot_say_neu;Letzte Woche hat Judith Linda eine rosa Lampe für ein Zimmer gekauft.;Vor zwei Tagen hat Linda wieder eine rosa Lampe besorgt, als sie mit einer Freundin unterwegs war.;Es lässt sich nicht sagen, wie oft Linda eine rosa Lampe besorgt hat.;unknown;1;aii;bii;2;neutral;cannot say;False;;;Letzte Woche hat Judith Linda eine rosa Lampe für ein Zimmer gekauft. Vor zwei Tagen hat Linda wieder eine rosa Lampe besorgt, als sie mit einer Freundin unterwegs war.;Es lässt sich nicht sagen, wie oft Linda eine rosa Lampe besorgt hat.;joeddav/xlm-roberta-large-xnli;neutral;1;0.25279131531715393;0.5639533996582031;0.18325529992580414
2_ai_bi1_once_pos;Letztes Jahr hat Linda Timo ein schönes Geschenk zum Geburtstag gebastelt.;Vor einer Woche hat Timo wieder ein schönes Geschenk empfangen, weil er bei einer Wichtelaktion mitgemacht hat.;Timo hat einmal ein schönes Geschenk empfangen.;unknown;2;ai;bi;1;positive;once;False;;;Letztes Jahr hat Linda Timo ein schönes Geschenk zum Geburtstag gebastelt. Vor einer Woche hat Timo wieder ein schönes Geschenk empfangen, weil er bei einer Wichtelaktion mitgemacht hat.;Timo hat einmal ein schönes Geschenk empfangen.;joeddav/xlm-roberta-large-xnli;entailment;0;0.00045508876792155206;0.00023922763648442924;0.9993057250976562
2_ai_bi1_twice_pos;Letztes Jahr hat Linda Timo ein schönes Geschenk zum Geburtstag gebastelt.;Vor einer Woche hat Timo wieder ein schönes Geschenk empfangen, weil er bei einer Wichtelaktion mitgemacht hat.;Timo hat mindestens zweimal ein schönes Geschenk empfangen.;entailment;2;ai;bi;1;positive;twice;False;;;Letztes Jahr hat Linda Timo ein schönes Geschenk zum Geburtstag gebastelt. Vor einer Woche hat Timo wieder ein schönes Geschenk empfangen, weil er bei einer Wichtelaktion mitgemacht hat.;Timo hat mindestens zweimal ein schönes Geschenk empfangen.;joeddav/xlm-roberta-large-xnli;entailment;1;0.0003597534087020904;0.0006357038510031998;0.9990045428276062
2_ai_bi1_cannot_say_pos;Letztes Jahr hat Linda Timo ein schönes Geschenk zum Geburtstag gebastelt.;Vor einer Woche hat Timo wieder ein schönes Geschenk empfangen, weil er bei einer Wichtelaktion mitgemacht hat.;Es lässt sich nicht sagen, wie oft Timo ein schönes Geschenk empfangen hat.;unknown;2;ai;bi;1;positive;cannot say;False;;;Letztes Jahr hat Linda Timo ein schönes Geschenk zum Geburtstag gebastelt. Vor einer Woche hat Timo wieder ein schönes Geschenk empfangen, weil er bei einer Wichtelaktion mitgemacht hat.;Es lässt sich nicht sagen, wie oft Timo ein schönes Geschenk empfangen hat.;joeddav/xlm-roberta-large-xnli;neutral;1;0.005777317099273205;0.9603949189186096;0.033827781677246094
2_ai_bi2_once_neu;Letztes Jahr hat Linda Timo ein schönes Geschenk zum Geburtstag gebastelt.;Vor einer Woche hat Linda wieder ein schönes Geschenk empfangen, weil sie bei einer Wichtelaktion mitgemacht hat.;Linda hat einmal ein schönes Geschenk empfangen.;entailment;2;ai;bi;2;neutral;once;False;;;Letztes Jahr hat Linda Timo ein schönes Geschenk zum Geburtstag gebastelt. Vor einer Woche hat Linda wieder ein schönes Geschenk empfangen, weil sie bei einer Wichtelaktion mitgemacht hat.;Linda hat einmal ein schönes Geschenk empfangen.;joeddav/xlm-roberta-large-xnli;entailment;1;0.00043809882481582463;0.0002354185562580824;0.9993264675140381
2_ai_bi2_twice_neu;Letztes Jahr hat Linda Timo ein schönes Geschenk zum Geburtstag gebastelt.;Vor einer Woche hat Linda wieder ein schönes Geschenk empfangen, weil sie bei einer Wichtelaktion mitgemacht hat.;Linda hat mindestens zweimal ein schönes Geschenk empfangen.;unknown;2;ai;bi;2;neutral;twice;False;;;Letztes Jahr hat Linda Timo ein schönes Geschenk zum Geburtstag gebastelt. Vor einer Woche hat Linda wieder ein schönes Geschenk empfangen, weil sie bei einer Wichtelaktion mitgemacht hat.;Linda hat mindestens zweimal ein schönes Geschenk empfangen.;joeddav/xlm-roberta-large-xnli;entailment;0;0.00034685953869484365;0.000607044028583914;0.9990460276603699
2_ai_bi2_cannot_say_neu;Letztes Jahr hat Linda Timo ein schönes Geschenk zum Geburtstag gebastelt.;Vor einer Woche hat Linda wieder ein schönes Geschenk empfangen, weil sie bei einer Wichtelaktion mitgemacht hat.;Es lässt sich nicht sagen, wie oft Linda ein schönes Geschenk empfangen hat.;unknown;2;ai;bi;2;neutral;cannot say;False;;;Letztes Jahr hat Linda Timo ein schönes Geschenk zum Geburtstag gebastelt. Vor einer Woche hat Linda wieder ein schönes Geschenk empfangen, weil sie bei einer Wichtelaktion mitgemacht hat.;Es lässt sich nicht sagen, wie oft Linda ein schönes Geschenk empfangen hat.;joeddav/xlm-roberta-large-xnli;neutral;1;0.007204877678304911;0.9554006457328796;0.03739443048834801
2_ai_bii1_once_neu;Letztes Jahr hat Linda Timo ein schönes Geschenk zum Geburtstag gebastelt.;Vor einer Woche hat Timo wieder ein schönes Geschenk gemacht, weil er bei einer Wichtelaktion mitgemacht hat.;Timo hat einmal ein schönes Geschenk gemacht.;entailment;2;ai;bii;1;neutral;once;False;;;Letztes Jahr hat Linda Timo ein schönes Geschenk zum Geburtstag gebastelt. Vor einer Woche hat Timo wieder ein schönes Geschenk gemacht, weil er bei einer Wichtelaktion mitgemacht hat.;Timo hat einmal ein schönes Geschenk gemacht.;joeddav/xlm-roberta-large-xnli;entailment;1;0.0008332445868290961;0.0003258306242059916;0.9988409876823425
2_ai_bii1_twice_neu;Letztes Jahr hat Linda Timo ein schönes Geschenk zum Geburtstag gebastelt.;Vor einer Woche hat Timo wieder ein schönes Geschenk gemacht, weil er bei einer Wichtelaktion mitgemacht hat.;Timo hat mindestens zweimal ein schönes Geschenk gemacht.;unknown;2;ai;bii;1;neutral;twice;False;;;Letztes Jahr hat Linda Timo ein schönes Geschenk zum Geburtstag gebastelt. Vor einer Woche hat Timo wieder ein schönes Geschenk gemacht, weil er bei einer Wichtelaktion mitgemacht hat.;Timo hat mindestens zweimal ein schönes Geschenk gemacht.;joeddav/xlm-roberta-large-xnli;entailment;0;0.00039071287028491497;0.0004910897114314139;0.9991181492805481
2_ai_bii1_cannot_say_neu;Letztes Jahr hat Linda Timo ein schönes Geschenk zum Geburtstag gebastelt.;Vor einer Woche hat Timo wieder ein schönes Geschenk gemacht, weil er bei einer Wichtelaktion mitgemacht hat.;Es lässt sich nicht sagen, wie oft Timo ein schönes Geschenk gemacht hat.;unknown;2;ai;bii;1;neutral;cannot say;False;;;Letztes Jahr hat Linda Timo ein schönes Geschenk zum Geburtstag gebastelt. Vor einer Woche hat Timo wieder ein schönes Geschenk gemacht, weil er bei einer Wichtelaktion mitgemacht hat.;Es lässt sich nicht sagen, wie oft Timo ein schönes Geschenk gemacht hat.;joeddav/xlm-roberta-large-xnli;neutral;1;0.02803615853190422;0.9364101886749268;0.035553619265556335
2_ai_bii2_once_pos;Letztes Jahr hat Linda Timo ein schönes Geschenk zum Geburtstag gebastelt.;Vor einer Woche hat Linda wieder ein schönes Geschenk gemacht, weil sie bei einer Wichtelaktion mitgemacht hat.;Linda hat einmal ein schönes Geschenk gemacht.;unknown;2;ai;bii;2;positive;once;False;;;Letztes Jahr hat Linda Timo ein schönes Geschenk zum Geburtstag gebastelt. Vor einer Woche hat Linda wieder ein schönes Geschenk gemacht, weil sie bei einer Wichtelaktion mitgemacht hat.;Linda hat einmal ein schönes Geschenk gemacht.;joeddav/xlm-roberta-large-xnli;entailment;0;0.0006723749684169888;0.0003076698922086507;0.999019980430603
2_ai_bii2_twice_pos;Letztes Jahr hat Linda Timo ein schönes Geschenk zum Geburtstag gebastelt.;Vor einer Woche hat Linda wieder ein schönes Geschenk gemacht, weil sie bei einer Wichtelaktion mitgemacht hat.;Linda hat mindestens zweimal ein schönes Geschenk gemacht.;entailment;2;ai;bii;2;positive;twice;False;;;Letztes Jahr hat Linda Timo ein schönes Geschenk zum Geburtstag gebastelt. Vor einer Woche hat Linda wieder ein schönes Geschenk gemacht, weil sie bei einer Wichtelaktion mitgemacht hat.;Linda hat mindestens zweimal ein schönes Geschenk gemacht.;joeddav/xlm-roberta-large-xnli;entailment;1;0.00037167101982049644;0.0004690755158662796;0.9991592168807983
2_ai_bii2_cannot_say_pos;Letztes Jahr hat Linda Timo ein schönes Geschenk zum Geburtstag gebastelt.;Vor einer Woche hat Linda wieder ein schönes Geschenk gemacht, weil sie bei einer Wichtelaktion mitgemacht hat.;Es lässt sich nicht sagen, wie oft Linda ein schönes Geschenk gemacht hat.;unknown;2;ai;bii;2;positive;cannot say;False;;;Letztes Jahr hat Linda Timo ein schönes Geschenk zum Geburtstag gebastelt. Vor einer Woche hat Linda wieder ein schönes Geschenk gemacht, weil sie bei einer Wichtelaktion mitgemacht hat.;Es lässt sich nicht sagen, wie oft Linda ein schönes Geschenk gemacht hat.;joeddav/xlm-roberta-large-xnli;neutral;1;0.04798838496208191;0.8886077404022217;0.0634038969874382
2_aii_bi1_once_neu;Letztes Jahr hat Timo Linda ein schönes Geschenk zum Geburtstag gebastelt.;Vor einer Woche hat Timo wieder ein schönes Geschenk empfangen, weil er bei einer Wichtelaktion mitgemacht hat.;Timo hat einmal ein schönes Geschenk empfangen.;entailment;2;aii;bi;1;neutral;once;False;;;Letztes Jahr hat Timo Linda ein schönes Geschenk zum Geburtstag gebastelt. Vor einer Woche hat Timo wieder ein schönes Geschenk empfangen, weil er bei einer Wichtelaktion mitgemacht hat.;Timo hat einmal ein schönes Geschenk empfangen.;joeddav/xlm-roberta-large-xnli;entailment;1;0.0004273720260243863;0.00023265414347406477;0.9993399977684021
2_aii_bi1_twice_neu;Letztes Jahr hat Timo Linda ein schönes Geschenk zum Geburtstag gebastelt.;Vor einer Woche hat Timo wieder ein schönes Geschenk empfangen, weil er bei einer Wichtelaktion mitgemacht hat.;Timo hat mindestens zweimal ein schönes Geschenk empfangen.;unknown;2;aii;bi;1;neutral;twice;False;;;Letztes Jahr hat Timo Linda ein schönes Geschenk zum Geburtstag gebastelt. Vor einer Woche hat Timo wieder ein schönes Geschenk empfangen, weil er bei einer Wichtelaktion mitgemacht hat.;Timo hat mindestens zweimal ein schönes Geschenk empfangen.;joeddav/xlm-roberta-large-xnli;entailment;0;0.0003536512958817184;0.0006485051126219332;0.9989978671073914
2_aii_bi1_cannot_say_neu;Letztes Jahr hat Timo Linda ein schönes Geschenk zum Geburtstag gebastelt.;Vor einer Woche hat Timo wieder ein schönes Geschenk empfangen, weil er bei einer Wichtelaktion mitgemacht hat.;Es lässt sich nicht sagen, wie oft Timo ein schönes Geschenk empfangen hat.;unknown;2;aii;bi;1;neutral;cannot say;False;;;Letztes Jahr hat Timo Linda ein schönes Geschenk zum Geburtstag gebastelt. Vor einer Woche hat Timo wieder ein schönes Geschenk empfangen, weil er bei einer Wichtelaktion mitgemacht hat.;Es lässt sich nicht sagen, wie oft Timo ein schönes Geschenk empfangen hat.;joeddav/xlm-roberta-large-xnli;neutral;1;0.006232697982341051;0.9615679383277893;0.032199397683143616
2_aii_bi2_once_pos;Letztes Jahr hat Timo Linda ein schönes Geschenk zum Geburtstag gebastelt.;Vor einer Woche hat Linda wieder ein schönes Geschenk empfangen, weil sie bei einer Wichtelaktion mitgemacht hat.;Linda hat einmal ein schönes Geschenk empfangen.;unknown;2;aii;bi;2;positive;once;False;;;Letztes Jahr hat Timo Linda ein schönes Geschenk zum Geburtstag gebastelt. Vor einer Woche hat Linda wieder ein schönes Geschenk empfangen, weil sie bei einer Wichtelaktion mitgemacht hat.;Linda hat einmal ein schönes Geschenk empfangen.;joeddav/xlm-roberta-large-xnli;entailment;0;0.00046757375821471214;0.00024935411056503654;0.9992831349372864
2_aii_bi2_twice_pos;Letztes Jahr hat Timo Linda ein schönes Geschenk zum Geburtstag gebastelt.;Vor einer Woche hat Linda wieder ein schönes Geschenk empfangen, weil sie bei einer Wichtelaktion mitgemacht hat.;Linda hat mindestens zweimal ein schönes Geschenk empfangen.;entailment;2;aii;bi;2;positive;twice;False;;;Letztes Jahr hat Timo Linda ein schönes Geschenk zum Geburtstag gebastelt. Vor einer Woche hat Linda wieder ein schönes Geschenk empfangen, weil sie bei einer Wichtelaktion mitgemacht hat.;Linda hat mindestens zweimal ein schönes Geschenk empfangen.;joeddav/xlm-roberta-large-xnli;entailment;1;0.0003568347601685673;0.0006389030604623258;0.9990043044090271
2_aii_bi2_cannot_say_pos;Letztes Jahr hat Timo Linda ein schönes Geschenk zum Geburtstag gebastelt.;Vor einer Woche hat Linda wieder ein schönes Geschenk empfangen, weil sie bei einer Wichtelaktion mitgemacht hat.;Es lässt sich nicht sagen, wie oft Linda ein schönes Geschenk empfangen hat.;unknown;2;aii;bi;2;positive;cannot say;False;;;Letztes Jahr hat Timo Linda ein schönes Geschenk zum Geburtstag gebastelt. Vor einer Woche hat Linda wieder ein schönes Geschenk empfangen, weil sie bei einer Wichtelaktion mitgemacht hat.;Es lässt sich nicht sagen, wie oft Linda ein schönes Geschenk empfangen hat.;joeddav/xlm-roberta-large-xnli;neutral;1;0.006664964370429516;0.9591496586799622;0.034185297787189484
2_aii_bii1_once_pos;Letztes Jahr hat Timo Linda ein schönes Geschenk zum Geburtstag gebastelt.;Vor einer Woche hat Timo wieder ein schönes Geschenk gemacht, weil er bei einer Wichtelaktion mitgemacht hat.;Timo hat einmal ein schönes Geschenk gemacht.;unknown;2;aii;bii;1;positive;once;False;;;Letztes Jahr hat Timo Linda ein schönes Geschenk zum Geburtstag gebastelt. Vor einer Woche hat Timo wieder ein schönes Geschenk gemacht, weil er bei einer Wichtelaktion mitgemacht hat.;Timo hat einmal ein schönes Geschenk gemacht.;joeddav/xlm-roberta-large-xnli;entailment;0;0.000687337655108422;0.0002998446288984269;0.99901282787323
2_aii_bii1_twice_pos;Letztes Jahr hat Timo Linda ein schönes Geschenk zum Geburtstag gebastelt.;Vor einer Woche hat Timo wieder ein schönes Geschenk gemacht, weil er bei einer Wichtelaktion mitgemacht hat.;Timo hat mindestens zweimal ein schönes Geschenk gemacht.;entailment;2;aii;bii;1;positive;twice;False;;;Letztes Jahr hat Timo Linda ein schönes Geschenk zum Geburtstag gebastelt. Vor einer Woche hat Timo wieder ein schönes Geschenk gemacht, weil er bei einer Wichtelaktion mitgemacht hat.;Timo hat mindestens zweimal ein schönes Geschenk gemacht.;joeddav/xlm-roberta-large-xnli;entailment;1;0.00037643342511728406;0.00048476221854798496;0.9991388320922852
2_aii_bii1_cannot_say_pos;Letztes Jahr hat Timo Linda ein schönes Geschenk zum Geburtstag gebastelt.;Vor einer Woche hat Timo wieder ein schönes Geschenk gemacht, weil er bei einer Wichtelaktion mitgemacht hat.;Es lässt sich nicht sagen, wie oft Timo ein schönes Geschenk gemacht hat.;unknown;2;aii;bii;1;positive;cannot say;False;;;Letztes Jahr hat Timo Linda ein schönes Geschenk zum Geburtstag gebastelt. Vor einer Woche hat Timo wieder ein schönes Geschenk gemacht, weil er bei einer Wichtelaktion mitgemacht hat.;Es lässt sich nicht sagen, wie oft Timo ein schönes Geschenk gemacht hat.;joeddav/xlm-roberta-large-xnli;neutral;1;0.0318940244615078;0.9297685623168945;0.03833746910095215
2_aii_bii2_once_neu;Letztes Jahr hat Timo Linda ein schönes Geschenk zum Geburtstag gebastelt.;Vor einer Woche hat Linda wieder ein schönes Geschenk gemacht, weil sie bei einer Wichtelaktion mitgemacht hat.;Linda hat einmal ein schönes Geschenk gemacht.;entailment;2;aii;bii;2;neutral;once;False;;;Letztes Jahr hat Timo Linda ein schönes Geschenk zum Geburtstag gebastelt. Vor einer Woche hat Linda wieder ein schönes Geschenk gemacht, weil sie bei einer Wichtelaktion mitgemacht hat.;Linda hat einmal ein schönes Geschenk gemacht.;joeddav/xlm-roberta-large-xnli;entailment;1;0.0007025042432360351;0.00032460351940244436;0.9989728927612305
2_aii_bii2_twice_neu;Letztes Jahr hat Timo Linda ein schönes Geschenk zum Geburtstag gebastelt.;Vor einer Woche hat Linda wieder ein schönes Geschenk gemacht, weil sie bei einer Wichtelaktion mitgemacht hat.;Linda hat mindestens zweimal ein schönes Geschenk gemacht.;unknown;2;aii;bii;2;neutral;twice;False;;;Letztes Jahr hat Timo Linda ein schönes Geschenk zum Geburtstag gebastelt. Vor einer Woche hat Linda wieder ein schönes Geschenk gemacht, weil sie bei einer Wichtelaktion mitgemacht hat.;Linda hat mindestens zweimal ein schönes Geschenk gemacht.;joeddav/xlm-roberta-large-xnli;entailment;0;0.0003804148582275957;0.0004995994968339801;0.9991199374198914
2_aii_bii2_cannot_say_neu;Letztes Jahr hat Timo Linda ein schönes Geschenk zum Geburtstag gebastelt.;Vor einer Woche hat Linda wieder ein schönes Geschenk gemacht, weil sie bei einer Wichtelaktion mitgemacht hat.;Es lässt sich nicht sagen, wie oft Linda ein schönes Geschenk gemacht hat.;unknown;2;aii;bii;2;neutral;cannot say;False;;;Letztes Jahr hat Timo Linda ein schönes Geschenk zum Geburtstag gebastelt. Vor einer Woche hat Linda wieder ein schönes Geschenk gemacht, weil sie bei einer Wichtelaktion mitgemacht hat.;Es lässt sich nicht sagen, wie oft Linda ein schönes Geschenk gemacht hat.;joeddav/xlm-roberta-large-xnli;neutral;1;0.03511985391378403;0.9141179323196411;0.050762198865413666
3_ai_bi1_once_neu;Letztes Jahr hat Linda Thorsten ein selbstgeschriebenes Lied vorgesungen.;Vor drei Wochen hat Linda wieder ein selbstgeschriebenes Lied gehört, als sie bei einer Freundin daheim war.;Linda hat einmal ein selbstgeschriebenes Lied gehört.;entailment;3;ai;bi;1;neutral;once;False;;Linda/Thorsten: agent-first braces.;Letztes Jahr hat Linda Thorsten ein selbstgeschriebenes Lied vorgesungen. Vor drei Wochen hat Linda wieder ein selbstgeschriebenes Lied gehört, als sie bei einer Freundin daheim war.;Linda hat einmal ein selbstgeschriebenes Lied gehört.;joeddav/xlm-roberta-large-xnli;entailment;1;0.001427165581844747;0.00041419381159357727;0.9981586337089539
3_ai_bi1_twice_neu;Letztes Jahr hat Linda Thorsten ein selbstgeschriebenes Lied vorgesungen.;Vor drei Wochen hat Linda wieder ein selbstgeschriebenes Lied gehört, als sie bei einer Freundin daheim war.;Linda hat mindestens zweimal ein selbstgeschriebenes Lied gehört.;unknown;3;ai;bi;1;neutral;twice;False;;Linda/Thorsten: agent-first braces.;Letztes Jahr hat Linda Thorsten ein selbstgeschriebenes Lied vorgesungen. Vor drei Wochen hat Linda wieder ein selbstgeschriebenes Lied gehört, als sie bei einer Freundin daheim war.;Linda hat mindestens zweimal ein selbstgeschriebenes Lied gehört.;joeddav/xlm-roberta-large-xnli;entailment;0;0.00034287720336578786;0.0004332636308390647;0.9992238283157349
3_ai_bi1_cannot_say_neu;Letztes Jahr hat Linda Thorsten ein selbstgeschriebenes Lied vorgesungen.;Vor drei Wochen hat Linda wieder ein selbstgeschriebenes Lied gehört, als sie bei einer Freundin daheim war.;Es lässt sich nicht sagen, wie oft Linda ein selbstgeschriebenes Lied gehört hat.;unknown;3;ai;bi;1;neutral;cannot say;False;;Linda/Thorsten: agent-first braces.;Letztes Jahr hat Linda Thorsten ein selbstgeschriebenes Lied vorgesungen. Vor drei Wochen hat Linda wieder ein selbstgeschriebenes Lied gehört, als sie bei einer Freundin daheim war.;Es lässt sich nicht sagen, wie oft Linda ein selbstgeschriebenes Lied gehört hat.;joeddav/xlm-roberta-large-xnli;entailment;0;0.006910835858434439;0.006578624714165926;0.9865105748176575
3_ai_bi2_once_pos;Letztes Jahr hat Linda Thorsten ein selbstgeschriebenes Lied vorgesungen.;Vor drei Wochen hat Thorsten wieder ein selbstgeschriebenes Lied gehört, als er bei einer Freundin daheim war.;Thorsten hat einmal ein selbstgeschriebenes Lied gehört.;unknown;3;ai;bi;2;positive;once;False;;Linda/Thorsten: agent-first braces.;Letztes Jahr hat Linda Thorsten ein selbstgeschriebenes Lied vorgesungen. Vor drei Wochen hat Thorsten wieder ein selbstgeschriebenes Lied gehört, als er bei einer Freundin daheim war.;Thorsten hat einmal ein selbstgeschriebenes Lied gehört.;joeddav/xlm-roberta-large-xnli;entailment;0;0.001347571611404419;0.0003835121460724622;0.9982688426971436
3_ai_bi2_twice_pos;Letztes Jahr hat Linda Thorsten ein selbstgeschriebenes Lied vorgesungen.;Vor drei Wochen hat Thorsten wieder ein selbstgeschriebenes Lied gehört, als er bei einer Freundin daheim war.;Thorsten hat mindestens zweimal ein selbstgeschriebenes Lied gehört.;entailment;3;ai;bi;2;positive;twice;False;;Linda/Thorsten: agent-first braces.;Letztes Jahr hat Linda Thorsten ein selbstgeschriebenes Lied vorgesungen. Vor drei Wochen hat Thorsten wieder ein selbstgeschriebenes Lied gehört, als er bei einer Freundin daheim war.;Thorsten hat mindestens zweimal ein selbstgeschriebenes Lied gehört.;joeddav/xlm-roberta-large-xnli;entailment;1;0.00033168683876283467;0.00040436661220155656;0.9992639422416687
3_ai_bi2_cannot_say_pos;Letztes Jahr hat Linda Thorsten ein selbstgeschriebenes Lied vorgesungen.;Vor drei Wochen hat Thorsten wieder ein selbstgeschriebenes Lied gehört, als er bei einer Freundin daheim war.;Es lässt sich nicht sagen, wie oft Thorsten ein selbstgeschriebenes Lied gehört hat.;unknown;3;ai;bi;2;positive;cannot say;False;;Linda/Thorsten: agent-first braces.;Letztes Jahr hat Linda Thorsten ein selbstgeschriebenes Lied vorgesungen. Vor drei Wochen hat Thorsten wieder ein selbstgeschriebenes Lied gehört, als er bei einer Freundin daheim war.;Es lässt sich nicht sagen, wie oft Thorsten ein selbstgeschriebenes Lied gehört hat.;joeddav/xlm-roberta-large-xnli;entailment;0;0.007939375936985016;0.006156892981380224;0.9859036803245544
3_ai_bii1_once_pos;Letztes Jahr hat Linda Thorsten ein selbstgeschriebenes Lied vorgesungen.;Vor drei Wochen hat Linda wieder ein selbstgeschriebenes Lied gesungen, als sie bei einer Freundin daheim war.;Linda hat einmal ein selbstgeschriebenes Lied gesungen.;unknown;3;ai;bii;1;positive;once;False;;Linda/Thorsten: agent-first braces.;Letztes Jahr hat Linda Thorsten ein selbstgeschriebenes Lied vorgesungen. Vor drei Wochen hat Linda wieder ein selbstgeschriebenes Lied gesungen, als sie bei einer Freundin daheim war.;Linda hat einmal ein selbstgeschriebenes Lied gesungen.;joeddav/xlm-roberta-large-xnli;entailment;0;0.0006548199453391135;0.00031769255292601883;0.9990274906158447
3_ai_bii1_twice_pos;Letztes Jahr hat Linda Thorsten ein selbstgeschriebenes Lied vorgesungen.;Vor drei Wochen hat Linda wieder ein selbstgeschriebenes Lied gesungen, als sie bei einer Freundin daheim war.;Linda hat mindestens zweimal ein selbstgeschriebenes Lied gesungen.;entailment;3;ai;bii;1;positive;twice;False;;Linda/Thorsten: agent-first braces.;Letztes Jahr hat Linda Thorsten ein selbstgeschriebenes Lied vorgesungen. Vor drei Wochen hat Linda wieder ein selbstgeschriebenes Lied gesungen, als sie bei einer Freundin daheim war.;Linda hat mindestens zweimal ein selbstgeschriebenes Lied gesungen.;joeddav/xlm-roberta-large-xnli;entailment;1;0.0003099596069660038;0.000432946952059865;0.9992570281028748
3_ai_bii1_cannot_say_pos;Letztes Jahr hat Linda Thorsten ein selbstgeschriebenes Lied vorgesungen.;Vor drei Wochen hat Linda wieder ein selbstgeschriebenes Lied gesungen, als sie bei einer Freundin daheim war.;Es lässt sich nicht sagen, wie oft Linda ein selbstgeschriebenes Lied gesungen hat.;unknown;3;ai;bii;1;positive;cannot say;False;;Linda/Thorsten: agent-first braces.;Letztes Jahr hat Linda Thorsten ein selbstgeschriebenes Lied vorgesungen. Vor drei Wochen hat Linda wieder ein selbstgeschriebenes Lied gesungen, als sie bei einer Freundin daheim war.;Es lässt sich nicht sagen, wie oft Linda ein selbstgeschriebenes Lied gesungen hat.;joeddav/xlm-roberta-large-xnli;entailment;0;0.02955525927245617;0.12036092579364777;0.8500837683677673
3_ai_bii2_once_neu;Letztes Jahr hat Linda Thorsten ein selbstgeschriebenes Lied vorgesungen.;Vor drei Wochen hat Thorsten wieder ein selbstgeschriebenes Lied gesungen, als er bei einer Freundin daheim war.;Thorsten hat einmal ein selbstgeschriebenes Lied gesungen.;entailment;3;ai;bii;2;neutral;once;False;;Linda/Thorsten: agent-first braces.;Letztes Jahr hat Linda Thorsten ein selbstgeschriebenes Lied vorgesungen. Vor drei Wochen hat Thorsten wieder ein selbstgeschriebenes Lied gesungen, als er bei einer Freundin daheim war.;Thorsten hat einmal ein selbstgeschriebenes Lied gesungen.;joeddav/xlm-roberta-large-xnli;entailment;1;0.0006619628984481096;0.00029036382329650223;0.9990476965904236
3_ai_bii2_twice_neu;Letztes Jahr hat Linda Thorsten ein selbstgeschriebenes Lied vorgesungen.;Vor drei Wochen hat Thorsten wieder ein selbstgeschriebenes Lied gesungen, als er bei einer Freundin daheim war.;Thorsten hat mindestens zweimal ein selbstgeschriebenes Lied gesungen.;unknown;3;ai;bii;2;neutral;twice;False;;Linda/Thorsten: agent-first braces.;Letztes Jahr hat Linda Thorsten ein selbstgeschriebenes Lied vorgesungen. Vor drei Wochen hat Thorsten wieder ein selbstgeschriebenes Lied gesungen, als er bei einer Freundin daheim war.;Thorsten hat mindestens zweimal ein selbstgeschriebenes Lied gesungen.;joeddav/xlm-roberta-large-xnli;entailment;0;0.0002937765675596893;0.0003752509946934879;0.999330997467041
3_ai_bii2_cannot_say_neu;Letztes Jahr hat Linda Thorsten ein selbstgeschriebenes Lied vorgesungen.;Vor drei Wochen hat Thorsten wieder ein selbstgeschriebenes Lied gesungen, als er bei einer Freundin daheim war.;Es lässt sich nicht sagen, wie oft Thorsten ein selbstgeschriebenes Lied gesungen hat.;unknown;3;ai;bii;2;neutral;cannot say;False;;Linda/Thorsten: agent-first braces.;Letztes Jahr hat Linda Thorsten ein selbstgeschriebenes Lied vorgesungen. Vor drei Wochen hat Thorsten wieder ein selbstgeschriebenes Lied gesungen, als er bei einer Freundin daheim war.;Es lässt sich nicht sagen, wie oft Thorsten ein selbstgeschriebenes Lied gesungen hat.;joeddav/xlm-roberta-large-xnli;entailment;0;0.0188930444419384;0.07103264331817627;0.9100742936134338
3_aii_bi1_once_pos;Letztes Jahr hat Thorsten Linda ein selbstgeschriebenes Lied vorgesungen.;Vor drei Wochen hat Linda wieder ein selbstgeschriebenes Lied gehört, als sie bei einer Freundin daheim war.;Linda hat einmal ein selbstgeschriebenes Lied gehört.;unknown;3;aii;bi;1;positive;once;False;;Linda/Thorsten: agent-first braces.;Letztes Jahr hat Thorsten Linda ein selbstgeschriebenes Lied vorgesungen. Vor drei Wochen hat Linda wieder ein selbstgeschriebenes Lied gehört, als sie bei einer Freundin daheim war.;Linda hat einmal ein selbstgeschriebenes Lied gehört.;joeddav/xlm-roberta-large-xnli;entailment;0;0.0015818380052223802;0.00044509500730782747;0.9979730248451233
3_aii_bi1_twice_pos;Letztes Jahr hat Thorsten Linda ein selbstgeschriebenes Lied vorgesungen.;Vor drei Wochen hat Linda wieder ein selbstgeschriebenes Lied gehört, als sie bei einer Freundin daheim war.;Linda hat mindestens zweimal ein selbstgeschriebenes Lied gehört.;entailment;3;aii;bi;1;positive;twice;False;;Linda/Thorsten: agent-first braces.;Letztes Jahr hat Thorsten Linda ein selbstgeschriebenes Lied vorgesungen. Vor drei Wochen hat Linda wieder ein selbstgeschriebenes Lied gehört, als sie bei einer Freundin daheim war.;Linda hat mindestens zweimal ein selbstgeschriebenes Lied gehört.;joeddav/xlm-roberta-large-xnli;entailment;1;0.00034923796192742884;0.0004312021774239838;0.999219536781311
3_aii_bi1_cannot_say_pos;Letztes Jahr hat Thorsten Linda ein selbstgeschriebenes Lied vorgesungen.;Vor drei Wochen hat Linda wieder ein selbstgeschriebenes Lied gehört, als sie bei einer Freundin daheim war.;Es lässt sich nicht sagen, wie oft Linda ein selbstgeschriebenes Lied gehört hat.;unknown;3;aii;bi;1;positive;cannot say;False;;Linda/Thorsten: agent-first braces.;Letztes Jahr hat Thorsten Linda ein selbstgeschriebenes Lied vorgesungen. Vor drei Wochen hat Linda wieder ein selbstgeschriebenes Lied gehört, als sie bei einer Freundin daheim war.;Es lässt sich nicht sagen, wie oft Linda ein selbstgeschriebenes Lied gehört hat.;joeddav/xlm-roberta-large-xnli;entailment;0;0.0069582173600792885;0.007367626763880253;0.9856742024421692
3_aii_bi2_once_neu;Letztes Jahr hat Thorsten Linda ein selbstgeschriebenes Lied vorgesungen.;Vor drei Wochen hat Thorsten wieder ein selbstgeschriebenes Lied gehört, als er bei einer Freundin daheim war.;Thorsten hat einmal ein selbstgeschriebenes Lied gehört.;entailment;3;aii;bi;2;neutral;once;False;;Linda/Thorsten: agent-first braces.;Letztes Jahr hat Thorsten Linda ein selbstgeschriebenes Lied vorgesungen. Vor drei Wochen hat Thorsten wieder ein selbstgeschriebenes Lied gehört, als er bei einer Freundin daheim war.;Thorsten hat einmal ein selbstgeschriebenes Lied gehört.;joeddav/xlm-roberta-large-xnli;entailment;1;0.001280472381040454;0.00034853784018196166;0.9983710646629333
3_aii_bi2_twice_neu;Letztes Jahr hat Thorsten Linda ein selbstgeschriebenes Lied vorgesungen.;Vor drei Wochen hat Thorsten wieder ein selbstgeschriebenes Lied gehört, als er bei einer Freundin daheim war.;Thorsten hat mindestens zweimal ein selbstgeschriebenes Lied gehört.;unknown;3;aii;bi;2;neutral;twice;False;;Linda/Thorsten: agent-first braces.;Letztes Jahr hat Thorsten Linda ein selbstgeschriebenes Lied vorgesungen. Vor drei Wochen hat Thorsten wieder ein selbstgeschriebenes Lied gehört, als er bei einer Freundin daheim war.;Thorsten hat mindestens zweimal ein selbstgeschriebenes Lied gehört.;joeddav/xlm-roberta-large-xnli;entailment;0;0.0003111474507022649;0.0003598177863750607;0.9993290901184082
3_aii_bi2_cannot_say_neu;Letztes Jahr hat Thorsten Linda ein selbstgeschriebenes Lied vorgesungen.;Vor drei Wochen hat Thorsten wieder ein selbstgeschriebenes Lied gehört, als er bei einer Freundin daheim war.;Es lässt sich nicht sagen, wie oft Thorsten ein selbstgeschriebenes Lied gehört hat.;unknown;3;aii;bi;2;neutral;cannot say;False;;Linda/Thorsten: agent-first braces.;Letztes Jahr hat Thorsten Linda ein selbstgeschriebenes Lied vorgesungen. Vor drei Wochen hat Thorsten wieder ein selbstgeschriebenes Lied gehört, als er bei einer Freundin daheim war.;Es lässt sich nicht sagen, wie oft Thorsten ein selbstgeschriebenes Lied gehört hat.;joeddav/xlm-roberta-large-xnli;entailment;0;0.00622435100376606;0.0073592024855315685;0.9864164590835571
3_aii_bii1_once_neu;Letztes Jahr hat Thorsten Linda ein selbstgeschriebenes Lied vorgesungen.;Vor drei Wochen hat Linda wieder ein selbstgeschriebenes Lied gesungen, als sie bei einer Freundin daheim war.;Linda hat einmal ein selbstgeschriebenes Lied gesungen.;entailment;3;aii;bii;1;neutral;once;False;;Linda/Thorsten: agent-first braces.;Letztes Jahr hat Thorsten Linda ein selbstgeschriebenes Lied vorgesungen. Vor drei Wochen hat Linda wieder ein selbstgeschriebenes Lied gesungen, als sie bei einer Freundin daheim war.;Linda hat einmal ein selbstgeschriebenes Lied gesungen.;joeddav/xlm-roberta-large-xnli;entailment;1;0.0007317335694096982;0.00032570777693763375;0.9989425539970398
3_aii_bii1_twice_neu;Letztes Jahr hat Thorsten Linda ein selbstgeschriebenes Lied vorgesungen.;Vor drei Wochen hat Linda wieder ein selbstgeschriebenes Lied gesungen, als sie bei einer Freundin daheim war.;Linda hat mindestens zweimal ein selbstgeschriebenes Lied gesungen.;unknown;3;aii;bii;1;neutral;twice;False;;Linda/Thorsten: agent-first braces.;Letztes Jahr hat Thorsten Linda ein selbstgeschriebenes Lied vorgesungen. Vor drei Wochen hat Linda wieder ein selbstgeschriebenes Lied gesungen, als sie bei einer Freundin daheim war.;Linda hat mindestens zweimal ein selbstgeschriebenes Lied gesungen.;joeddav/xlm-roberta-large-xnli;entailment;0;0.00031855254201218486;0.0004265357565600425;0.9992548823356628
3_aii_bii1_cannot_say_neu;Letztes Jahr hat Thorsten Linda ein selbstgeschriebenes Lied vorgesungen.;Vor drei Wochen hat Linda wieder ein selbstgeschriebenes Lied gesungen, als sie bei einer Freundin daheim war.;Es lässt sich nicht sagen, wie oft Linda ein selbstgeschriebenes Lied gesungen hat.;unknown;3;aii;bii;1;neutral;cannot say;False;;Linda/Thorsten: agent-first braces.;Letztes Jahr hat Thorsten Linda ein selbstgeschriebenes Lied vorgesungen. Vor drei Wochen hat Linda wieder ein selbstgeschriebenes Lied gesungen, als sie bei einer Freundin daheim war.;Es lässt sich nicht sagen, wie oft Linda ein selbstgeschriebenes Lied gesungen hat.;joeddav/xlm-roberta-large-xnli;entailment;0;0.02763291262090206;0.13729043304920197;0.835076630115509
3_aii_bii2_once_pos;Letztes Jahr hat Thorsten Linda ein selbstgeschriebenes Lied vorgesungen.;Vor drei Wochen hat Thorsten wieder ein selbstgeschriebenes Lied gesungen, als er bei einer Freundin daheim war.;Thorsten hat einmal ein selbstgeschriebenes Lied gesungen.;unknown;3;aii;bii;2;positive;once;False;;Linda/Thorsten: agent-first braces.;Letztes Jahr hat Thorsten Linda ein selbstgeschriebenes Lied vorgesungen. Vor drei Wochen hat Thorsten wieder ein selbstgeschriebenes Lied gesungen, als er bei einer Freundin daheim war.;Thorsten hat einmal ein selbstgeschriebenes Lied gesungen.;joeddav/xlm-roberta-large-xnli;entailment;0;0.0006016754196025431;0.0002704850339796394;0.9991278052330017
3_aii_bii2_twice_pos;Letztes Jahr hat Thorsten Linda ein selbstgeschriebenes Lied vorgesungen.;Vor drei Wochen hat Thorsten wieder ein selbstgeschriebenes Lied gesungen, als er bei einer Freundin daheim war.;Thorsten hat mindestens zweimal ein selbstgeschriebenes Lied gesungen.;entailment;3;aii;bii;2;positive;twice;False;;Linda/Thorsten: agent-first braces.;Letztes Jahr hat Thorsten Linda ein selbstgeschriebenes Lied vorgesungen. Vor drei Wochen hat Thorsten wieder ein selbstgeschriebenes Lied gesungen, als er bei einer Freundin daheim war.;Thorsten hat mindestens zweimal ein selbstgeschriebenes Lied gesungen.;joeddav/xlm-roberta-large-xnli;entailment;1;0.0002748463302850723;0.00033302680822089314;0.9993921518325806
3_aii_bii2_cannot_say_pos;Letztes Jahr hat Thorsten Linda ein selbstgeschriebenes Lied vorgesungen.;Vor drei Wochen hat Thorsten wieder ein selbstgeschriebenes Lied gesungen, als er bei einer Freundin daheim war.;Es lässt sich nicht sagen, wie oft Thorsten ein selbstgeschriebenes Lied gesungen hat.;unknown;3;aii;bii;2;positive;cannot say;False;;Linda/Thorsten: agent-first braces.;Letztes Jahr hat Thorsten Linda ein selbstgeschriebenes Lied vorgesungen. Vor drei Wochen hat Thorsten wieder ein selbstgeschriebenes Lied gesungen, als er bei einer Freundin daheim war.;Es lässt sich nicht sagen, wie oft Thorsten ein selbstgeschriebenes Lied gesungen hat.;joeddav/xlm-roberta-large-xnli;entailment;0;0.022337710484862328;0.07472819834947586;0.9029340744018555
4_ai_bi1_once_neu;Vorletzte Woche hat Linda Karl eine rote Rose geschenkt.;Vor vier Tagen hat Linda wieder eine rote Rose bekommen, als sie zu einem Date verabredet war.;Linda hat einmal eine rote Rose bekommen.;entailment;4;ai;bi;1;neutral;once;False;;Linda/Karl: agent-first braces.;Vorletzte Woche hat Linda Karl eine rote Rose geschenkt. Vor vier Tagen hat Linda wieder eine rote Rose bekommen, als sie zu einem Date verabredet war.;Linda hat einmal eine rote Rose bekommen.;joeddav/xlm-roberta-large-xnli;entailment;1;0.0019546824041754007;0.000528173812199384;0.9975171089172363
4_ai_bi1_twice_neu;Vorletzte Woche hat Linda Karl eine rote Rose geschenkt.;Vor vier Tagen hat Linda wieder eine rote Rose bekommen, als sie zu einem Date verabredet war.;Linda hat mindestens zweimal eine rote Rose bekommen.;unknown;4;ai;bi;1;neutral;twice;False;;Linda/Karl: agent-first braces.;Vorletzte Woche hat Linda Karl eine rote Rose geschenkt. Vor vier Tagen hat Linda wieder eine rote Rose bekommen, als sie zu einem Date verabredet war.;Linda hat mindestens zweimal eine rote Rose bekommen.;joeddav/xlm-roberta-large-xnli;entailment;0;0.00029305071802809834;0.0002509334299247712;0.999455988407135
4_ai_bi1_cannot_say_neu;Vorletzte Woche hat Linda Karl eine rote Rose geschenkt.;Vor vier Tagen hat Linda wieder eine rote Rose bekommen, als sie zu einem Date verabredet war.;Es lässt sich nicht sagen, wie oft Linda eine rote Rose bekommen hat.;unknown;4;ai;bi;1;neutral;cannot say;False;;Linda/Karl: agent-first braces.;Vorletzte Woche hat Linda Karl eine rote Rose geschenkt. Vor vier Tagen hat Linda wieder eine rote Rose bekommen, als sie zu einem Date verabredet war.;Es lässt sich nicht sagen, wie oft Linda eine rote Rose bekommen hat.;joeddav/xlm-roberta-large-xnli;neutral;1;0.006009461358189583;0.970428466796875;0.023562101647257805
4_ai_bi2_once_pos;Vorletzte Woche hat Linda Karl eine rote Rose geschenkt.;Vor vier Tagen hat Karl wieder eine rote Rose bekommen, als er zu einem Date verabredet war.;Karl hat einmal eine rote Rose bekommen.;unknown;4;ai;bi;2;positive;once;False;;Linda/Karl: agent-first braces.;Vorletzte Woche hat Linda Karl eine rote Rose geschenkt. Vor vier Tagen hat Karl wieder eine rote Rose bekommen, als er zu einem Date verabredet war.;Karl hat einmal eine rote Rose bekommen.;joeddav/xlm-roberta-large-xnli;entailment;0;0.0021501078736037016;0.0005204871413297951;0.9973293542861938
4_ai_bi2_twice_pos;Vorletzte Woche hat Linda Karl eine rote Rose geschenkt.;Vor vier Tagen hat Karl wieder eine rote Rose bekommen, als er zu einem Date verabredet war.;Karl hat mindestens zweimal eine rote Rose bekommen.;entailment;4;ai;bi;2;positive;twice;False;;Linda/Karl: agent-first braces.;Vorletzte Woche hat Linda Karl eine rote Rose geschenkt. Vor vier Tagen hat Karl wieder eine rote Rose bekommen, als er zu einem Date verabredet war.;Karl hat mindestens zweimal eine rote Rose bekommen.;joeddav/xlm-roberta-large-xnli;entailment;1;0.0002910046314354986;0.00024806984583847225;0.9994608759880066
4_ai_bi2_cannot_say_pos;Vorletzte Woche hat Linda Karl eine rote Rose geschenkt.;Vor vier Tagen hat Karl wieder eine rote Rose bekommen, als er zu einem Date verabredet war.;Es lässt sich nicht sagen, wie oft Karl eine rote Rose bekommen hat.;unknown;4;ai;bi;2;positive;cannot say;False;;Linda/Karl: agent-first braces.;Vorletzte Woche hat Linda Karl eine rote Rose geschenkt. Vor vier Tagen hat Karl wieder eine rote Rose bekommen, als er zu einem Date verabredet war.;Es lässt sich nicht sagen, wie oft Karl eine rote Rose bekommen hat.;joeddav/xlm-roberta-large-xnli;neutral;1;0.008942772634327412;0.9286609292030334;0.062396325170993805
4_ai_bii1_once_pos;Vorletzte Woche hat Linda Karl eine rote Rose geschenkt.;Vor vier Tagen hat Linda wieder eine rote Rose vergeben, als sie zu einem Date verabredet war.;Linda hat einmal eine rote Rose vergeben.;unknown;4;ai;bii;1;positive;once;False;;Linda/Karl: agent-first braces.;Vorletzte Woche hat Linda Karl eine rote Rose geschenkt. Vor vier Tagen hat Linda wieder eine rote Rose vergeben, als sie zu einem Date verabredet war.;Linda hat einmal eine rote Rose vergeben.;joeddav/xlm-roberta-large-xnli;entailment;0;0.0029740759637206793;0.000666062580421567;0.9963598847389221
4_ai_bii1_twice_pos;Vorletzte Woche hat Linda Karl eine rote Rose geschenkt.;Vor vier Tagen hat Linda wieder eine rote Rose vergeben, als sie zu einem Date verabredet war.;Linda hat mindestens zweimal eine rote Rose vergeben.;entailment;4;ai;bii;1;positive;twice;False;;Linda/Karl: agent-first braces.;Vorletzte Woche hat Linda Karl eine rote Rose geschenkt. Vor vier Tagen hat Linda wieder eine rote Rose vergeben, als sie zu einem Date verabredet war.;Linda hat mindestens zweimal eine rote Rose vergeben.;joeddav/xlm-roberta-large-xnli;entailment;1;0.00032518457737751305;0.00026330180116929114;0.9994115829467773
4_ai_bii1_cannot_say_pos;Vorletzte Woche hat Linda Karl eine rote Rose geschenkt.;Vor vier Tagen hat Linda wieder eine rote Rose vergeben, als sie zu einem Date verabredet war.;Es lässt sich nicht sagen, wie oft Linda eine rote Rose vergeben hat.;unknown;4;ai;bii;1;positive;cannot say;False;;Linda/Karl: agent-first braces.;Vorletzte Woche hat Linda Karl eine rote Rose geschenkt. Vor vier Tagen hat Linda wieder eine rote Rose vergeben, als sie zu einem Date verabredet war.;Es lässt sich nicht sagen, wie oft Linda eine rote Rose vergeben hat.;joeddav/xlm-roberta-large-xnli;neutral;1;0.024018967524170876;0.9517591595649719;0.02422190085053444
4_ai_bii2_once_neu;Vorletzte Woche hat Linda Karl eine rote Rose geschenkt.;Vor vier Tagen hat Karl wieder eine rote Rose vergeben, als er zu einem Date verabredet war.;Karl hat einmal eine rote Rose vergeben.;entailment;4;ai;bii;2;neutral;once;False;;Linda/Karl: agent-first braces.;Vorletzte Woche hat Linda Karl eine rote Rose geschenkt. Vor vier Tagen hat Karl wieder eine rote Rose vergeben, als er zu einem Date verabredet war.;Karl hat einmal eine rote Rose vergeben.;joeddav/xlm-roberta-large-xnli;entailment;1;0.005816337186843157;0.0010165520943701267;0.9931671023368835
4_ai_bii2_twice_neu;Vorletzte Woche hat Linda Karl eine rote Rose geschenkt.;Vor vier Tagen hat Karl wieder eine rote Rose vergeben, als er zu einem Date verabredet war.;Karl hat mindestens zweimal eine rote Rose vergeben.;unknown;4;ai;bii;2;neutral;twice;False;;Linda/Karl: agent-first braces.;Vorletzte Woche hat Linda Karl eine rote Rose geschenkt. Vor vier Tagen hat Karl wieder eine rote Rose vergeben, als er zu einem Date verabredet war.;Karl hat mindestens zweimal eine rote Rose vergeben.;joeddav/xlm-roberta-large-xnli;entailment;0;0.0004170921165496111;0.00030488186166621745;0.9992780089378357
4_ai_bii2_cannot_say_neu;Vorletzte Woche hat Linda Karl eine rote Rose geschenkt.;Vor vier Tagen hat Karl wieder eine rote Rose vergeben, als er zu einem Date verabredet war.;Es lässt sich nicht sagen, wie oft Karl eine rote Rose vergeben hat.;unknown;4;ai;bii;2;neutral;cannot say;False;;Linda/Karl: agent-first braces.;Vorletzte Woche hat Linda Karl eine rote Rose geschenkt. Vor vier Tagen hat Karl wieder eine rote Rose vergeben, als er zu einem Date verabredet war.;Es lässt sich nicht sagen, wie oft Karl eine rote Rose vergeben hat.;joeddav/xlm-roberta-large-xnli;neutral;1;0.08813532441854477;0.8408742547035217;0.07099036127328873
4_aii_bi1_once_pos;Vorletzte Woche hat Karl Linda eine rote Rose geschenkt.;Vor vier Tagen hat Linda wieder eine rote Rose bekommen, als sie zu einem Date verabredet war.;Linda hat einmal eine rote Rose bekommen.;unknown;4;aii;bi;1;positive;once;False;;Linda/Karl: agent-first braces.;Vorletzte Woche hat Karl Linda eine rote Rose geschenkt. Vor vier Tagen hat Linda wieder eine rote Rose bekommen, als sie zu einem Date verabredet war.;Linda hat einmal eine rote Rose bekommen.;joeddav/xlm-roberta-large-xnli;entailment;0;0.0021212685387581587;0.0005329024861566722;0.9973458647727966
4_aii_bi1_twice_pos;Vorletzte Woche hat Karl Linda eine rote Rose geschenkt.;Vor vier Tagen hat Linda wieder eine rote Rose bekommen, als sie zu einem Date verabredet war.;Linda hat mindestens zweimal eine rote Rose bekommen.;entailment;4;aii;bi;1;positive;twice;False;;Linda/Karl: agent-first braces.;Vorletzte Woche hat Karl Linda eine rote Rose geschenkt. Vor vier Tagen hat Linda wieder eine rote Rose bekommen, als sie zu einem Date verabredet war.;Linda hat mindestens zweimal eine rote Rose bekommen.;joeddav/xlm-roberta-large-xnli;entailment;1;0.0002988794876728207;0.00025434294366277754;0.9994468092918396
4_aii_bi1_cannot_say_pos;Vorletzte Woche hat Karl Linda eine rote Rose geschenkt.;Vor vier Tagen hat Linda wieder eine rote Rose bekommen, als sie zu einem Date verabredet war.;Es lässt sich nicht sagen, wie oft Linda eine rote Rose bekommen hat.;unknown;4;aii;bi;1;positive;cannot say;False;;Linda/Karl: agent-first braces.;Vorletzte Woche hat Karl Linda eine rote Rose geschenkt. Vor vier Tagen hat Linda wieder eine rote Rose bekommen, als sie zu einem Date verabredet war.;Es lässt sich nicht sagen, wie oft Linda eine rote Rose bekommen hat.;joeddav/xlm-roberta-large-xnli;neutral;1;0.004818455316126347;0.9753971695899963;0.019784364849328995
4_aii_bi2_once_neu;Vorletzte Woche hat Karl Linda eine rote Rose geschenkt.;Vor vier Tagen hat Karl wieder eine rote Rose bekommen, als er zu einem Date verabredet war.;Karl hat einmal eine rote Rose bekommen.;entailment;4;aii;bi;2;neutral;once;False;;Linda/Karl: agent-first braces.;Vorletzte Woche hat Karl Linda eine rote Rose geschenkt. Vor vier Tagen hat Karl wieder eine rote Rose bekommen, als er zu einem Date verabredet war.;Karl hat einmal eine rote Rose bekommen.;joeddav/xlm-roberta-large-xnli;entailment;1;0.002051624469459057;0.0005240883328951895;0.9974243640899658
4_aii_bi2_twice_neu;Vorletzte Woche hat Karl Linda eine rote Rose geschenkt.;Vor vier Tagen hat Karl wieder eine rote Rose bekommen, als er zu einem Date verabredet war.;Karl hat mindestens zweimal eine rote Rose bekommen.;unknown;4;aii;bi;2;neutral;twice;False;;Linda/Karl: agent-first braces.;Vorletzte Woche hat Karl Linda eine rote Rose geschenkt. Vor vier Tagen hat Karl wieder eine rote Rose bekommen, als er zu einem Date verabredet war.;Karl hat mindestens zweimal eine rote Rose bekommen.;joeddav/xlm-roberta-large-xnli;entailment;0;0.00028080804622732103;0.00023980218975339085;0.9994794726371765
4_aii_bi2_cannot_say_neu;Vorletzte Woche hat Karl Linda eine rote Rose geschenkt.;Vor vier Tagen hat Karl wieder eine rote Rose bekommen, als er zu einem Date verabredet war.;Es lässt sich nicht sagen, wie oft Karl eine rote Rose bekommen hat.;unknown;4;aii;bi;2;neutral;cannot say;False;;Linda/Karl: agent-first braces.;Vorletzte Woche hat Karl Linda eine rote Rose geschenkt. Vor vier Tagen hat Karl wieder eine rote Rose bekommen, als er zu einem Date verabredet war.;Es lässt sich nicht sagen, wie oft Karl eine rote Rose bekommen hat.;joeddav/xlm-roberta-large-xnli;neutral;1;0.009253038093447685;0.9337322115898132;0.057014767080545425
4_aii_bii1_once_neu;Vorletzte Woche hat Karl Linda eine rote Rose geschenkt.;Vor vier Tagen hat Linda wieder eine rote Rose vergeben, als sie zu einem Date verabredet war.;Linda hat einmal eine rote Rose vergeben.;entailment;4;aii;bii;1;neutral;once;False;;Linda/Karl: agent-first braces.;Vorletzte Woche hat Karl Linda eine rote Rose geschenkt. Vor vier Tagen hat Linda wieder eine rote Rose vergeben, als sie zu einem Date verabredet war.;Linda hat einmal eine rote Rose vergeben.;joeddav/xlm-roberta-large-xnli;entailment;1;0.004015597980469465;0.000783512310590595;0.9952008724212646
4_aii_bii1_twice_neu;Vorletzte Woche hat Karl Linda eine rote Rose geschenkt.;Vor vier Tagen hat Linda wieder eine rote Rose vergeben, als sie zu einem Date verabredet war.;Linda hat mindestens zweimal eine rote Rose vergeben.;unknown;4;aii;bii;1;neutral;twice;False;;Linda/Karl: agent-first braces.;Vorletzte Woche hat Karl Linda eine rote Rose geschenkt. Vor vier Tagen hat Linda wieder eine rote Rose vergeben, als sie zu einem Date verabredet war.;Linda hat mindestens zweimal eine rote Rose vergeben.;joeddav/xlm-roberta-large-xnli;entailment;0;0.00038646647590212524;0.0002897115482483059;0.999323844909668
4_aii_bii1_cannot_say_neu;Vorletzte Woche hat Karl Linda eine rote Rose geschenkt.;Vor vier Tagen hat Linda wieder eine rote Rose vergeben, als sie zu einem Date verabredet war.;Es lässt sich nicht sagen, wie oft Linda eine rote Rose vergeben hat.;unknown;4;aii;bii;1;neutral;cannot say;False;;Linda/Karl: agent-first braces.;Vorletzte Woche hat Karl Linda eine rote Rose geschenkt. Vor vier Tagen hat Linda wieder eine rote Rose vergeben, als sie zu einem Date verabredet war.;Es lässt sich nicht sagen, wie oft Linda eine rote Rose vergeben hat.;joeddav/xlm-roberta-large-xnli;neutral;1;0.030512627214193344;0.947348415851593;0.022139010950922966
4_aii_bii2_once_pos;Vorletzte Woche hat Karl Linda eine rote Rose geschenkt.;Vor vier Tagen hat Karl wieder eine rote Rose vergeben, als er zu einem Date verabredet war.;Karl hat einmal eine rote Rose vergeben.;unknown;4;aii;bii;2;positive;once;False;;Linda/Karl: agent-first braces.;Vorletzte Woche hat Karl Linda eine rote Rose geschenkt. Vor vier Tagen hat Karl wieder eine rote Rose vergeben, als er zu einem Date verabredet war.;Karl hat einmal eine rote Rose vergeben.;joeddav/xlm-roberta-large-xnli;entailment;0;0.0035082369577139616;0.000736911955755204;0.9957548379898071
4_aii_bii2_twice_pos;Vorletzte Woche hat Karl Linda eine rote Rose geschenkt.;Vor vier Tagen hat Karl wieder eine rote Rose vergeben, als er zu einem Date verabredet war.;Karl hat mindestens zweimal eine rote Rose vergeben.;entailment;4;aii;bii;2;positive;twice;False;;Linda/Karl: agent-first braces.;Vorletzte Woche hat Karl Linda eine rote Rose geschenkt. Vor vier Tagen hat Karl wieder eine rote Rose vergeben, als er zu einem Date verabredet war.;Karl hat mindestens zweimal eine rote Rose vergeben.;joeddav/xlm-roberta-large-xnli;entailment;1;0.0003220159560441971;0.0002697133750189096;0.9994082450866699
4_aii_bii2_cannot_say_pos;Vorletzte Woche hat Karl Linda eine rote Rose geschenkt.;Vor vier Tagen hat Karl wieder eine rote Rose vergeben, als er zu einem Date verabredet war.;Es lässt sich nicht sagen, wie oft Karl eine rote Rose vergeben hat.;unknown;4;aii;bii;2;positive;cannot say;False;;Linda/Karl: agent-first braces.;Vorletzte Woche hat Karl Linda eine rote Rose geschenkt. Vor vier Tagen hat Karl wieder eine rote Rose vergeben, als er zu einem Date verabredet war.;Es lässt sich nicht sagen, wie oft Karl eine rote Rose vergeben hat.;joeddav/xlm-roberta-large-xnli;neutral;1;0.034312400966882706;0.9164808392524719;0.04920674487948418
5_ai_bi1_once_pos;Vor drei Wochen hat Linda Greta einen langen Brief geschrieben.;Vor einer Woche hat Greta wieder einen langen Brief empfangen, weil sie auf eine Anzeige geantwortet hat.;Greta hat einmal einen langen Brief empfangen.;unknown;5;ai;bi;1;positive;once;False;;;Vor drei Wochen hat Linda Greta einen langen Brief geschrieben. Vor einer Woche hat Greta wieder einen langen Brief empfangen, weil sie auf eine Anzeige geantwortet hat.;Greta hat einmal einen langen Brief empfangen.;joeddav/xlm-roberta-large-xnli;entailment;0;0.0005092705832794309;0.00019014022836927325;0.9993005990982056
5_ai_bi1_twice_pos;Vor drei Wochen hat Linda Greta einen langen Brief geschrieben.;Vor einer Woche hat Greta wieder einen langen Brief empfangen, weil sie auf eine Anzeige geantwortet hat.;Greta hat mindestens zweimal einen langen Brief empfangen.;entailment;5;ai;bi;1;positive;twice;False;;;Vor drei Wochen hat Linda Greta einen langen Brief geschrieben. Vor einer Woche hat Greta wieder einen langen Brief empfangen, weil sie auf eine Anzeige geantwortet hat.;Greta hat mindestens zweimal einen langen Brief empfangen.;joeddav/xlm-roberta-large-xnli;entailment;1;0.00018715384067036211;0.00016326215700246394;0.9996495246887207
5_ai_bi1_cannot_say_pos;Vor drei Wochen hat Linda Greta einen langen Brief geschrieben.;Vor einer Woche hat Greta wieder einen langen Brief empfangen, weil sie auf eine Anzeige geantwortet hat.;Es lässt sich nicht sagen, wie oft Greta einen langen Brief empfangen hat.;unknown;5;ai;bi;1;positive;cannot say;False;;;Vor drei Wochen hat Linda Greta einen langen Brief geschrieben. Vor einer Woche hat Greta wieder einen langen Brief empfangen, weil sie auf eine Anzeige geantwortet hat.;Es lässt sich nicht sagen, wie oft Greta einen langen Brief empfangen hat.;joeddav/xlm-roberta-large-xnli;contradiction;0;0.4065570831298828;0.26131001114845276;0.33213287591934204
5_ai_bi2_once_neu;Vor drei Wochen hat Linda Greta einen langen Brief geschrieben.;Vor einer Woche hat Linda wieder einen langen Brief empfangen, weil sie auf eine Anzeige geantwortet hat.;Linda hat einmal einen langen Brief empfangen.;entailment;5;ai;bi;2;neutral;once;False;;;Vor drei Wochen hat Linda Greta einen langen Brief geschrieben. Vor einer Woche hat Linda wieder einen langen Brief empfangen, weil sie auf eine Anzeige geantwortet hat.;Linda hat einmal einen langen Brief empfangen.;joeddav/xlm-roberta-large-xnli;entailment;1;0.00043859577272087336;0.00018836624803952873;0.9993730187416077
5_ai_bi2_twice_neu;Vor drei Wochen hat Linda Greta einen langen Brief geschrieben.;Vor einer Woche hat Linda wieder einen langen Brief empfangen, weil sie auf eine Anzeige geantwortet hat.;Linda hat mindestens zweimal einen langen Brief empfangen.;unknown;5;ai;bi;2;neutral;twice;False;;;Vor drei Wochen hat Linda Greta einen langen Brief geschrieben. Vor einer Woche hat Linda wieder einen langen Brief empfangen, weil sie auf eine Anzeige geantwortet hat.;Linda hat mindestens zweimal einen langen Brief empfangen.;joeddav/xlm-roberta-large-xnli;entailment;0;0.00020098875393159688;0.00017585689784027636;0.99962317943573
5_ai_bi2_cannot_say_neu;Vor drei Wochen hat Linda Greta einen langen Brief geschrieben.;Vor einer Woche hat Linda wieder einen langen Brief empfangen, weil sie auf eine Anzeige geantwortet hat.;Es lässt sich nicht sagen, wie oft Linda einen langen Brief empfangen hat.;unknown;5;ai;bi;2;neutral;cannot say;False;;;Vor drei Wochen hat Linda Greta einen langen Brief geschrieben. Vor einer Woche hat Linda wieder einen langen Brief empfangen, weil sie auf eine Anzeige geantwortet hat.;Es lässt sich nicht sagen, wie oft Linda einen langen Brief empfangen hat.;joeddav/xlm-roberta-large-xnli;contradiction;0;0.373477578163147;0.3474949300289154;0.2790274918079376
5_ai_bii1_once_neu;Vor drei Wochen hat Linda Greta einen langen Brief geschrieben.;Vor einer Woche hat Greta wieder einen langen Brief verfasst, weil sie auf eine Anzeige geantwortet hat.;Greta hat einmal einen langen Brief verfasst.;entailment;5;ai;bii;1;neutral;once;False;;;Vor drei Wochen hat Linda Greta einen langen Brief geschrieben. Vor einer Woche hat Greta wieder einen langen Brief verfasst, weil sie auf eine Anzeige geantwortet hat.;Greta hat einmal einen langen Brief verfasst.;joeddav/xlm-roberta-large-xnli;entailment;1;0.0007288699853233993;0.0002452519256621599;0.9990259408950806
5_ai_bii1_twice_neu;Vor drei Wochen hat Linda Greta einen langen Brief geschrieben.;Vor einer Woche hat Greta wieder einen langen Brief verfasst, weil sie auf eine Anzeige geantwortet hat.;Greta hat mindestens zweimal einen langen Brief verfasst.;unknown;5;ai;bii;1;neutral;twice;False;;;Vor drei Wochen hat Linda Greta einen langen Brief geschrieben. Vor einer Woche hat Greta wieder einen langen Brief verfasst, weil sie auf eine Anzeige geantwortet hat.;Greta hat mindestens zweimal einen langen Brief verfasst.;joeddav/xlm-roberta-large-xnli;entailment;0;0.00023142292047850788;0.00018067844212055206;0.9995879530906677
5_ai_bii1_cannot_say_neu;Vor drei Wochen hat Linda Greta einen langen Brief geschrieben.;Vor einer Woche hat Greta wieder einen langen Brief verfasst, weil sie auf eine Anzeige geantwortet hat.;Es lässt sich nicht sagen, wie oft Greta einen langen Brief verfasst hat.;unknown;5;ai;bii;1;neutral;cannot say;False;;;Vor drei Wochen hat Linda Greta einen langen Brief geschrieben. Vor einer Woche hat Greta wieder einen langen Brief verfasst, weil sie auf eine Anzeige geantwortet hat.;Es lässt sich nicht sagen, wie oft Greta einen langen Brief verfasst hat.;joeddav/xlm-roberta-large-xnli;entailment;0;0.25439542531967163;0.14936122298240662;0.5962433218955994
5_ai_bii2_once_pos;Vor drei Wochen hat Linda Greta einen langen Brief geschrieben.;Vor einer Woche hat Linda wieder einen langen Brief verfasst, weil sie auf eine Anzeige geantwortet hat.;Linda hat einmal einen langen Brief verfasst.;unknown;5;ai;bii;2;positive;once;False;;;Vor drei Wochen hat Linda Greta einen langen Brief geschrieben. Vor einer Woche hat Linda wieder einen langen Brief verfasst, weil sie auf eine Anzeige geantwortet hat.;Linda hat einmal einen langen Brief verfasst.;joeddav/xlm-roberta-large-xnli;entailment;0;0.0006850626668892801;0.000245172850554809;0.9990697503089905
5_ai_bii2_twice_pos;Vor drei Wochen hat Linda Greta einen langen Brief geschrieben.;Vor einer Woche hat Linda wieder einen langen Brief verfasst, weil sie auf eine Anzeige geantwortet hat.;Linda hat mindestens zweimal einen langen Brief verfasst.;entailment;5;ai;bii;2;positive;twice;False;;;Vor drei Wochen hat Linda Greta einen langen Brief geschrieben. Vor einer Woche hat Linda wieder einen langen Brief verfasst, weil sie auf eine Anzeige geantwortet hat.;Linda hat mindestens zweimal einen langen Brief verfasst.;joeddav/xlm-roberta-large-xnli;entailment;1;0.00025238763191737235;0.0001884599041659385;0.9995591044425964
5_ai_bii2_cannot_say_pos;Vor drei Wochen hat Linda Greta einen langen Brief geschrieben.;Vor einer Woche hat Linda wieder einen langen Brief verfasst, weil sie auf eine Anzeige geantwortet hat.;Es lässt sich nicht sagen, wie oft Linda einen langen Brief verfasst hat.;unknown;5;ai;bii;2;positive;cannot say;False;;;Vor drei Wochen hat Linda Greta einen langen Brief geschrieben. Vor einer Woche hat Linda wieder einen langen Brief verfasst, weil sie auf eine Anzeige geantwortet hat.;Es lässt sich nicht sagen, wie oft Linda einen langen Brief verfasst hat.;joeddav/xlm-roberta-large-xnli;entailment;0;0.3123938739299774;0.1616363674402237;0.5259698033332825
5_aii_bi1_once_neu;Vor drei Wochen hat Greta Linda einen langen Brief geschrieben.;Vor einer Woche hat Greta wieder einen langen Brief empfangen, weil sie auf eine Anzeige geantwortet hat.;Greta hat einmal einen langen Brief empfangen.;entailment;5;aii;bi;1;neutral;once;False;;;Vor drei Wochen hat Greta Linda einen langen Brief geschrieben. Vor einer Woche hat Greta wieder einen langen Brief empfangen, weil sie auf eine Anzeige geantwortet hat.;Greta hat einmal einen langen Brief empfangen.;joeddav/xlm-roberta-large-xnli;entailment;1;0.0004609999596141279;0.0001833489804994315;0.9993556141853333
5_aii_bi1_twice_neu;Vor drei Wochen hat Greta Linda einen langen Brief geschrieben.;Vor einer Woche hat Greta wieder einen langen Brief empfangen, weil sie auf eine Anzeige geantwortet hat.;Greta hat mindestens zweimal einen langen Brief empfangen.;unknown;5;aii;bi;1;neutral;twice;False;;;Vor drei Wochen hat Greta Linda einen langen Brief geschrieben. Vor einer Woche hat Greta wieder einen langen Brief empfangen, weil sie auf eine Anzeige geantwortet hat.;Greta hat mindestens zweimal einen langen Brief empfangen.;joeddav/xlm-roberta-large-xnli;entailment;0;0.00019010607502423227;0.00016660013352520764;0.9996433258056641
5_aii_bi1_cannot_say_neu;Vor drei Wochen hat Greta Linda einen langen Brief geschrieben.;Vor einer Woche hat Greta wieder einen langen Brief empfangen, weil sie auf eine Anzeige geantwortet hat.;Es lässt sich nicht sagen, wie oft Greta einen langen Brief empfangen hat.;unknown;5;aii;bi;1;neutral;cannot say;False;;;Vor drei Wochen hat Greta Linda einen langen Brief geschrieben. Vor einer Woche hat Greta wieder einen langen Brief empfangen, weil sie auf eine Anzeige geantwortet hat.;Es lässt sich nicht sagen, wie oft Greta einen langen Brief empfangen hat.;joeddav/xlm-roberta-large-xnli;contradiction;0;0.45653173327445984;0.24559202790260315;0.2978762984275818
5_aii_bi2_once_pos;Vor drei Wochen hat Greta Linda einen langen Brief geschrieben.;Vor einer Woche hat Linda wieder einen langen Brief empfangen, weil sie auf eine Anzeige geantwortet hat.;Linda hat einmal einen langen Brief empfangen.;unknown;5;aii;bi;2;positive;once;False;;;Vor drei Wochen hat Greta Linda einen langen Brief geschrieben. Vor einer Woche hat Linda wieder einen langen Brief empfangen, weil sie auf eine Anzeige geantwortet hat.;Linda hat einmal einen langen Brief empfangen.;joeddav/xlm-roberta-large-xnli;entailment;0;0.00045728395343758166;0.00019711552886292338;0.999345600605011
5_aii_bi2_twice_pos;Vor drei Wochen hat Greta Linda einen langen Brief geschrieben.;Vor einer Woche hat Linda wieder einen langen Brief empfangen, weil sie auf eine Anzeige geantwortet hat.;Linda hat mindestens zweimal einen langen Brief empfangen.;entailment;5;aii;bi;2;positive;twice;False;;;Vor drei Wochen hat Greta Linda einen langen Brief geschrieben. Vor einer Woche hat Linda wieder einen langen Brief empfangen, weil sie auf eine Anzeige geantwortet hat.;Linda hat mindestens zweimal einen langen Brief empfangen.;joeddav/xlm-roberta-large-xnli;entailment;1;0.0001974944898393005;0.00017567667237017304;0.9996267557144165
5_aii_bi2_cannot_say_pos;Vor drei Wochen hat Greta Linda einen langen Brief geschrieben.;Vor einer Woche hat Linda wieder einen langen Brief empfangen, weil sie auf eine Anzeige geantwortet hat.;Es lässt sich nicht sagen, wie oft Linda einen langen Brief empfangen hat.;unknown;5;aii;bi;2;positive;cannot say;False;;;Vor drei Wochen hat Greta Linda einen langen Brief geschrieben. Vor einer Woche hat Linda wieder einen langen Brief empfangen, weil sie auf eine Anzeige geantwortet hat.;Es lässt sich nicht sagen, wie oft Linda einen langen Brief empfangen hat.;joeddav/xlm-roberta-large-xnli;neutral;1;0.3218667805194855;0.41411155462265015;0.2640216648578644
5_aii_bii1_once_pos;Vor drei Wochen hat Greta Linda einen langen Brief geschrieben.;Vor einer Woche hat Greta wieder einen langen Brief verfasst, weil sie auf eine Anzeige geantwortet hat.;Greta hat einmal einen langen Brief verfasst.;unknown;5;aii;bii;1;positive;once;False;;;Vor drei Wochen hat Greta Linda einen langen Brief geschrieben. Vor einer Woche hat Greta wieder einen langen Brief verfasst, weil sie auf eine Anzeige geantwortet hat.;Greta hat einmal einen langen Brief verfasst.;joeddav/xlm-roberta-large-xnli;entailment;0;0.0006663348758593202;0.00023298250744119287;0.9991006851196289
5_aii_bii1_twice_pos;Vor drei Wochen hat Greta Linda einen langen Brief geschrieben.;Vor einer Woche hat Greta wieder einen langen Brief verfasst, weil sie auf eine Anzeige geantwortet hat.;Greta hat mindestens zweimal einen langen Brief verfasst.;entailment;5;aii;bii;1;positive;twice;False;;;Vor drei Wochen hat Greta Linda einen langen Brief geschrieben. Vor einer Woche hat Greta wieder einen langen Brief verfasst, weil sie auf eine Anzeige geantwortet hat.;Greta hat mindestens zweimal einen langen Brief verfasst.;joeddav/xlm-roberta-large-xnli;entailment;1;0.0002314624289283529;0.00017960829427465796;0.9995889067649841
5_aii_bii1_cannot_say_pos;Vor drei Wochen hat Greta Linda einen langen Brief geschrieben.;Vor einer Woche hat Greta wieder einen langen Brief verfasst, weil sie auf eine Anzeige geantwortet hat.;Es lässt sich nicht sagen, wie oft Greta einen langen Brief verfasst hat.;unknown;5;aii;bii;1;positive;cannot say;False;;;Vor drei Wochen hat Greta Linda einen langen Brief geschrieben. Vor einer Woche hat Greta wieder einen langen Brief verfasst, weil sie auf eine Anzeige geantwortet hat.;Es lässt sich nicht sagen, wie oft Greta einen langen Brief verfasst hat.;joeddav/xlm-roberta-large-xnli;entailment;0;0.30216822028160095;0.13116596639156342;0.5666658282279968
5_aii_bii2_once_neu;Vor drei Wochen hat Greta Linda einen langen Brief geschrieben.;Vor einer Woche hat Linda wieder einen langen Brief verfasst, weil sie auf eine Anzeige geantwortet hat.;Linda hat einmal einen langen Brief verfasst.;entailment;5;aii;bii;2;neutral;once;False;;;Vor drei Wochen hat Greta Linda einen langen Brief geschrieben. Vor einer Woche hat Linda wieder einen langen Brief verfasst, weil sie auf eine Anzeige geantwortet hat.;Linda hat einmal einen langen Brief verfasst.;joeddav/xlm-roberta-large-xnli;entailment;1;0.0007010052213445306;0.0002499079564586282;0.9990491271018982
5_aii_bii2_twice_neu;Vor drei Wochen hat Greta Linda einen langen Brief geschrieben.;Vor einer Woche hat Linda wieder einen langen Brief verfasst, weil sie auf eine Anzeige geantwortet hat.;Linda hat mindestens zweimal einen langen Brief verfasst.;unknown;5;aii;bii;2;neutral;twice;False;;;Vor drei Wochen hat Greta Linda einen langen Brief geschrieben. Vor einer Woche hat Linda wieder einen langen Brief verfasst, weil sie auf eine Anzeige geantwortet hat.;Linda hat mindestens zweimal einen langen Brief verfasst.;joeddav/xlm-roberta-large-xnli;entailment;0;0.00024293414026033133;0.0001867984392447397;0.9995703101158142
5_aii_bii2_cannot_say_neu;Vor drei Wochen hat Greta Linda einen langen Brief geschrieben.;Vor einer Woche hat Linda wieder einen langen Brief verfasst, weil sie auf eine Anzeige geantwortet hat.;Es lässt sich nicht sagen, wie oft Linda einen langen Brief verfasst hat.;unknown;5;aii;bii;2;neutral;cannot say;False;;;Vor drei Wochen hat Greta Linda einen langen Brief geschrieben. Vor einer Woche hat Linda wieder einen langen Brief verfasst, weil sie auf eine Anzeige geantwortet hat.;Es lässt sich nicht sagen, wie oft Linda einen langen Brief verfasst hat.;joeddav/xlm-roberta-large-xnli;entailment;0;0.28005361557006836;0.21392852067947388;0.5060179233551025
6_ai_bi1_once_pos;Vor zwei Monaten hat Judith für Tina einen leckeren Kuchen gebacken.;Vor zwei Wochen hat Tina wieder einen leckeren Kuchen erhalten, weil sie zu einer Party eingeladen hatte.;Tina hat einmal einen leckeren Kuchen erhalten.;unknown;6;ai;bi;1;positive;once;False;;;Vor zwei Monaten hat Judith für Tina einen leckeren Kuchen gebacken. Vor zwei Wochen hat Tina wieder einen leckeren Kuchen erhalten, weil sie zu einer Party eingeladen hatte.;Tina hat einmal einen leckeren Kuchen erhalten.;joeddav/xlm-roberta-large-xnli;entailment;0;0.0007793106487952173;0.0003126874507870525;0.9989080429077148
6_ai_bi1_twice_pos;Vor zwei Monaten hat Judith für Tina einen leckeren Kuchen gebacken.;Vor zwei Wochen hat Tina wieder einen leckeren Kuchen erhalten, weil sie zu einer Party eingeladen hatte.;Tina hat mindestens zweimal einen leckeren Kuchen erhalten.;entailment;6;ai;bi;1;positive;twice;False;;;Vor zwei Monaten hat Judith für Tina einen leckeren Kuchen gebacken. Vor zwei Wochen hat Tina wieder einen leckeren Kuchen erhalten, weil sie zu einer Party eingeladen hatte.;Tina hat mindestens zweimal einen leckeren Kuchen erhalten.;joeddav/xlm-roberta-large-xnli;entailment;1;0.0002927268506027758;0.0002622950996737927;0.9994450211524963
6_ai_bi1_cannot_say_pos;Vor zwei Monaten hat Judith für Tina einen leckeren Kuchen gebacken.;Vor zwei Wochen hat Tina wieder einen leckeren Kuchen erhalten, weil sie zu einer Party eingeladen hatte.;Es lässt sich nicht sagen, wie oft Tina einen leckeren Kuchen erhalten hat.;unknown;6;ai;bi;1;positive;cannot say;False;;;Vor zwei Monaten hat Judith für Tina einen leckeren Kuchen gebacken. Vor zwei Wochen hat Tina wieder einen leckeren Kuchen erhalten, weil sie zu einer Party eingeladen hatte.;Es lässt sich nicht sagen, wie oft Tina einen leckeren Kuchen erhalten hat.;joeddav/xlm-roberta-large-xnli;entailment;0;0.04168231040239334;0.024866493418812752;0.9334511160850525
6_ai_bi2_once_neu;Vor zwei Monaten hat Judith für Tina einen leckeren Kuchen gebacken.;Vor zwei Wochen hat Judith wieder einen leckeren Kuchen erhalten, weil sie zu einer Party eingeladen hatte.;Judith hat einmal einen leckeren Kuchen erhalten.;entailment;6;ai;bi;2;neutral;once;False;;;Vor zwei Monaten hat Judith für Tina einen leckeren Kuchen gebacken. Vor zwei Wochen hat Judith wieder einen leckeren Kuchen erhalten, weil sie zu einer Party eingeladen hatte.;Judith hat einmal einen leckeren Kuchen erhalten.;joeddav/xlm-roberta-large-xnli;entailment;1;0.0007658916292712092;0.0002901169646065682;0.9989439845085144
6_ai_bi2_twice_neu;Vor zwei Monaten hat Judith für Tina einen leckeren Kuchen gebacken.;Vor zwei Wochen hat Judith wieder einen leckeren Kuchen erhalten, weil sie zu einer Party eingeladen hatte.;Judith hat mindestens zweimal einen leckeren Kuchen erhalten.;unknown;6;ai;bi;2;neutral;twice;False;;;Vor zwei Monaten hat Judith für Tina einen leckeren Kuchen gebacken. Vor zwei Wochen hat Judith wieder einen leckeren Kuchen erhalten, weil sie zu einer Party eingeladen hatte.;Judith hat mindestens zweimal einen leckeren Kuchen erhalten.;joeddav/xlm-roberta-large-xnli;entailment;0;0.00027794422931037843;0.0002737917238846421;0.9994482398033142
6_ai_bi2_cannot_say_neu;Vor zwei Monaten hat Judith für Tina einen leckeren Kuchen gebacken.;Vor zwei Wochen hat Judith wieder einen leckeren Kuchen erhalten, weil sie zu einer Party eingeladen hatte.;Es lässt sich nicht sagen, wie oft Judith einen leckeren Kuchen erhalten hat.;unknown;6;ai;bi;2;neutral;cannot say;False;;;Vor zwei Monaten hat Judith für Tina einen leckeren Kuchen gebacken. Vor zwei Wochen hat Judith wieder einen leckeren Kuchen erhalten, weil sie zu einer Party eingeladen hatte.;Es lässt sich nicht sagen, wie oft Judith einen leckeren Kuchen erhalten hat.;joeddav/xlm-roberta-large-xnli;entailment;0;0.053411394357681274;0.0379241481423378;0.9086644053459167
6_ai_bii1_once_neu;Vor zwei Monaten hat Judith für Tina einen leckeren Kuchen gebacken.;Vor zwei Wochen hat Tina wieder einen leckeren Kuchen gemacht, weil sie zu einer Party eingeladen hatte.;Tina hat einmal einen leckeren Kuchen gemacht.;entailment;6;ai;bii;1;neutral;once;False;;;Vor zwei Monaten hat Judith für Tina einen leckeren Kuchen gebacken. Vor zwei Wochen hat Tina wieder einen leckeren Kuchen gemacht, weil sie zu einer Party eingeladen hatte.;Tina hat einmal einen leckeren Kuchen gemacht.;joeddav/xlm-roberta-large-xnli;entailment;1;0.002362179337069392;0.0004758427385240793;0.9971619844436646
6_ai_bii1_twice_neu;Vor zwei Monaten hat Judith für Tina einen leckeren Kuchen gebacken.;Vor zwei Wochen hat Tina wieder einen leckeren Kuchen gemacht, weil sie zu einer Party eingeladen hatte.;Tina hat mindestens zweimal einen leckeren Kuchen gemacht.;unknown;6;ai;bii;1;neutral;twice;False;;;Vor zwei Monaten hat Judith für Tina einen leckeren Kuchen gebacken. Vor zwei Wochen hat Tina wieder einen leckeren Kuchen gemacht, weil sie zu einer Party eingeladen hatte.;Tina hat mindestens zweimal einen leckeren Kuchen gemacht.;joeddav/xlm-roberta-large-xnli;entailment;0;0.0005019040545448661;0.00029591351631097496;0.9992021918296814
6_ai_bii1_cannot_say_neu;Vor zwei Monaten hat Judith für Tina einen leckeren Kuchen gebacken.;Vor zwei Wochen hat Tina wieder einen leckeren Kuchen gemacht, weil sie zu einer Party eingeladen hatte.;Es lässt sich nicht sagen, wie oft Tina einen leckeren Kuchen gemacht hat.;unknown;6;ai;bii;1;neutral;cannot say;False;;;Vor zwei Monaten hat Judith für Tina einen leckeren Kuchen gebacken. Vor zwei Wochen hat Tina wieder einen leckeren Kuchen gemacht, weil sie zu einer Party eingeladen hatte.;Es lässt sich nicht sagen, wie oft Tina einen leckeren Kuchen gemacht hat.;joeddav/xlm-roberta-large-xnli;entailment;0;0.347010999917984;0.05406796932220459;0.598921000957489
6_ai_bii2_once_pos;Vor zwei Monaten hat Judith für Tina einen leckeren Kuchen gebacken.;Vor zwei Wochen hat Judith wieder einen leckeren Kuchen gemacht, weil sie zu einer Party eingeladen hatte.;Judith hat einmal einen leckeren Kuchen gemacht.;unknown;6;ai;bii;2;positive;once;False;;;Vor zwei Monaten hat Judith für Tina einen leckeren Kuchen gebacken. Vor zwei Wochen hat Judith wieder einen leckeren Kuchen gemacht, weil sie zu einer Party eingeladen hatte.;Judith hat einmal einen leckeren Kuchen gemacht.;joeddav/xlm-roberta-large-xnli;entailment;0;0.0006471232627518475;0.0002881953842006624;0.9990647435188293
6_ai_bii2_twice_pos;Vor zwei Monaten hat Judith für Tina einen leckeren Kuchen gebacken.;Vor zwei Wochen hat Judith wieder einen leckeren Kuchen gemacht, weil sie zu einer Party eingeladen hatte.;Judith hat mindestens zweimal einen leckeren Kuchen gemacht.;entailment;6;ai;bii;2;positive;twice;False;;;Vor zwei Monaten hat Judith für Tina einen leckeren Kuchen gebacken. Vor zwei Wochen hat Judith wieder einen leckeren Kuchen gemacht, weil sie zu einer Party eingeladen hatte.;Judith hat mindestens zweimal einen leckeren Kuchen gemacht.;joeddav/xlm-roberta-large-xnli;entailment;1;0.0002596694102976471;0.0002490590268280357;0.9994912147521973
6_ai_bii2_cannot_say_pos;Vor zwei Monaten hat Judith für Tina einen leckeren Kuchen gebacken.;Vor zwei Wochen hat Judith wieder einen leckeren Kuchen gemacht, weil sie zu einer Party eingeladen hatte.;Es lässt sich nicht sagen, wie oft Judith einen leckeren Kuchen gemacht hat.;unknown;6;ai;bii;2;positive;cannot say;False;;;Vor zwei Monaten hat Judith für Tina einen leckeren Kuchen gebacken. Vor zwei Wochen hat Judith wieder einen leckeren Kuchen gemacht, weil sie zu einer Party eingeladen hatte.;Es lässt sich nicht sagen, wie oft Judith einen leckeren Kuchen gemacht hat.;joeddav/xlm-roberta-large-xnli;entailment;0;0.31407731771469116;0.07507546991109848;0.6108472347259521
6_aii_bi1_once_neu;Vor zwei Monaten hat Tina für Judith einen leckeren Kuchen gebacken.;Vor zwei Wochen hat Tina wieder einen leckeren Kuchen erhalten, weil sie zu einer Party eingeladen hatte.;Tina hat einmal einen leckeren Kuchen erhalten.;entailment;6;aii;bi;1;neutral;once;False;;;Vor zwei Monaten hat Tina für Judith einen leckeren Kuchen gebacken. Vor zwei Wochen hat Tina wieder einen leckeren Kuchen erhalten, weil sie zu einer Party eingeladen hatte.;Tina hat einmal einen leckeren Kuchen erhalten.;joeddav/xlm-roberta-large-xnli;entailment;1;0.000784626288805157;0.0002945088781416416;0.9989209175109863
6_aii_bi1_twice_neu;Vor zwei Monaten hat Tina für Judith einen leckeren Kuchen gebacken.;Vor zwei Wochen hat Tina wieder einen leckeren Kuchen erhalten, weil sie zu einer Party eingeladen hatte.;Tina hat mindestens zweimal einen leckeren Kuchen erhalten.;unknown;6;aii;bi;1;neutral;twice;False;;;Vor zwei Monaten hat Tina für Judith einen leckeren Kuchen gebacken. Vor zwei Wochen hat Tina wieder einen leckeren Kuchen erhalten, weil sie zu einer Party eingeladen hatte.;Tina hat mindestens zweimal einen leckeren Kuchen erhalten.;joeddav/xlm-roberta-large-xnli;entailment;0;0.0002841677633114159;0.00027332265744917095;0.9994425177574158
6_aii_bi1_cannot_say_neu;Vor zwei Monaten hat Tina für Judith einen leckeren Kuchen gebacken.;Vor zwei Wochen hat Tina wieder einen leckeren Kuchen erhalten, weil sie zu einer Party eingeladen hatte.;Es lässt sich nicht sagen, wie oft Tina einen leckeren Kuchen erhalten hat.;unknown;6;aii;bi;1;neutral;cannot say;False;;;Vor zwei Monaten hat Tina für Judith einen leckeren Kuchen gebacken. Vor zwei Wochen hat Tina wieder einen leckeren Kuchen erhalten, weil sie zu einer Party eingeladen hatte.;Es lässt sich nicht sagen, wie oft Tina einen leckeren Kuchen erhalten hat.;joeddav/xlm-roberta-large-xnli;entailment;0;0.07359436899423599;0.03953465446829796;0.8868709206581116
6_aii_bi2_once_pos;Vor zwei Monaten hat Tina für Judith einen leckeren Kuchen gebacken.;Vor zwei Wochen hat Judith wieder einen leckeren Kuchen erhalten, weil sie zu einer Party eingeladen hatte.;Judith hat einmal einen leckeren Kuchen erhalten.;unknown;6;aii;bi;2;positive;once;False;;;Vor zwei Monaten hat Tina für Judith einen leckeren Kuchen gebacken. Vor zwei Wochen hat Judith wieder einen leckeren Kuchen erhalten, weil sie zu einer Party eingeladen hatte.;Judith hat einmal einen leckeren Kuchen erhalten.;joeddav/xlm-roberta-large-xnli;entailment;0;0.0007034186273813248;0.00028955782181583345;0.9990070462226868
6_aii_bi2_twice_pos;Vor zwei Monaten hat Tina für Judith einen leckeren Kuchen gebacken.;Vor zwei Wochen hat Judith wieder einen leckeren Kuchen erhalten, weil sie zu einer Party eingeladen hatte.;Judith hat mindestens zweimal einen leckeren Kuchen erhalten.;entailment;6;aii;bi;2;positive;twice;False;;;Vor zwei Monaten hat Tina für Judith einen leckeren Kuchen gebacken. Vor zwei Wochen hat Judith wieder einen leckeren Kuchen erhalten, weil sie zu einer Party eingeladen hatte.;Judith hat mindestens zweimal einen leckeren Kuchen erhalten.;joeddav/xlm-roberta-large-xnli;entailment;1;0.0002855145139619708;0.0002521664137020707;0.9994623064994812
6_aii_bi2_cannot_say_pos;Vor zwei Monaten hat Tina für Judith einen leckeren Kuchen gebacken.;Vor zwei Wochen hat Judith wieder einen leckeren Kuchen erhalten, weil sie zu einer Party eingeladen hatte.;Es lässt sich nicht sagen, wie oft Judith einen leckeren Kuchen erhalten hat.;unknown;6;aii;bi;2;positive;cannot say;False;;;Vor zwei Monaten hat Tina für Judith einen leckeren Kuchen gebacken. Vor zwei Wochen hat Judith wieder einen leckeren Kuchen erhalten, weil sie zu einer Party eingeladen hatte.;Es lässt sich nicht sagen, wie oft Judith einen leckeren Kuchen erhalten hat.;joeddav/xlm-roberta-large-xnli;entailment;0;0.0372767299413681;0.02530921809375286;0.9374140501022339
6_aii_bii1_once_pos;Vor zwei Monaten hat Tina für Judith einen leckeren Kuchen gebacken.;Vor zwei Wochen hat Tina wieder einen leckeren Kuchen gemacht, weil sie zu einer Party eingeladen hatte.;Tina hat einmal einen leckeren Kuchen gemacht.;unknown;6;aii;bii;1;positive;once;False;;;Vor zwei Monaten hat Tina für Judith einen leckeren Kuchen gebacken. Vor zwei Wochen hat Tina wieder einen leckeren Kuchen gemacht, weil sie zu einer Party eingeladen hatte.;Tina hat einmal einen leckeren Kuchen gemacht.;joeddav/xlm-roberta-large-xnli;entailment;0;0.0007249814225360751;0.00030181309557519853;0.9989732503890991
6_aii_bii1_twice_pos;Vor zwei Monaten hat Tina für Judith einen leckeren Kuchen gebacken.;Vor zwei Wochen hat Tina wieder einen leckeren Kuchen gemacht, weil sie zu einer Party eingeladen hatte.;Tina hat mindestens zweimal einen leckeren Kuchen gemacht.;entailment;6;aii;bii;1;positive;twice;False;;;Vor zwei Monaten hat Tina für Judith einen leckeren Kuchen gebacken. Vor zwei Wochen hat Tina wieder einen leckeren Kuchen gemacht, weil sie zu einer Party eingeladen hatte.;Tina hat mindestens zweimal einen leckeren Kuchen gemacht.;joeddav/xlm-roberta-large-xnli;entailment;1;0.0002762477961368859;0.00025040112086571753;0.9994733929634094
6_aii_bii1_cannot_say_pos;Vor zwei Monaten hat Tina für Judith einen leckeren Kuchen gebacken.;Vor zwei Wochen hat Tina wieder einen leckeren Kuchen gemacht, weil sie zu einer Party eingeladen hatte.;Es lässt sich nicht sagen, wie oft Tina einen leckeren Kuchen gemacht hat.;unknown;6;aii;bii;1;positive;cannot say;False;;;Vor zwei Monaten hat Tina für Judith einen leckeren Kuchen gebacken. Vor zwei Wochen hat Tina wieder einen leckeren Kuchen gemacht, weil sie zu einer Party eingeladen hatte.;Es lässt sich nicht sagen, wie oft Tina einen leckeren Kuchen gemacht hat.;joeddav/xlm-roberta-large-xnli;entailment;0;0.4071497321128845;0.06648135930299759;0.5263688564300537
6_aii_bii2_once_neu;Vor zwei Monaten hat Tina für Judith einen leckeren Kuchen gebacken.;Vor zwei Wochen hat Judith wieder einen leckeren Kuchen gemacht, weil sie zu einer Party eingeladen hatte.;Judith hat einmal einen leckeren Kuchen gemacht.;entailment;6;aii;bii;2;neutral;once;False;;;Vor zwei Monaten hat Tina für Judith einen leckeren Kuchen gebacken. Vor zwei Wochen hat Judith wieder einen leckeren Kuchen gemacht, weil sie zu einer Party eingeladen hatte.;Judith hat einmal einen leckeren Kuchen gemacht.;joeddav/xlm-roberta-large-xnli;entailment;1;0.002953746123239398;0.00048338010674342513;0.9965628981590271
6_aii_bii2_twice_neu;Vor zwei Monaten hat Tina für Judith einen leckeren Kuchen gebacken.;Vor zwei Wochen hat Judith wieder einen leckeren Kuchen gemacht, weil sie zu einer Party eingeladen hatte.;Judith hat mindestens zweimal einen leckeren Kuchen gemacht.;unknown;6;aii;bii;2;neutral;twice;False;;;Vor zwei Monaten hat Tina für Judith einen leckeren Kuchen gebacken. Vor zwei Wochen hat Judith wieder einen leckeren Kuchen gemacht, weil sie zu einer Party eingeladen hatte.;Judith hat mindestens zweimal einen leckeren Kuchen gemacht.;joeddav/xlm-roberta-large-xnli;entailment;0;0.0005015331553295255;0.0002807125565595925;0.9992177486419678
6_aii_bii2_cannot_say_neu;Vor zwei Monaten hat Tina für Judith einen leckeren Kuchen gebacken.;Vor zwei Wochen hat Judith wieder einen leckeren Kuchen gemacht, weil sie zu einer Party eingeladen hatte.;Es lässt sich nicht sagen, wie oft Judith einen leckeren Kuchen gemacht hat.;unknown;6;aii;bii;2;neutral;cannot say;False;;;Vor zwei Monaten hat Tina für Judith einen leckeren Kuchen gebacken. Vor zwei Wochen hat Judith wieder einen leckeren Kuchen gemacht, weil sie zu einer Party eingeladen hatte.;Es lässt sich nicht sagen, wie oft Judith einen leckeren Kuchen gemacht hat.;joeddav/xlm-roberta-large-xnli;entailment;0;0.36936044692993164;0.06505656987428665;0.5655829906463623
7_ai_bi1_once_pos;Vor einer Woche hat Judith für Sabine eine fetzige CD zusammengestellt.;Vor drei Tagen hat Sabine wieder eine fetzige CD bekommen, weil sie bei einer Tauschaktion mitgemacht hat.;Sabine hat einmal eine fetzige CD bekommen.;unknown;7;ai;bi;1;positive;once;False;;;Vor einer Woche hat Judith für Sabine eine fetzige CD zusammengestellt. Vor drei Tagen hat Sabine wieder eine fetzige CD bekommen, weil sie bei einer Tauschaktion mitgemacht hat.;Sabine hat einmal eine fetzige CD bekommen.;joeddav/xlm-roberta-large-xnli;entailment;0;0.001087126205675304;0.0003669493889901787;0.9985460042953491
7_ai_bi1_twice_pos;Vor einer Woche hat Judith für Sabine eine fetzige CD zusammengestellt.;Vor drei Tagen hat Sabine wieder eine fetzige CD bekommen, weil sie bei einer Tauschaktion mitgemacht hat.;Sabine hat mindestens zweimal eine fetzige CD bekommen.;entailment;7;ai;bi;1;positive;twice;False;;;Vor einer Woche hat Judith für Sabine eine fetzige CD zusammengestellt. Vor drei Tagen hat Sabine wieder eine fetzige CD bekommen, weil sie bei einer Tauschaktion mitgemacht hat.;Sabine hat mindestens zweimal eine fetzige CD bekommen.;joeddav/xlm-roberta-large-xnli;entailment;1;0.000341922917868942;0.00025269706384278834;0.9994053840637207
7_ai_bi1_cannot_say_pos;Vor einer Woche hat Judith für Sabine eine fetzige CD zusammengestellt.;Vor drei Tagen hat Sabine wieder eine fetzige CD bekommen, weil sie bei einer Tauschaktion mitgemacht hat.;Es lässt sich nicht sagen, wie oft Sabine eine fetzige CD bekommen hat.;unknown;7;ai;bi;1;positive;cannot say;False;;;Vor einer Woche hat Judith für Sabine eine fetzige CD zusammengestellt. Vor drei Tagen hat Sabine wieder eine fetzige CD bekommen, weil sie bei einer Tauschaktion mitgemacht hat.;Es lässt sich nicht sagen, wie oft Sabine eine fetzige CD bekommen hat.;joeddav/xlm-roberta-large-xnli;entailment;0;0.009681803174316883;0.016235515475273132;0.9740826487541199
7_ai_bi2_once_neu;Vor einer Woche hat Judith für Sabine eine fetzige CD zusammengestellt.;Vor drei Tagen hat Judith wieder eine fetzige CD bekommen, weil sie bei einer Tauschaktion mitgemacht hat.;Judith hat einmal eine fetzige CD bekommen.;entailment;7;ai;bi;2;neutral;once;False;;;Vor einer Woche hat Judith für Sabine eine fetzige CD zusammengestellt. Vor drei Tagen hat Judith wieder eine fetzige CD bekommen, weil sie bei einer Tauschaktion mitgemacht hat.;Judith hat einmal eine fetzige CD bekommen.;joeddav/xlm-roberta-large-xnli;entailment;1;0.0015052123926579952;0.0004326639464125037;0.9980620741844177
7_ai_bi2_twice_neu;Vor einer Woche hat Judith für Sabine eine fetzige CD zusammengestellt.;Vor drei Tagen hat Judith wieder eine fetzige CD bekommen, weil sie bei einer Tauschaktion mitgemacht hat.;Judith hat mindestens zweimal eine fetzige CD bekommen.;unknown;7;ai;bi;2;neutral;twice;False;;;Vor einer Woche hat Judith für Sabine eine fetzige CD zusammengestellt. Vor drei Tagen hat Judith wieder eine fetzige CD bekommen, weil sie bei einer Tauschaktion mitgemacht hat.;Judith hat mindestens zweimal eine fetzige CD bekommen.;joeddav/xlm-roberta-large-xnli;entailment;0;0.00031351728830486536;0.00025903500500135124;0.9994274377822876
7_ai_bi2_cannot_say_neu;Vor einer Woche hat Judith für Sabine eine fetzige CD zusammengestellt.;Vor drei Tagen hat Judith wieder eine fetzige CD bekommen, weil sie bei einer Tauschaktion mitgemacht hat.;Es lässt sich nicht sagen, wie oft Judith eine fetzige CD bekommen hat.;unknown;7;ai;bi;2;neutral;cannot say;False;;;Vor einer Woche hat Judith für Sabine eine fetzige CD zusammengestellt. Vor drei Tagen hat Judith wieder eine fetzige CD bekommen, weil sie bei einer Tauschaktion mitgemacht hat.;Es lässt sich nicht sagen, wie oft Judith eine fetzige CD bekommen hat.;joeddav/xlm-roberta-large-xnli;entailment;0;0.011973652057349682;0.020469103008508682;0.9675572514533997
7_ai_bii1_once_neu;Vor einer Woche hat Judith für Sabine eine fetzige CD zusammengestellt.;Vor drei Tagen hat Sabine wieder eine fetzige CD gebrannt, weil sie bei einer Tauschaktion mitgemacht hat.;Sabine hat einmal eine fetzige CD gebrannt.;entailment;7;ai;bii;1;neutral;once;False;;;Vor einer Woche hat Judith für Sabine eine fetzige CD zusammengestellt. Vor drei Tagen hat Sabine wieder eine fetzige CD gebrannt, weil sie bei einer Tauschaktion mitgemacht hat.;Sabine hat einmal eine fetzige CD gebrannt.;joeddav/xlm-roberta-large-xnli;entailment;1;0.0009967589285224676;0.00043129295227117836;0.9985719919204712
7_ai_bii1_twice_neu;Vor einer Woche hat Judith für Sabine eine fetzige CD zusammengestellt.;Vor drei Tagen hat Sabine wieder eine fetzige CD gebrannt, weil sie bei einer Tauschaktion mitgemacht hat.;Sabine hat mindestens zweimal eine fetzige CD gebrannt.;unknown;7;ai;bii;1;neutral;twice;False;;;Vor einer Woche hat Judith für Sabine eine fetzige CD zusammengestellt. Vor drei Tagen hat Sabine wieder eine fetzige CD gebrannt, weil sie bei einer Tauschaktion mitgemacht hat.;Sabine hat mindestens zweimal eine fetzige CD gebrannt.;joeddav/xlm-roberta-large-xnli;entailment;0;0.0003651711158454418;0.00027792996843345463;0.9993569254875183
7_ai_bii1_cannot_say_neu;Vor einer Woche hat Judith für Sabine eine fetzige CD zusammengestellt.;Vor drei Tagen hat Sabine wieder eine fetzige CD gebrannt, weil sie bei einer Tauschaktion mitgemacht hat.;Es lässt sich nicht sagen, wie oft Sabine eine fetzige CD gebrannt hat.;unknown;7;ai;bii;1;neutral;cannot say;False;;;Vor einer Woche hat Judith für Sabine eine fetzige CD zusammengestellt. Vor drei Tagen hat Sabine wieder eine fetzige CD gebrannt, weil sie bei einer Tauschaktion mitgemacht hat.;Es lässt sich nicht sagen, wie oft Sabine eine fetzige CD gebrannt hat.;joeddav/xlm-roberta-large-xnli;entailment;0;0.08238669484853745;0.11922833323478699;0.7983850240707397
7_ai_bii2_once_pos;Vor einer Woche hat Judith für Sabine eine fetzige CD zusammengestellt.;Vor drei Tagen hat Judith wieder eine fetzige CD gebrannt, weil sie bei einer Tauschaktion mitgemacht hat.;Judith hat einmal eine fetzige CD gebrannt.;unknown;7;ai;bii;2;positive;once;False;;;Vor einer Woche hat Judith für Sabine eine fetzige CD zusammengestellt. Vor drei Tagen hat Judith wieder eine fetzige CD gebrannt, weil sie bei einer Tauschaktion mitgemacht hat.;Judith hat einmal eine fetzige CD gebrannt.;joeddav/xlm-roberta-large-xnli;entailment;0;0.0008778514456935227;0.00039319522329606116;0.9987289309501648
7_ai_bii2_twice_pos;Vor einer Woche hat Judith für Sabine eine fetzige CD zusammengestellt.;Vor drei Tagen hat Judith wieder eine fetzige CD gebrannt, weil sie bei einer Tauschaktion mitgemacht hat.;Judith hat mindestens zweimal eine fetzige CD gebrannt.;entailment;7;ai;bii;2;positive;twice;False;;;Vor einer Woche hat Judith für Sabine eine fetzige CD zusammengestellt. Vor drei Tagen hat Judith wieder eine fetzige CD gebrannt, weil sie bei einer Tauschaktion mitgemacht hat.;Judith hat mindestens zweimal eine fetzige CD gebrannt.;joeddav/xlm-roberta-large-xnli;entailment;1;0.000291377364192158;0.00025518384063616395;0.9994534850120544
7_ai_bii2_cannot_say_pos;Vor einer Woche hat Judith für Sabine eine fetzige CD zusammengestellt.;Vor drei Tagen hat Judith wieder eine fetzige CD gebrannt, weil sie bei einer Tauschaktion mitgemacht hat.;Es lässt sich nicht sagen, wie oft Judith eine fetzige CD gebrannt hat.;unknown;7;ai;bii;2;positive;cannot say;False;;;Vor einer Woche hat Judith für Sabine eine fetzige CD zusammengestellt. Vor drei Tagen hat Judith wieder eine fetzige CD gebrannt, weil sie bei einer Tauschaktion mitgemacht hat.;Es lässt sich nicht sagen, wie oft Judith eine fetzige CD gebrannt hat.;joeddav/xlm-roberta-large-xnli;entailment;0;0.09409796446561813;0.13165263831615448;0.7742493748664856
7_aii_bi1_once_neu;Vor einer Woche hat Sabine für Judith eine fetzige CD zusammengestellt.;Vor drei Tagen hat Sabine wieder eine fetzige CD bekommen, weil sie bei einer Tauschaktion mitgemacht hat.;Sabine hat einmal eine fetzige CD bekommen.;entailment;7;aii;bi;1;neutral;once;False;;;Vor einer Woche hat Sabine für Judith eine fetzige CD zusammengestellt. Vor drei Tagen hat Sabine wieder eine fetzige CD bekommen, weil sie bei einer Tauschaktion mitgemacht hat.;Sabine hat einmal eine fetzige CD bekommen.;joeddav/xlm-roberta-large-xnli;entailment;1;0.0014317788882181048;0.0004028464900329709;0.9981654286384583
7_aii_bi1_twice_neu;Vor einer Woche hat Sabine für Judith eine fetzige CD zusammengestellt.;Vor drei Tagen hat Sabine wieder eine fetzige CD bekommen, weil sie bei einer Tauschaktion mitgemacht hat.;Sabine hat mindestens zweimal eine fetzige CD bekommen.;unknown;7;aii;bi;1;neutral;twice;False;;;Vor einer Woche hat Sabine für Judith eine fetzige CD zusammengestellt. Vor drei Tagen hat Sabine wieder eine fetzige CD bekommen, weil sie bei einer Tauschaktion mitgemacht hat.;Sabine hat mindestens zweimal eine fetzige CD bekommen.;joeddav/xlm-roberta-large-xnli;entailment;0;0.00031183788087219;0.0002529688354115933;0.9994351267814636
7_aii_bi1_cannot_say_neu;Vor einer Woche hat Sabine für Judith eine fetzige CD zusammengestellt.;Vor drei Tagen hat Sabine wieder eine fetzige CD bekommen, weil sie bei einer Tauschaktion mitgemacht hat.;Es lässt sich nicht sagen, wie oft Sabine eine fetzige CD bekommen hat.;unknown;7;aii;bi;1;neutral;cannot say;False;;;Vor einer Woche hat Sabine für Judith eine fetzige CD zusammengestellt. Vor drei Tagen hat Sabine wieder eine fetzige CD bekommen, weil sie bei einer Tauschaktion mitgemacht hat.;Es lässt sich nicht sagen, wie oft Sabine eine fetzige CD bekommen hat.;joeddav/xlm-roberta-large-xnli;entailment;0;0.011848419904708862;0.014467245899140835;0.9736843109130859
7_aii_bi2_once_pos;Vor einer Woche hat Sabine für Judith eine fetzige CD zusammengestellt.;Vor drei Tagen hat Judith wieder eine fetzige CD bekommen, weil sie bei einer Tauschaktion mitgemacht hat.;Judith hat einmal eine fetzige CD bekommen.;unknown;7;aii;bi;2;positive;once;False;;;Vor einer Woche hat Sabine für Judith eine fetzige CD zusammengestellt. Vor drei Tagen hat Judith wieder eine fetzige CD bekommen, weil sie bei einer Tauschaktion mitgemacht hat.;Judith hat einmal eine fetzige CD bekommen.;joeddav/xlm-roberta-large-xnli;entailment;0;0.0011870930902659893;0.0003725646820385009;0.9984403252601624
7_aii_bi2_twice_pos;Vor einer Woche hat Sabine für Judith eine fetzige CD zusammengestellt.;Vor drei Tagen hat Judith wieder eine fetzige CD bekommen, weil sie bei einer Tauschaktion mitgemacht hat.;Judith hat mindestens zweimal eine fetzige CD bekommen.;entailment;7;aii;bi;2;positive;twice;False;;;Vor einer Woche hat Sabine für Judith eine fetzige CD zusammengestellt. Vor drei Tagen hat Judith wieder eine fetzige CD bekommen, weil sie bei einer Tauschaktion mitgemacht hat.;Judith hat mindestens zweimal eine fetzige CD bekommen.;joeddav/xlm-roberta-large-xnli;entailment;1;0.0003451542870607227;0.00024835768272168934;0.9994064569473267
7_aii_bi2_cannot_say_pos;Vor einer Woche hat Sabine für Judith eine fetzige CD zusammengestellt.;Vor drei Tagen hat Judith wieder eine fetzige CD bekommen, weil sie bei einer Tauschaktion mitgemacht hat.;Es lässt sich nicht sagen, wie oft Judith eine fetzige CD bekommen hat.;unknown;7;aii;bi;2;positive;cannot say;False;;;Vor einer Woche hat Sabine für Judith eine fetzige CD zusammengestellt. Vor drei Tagen hat Judith wieder eine fetzige CD bekommen, weil sie bei einer Tauschaktion mitgemacht hat.;Es lässt sich nicht sagen, wie oft Judith eine fetzige CD bekommen hat.;joeddav/xlm-roberta-large-xnli;entailment;0;0.008879333734512329;0.014559716917574406;0.9765609502792358
7_aii_bii1_once_pos;Vor einer Woche hat Sabine für Judith eine fetzige CD zusammengestellt.;Vor drei Tagen hat Sabine wieder eine fetzige CD gebrannt, weil sie bei einer Tauschaktion mitgemacht hat.;Sabine hat einmal eine fetzige CD gebrannt.;unknown;7;aii;bii;1;positive;once;False;;;Vor einer Woche hat Sabine für Judith eine fetzige CD zusammengestellt. Vor drei Tagen hat Sabine wieder eine fetzige CD gebrannt, weil sie bei einer Tauschaktion mitgemacht hat.;Sabine hat einmal eine fetzige CD gebrannt.;joeddav/xlm-roberta-large-xnli;entailment;0;0.0009226980619132519;0.0003860535507556051;0.9986912608146667
7_aii_bii1_twice_pos;Vor einer Woche hat Sabine für Judith eine fetzige CD zusammengestellt.;Vor drei Tagen hat Sabine wieder eine fetzige CD gebrannt, weil sie bei einer Tauschaktion mitgemacht hat.;Sabine hat mindestens zweimal eine fetzige CD gebrannt.;entailment;7;aii;bii;1;positive;twice;False;;;Vor einer Woche hat Sabine für Judith eine fetzige CD zusammengestellt. Vor drei Tagen hat Sabine wieder eine fetzige CD gebrannt, weil sie bei einer Tauschaktion mitgemacht hat.;Sabine hat mindestens zweimal eine fetzige CD gebrannt.;joeddav/xlm-roberta-large-xnli;entailment;1;0.0002862066321540624;0.0002527222386561334;0.9994611144065857
7_aii_bii1_cannot_say_pos;Vor einer Woche hat Sabine für Judith eine fetzige CD zusammengestellt.;Vor drei Tagen hat Sabine wieder eine fetzige CD gebrannt, weil sie bei einer Tauschaktion mitgemacht hat.;Es lässt sich nicht sagen, wie oft Sabine eine fetzige CD gebrannt hat.;unknown;7;aii;bii;1;positive;cannot say;False;;;Vor einer Woche hat Sabine für Judith eine fetzige CD zusammengestellt. Vor drei Tagen hat Sabine wieder eine fetzige CD gebrannt, weil sie bei einer Tauschaktion mitgemacht hat.;Es lässt sich nicht sagen, wie oft Sabine eine fetzige CD gebrannt hat.;joeddav/xlm-roberta-large-xnli;entailment;0;0.12376990914344788;0.1341859996318817;0.7420440912246704
7_aii_bii2_once_neu;Vor einer Woche hat Sabine für Judith eine fetzige CD zusammengestellt.;Vor drei Tagen hat Judith wieder eine fetzige CD gebrannt, weil sie bei einer Tauschaktion mitgemacht hat.;Judith hat einmal eine fetzige CD gebrannt.;entailment;7;aii;bii;2;neutral;once;False;;;Vor einer Woche hat Sabine für Judith eine fetzige CD zusammengestellt. Vor drei Tagen hat Judith wieder eine fetzige CD gebrannt, weil sie bei einer Tauschaktion mitgemacht hat.;Judith hat einmal eine fetzige CD gebrannt.;joeddav/xlm-roberta-large-xnli;entailment;1;0.0009767021983861923;0.0004274577659089118;0.9985957741737366
7_aii_bii2_twice_neu;Vor einer Woche hat Sabine für Judith eine fetzige CD zusammengestellt.;Vor drei Tagen hat Judith wieder eine fetzige CD gebrannt, weil sie bei einer Tauschaktion mitgemacht hat.;Judith hat mindestens zweimal eine fetzige CD gebrannt.;unknown;7;aii;bii;2;neutral;twice;False;;;Vor einer Woche hat Sabine für Judith eine fetzige CD zusammengestellt. Vor drei Tagen hat Judith wieder eine fetzige CD gebrannt, weil sie bei einer Tauschaktion mitgemacht hat.;Judith hat mindestens zweimal eine fetzige CD gebrannt.;joeddav/xlm-roberta-large-xnli;entailment;0;0.00036356228520162404;0.00028132283478043973;0.999355137348175
7_aii_bii2_cannot_say_neu;Vor einer Woche hat Sabine für Judith eine fetzige CD zusammengestellt.;Vor drei Tagen hat Judith wieder eine fetzige CD gebrannt, weil sie bei einer Tauschaktion mitgemacht hat.;Es lässt sich nicht sagen, wie oft Judith eine fetzige CD gebrannt hat.;unknown;7;aii;bii;2;neutral;cannot say;False;;;Vor einer Woche hat Sabine für Judith eine fetzige CD zusammengestellt. Vor drei Tagen hat Judith wieder eine fetzige CD gebrannt, weil sie bei einer Tauschaktion mitgemacht hat.;Es lässt sich nicht sagen, wie oft Judith eine fetzige CD gebrannt hat.;joeddav/xlm-roberta-large-xnli;entailment;0;0.06909655034542084;0.10809055715799332;0.8228129148483276
8_ai_bi1_once_pos;Letzten Monat hat Judith bei Linda eine neue Blume im Garten eingepflanzt.;Vor einer Woche hat Linda wieder eine neue Blume bekommen, weil sie von einer Rosensorte begeistert ist.;Linda hat einmal eine neue Blume bekommen.;unknown;8;ai;bi;1;positive;once;False;;;Letzten Monat hat Judith bei Linda eine neue Blume im Garten eingepflanzt. Vor einer Woche hat Linda wieder eine neue Blume bekommen, weil sie von einer Rosensorte begeistert ist.;Linda hat einmal eine neue Blume bekommen.;joeddav/xlm-roberta-large-xnli;entailment;0;0.0008329359698109329;0.00021612265845760703;0.9989509582519531
8_ai_bi1_twice_pos;Letzten Monat hat Judith bei Linda eine neue Blume im Garten eingepflanzt.;Vor einer Woche hat Linda wieder eine neue Blume bekommen, weil sie von einer Rosensorte begeistert ist.;Linda hat mindestens zweimal eine neue Blume bekommen.;entailment;8;ai;bi;1;positive;twice;False;;;Letzten Monat hat Judith bei Linda eine neue Blume im Garten eingepflanzt. Vor einer Woche hat Linda wieder eine neue Blume bekommen, weil sie von einer Rosensorte begeistert ist.;Linda hat mindestens zweimal eine neue Blume bekommen.;joeddav/xlm-roberta-large-xnli;entailment;1;0.00026169553166255355;0.0001727802591631189;0.9995655417442322
8_ai_bi1_cannot_say_pos;Letzten Monat hat Judith bei Linda eine neue Blume im Garten eingepflanzt.;Vor einer Woche hat Linda wieder eine neue Blume bekommen, weil sie von einer Rosensorte begeistert ist.;Es lässt sich nicht sagen, wie oft Linda eine neue Blume bekommen hat.;unknown;8;ai;bi;1;positive;cannot say;False;;;Letzten Monat hat Judith bei Linda eine neue Blume im Garten eingepflanzt. Vor einer Woche hat Linda wieder eine neue Blume bekommen, weil sie von einer Rosensorte begeistert ist.;Es lässt sich nicht sagen, wie oft Linda eine neue Blume bekommen hat.;joeddav/xlm-roberta-large-xnli;entailment;0;0.002294329460710287;0.006781306583434343;0.9909244179725647
8_ai_bi2_once_neu;Letzten Monat hat Judith bei Linda eine neue Blume im Garten eingepflanzt.;Vor einer Woche hat Judith wieder eine neue Blume bekommen, weil sie von einer Rosensorte begeistert ist.;Judith hat einmal eine neue Blume bekommen.;entailment;8;ai;bi;2;neutral;once;False;;;Letzten Monat hat Judith bei Linda eine neue Blume im Garten eingepflanzt. Vor einer Woche hat Judith wieder eine neue Blume bekommen, weil sie von einer Rosensorte begeistert ist.;Judith hat einmal eine neue Blume bekommen.;joeddav/xlm-roberta-large-xnli;entailment;1;0.0009068478248082101;0.00023099280952010304;0.9988621473312378
8_ai_bi2_twice_neu;Letzten Monat hat Judith bei Linda eine neue Blume im Garten eingepflanzt.;Vor einer Woche hat Judith wieder eine neue Blume bekommen, weil sie von einer Rosensorte begeistert ist.;Judith hat mindestens zweimal eine neue Blume bekommen.;unknown;8;ai;bi;2;neutral;twice;False;;;Letzten Monat hat Judith bei Linda eine neue Blume im Garten eingepflanzt. Vor einer Woche hat Judith wieder eine neue Blume bekommen, weil sie von einer Rosensorte begeistert ist.;Judith hat mindestens zweimal eine neue Blume bekommen.;joeddav/xlm-roberta-large-xnli;entailment;0;0.0002501128474250436;0.00018859370902646333;0.9995612502098083
8_ai_bi2_cannot_say_neu;Letzten Monat hat Judith bei Linda eine neue Blume im Garten eingepflanzt.;Vor einer Woche hat Judith wieder eine neue Blume bekommen, weil sie von einer Rosensorte begeistert ist.;Es lässt sich nicht sagen, wie oft Judith eine neue Blume bekommen hat.;unknown;8;ai;bi;2;neutral;cannot say;False;;;Letzten Monat hat Judith bei Linda eine neue Blume im Garten eingepflanzt. Vor einer Woche hat Judith wieder eine neue Blume bekommen, weil sie von einer Rosensorte begeistert ist.;Es lässt sich nicht sagen, wie oft Judith eine neue Blume bekommen hat.;joeddav/xlm-roberta-large-xnli;entailment;0;0.001985406968742609;0.008986474946141243;0.9890280961990356
8_ai_bii1_once_neu;Letzten Monat hat Judith bei Linda eine neue Blume im Garten eingepflanzt.;Vor einer Woche hat Linda wieder eine neue Blume eingegraben, weil sie von einer Rosensorte begeistert ist.;Linda hat einmal eine neue Blume eingegraben.;entailment;8;ai;bii;1;neutral;once;False;;;Letzten Monat hat Judith bei Linda eine neue Blume im Garten eingepflanzt. Vor einer Woche hat Linda wieder eine neue Blume eingegraben, weil sie von einer Rosensorte begeistert ist.;Linda hat einmal eine neue Blume eingegraben.;joeddav/xlm-roberta-large-xnli;entailment;1;0.0010530160507187247;0.0002285295631736517;0.9987185001373291
8_ai_bii1_twice_neu;Letzten Monat hat Judith bei Linda eine neue Blume im Garten eingepflanzt.;Vor einer Woche hat Linda wieder eine neue Blume eingegraben, weil sie von einer Rosensorte begeistert ist.;Linda hat mindestens zweimal eine neue Blume eingegraben.;unknown;8;ai;bii;1;neutral;twice;False;;;Letzten Monat hat Judith bei Linda eine neue Blume im Garten eingepflanzt. Vor einer Woche hat Linda wieder eine neue Blume eingegraben, weil sie von einer Rosensorte begeistert ist.;Linda hat mindestens zweimal eine neue Blume eingegraben.;joeddav/xlm-roberta-large-xnli;entailment;0;0.00030385737773030996;0.0001737350830808282;0.9995224475860596
8_ai_bii1_cannot_say_neu;Letzten Monat hat Judith bei Linda eine neue Blume im Garten eingepflanzt.;Vor einer Woche hat Linda wieder eine neue Blume eingegraben, weil sie von einer Rosensorte begeistert ist.;Es lässt sich nicht sagen, wie oft Linda eine neue Blume eingegraben hat.;unknown;8;ai;bii;1;neutral;cannot say;False;;;Letzten Monat hat Judith bei Linda eine neue Blume im Garten eingepflanzt. Vor einer Woche hat Linda wieder eine neue Blume eingegraben, weil sie von einer Rosensorte begeistert ist.;Es lässt sich nicht sagen, wie oft Linda eine neue Blume eingegraben hat.;joeddav/xlm-roberta-large-xnli;entailment;0;0.00309290224686265;0.006575018633157015;0.9903320670127869
8_ai_bii2_once_pos;Letzten Monat hat Judith bei Linda eine neue Blume im Garten eingepflanzt.;Vor einer Woche hat Judith wieder eine neue Blume eingegraben, weil sie von einer Rosensorte begeistert ist.;Judith hat einmal eine neue Blume eingegraben.;unknown;8;ai;bii;2;positive;once;False;;;Letzten Monat hat Judith bei Linda eine neue Blume im Garten eingepflanzt. Vor einer Woche hat Judith wieder eine neue Blume eingegraben, weil sie von einer Rosensorte begeistert ist.;Judith hat einmal eine neue Blume eingegraben.;joeddav/xlm-roberta-large-xnli;entailment;0;0.000407661049393937;0.00018276565242558718;0.999409556388855
8_ai_bii2_twice_pos;Letzten Monat hat Judith bei Linda eine neue Blume im Garten eingepflanzt.;Vor einer Woche hat Judith wieder eine neue Blume eingegraben, weil sie von einer Rosensorte begeistert ist.;Judith hat mindestens zweimal eine neue Blume eingegraben.;entailment;8;ai;bii;2;positive;twice;False;;;Letzten Monat hat Judith bei Linda eine neue Blume im Garten eingepflanzt. Vor einer Woche hat Judith wieder eine neue Blume eingegraben, weil sie von einer Rosensorte begeistert ist.;Judith hat mindestens zweimal eine neue Blume eingegraben.;joeddav/xlm-roberta-large-xnli;entailment;1;0.0001970062148757279;0.00016436594887636602;0.999638557434082
8_ai_bii2_cannot_say_pos;Letzten Monat hat Judith bei Linda eine neue Blume im Garten eingepflanzt.;Vor einer Woche hat Judith wieder eine neue Blume eingegraben, weil sie von einer Rosensorte begeistert ist.;Es lässt sich nicht sagen, wie oft Judith eine neue Blume eingegraben hat.;unknown;8;ai;bii;2;positive;cannot say;False;;;Letzten Monat hat Judith bei Linda eine neue Blume im Garten eingepflanzt. Vor einer Woche hat Judith wieder eine neue Blume eingegraben, weil sie von einer Rosensorte begeistert ist.;Es lässt sich nicht sagen, wie oft Judith eine neue Blume eingegraben hat.;joeddav/xlm-roberta-large-xnli;entailment;0;0.0033590199891477823;0.017657235264778137;0.9789837002754211
8_aii_bi1_once_neu;Letzten Monat hat Linda bei Judith eine neue Blume im Garten eingepflanzt.;Vor einer Woche hat Linda wieder eine neue Blume bekommen, weil sie von einer Rosensorte begeistert ist.;Linda hat einmal eine neue Blume bekommen.;entailment;8;aii;bi;1;neutral;once;False;;;Letzten Monat hat Linda bei Judith eine neue Blume im Garten eingepflanzt. Vor einer Woche hat Linda wieder eine neue Blume bekommen, weil sie von einer Rosensorte begeistert ist.;Linda hat einmal eine neue Blume bekommen.;joeddav/xlm-roberta-large-xnli;entailment;1;0.0009428313933312893;0.00024783084518276155;0.9988093376159668
8_aii_bi1_twice_neu;Letzten Monat hat Linda bei Judith eine neue Blume im Garten eingepflanzt.;Vor einer Woche hat Linda wieder eine neue Blume bekommen, weil sie von einer Rosensorte begeistert ist.;Linda hat mindestens zweimal eine neue Blume bekommen.;unknown;8;aii;bi;1;neutral;twice;False;;;Letzten Monat hat Linda bei Judith eine neue Blume im Garten eingepflanzt. Vor einer Woche hat Linda wieder eine neue Blume bekommen, weil sie von einer Rosensorte begeistert ist.;Linda hat mindestens zweimal eine neue Blume bekommen.;joeddav/xlm-roberta-large-xnli;entailment;0;0.00025837274733930826;0.00018862850265577435;0.9995530247688293
8_aii_bi1_cannot_say_neu;Letzten Monat hat Linda bei Judith eine neue Blume im Garten eingepflanzt.;Vor einer Woche hat Linda wieder eine neue Blume bekommen, weil sie von einer Rosensorte begeistert ist.;Es lässt sich nicht sagen, wie oft Linda eine neue Blume bekommen hat.;unknown;8;aii;bi;1;neutral;cannot say;False;;;Letzten Monat hat Linda bei Judith eine neue Blume im Garten eingepflanzt. Vor einer Woche hat Linda wieder eine neue Blume bekommen, weil sie von einer Rosensorte begeistert ist.;Es lässt sich nicht sagen, wie oft Linda eine neue Blume bekommen hat.;joeddav/xlm-roberta-large-xnli;entailment;0;0.0023187773767858744;0.008731067180633545;0.9889501929283142
8_aii_bi2_once_pos;Letzten Monat hat Linda bei Judith eine neue Blume im Garten eingepflanzt.;Vor einer Woche hat Judith wieder eine neue Blume bekommen, weil sie von einer Rosensorte begeistert ist.;Judith hat einmal eine neue Blume bekommen.;unknown;8;aii;bi;2;positive;once;False;;;Letzten Monat hat Linda bei Judith eine neue Blume im Garten eingepflanzt. Vor einer Woche hat Judith wieder eine neue Blume bekommen, weil sie von einer Rosensorte begeistert ist.;Judith hat einmal eine neue Blume bekommen.;joeddav/xlm-roberta-large-xnli;entailment;0;0.000755677989218384;0.0001941117225214839;0.9990501999855042
8_aii_bi2_twice_pos;Letzten Monat hat Linda bei Judith eine neue Blume im Garten eingepflanzt.;Vor einer Woche hat Judith wieder eine neue Blume bekommen, weil sie von einer Rosensorte begeistert ist.;Judith hat mindestens zweimal eine neue Blume bekommen.;entailment;8;aii;bi;2;positive;twice;False;;;Letzten Monat hat Linda bei Judith eine neue Blume im Garten eingepflanzt. Vor einer Woche hat Judith wieder eine neue Blume bekommen, weil sie von einer Rosensorte begeistert ist.;Judith hat mindestens zweimal eine neue Blume bekommen.;joeddav/xlm-roberta-large-xnli;entailment;1;0.00025733039365150034;0.00017041231330949813;0.999572217464447
8_aii_bi2_cannot_say_pos;Letzten Monat hat Linda bei Judith eine neue Blume im Garten eingepflanzt.;Vor einer Woche hat Judith wieder eine neue Blume bekommen, weil sie von einer Rosensorte begeistert ist.;Es lässt sich nicht sagen, wie oft Judith eine neue Blume bekommen hat.;unknown;8;aii;bi;2;positive;cannot say;False;;;Letzten Monat hat Linda bei Judith eine neue Blume im Garten eingepflanzt. Vor einer Woche hat Judith wieder eine neue Blume bekommen, weil sie von einer Rosensorte begeistert ist.;Es lässt sich nicht sagen, wie oft Judith eine neue Blume bekommen hat.;joeddav/xlm-roberta-large-xnli;entailment;0;0.0021585391368716955;0.006128556560724974;0.9917129278182983
8_aii_bii1_once_pos;Letzten Monat hat Linda bei Judith eine neue Blume im Garten eingepflanzt.;Vor einer Woche hat Linda wieder eine neue Blume eingegraben, weil sie von einer Rosensorte begeistert ist.;Linda hat einmal eine neue Blume eingegraben.;unknown;8;aii;bii;1;positive;once;False;;;Letzten Monat hat Linda bei Judith eine neue Blume im Garten eingepflanzt. Vor einer Woche hat Linda wieder eine neue Blume eingegraben, weil sie von einer Rosensorte begeistert ist.;Linda hat einmal eine neue Blume eingegraben.;joeddav/xlm-roberta-large-xnli;entailment;0;0.000429878564318642;0.00018916830595117062;0.9993809461593628
8_aii_bii1_twice_pos;Letzten Monat hat Linda bei Judith eine neue Blume im Garten eingepflanzt.;Vor einer Woche hat Linda wieder eine neue Blume eingegraben, weil sie von einer Rosensorte begeistert ist.;Linda hat mindestens zweimal eine neue Blume eingegraben.;entailment;8;aii;bii;1;positive;twice;False;;;Letzten Monat hat Linda bei Judith eine neue Blume im Garten eingepflanzt. Vor einer Woche hat Linda wieder eine neue Blume eingegraben, weil sie von einer Rosensorte begeistert ist.;Linda hat mindestens zweimal eine neue Blume eingegraben.;joeddav/xlm-roberta-large-xnli;entailment;1;0.00019763676391448826;0.00016112685261759907;0.9996411800384521
8_aii_bii1_cannot_say_pos;Letzten Monat hat Linda bei Judith eine neue Blume im Garten eingepflanzt.;Vor einer Woche hat Linda wieder eine neue Blume eingegraben, weil sie von einer Rosensorte begeistert ist.;Es lässt sich nicht sagen, wie oft Linda eine neue Blume eingegraben hat.;unknown;8;aii;bii;1;positive;cannot say;False;;;Letzten Monat hat Linda bei Judith eine neue Blume im Garten eingepflanzt. Vor einer Woche hat Linda wieder eine neue Blume eingegraben, weil sie von einer Rosensorte begeistert ist.;Es lässt sich nicht sagen, wie oft Linda eine neue Blume eingegraben hat.;joeddav/xlm-roberta-large-xnli;entailment;0;0.0025626295246183872;0.011039084754884243;0.9863982796669006
8_aii_bii2_once_neu;Letzten Monat hat Linda bei Judith eine neue Blume im Garten eingepflanzt.;Vor einer Woche hat Judith wieder eine neue Blume eingegraben, weil sie von einer Rosensorte begeistert ist.;Judith hat einmal eine neue Blume eingegraben.;entailment;8;aii;bii;2;neutral;once;False;;;Letzten Monat hat Linda bei Judith eine neue Blume im Garten eingepflanzt. Vor einer Woche hat Judith wieder eine neue Blume eingegraben, weil sie von einer Rosensorte begeistert ist.;Judith hat einmal eine neue Blume eingegraben.;joeddav/xlm-roberta-large-xnli;entailment;1;0.00116358557716012;0.00021934308460913599;0.9986170530319214
8_aii_bii2_twice_neu;Letzten Monat hat Linda bei Judith eine neue Blume im Garten eingepflanzt.;Vor einer Woche hat Judith wieder eine neue Blume eingegraben, weil sie von einer Rosensorte begeistert ist.;Judith hat mindestens zweimal eine neue Blume eingegraben.;unknown;8;aii;bii;2;neutral;twice;False;;;Letzten Monat hat Linda bei Judith eine neue Blume im Garten eingepflanzt. Vor einer Woche hat Judith wieder eine neue Blume eingegraben, weil sie von einer Rosensorte begeistert ist.;Judith hat mindestens zweimal eine neue Blume eingegraben.;joeddav/xlm-roberta-large-xnli;entailment;0;0.00028601393569260836;0.00016817195864859968;0.9995457530021667
8_aii_bii2_cannot_say_neu;Letzten Monat hat Linda bei Judith eine neue Blume im Garten eingepflanzt.;Vor einer Woche hat Judith wieder eine neue Blume eingegraben, weil sie von einer Rosensorte begeistert ist.;Es lässt sich nicht sagen, wie oft Judith eine neue Blume eingegraben hat.;unknown;8;aii;bii;2;neutral;cannot say;False;;;Letzten Monat hat Linda bei Judith eine neue Blume im Garten eingepflanzt. Vor einer Woche hat Judith wieder eine neue Blume eingegraben, weil sie von einer Rosensorte begeistert ist.;Es lässt sich nicht sagen, wie oft Judith eine neue Blume eingegraben hat.;joeddav/xlm-roberta-large-xnli;entailment;0;0.00483886431902647;0.011479808948934078;0.983681321144104
9_ai_bi1_once_pos;Vor einem Jahr hat Judith für Timo ein teures Konzertticket bestellt.;Vor vier Wochen hat Timo wieder ein teures Konzertticket bekommen, weil sie mit einem Freund feiern will.;Timo hat einmal ein teures Konzertticket bekommen.;unknown;9;ai;bi;1;positive;once;False;;;Vor einem Jahr hat Judith für Timo ein teures Konzertticket bestellt. Vor vier Wochen hat Timo wieder ein teures Konzertticket bekommen, weil sie mit einem Freund feiern will.;Timo hat einmal ein teures Konzertticket bekommen.;joeddav/xlm-roberta-large-xnli;entailment;0;0.0005455883801914752;0.0002609564980957657;0.9991934895515442
9_ai_bi1_twice_pos;Vor einem Jahr hat Judith für Timo ein teures Konzertticket bestellt.;Vor vier Wochen hat Timo wieder ein teures Konzertticket bekommen, weil sie mit einem Freund feiern will.;Timo hat mindestens zweimal ein teures Konzertticket bekommen.;entailment;9;ai;bi;1;positive;twice;False;;;Vor einem Jahr hat Judith für Timo ein teures Konzertticket bestellt. Vor vier Wochen hat Timo wieder ein teures Konzertticket bekommen, weil sie mit einem Freund feiern will.;Timo hat mindestens zweimal ein teures Konzertticket bekommen.;joeddav/xlm-roberta-large-xnli;entailment;1;0.00036719543277285993;0.0002513052895665169;0.999381422996521
9_ai_bi1_cannot_say_pos;Vor einem Jahr hat Judith für Timo ein teures Konzertticket bestellt.;Vor vier Wochen hat Timo wieder ein teures Konzertticket bekommen, weil sie mit einem Freund feiern will.;Es lässt sich nicht sagen, wie oft Timo ein teures Konzertticket bekommen hat.;unknown;9;ai;bi;1;positive;cannot say;False;;;Vor einem Jahr hat Judith für Timo ein teures Konzertticket bestellt. Vor vier Wochen hat Timo wieder ein teures Konzertticket bekommen, weil sie mit einem Freund feiern will.;Es lässt sich nicht sagen, wie oft Timo ein teures Konzertticket bekommen hat.;joeddav/xlm-roberta-large-xnli;neutral;1;0.018983367830514908;0.8369027972221375;0.14411377906799316
9_ai_bi2_once_neu;Vor einem Jahr hat Judith für Timo ein teures Konzertticket bestellt.;Vor vier Wochen hat Judith wieder ein teures Konzertticket bekommen, weil er mit einem Freund feiern will.;Judith hat einmal ein teures Konzertticket bekommen.;entailment;9;ai;bi;2;neutral;once;False;;;Vor einem Jahr hat Judith für Timo ein teures Konzertticket bestellt. Vor vier Wochen hat Judith wieder ein teures Konzertticket bekommen, weil er mit einem Freund feiern will.;Judith hat einmal ein teures Konzertticket bekommen.;joeddav/xlm-roberta-large-xnli;entailment;1;0.0004817254957742989;0.0002549091004766524;0.999263346195221
9_ai_bi2_twice_neu;Vor einem Jahr hat Judith für Timo ein teures Konzertticket bestellt.;Vor vier Wochen hat Judith wieder ein teures Konzertticket bekommen, weil er mit einem Freund feiern will.;Judith hat mindestens zweimal ein teures Konzertticket bekommen.;unknown;9;ai;bi;2;neutral;twice;False;;;Vor einem Jahr hat Judith für Timo ein teures Konzertticket bestellt. Vor vier Wochen hat Judith wieder ein teures Konzertticket bekommen, weil er mit einem Freund feiern will.;Judith hat mindestens zweimal ein teures Konzertticket bekommen.;joeddav/xlm-roberta-large-xnli;entailment;0;0.0003725023416336626;0.0003251143207307905;0.9993023872375488
9_ai_bi2_cannot_say_neu;Vor einem Jahr hat Judith für Timo ein teures Konzertticket bestellt.;Vor vier Wochen hat Judith wieder ein teures Konzertticket bekommen, weil er mit einem Freund feiern will.;Es lässt sich nicht sagen, wie oft Judith ein teures Konzertticket bekommen hat.;unknown;9;ai;bi;2;neutral;cannot say;False;;;Vor einem Jahr hat Judith für Timo ein teures Konzertticket bestellt. Vor vier Wochen hat Judith wieder ein teures Konzertticket bekommen, weil er mit einem Freund feiern will.;Es lässt sich nicht sagen, wie oft Judith ein teures Konzertticket bekommen hat.;joeddav/xlm-roberta-large-xnli;neutral;1;0.021167458966374397;0.8966773748397827;0.08215518295764923
9_ai_bii1_once_neu;Vor einem Jahr hat Judith für Timo ein teures Konzertticket bestellt.;Vor vier Wochen hat Timo wieder ein teures Konzertticket erworben, weil sie mit einem Freund feiern will.;Timo hat einmal ein teures Konzertticket erworben.;entailment;9;ai;bii;1;neutral;once;False;;;Vor einem Jahr hat Judith für Timo ein teures Konzertticket bestellt. Vor vier Wochen hat Timo wieder ein teures Konzertticket erworben, weil sie mit einem Freund feiern will.;Timo hat einmal ein teures Konzertticket erworben.;joeddav/xlm-roberta-large-xnli;entailment;1;0.0006014605751261115;0.0002521465648896992;0.9991463422775269
9_ai_bii1_twice_neu;Vor einem Jahr hat Judith für Timo ein teures Konzertticket bestellt.;Vor vier Wochen hat Timo wieder ein teures Konzertticket erworben, weil sie mit einem Freund feiern will.;Timo hat mindestens zweimal ein teures Konzertticket erworben.;unknown;9;ai;bii;1;neutral;twice;False;;;Vor einem Jahr hat Judith für Timo ein teures Konzertticket bestellt. Vor vier Wochen hat Timo wieder ein teures Konzertticket erworben, weil sie mit einem Freund feiern will.;Timo hat mindestens zweimal ein teures Konzertticket erworben.;joeddav/xlm-roberta-large-xnli;entailment;0;0.0003751198819372803;0.00022285565501078963;0.9994020462036133
9_ai_bii1_cannot_say_neu;Vor einem Jahr hat Judith für Timo ein teures Konzertticket bestellt.;Vor vier Wochen hat Timo wieder ein teures Konzertticket erworben, weil sie mit einem Freund feiern will.;Es lässt sich nicht sagen, wie oft Timo ein teures Konzertticket erworben hat.;unknown;9;ai;bii;1;neutral;cannot say;False;;;Vor einem Jahr hat Judith für Timo ein teures Konzertticket bestellt. Vor vier Wochen hat Timo wieder ein teures Konzertticket erworben, weil sie mit einem Freund feiern will.;Es lässt sich nicht sagen, wie oft Timo ein teures Konzertticket erworben hat.;joeddav/xlm-roberta-large-xnli;neutral;1;0.2867496907711029;0.36955970525741577;0.34369054436683655
9_ai_bii2_once_pos;Vor einem Jahr hat Judith für Timo ein teures Konzertticket bestellt.;Vor vier Wochen hat Judith wieder ein teures Konzertticket erworben, weil er mit einem Freund feiern will.;Judith hat einmal ein teures Konzertticket erworben.;unknown;9;ai;bii;2;positive;once;False;;;Vor einem Jahr hat Judith für Timo ein teures Konzertticket bestellt. Vor vier Wochen hat Judith wieder ein teures Konzertticket erworben, weil er mit einem Freund feiern will.;Judith hat einmal ein teures Konzertticket erworben.;joeddav/xlm-roberta-large-xnli;entailment;0;0.0004997021751478314;0.00024257670156657696;0.9992577433586121
9_ai_bii2_twice_pos;Vor einem Jahr hat Judith für Timo ein teures Konzertticket bestellt.;Vor vier Wochen hat Judith wieder ein teures Konzertticket erworben, weil er mit einem Freund feiern will.;Judith hat mindestens zweimal ein teures Konzertticket erworben.;entailment;9;ai;bii;2;positive;twice;False;;;Vor einem Jahr hat Judith für Timo ein teures Konzertticket bestellt. Vor vier Wochen hat Judith wieder ein teures Konzertticket erworben, weil er mit einem Freund feiern will.;Judith hat mindestens zweimal ein teures Konzertticket erworben.;joeddav/xlm-roberta-large-xnli;entailment;1;0.0003188101982232183;0.0002492107742000371;0.9994319081306458
9_ai_bii2_cannot_say_pos;Vor einem Jahr hat Judith für Timo ein teures Konzertticket bestellt.;Vor vier Wochen hat Judith wieder ein teures Konzertticket erworben, weil er mit einem Freund feiern will.;Es lässt sich nicht sagen, wie oft Judith ein teures Konzertticket erworben hat.;unknown;9;ai;bii;2;positive;cannot say;False;;;Vor einem Jahr hat Judith für Timo ein teures Konzertticket bestellt. Vor vier Wochen hat Judith wieder ein teures Konzertticket erworben, weil er mit einem Freund feiern will.;Es lässt sich nicht sagen, wie oft Judith ein teures Konzertticket erworben hat.;joeddav/xlm-roberta-large-xnli;contradiction;0;0.4123256504535675;0.3908894658088684;0.1967848539352417
9_aii_bi1_once_neu;Vor einem Jahr hat Timo für Judith ein teures Konzertticket bestellt.;Vor vier Wochen hat Timo wieder ein teures Konzertticket bekommen, weil sie mit einem Freund feiern will.;Timo hat einmal ein teures Konzertticket bekommen.;entailment;9;aii;bi;1;neutral;once;False;;;Vor einem Jahr hat Timo für Judith ein teures Konzertticket bestellt. Vor vier Wochen hat Timo wieder ein teures Konzertticket bekommen, weil sie mit einem Freund feiern will.;Timo hat einmal ein teures Konzertticket bekommen.;joeddav/xlm-roberta-large-xnli;entailment;1;0.0005706037045456469;0.0002642323961481452;0.9991651773452759
9_aii_bi1_twice_neu;Vor einem Jahr hat Timo für Judith ein teures Konzertticket bestellt.;Vor vier Wochen hat Timo wieder ein teures Konzertticket bekommen, weil sie mit einem Freund feiern will.;Timo hat mindestens zweimal ein teures Konzertticket bekommen.;unknown;9;aii;bi;1;neutral;twice;False;;;Vor einem Jahr hat Timo für Judith ein teures Konzertticket bestellt. Vor vier Wochen hat Timo wieder ein teures Konzertticket bekommen, weil sie mit einem Freund feiern will.;Timo hat mindestens zweimal ein teures Konzertticket bekommen.;joeddav/xlm-roberta-large-xnli;entailment;0;0.00034468024387024343;0.00025656999787315726;0.9993987083435059
9_aii_bi1_cannot_say_neu;Vor einem Jahr hat Timo für Judith ein teures Konzertticket bestellt.;Vor vier Wochen hat Timo wieder ein teures Konzertticket bekommen, weil sie mit einem Freund feiern will.;Es lässt sich nicht sagen, wie oft Timo ein teures Konzertticket bekommen hat.;unknown;9;aii;bi;1;neutral;cannot say;False;;;Vor einem Jahr hat Timo für Judith ein teures Konzertticket bestellt. Vor vier Wochen hat Timo wieder ein teures Konzertticket bekommen, weil sie mit einem Freund feiern will.;Es lässt sich nicht sagen, wie oft Timo ein teures Konzertticket bekommen hat.;joeddav/xlm-roberta-large-xnli;neutral;1;0.012890935875475407;0.9283886551856995;0.0587204284965992
9_aii_bi2_once_pos;Vor einem Jahr hat Timo für Judith ein teures Konzertticket bestellt.;Vor vier Wochen hat Judith wieder ein teures Konzertticket bekommen, weil er mit einem Freund feiern will.;Judith hat einmal ein teures Konzertticket bekommen.;unknown;9;aii;bi;2;positive;once;False;;;Vor einem Jahr hat Timo für Judith ein teures Konzertticket bestellt. Vor vier Wochen hat Judith wieder ein teures Konzertticket bekommen, weil er mit einem Freund feiern will.;Judith hat einmal ein teures Konzertticket bekommen.;joeddav/xlm-roberta-large-xnli;entailment;0;0.0004752741369884461;0.00024004738952498883;0.9992846846580505
9_aii_bi2_twice_pos;Vor einem Jahr hat Timo für Judith ein teures Konzertticket bestellt.;Vor vier Wochen hat Judith wieder ein teures Konzertticket bekommen, weil er mit einem Freund feiern will.;Judith hat mindestens zweimal ein teures Konzertticket bekommen.;entailment;9;aii;bi;2;positive;twice;False;;;Vor einem Jahr hat Timo für Judith ein teures Konzertticket bestellt. Vor vier Wochen hat Judith wieder ein teures Konzertticket bekommen, weil er mit einem Freund feiern will.;Judith hat mindestens zweimal ein teures Konzertticket bekommen.;joeddav/xlm-roberta-large-xnli;entailment;1;0.00040500005707144737;0.000294534518616274;0.999300479888916
9_aii_bi2_cannot_say_pos;Vor einem Jahr hat Timo für Judith ein teures Konzertticket bestellt.;Vor vier Wochen hat Judith wieder ein teures Konzertticket bekommen, weil er mit einem Freund feiern will.;Es lässt sich nicht sagen, wie oft Judith ein teures Konzertticket bekommen hat.;unknown;9;aii;bi;2;positive;cannot say;False;;;Vor einem Jahr hat Timo für Judith ein teures Konzertticket bestellt. Vor vier Wochen hat Judith wieder ein teures Konzertticket bekommen, weil er mit einem Freund feiern will.;Es lässt sich nicht sagen, wie oft Judith ein teures Konzertticket bekommen hat.;joeddav/xlm-roberta-large-xnli;neutral;1;0.03402005136013031;0.7714766263961792;0.1945032924413681
9_aii_bii1_once_pos;Vor einem Jahr hat Timo für Judith ein teures Konzertticket bestellt.;Vor vier Wochen hat Timo wieder ein teures Konzertticket erworben, weil sie mit einem Freund feiern will.;Timo hat einmal ein teures Konzertticket erworben.;unknown;9;aii;bii;1;positive;once;False;;;Vor einem Jahr hat Timo für Judith ein teures Konzertticket bestellt. Vor vier Wochen hat Timo wieder ein teures Konzertticket erworben, weil sie mit einem Freund feiern will.;Timo hat einmal ein teures Konzertticket erworben.;joeddav/xlm-roberta-large-xnli;entailment;0;0.0005593509995378554;0.00024536740966141224;0.9991952776908875
9_aii_bii1_twice_pos;Vor einem Jahr hat Timo für Judith ein teures Konzertticket bestellt.;Vor vier Wochen hat Timo wieder ein teures Konzertticket erworben, weil sie mit einem Freund feiern will.;Timo hat mindestens zweimal ein teures Konzertticket erworben.;entailment;9;aii;bii;1;positive;twice;False;;;Vor einem Jahr hat Timo für Judith ein teures Konzertticket bestellt. Vor vier Wochen hat Timo wieder ein teures Konzertticket erworben, weil sie mit einem Freund feiern will.;Timo hat mindestens zweimal ein teures Konzertticket erworben.;joeddav/xlm-roberta-large-xnli;entailment;1;0.00029781542252749205;0.0002141815348295495;0.9994879961013794
9_aii_bii1_cannot_say_pos;Vor einem Jahr hat Timo für Judith ein teures Konzertticket bestellt.;Vor vier Wochen hat Timo wieder ein teures Konzertticket erworben, weil sie mit einem Freund feiern will.;Es lässt sich nicht sagen, wie oft Timo ein teures Konzertticket erworben hat.;unknown;9;aii;bii;1;positive;cannot say;False;;;Vor einem Jahr hat Timo für Judith ein teures Konzertticket bestellt. Vor vier Wochen hat Timo wieder ein teures Konzertticket erworben, weil sie mit einem Freund feiern will.;Es lässt sich nicht sagen, wie oft Timo ein teures Konzertticket erworben hat.;joeddav/xlm-roberta-large-xnli;neutral;1;0.24822968244552612;0.5707644820213318;0.1810058057308197
9_aii_bii2_once_neu;Vor einem Jahr hat Timo für Judith ein teures Konzertticket bestellt.;Vor vier Wochen hat Judith wieder ein teures Konzertticket erworben, weil er mit einem Freund feiern will.;Judith hat einmal ein teures Konzertticket erworben.;entailment;9;aii;bii;2;neutral;once;False;;;Vor einem Jahr hat Timo für Judith ein teures Konzertticket bestellt. Vor vier Wochen hat Judith wieder ein teures Konzertticket erworben, weil er mit einem Freund feiern will.;Judith hat einmal ein teures Konzertticket erworben.;joeddav/xlm-roberta-large-xnli;entailment;1;0.000531154393684119;0.00023348016839008778;0.9992353916168213
9_aii_bii2_twice_neu;Vor einem Jahr hat Timo für Judith ein teures Konzertticket bestellt.;Vor vier Wochen hat Judith wieder ein teures Konzertticket erworben, weil er mit einem Freund feiern will.;Judith hat mindestens zweimal ein teures Konzertticket erworben.;unknown;9;aii;bii;2;neutral;twice;False;;;Vor einem Jahr hat Timo für Judith ein teures Konzertticket bestellt. Vor vier Wochen hat Judith wieder ein teures Konzertticket erworben, weil er mit einem Freund feiern will.;Judith hat mindestens zweimal ein teures Konzertticket erworben.;joeddav/xlm-roberta-large-xnli;entailment;0;0.00038963023689575493;0.0002497778332326561;0.9993606209754944
9_aii_bii2_cannot_say_neu;Vor einem Jahr hat Timo für Judith ein teures Konzertticket bestellt.;Vor vier Wochen hat Judith wieder ein teures Konzertticket erworben, weil er mit einem Freund feiern will.;Es lässt sich nicht sagen, wie oft Judith ein teures Konzertticket erworben hat.;unknown;9;aii;bii;2;neutral;cannot say;False;;;Vor einem Jahr hat Timo für Judith ein teures Konzertticket bestellt. Vor vier Wochen hat Judith wieder ein teures Konzertticket erworben, weil er mit einem Freund feiern will.;Es lässt sich nicht sagen, wie oft Judith ein teures Konzertticket erworben hat.;joeddav/xlm-roberta-large-xnli;contradiction;0;0.40724897384643555;0.3062542974948883;0.28649675846099854
10_ai_bi1_once_pos;Letztes Semester hat Greta Judith einen kleinen Spickzettel zukommen lassen.;Vor fünf Tagen hat Judith wieder einen kleinen Spickzettel erhalten, als sie an einer Klausur teilgenommen hat.;Judith hat einmal einen kleinen Spickzettel erhalten.;unknown;10;ai;bi;1;positive;once;False;;;Letztes Semester hat Greta Judith einen kleinen Spickzettel zukommen lassen. Vor fünf Tagen hat Judith wieder einen kleinen Spickzettel erhalten, als sie an einer Klausur teilgenommen hat.;Judith hat einmal einen kleinen Spickzettel erhalten.;joeddav/xlm-roberta-large-xnli;entailment;0;0.0011537319514900446;0.00036958541022613645;0.9984766840934753
10_ai_bi1_twice_pos;Letztes Semester hat Greta Judith einen kleinen Spickzettel zukommen lassen.;Vor fünf Tagen hat Judith wieder einen kleinen Spickzettel erhalten, als sie an einer Klausur teilgenommen hat.;Judith hat mindestens zweimal einen kleinen Spickzettel erhalten.;entailment;10;ai;bi;1;positive;twice;False;;;Letztes Semester hat Greta Judith einen kleinen Spickzettel zukommen lassen. Vor fünf Tagen hat Judith wieder einen kleinen Spickzettel erhalten, als sie an einer Klausur teilgenommen hat.;Judith hat mindestens zweimal einen kleinen Spickzettel erhalten.;joeddav/xlm-roberta-large-xnli;entailment;1;0.00030474195955321193;0.0004508940619416535;0.9992443323135376
10_ai_bi1_cannot_say_pos;Letztes Semester hat Greta Judith einen kleinen Spickzettel zukommen lassen.;Vor fünf Tagen hat Judith wieder einen kleinen Spickzettel erhalten, als sie an einer Klausur teilgenommen hat.;Es lässt sich nicht sagen, wie oft Judith einen kleinen Spickzettel erhalten hat.;unknown;10;ai;bi;1;positive;cannot say;False;;;Letztes Semester hat Greta Judith einen kleinen Spickzettel zukommen lassen. Vor fünf Tagen hat Judith wieder einen kleinen Spickzettel erhalten, als sie an einer Klausur teilgenommen hat.;Es lässt sich nicht sagen, wie oft Judith einen kleinen Spickzettel erhalten hat.;joeddav/xlm-roberta-large-xnli;neutral;1;0.002098185010254383;0.9426066279411316;0.05529508739709854
10_ai_bi2_once_neu;Letztes Semester hat Greta Judith einen kleinen Spickzettel zukommen lassen.;Vor fünf Tagen hat Greta wieder einen kleinen Spickzettel erhalten, als sie an einer Klausur teilgenommen hat.;Greta hat einmal einen kleinen Spickzettel erhalten.;entailment;10;ai;bi;2;neutral;once;False;;;Letztes Semester hat Greta Judith einen kleinen Spickzettel zukommen lassen. Vor fünf Tagen hat Greta wieder einen kleinen Spickzettel erhalten, als sie an einer Klausur teilgenommen hat.;Greta hat einmal einen kleinen Spickzettel erhalten.;joeddav/xlm-roberta-large-xnli;entailment;1;0.0011654638219624758;0.0003786518645938486;0.9984558820724487
10_ai_bi2_twice_neu;Letztes Semester hat Greta Judith einen kleinen Spickzettel zukommen lassen.;Vor fünf Tagen hat Greta wieder einen kleinen Spickzettel erhalten, als sie an einer Klausur teilgenommen hat.;Greta hat mindestens zweimal einen kleinen Spickzettel erhalten.;unknown;10;ai;bi;2;neutral;twice;False;;;Letztes Semester hat Greta Judith einen kleinen Spickzettel zukommen lassen. Vor fünf Tagen hat Greta wieder einen kleinen Spickzettel erhalten, als sie an einer Klausur teilgenommen hat.;Greta hat mindestens zweimal einen kleinen Spickzettel erhalten.;joeddav/xlm-roberta-large-xnli;entailment;0;0.000311471289023757;0.00046626312541775405;0.9992222785949707
10_ai_bi2_cannot_say_neu;Letztes Semester hat Greta Judith einen kleinen Spickzettel zukommen lassen.;Vor fünf Tagen hat Greta wieder einen kleinen Spickzettel erhalten, als sie an einer Klausur teilgenommen hat.;Es lässt sich nicht sagen, wie oft Greta einen kleinen Spickzettel erhalten hat.;unknown;10;ai;bi;2;neutral;cannot say;False;;;Letztes Semester hat Greta Judith einen kleinen Spickzettel zukommen lassen. Vor fünf Tagen hat Greta wieder einen kleinen Spickzettel erhalten, als sie an einer Klausur teilgenommen hat.;Es lässt sich nicht sagen, wie oft Greta einen kleinen Spickzettel erhalten hat.;joeddav/xlm-roberta-large-xnli;neutral;1;0.00376196694560349;0.9148714542388916;0.08136666566133499
10_ai_bii1_once_neu;Letztes Semester hat Greta Judith einen kleinen Spickzettel zukommen lassen.;Vor fünf Tagen hat Judith wieder einen kleinen Spickzettel weitergegeben, als sie an einer Klausur teilgenommen hat.;Judith hat einmal einen kleinen Spickzettel weitergegeben.;entailment;10;ai;bii;1;neutral;once;False;;;Letztes Semester hat Greta Judith einen kleinen Spickzettel zukommen lassen. Vor fünf Tagen hat Judith wieder einen kleinen Spickzettel weitergegeben, als sie an einer Klausur teilgenommen hat.;Judith hat einmal einen kleinen Spickzettel weitergegeben.;joeddav/xlm-roberta-large-xnli;entailment;1;0.0017893898766487837;0.0006333646015264094;0.9975772500038147
10_ai_bii1_twice_neu;Letztes Semester hat Greta Judith einen kleinen Spickzettel zukommen lassen.;Vor fünf Tagen hat Judith wieder einen kleinen Spickzettel weitergegeben, als sie an einer Klausur teilgenommen hat.;Judith hat mindestens zweimal einen kleinen Spickzettel weitergegeben.;unknown;10;ai;bii;1;neutral;twice;False;;;Letztes Semester hat Greta Judith einen kleinen Spickzettel zukommen lassen. Vor fünf Tagen hat Judith wieder einen kleinen Spickzettel weitergegeben, als sie an einer Klausur teilgenommen hat.;Judith hat mindestens zweimal einen kleinen Spickzettel weitergegeben.;joeddav/xlm-roberta-large-xnli;entailment;0;0.0003353107604198158;0.00047856822493486106;0.999186098575592
10_ai_bii1_cannot_say_neu;Letztes Semester hat Greta Judith einen kleinen Spickzettel zukommen lassen.;Vor fünf Tagen hat Judith wieder einen kleinen Spickzettel weitergegeben, als sie an einer Klausur teilgenommen hat.;Es lässt sich nicht sagen, wie oft Judith einen kleinen Spickzettel weitergegeben hat.;unknown;10;ai;bii;1;neutral;cannot say;False;;;Letztes Semester hat Greta Judith einen kleinen Spickzettel zukommen lassen. Vor fünf Tagen hat Judith wieder einen kleinen Spickzettel weitergegeben, als sie an einer Klausur teilgenommen hat.;Es lässt sich nicht sagen, wie oft Judith einen kleinen Spickzettel weitergegeben hat.;joeddav/xlm-roberta-large-xnli;neutral;1;0.012321026995778084;0.7515223026275635;0.2361566573381424
10_ai_bii2_once_pos;Letztes Semester hat Greta Judith einen kleinen Spickzettel zukommen lassen.;Vor fünf Tagen hat Greta wieder einen kleinen Spickzettel weitergegeben, als sie an einer Klausur teilgenommen hat.;Greta hat einmal einen kleinen Spickzettel weitergegeben.;unknown;10;ai;bii;2;positive;once;False;;;Letztes Semester hat Greta Judith einen kleinen Spickzettel zukommen lassen. Vor fünf Tagen hat Greta wieder einen kleinen Spickzettel weitergegeben, als sie an einer Klausur teilgenommen hat.;Greta hat einmal einen kleinen Spickzettel weitergegeben.;joeddav/xlm-roberta-large-xnli;entailment;0;0.0020605993922799826;0.0006281980313360691;0.9973112344741821
10_ai_bii2_twice_pos;Letztes Semester hat Greta Judith einen kleinen Spickzettel zukommen lassen.;Vor fünf Tagen hat Greta wieder einen kleinen Spickzettel weitergegeben, als sie an einer Klausur teilgenommen hat.;Greta hat mindestens zweimal einen kleinen Spickzettel weitergegeben.;entailment;10;ai;bii;2;positive;twice;False;;;Letztes Semester hat Greta Judith einen kleinen Spickzettel zukommen lassen. Vor fünf Tagen hat Greta wieder einen kleinen Spickzettel weitergegeben, als sie an einer Klausur teilgenommen hat.;Greta hat mindestens zweimal einen kleinen Spickzettel weitergegeben.;joeddav/xlm-roberta-large-xnli;entailment;1;0.00032879607169888914;0.00042617760482244194;0.9992450475692749
10_ai_bii2_cannot_say_pos;Letztes Semester hat Greta Judith einen kleinen Spickzettel zukommen lassen.;Vor fünf Tagen hat Greta wieder einen kleinen Spickzettel weitergegeben, als sie an einer Klausur teilgenommen hat.;Es lässt sich nicht sagen, wie oft Greta einen kleinen Spickzettel weitergegeben hat.;unknown;10;ai;bii;2;positive;cannot say;False;;;Letztes Semester hat Greta Judith einen kleinen Spickzettel zukommen lassen. Vor fünf Tagen hat Greta wieder einen kleinen Spickzettel weitergegeben, als sie an einer Klausur teilgenommen hat.;Es lässt sich nicht sagen, wie oft Greta einen kleinen Spickzettel weitergegeben hat.;joeddav/xlm-roberta-large-xnli;neutral;1;0.02675740420818329;0.5240429639816284;0.4491995871067047
10_aii_bi1_once_neu;Letztes Semester hat Judith Greta einen kleinen Spickzettel zukommen lassen.;Vor fünf Tagen hat Judith wieder einen kleinen Spickzettel erhalten, als sie an einer Klausur teilgenommen hat.;Judith hat einmal einen kleinen Spickzettel erhalten.;entailment;10;aii;bi;1;neutral;once;False;;;Letztes Semester hat Judith Greta einen kleinen Spickzettel zukommen lassen. Vor fünf Tagen hat Judith wieder einen kleinen Spickzettel erhalten, als sie an einer Klausur teilgenommen hat.;Judith hat einmal einen kleinen Spickzettel erhalten.;joeddav/xlm-roberta-large-xnli;entailment;1;0.0011075426591560245;0.0003657083725556731;0.9985266923904419
10_aii_bi1_twice_neu;Letztes Semester hat Judith Greta einen kleinen Spickzettel zukommen lassen.;Vor fünf Tagen hat Judith wieder einen kleinen Spickzettel erhalten, als sie an einer Klausur teilgenommen hat.;Judith hat mindestens zweimal einen kleinen Spickzettel erhalten.;unknown;10;aii;bi;1;neutral;twice;False;;;Letztes Semester hat Judith Greta einen kleinen Spickzettel zukommen lassen. Vor fünf Tagen hat Judith wieder einen kleinen Spickzettel erhalten, als sie an einer Klausur teilgenommen hat.;Judith hat mindestens zweimal einen kleinen Spickzettel erhalten.;joeddav/xlm-roberta-large-xnli;entailment;0;0.0003093163832090795;0.0004702144069597125;0.9992204904556274
10_aii_bi1_cannot_say_neu;Letztes Semester hat Judith Greta einen kleinen Spickzettel zukommen lassen.;Vor fünf Tagen hat Judith wieder einen kleinen Spickzettel erhalten, als sie an einer Klausur teilgenommen hat.;Es lässt sich nicht sagen, wie oft Judith einen kleinen Spickzettel erhalten hat.;unknown;10;aii;bi;1;neutral;cannot say;False;;;Letztes Semester hat Judith Greta einen kleinen Spickzettel zukommen lassen. Vor fünf Tagen hat Judith wieder einen kleinen Spickzettel erhalten, als sie an einer Klausur teilgenommen hat.;Es lässt sich nicht sagen, wie oft Judith einen kleinen Spickzettel erhalten hat.;joeddav/xlm-roberta-large-xnli;neutral;1;0.0026312333066016436;0.938965916633606;0.058402832597494125
10_aii_bi2_once_pos;Letztes Semester hat Judith Greta einen kleinen Spickzettel zukommen lassen.;Vor fünf Tagen hat Greta wieder einen kleinen Spickzettel erhalten, als sie an einer Klausur teilgenommen hat.;Greta hat einmal einen kleinen Spickzettel erhalten.;unknown;10;aii;bi;2;positive;once;False;;;Letztes Semester hat Judith Greta einen kleinen Spickzettel zukommen lassen. Vor fünf Tagen hat Greta wieder einen kleinen Spickzettel erhalten, als sie an einer Klausur teilgenommen hat.;Greta hat einmal einen kleinen Spickzettel erhalten.;joeddav/xlm-roberta-large-xnli;entailment;0;0.0011715901782736182;0.00036829663440585136;0.9984601736068726
10_aii_bi2_twice_pos;Letztes Semester hat Judith Greta einen kleinen Spickzettel zukommen lassen.;Vor fünf Tagen hat Greta wieder einen kleinen Spickzettel erhalten, als sie an einer Klausur teilgenommen hat.;Greta hat mindestens zweimal einen kleinen Spickzettel erhalten.;entailment;10;aii;bi;2;positive;twice;False;;;Letztes Semester hat Judith Greta einen kleinen Spickzettel zukommen lassen. Vor fünf Tagen hat Greta wieder einen kleinen Spickzettel erhalten, als sie an einer Klausur teilgenommen hat.;Greta hat mindestens zweimal einen kleinen Spickzettel erhalten.;joeddav/xlm-roberta-large-xnli;entailment;1;0.0003110308898612857;0.0004550372250378132;0.9992339611053467
10_aii_bi2_cannot_say_pos;Letztes Semester hat Judith Greta einen kleinen Spickzettel zukommen lassen.;Vor fünf Tagen hat Greta wieder einen kleinen Spickzettel erhalten, als sie an einer Klausur teilgenommen hat.;Es lässt sich nicht sagen, wie oft Greta einen kleinen Spickzettel erhalten hat.;unknown;10;aii;bi;2;positive;cannot say;False;;;Letztes Semester hat Judith Greta einen kleinen Spickzettel zukommen lassen. Vor fünf Tagen hat Greta wieder einen kleinen Spickzettel erhalten, als sie an einer Klausur teilgenommen hat.;Es lässt sich nicht sagen, wie oft Greta einen kleinen Spickzettel erhalten hat.;joeddav/xlm-roberta-large-xnli;neutral;1;0.0029498725198209286;0.9175857305526733;0.0794643759727478
10_aii_bii1_once_pos;Letztes Semester hat Judith Greta einen kleinen Spickzettel zukommen lassen.;Vor fünf Tagen hat Judith wieder einen kleinen Spickzettel weitergegeben, als sie an einer Klausur teilgenommen hat.;Judith hat einmal einen kleinen Spickzettel weitergegeben.;unknown;10;aii;bii;1;positive;once;False;;;Letztes Semester hat Judith Greta einen kleinen Spickzettel zukommen lassen. Vor fünf Tagen hat Judith wieder einen kleinen Spickzettel weitergegeben, als sie an einer Klausur teilgenommen hat.;Judith hat einmal einen kleinen Spickzettel weitergegeben.;joeddav/xlm-roberta-large-xnli;entailment;0;0.0019082428188994527;0.0006372652132995427;0.9974544644355774
10_aii_bii1_twice_pos;Letztes Semester hat Judith Greta einen kleinen Spickzettel zukommen lassen.;Vor fünf Tagen hat Judith wieder einen kleinen Spickzettel weitergegeben, als sie an einer Klausur teilgenommen hat.;Judith hat mindestens zweimal einen kleinen Spickzettel weitergegeben.;entailment;10;aii;bii;1;positive;twice;False;;;Letztes Semester hat Judith Greta einen kleinen Spickzettel zukommen lassen. Vor fünf Tagen hat Judith wieder einen kleinen Spickzettel weitergegeben, als sie an einer Klausur teilgenommen hat.;Judith hat mindestens zweimal einen kleinen Spickzettel weitergegeben.;joeddav/xlm-roberta-large-xnli;entailment;1;0.00033195855212397873;0.00045401277020573616;0.9992140531539917
10_aii_bii1_cannot_say_pos;Letztes Semester hat Judith Greta einen kleinen Spickzettel zukommen lassen.;Vor fünf Tagen hat Judith wieder einen kleinen Spickzettel weitergegeben, als sie an einer Klausur teilgenommen hat.;Es lässt sich nicht sagen, wie oft Judith einen kleinen Spickzettel weitergegeben hat.;unknown;10;aii;bii;1;positive;cannot say;False;;;Letztes Semester hat Judith Greta einen kleinen Spickzettel zukommen lassen. Vor fünf Tagen hat Judith wieder einen kleinen Spickzettel weitergegeben, als sie an einer Klausur teilgenommen hat.;Es lässt sich nicht sagen, wie oft Judith einen kleinen Spickzettel weitergegeben hat.;joeddav/xlm-roberta-large-xnli;neutral;1;0.01926446333527565;0.6796529293060303;0.30108264088630676
10_aii_bii2_once_neu;Letztes Semester hat Judith Greta einen kleinen Spickzettel zukommen lassen.;Vor fünf Tagen hat Greta wieder einen kleinen Spickzettel weitergegeben, als sie an einer Klausur teilgenommen hat.;Greta hat einmal einen kleinen Spickzettel weitergegeben.;entailment;10;aii;bii;2;neutral;once;False;;;Letztes Semester hat Judith Greta einen kleinen Spickzettel zukommen lassen. Vor fünf Tagen hat Greta wieder einen kleinen Spickzettel weitergegeben, als sie an einer Klausur teilgenommen hat.;Greta hat einmal einen kleinen Spickzettel weitergegeben.;joeddav/xlm-roberta-large-xnli;entailment;1;0.0019560835789889097;0.0006386275636032224;0.9974052309989929
10_aii_bii2_twice_neu;Letztes Semester hat Judith Greta einen kleinen Spickzettel zukommen lassen.;Vor fünf Tagen hat Greta wieder einen kleinen Spickzettel weitergegeben, als sie an einer Klausur teilgenommen hat.;Greta hat mindestens zweimal einen kleinen Spickzettel weitergegeben.;unknown;10;aii;bii;2;neutral;twice;False;;;Letztes Semester hat Judith Greta einen kleinen Spickzettel zukommen lassen. Vor fünf Tagen hat Greta wieder einen kleinen Spickzettel weitergegeben, als sie an einer Klausur teilgenommen hat.;Greta hat mindestens zweimal einen kleinen Spickzettel weitergegeben.;joeddav/xlm-roberta-large-xnli;entailment;0;0.0003396774991415441;0.00045666861115023494;0.999203622341156
10_aii_bii2_cannot_say_neu;Letztes Semester hat Judith Greta einen kleinen Spickzettel zukommen lassen.;Vor fünf Tagen hat Greta wieder einen kleinen Spickzettel weitergegeben, als sie an einer Klausur teilgenommen hat.;Es lässt sich nicht sagen, wie oft Greta einen kleinen Spickzettel weitergegeben hat.;unknown;10;aii;bii;2;neutral;cannot say;False;;;Letztes Semester hat Judith Greta einen kleinen Spickzettel zukommen lassen. Vor fünf Tagen hat Greta wieder einen kleinen Spickzettel weitergegeben, als sie an einer Klausur teilgenommen hat.;Es lässt sich nicht sagen, wie oft Greta einen kleinen Spickzettel weitergegeben hat.;joeddav/xlm-roberta-large-xnli;neutral;1;0.01925693079829216;0.5682520866394043;0.4124910235404968
11_ai_bi1_once_pos;Vor zwei Monaten hat Thorsten Linda ein interessantes Jobangebot offeriert.;Vor zwei Tagen hat Linda wieder ein interessantes Jobangebot bekommen, als sie auf einer Jobbörse zugegen war.;Linda hat einmal ein interessantes Jobangebot bekommen.;unknown;11;ai;bi;1;positive;once;False;;;Vor zwei Monaten hat Thorsten Linda ein interessantes Jobangebot offeriert. Vor zwei Tagen hat Linda wieder ein interessantes Jobangebot bekommen, als sie auf einer Jobbörse zugegen war.;Linda hat einmal ein interessantes Jobangebot bekommen.;joeddav/xlm-roberta-large-xnli;entailment;0;0.0009670822764746845;0.0003337776870466769;0.9986990690231323
11_ai_bi1_twice_pos;Vor zwei Monaten hat Thorsten Linda ein interessantes Jobangebot offeriert.;Vor zwei Tagen hat Linda wieder ein interessantes Jobangebot bekommen, als sie auf einer Jobbörse zugegen war.;Linda hat mindestens zweimal ein interessantes Jobangebot bekommen.;entailment;11;ai;bi;1;positive;twice;False;;;Vor zwei Monaten hat Thorsten Linda ein interessantes Jobangebot offeriert. Vor zwei Tagen hat Linda wieder ein interessantes Jobangebot bekommen, als sie auf einer Jobbörse zugegen war.;Linda hat mindestens zweimal ein interessantes Jobangebot bekommen.;joeddav/xlm-roberta-large-xnli;entailment;1;0.0003072520194109529;0.0002831977035384625;0.999409556388855
11_ai_bi1_cannot_say_pos;Vor zwei Monaten hat Thorsten Linda ein interessantes Jobangebot offeriert.;Vor zwei Tagen hat Linda wieder ein interessantes Jobangebot bekommen, als sie auf einer Jobbörse zugegen war.;Es lässt sich nicht sagen, wie oft Linda ein interessantes Jobangebot bekommen hat.;unknown;11;ai;bi;1;positive;cannot say;False;;;Vor zwei Monaten hat Thorsten Linda ein interessantes Jobangebot offeriert. Vor zwei Tagen hat Linda wieder ein interessantes Jobangebot bekommen, als sie auf einer Jobbörse zugegen war.;Es lässt sich nicht sagen, wie oft Linda ein interessantes Jobangebot bekommen hat.;joeddav/xlm-roberta-large-xnli;entailment;0;0.026582833379507065;0.051851190626621246;0.9215660095214844
11_ai_bi2_once_neu;Vor zwei Monaten hat Thorsten Linda ein interessantes Jobangebot offeriert.;Vor zwei Tagen hat Thorsten wieder ein interessantes Jobangebot bekommen, als er auf einer Jobbörse zugegen war.;Thorsten hat einmal ein interessantes Jobangebot bekommen.;entailment;11;ai;bi;2;neutral;once;False;;;Vor zwei Monaten hat Thorsten Linda ein interessantes Jobangebot offeriert. Vor zwei Tagen hat Thorsten wieder ein interessantes Jobangebot bekommen, als er auf einer Jobbörse zugegen war.;Thorsten hat einmal ein interessantes Jobangebot bekommen.;joeddav/xlm-roberta-large-xnli;entailment;1;0.000955168332438916;0.00031160700018517673;0.9987332224845886
11_ai_bi2_twice_neu;Vor zwei Monaten hat Thorsten Linda ein interessantes Jobangebot offeriert.;Vor zwei Tagen hat Thorsten wieder ein interessantes Jobangebot bekommen, als er auf einer Jobbörse zugegen war.;Thorsten hat mindestens zweimal ein interessantes Jobangebot bekommen.;unknown;11;ai;bi;2;neutral;twice;False;;;Vor zwei Monaten hat Thorsten Linda ein interessantes Jobangebot offeriert. Vor zwei Tagen hat Thorsten wieder ein interessantes Jobangebot bekommen, als er auf einer Jobbörse zugegen war.;Thorsten hat mindestens zweimal ein interessantes Jobangebot bekommen.;joeddav/xlm-roberta-large-xnli;entailment;0;0.00027382088592275977;0.0002507154131308198;0.9994755387306213
11_ai_bi2_cannot_say_neu;Vor zwei Monaten hat Thorsten Linda ein interessantes Jobangebot offeriert.;Vor zwei Tagen hat Thorsten wieder ein interessantes Jobangebot bekommen, als er auf einer Jobbörse zugegen war.;Es lässt sich nicht sagen, wie oft Thorsten ein interessantes Jobangebot bekommen hat.;unknown;11;ai;bi;2;neutral;cannot say;False;;;Vor zwei Monaten hat Thorsten Linda ein interessantes Jobangebot offeriert. Vor zwei Tagen hat Thorsten wieder ein interessantes Jobangebot bekommen, als er auf einer Jobbörse zugegen war.;Es lässt sich nicht sagen, wie oft Thorsten ein interessantes Jobangebot bekommen hat.;joeddav/xlm-roberta-large-xnli;entailment;0;0.021913010627031326;0.055594783276319504;0.9224922060966492
11_ai_bii1_once_neu;Vor zwei Monaten hat Thorsten Linda ein interessantes Jobangebot offeriert.;Vor zwei Tagen hat Linda wieder ein interessantes Jobangebot gemacht, als sie auf einer Jobbörse zugegen war.;Linda hat einmal ein interessantes Jobangebot gemacht.;entailment;11;ai;bii;1;neutral;once;False;;;Vor zwei Monaten hat Thorsten Linda ein interessantes Jobangebot offeriert. Vor zwei Tagen hat Linda wieder ein interessantes Jobangebot gemacht, als sie auf einer Jobbörse zugegen war.;Linda hat einmal ein interessantes Jobangebot gemacht.;joeddav/xlm-roberta-large-xnli;entailment;1;0.0013006428489461541;0.00046318102977238595;0.9982361793518066
11_ai_bii1_twice_neu;Vor zwei Monaten hat Thorsten Linda ein interessantes Jobangebot offeriert.;Vor zwei Tagen hat Linda wieder ein interessantes Jobangebot gemacht, als sie auf einer Jobbörse zugegen war.;Linda hat mindestens zweimal ein interessantes Jobangebot gemacht.;unknown;11;ai;bii;1;neutral;twice;False;;;Vor zwei Monaten hat Thorsten Linda ein interessantes Jobangebot offeriert. Vor zwei Tagen hat Linda wieder ein interessantes Jobangebot gemacht, als sie auf einer Jobbörse zugegen war.;Linda hat mindestens zweimal ein interessantes Jobangebot gemacht.;joeddav/xlm-roberta-large-xnli;entailment;0;0.0003407882759347558;0.0003246928390581161;0.9993345141410828
11_ai_bii1_cannot_say_neu;Vor zwei Monaten hat Thorsten Linda ein interessantes Jobangebot offeriert.;Vor zwei Tagen hat Linda wieder ein interessantes Jobangebot gemacht, als sie auf einer Jobbörse zugegen war.;Es lässt sich nicht sagen, wie oft Linda ein interessantes Jobangebot gemacht hat.;unknown;11;ai;bii;1;neutral;cannot say;False;;;Vor zwei Monaten hat Thorsten Linda ein interessantes Jobangebot offeriert. Vor zwei Tagen hat Linda wieder ein interessantes Jobangebot gemacht, als sie auf einer Jobbörse zugegen war.;Es lässt sich nicht sagen, wie oft Linda ein interessantes Jobangebot gemacht hat.;joeddav/xlm-roberta-large-xnli;entailment;0;0.13143834471702576;0.11328912526369095;0.7552725076675415
11_ai_bii2_once_pos;Vor zwei Monaten hat Thorsten Linda ein interessantes Jobangebot offeriert.;Vor zwei Tagen hat Thorsten wieder ein interessantes Jobangebot gemacht, als er auf einer Jobbörse zugegen war.;Thorsten hat einmal ein interessantes Jobangebot gemacht.;unknown;11;ai;bii;2;positive;once;False;;;Vor zwei Monaten hat Thorsten Linda ein interessantes Jobangebot offeriert. Vor zwei Tagen hat Thorsten wieder ein interessantes Jobangebot gemacht, als er auf einer Jobbörse zugegen war.;Thorsten hat einmal ein interessantes Jobangebot gemacht.;joeddav/xlm-roberta-large-xnli;entailment;0;0.001364941825158894;0.00044826415251009166;0.9981867671012878
11_ai_bii2_twice_pos;Vor zwei Monaten hat Thorsten Linda ein interessantes Jobangebot offeriert.;Vor zwei Tagen hat Thorsten wieder ein interessantes Jobangebot gemacht, als er auf einer Jobbörse zugegen war.;Thorsten hat mindestens zweimal ein interessantes Jobangebot gemacht.;entailment;11;ai;bii;2;positive;twice;False;;;Vor zwei Monaten hat Thorsten Linda ein interessantes Jobangebot offeriert. Vor zwei Tagen hat Thorsten wieder ein interessantes Jobangebot gemacht, als er auf einer Jobbörse zugegen war.;Thorsten hat mindestens zweimal ein interessantes Jobangebot gemacht.;joeddav/xlm-roberta-large-xnli;entailment;1;0.00031743099680170417;0.0002946181921288371;0.9993879795074463
11_ai_bii2_cannot_say_pos;Vor zwei Monaten hat Thorsten Linda ein interessantes Jobangebot offeriert.;Vor zwei Tagen hat Thorsten wieder ein interessantes Jobangebot gemacht, als er auf einer Jobbörse zugegen war.;Es lässt sich nicht sagen, wie oft Thorsten ein interessantes Jobangebot gemacht hat.;unknown;11;ai;bii;2;positive;cannot say;False;;;Vor zwei Monaten hat Thorsten Linda ein interessantes Jobangebot offeriert. Vor zwei Tagen hat Thorsten wieder ein interessantes Jobangebot gemacht, als er auf einer Jobbörse zugegen war.;Es lässt sich nicht sagen, wie oft Thorsten ein interessantes Jobangebot gemacht hat.;joeddav/xlm-roberta-large-xnli;entailment;0;0.09118940681219101;0.11235317587852478;0.7964574098587036
11_aii_bi1_once_neu;Vor zwei Monaten hat Linda Thorsten ein interessantes Jobangebot offeriert.;Vor zwei Tagen hat Linda wieder ein interessantes Jobangebot bekommen, als sie auf einer Jobbörse zugegen war.;Linda hat einmal ein interessantes Jobangebot bekommen.;entailment;11;aii;bi;1;neutral;once;False;;;Vor zwei Monaten hat Linda Thorsten ein interessantes Jobangebot offeriert. Vor zwei Tagen hat Linda wieder ein interessantes Jobangebot bekommen, als sie auf einer Jobbörse zugegen war.;Linda hat einmal ein interessantes Jobangebot bekommen.;joeddav/xlm-roberta-large-xnli;entailment;1;0.0011060502147302032;0.00036802911199629307;0.9985259175300598
11_aii_bi1_twice_neu;Vor zwei Monaten hat Linda Thorsten ein interessantes Jobangebot offeriert.;Vor zwei Tagen hat Linda wieder ein interessantes Jobangebot bekommen, als sie auf einer Jobbörse zugegen war.;Linda hat mindestens zweimal ein interessantes Jobangebot bekommen.;unknown;11;aii;bi;1;neutral;twice;False;;;Vor zwei Monaten hat Linda Thorsten ein interessantes Jobangebot offeriert. Vor zwei Tagen hat Linda wieder ein interessantes Jobangebot bekommen, als sie auf einer Jobbörse zugegen war.;Linda hat mindestens zweimal ein interessantes Jobangebot bekommen.;joeddav/xlm-roberta-large-xnli;entailment;0;0.00030348653672263026;0.0002869250893127173;0.999409556388855
11_aii_bi1_cannot_say_neu;Vor zwei Monaten hat Linda Thorsten ein interessantes Jobangebot offeriert.;Vor zwei Tagen hat Linda wieder ein interessantes Jobangebot bekommen, als sie auf einer Jobbörse zugegen war.;Es lässt sich nicht sagen, wie oft Linda ein interessantes Jobangebot bekommen hat.;unknown;11;aii;bi;1;neutral;cannot say;False;;;Vor zwei Monaten hat Linda Thorsten ein interessantes Jobangebot offeriert. Vor zwei Tagen hat Linda wieder ein interessantes Jobangebot bekommen, als sie auf einer Jobbörse zugegen war.;Es lässt sich nicht sagen, wie oft Linda ein interessantes Jobangebot bekommen hat.;joeddav/xlm-roberta-large-xnli;entailment;0;0.05039002001285553;0.06802628189325333;0.8815836906433105
11_aii_bi2_once_pos;Vor zwei Monaten hat Linda Thorsten ein interessantes Jobangebot offeriert.;Vor zwei Tagen hat Thorsten wieder ein interessantes Jobangebot bekommen, als er auf einer Jobbörse zugegen war.;Thorsten hat einmal ein interessantes Jobangebot bekommen.;unknown;11;aii;bi;2;positive;once;False;;;Vor zwei Monaten hat Linda Thorsten ein interessantes Jobangebot offeriert. Vor zwei Tagen hat Thorsten wieder ein interessantes Jobangebot bekommen, als er auf einer Jobbörse zugegen war.;Thorsten hat einmal ein interessantes Jobangebot bekommen.;joeddav/xlm-roberta-large-xnli;entailment;0;0.001093682600185275;0.00032560815452598035;0.9985806941986084
11_aii_bi2_twice_pos;Vor zwei Monaten hat Linda Thorsten ein interessantes Jobangebot offeriert.;Vor zwei Tagen hat Thorsten wieder ein interessantes Jobangebot bekommen, als er auf einer Jobbörse zugegen war.;Thorsten hat mindestens zweimal ein interessantes Jobangebot bekommen.;entailment;11;aii;bi;2;positive;twice;False;;;Vor zwei Monaten hat Linda Thorsten ein interessantes Jobangebot offeriert. Vor zwei Tagen hat Thorsten wieder ein interessantes Jobangebot bekommen, als er auf einer Jobbörse zugegen war.;Thorsten hat mindestens zweimal ein interessantes Jobangebot bekommen.;joeddav/xlm-roberta-large-xnli;entailment;1;0.00028483709320425987;0.00025272497441619635;0.9994624257087708
11_aii_bi2_cannot_say_pos;Vor zwei Monaten hat Linda Thorsten ein interessantes Jobangebot offeriert.;Vor zwei Tagen hat Thorsten wieder ein interessantes Jobangebot bekommen, als er auf einer Jobbörse zugegen war.;Es lässt sich nicht sagen, wie oft Thorsten ein interessantes Jobangebot bekommen hat.;unknown;11;aii;bi;2;positive;cannot say;False;;;Vor zwei Monaten hat Linda Thorsten ein interessantes Jobangebot offeriert. Vor zwei Tagen hat Thorsten wieder ein interessantes Jobangebot bekommen, als er auf einer Jobbörse zugegen war.;Es lässt sich nicht sagen, wie oft Thorsten ein interessantes Jobangebot bekommen hat.;joeddav/xlm-roberta-large-xnli;entailment;0;0.03598172962665558;0.0680372565984726;0.8959810137748718
11_aii_bii1_once_pos;Vor zwei Monaten hat Linda Thorsten ein interessantes Jobangebot offeriert.;Vor zwei Tagen hat Linda wieder ein interessantes Jobangebot gemacht, als sie auf einer Jobbörse zugegen war.;Linda hat einmal ein interessantes Jobangebot gemacht.;unknown;11;aii;bii;1;positive;once;False;;;Vor zwei Monaten hat Linda Thorsten ein interessantes Jobangebot offeriert. Vor zwei Tagen hat Linda wieder ein interessantes Jobangebot gemacht, als sie auf einer Jobbörse zugegen war.;Linda hat einmal ein interessantes Jobangebot gemacht.;joeddav/xlm-roberta-large-xnli;entailment;0;0.0014562164433300495;0.0004991909954696894;0.9980446100234985
11_aii_bii1_twice_pos;Vor zwei Monaten hat Linda Thorsten ein interessantes Jobangebot offeriert.;Vor zwei Tagen hat Linda wieder ein interessantes Jobangebot gemacht, als sie auf einer Jobbörse zugegen war.;Linda hat mindestens zweimal ein interessantes Jobangebot gemacht.;entailment;11;aii;bii;1;positive;twice;False;;;Vor zwei Monaten hat Linda Thorsten ein interessantes Jobangebot offeriert. Vor zwei Tagen hat Linda wieder ein interessantes Jobangebot gemacht, als sie auf einer Jobbörse zugegen war.;Linda hat mindestens zweimal ein interessantes Jobangebot gemacht.;joeddav/xlm-roberta-large-xnli;entailment;1;0.0003417093539610505;0.0003235229814890772;0.9993347525596619
11_aii_bii1_cannot_say_pos;Vor zwei Monaten hat Linda Thorsten ein interessantes Jobangebot offeriert.;Vor zwei Tagen hat Linda wieder ein interessantes Jobangebot gemacht, als sie auf einer Jobbörse zugegen war.;Es lässt sich nicht sagen, wie oft Linda ein interessantes Jobangebot gemacht hat.;unknown;11;aii;bii;1;positive;cannot say;False;;;Vor zwei Monaten hat Linda Thorsten ein interessantes Jobangebot offeriert. Vor zwei Tagen hat Linda wieder ein interessantes Jobangebot gemacht, als sie auf einer Jobbörse zugegen war.;Es lässt sich nicht sagen, wie oft Linda ein interessantes Jobangebot gemacht hat.;joeddav/xlm-roberta-large-xnli;entailment;0;0.21315498650074005;0.12624719738960266;0.6605978012084961
11_aii_bii2_once_neu;Vor zwei Monaten hat Linda Thorsten ein interessantes Jobangebot offeriert.;Vor zwei Tagen hat Thorsten wieder ein interessantes Jobangebot gemacht, als er auf einer Jobbörse zugegen war.;Thorsten hat einmal ein interessantes Jobangebot gemacht.;entailment;11;aii;bii;2;neutral;once;False;;;Vor zwei Monaten hat Linda Thorsten ein interessantes Jobangebot offeriert. Vor zwei Tagen hat Thorsten wieder ein interessantes Jobangebot gemacht, als er auf einer Jobbörse zugegen war.;Thorsten hat einmal ein interessantes Jobangebot gemacht.;joeddav/xlm-roberta-large-xnli;entailment;1;0.0013843020424246788;0.00045900579425506294;0.998156726360321
11_aii_bii2_twice_neu;Vor zwei Monaten hat Linda Thorsten ein interessantes Jobangebot offeriert.;Vor zwei Tagen hat Thorsten wieder ein interessantes Jobangebot gemacht, als er auf einer Jobbörse zugegen war.;Thorsten hat mindestens zweimal ein interessantes Jobangebot gemacht.;unknown;11;aii;bii;2;neutral;twice;False;;;Vor zwei Monaten hat Linda Thorsten ein interessantes Jobangebot offeriert. Vor zwei Tagen hat Thorsten wieder ein interessantes Jobangebot gemacht, als er auf einer Jobbörse zugegen war.;Thorsten hat mindestens zweimal ein interessantes Jobangebot gemacht.;joeddav/xlm-roberta-large-xnli;entailment;0;0.0003191425639670342;0.0002912423515226692;0.9993896484375
11_aii_bii2_cannot_say_neu;Vor zwei Monaten hat Linda Thorsten ein interessantes Jobangebot offeriert.;Vor zwei Tagen hat Thorsten wieder ein interessantes Jobangebot gemacht, als er auf einer Jobbörse zugegen war.;Es lässt sich nicht sagen, wie oft Thorsten ein interessantes Jobangebot gemacht hat.;unknown;11;aii;bii;2;neutral;cannot say;False;;;Vor zwei Monaten hat Linda Thorsten ein interessantes Jobangebot offeriert. Vor zwei Tagen hat Thorsten wieder ein interessantes Jobangebot gemacht, als er auf einer Jobbörse zugegen war.;Es lässt sich nicht sagen, wie oft Thorsten ein interessantes Jobangebot gemacht hat.;joeddav/xlm-roberta-large-xnli;entailment;0;0.1338266134262085;0.10258577018976212;0.7635875344276428
12_ai_bi1_once_pos;Vor drei Jahren hat Thorsten für Timo einen großen Kleiderschrank gekauft.;Vor einer Woche hat Timo wieder einen großen Kleiderschrank bekommen, weil er mit einem Freund ausgemistet hat.;Timo hat einmal einen großen Kleiderschrank bekommen.;unknown;12;ai;bi;1;positive;once;False;;;Vor drei Jahren hat Thorsten für Timo einen großen Kleiderschrank gekauft. Vor einer Woche hat Timo wieder einen großen Kleiderschrank bekommen, weil er mit einem Freund ausgemistet hat.;Timo hat einmal einen großen Kleiderschrank bekommen.;joeddav/xlm-roberta-large-xnli;entailment;0;0.0004316538979765028;0.00023219177091959864;0.9993361830711365
12_ai_bi1_twice_pos;Vor drei Jahren hat Thorsten für Timo einen großen Kleiderschrank gekauft.;Vor einer Woche hat Timo wieder einen großen Kleiderschrank bekommen, weil er mit einem Freund ausgemistet hat.;Timo hat mindestens zweimal einen großen Kleiderschrank bekommen.;entailment;12;ai;bi;1;positive;twice;False;;;Vor drei Jahren hat Thorsten für Timo einen großen Kleiderschrank gekauft. Vor einer Woche hat Timo wieder einen großen Kleiderschrank bekommen, weil er mit einem Freund ausgemistet hat.;Timo hat mindestens zweimal einen großen Kleiderschrank bekommen.;joeddav/xlm-roberta-large-xnli;entailment;1;0.0004149201849941164;0.00025750574423000216;0.999327540397644
12_ai_bi1_cannot_say_pos;Vor drei Jahren hat Thorsten für Timo einen großen Kleiderschrank gekauft.;Vor einer Woche hat Timo wieder einen großen Kleiderschrank bekommen, weil er mit einem Freund ausgemistet hat.;Es lässt sich nicht sagen, wie oft Timo einen großen Kleiderschrank bekommen hat.;unknown;12;ai;bi;1;positive;cannot say;False;;;Vor drei Jahren hat Thorsten für Timo einen großen Kleiderschrank gekauft. Vor einer Woche hat Timo wieder einen großen Kleiderschrank bekommen, weil er mit einem Freund ausgemistet hat.;Es lässt sich nicht sagen, wie oft Timo einen großen Kleiderschrank bekommen hat.;joeddav/xlm-roberta-large-xnli;entailment;0;0.004493835382163525;0.001351716578938067;0.9941545128822327
12_ai_bi2_once_neu;Vor drei Jahren hat Thorsten für Timo einen großen Kleiderschrank gekauft.;Vor einer Woche hat Thorsten wieder einen großen Kleiderschrank bekommen, weil er mit einem Freund ausgemistet hat.;Thorsten hat einmal einen großen Kleiderschrank bekommen.;entailment;12;ai;bi;2;neutral;once;False;;;Vor drei Jahren hat Thorsten für Timo einen großen Kleiderschrank gekauft. Vor einer Woche hat Thorsten wieder einen großen Kleiderschrank bekommen, weil er mit einem Freund ausgemistet hat.;Thorsten hat einmal einen großen Kleiderschrank bekommen.;joeddav/xlm-roberta-large-xnli;entailment;1;0.0004355440032668412;0.0002530263445805758;0.9993114471435547
12_ai_bi2_twice_neu;Vor drei Jahren hat Thorsten für Timo einen großen Kleiderschrank gekauft.;Vor einer Woche hat Thorsten wieder einen großen Kleiderschrank bekommen, weil er mit einem Freund ausgemistet hat.;Thorsten hat mindestens zweimal einen großen Kleiderschrank bekommen.;unknown;12;ai;bi;2;neutral;twice;False;;;Vor drei Jahren hat Thorsten für Timo einen großen Kleiderschrank gekauft. Vor einer Woche hat Thorsten wieder einen großen Kleiderschrank bekommen, weil er mit einem Freund ausgemistet hat.;Thorsten hat mindestens zweimal einen großen Kleiderschrank bekommen.;joeddav/xlm-roberta-large-xnli;entailment;0;0.00039406248833984137;0.0002993192756548524;0.9993065595626831
12_ai_bi2_cannot_say_neu;Vor drei Jahren hat Thorsten für Timo einen großen Kleiderschrank gekauft.;Vor einer Woche hat Thorsten wieder einen großen Kleiderschrank bekommen, weil er mit einem Freund ausgemistet hat.;Es lässt sich nicht sagen, wie oft Thorsten einen großen Kleiderschrank bekommen hat.;unknown;12;ai;bi;2;neutral;cannot say;False;;;Vor drei Jahren hat Thorsten für Timo einen großen Kleiderschrank gekauft. Vor einer Woche hat Thorsten wieder einen großen Kleiderschrank bekommen, weil er mit einem Freund ausgemistet hat.;Es lässt sich nicht sagen, wie oft Thorsten einen großen Kleiderschrank bekommen hat.;joeddav/xlm-roberta-large-xnli;entailment;0;0.004428038839250803;0.00205215229652822;0.9935198426246643
12_ai_bii1_once_neu;Vor drei Jahren hat Thorsten für Timo einen großen Kleiderschrank gekauft.;Vor einer Woche hat Timo wieder einen großen Kleiderschrank weggegeben, weil er mit einem Freund ausgemistet hat.;Timo hat einmal einen großen Kleiderschrank weggegeben.;entailment;12;ai;bii;1;neutral;once;False;;;Vor drei Jahren hat Thorsten für Timo einen großen Kleiderschrank gekauft. Vor einer Woche hat Timo wieder einen großen Kleiderschrank weggegeben, weil er mit einem Freund ausgemistet hat.;Timo hat einmal einen großen Kleiderschrank weggegeben.;joeddav/xlm-roberta-large-xnli;entailment;1;0.0004011295095551759;0.00021147265215404332;0.9993873834609985
12_ai_bii1_twice_neu;Vor drei Jahren hat Thorsten für Timo einen großen Kleiderschrank gekauft.;Vor einer Woche hat Timo wieder einen großen Kleiderschrank weggegeben, weil er mit einem Freund ausgemistet hat.;Timo hat mindestens zweimal einen großen Kleiderschrank weggegeben.;unknown;12;ai;bii;1;neutral;twice;False;;;Vor drei Jahren hat Thorsten für Timo einen großen Kleiderschrank gekauft. Vor einer Woche hat Timo wieder einen großen Kleiderschrank weggegeben, weil er mit einem Freund ausgemistet hat.;Timo hat mindestens zweimal einen großen Kleiderschrank weggegeben.;joeddav/xlm-roberta-large-xnli;entailment;0;0.0002687844098545611;0.00022362011077348143;0.9995075464248657
12_ai_bii1_cannot_say_neu;Vor drei Jahren hat Thorsten für Timo einen großen Kleiderschrank gekauft.;Vor einer Woche hat Timo wieder einen großen Kleiderschrank weggegeben, weil er mit einem Freund ausgemistet hat.;Es lässt sich nicht sagen, wie oft Timo einen großen Kleiderschrank weggegeben hat.;unknown;12;ai;bii;1;neutral;cannot say;False;;;Vor drei Jahren hat Thorsten für Timo einen großen Kleiderschrank gekauft. Vor einer Woche hat Timo wieder einen großen Kleiderschrank weggegeben, weil er mit einem Freund ausgemistet hat.;Es lässt sich nicht sagen, wie oft Timo einen großen Kleiderschrank weggegeben hat.;joeddav/xlm-roberta-large-xnli;entailment;0;0.006975555792450905;0.008522167801856995;0.9845022559165955
12_ai_bii2_once_pos;Vor drei Jahren hat Thorsten für Timo einen großen Kleiderschrank gekauft.;Vor einer Woche hat Thorsten wieder einen großen Kleiderschrank weggegeben, weil er mit einem Freund ausgemistet hat.;Thorsten hat einmal einen großen Kleiderschrank weggegeben.;unknown;12;ai;bii;2;positive;once;False;;;Vor drei Jahren hat Thorsten für Timo einen großen Kleiderschrank gekauft. Vor einer Woche hat Thorsten wieder einen großen Kleiderschrank weggegeben, weil er mit einem Freund ausgemistet hat.;Thorsten hat einmal einen großen Kleiderschrank weggegeben.;joeddav/xlm-roberta-large-xnli;entailment;0;0.0003512391122058034;0.00020021962700411677;0.9994484782218933
12_ai_bii2_twice_pos;Vor drei Jahren hat Thorsten für Timo einen großen Kleiderschrank gekauft.;Vor einer Woche hat Thorsten wieder einen großen Kleiderschrank weggegeben, weil er mit einem Freund ausgemistet hat.;Thorsten hat mindestens zweimal einen großen Kleiderschrank weggegeben.;entailment;12;ai;bii;2;positive;twice;False;;;Vor drei Jahren hat Thorsten für Timo einen großen Kleiderschrank gekauft. Vor einer Woche hat Thorsten wieder einen großen Kleiderschrank weggegeben, weil er mit einem Freund ausgemistet hat.;Thorsten hat mindestens zweimal einen großen Kleiderschrank weggegeben.;joeddav/xlm-roberta-large-xnli;entailment;1;0.00023009086726233363;0.00021535737323574722;0.9995545744895935
12_ai_bii2_cannot_say_pos;Vor drei Jahren hat Thorsten für Timo einen großen Kleiderschrank gekauft.;Vor einer Woche hat Thorsten wieder einen großen Kleiderschrank weggegeben, weil er mit einem Freund ausgemistet hat.;Es lässt sich nicht sagen, wie oft Thorsten einen großen Kleiderschrank weggegeben hat.;unknown;12;ai;bii;2;positive;cannot say;False;;;Vor drei Jahren hat Thorsten für Timo einen großen Kleiderschrank gekauft. Vor einer Woche hat Thorsten wieder einen großen Kleiderschrank weggegeben, weil er mit einem Freund ausgemistet hat.;Es lässt sich nicht sagen, wie oft Thorsten einen großen Kleiderschrank weggegeben hat.;joeddav/xlm-roberta-large-xnli;entailment;0;0.011847377754747868;0.020681248977780342;0.9674714207649231
12_aii_bi1_once_neu;Vor drei Jahren hat Timo für Thorsten einen großen Kleiderschrank gekauft.;Vor einer Woche hat Timo wieder einen großen Kleiderschrank bekommen, weil er mit einem Freund ausgemistet hat.;Timo hat einmal einen großen Kleiderschrank bekommen.;entailment;12;aii;bi;1;neutral;once;False;;;Vor drei Jahren hat Timo für Thorsten einen großen Kleiderschrank gekauft. Vor einer Woche hat Timo wieder einen großen Kleiderschrank bekommen, weil er mit einem Freund ausgemistet hat.;Timo hat einmal einen großen Kleiderschrank bekommen.;joeddav/xlm-roberta-large-xnli;entailment;1;0.0005007704021409154;0.0002609500370454043;0.9992382526397705
12_aii_bi1_twice_neu;Vor drei Jahren hat Timo für Thorsten einen großen Kleiderschrank gekauft.;Vor einer Woche hat Timo wieder einen großen Kleiderschrank bekommen, weil er mit einem Freund ausgemistet hat.;Timo hat mindestens zweimal einen großen Kleiderschrank bekommen.;unknown;12;aii;bi;1;neutral;twice;False;;;Vor drei Jahren hat Timo für Thorsten einen großen Kleiderschrank gekauft. Vor einer Woche hat Timo wieder einen großen Kleiderschrank bekommen, weil er mit einem Freund ausgemistet hat.;Timo hat mindestens zweimal einen großen Kleiderschrank bekommen.;joeddav/xlm-roberta-large-xnli;entailment;0;0.0004263597948011011;0.00032125384313985705;0.9992523789405823
12_aii_bi1_cannot_say_neu;Vor drei Jahren hat Timo für Thorsten einen großen Kleiderschrank gekauft.;Vor einer Woche hat Timo wieder einen großen Kleiderschrank bekommen, weil er mit einem Freund ausgemistet hat.;Es lässt sich nicht sagen, wie oft Timo einen großen Kleiderschrank bekommen hat.;unknown;12;aii;bi;1;neutral;cannot say;False;;;Vor drei Jahren hat Timo für Thorsten einen großen Kleiderschrank gekauft. Vor einer Woche hat Timo wieder einen großen Kleiderschrank bekommen, weil er mit einem Freund ausgemistet hat.;Es lässt sich nicht sagen, wie oft Timo einen großen Kleiderschrank bekommen hat.;joeddav/xlm-roberta-large-xnli;entailment;0;0.003633486805483699;0.0014947843737900257;0.9948717355728149
12_aii_bi2_once_pos;Vor drei Jahren hat Timo für Thorsten einen großen Kleiderschrank gekauft.;Vor einer Woche hat Thorsten wieder einen großen Kleiderschrank bekommen, weil er mit einem Freund ausgemistet hat.;Thorsten hat einmal einen großen Kleiderschrank bekommen.;unknown;12;aii;bi;2;positive;once;False;;;Vor drei Jahren hat Timo für Thorsten einen großen Kleiderschrank gekauft. Vor einer Woche hat Thorsten wieder einen großen Kleiderschrank bekommen, weil er mit einem Freund ausgemistet hat.;Thorsten hat einmal einen großen Kleiderschrank bekommen.;joeddav/xlm-roberta-large-xnli;entailment;0;0.0004033039149362594;0.00022588687716051936;0.9993708729743958
12_aii_bi2_twice_pos;Vor drei Jahren hat Timo für Thorsten einen großen Kleiderschrank gekauft.;Vor einer Woche hat Thorsten wieder einen großen Kleiderschrank bekommen, weil er mit einem Freund ausgemistet hat.;Thorsten hat mindestens zweimal einen großen Kleiderschrank bekommen.;entailment;12;aii;bi;2;positive;twice;False;;;Vor drei Jahren hat Timo für Thorsten einen großen Kleiderschrank gekauft. Vor einer Woche hat Thorsten wieder einen großen Kleiderschrank bekommen, weil er mit einem Freund ausgemistet hat.;Thorsten hat mindestens zweimal einen großen Kleiderschrank bekommen.;joeddav/xlm-roberta-large-xnli;entailment;1;0.00038625081651844084;0.00023685373889748007;0.9993769526481628
12_aii_bi2_cannot_say_pos;Vor drei Jahren hat Timo für Thorsten einen großen Kleiderschrank gekauft.;Vor einer Woche hat Thorsten wieder einen großen Kleiderschrank bekommen, weil er mit einem Freund ausgemistet hat.;Es lässt sich nicht sagen, wie oft Thorsten einen großen Kleiderschrank bekommen hat.;unknown;12;aii;bi;2;positive;cannot say;False;;;Vor drei Jahren hat Timo für Thorsten einen großen Kleiderschrank gekauft. Vor einer Woche hat Thorsten wieder einen großen Kleiderschrank bekommen, weil er mit einem Freund ausgemistet hat.;Es lässt sich nicht sagen, wie oft Thorsten einen großen Kleiderschrank bekommen hat.;joeddav/xlm-roberta-large-xnli;entailment;0;0.004533038940280676;0.0016835825517773628;0.9937833547592163
12_aii_bii1_once_pos;Vor drei Jahren hat Timo für Thorsten einen großen Kleiderschrank gekauft.;Vor einer Woche hat Timo wieder einen großen Kleiderschrank weggegeben, weil er mit einem Freund ausgemistet hat.;Timo hat einmal einen großen Kleiderschrank weggegeben.;unknown;12;aii;bii;1;positive;once;False;;;Vor drei Jahren hat Timo für Thorsten einen großen Kleiderschrank gekauft. Vor einer Woche hat Timo wieder einen großen Kleiderschrank weggegeben, weil er mit einem Freund ausgemistet hat.;Timo hat einmal einen großen Kleiderschrank weggegeben.;joeddav/xlm-roberta-large-xnli;entailment;0;0.00036176119465380907;0.00019975093891844153;0.999438464641571
12_aii_bii1_twice_pos;Vor drei Jahren hat Timo für Thorsten einen großen Kleiderschrank gekauft.;Vor einer Woche hat Timo wieder einen großen Kleiderschrank weggegeben, weil er mit einem Freund ausgemistet hat.;Timo hat mindestens zweimal einen großen Kleiderschrank weggegeben.;entailment;12;aii;bii;1;positive;twice;False;;;Vor drei Jahren hat Timo für Thorsten einen großen Kleiderschrank gekauft. Vor einer Woche hat Timo wieder einen großen Kleiderschrank weggegeben, weil er mit einem Freund ausgemistet hat.;Timo hat mindestens zweimal einen großen Kleiderschrank weggegeben.;joeddav/xlm-roberta-large-xnli;entailment;1;0.00023018658976070583;0.00021130683308001608;0.9995585083961487
12_aii_bii1_cannot_say_pos;Vor drei Jahren hat Timo für Thorsten einen großen Kleiderschrank gekauft.;Vor einer Woche hat Timo wieder einen großen Kleiderschrank weggegeben, weil er mit einem Freund ausgemistet hat.;Es lässt sich nicht sagen, wie oft Timo einen großen Kleiderschrank weggegeben hat.;unknown;12;aii;bii;1;positive;cannot say;False;;;Vor drei Jahren hat Timo für Thorsten einen großen Kleiderschrank gekauft. Vor einer Woche hat Timo wieder einen großen Kleiderschrank weggegeben, weil er mit einem Freund ausgemistet hat.;Es lässt sich nicht sagen, wie oft Timo einen großen Kleiderschrank weggegeben hat.;joeddav/xlm-roberta-large-xnli;entailment;0;0.008023896254599094;0.011970407329499722;0.9800057411193848
12_aii_bii2_once_neu;Vor drei Jahren hat Timo für Thorsten einen großen Kleiderschrank gekauft.;Vor einer Woche hat Thorsten wieder einen großen Kleiderschrank weggegeben, weil er mit einem Freund ausgemistet hat.;Thorsten hat einmal einen großen Kleiderschrank weggegeben.;entailment;12;aii;bii;2;neutral;once;False;;;Vor drei Jahren hat Timo für Thorsten einen großen Kleiderschrank gekauft. Vor einer Woche hat Thorsten wieder einen großen Kleiderschrank weggegeben, weil er mit einem Freund ausgemistet hat.;Thorsten hat einmal einen großen Kleiderschrank weggegeben.;joeddav/xlm-roberta-large-xnli;entailment;1;0.00039109581848606467;0.00020039289665874094;0.999408483505249
12_aii_bii2_twice_neu;Vor drei Jahren hat Timo für Thorsten einen großen Kleiderschrank gekauft.;Vor einer Woche hat Thorsten wieder einen großen Kleiderschrank weggegeben, weil er mit einem Freund ausgemistet hat.;Thorsten hat mindestens zweimal einen großen Kleiderschrank weggegeben.;unknown;12;aii;bii;2;neutral;twice;False;;;Vor drei Jahren hat Timo für Thorsten einen großen Kleiderschrank gekauft. Vor einer Woche hat Thorsten wieder einen großen Kleiderschrank weggegeben, weil er mit einem Freund ausgemistet hat.;Thorsten hat mindestens zweimal einen großen Kleiderschrank weggegeben.;joeddav/xlm-roberta-large-xnli;entailment;0;0.000259492255281657;0.00021276678307913244;0.9995278120040894
12_aii_bii2_cannot_say_neu;Vor drei Jahren hat Timo für Thorsten einen großen Kleiderschrank gekauft.;Vor einer Woche hat Thorsten wieder einen großen Kleiderschrank weggegeben, weil er mit einem Freund ausgemistet hat.;Es lässt sich nicht sagen, wie oft Thorsten einen großen Kleiderschrank weggegeben hat.;unknown;12;aii;bii;2;neutral;cannot say;False;;;Vor drei Jahren hat Timo für Thorsten einen großen Kleiderschrank gekauft. Vor einer Woche hat Thorsten wieder einen großen Kleiderschrank weggegeben, weil er mit einem Freund ausgemistet hat.;Es lässt sich nicht sagen, wie oft Thorsten einen großen Kleiderschrank weggegeben hat.;joeddav/xlm-roberta-large-xnli;entailment;0;0.0064930678345263;0.010233541019260883;0.9832733869552612
13_ai_bi1_once_pos;Letzte Woche hat Thorsten Greta mit einem spannenden Auftrag betreut.;Vor zwei Tagen hat Greta wieder einen spannenden Auftrag ausgeführt, als sie an einer Konferenz teilgenommen hat.;Greta hat einmal einen spannenden Auftrag ausgeführt.;unknown;13;ai;bi;1;positive;once;False;;;Letzte Woche hat Thorsten Greta mit einem spannenden Auftrag betreut. Vor zwei Tagen hat Greta wieder einen spannenden Auftrag ausgeführt, als sie an einer Konferenz teilgenommen hat.;Greta hat einmal einen spannenden Auftrag ausgeführt.;joeddav/xlm-roberta-large-xnli;entailment;0;0.0011134956730529666;0.00048594409599900246;0.9984005093574524
13_ai_bi1_twice_pos;Letzte Woche hat Thorsten Greta mit einem spannenden Auftrag betreut.;Vor zwei Tagen hat Greta wieder einen spannenden Auftrag ausgeführt, als sie an einer Konferenz teilgenommen hat.;Greta hat mindestens zweimal einen spannenden Auftrag ausgeführt.;entailment;13;ai;bi;1;positive;twice;False;;;Letzte Woche hat Thorsten Greta mit einem spannenden Auftrag betreut. Vor zwei Tagen hat Greta wieder einen spannenden Auftrag ausgeführt, als sie an einer Konferenz teilgenommen hat.;Greta hat mindestens zweimal einen spannenden Auftrag ausgeführt.;joeddav/xlm-roberta-large-xnli;entailment;1;0.0003079368034377694;0.00034299769322387874;0.999349057674408
13_ai_bi1_cannot_say_pos;Letzte Woche hat Thorsten Greta mit einem spannenden Auftrag betreut.;Vor zwei Tagen hat Greta wieder einen spannenden Auftrag ausgeführt, als sie an einer Konferenz teilgenommen hat.;Es lässt sich nicht sagen, wie oft Greta einen spannenden Auftrag ausgeführt hat.;unknown;13;ai;bi;1;positive;cannot say;False;;;Letzte Woche hat Thorsten Greta mit einem spannenden Auftrag betreut. Vor zwei Tagen hat Greta wieder einen spannenden Auftrag ausgeführt, als sie an einer Konferenz teilgenommen hat.;Es lässt sich nicht sagen, wie oft Greta einen spannenden Auftrag ausgeführt hat.;joeddav/xlm-roberta-large-xnli;neutral;1;0.0010592917678877711;0.9945794343948364;0.004361396189779043
13_ai_bi2_once_neu;Letzte Woche hat Thorsten Greta mit einem spannenden Auftrag betreut.;Vor zwei Tagen hat Thorsten wieder einen spannenden Auftrag ausgeführt, als er an einer Konferenz teilgenommen hat.;Thorsten hat einmal einen spannenden Auftrag ausgeführt.;entailment;13;ai;bi;2;neutral;once;False;;;Letzte Woche hat Thorsten Greta mit einem spannenden Auftrag betreut. Vor zwei Tagen hat Thorsten wieder einen spannenden Auftrag ausgeführt, als er an einer Konferenz teilgenommen hat.;Thorsten hat einmal einen spannenden Auftrag ausgeführt.;joeddav/xlm-roberta-large-xnli;entailment;1;0.0009374083601869643;0.0004335683479439467;0.998629093170166
13_ai_bi2_twice_neu;Letzte Woche hat Thorsten Greta mit einem spannenden Auftrag betreut.;Vor zwei Tagen hat Thorsten wieder einen spannenden Auftrag ausgeführt, als er an einer Konferenz teilgenommen hat.;Thorsten hat mindestens zweimal einen spannenden Auftrag ausgeführt.;unknown;13;ai;bi;2;neutral;twice;False;;;Letzte Woche hat Thorsten Greta mit einem spannenden Auftrag betreut. Vor zwei Tagen hat Thorsten wieder einen spannenden Auftrag ausgeführt, als er an einer Konferenz teilgenommen hat.;Thorsten hat mindestens zweimal einen spannenden Auftrag ausgeführt.;joeddav/xlm-roberta-large-xnli;entailment;0;0.0002932061906903982;0.00034326055902056396;0.9993636012077332
13_ai_bi2_cannot_say_neu;Letzte Woche hat Thorsten Greta mit einem spannenden Auftrag betreut.;Vor zwei Tagen hat Thorsten wieder einen spannenden Auftrag ausgeführt, als er an einer Konferenz teilgenommen hat.;Es lässt sich nicht sagen, wie oft Thorsten einen spannenden Auftrag ausgeführt hat.;unknown;13;ai;bi;2;neutral;cannot say;False;;;Letzte Woche hat Thorsten Greta mit einem spannenden Auftrag betreut. Vor zwei Tagen hat Thorsten wieder einen spannenden Auftrag ausgeführt, als er an einer Konferenz teilgenommen hat.;Es lässt sich nicht sagen, wie oft Thorsten einen spannenden Auftrag ausgeführt hat.;joeddav/xlm-roberta-large-xnli;neutral;1;0.0013467944227159023;0.9931047558784485;0.005548514425754547
13_ai_bii1_once_neu;Letzte Woche hat Thorsten Greta mit einem spannenden Auftrag betreut.;Vor zwei Tagen hat Greta wieder einen spannenden Auftrag vergeben, als sie an einer Konferenz teilgenommen hat.;Greta hat einmal einen spannenden Auftrag vergeben.;entailment;13;ai;bii;1;neutral;once;False;;;Letzte Woche hat Thorsten Greta mit einem spannenden Auftrag betreut. Vor zwei Tagen hat Greta wieder einen spannenden Auftrag vergeben, als sie an einer Konferenz teilgenommen hat.;Greta hat einmal einen spannenden Auftrag vergeben.;joeddav/xlm-roberta-large-xnli;entailment;1;0.0009439456043764949;0.0004238868714310229;0.9986321330070496
13_ai_bii1_twice_neu;Letzte Woche hat Thorsten Greta mit einem spannenden Auftrag betreut.;Vor zwei Tagen hat Greta wieder einen spannenden Auftrag vergeben, als sie an einer Konferenz teilgenommen hat.;Greta hat mindestens zweimal einen spannenden Auftrag vergeben.;unknown;13;ai;bii;1;neutral;twice;False;;;Letzte Woche hat Thorsten Greta mit einem spannenden Auftrag betreut. Vor zwei Tagen hat Greta wieder einen spannenden Auftrag vergeben, als sie an einer Konferenz teilgenommen hat.;Greta hat mindestens zweimal einen spannenden Auftrag vergeben.;joeddav/xlm-roberta-large-xnli;entailment;0;0.0003095337888225913;0.00037112750578671694;0.999319314956665
13_ai_bii1_cannot_say_neu;Letzte Woche hat Thorsten Greta mit einem spannenden Auftrag betreut.;Vor zwei Tagen hat Greta wieder einen spannenden Auftrag vergeben, als sie an einer Konferenz teilgenommen hat.;Es lässt sich nicht sagen, wie oft Greta einen spannenden Auftrag vergeben hat.;unknown;13;ai;bii;1;neutral;cannot say;False;;;Letzte Woche hat Thorsten Greta mit einem spannenden Auftrag betreut. Vor zwei Tagen hat Greta wieder einen spannenden Auftrag vergeben, als sie an einer Konferenz teilgenommen hat.;Es lässt sich nicht sagen, wie oft Greta einen spannenden Auftrag vergeben hat.;joeddav/xlm-roberta-large-xnli;neutral;1;0.0010003902716562152;0.9946991205215454;0.0043004839681088924
13_ai_bii2_once_pos;Letzte Woche hat Thorsten Greta mit einem spannenden Auftrag betreut.;Vor zwei Tagen hat Thorsten wieder einen spannenden Auftrag vergeben, als er an einer Konferenz teilgenommen hat.;Thorsten hat einmal einen spannenden Auftrag vergeben.;unknown;13;ai;bii;2;positive;once;False;;;Letzte Woche hat Thorsten Greta mit einem spannenden Auftrag betreut. Vor zwei Tagen hat Thorsten wieder einen spannenden Auftrag vergeben, als er an einer Konferenz teilgenommen hat.;Thorsten hat einmal einen spannenden Auftrag vergeben.;joeddav/xlm-roberta-large-xnli;entailment;0;0.0008389233844354749;0.0003833685477729887;0.9987776875495911
13_ai_bii2_twice_pos;Letzte Woche hat Thorsten Greta mit einem spannenden Auftrag betreut.;Vor zwei Tagen hat Thorsten wieder einen spannenden Auftrag vergeben, als er an einer Konferenz teilgenommen hat.;Thorsten hat mindestens zweimal einen spannenden Auftrag vergeben.;entailment;13;ai;bii;2;positive;twice;False;;;Letzte Woche hat Thorsten Greta mit einem spannenden Auftrag betreut. Vor zwei Tagen hat Thorsten wieder einen spannenden Auftrag vergeben, als er an einer Konferenz teilgenommen hat.;Thorsten hat mindestens zweimal einen spannenden Auftrag vergeben.;joeddav/xlm-roberta-large-xnli;entailment;1;0.0002944192383438349;0.00036937918048352003;0.9993361830711365
13_ai_bii2_cannot_say_pos;Letzte Woche hat Thorsten Greta mit einem spannenden Auftrag betreut.;Vor zwei Tagen hat Thorsten wieder einen spannenden Auftrag vergeben, als er an einer Konferenz teilgenommen hat.;Es lässt sich nicht sagen, wie oft Thorsten einen spannenden Auftrag vergeben hat.;unknown;13;ai;bii;2;positive;cannot say;False;;;Letzte Woche hat Thorsten Greta mit einem spannenden Auftrag betreut. Vor zwei Tagen hat Thorsten wieder einen spannenden Auftrag vergeben, als er an einer Konferenz teilgenommen hat.;Es lässt sich nicht sagen, wie oft Thorsten einen spannenden Auftrag vergeben hat.;joeddav/xlm-roberta-large-xnli;neutral;1;0.0013651883928105235;0.9926006197929382;0.006034181918948889
13_aii_bi1_once_neu;Letzte Woche hat Greta Thorsten mit einem spannenden Auftrag betreut.;Vor zwei Tagen hat Greta wieder einen spannenden Auftrag ausgeführt, als sie an einer Konferenz teilgenommen hat.;Greta hat einmal einen spannenden Auftrag ausgeführt.;entailment;13;aii;bi;1;neutral;once;False;;;Letzte Woche hat Greta Thorsten mit einem spannenden Auftrag betreut. Vor zwei Tagen hat Greta wieder einen spannenden Auftrag ausgeführt, als sie an einer Konferenz teilgenommen hat.;Greta hat einmal einen spannenden Auftrag ausgeführt.;joeddav/xlm-roberta-large-xnli;entailment;1;0.0011440245434641838;0.0004977702628821135;0.9983581900596619
13_aii_bi1_twice_neu;Letzte Woche hat Greta Thorsten mit einem spannenden Auftrag betreut.;Vor zwei Tagen hat Greta wieder einen spannenden Auftrag ausgeführt, als sie an einer Konferenz teilgenommen hat.;Greta hat mindestens zweimal einen spannenden Auftrag ausgeführt.;unknown;13;aii;bi;1;neutral;twice;False;;;Letzte Woche hat Greta Thorsten mit einem spannenden Auftrag betreut. Vor zwei Tagen hat Greta wieder einen spannenden Auftrag ausgeführt, als sie an einer Konferenz teilgenommen hat.;Greta hat mindestens zweimal einen spannenden Auftrag ausgeführt.;joeddav/xlm-roberta-large-xnli;entailment;0;0.0003032394452020526;0.0003444493340793997;0.9993522763252258
13_aii_bi1_cannot_say_neu;Letzte Woche hat Greta Thorsten mit einem spannenden Auftrag betreut.;Vor zwei Tagen hat Greta wieder einen spannenden Auftrag ausgeführt, als sie an einer Konferenz teilgenommen hat.;Es lässt sich nicht sagen, wie oft Greta einen spannenden Auftrag ausgeführt hat.;unknown;13;aii;bi;1;neutral;cannot say;False;;;Letzte Woche hat Greta Thorsten mit einem spannenden Auftrag betreut. Vor zwei Tagen hat Greta wieder einen spannenden Auftrag ausgeführt, als sie an einer Konferenz teilgenommen hat.;Es lässt sich nicht sagen, wie oft Greta einen spannenden Auftrag ausgeführt hat.;joeddav/xlm-roberta-large-xnli;neutral;1;0.0012081589084118605;0.9944031238555908;0.004388671368360519
13_aii_bi2_once_pos;Letzte Woche hat Greta Thorsten mit einem spannenden Auftrag betreut.;Vor zwei Tagen hat Thorsten wieder einen spannenden Auftrag ausgeführt, als er an einer Konferenz teilgenommen hat.;Thorsten hat einmal einen spannenden Auftrag ausgeführt.;unknown;13;aii;bi;2;positive;once;False;;;Letzte Woche hat Greta Thorsten mit einem spannenden Auftrag betreut. Vor zwei Tagen hat Thorsten wieder einen spannenden Auftrag ausgeführt, als er an einer Konferenz teilgenommen hat.;Thorsten hat einmal einen spannenden Auftrag ausgeführt.;joeddav/xlm-roberta-large-xnli;entailment;0;0.0009680229122750461;0.00045914549264125526;0.998572826385498
13_aii_bi2_twice_pos;Letzte Woche hat Greta Thorsten mit einem spannenden Auftrag betreut.;Vor zwei Tagen hat Thorsten wieder einen spannenden Auftrag ausgeführt, als er an einer Konferenz teilgenommen hat.;Thorsten hat mindestens zweimal einen spannenden Auftrag ausgeführt.;entailment;13;aii;bi;2;positive;twice;False;;;Letzte Woche hat Greta Thorsten mit einem spannenden Auftrag betreut. Vor zwei Tagen hat Thorsten wieder einen spannenden Auftrag ausgeführt, als er an einer Konferenz teilgenommen hat.;Thorsten hat mindestens zweimal einen spannenden Auftrag ausgeführt.;joeddav/xlm-roberta-large-xnli;entailment;1;0.00030711464933119714;0.000345122127328068;0.9993477463722229
13_aii_bi2_cannot_say_pos;Letzte Woche hat Greta Thorsten mit einem spannenden Auftrag betreut.;Vor zwei Tagen hat Thorsten wieder einen spannenden Auftrag ausgeführt, als er an einer Konferenz teilgenommen hat.;Es lässt sich nicht sagen, wie oft Thorsten einen spannenden Auftrag ausgeführt hat.;unknown;13;aii;bi;2;positive;cannot say;False;;;Letzte Woche hat Greta Thorsten mit einem spannenden Auftrag betreut. Vor zwei Tagen hat Thorsten wieder einen spannenden Auftrag ausgeführt, als er an einer Konferenz teilgenommen hat.;Es lässt sich nicht sagen, wie oft Thorsten einen spannenden Auftrag ausgeführt hat.;joeddav/xlm-roberta-large-xnli;neutral;1;0.0010727309854701161;0.994350016117096;0.004577225539833307
13_aii_bii1_once_pos;Letzte Woche hat Greta Thorsten mit einem spannenden Auftrag betreut.;Vor zwei Tagen hat Greta wieder einen spannenden Auftrag vergeben, als sie an einer Konferenz teilgenommen hat.;Greta hat einmal einen spannenden Auftrag vergeben.;unknown;13;aii;bii;1;positive;once;False;;;Letzte Woche hat Greta Thorsten mit einem spannenden Auftrag betreut. Vor zwei Tagen hat Greta wieder einen spannenden Auftrag vergeben, als sie an einer Konferenz teilgenommen hat.;Greta hat einmal einen spannenden Auftrag vergeben.;joeddav/xlm-roberta-large-xnli;entailment;0;0.0009756533545441926;0.00043832461233250797;0.9985860586166382
13_aii_bii1_twice_pos;Letzte Woche hat Greta Thorsten mit einem spannenden Auftrag betreut.;Vor zwei Tagen hat Greta wieder einen spannenden Auftrag vergeben, als sie an einer Konferenz teilgenommen hat.;Greta hat mindestens zweimal einen spannenden Auftrag vergeben.;entailment;13;aii;bii;1;positive;twice;False;;;Letzte Woche hat Greta Thorsten mit einem spannenden Auftrag betreut. Vor zwei Tagen hat Greta wieder einen spannenden Auftrag vergeben, als sie an einer Konferenz teilgenommen hat.;Greta hat mindestens zweimal einen spannenden Auftrag vergeben.;joeddav/xlm-roberta-large-xnli;entailment;1;0.0003018642892129719;0.000373518792912364;0.9993246793746948
13_aii_bii1_cannot_say_pos;Letzte Woche hat Greta Thorsten mit einem spannenden Auftrag betreut.;Vor zwei Tagen hat Greta wieder einen spannenden Auftrag vergeben, als sie an einer Konferenz teilgenommen hat.;Es lässt sich nicht sagen, wie oft Greta einen spannenden Auftrag vergeben hat.;unknown;13;aii;bii;1;positive;cannot say;False;;;Letzte Woche hat Greta Thorsten mit einem spannenden Auftrag betreut. Vor zwei Tagen hat Greta wieder einen spannenden Auftrag vergeben, als sie an einer Konferenz teilgenommen hat.;Es lässt sich nicht sagen, wie oft Greta einen spannenden Auftrag vergeben hat.;joeddav/xlm-roberta-large-xnli;neutral;1;0.0011197221465408802;0.9945007562637329;0.004379460588097572
13_aii_bii2_once_neu;Letzte Woche hat Greta Thorsten mit einem spannenden Auftrag betreut.;Vor zwei Tagen hat Thorsten wieder einen spannenden Auftrag vergeben, als er an einer Konferenz teilgenommen hat.;Thorsten hat einmal einen spannenden Auftrag vergeben.;entailment;13;aii;bii;2;neutral;once;False;;;Letzte Woche hat Greta Thorsten mit einem spannenden Auftrag betreut. Vor zwei Tagen hat Thorsten wieder einen spannenden Auftrag vergeben, als er an einer Konferenz teilgenommen hat.;Thorsten hat einmal einen spannenden Auftrag vergeben.;joeddav/xlm-roberta-large-xnli;entailment;1;0.0008863876573741436;0.0004222386050969362;0.9986913800239563
13_aii_bii2_twice_neu;Letzte Woche hat Greta Thorsten mit einem spannenden Auftrag betreut.;Vor zwei Tagen hat Thorsten wieder einen spannenden Auftrag vergeben, als er an einer Konferenz teilgenommen hat.;Thorsten hat mindestens zweimal einen spannenden Auftrag vergeben.;unknown;13;aii;bii;2;neutral;twice;False;;;Letzte Woche hat Greta Thorsten mit einem spannenden Auftrag betreut. Vor zwei Tagen hat Thorsten wieder einen spannenden Auftrag vergeben, als er an einer Konferenz teilgenommen hat.;Thorsten hat mindestens zweimal einen spannenden Auftrag vergeben.;joeddav/xlm-roberta-large-xnli;entailment;0;0.0003054392000194639;0.00037555370363406837;0.9993190765380859
13_aii_bii2_cannot_say_neu;Letzte Woche hat Greta Thorsten mit einem spannenden Auftrag betreut.;Vor zwei Tagen hat Thorsten wieder einen spannenden Auftrag vergeben, als er an einer Konferenz teilgenommen hat.;Es lässt sich nicht sagen, wie oft Thorsten einen spannenden Auftrag vergeben hat.;unknown;13;aii;bii;2;neutral;cannot say;False;;;Letzte Woche hat Greta Thorsten mit einem spannenden Auftrag betreut. Vor zwei Tagen hat Thorsten wieder einen spannenden Auftrag vergeben, als er an einer Konferenz teilgenommen hat.;Es lässt sich nicht sagen, wie oft Thorsten einen spannenden Auftrag vergeben hat.;joeddav/xlm-roberta-large-xnli;neutral;1;0.0010782224126160145;0.9942424893379211;0.004679251927882433
14_ai_bi1_once_pos;Letzten Monat hat Thorsten Sabine ein selbstgemaltes Bild gezeigt.;Vor zwei Wochen hat Sabine wieder ein selbstgemaltes Bild gesehen, als sie mit einer Künstlerin verabredet war.;Sabine hat einmal ein selbstgemaltes Bild gesehen.;unknown;14;ai;bi;1;positive;once;False;;;Letzten Monat hat Thorsten Sabine ein selbstgemaltes Bild gezeigt. Vor zwei Wochen hat Sabine wieder ein selbstgemaltes Bild gesehen, als sie mit einer Künstlerin verabredet war.;Sabine hat einmal ein selbstgemaltes Bild gesehen.;joeddav/xlm-roberta-large-xnli;entailment;0;0.0022345331963151693;0.0004576993815135211;0.9973077774047852
14_ai_bi1_twice_pos;Letzten Monat hat Thorsten Sabine ein selbstgemaltes Bild gezeigt.;Vor zwei Wochen hat Sabine wieder ein selbstgemaltes Bild gesehen, als sie mit einer Künstlerin verabredet war.;Sabine hat mindestens zweimal ein selbstgemaltes Bild gesehen.;entailment;14;ai;bi;1;positive;twice;False;;;Letzten Monat hat Thorsten Sabine ein selbstgemaltes Bild gezeigt. Vor zwei Wochen hat Sabine wieder ein selbstgemaltes Bild gesehen, als sie mit einer Künstlerin verabredet war.;Sabine hat mindestens zweimal ein selbstgemaltes Bild gesehen.;joeddav/xlm-roberta-large-xnli;entailment;1;0.0002978070406243205;0.0002927591558545828;0.9994094371795654
14_ai_bi1_cannot_say_pos;Letzten Monat hat Thorsten Sabine ein selbstgemaltes Bild gezeigt.;Vor zwei Wochen hat Sabine wieder ein selbstgemaltes Bild gesehen, als sie mit einer Künstlerin verabredet war.;Es lässt sich nicht sagen, wie oft Sabine ein selbstgemaltes Bild gesehen hat.;unknown;14;ai;bi;1;positive;cannot say;False;;;Letzten Monat hat Thorsten Sabine ein selbstgemaltes Bild gezeigt. Vor zwei Wochen hat Sabine wieder ein selbstgemaltes Bild gesehen, als sie mit einer Künstlerin verabredet war.;Es lässt sich nicht sagen, wie oft Sabine ein selbstgemaltes Bild gesehen hat.;joeddav/xlm-roberta-large-xnli;entailment;0;0.007067088037729263;0.008490479551255703;0.984442412853241
14_ai_bi2_once_neu;Letzten Monat hat Thorsten Sabine ein selbstgemaltes Bild gezeigt.;Vor zwei Wochen hat Thorsten wieder ein selbstgemaltes Bild gesehen, als er mit einer Künstlerin verabredet war.;Thorsten hat einmal ein selbstgemaltes Bild gesehen.;entailment;14;ai;bi;2;neutral;once;False;;;Letzten Monat hat Thorsten Sabine ein selbstgemaltes Bild gezeigt. Vor zwei Wochen hat Thorsten wieder ein selbstgemaltes Bild gesehen, als er mit einer Künstlerin verabredet war.;Thorsten hat einmal ein selbstgemaltes Bild gesehen.;joeddav/xlm-roberta-large-xnli;entailment;1;0.0020816116593778133;0.00040050825919024646;0.9975179433822632
14_ai_bi2_twice_neu;Letzten Monat hat Thorsten Sabine ein selbstgemaltes Bild gezeigt.;Vor zwei Wochen hat Thorsten wieder ein selbstgemaltes Bild gesehen, als er mit einer Künstlerin verabredet war.;Thorsten hat mindestens zweimal ein selbstgemaltes Bild gesehen.;unknown;14;ai;bi;2;neutral;twice;False;;;Letzten Monat hat Thorsten Sabine ein selbstgemaltes Bild gezeigt. Vor zwei Wochen hat Thorsten wieder ein selbstgemaltes Bild gesehen, als er mit einer Künstlerin verabredet war.;Thorsten hat mindestens zweimal ein selbstgemaltes Bild gesehen.;joeddav/xlm-roberta-large-xnli;entailment;0;0.0002732715802267194;0.00027084877365268767;0.9994558691978455
14_ai_bi2_cannot_say_neu;Letzten Monat hat Thorsten Sabine ein selbstgemaltes Bild gezeigt.;Vor zwei Wochen hat Thorsten wieder ein selbstgemaltes Bild gesehen, als er mit einer Künstlerin verabredet war.;Es lässt sich nicht sagen, wie oft Thorsten ein selbstgemaltes Bild gesehen hat.;unknown;14;ai;bi;2;neutral;cannot say;False;;;Letzten Monat hat Thorsten Sabine ein selbstgemaltes Bild gezeigt. Vor zwei Wochen hat Thorsten wieder ein selbstgemaltes Bild gesehen, als er mit einer Künstlerin verabredet war.;Es lässt sich nicht sagen, wie oft Thorsten ein selbstgemaltes Bild gesehen hat.;joeddav/xlm-roberta-large-xnli;entailment;0;0.008199245668947697;0.00850195437669754;0.9832988381385803
14_ai_bii1_once_neu;Letzten Monat hat Thorsten Sabine ein selbstgemaltes Bild gezeigt.;Vor zwei Wochen hat Sabine wieder ein selbstgemaltes Bild präsentiert, als sie mit einer Künstlerin verabredet war.;Sabine hat einmal ein selbstgemaltes Bild präsentiert.;entailment;14;ai;bii;1;neutral;once;False;;;Letzten Monat hat Thorsten Sabine ein selbstgemaltes Bild gezeigt. Vor zwei Wochen hat Sabine wieder ein selbstgemaltes Bild präsentiert, als sie mit einer Künstlerin verabredet war.;Sabine hat einmal ein selbstgemaltes Bild präsentiert.;joeddav/xlm-roberta-large-xnli;entailment;1;0.0011050819884985685;0.00032843308872543275;0.9985665678977966
14_ai_bii1_twice_neu;Letzten Monat hat Thorsten Sabine ein selbstgemaltes Bild gezeigt.;Vor zwei Wochen hat Sabine wieder ein selbstgemaltes Bild präsentiert, als sie mit einer Künstlerin verabredet war.;Sabine hat mindestens zweimal ein selbstgemaltes Bild präsentiert.;unknown;14;ai;bii;1;neutral;twice;False;;;Letzten Monat hat Thorsten Sabine ein selbstgemaltes Bild gezeigt. Vor zwei Wochen hat Sabine wieder ein selbstgemaltes Bild präsentiert, als sie mit einer Künstlerin verabredet war.;Sabine hat mindestens zweimal ein selbstgemaltes Bild präsentiert.;joeddav/xlm-roberta-large-xnli;entailment;0;0.0002509350306354463;0.0002075562661048025;0.9995415210723877
14_ai_bii1_cannot_say_neu;Letzten Monat hat Thorsten Sabine ein selbstgemaltes Bild gezeigt.;Vor zwei Wochen hat Sabine wieder ein selbstgemaltes Bild präsentiert, als sie mit einer Künstlerin verabredet war.;Es lässt sich nicht sagen, wie oft Sabine ein selbstgemaltes Bild präsentiert hat.;unknown;14;ai;bii;1;neutral;cannot say;False;;;Letzten Monat hat Thorsten Sabine ein selbstgemaltes Bild gezeigt. Vor zwei Wochen hat Sabine wieder ein selbstgemaltes Bild präsentiert, als sie mit einer Künstlerin verabredet war.;Es lässt sich nicht sagen, wie oft Sabine ein selbstgemaltes Bild präsentiert hat.;joeddav/xlm-roberta-large-xnli;entailment;0;0.03522757813334465;0.050298407673835754;0.9144740104675293
14_ai_bii2_once_pos;Letzten Monat hat Thorsten Sabine ein selbstgemaltes Bild gezeigt.;Vor zwei Wochen hat Thorsten wieder ein selbstgemaltes Bild präsentiert, als er mit einer Künstlerin verabredet war.;Thorsten hat einmal ein selbstgemaltes Bild präsentiert.;unknown;14;ai;bii;2;positive;once;False;;;Letzten Monat hat Thorsten Sabine ein selbstgemaltes Bild gezeigt. Vor zwei Wochen hat Thorsten wieder ein selbstgemaltes Bild präsentiert, als er mit einer Künstlerin verabredet war.;Thorsten hat einmal ein selbstgemaltes Bild präsentiert.;joeddav/xlm-roberta-large-xnli;entailment;0;0.0010668723843991756;0.0002941826533060521;0.998638927936554
14_ai_bii2_twice_pos;Letzten Monat hat Thorsten Sabine ein selbstgemaltes Bild gezeigt.;Vor zwei Wochen hat Thorsten wieder ein selbstgemaltes Bild präsentiert, als er mit einer Künstlerin verabredet war.;Thorsten hat mindestens zweimal ein selbstgemaltes Bild präsentiert.;entailment;14;ai;bii;2;positive;twice;False;;;Letzten Monat hat Thorsten Sabine ein selbstgemaltes Bild gezeigt. Vor zwei Wochen hat Thorsten wieder ein selbstgemaltes Bild präsentiert, als er mit einer Künstlerin verabredet war.;Thorsten hat mindestens zweimal ein selbstgemaltes Bild präsentiert.;joeddav/xlm-roberta-large-xnli;entailment;1;0.00022950570564717054;0.00019795405387412757;0.9995725750923157
14_ai_bii2_cannot_say_pos;Letzten Monat hat Thorsten Sabine ein selbstgemaltes Bild gezeigt.;Vor zwei Wochen hat Thorsten wieder ein selbstgemaltes Bild präsentiert, als er mit einer Künstlerin verabredet war.;Es lässt sich nicht sagen, wie oft Thorsten ein selbstgemaltes Bild präsentiert hat.;unknown;14;ai;bii;2;positive;cannot say;False;;;Letzten Monat hat Thorsten Sabine ein selbstgemaltes Bild gezeigt. Vor zwei Wochen hat Thorsten wieder ein selbstgemaltes Bild präsentiert, als er mit einer Künstlerin verabredet war.;Es lässt sich nicht sagen, wie oft Thorsten ein selbstgemaltes Bild präsentiert hat.;joeddav/xlm-roberta-large-xnli;entailment;0;0.05439087748527527;0.059697236865758896;0.8859118223190308
14_aii_bi1_once_neu;Letzten Monat hat Sabine Thorsten ein selbstgemaltes Bild gezeigt.;Vor zwei Wochen hat Sabine wieder ein selbstgemaltes Bild gesehen, als sie mit einer Künstlerin verabredet war.;Sabine hat einmal ein selbstgemaltes Bild gesehen.;entailment;14;aii;bi;1;neutral;once;False;;;Letzten Monat hat Sabine Thorsten ein selbstgemaltes Bild gezeigt. Vor zwei Wochen hat Sabine wieder ein selbstgemaltes Bild gesehen, als sie mit einer Künstlerin verabredet war.;Sabine hat einmal ein selbstgemaltes Bild gesehen.;joeddav/xlm-roberta-large-xnli;entailment;1;0.0023004962131381035;0.00045526682515628636;0.9972442388534546
14_aii_bi1_twice_neu;Letzten Monat hat Sabine Thorsten ein selbstgemaltes Bild gezeigt.;Vor zwei Wochen hat Sabine wieder ein selbstgemaltes Bild gesehen, als sie mit einer Künstlerin verabredet war.;Sabine hat mindestens zweimal ein selbstgemaltes Bild gesehen.;unknown;14;aii;bi;1;neutral;twice;False;;;Letzten Monat hat Sabine Thorsten ein selbstgemaltes Bild gezeigt. Vor zwei Wochen hat Sabine wieder ein selbstgemaltes Bild gesehen, als sie mit einer Künstlerin verabredet war.;Sabine hat mindestens zweimal ein selbstgemaltes Bild gesehen.;joeddav/xlm-roberta-large-xnli;entailment;0;0.00029133795760571957;0.0002874795172829181;0.999421238899231
14_aii_bi1_cannot_say_neu;Letzten Monat hat Sabine Thorsten ein selbstgemaltes Bild gezeigt.;Vor zwei Wochen hat Sabine wieder ein selbstgemaltes Bild gesehen, als sie mit einer Künstlerin verabredet war.;Es lässt sich nicht sagen, wie oft Sabine ein selbstgemaltes Bild gesehen hat.;unknown;14;aii;bi;1;neutral;cannot say;False;;;Letzten Monat hat Sabine Thorsten ein selbstgemaltes Bild gezeigt. Vor zwei Wochen hat Sabine wieder ein selbstgemaltes Bild gesehen, als sie mit einer Künstlerin verabredet war.;Es lässt sich nicht sagen, wie oft Sabine ein selbstgemaltes Bild gesehen hat.;joeddav/xlm-roberta-large-xnli;entailment;0;0.007719585672020912;0.008131391368806362;0.9841490387916565
14_aii_bi2_once_pos;Letzten Monat hat Sabine Thorsten ein selbstgemaltes Bild gezeigt.;Vor zwei Wochen hat Thorsten wieder ein selbstgemaltes Bild gesehen, als er mit einer Künstlerin verabredet war.;Thorsten hat einmal ein selbstgemaltes Bild gesehen.;unknown;14;aii;bi;2;positive;once;False;;;Letzten Monat hat Sabine Thorsten ein selbstgemaltes Bild gezeigt. Vor zwei Wochen hat Thorsten wieder ein selbstgemaltes Bild gesehen, als er mit einer Künstlerin verabredet war.;Thorsten hat einmal ein selbstgemaltes Bild gesehen.;joeddav/xlm-roberta-large-xnli;entailment;0;0.0021802110131829977;0.00044280351721681654;0.9973770380020142
14_aii_bi2_twice_pos;Letzten Monat hat Sabine Thorsten ein selbstgemaltes Bild gezeigt.;Vor zwei Wochen hat Thorsten wieder ein selbstgemaltes Bild gesehen, als er mit einer Künstlerin verabredet war.;Thorsten hat mindestens zweimal ein selbstgemaltes Bild gesehen.;entailment;14;aii;bi;2;positive;twice;False;;;Letzten Monat hat Sabine Thorsten ein selbstgemaltes Bild gezeigt. Vor zwei Wochen hat Thorsten wieder ein selbstgemaltes Bild gesehen, als er mit einer Künstlerin verabredet war.;Thorsten hat mindestens zweimal ein selbstgemaltes Bild gesehen.;joeddav/xlm-roberta-large-xnli;entailment;1;0.0003052437386941165;0.0002987343177665025;0.9993959665298462
14_aii_bi2_cannot_say_pos;Letzten Monat hat Sabine Thorsten ein selbstgemaltes Bild gezeigt.;Vor zwei Wochen hat Thorsten wieder ein selbstgemaltes Bild gesehen, als er mit einer Künstlerin verabredet war.;Es lässt sich nicht sagen, wie oft Thorsten ein selbstgemaltes Bild gesehen hat.;unknown;14;aii;bi;2;positive;cannot say;False;;;Letzten Monat hat Sabine Thorsten ein selbstgemaltes Bild gezeigt. Vor zwei Wochen hat Thorsten wieder ein selbstgemaltes Bild gesehen, als er mit einer Künstlerin verabredet war.;Es lässt sich nicht sagen, wie oft Thorsten ein selbstgemaltes Bild gesehen hat.;joeddav/xlm-roberta-large-xnli;entailment;0;0.006528971251100302;0.00643566157668829;0.98703533411026
14_aii_bii1_once_pos;Letzten Monat hat Sabine Thorsten ein selbstgemaltes Bild gezeigt.;Vor zwei Wochen hat Sabine wieder ein selbstgemaltes Bild präsentiert, als sie mit einer Künstlerin verabredet war.;Sabine hat einmal ein selbstgemaltes Bild präsentiert.;unknown;14;aii;bii;1;positive;once;False;;;Letzten Monat hat Sabine Thorsten ein selbstgemaltes Bild gezeigt. Vor zwei Wochen hat Sabine wieder ein selbstgemaltes Bild präsentiert, als sie mit einer Künstlerin verabredet war.;Sabine hat einmal ein selbstgemaltes Bild präsentiert.;joeddav/xlm-roberta-large-xnli;entailment;0;0.00110107590444386;0.00032297009602189064;0.9985759258270264
14_aii_bii1_twice_pos;Letzten Monat hat Sabine Thorsten ein selbstgemaltes Bild gezeigt.;Vor zwei Wochen hat Sabine wieder ein selbstgemaltes Bild präsentiert, als sie mit einer Künstlerin verabredet war.;Sabine hat mindestens zweimal ein selbstgemaltes Bild präsentiert.;entailment;14;aii;bii;1;positive;twice;False;;;Letzten Monat hat Sabine Thorsten ein selbstgemaltes Bild gezeigt. Vor zwei Wochen hat Sabine wieder ein selbstgemaltes Bild präsentiert, als sie mit einer Künstlerin verabredet war.;Sabine hat mindestens zweimal ein selbstgemaltes Bild präsentiert.;joeddav/xlm-roberta-large-xnli;entailment;1;0.0002461871481500566;0.00020569548360072076;0.9995481371879578
14_aii_bii1_cannot_say_pos;Letzten Monat hat Sabine Thorsten ein selbstgemaltes Bild gezeigt.;Vor zwei Wochen hat Sabine wieder ein selbstgemaltes Bild präsentiert, als sie mit einer Künstlerin verabredet war.;Es lässt sich nicht sagen, wie oft Sabine ein selbstgemaltes Bild präsentiert hat.;unknown;14;aii;bii;1;positive;cannot say;False;;;Letzten Monat hat Sabine Thorsten ein selbstgemaltes Bild gezeigt. Vor zwei Wochen hat Sabine wieder ein selbstgemaltes Bild präsentiert, als sie mit einer Künstlerin verabredet war.;Es lässt sich nicht sagen, wie oft Sabine ein selbstgemaltes Bild präsentiert hat.;joeddav/xlm-roberta-large-xnli;entailment;0;0.03682836890220642;0.04170134663581848;0.9214702248573303
14_aii_bii2_once_neu;Letzten Monat hat Sabine Thorsten ein selbstgemaltes Bild gezeigt.;Vor zwei Wochen hat Thorsten wieder ein selbstgemaltes Bild präsentiert, als er mit einer Künstlerin verabredet war.;Thorsten hat einmal ein selbstgemaltes Bild präsentiert.;entailment;14;aii;bii;2;neutral;once;False;;;Letzten Monat hat Sabine Thorsten ein selbstgemaltes Bild gezeigt. Vor zwei Wochen hat Thorsten wieder ein selbstgemaltes Bild präsentiert, als er mit einer Künstlerin verabredet war.;Thorsten hat einmal ein selbstgemaltes Bild präsentiert.;joeddav/xlm-roberta-large-xnli;entailment;1;0.001044771051965654;0.00030873771174810827;0.9986465573310852
14_aii_bii2_twice_neu;Letzten Monat hat Sabine Thorsten ein selbstgemaltes Bild gezeigt.;Vor zwei Wochen hat Thorsten wieder ein selbstgemaltes Bild präsentiert, als er mit einer Künstlerin verabredet war.;Thorsten hat mindestens zweimal ein selbstgemaltes Bild präsentiert.;unknown;14;aii;bii;2;neutral;twice;False;;;Letzten Monat hat Sabine Thorsten ein selbstgemaltes Bild gezeigt. Vor zwei Wochen hat Thorsten wieder ein selbstgemaltes Bild präsentiert, als er mit einer Künstlerin verabredet war.;Thorsten hat mindestens zweimal ein selbstgemaltes Bild präsentiert.;joeddav/xlm-roberta-large-xnli;entailment;0;0.000255460268817842;0.00020785456581506878;0.9995367527008057
14_aii_bii2_cannot_say_neu;Letzten Monat hat Sabine Thorsten ein selbstgemaltes Bild gezeigt.;Vor zwei Wochen hat Thorsten wieder ein selbstgemaltes Bild präsentiert, als er mit einer Künstlerin verabredet war.;Es lässt sich nicht sagen, wie oft Thorsten ein selbstgemaltes Bild präsentiert hat.;unknown;14;aii;bii;2;neutral;cannot say;False;;;Letzten Monat hat Sabine Thorsten ein selbstgemaltes Bild gezeigt. Vor zwei Wochen hat Thorsten wieder ein selbstgemaltes Bild präsentiert, als er mit einer Künstlerin verabredet war.;Es lässt sich nicht sagen, wie oft Thorsten ein selbstgemaltes Bild präsentiert hat.;joeddav/xlm-roberta-large-xnli;entailment;0;0.028797797858715057;0.0354539155960083;0.935748279094696
15_ai_bi1_once_pos;Vor vier Wochen hat Thorsten Tina angeschrien.;Vor drei Tagen hat Tina wieder eine lautstarke Standpauke bekommen, als sie an einer Bushaltestelle gewartet hat.;Tina hat einmal eine lautstarke Standpauke bekommen.;unknown;15;ai;bi;1;positive;once;False;;;Vor vier Wochen hat Thorsten Tina angeschrien. Vor drei Tagen hat Tina wieder eine lautstarke Standpauke bekommen, als sie an einer Bushaltestelle gewartet hat.;Tina hat einmal eine lautstarke Standpauke bekommen.;joeddav/xlm-roberta-large-xnli;entailment;0;0.0008629102376289666;0.0003840302233584225;0.9987530708312988
15_ai_bi1_twice_pos;Vor vier Wochen hat Thorsten Tina angeschrien.;Vor drei Tagen hat Tina wieder eine lautstarke Standpauke bekommen, als sie an einer Bushaltestelle gewartet hat.;Tina hat mindestens zweimal eine lautstarke Standpauke bekommen.;entailment;15;ai;bi;1;positive;twice;False;;;Vor vier Wochen hat Thorsten Tina angeschrien. Vor drei Tagen hat Tina wieder eine lautstarke Standpauke bekommen, als sie an einer Bushaltestelle gewartet hat.;Tina hat mindestens zweimal eine lautstarke Standpauke bekommen.;joeddav/xlm-roberta-large-xnli;entailment;1;0.00027732655871659517;0.0002600245352368802;0.9994626641273499
15_ai_bi1_cannot_say_pos;Vor vier Wochen hat Thorsten Tina angeschrien.;Vor drei Tagen hat Tina wieder eine lautstarke Standpauke bekommen, als sie an einer Bushaltestelle gewartet hat.;Es lässt sich nicht sagen, wie oft Tina eine lautstarke Standpauke bekommen hat.;unknown;15;ai;bi;1;positive;cannot say;False;;;Vor vier Wochen hat Thorsten Tina angeschrien. Vor drei Tagen hat Tina wieder eine lautstarke Standpauke bekommen, als sie an einer Bushaltestelle gewartet hat.;Es lässt sich nicht sagen, wie oft Tina eine lautstarke Standpauke bekommen hat.;joeddav/xlm-roberta-large-xnli;entailment;0;0.017913376912474632;0.3448287546634674;0.6372578740119934
15_ai_bi2_once_neu;Vor vier Wochen hat Thorsten Tina angeschrien.;Vor drei Tagen hat Thorsten wieder eine lautstarke Standpauke bekommen, als er an einer Bushaltestelle gewartet hat.;Thorsten hat einmal eine lautstarke Standpauke bekommen.;entailment;15;ai;bi;2;neutral;once;False;;;Vor vier Wochen hat Thorsten Tina angeschrien. Vor drei Tagen hat Thorsten wieder eine lautstarke Standpauke bekommen, als er an einer Bushaltestelle gewartet hat.;Thorsten hat einmal eine lautstarke Standpauke bekommen.;joeddav/xlm-roberta-large-xnli;entailment;1;0.0007889652042649686;0.00036198983434587717;0.9988490343093872
15_ai_bi2_twice_neu;Vor vier Wochen hat Thorsten Tina angeschrien.;Vor drei Tagen hat Thorsten wieder eine lautstarke Standpauke bekommen, als er an einer Bushaltestelle gewartet hat.;Thorsten hat mindestens zweimal eine lautstarke Standpauke bekommen.;unknown;15;ai;bi;2;neutral;twice;False;;;Vor vier Wochen hat Thorsten Tina angeschrien. Vor drei Tagen hat Thorsten wieder eine lautstarke Standpauke bekommen, als er an einer Bushaltestelle gewartet hat.;Thorsten hat mindestens zweimal eine lautstarke Standpauke bekommen.;joeddav/xlm-roberta-large-xnli;entailment;0;0.000244433234911412;0.000256097613601014;0.9994994401931763
15_ai_bi2_cannot_say_neu;Vor vier Wochen hat Thorsten Tina angeschrien.;Vor drei Tagen hat Thorsten wieder eine lautstarke Standpauke bekommen, als er an einer Bushaltestelle gewartet hat.;Es lässt sich nicht sagen, wie oft Thorsten eine lautstarke Standpauke bekommen hat.;unknown;15;ai;bi;2;neutral;cannot say;False;;;Vor vier Wochen hat Thorsten Tina angeschrien. Vor drei Tagen hat Thorsten wieder eine lautstarke Standpauke bekommen, als er an einer Bushaltestelle gewartet hat.;Es lässt sich nicht sagen, wie oft Thorsten eine lautstarke Standpauke bekommen hat.;joeddav/xlm-roberta-large-xnli;entailment;0;0.019889578223228455;0.19490958750247955;0.785200834274292
15_ai_bii1_once_neu;Vor vier Wochen hat Thorsten Tina angeschrien.;Vor drei Tagen hat Tina wieder eine lautstarke Standpauke gehalten, als sie an einer Bushaltestelle gewartet hat.;Tina hat einmal eine lautstarke Standpauke gehalten.;entailment;15;ai;bii;1;neutral;once;False;;;Vor vier Wochen hat Thorsten Tina angeschrien. Vor drei Tagen hat Tina wieder eine lautstarke Standpauke gehalten, als sie an einer Bushaltestelle gewartet hat.;Tina hat einmal eine lautstarke Standpauke gehalten.;joeddav/xlm-roberta-large-xnli;entailment;1;0.0012303172843530774;0.000517452135682106;0.9982522130012512
15_ai_bii1_twice_neu;Vor vier Wochen hat Thorsten Tina angeschrien.;Vor drei Tagen hat Tina wieder eine lautstarke Standpauke gehalten, als sie an einer Bushaltestelle gewartet hat.;Tina hat mindestens zweimal eine lautstarke Standpauke gehalten.;unknown;15;ai;bii;1;neutral;twice;False;;;Vor vier Wochen hat Thorsten Tina angeschrien. Vor drei Tagen hat Tina wieder eine lautstarke Standpauke gehalten, als sie an einer Bushaltestelle gewartet hat.;Tina hat mindestens zweimal eine lautstarke Standpauke gehalten.;joeddav/xlm-roberta-large-xnli;entailment;0;0.0002494284126441926;0.00020209657668601722;0.9995484948158264
15_ai_bii1_cannot_say_neu;Vor vier Wochen hat Thorsten Tina angeschrien.;Vor drei Tagen hat Tina wieder eine lautstarke Standpauke gehalten, als sie an einer Bushaltestelle gewartet hat.;Es lässt sich nicht sagen, wie oft Tina eine lautstarke Standpauke gehalten hat.;unknown;15;ai;bii;1;neutral;cannot say;False;;;Vor vier Wochen hat Thorsten Tina angeschrien. Vor drei Tagen hat Tina wieder eine lautstarke Standpauke gehalten, als sie an einer Bushaltestelle gewartet hat.;Es lässt sich nicht sagen, wie oft Tina eine lautstarke Standpauke gehalten hat.;joeddav/xlm-roberta-large-xnli;entailment;0;0.058707382529973984;0.088278628885746;0.8530139923095703
15_ai_bii2_once_pos;Vor vier Wochen hat Thorsten Tina angeschrien.;Vor drei Tagen hat Thorsten wieder eine lautstarke Standpauke gehalten, als er an einer Bushaltestelle gewartet hat.;Thorsten hat einmal eine lautstarke Standpauke gehalten.;unknown;15;ai;bii;2;positive;once;False;;;Vor vier Wochen hat Thorsten Tina angeschrien. Vor drei Tagen hat Thorsten wieder eine lautstarke Standpauke gehalten, als er an einer Bushaltestelle gewartet hat.;Thorsten hat einmal eine lautstarke Standpauke gehalten.;joeddav/xlm-roberta-large-xnli;entailment;0;0.0009831112110987306;0.00042700846097432077;0.998589813709259
15_ai_bii2_twice_pos;Vor vier Wochen hat Thorsten Tina angeschrien.;Vor drei Tagen hat Thorsten wieder eine lautstarke Standpauke gehalten, als er an einer Bushaltestelle gewartet hat.;Thorsten hat mindestens zweimal eine lautstarke Standpauke gehalten.;entailment;15;ai;bii;2;positive;twice;False;;;Vor vier Wochen hat Thorsten Tina angeschrien. Vor drei Tagen hat Thorsten wieder eine lautstarke Standpauke gehalten, als er an einer Bushaltestelle gewartet hat.;Thorsten hat mindestens zweimal eine lautstarke Standpauke gehalten.;joeddav/xlm-roberta-large-xnli;entailment;1;0.00020206411136314273;0.0001925606484292075;0.9996053576469421
15_ai_bii2_cannot_say_pos;Vor vier Wochen hat Thorsten Tina angeschrien.;Vor drei Tagen hat Thorsten wieder eine lautstarke Standpauke gehalten, als er an einer Bushaltestelle gewartet hat.;Es lässt sich nicht sagen, wie oft Thorsten eine lautstarke Standpauke gehalten hat.;unknown;15;ai;bii;2;positive;cannot say;False;;;Vor vier Wochen hat Thorsten Tina angeschrien. Vor drei Tagen hat Thorsten wieder eine lautstarke Standpauke gehalten, als er an einer Bushaltestelle gewartet hat.;Es lässt sich nicht sagen, wie oft Thorsten eine lautstarke Standpauke gehalten hat.;joeddav/xlm-roberta-large-xnli;entailment;0;0.09445518255233765;0.09944254159927368;0.8061022758483887
15_aii_bi1_once_neu;Vor vier Wochen hat Tina Thorsten angeschrien.;Vor drei Tagen hat Tina wieder eine lautstarke Standpauke bekommen, als sie an einer Bushaltestelle gewartet hat.;Tina hat einmal eine lautstarke Standpauke bekommen.;entailment;15;aii;bi;1;neutral;once;False;;;Vor vier Wochen hat Tina Thorsten angeschrien. Vor drei Tagen hat Tina wieder eine lautstarke Standpauke bekommen, als sie an einer Bushaltestelle gewartet hat.;Tina hat einmal eine lautstarke Standpauke bekommen.;joeddav/xlm-roberta-large-xnli;entailment;1;0.0009822772117331624;0.0004678927653003484;0.99854975938797
15_aii_bi1_twice_neu;Vor vier Wochen hat Tina Thorsten angeschrien.;Vor drei Tagen hat Tina wieder eine lautstarke Standpauke bekommen, als sie an einer Bushaltestelle gewartet hat.;Tina hat mindestens zweimal eine lautstarke Standpauke bekommen.;unknown;15;aii;bi;1;neutral;twice;False;;;Vor vier Wochen hat Tina Thorsten angeschrien. Vor drei Tagen hat Tina wieder eine lautstarke Standpauke bekommen, als sie an einer Bushaltestelle gewartet hat.;Tina hat mindestens zweimal eine lautstarke Standpauke bekommen.;joeddav/xlm-roberta-large-xnli;entailment;0;0.00027555180713534355;0.0002759518101811409;0.9994484782218933
15_aii_bi1_cannot_say_neu;Vor vier Wochen hat Tina Thorsten angeschrien.;Vor drei Tagen hat Tina wieder eine lautstarke Standpauke bekommen, als sie an einer Bushaltestelle gewartet hat.;Es lässt sich nicht sagen, wie oft Tina eine lautstarke Standpauke bekommen hat.;unknown;15;aii;bi;1;neutral;cannot say;False;;;Vor vier Wochen hat Tina Thorsten angeschrien. Vor drei Tagen hat Tina wieder eine lautstarke Standpauke bekommen, als sie an einer Bushaltestelle gewartet hat.;Es lässt sich nicht sagen, wie oft Tina eine lautstarke Standpauke bekommen hat.;joeddav/xlm-roberta-large-xnli;entailment;0;0.029850278049707413;0.45513641834259033;0.5150133371353149
15_aii_bi2_once_pos;Vor vier Wochen hat Tina Thorsten angeschrien.;Vor drei Tagen hat Thorsten wieder eine lautstarke Standpauke bekommen, als er an einer Bushaltestelle gewartet hat.;Thorsten hat einmal eine lautstarke Standpauke bekommen.;unknown;15;aii;bi;2;positive;once;False;;;Vor vier Wochen hat Tina Thorsten angeschrien. Vor drei Tagen hat Thorsten wieder eine lautstarke Standpauke bekommen, als er an einer Bushaltestelle gewartet hat.;Thorsten hat einmal eine lautstarke Standpauke bekommen.;joeddav/xlm-roberta-large-xnli;entailment;0;0.000850875920150429;0.0003727757721208036;0.998776376247406
15_aii_bi2_twice_pos;Vor vier Wochen hat Tina Thorsten angeschrien.;Vor drei Tagen hat Thorsten wieder eine lautstarke Standpauke bekommen, als er an einer Bushaltestelle gewartet hat.;Thorsten hat mindestens zweimal eine lautstarke Standpauke bekommen.;entailment;15;aii;bi;2;positive;twice;False;;;Vor vier Wochen hat Tina Thorsten angeschrien. Vor drei Tagen hat Thorsten wieder eine lautstarke Standpauke bekommen, als er an einer Bushaltestelle gewartet hat.;Thorsten hat mindestens zweimal eine lautstarke Standpauke bekommen.;joeddav/xlm-roberta-large-xnli;entailment;1;0.00028893433045595884;0.00027939252322539687;0.9994316697120667
15_aii_bi2_cannot_say_pos;Vor vier Wochen hat Tina Thorsten angeschrien.;Vor drei Tagen hat Thorsten wieder eine lautstarke Standpauke bekommen, als er an einer Bushaltestelle gewartet hat.;Es lässt sich nicht sagen, wie oft Thorsten eine lautstarke Standpauke bekommen hat.;unknown;15;aii;bi;2;positive;cannot say;False;;;Vor vier Wochen hat Tina Thorsten angeschrien. Vor drei Tagen hat Thorsten wieder eine lautstarke Standpauke bekommen, als er an einer Bushaltestelle gewartet hat.;Es lässt sich nicht sagen, wie oft Thorsten eine lautstarke Standpauke bekommen hat.;joeddav/xlm-roberta-large-xnli;entailment;0;0.025816889479756355;0.24143284559249878;0.7327502965927124
15_aii_bii1_once_pos;Vor vier Wochen hat Tina Thorsten angeschrien.;Vor drei Tagen hat Tina wieder eine lautstarke Standpauke gehalten, als sie an einer Bushaltestelle gewartet hat.;Tina hat einmal eine lautstarke Standpauke gehalten.;unknown;15;aii;bii;1;positive;once;False;;;Vor vier Wochen hat Tina Thorsten angeschrien. Vor drei Tagen hat Tina wieder eine lautstarke Standpauke gehalten, als sie an einer Bushaltestelle gewartet hat.;Tina hat einmal eine lautstarke Standpauke gehalten.;joeddav/xlm-roberta-large-xnli;entailment;0;0.0012083066394552588;0.000527681375388056;0.9982640147209167
15_aii_bii1_twice_pos;Vor vier Wochen hat Tina Thorsten angeschrien.;Vor drei Tagen hat Tina wieder eine lautstarke Standpauke gehalten, als sie an einer Bushaltestelle gewartet hat.;Tina hat mindestens zweimal eine lautstarke Standpauke gehalten.;entailment;15;aii;bii;1;positive;twice;False;;;Vor vier Wochen hat Tina Thorsten angeschrien. Vor drei Tagen hat Tina wieder eine lautstarke Standpauke gehalten, als sie an einer Bushaltestelle gewartet hat.;Tina hat mindestens zweimal eine lautstarke Standpauke gehalten.;joeddav/xlm-roberta-large-xnli;entailment;1;0.0002390614099567756;0.00021487055346369743;0.9995459914207458
15_aii_bii1_cannot_say_pos;Vor vier Wochen hat Tina Thorsten angeschrien.;Vor drei Tagen hat Tina wieder eine lautstarke Standpauke gehalten, als sie an einer Bushaltestelle gewartet hat.;Es lässt sich nicht sagen, wie oft Tina eine lautstarke Standpauke gehalten hat.;unknown;15;aii;bii;1;positive;cannot say;False;;;Vor vier Wochen hat Tina Thorsten angeschrien. Vor drei Tagen hat Tina wieder eine lautstarke Standpauke gehalten, als sie an einer Bushaltestelle gewartet hat.;Es lässt sich nicht sagen, wie oft Tina eine lautstarke Standpauke gehalten hat.;joeddav/xlm-roberta-large-xnli;entailment;0;0.13588859140872955;0.13856619596481323;0.7255452275276184
15_aii_bii2_once_neu;Vor vier Wochen hat Tina Thorsten angeschrien.;Vor drei Tagen hat Thorsten wieder eine lautstarke Standpauke gehalten, als er an einer Bushaltestelle gewartet hat.;Thorsten hat einmal eine lautstarke Standpauke gehalten.;entailment;15;aii;bii;2;neutral;once;False;;;Vor vier Wochen hat Tina Thorsten angeschrien. Vor drei Tagen hat Thorsten wieder eine lautstarke Standpauke gehalten, als er an einer Bushaltestelle gewartet hat.;Thorsten hat einmal eine lautstarke Standpauke gehalten.;joeddav/xlm-roberta-large-xnli;entailment;1;0.0012303284602239728;0.0004914491437375546;0.9982782602310181
15_aii_bii2_twice_neu;Vor vier Wochen hat Tina Thorsten angeschrien.;Vor drei Tagen hat Thorsten wieder eine lautstarke Standpauke gehalten, als er an einer Bushaltestelle gewartet hat.;Thorsten hat mindestens zweimal eine lautstarke Standpauke gehalten.;unknown;15;aii;bii;2;neutral;twice;False;;;Vor vier Wochen hat Tina Thorsten angeschrien. Vor drei Tagen hat Thorsten wieder eine lautstarke Standpauke gehalten, als er an einer Bushaltestelle gewartet hat.;Thorsten hat mindestens zweimal eine lautstarke Standpauke gehalten.;joeddav/xlm-roberta-large-xnli;entailment;0;0.00024345731071662158;0.0002111918292939663;0.9995452761650085
15_aii_bii2_cannot_say_neu;Vor vier Wochen hat Tina Thorsten angeschrien.;Vor drei Tagen hat Thorsten wieder eine lautstarke Standpauke gehalten, als er an einer Bushaltestelle gewartet hat.;Es lässt sich nicht sagen, wie oft Thorsten eine lautstarke Standpauke gehalten hat.;unknown;15;aii;bii;2;neutral;cannot say;False;;;Vor vier Wochen hat Tina Thorsten angeschrien. Vor drei Tagen hat Thorsten wieder eine lautstarke Standpauke gehalten, als er an einer Bushaltestelle gewartet hat.;Es lässt sich nicht sagen, wie oft Thorsten eine lautstarke Standpauke gehalten hat.;joeddav/xlm-roberta-large-xnli;entailment;0;0.10278315097093582;0.11664845049381256;0.7805684208869934
16_ai_bi1_once_pos;Vor vier Monaten hat Greta Sabine ein tragisches Gedicht vorgetragen.;Vor zwei Tagen hat Sabine wieder ein tragisches Gedicht gehört, als sie bei einem Kleinkunstabend zugegen war.;Sabine hat einmal ein tragisches Gedicht gehört.;unknown;16;ai;bi;1;positive;once;False;;;Vor vier Monaten hat Greta Sabine ein tragisches Gedicht vorgetragen. Vor zwei Tagen hat Sabine wieder ein tragisches Gedicht gehört, als sie bei einem Kleinkunstabend zugegen war.;Sabine hat einmal ein tragisches Gedicht gehört.;joeddav/xlm-roberta-large-xnli;entailment;0;0.001990199089050293;0.0005575716495513916;0.9974521994590759
16_ai_bi1_twice_pos;Vor vier Monaten hat Greta Sabine ein tragisches Gedicht vorgetragen.;Vor zwei Tagen hat Sabine wieder ein tragisches Gedicht gehört, als sie bei einem Kleinkunstabend zugegen war.;Sabine hat mindestens zweimal ein tragisches Gedicht gehört.;entailment;16;ai;bi;1;positive;twice;False;;;Vor vier Monaten hat Greta Sabine ein tragisches Gedicht vorgetragen. Vor zwei Tagen hat Sabine wieder ein tragisches Gedicht gehört, als sie bei einem Kleinkunstabend zugegen war.;Sabine hat mindestens zweimal ein tragisches Gedicht gehört.;joeddav/xlm-roberta-large-xnli;entailment;1;0.0003652442537713796;0.00038794177817180753;0.9992468357086182
16_ai_bi1_cannot_say_pos;Vor vier Monaten hat Greta Sabine ein tragisches Gedicht vorgetragen.;Vor zwei Tagen hat Sabine wieder ein tragisches Gedicht gehört, als sie bei einem Kleinkunstabend zugegen war.;Es lässt sich nicht sagen, wie oft Sabine ein tragisches Gedicht gehört hat.;unknown;16;ai;bi;1;positive;cannot say;False;;;Vor vier Monaten hat Greta Sabine ein tragisches Gedicht vorgetragen. Vor zwei Tagen hat Sabine wieder ein tragisches Gedicht gehört, als sie bei einem Kleinkunstabend zugegen war.;Es lässt sich nicht sagen, wie oft Sabine ein tragisches Gedicht gehört hat.;joeddav/xlm-roberta-large-xnli;entailment;0;0.022330453619360924;0.0030727912671864033;0.9745967984199524
16_ai_bi2_once_neu;Vor vier Monaten hat Greta Sabine ein tragisches Gedicht vorgetragen.;Vor zwei Tagen hat Greta wieder ein tragisches Gedicht gehört, als sie bei einem Kleinkunstabend zugegen war.;Greta hat einmal ein tragisches Gedicht gehört.;entailment;16;ai;bi;2;neutral;once;False;;;Vor vier Monaten hat Greta Sabine ein tragisches Gedicht vorgetragen. Vor zwei Tagen hat Greta wieder ein tragisches Gedicht gehört, als sie bei einem Kleinkunstabend zugegen war.;Greta hat einmal ein tragisches Gedicht gehört.;joeddav/xlm-roberta-large-xnli;entailment;1;0.001803055522032082;0.000502632581628859;0.9976943135261536
16_ai_bi2_twice_neu;Vor vier Monaten hat Greta Sabine ein tragisches Gedicht vorgetragen.;Vor zwei Tagen hat Greta wieder ein tragisches Gedicht gehört, als sie bei einem Kleinkunstabend zugegen war.;Greta hat mindestens zweimal ein tragisches Gedicht gehört.;unknown;16;ai;bi;2;neutral;twice;False;;;Vor vier Monaten hat Greta Sabine ein tragisches Gedicht vorgetragen. Vor zwei Tagen hat Greta wieder ein tragisches Gedicht gehört, als sie bei einem Kleinkunstabend zugegen war.;Greta hat mindestens zweimal ein tragisches Gedicht gehört.;joeddav/xlm-roberta-large-xnli;entailment;0;0.0003813984803855419;0.00039582219324074686;0.9992227554321289
16_ai_bi2_cannot_say_neu;Vor vier Monaten hat Greta Sabine ein tragisches Gedicht vorgetragen.;Vor zwei Tagen hat Greta wieder ein tragisches Gedicht gehört, als sie bei einem Kleinkunstabend zugegen war.;Es lässt sich nicht sagen, wie oft Greta ein tragisches Gedicht gehört hat.;unknown;16;ai;bi;2;neutral;cannot say;False;;;Vor vier Monaten hat Greta Sabine ein tragisches Gedicht vorgetragen. Vor zwei Tagen hat Greta wieder ein tragisches Gedicht gehört, als sie bei einem Kleinkunstabend zugegen war.;Es lässt sich nicht sagen, wie oft Greta ein tragisches Gedicht gehört hat.;joeddav/xlm-roberta-large-xnli;entailment;0;0.019989918917417526;0.0026128082536160946;0.9773972630500793
16_ai_bii1_once_neu;Vor vier Monaten hat Greta Sabine ein tragisches Gedicht vorgetragen.;Vor zwei Tagen hat Sabine wieder ein tragisches Gedicht rezitiert, als sie bei einem Kleinkunstabend zugegen war.;Sabine hat einmal ein tragisches Gedicht rezitiert.;entailment;16;ai;bii;1;neutral;once;False;;;Vor vier Monaten hat Greta Sabine ein tragisches Gedicht vorgetragen. Vor zwei Tagen hat Sabine wieder ein tragisches Gedicht rezitiert, als sie bei einem Kleinkunstabend zugegen war.;Sabine hat einmal ein tragisches Gedicht rezitiert.;joeddav/xlm-roberta-large-xnli;entailment;1;0.0009621402132324874;0.00042097101686522365;0.9986169338226318
16_ai_bii1_twice_neu;Vor vier Monaten hat Greta Sabine ein tragisches Gedicht vorgetragen.;Vor zwei Tagen hat Sabine wieder ein tragisches Gedicht rezitiert, als sie bei einem Kleinkunstabend zugegen war.;Sabine hat mindestens zweimal ein tragisches Gedicht rezitiert.;unknown;16;ai;bii;1;neutral;twice;False;;;Vor vier Monaten hat Greta Sabine ein tragisches Gedicht vorgetragen. Vor zwei Tagen hat Sabine wieder ein tragisches Gedicht rezitiert, als sie bei einem Kleinkunstabend zugegen war.;Sabine hat mindestens zweimal ein tragisches Gedicht rezitiert.;joeddav/xlm-roberta-large-xnli;entailment;0;0.00031644132104702294;0.0003387326141819358;0.9993447661399841
16_ai_bii1_cannot_say_neu;Vor vier Monaten hat Greta Sabine ein tragisches Gedicht vorgetragen.;Vor zwei Tagen hat Sabine wieder ein tragisches Gedicht rezitiert, als sie bei einem Kleinkunstabend zugegen war.;Es lässt sich nicht sagen, wie oft Sabine ein tragisches Gedicht rezitiert hat.;unknown;16;ai;bii;1;neutral;cannot say;False;;;Vor vier Monaten hat Greta Sabine ein tragisches Gedicht vorgetragen. Vor zwei Tagen hat Sabine wieder ein tragisches Gedicht rezitiert, als sie bei einem Kleinkunstabend zugegen war.;Es lässt sich nicht sagen, wie oft Sabine ein tragisches Gedicht rezitiert hat.;joeddav/xlm-roberta-large-xnli;entailment;0;0.1424531489610672;0.016048001125454903;0.8414989113807678
16_ai_bii2_once_pos;Vor vier Monaten hat Greta Sabine ein tragisches Gedicht vorgetragen.;Vor zwei Tagen hat Greta wieder ein tragisches Gedicht rezitiert, als sie bei einem Kleinkunstabend zugegen war.;Greta hat einmal ein tragisches Gedicht rezitiert.;unknown;16;ai;bii;2;positive;once;False;;;Vor vier Monaten hat Greta Sabine ein tragisches Gedicht vorgetragen. Vor zwei Tagen hat Greta wieder ein tragisches Gedicht rezitiert, als sie bei einem Kleinkunstabend zugegen war.;Greta hat einmal ein tragisches Gedicht rezitiert.;joeddav/xlm-roberta-large-xnli;entailment;0;0.0009520463063381612;0.0003980934852734208;0.9986498951911926
16_ai_bii2_twice_pos;Vor vier Monaten hat Greta Sabine ein tragisches Gedicht vorgetragen.;Vor zwei Tagen hat Greta wieder ein tragisches Gedicht rezitiert, als sie bei einem Kleinkunstabend zugegen war.;Greta hat mindestens zweimal ein tragisches Gedicht rezitiert.;entailment;16;ai;bii;2;positive;twice;False;;;Vor vier Monaten hat Greta Sabine ein tragisches Gedicht vorgetragen. Vor zwei Tagen hat Greta wieder ein tragisches Gedicht rezitiert, als sie bei einem Kleinkunstabend zugegen war.;Greta hat mindestens zweimal ein tragisches Gedicht rezitiert.;joeddav/xlm-roberta-large-xnli;entailment;1;0.0003270576416980475;0.00033233987051062286;0.9993405938148499
16_ai_bii2_cannot_say_pos;Vor vier Monaten hat Greta Sabine ein tragisches Gedicht vorgetragen.;Vor zwei Tagen hat Greta wieder ein tragisches Gedicht rezitiert, als sie bei einem Kleinkunstabend zugegen war.;Es lässt sich nicht sagen, wie oft Greta ein tragisches Gedicht rezitiert hat.;unknown;16;ai;bii;2;positive;cannot say;False;;;Vor vier Monaten hat Greta Sabine ein tragisches Gedicht vorgetragen. Vor zwei Tagen hat Greta wieder ein tragisches Gedicht rezitiert, als sie bei einem Kleinkunstabend zugegen war.;Es lässt sich nicht sagen, wie oft Greta ein tragisches Gedicht rezitiert hat.;joeddav/xlm-roberta-large-xnli;entailment;0;0.16086652874946594;0.0144038125872612;0.8247296214103699
16_aii_bi1_once_neu;Vor vier Monaten hat Sabine Greta ein tragisches Gedicht vorgetragen.;Vor zwei Tagen hat Sabine wieder ein tragisches Gedicht gehört, als sie bei einem Kleinkunstabend zugegen war.;Sabine hat einmal ein tragisches Gedicht gehört.;entailment;16;aii;bi;1;neutral;once;False;;;Vor vier Monaten hat Sabine Greta ein tragisches Gedicht vorgetragen. Vor zwei Tagen hat Sabine wieder ein tragisches Gedicht gehört, als sie bei einem Kleinkunstabend zugegen war.;Sabine hat einmal ein tragisches Gedicht gehört.;joeddav/xlm-roberta-large-xnli;entailment;1;0.0019085193052887917;0.0005220025195740163;0.9975695013999939
16_aii_bi1_twice_neu;Vor vier Monaten hat Sabine Greta ein tragisches Gedicht vorgetragen.;Vor zwei Tagen hat Sabine wieder ein tragisches Gedicht gehört, als sie bei einem Kleinkunstabend zugegen war.;Sabine hat mindestens zweimal ein tragisches Gedicht gehört.;unknown;16;aii;bi;1;neutral;twice;False;;;Vor vier Monaten hat Sabine Greta ein tragisches Gedicht vorgetragen. Vor zwei Tagen hat Sabine wieder ein tragisches Gedicht gehört, als sie bei einem Kleinkunstabend zugegen war.;Sabine hat mindestens zweimal ein tragisches Gedicht gehört.;joeddav/xlm-roberta-large-xnli;entailment;0;0.0003688219585455954;0.00038363286876119673;0.9992475509643555
16_aii_bi1_cannot_say_neu;Vor vier Monaten hat Sabine Greta ein tragisches Gedicht vorgetragen.;Vor zwei Tagen hat Sabine wieder ein tragisches Gedicht gehört, als sie bei einem Kleinkunstabend zugegen war.;Es lässt sich nicht sagen, wie oft Sabine ein tragisches Gedicht gehört hat.;unknown;16;aii;bi;1;neutral;cannot say;False;;;Vor vier Monaten hat Sabine Greta ein tragisches Gedicht vorgetragen. Vor zwei Tagen hat Sabine wieder ein tragisches Gedicht gehört, als sie bei einem Kleinkunstabend zugegen war.;Es lässt sich nicht sagen, wie oft Sabine ein tragisches Gedicht gehört hat.;joeddav/xlm-roberta-large-xnli;entailment;0;0.02292855642735958;0.0031164565589278936;0.973954975605011
16_aii_bi2_once_pos;Vor vier Monaten hat Sabine Greta ein tragisches Gedicht vorgetragen.;Vor zwei Tagen hat Greta wieder ein tragisches Gedicht gehört, als sie bei einem Kleinkunstabend zugegen war.;Greta hat einmal ein tragisches Gedicht gehört.;unknown;16;aii;bi;2;positive;once;False;;;Vor vier Monaten hat Sabine Greta ein tragisches Gedicht vorgetragen. Vor zwei Tagen hat Greta wieder ein tragisches Gedicht gehört, als sie bei einem Kleinkunstabend zugegen war.;Greta hat einmal ein tragisches Gedicht gehört.;joeddav/xlm-roberta-large-xnli;entailment;0;0.0018441005377098918;0.0005284167127683759;0.9976275563240051
16_aii_bi2_twice_pos;Vor vier Monaten hat Sabine Greta ein tragisches Gedicht vorgetragen.;Vor zwei Tagen hat Greta wieder ein tragisches Gedicht gehört, als sie bei einem Kleinkunstabend zugegen war.;Greta hat mindestens zweimal ein tragisches Gedicht gehört.;entailment;16;aii;bi;2;positive;twice;False;;;Vor vier Monaten hat Sabine Greta ein tragisches Gedicht vorgetragen. Vor zwei Tagen hat Greta wieder ein tragisches Gedicht gehört, als sie bei einem Kleinkunstabend zugegen war.;Greta hat mindestens zweimal ein tragisches Gedicht gehört.;joeddav/xlm-roberta-large-xnli;entailment;1;0.0003767652960959822;0.00039756190381012857;0.9992256164550781
16_aii_bi2_cannot_say_pos;Vor vier Monaten hat Sabine Greta ein tragisches Gedicht vorgetragen.;Vor zwei Tagen hat Greta wieder ein tragisches Gedicht gehört, als sie bei einem Kleinkunstabend zugegen war.;Es lässt sich nicht sagen, wie oft Greta ein tragisches Gedicht gehört hat.;unknown;16;aii;bi;2;positive;cannot say;False;;;Vor vier Monaten hat Sabine Greta ein tragisches Gedicht vorgetragen. Vor zwei Tagen hat Greta wieder ein tragisches Gedicht gehört, als sie bei einem Kleinkunstabend zugegen war.;Es lässt sich nicht sagen, wie oft Greta ein tragisches Gedicht gehört hat.;joeddav/xlm-roberta-large-xnli;entailment;0;0.018629776313900948;0.0025301638524979353;0.9788399934768677
16_aii_bii1_once_pos;Vor vier Monaten hat Sabine Greta ein tragisches Gedicht vorgetragen.;Vor zwei Tagen hat Sabine wieder ein tragisches Gedicht rezitiert, als sie bei einem Kleinkunstabend zugegen war.;Sabine hat einmal ein tragisches Gedicht rezitiert.;unknown;16;aii;bii;1;positive;once;False;;;Vor vier Monaten hat Sabine Greta ein tragisches Gedicht vorgetragen. Vor zwei Tagen hat Sabine wieder ein tragisches Gedicht rezitiert, als sie bei einem Kleinkunstabend zugegen war.;Sabine hat einmal ein tragisches Gedicht rezitiert.;joeddav/xlm-roberta-large-xnli;entailment;0;0.0009802446002140641;0.00041479928768239915;0.998604953289032
16_aii_bii1_twice_pos;Vor vier Monaten hat Sabine Greta ein tragisches Gedicht vorgetragen.;Vor zwei Tagen hat Sabine wieder ein tragisches Gedicht rezitiert, als sie bei einem Kleinkunstabend zugegen war.;Sabine hat mindestens zweimal ein tragisches Gedicht rezitiert.;entailment;16;aii;bii;1;positive;twice;False;;;Vor vier Monaten hat Sabine Greta ein tragisches Gedicht vorgetragen. Vor zwei Tagen hat Sabine wieder ein tragisches Gedicht rezitiert, als sie bei einem Kleinkunstabend zugegen war.;Sabine hat mindestens zweimal ein tragisches Gedicht rezitiert.;joeddav/xlm-roberta-large-xnli;entailment;1;0.0003282270336057991;0.0003412282094359398;0.9993305206298828
16_aii_bii1_cannot_say_pos;Vor vier Monaten hat Sabine Greta ein tragisches Gedicht vorgetragen.;Vor zwei Tagen hat Sabine wieder ein tragisches Gedicht rezitiert, als sie bei einem Kleinkunstabend zugegen war.;Es lässt sich nicht sagen, wie oft Sabine ein tragisches Gedicht rezitiert hat.;unknown;16;aii;bii;1;positive;cannot say;False;;;Vor vier Monaten hat Sabine Greta ein tragisches Gedicht vorgetragen. Vor zwei Tagen hat Sabine wieder ein tragisches Gedicht rezitiert, als sie bei einem Kleinkunstabend zugegen war.;Es lässt sich nicht sagen, wie oft Sabine ein tragisches Gedicht rezitiert hat.;joeddav/xlm-roberta-large-xnli;entailment;0;0.14586922526359558;0.015820978209376335;0.8383097648620605
16_aii_bii2_once_neu;Vor vier Monaten hat Sabine Greta ein tragisches Gedicht vorgetragen.;Vor zwei Tagen hat Greta wieder ein tragisches Gedicht rezitiert, als sie bei einem Kleinkunstabend zugegen war.;Greta hat einmal ein tragisches Gedicht rezitiert.;entailment;16;aii;bii;2;neutral;once;False;;;Vor vier Monaten hat Sabine Greta ein tragisches Gedicht vorgetragen. Vor zwei Tagen hat Greta wieder ein tragisches Gedicht rezitiert, als sie bei einem Kleinkunstabend zugegen war.;Greta hat einmal ein tragisches Gedicht rezitiert.;joeddav/xlm-roberta-large-xnli;entailment;1;0.0009207308175973594;0.0003994699800387025;0.9986798167228699
16_aii_bii2_twice_neu;Vor vier Monaten hat Sabine Greta ein tragisches Gedicht vorgetragen.;Vor zwei Tagen hat Greta wieder ein tragisches Gedicht rezitiert, als sie bei einem Kleinkunstabend zugegen war.;Greta hat mindestens zweimal ein tragisches Gedicht rezitiert.;unknown;16;aii;bii;2;neutral;twice;False;;;Vor vier Monaten hat Sabine Greta ein tragisches Gedicht vorgetragen. Vor zwei Tagen hat Greta wieder ein tragisches Gedicht rezitiert, als sie bei einem Kleinkunstabend zugegen war.;Greta hat mindestens zweimal ein tragisches Gedicht rezitiert.;joeddav/xlm-roberta-large-xnli;entailment;0;0.0003174567536916584;0.0003269527805969119;0.9993556141853333
16_aii_bii2_cannot_say_neu;Vor vier Monaten hat Sabine Greta ein tragisches Gedicht vorgetragen.;Vor zwei Tagen hat Greta wieder ein tragisches Gedicht rezitiert, als sie bei einem Kleinkunstabend zugegen war.;Es lässt sich nicht sagen, wie oft Greta ein tragisches Gedicht rezitiert hat.;unknown;16;aii;bii;2;neutral;cannot say;False;;;Vor vier Monaten hat Sabine Greta ein tragisches Gedicht vorgetragen. Vor zwei Tagen hat Greta wieder ein tragisches Gedicht rezitiert, als sie bei einem Kleinkunstabend zugegen war.;Es lässt sich nicht sagen, wie oft Greta ein tragisches Gedicht rezitiert hat.;joeddav/xlm-roberta-large-xnli;entailment;0;0.1313951015472412;0.01421930082142353;0.8543855547904968
17_ai_bi1_once_pos;Vor zwei Monaten hat Greta vor Tina einen komplizierten Vortrag gehalten.;Vor drei Tagen hat Tina wieder einen komplizierten Vortrag gehört, als sie auf einer Tagung gewesen ist.;Tina hat einmal einen komplizierten Vortrag gehört.;unknown;17;ai;bi;1;positive;once;False;;;Vor zwei Monaten hat Greta vor Tina einen komplizierten Vortrag gehalten. Vor drei Tagen hat Tina wieder einen komplizierten Vortrag gehört, als sie auf einer Tagung gewesen ist.;Tina hat einmal einen komplizierten Vortrag gehört.;joeddav/xlm-roberta-large-xnli;entailment;0;0.001411618199199438;0.0003909137158188969;0.9981974959373474
17_ai_bi1_twice_pos;Vor zwei Monaten hat Greta vor Tina einen komplizierten Vortrag gehalten.;Vor drei Tagen hat Tina wieder einen komplizierten Vortrag gehört, als sie auf einer Tagung gewesen ist.;Tina hat mindestens zweimal einen komplizierten Vortrag gehört.;entailment;17;ai;bi;1;positive;twice;False;;;Vor zwei Monaten hat Greta vor Tina einen komplizierten Vortrag gehalten. Vor drei Tagen hat Tina wieder einen komplizierten Vortrag gehört, als sie auf einer Tagung gewesen ist.;Tina hat mindestens zweimal einen komplizierten Vortrag gehört.;joeddav/xlm-roberta-large-xnli;entailment;1;0.00041532309842295945;0.0004308604111429304;0.9991538524627686
17_ai_bi1_cannot_say_pos;Vor zwei Monaten hat Greta vor Tina einen komplizierten Vortrag gehalten.;Vor drei Tagen hat Tina wieder einen komplizierten Vortrag gehört, als sie auf einer Tagung gewesen ist.;Es lässt sich nicht sagen, wie oft Tina einen komplizierten Vortrag gehört hat.;unknown;17;ai;bi;1;positive;cannot say;False;;;Vor zwei Monaten hat Greta vor Tina einen komplizierten Vortrag gehalten. Vor drei Tagen hat Tina wieder einen komplizierten Vortrag gehört, als sie auf einer Tagung gewesen ist.;Es lässt sich nicht sagen, wie oft Tina einen komplizierten Vortrag gehört hat.;joeddav/xlm-roberta-large-xnli;entailment;0;0.1059904471039772;0.01077198050916195;0.8832375407218933
17_ai_bi2_once_neu;Vor zwei Monaten hat Greta vor Tina einen komplizierten Vortrag gehalten.;Vor drei Tagen hat Greta wieder einen komplizierten Vortrag gehört, als sie auf einer Tagung gewesen ist.;Greta hat einmal einen komplizierten Vortrag gehört.;entailment;17;ai;bi;2;neutral;once;False;;;Vor zwei Monaten hat Greta vor Tina einen komplizierten Vortrag gehalten. Vor drei Tagen hat Greta wieder einen komplizierten Vortrag gehört, als sie auf einer Tagung gewesen ist.;Greta hat einmal einen komplizierten Vortrag gehört.;joeddav/xlm-roberta-large-xnli;entailment;1;0.0019314715173095465;0.0004493678279686719;0.997619092464447
17_ai_bi2_twice_neu;Vor zwei Monaten hat Greta vor Tina einen komplizierten Vortrag gehalten.;Vor drei Tagen hat Greta wieder einen komplizierten Vortrag gehört, als sie auf einer Tagung gewesen ist.;Greta hat mindestens zweimal einen komplizierten Vortrag gehört.;unknown;17;ai;bi;2;neutral;twice;False;;;Vor zwei Monaten hat Greta vor Tina einen komplizierten Vortrag gehalten. Vor drei Tagen hat Greta wieder einen komplizierten Vortrag gehört, als sie auf einer Tagung gewesen ist.;Greta hat mindestens zweimal einen komplizierten Vortrag gehört.;joeddav/xlm-roberta-large-xnli;entailment;0;0.000337191711878404;0.0003459643048699945;0.9993168115615845
17_ai_bi2_cannot_say_neu;Vor zwei Monaten hat Greta vor Tina einen komplizierten Vortrag gehalten.;Vor drei Tagen hat Greta wieder einen komplizierten Vortrag gehört, als sie auf einer Tagung gewesen ist.;Es lässt sich nicht sagen, wie oft Greta einen komplizierten Vortrag gehört hat.;unknown;17;ai;bi;2;neutral;cannot say;False;;;Vor zwei Monaten hat Greta vor Tina einen komplizierten Vortrag gehalten. Vor drei Tagen hat Greta wieder einen komplizierten Vortrag gehört, als sie auf einer Tagung gewesen ist.;Es lässt sich nicht sagen, wie oft Greta einen komplizierten Vortrag gehört hat.;joeddav/xlm-roberta-large-xnli;entailment;0;0.04016469791531563;0.005182731430977583;0.9546526074409485
17_ai_bii1_once_neu;Vor zwei Monaten hat Greta vor Tina einen komplizierten Vortrag gehalten.;Vor drei Tagen hat Tina wieder einen komplizierten Vortrag präsentiert, als sie auf einer Tagung gewesen ist.;Tina hat einmal einen komplizierten Vortrag präsentiert.;entailment;17;ai;bii;1;neutral;once;False;;;Vor zwei Monaten hat Greta vor Tina einen komplizierten Vortrag gehalten. Vor drei Tagen hat Tina wieder einen komplizierten Vortrag präsentiert, als sie auf einer Tagung gewesen ist.;Tina hat einmal einen komplizierten Vortrag präsentiert.;joeddav/xlm-roberta-large-xnli;entailment;1;0.003954112064093351;0.0008252509287558496;0.9952206015586853
17_ai_bii1_twice_neu;Vor zwei Monaten hat Greta vor Tina einen komplizierten Vortrag gehalten.;Vor drei Tagen hat Tina wieder einen komplizierten Vortrag präsentiert, als sie auf einer Tagung gewesen ist.;Tina hat mindestens zweimal einen komplizierten Vortrag präsentiert.;unknown;17;ai;bii;1;neutral;twice;False;;;Vor zwei Monaten hat Greta vor Tina einen komplizierten Vortrag gehalten. Vor drei Tagen hat Tina wieder einen komplizierten Vortrag präsentiert, als sie auf einer Tagung gewesen ist.;Tina hat mindestens zweimal einen komplizierten Vortrag präsentiert.;joeddav/xlm-roberta-large-xnli;entailment;0;0.0006816007662564516;0.00043339456897228956;0.9988849759101868
17_ai_bii1_cannot_say_neu;Vor zwei Monaten hat Greta vor Tina einen komplizierten Vortrag gehalten.;Vor drei Tagen hat Tina wieder einen komplizierten Vortrag präsentiert, als sie auf einer Tagung gewesen ist.;Es lässt sich nicht sagen, wie oft Tina einen komplizierten Vortrag präsentiert hat.;unknown;17;ai;bii;1;neutral;cannot say;False;;;Vor zwei Monaten hat Greta vor Tina einen komplizierten Vortrag gehalten. Vor drei Tagen hat Tina wieder einen komplizierten Vortrag präsentiert, als sie auf einer Tagung gewesen ist.;Es lässt sich nicht sagen, wie oft Tina einen komplizierten Vortrag präsentiert hat.;joeddav/xlm-roberta-large-xnli;entailment;0;0.31153419613838196;0.025287099182605743;0.6631786823272705
17_ai_bii2_once_pos;Vor zwei Monaten hat Greta vor Tina einen komplizierten Vortrag gehalten.;Vor drei Tagen hat Greta wieder einen komplizierten Vortrag präsentiert, als sie auf einer Tagung gewesen ist.;Greta hat einmal einen komplizierten Vortrag präsentiert.;unknown;17;ai;bii;2;positive;once;False;;;Vor zwei Monaten hat Greta vor Tina einen komplizierten Vortrag gehalten. Vor drei Tagen hat Greta wieder einen komplizierten Vortrag präsentiert, als sie auf einer Tagung gewesen ist.;Greta hat einmal einen komplizierten Vortrag präsentiert.;joeddav/xlm-roberta-large-xnli;entailment;0;0.0008350921561941504;0.0003340800176374614;0.9988308548927307
17_ai_bii2_twice_pos;Vor zwei Monaten hat Greta vor Tina einen komplizierten Vortrag gehalten.;Vor drei Tagen hat Greta wieder einen komplizierten Vortrag präsentiert, als sie auf einer Tagung gewesen ist.;Greta hat mindestens zweimal einen komplizierten Vortrag präsentiert.;entailment;17;ai;bii;2;positive;twice;False;;;Vor zwei Monaten hat Greta vor Tina einen komplizierten Vortrag gehalten. Vor drei Tagen hat Greta wieder einen komplizierten Vortrag präsentiert, als sie auf einer Tagung gewesen ist.;Greta hat mindestens zweimal einen komplizierten Vortrag präsentiert.;joeddav/xlm-roberta-large-xnli;entailment;1;0.00029462247039191425;0.0002523680741433054;0.9994530081748962
17_ai_bii2_cannot_say_pos;Vor zwei Monaten hat Greta vor Tina einen komplizierten Vortrag gehalten.;Vor drei Tagen hat Greta wieder einen komplizierten Vortrag präsentiert, als sie auf einer Tagung gewesen ist.;Es lässt sich nicht sagen, wie oft Greta einen komplizierten Vortrag präsentiert hat.;unknown;17;ai;bii;2;positive;cannot say;False;;;Vor zwei Monaten hat Greta vor Tina einen komplizierten Vortrag gehalten. Vor drei Tagen hat Greta wieder einen komplizierten Vortrag präsentiert, als sie auf einer Tagung gewesen ist.;Es lässt sich nicht sagen, wie oft Greta einen komplizierten Vortrag präsentiert hat.;joeddav/xlm-roberta-large-xnli;entailment;0;0.17463558912277222;0.017534906044602394;0.8078294992446899
17_aii_bi1_once_neu;Vor zwei Monaten hat Tina vor Greta einen komplizierten Vortrag gehalten.;Vor drei Tagen hat Tina wieder einen komplizierten Vortrag gehört, als sie auf einer Tagung gewesen ist.;Tina hat einmal einen komplizierten Vortrag gehört.;entailment;17;aii;bi;1;neutral;once;False;;;Vor zwei Monaten hat Tina vor Greta einen komplizierten Vortrag gehalten. Vor drei Tagen hat Tina wieder einen komplizierten Vortrag gehört, als sie auf einer Tagung gewesen ist.;Tina hat einmal einen komplizierten Vortrag gehört.;joeddav/xlm-roberta-large-xnli;entailment;1;0.0017050397582352161;0.00040879545849747956;0.9978861212730408
17_aii_bi1_twice_neu;Vor zwei Monaten hat Tina vor Greta einen komplizierten Vortrag gehalten.;Vor drei Tagen hat Tina wieder einen komplizierten Vortrag gehört, als sie auf einer Tagung gewesen ist.;Tina hat mindestens zweimal einen komplizierten Vortrag gehört.;unknown;17;aii;bi;1;neutral;twice;False;;;Vor zwei Monaten hat Tina vor Greta einen komplizierten Vortrag gehalten. Vor drei Tagen hat Tina wieder einen komplizierten Vortrag gehört, als sie auf einer Tagung gewesen ist.;Tina hat mindestens zweimal einen komplizierten Vortrag gehört.;joeddav/xlm-roberta-large-xnli;entailment;0;0.00037670382880605757;0.00041935426997952163;0.9992039799690247
17_aii_bi1_cannot_say_neu;Vor zwei Monaten hat Tina vor Greta einen komplizierten Vortrag gehalten.;Vor drei Tagen hat Tina wieder einen komplizierten Vortrag gehört, als sie auf einer Tagung gewesen ist.;Es lässt sich nicht sagen, wie oft Tina einen komplizierten Vortrag gehört hat.;unknown;17;aii;bi;1;neutral;cannot say;False;;;Vor zwei Monaten hat Tina vor Greta einen komplizierten Vortrag gehalten. Vor drei Tagen hat Tina wieder einen komplizierten Vortrag gehört, als sie auf einer Tagung gewesen ist.;Es lässt sich nicht sagen, wie oft Tina einen komplizierten Vortrag gehört hat.;joeddav/xlm-roberta-large-xnli;entailment;0;0.11987287551164627;0.015426910482347012;0.864700198173523
17_aii_bi2_once_pos;Vor zwei Monaten hat Tina vor Greta einen komplizierten Vortrag gehalten.;Vor drei Tagen hat Greta wieder einen komplizierten Vortrag gehört, als sie auf einer Tagung gewesen ist.;Greta hat einmal einen komplizierten Vortrag gehört.;unknown;17;aii;bi;2;positive;once;False;;;Vor zwei Monaten hat Tina vor Greta einen komplizierten Vortrag gehalten. Vor drei Tagen hat Greta wieder einen komplizierten Vortrag gehört, als sie auf einer Tagung gewesen ist.;Greta hat einmal einen komplizierten Vortrag gehört.;joeddav/xlm-roberta-large-xnli;entailment;0;0.0012845337623730302;0.00037657940993085504;0.9983388185501099
17_aii_bi2_twice_pos;Vor zwei Monaten hat Tina vor Greta einen komplizierten Vortrag gehalten.;Vor drei Tagen hat Greta wieder einen komplizierten Vortrag gehört, als sie auf einer Tagung gewesen ist.;Greta hat mindestens zweimal einen komplizierten Vortrag gehört.;entailment;17;aii;bi;2;positive;twice;False;;;Vor zwei Monaten hat Tina vor Greta einen komplizierten Vortrag gehalten. Vor drei Tagen hat Greta wieder einen komplizierten Vortrag gehört, als sie auf einer Tagung gewesen ist.;Greta hat mindestens zweimal einen komplizierten Vortrag gehört.;joeddav/xlm-roberta-large-xnli;entailment;1;0.0003906924684997648;0.00038506457349285483;0.9992241859436035
17_aii_bi2_cannot_say_pos;Vor zwei Monaten hat Tina vor Greta einen komplizierten Vortrag gehalten.;Vor drei Tagen hat Greta wieder einen komplizierten Vortrag gehört, als sie auf einer Tagung gewesen ist.;Es lässt sich nicht sagen, wie oft Greta einen komplizierten Vortrag gehört hat.;unknown;17;aii;bi;2;positive;cannot say;False;;;Vor zwei Monaten hat Tina vor Greta einen komplizierten Vortrag gehalten. Vor drei Tagen hat Greta wieder einen komplizierten Vortrag gehört, als sie auf einer Tagung gewesen ist.;Es lässt sich nicht sagen, wie oft Greta einen komplizierten Vortrag gehört hat.;joeddav/xlm-roberta-large-xnli;entailment;0;0.04526728019118309;0.006417703349143267;0.9483150243759155
17_aii_bii1_once_pos;Vor zwei Monaten hat Tina vor Greta einen komplizierten Vortrag gehalten.;Vor drei Tagen hat Tina wieder einen komplizierten Vortrag präsentiert, als sie auf einer Tagung gewesen ist.;Tina hat einmal einen komplizierten Vortrag präsentiert.;unknown;17;aii;bii;1;positive;once;False;;;Vor zwei Monaten hat Tina vor Greta einen komplizierten Vortrag gehalten. Vor drei Tagen hat Tina wieder einen komplizierten Vortrag präsentiert, als sie auf einer Tagung gewesen ist.;Tina hat einmal einen komplizierten Vortrag präsentiert.;joeddav/xlm-roberta-large-xnli;entailment;0;0.0008092968491837382;0.0003326175210531801;0.9988580942153931
17_aii_bii1_twice_pos;Vor zwei Monaten hat Tina vor Greta einen komplizierten Vortrag gehalten.;Vor drei Tagen hat Tina wieder einen komplizierten Vortrag präsentiert, als sie auf einer Tagung gewesen ist.;Tina hat mindestens zweimal einen komplizierten Vortrag präsentiert.;entailment;17;aii;bii;1;positive;twice;False;;;Vor zwei Monaten hat Tina vor Greta einen komplizierten Vortrag gehalten. Vor drei Tagen hat Tina wieder einen komplizierten Vortrag präsentiert, als sie auf einer Tagung gewesen ist.;Tina hat mindestens zweimal einen komplizierten Vortrag präsentiert.;joeddav/xlm-roberta-large-xnli;entailment;1;0.00032886010012589395;0.00030007833265699446;0.9993711113929749
17_aii_bii1_cannot_say_pos;Vor zwei Monaten hat Tina vor Greta einen komplizierten Vortrag gehalten.;Vor drei Tagen hat Tina wieder einen komplizierten Vortrag präsentiert, als sie auf einer Tagung gewesen ist.;Es lässt sich nicht sagen, wie oft Tina einen komplizierten Vortrag präsentiert hat.;unknown;17;aii;bii;1;positive;cannot say;False;;;Vor zwei Monaten hat Tina vor Greta einen komplizierten Vortrag gehalten. Vor drei Tagen hat Tina wieder einen komplizierten Vortrag präsentiert, als sie auf einer Tagung gewesen ist.;Es lässt sich nicht sagen, wie oft Tina einen komplizierten Vortrag präsentiert hat.;joeddav/xlm-roberta-large-xnli;entailment;0;0.34363529086112976;0.04634210467338562;0.6100226044654846
17_aii_bii2_once_neu;Vor zwei Monaten hat Tina vor Greta einen komplizierten Vortrag gehalten.;Vor drei Tagen hat Greta wieder einen komplizierten Vortrag präsentiert, als sie auf einer Tagung gewesen ist.;Greta hat einmal einen komplizierten Vortrag präsentiert.;entailment;17;aii;bii;2;neutral;once;False;;;Vor zwei Monaten hat Tina vor Greta einen komplizierten Vortrag gehalten. Vor drei Tagen hat Greta wieder einen komplizierten Vortrag präsentiert, als sie auf einer Tagung gewesen ist.;Greta hat einmal einen komplizierten Vortrag präsentiert.;joeddav/xlm-roberta-large-xnli;entailment;1;0.009800907224416733;0.0017099501565098763;0.9884892106056213
17_aii_bii2_twice_neu;Vor zwei Monaten hat Tina vor Greta einen komplizierten Vortrag gehalten.;Vor drei Tagen hat Greta wieder einen komplizierten Vortrag präsentiert, als sie auf einer Tagung gewesen ist.;Greta hat mindestens zweimal einen komplizierten Vortrag präsentiert.;unknown;17;aii;bii;2;neutral;twice;False;;;Vor zwei Monaten hat Tina vor Greta einen komplizierten Vortrag gehalten. Vor drei Tagen hat Greta wieder einen komplizierten Vortrag präsentiert, als sie auf einer Tagung gewesen ist.;Greta hat mindestens zweimal einen komplizierten Vortrag präsentiert.;joeddav/xlm-roberta-large-xnli;entailment;0;0.0006863203016109765;0.0004254166560713202;0.9988883137702942
17_aii_bii2_cannot_say_neu;Vor zwei Monaten hat Tina vor Greta einen komplizierten Vortrag gehalten.;Vor drei Tagen hat Greta wieder einen komplizierten Vortrag präsentiert, als sie auf einer Tagung gewesen ist.;Es lässt sich nicht sagen, wie oft Greta einen komplizierten Vortrag präsentiert hat.;unknown;17;aii;bii;2;neutral;cannot say;False;;;Vor zwei Monaten hat Tina vor Greta einen komplizierten Vortrag gehalten. Vor drei Tagen hat Greta wieder einen komplizierten Vortrag präsentiert, als sie auf einer Tagung gewesen ist.;Es lässt sich nicht sagen, wie oft Greta einen komplizierten Vortrag präsentiert hat.;joeddav/xlm-roberta-large-xnli;entailment;0;0.29533591866493225;0.02571224980056286;0.6789518594741821
18_ai_bi1_once_pos;Vor einer Woche hat Greta Thorsten einen Cocktail ausgegeben.;Vor vier Tagen hat Thorsten wieder einen leckeren Cocktail bekommen, als er in einer Bar gewesen ist.;Thorsten hat einmal einen leckeren Cocktail bekommen.;unknown;18;ai;bi;1;positive;once;False;;;Vor einer Woche hat Greta Thorsten einen Cocktail ausgegeben. Vor vier Tagen hat Thorsten wieder einen leckeren Cocktail bekommen, als er in einer Bar gewesen ist.;Thorsten hat einmal einen leckeren Cocktail bekommen.;joeddav/xlm-roberta-large-xnli;entailment;0;0.0010191794717684388;0.0003852390800602734;0.9985955357551575
18_ai_bi1_twice_pos;Vor einer Woche hat Greta Thorsten einen Cocktail ausgegeben.;Vor vier Tagen hat Thorsten wieder einen leckeren Cocktail bekommen, als er in einer Bar gewesen ist.;Thorsten hat mindestens zweimal einen leckeren Cocktail bekommen.;entailment;18;ai;bi;1;positive;twice;False;;;Vor einer Woche hat Greta Thorsten einen Cocktail ausgegeben. Vor vier Tagen hat Thorsten wieder einen leckeren Cocktail bekommen, als er in einer Bar gewesen ist.;Thorsten hat mindestens zweimal einen leckeren Cocktail bekommen.;joeddav/xlm-roberta-large-xnli;entailment;1;0.00039317423943430185;0.0002928325266111642;0.9993139505386353
18_ai_bi1_cannot_say_pos;Vor einer Woche hat Greta Thorsten einen Cocktail ausgegeben.;Vor vier Tagen hat Thorsten wieder einen leckeren Cocktail bekommen, als er in einer Bar gewesen ist.;Es lässt sich nicht sagen, wie oft Thorsten einen leckeren Cocktail bekommen hat.;unknown;18;ai;bi;1;positive;cannot say;False;;;Vor einer Woche hat Greta Thorsten einen Cocktail ausgegeben. Vor vier Tagen hat Thorsten wieder einen leckeren Cocktail bekommen, als er in einer Bar gewesen ist.;Es lässt sich nicht sagen, wie oft Thorsten einen leckeren Cocktail bekommen hat.;joeddav/xlm-roberta-large-xnli;entailment;0;0.017245270311832428;0.015950743108987808;0.9668039679527283
18_ai_bi2_once_neu;Vor einer Woche hat Greta Thorsten einen Cocktail ausgegeben.;Vor vier Tagen hat Greta wieder einen leckeren Cocktail bekommen, als sie in einer Bar gewesen ist.;Greta hat einmal einen leckeren Cocktail bekommen.;entailment;18;ai;bi;2;neutral;once;False;;;Vor einer Woche hat Greta Thorsten einen Cocktail ausgegeben. Vor vier Tagen hat Greta wieder einen leckeren Cocktail bekommen, als sie in einer Bar gewesen ist.;Greta hat einmal einen leckeren Cocktail bekommen.;joeddav/xlm-roberta-large-xnli;entailment;1;0.0010202433913946152;0.00040939656901173294;0.9985703229904175
18_ai_bi2_twice_neu;Vor einer Woche hat Greta Thorsten einen Cocktail ausgegeben.;Vor vier Tagen hat Greta wieder einen leckeren Cocktail bekommen, als sie in einer Bar gewesen ist.;Greta hat mindestens zweimal einen leckeren Cocktail bekommen.;unknown;18;ai;bi;2;neutral;twice;False;;;Vor einer Woche hat Greta Thorsten einen Cocktail ausgegeben. Vor vier Tagen hat Greta wieder einen leckeren Cocktail bekommen, als sie in einer Bar gewesen ist.;Greta hat mindestens zweimal einen leckeren Cocktail bekommen.;joeddav/xlm-roberta-large-xnli;entailment;0;0.00040022056782618165;0.00031556535395793617;0.9992842078208923
18_ai_bi2_cannot_say_neu;Vor einer Woche hat Greta Thorsten einen Cocktail ausgegeben.;Vor vier Tagen hat Greta wieder einen leckeren Cocktail bekommen, als sie in einer Bar gewesen ist.;Es lässt sich nicht sagen, wie oft Greta einen leckeren Cocktail bekommen hat.;unknown;18;ai;bi;2;neutral;cannot say;False;;;Vor einer Woche hat Greta Thorsten einen Cocktail ausgegeben. Vor vier Tagen hat Greta wieder einen leckeren Cocktail bekommen, als sie in einer Bar gewesen ist.;Es lässt sich nicht sagen, wie oft Greta einen leckeren Cocktail bekommen hat.;joeddav/xlm-roberta-large-xnli;entailment;0;0.0281198900192976;0.0298544242978096;0.9420257210731506
18_ai_bii1_once_neu;Vor einer Woche hat Greta Thorsten einen Cocktail ausgegeben.;Vor vier Tagen hat Thorsten wieder einen leckeren Cocktail bezahlt, als er in einer Bar gewesen ist.;Thorsten hat einmal einen leckeren Cocktail bezahlt.;entailment;18;ai;bii;1;neutral;once;False;;;Vor einer Woche hat Greta Thorsten einen Cocktail ausgegeben. Vor vier Tagen hat Thorsten wieder einen leckeren Cocktail bezahlt, als er in einer Bar gewesen ist.;Thorsten hat einmal einen leckeren Cocktail bezahlt.;joeddav/xlm-roberta-large-xnli;entailment;1;0.0008602820453234017;0.00029231811640784144;0.9988473653793335
18_ai_bii1_twice_neu;Vor einer Woche hat Greta Thorsten einen Cocktail ausgegeben.;Vor vier Tagen hat Thorsten wieder einen leckeren Cocktail bezahlt, als er in einer Bar gewesen ist.;Thorsten hat mindestens zweimal einen leckeren Cocktail bezahlt.;unknown;18;ai;bii;1;neutral;twice;False;;;Vor einer Woche hat Greta Thorsten einen Cocktail ausgegeben. Vor vier Tagen hat Thorsten wieder einen leckeren Cocktail bezahlt, als er in einer Bar gewesen ist.;Thorsten hat mindestens zweimal einen leckeren Cocktail bezahlt.;joeddav/xlm-roberta-large-xnli;entailment;0;0.0003325260477140546;0.00021803015260957181;0.9994494318962097
18_ai_bii1_cannot_say_neu;Vor einer Woche hat Greta Thorsten einen Cocktail ausgegeben.;Vor vier Tagen hat Thorsten wieder einen leckeren Cocktail bezahlt, als er in einer Bar gewesen ist.;Es lässt sich nicht sagen, wie oft Thorsten einen leckeren Cocktail bezahlt hat.;unknown;18;ai;bii;1;neutral;cannot say;False;;;Vor einer Woche hat Greta Thorsten einen Cocktail ausgegeben. Vor vier Tagen hat Thorsten wieder einen leckeren Cocktail bezahlt, als er in einer Bar gewesen ist.;Es lässt sich nicht sagen, wie oft Thorsten einen leckeren Cocktail bezahlt hat.;joeddav/xlm-roberta-large-xnli;entailment;0;0.1196494773030281;0.0433608815073967;0.8369896411895752
18_ai_bii2_once_pos;Vor einer Woche hat Greta Thorsten einen Cocktail ausgegeben.;Vor vier Tagen hat Greta wieder einen leckeren Cocktail bezahlt, als sie in einer Bar gewesen ist.;Greta hat einmal einen leckeren Cocktail bezahlt.;unknown;18;ai;bii;2;positive;once;False;;;Vor einer Woche hat Greta Thorsten einen Cocktail ausgegeben. Vor vier Tagen hat Greta wieder einen leckeren Cocktail bezahlt, als sie in einer Bar gewesen ist.;Greta hat einmal einen leckeren Cocktail bezahlt.;joeddav/xlm-roberta-large-xnli;entailment;0;0.0009075523703359067;0.0003109262033831328;0.9987815022468567
18_ai_bii2_twice_pos;Vor einer Woche hat Greta Thorsten einen Cocktail ausgegeben.;Vor vier Tagen hat Greta wieder einen leckeren Cocktail bezahlt, als sie in einer Bar gewesen ist.;Greta hat mindestens zweimal einen leckeren Cocktail bezahlt.;entailment;18;ai;bii;2;positive;twice;False;;;Vor einer Woche hat Greta Thorsten einen Cocktail ausgegeben. Vor vier Tagen hat Greta wieder einen leckeren Cocktail bezahlt, als sie in einer Bar gewesen ist.;Greta hat mindestens zweimal einen leckeren Cocktail bezahlt.;joeddav/xlm-roberta-large-xnli;entailment;1;0.0003270473098382354;0.0002248494274681434;0.9994481205940247
18_ai_bii2_cannot_say_pos;Vor einer Woche hat Greta Thorsten einen Cocktail ausgegeben.;Vor vier Tagen hat Greta wieder einen leckeren Cocktail bezahlt, als sie in einer Bar gewesen ist.;Es lässt sich nicht sagen, wie oft Greta einen leckeren Cocktail bezahlt hat.;unknown;18;ai;bii;2;positive;cannot say;False;;;Vor einer Woche hat Greta Thorsten einen Cocktail ausgegeben. Vor vier Tagen hat Greta wieder einen leckeren Cocktail bezahlt, als sie in einer Bar gewesen ist.;Es lässt sich nicht sagen, wie oft Greta einen leckeren Cocktail bezahlt hat.;joeddav/xlm-roberta-large-xnli;entailment;0;0.23672135174274445;0.05675626918673515;0.7065224051475525
18_aii_bi1_once_neu;Vor einer Woche hat Thorsten Greta einen Cocktail ausgegeben.;Vor vier Tagen hat Thorsten wieder einen leckeren Cocktail bekommen, als er in einer Bar gewesen ist.;Thorsten hat einmal einen leckeren Cocktail bekommen.;entailment;18;aii;bi;1;neutral;once;False;;;Vor einer Woche hat Thorsten Greta einen Cocktail ausgegeben. Vor vier Tagen hat Thorsten wieder einen leckeren Cocktail bekommen, als er in einer Bar gewesen ist.;Thorsten hat einmal einen leckeren Cocktail bekommen.;joeddav/xlm-roberta-large-xnli;entailment;1;0.0009507321519777179;0.0003620948118623346;0.998687207698822
18_aii_bi1_twice_neu;Vor einer Woche hat Thorsten Greta einen Cocktail ausgegeben.;Vor vier Tagen hat Thorsten wieder einen leckeren Cocktail bekommen, als er in einer Bar gewesen ist.;Thorsten hat mindestens zweimal einen leckeren Cocktail bekommen.;unknown;18;aii;bi;1;neutral;twice;False;;;Vor einer Woche hat Thorsten Greta einen Cocktail ausgegeben. Vor vier Tagen hat Thorsten wieder einen leckeren Cocktail bekommen, als er in einer Bar gewesen ist.;Thorsten hat mindestens zweimal einen leckeren Cocktail bekommen.;joeddav/xlm-roberta-large-xnli;entailment;0;0.000365537271136418;0.00028055382426828146;0.9993539452552795
18_aii_bi1_cannot_say_neu;Vor einer Woche hat Thorsten Greta einen Cocktail ausgegeben.;Vor vier Tagen hat Thorsten wieder einen leckeren Cocktail bekommen, als er in einer Bar gewesen ist.;Es lässt sich nicht sagen, wie oft Thorsten einen leckeren Cocktail bekommen hat.;unknown;18;aii;bi;1;neutral;cannot say;False;;;Vor einer Woche hat Thorsten Greta einen Cocktail ausgegeben. Vor vier Tagen hat Thorsten wieder einen leckeren Cocktail bekommen, als er in einer Bar gewesen ist.;Es lässt sich nicht sagen, wie oft Thorsten einen leckeren Cocktail bekommen hat.;joeddav/xlm-roberta-large-xnli;entailment;0;0.017617804929614067;0.01340609509497881;0.9689760804176331
18_aii_bi2_once_pos;Vor einer Woche hat Thorsten Greta einen Cocktail ausgegeben.;Vor vier Tagen hat Greta wieder einen leckeren Cocktail bekommen, als sie in einer Bar gewesen ist.;Greta hat einmal einen leckeren Cocktail bekommen.;unknown;18;aii;bi;2;positive;once;False;;;Vor einer Woche hat Thorsten Greta einen Cocktail ausgegeben. Vor vier Tagen hat Greta wieder einen leckeren Cocktail bekommen, als sie in einer Bar gewesen ist.;Greta hat einmal einen leckeren Cocktail bekommen.;joeddav/xlm-roberta-large-xnli;entailment;0;0.0010268916375935078;0.00040488201193511486;0.9985681772232056
18_aii_bi2_twice_pos;Vor einer Woche hat Thorsten Greta einen Cocktail ausgegeben.;Vor vier Tagen hat Greta wieder einen leckeren Cocktail bekommen, als sie in einer Bar gewesen ist.;Greta hat mindestens zweimal einen leckeren Cocktail bekommen.;entailment;18;aii;bi;2;positive;twice;False;;;Vor einer Woche hat Thorsten Greta einen Cocktail ausgegeben. Vor vier Tagen hat Greta wieder einen leckeren Cocktail bekommen, als sie in einer Bar gewesen ist.;Greta hat mindestens zweimal einen leckeren Cocktail bekommen.;joeddav/xlm-roberta-large-xnli;entailment;1;0.000386128289392218;0.0003119485918432474;0.9993019104003906
18_aii_bi2_cannot_say_pos;Vor einer Woche hat Thorsten Greta einen Cocktail ausgegeben.;Vor vier Tagen hat Greta wieder einen leckeren Cocktail bekommen, als sie in einer Bar gewesen ist.;Es lässt sich nicht sagen, wie oft Greta einen leckeren Cocktail bekommen hat.;unknown;18;aii;bi;2;positive;cannot say;False;;;Vor einer Woche hat Thorsten Greta einen Cocktail ausgegeben. Vor vier Tagen hat Greta wieder einen leckeren Cocktail bekommen, als sie in einer Bar gewesen ist.;Es lässt sich nicht sagen, wie oft Greta einen leckeren Cocktail bekommen hat.;joeddav/xlm-roberta-large-xnli;entailment;0;0.024130331352353096;0.03370088338851929;0.9421687722206116
18_aii_bii1_once_pos;Vor einer Woche hat Thorsten Greta einen Cocktail ausgegeben.;Vor vier Tagen hat Thorsten wieder einen leckeren Cocktail bezahlt, als er in einer Bar gewesen ist.;Thorsten hat einmal einen leckeren Cocktail bezahlt.;unknown;18;aii;bii;1;positive;once;False;;;Vor einer Woche hat Thorsten Greta einen Cocktail ausgegeben. Vor vier Tagen hat Thorsten wieder einen leckeren Cocktail bezahlt, als er in einer Bar gewesen ist.;Thorsten hat einmal einen leckeren Cocktail bezahlt.;joeddav/xlm-roberta-large-xnli;entailment;0;0.0008072627824731171;0.00027593050617724657;0.9989168643951416
18_aii_bii1_twice_pos;Vor einer Woche hat Thorsten Greta einen Cocktail ausgegeben.;Vor vier Tagen hat Thorsten wieder einen leckeren Cocktail bezahlt, als er in einer Bar gewesen ist.;Thorsten hat mindestens zweimal einen leckeren Cocktail bezahlt.;entailment;18;aii;bii;1;positive;twice;False;;;Vor einer Woche hat Thorsten Greta einen Cocktail ausgegeben. Vor vier Tagen hat Thorsten wieder einen leckeren Cocktail bezahlt, als er in einer Bar gewesen ist.;Thorsten hat mindestens zweimal einen leckeren Cocktail bezahlt.;joeddav/xlm-roberta-large-xnli;entailment;1;0.00031501753255724907;0.00021592070697806776;0.9994691014289856
18_aii_bii1_cannot_say_pos;Vor einer Woche hat Thorsten Greta einen Cocktail ausgegeben.;Vor vier Tagen hat Thorsten wieder einen leckeren Cocktail bezahlt, als er in einer Bar gewesen ist.;Es lässt sich nicht sagen, wie oft Thorsten einen leckeren Cocktail bezahlt hat.;unknown;18;aii;bii;1;positive;cannot say;False;;;Vor einer Woche hat Thorsten Greta einen Cocktail ausgegeben. Vor vier Tagen hat Thorsten wieder einen leckeren Cocktail bezahlt, als er in einer Bar gewesen ist.;Es lässt sich nicht sagen, wie oft Thorsten einen leckeren Cocktail bezahlt hat.;joeddav/xlm-roberta-large-xnli;entailment;0;0.09315822273492813;0.032385990023612976;0.8744558095932007
18_aii_bii2_once_neu;Vor einer Woche hat Thorsten Greta einen Cocktail ausgegeben.;Vor vier Tagen hat Greta wieder einen leckeren Cocktail bezahlt, als sie in einer Bar gewesen ist.;Greta hat einmal einen leckeren Cocktail bezahlt.;entailment;18;aii;bii;2;neutral;once;False;;;Vor einer Woche hat Thorsten Greta einen Cocktail ausgegeben. Vor vier Tagen hat Greta wieder einen leckeren Cocktail bezahlt, als sie in einer Bar gewesen ist.;Greta hat einmal einen leckeren Cocktail bezahlt.;joeddav/xlm-roberta-large-xnli;entailment;1;0.0009051780798472464;0.000320320570608601;0.9987744688987732
18_aii_bii2_twice_neu;Vor einer Woche hat Thorsten Greta einen Cocktail ausgegeben.;Vor vier Tagen hat Greta wieder einen leckeren Cocktail bezahlt, als sie in einer Bar gewesen ist.;Greta hat mindestens zweimal einen leckeren Cocktail bezahlt.;unknown;18;aii;bii;2;neutral;twice;False;;;Vor einer Woche hat Thorsten Greta einen Cocktail ausgegeben. Vor vier Tagen hat Greta wieder einen leckeren Cocktail bezahlt, als sie in einer Bar gewesen ist.;Greta hat mindestens zweimal einen leckeren Cocktail bezahlt.;joeddav/xlm-roberta-large-xnli;entailment;0;0.0003249847795814276;0.0002276410086778924;0.9994474053382874
18_aii_bii2_cannot_say_neu;Vor einer Woche hat Thorsten Greta einen Cocktail ausgegeben.;Vor vier Tagen hat Greta wieder einen leckeren Cocktail bezahlt, als sie in einer Bar gewesen ist.;Es lässt sich nicht sagen, wie oft Greta einen leckeren Cocktail bezahlt hat.;unknown;18;aii;bii;2;neutral;cannot say;False;;;Vor einer Woche hat Thorsten Greta einen Cocktail ausgegeben. Vor vier Tagen hat Greta wieder einen leckeren Cocktail bezahlt, als sie in einer Bar gewesen ist.;Es lässt sich nicht sagen, wie oft Greta einen leckeren Cocktail bezahlt hat.;joeddav/xlm-roberta-large-xnli;entailment;0;0.19937734305858612;0.06345932930707932;0.7371633052825928
19_ai_bi1_once_pos;Vor zwei Wochen hat Greta Judith ein Kompliment gemacht.;Vor einer Woche hat Judith wieder ein nettes Kompliment erhalten, als sie in einem Park spazieren war.;Judith hat einmal ein nettes Kompliment erhalten.;unknown;19;ai;bi;1;positive;once;False;;;Vor zwei Wochen hat Greta Judith ein Kompliment gemacht. Vor einer Woche hat Judith wieder ein nettes Kompliment erhalten, als sie in einem Park spazieren war.;Judith hat einmal ein nettes Kompliment erhalten.;joeddav/xlm-roberta-large-xnli;entailment;0;0.000990901724435389;0.0003036255366168916;0.9987055063247681
19_ai_bi1_twice_pos;Vor zwei Wochen hat Greta Judith ein Kompliment gemacht.;Vor einer Woche hat Judith wieder ein nettes Kompliment erhalten, als sie in einem Park spazieren war.;Judith hat mindestens zweimal ein nettes Kompliment erhalten.;entailment;19;ai;bi;1;positive;twice;False;;;Vor zwei Wochen hat Greta Judith ein Kompliment gemacht. Vor einer Woche hat Judith wieder ein nettes Kompliment erhalten, als sie in einem Park spazieren war.;Judith hat mindestens zweimal ein nettes Kompliment erhalten.;joeddav/xlm-roberta-large-xnli;entailment;1;0.0003169435658492148;0.0003391909704077989;0.9993438124656677
19_ai_bi1_cannot_say_pos;Vor zwei Wochen hat Greta Judith ein Kompliment gemacht.;Vor einer Woche hat Judith wieder ein nettes Kompliment erhalten, als sie in einem Park spazieren war.;Es lässt sich nicht sagen, wie oft Judith ein nettes Kompliment erhalten hat.;unknown;19;ai;bi;1;positive;cannot say;False;;;Vor zwei Wochen hat Greta Judith ein Kompliment gemacht. Vor einer Woche hat Judith wieder ein nettes Kompliment erhalten, als sie in einem Park spazieren war.;Es lässt sich nicht sagen, wie oft Judith ein nettes Kompliment erhalten hat.;joeddav/xlm-roberta-large-xnli;neutral;1;0.004760215990245342;0.9645944237709045;0.030645430088043213
19_ai_bi2_once_neu;Vor zwei Wochen hat Greta Judith ein Kompliment gemacht.;Vor einer Woche hat Greta wieder ein nettes Kompliment erhalten, als sie in einem Park spazieren war.;Greta hat einmal ein nettes Kompliment erhalten.;entailment;19;ai;bi;2;neutral;once;False;;;Vor zwei Wochen hat Greta Judith ein Kompliment gemacht. Vor einer Woche hat Greta wieder ein nettes Kompliment erhalten, als sie in einem Park spazieren war.;Greta hat einmal ein nettes Kompliment erhalten.;joeddav/xlm-roberta-large-xnli;entailment;1;0.0009118340094573796;0.00028445752104744315;0.9988037347793579
19_ai_bi2_twice_neu;Vor zwei Wochen hat Greta Judith ein Kompliment gemacht.;Vor einer Woche hat Greta wieder ein nettes Kompliment erhalten, als sie in einem Park spazieren war.;Greta hat mindestens zweimal ein nettes Kompliment erhalten.;unknown;19;ai;bi;2;neutral;twice;False;;;Vor zwei Wochen hat Greta Judith ein Kompliment gemacht. Vor einer Woche hat Greta wieder ein nettes Kompliment erhalten, als sie in einem Park spazieren war.;Greta hat mindestens zweimal ein nettes Kompliment erhalten.;joeddav/xlm-roberta-large-xnli;entailment;0;0.00031599460635334253;0.0003242316306568682;0.9993597865104675
19_ai_bi2_cannot_say_neu;Vor zwei Wochen hat Greta Judith ein Kompliment gemacht.;Vor einer Woche hat Greta wieder ein nettes Kompliment erhalten, als sie in einem Park spazieren war.;Es lässt sich nicht sagen, wie oft Greta ein nettes Kompliment erhalten hat.;unknown;19;ai;bi;2;neutral;cannot say;False;;;Vor zwei Wochen hat Greta Judith ein Kompliment gemacht. Vor einer Woche hat Greta wieder ein nettes Kompliment erhalten, als sie in einem Park spazieren war.;Es lässt sich nicht sagen, wie oft Greta ein nettes Kompliment erhalten hat.;joeddav/xlm-roberta-large-xnli;neutral;1;0.0070882523432374;0.9619562029838562;0.03095562569797039
19_ai_bii1_once_neu;Vor zwei Wochen hat Greta Judith ein Kompliment gemacht.;Vor einer Woche hat Judith wieder ein nettes Kompliment verteilt, als sie in einem Park spazieren war.;Judith hat einmal ein nettes Kompliment verteilt.;entailment;19;ai;bii;1;neutral;once;False;;;Vor zwei Wochen hat Greta Judith ein Kompliment gemacht. Vor einer Woche hat Judith wieder ein nettes Kompliment verteilt, als sie in einem Park spazieren war.;Judith hat einmal ein nettes Kompliment verteilt.;joeddav/xlm-roberta-large-xnli;entailment;1;0.00133167440071702;0.00044472492299973965;0.998223602771759
19_ai_bii1_twice_neu;Vor zwei Wochen hat Greta Judith ein Kompliment gemacht.;Vor einer Woche hat Judith wieder ein nettes Kompliment verteilt, als sie in einem Park spazieren war.;Judith hat mindestens zweimal ein nettes Kompliment verteilt.;unknown;19;ai;bii;1;neutral;twice;False;;;Vor zwei Wochen hat Greta Judith ein Kompliment gemacht. Vor einer Woche hat Judith wieder ein nettes Kompliment verteilt, als sie in einem Park spazieren war.;Judith hat mindestens zweimal ein nettes Kompliment verteilt.;joeddav/xlm-roberta-large-xnli;entailment;0;0.0003660800284706056;0.00039508825284428895;0.9992388486862183
19_ai_bii1_cannot_say_neu;Vor zwei Wochen hat Greta Judith ein Kompliment gemacht.;Vor einer Woche hat Judith wieder ein nettes Kompliment verteilt, als sie in einem Park spazieren war.;Es lässt sich nicht sagen, wie oft Judith ein nettes Kompliment verteilt hat.;unknown;19;ai;bii;1;neutral;cannot say;False;;;Vor zwei Wochen hat Greta Judith ein Kompliment gemacht. Vor einer Woche hat Judith wieder ein nettes Kompliment verteilt, als sie in einem Park spazieren war.;Es lässt sich nicht sagen, wie oft Judith ein nettes Kompliment verteilt hat.;joeddav/xlm-roberta-large-xnli;neutral;1;0.019467556849122047;0.8952839374542236;0.08524846285581589
19_ai_bii2_once_pos;Vor zwei Wochen hat Greta Judith ein Kompliment gemacht.;Vor einer Woche hat Greta wieder ein nettes Kompliment verteilt, als sie in einem Park spazieren war.;Greta hat einmal ein nettes Kompliment verteilt.;unknown;19;ai;bii;2;positive;once;False;;;Vor zwei Wochen hat Greta Judith ein Kompliment gemacht. Vor einer Woche hat Greta wieder ein nettes Kompliment verteilt, als sie in einem Park spazieren war.;Greta hat einmal ein nettes Kompliment verteilt.;joeddav/xlm-roberta-large-xnli;entailment;0;0.0012549172388389707;0.00041181501001119614;0.9983332753181458
19_ai_bii2_twice_pos;Vor zwei Wochen hat Greta Judith ein Kompliment gemacht.;Vor einer Woche hat Greta wieder ein nettes Kompliment verteilt, als sie in einem Park spazieren war.;Greta hat mindestens zweimal ein nettes Kompliment verteilt.;entailment;19;ai;bii;2;positive;twice;False;;;Vor zwei Wochen hat Greta Judith ein Kompliment gemacht. Vor einer Woche hat Greta wieder ein nettes Kompliment verteilt, als sie in einem Park spazieren war.;Greta hat mindestens zweimal ein nettes Kompliment verteilt.;joeddav/xlm-roberta-large-xnli;entailment;1;0.0003563862410373986;0.00036767020355910063;0.9992759823799133
19_ai_bii2_cannot_say_pos;Vor zwei Wochen hat Greta Judith ein Kompliment gemacht.;Vor einer Woche hat Greta wieder ein nettes Kompliment verteilt, als sie in einem Park spazieren war.;Es lässt sich nicht sagen, wie oft Greta ein nettes Kompliment verteilt hat.;unknown;19;ai;bii;2;positive;cannot say;False;;;Vor zwei Wochen hat Greta Judith ein Kompliment gemacht. Vor einer Woche hat Greta wieder ein nettes Kompliment verteilt, als sie in einem Park spazieren war.;Es lässt sich nicht sagen, wie oft Greta ein nettes Kompliment verteilt hat.;joeddav/xlm-roberta-large-xnli;neutral;1;0.03398577496409416;0.8513140082359314;0.11470025032758713
19_aii_bi1_once_neu;Vor zwei Wochen hat Judith Greta ein Kompliment gemacht.;Vor einer Woche hat Judith wieder ein nettes Kompliment erhalten, als sie in einem Park spazieren war.;Judith hat einmal ein nettes Kompliment erhalten.;entailment;19;aii;bi;1;neutral;once;False;;;Vor zwei Wochen hat Judith Greta ein Kompliment gemacht. Vor einer Woche hat Judith wieder ein nettes Kompliment erhalten, als sie in einem Park spazieren war.;Judith hat einmal ein nettes Kompliment erhalten.;joeddav/xlm-roberta-large-xnli;entailment;1;0.0008619579602964222;0.00027330065495334566;0.9988647699356079
19_aii_bi1_twice_neu;Vor zwei Wochen hat Judith Greta ein Kompliment gemacht.;Vor einer Woche hat Judith wieder ein nettes Kompliment erhalten, als sie in einem Park spazieren war.;Judith hat mindestens zweimal ein nettes Kompliment erhalten.;unknown;19;aii;bi;1;neutral;twice;False;;;Vor zwei Wochen hat Judith Greta ein Kompliment gemacht. Vor einer Woche hat Judith wieder ein nettes Kompliment erhalten, als sie in einem Park spazieren war.;Judith hat mindestens zweimal ein nettes Kompliment erhalten.;joeddav/xlm-roberta-large-xnli;entailment;0;0.0003134295402560383;0.00032729373197071254;0.9993593096733093
19_aii_bi1_cannot_say_neu;Vor zwei Wochen hat Judith Greta ein Kompliment gemacht.;Vor einer Woche hat Judith wieder ein nettes Kompliment erhalten, als sie in einem Park spazieren war.;Es lässt sich nicht sagen, wie oft Judith ein nettes Kompliment erhalten hat.;unknown;19;aii;bi;1;neutral;cannot say;False;;;Vor zwei Wochen hat Judith Greta ein Kompliment gemacht. Vor einer Woche hat Judith wieder ein nettes Kompliment erhalten, als sie in einem Park spazieren war.;Es lässt sich nicht sagen, wie oft Judith ein nettes Kompliment erhalten hat.;joeddav/xlm-roberta-large-xnli;neutral;1;0.005366116762161255;0.9600556492805481;0.03457826375961304
19_aii_bi2_once_pos;Vor zwei Wochen hat Judith Greta ein Kompliment gemacht.;Vor einer Woche hat Greta wieder ein nettes Kompliment erhalten, als sie in einem Park spazieren war.;Greta hat einmal ein nettes Kompliment erhalten.;unknown;19;aii;bi;2;positive;once;False;;;Vor zwei Wochen hat Judith Greta ein Kompliment gemacht. Vor einer Woche hat Greta wieder ein nettes Kompliment erhalten, als sie in einem Park spazieren war.;Greta hat einmal ein nettes Kompliment erhalten.;joeddav/xlm-roberta-large-xnli;entailment;0;0.0009647546103224158;0.0002951193309854716;0.9987401366233826
19_aii_bi2_twice_pos;Vor zwei Wochen hat Judith Greta ein Kompliment gemacht.;Vor einer Woche hat Greta wieder ein nettes Kompliment erhalten, als sie in einem Park spazieren war.;Greta hat mindestens zweimal ein nettes Kompliment erhalten.;entailment;19;aii;bi;2;positive;twice;False;;;Vor zwei Wochen hat Judith Greta ein Kompliment gemacht. Vor einer Woche hat Greta wieder ein nettes Kompliment erhalten, als sie in einem Park spazieren war.;Greta hat mindestens zweimal ein nettes Kompliment erhalten.;joeddav/xlm-roberta-large-xnli;entailment;1;0.00031377177219837904;0.0003256536729168147;0.9993606209754944
19_aii_bi2_cannot_say_pos;Vor zwei Wochen hat Judith Greta ein Kompliment gemacht.;Vor einer Woche hat Greta wieder ein nettes Kompliment erhalten, als sie in einem Park spazieren war.;Es lässt sich nicht sagen, wie oft Greta ein nettes Kompliment erhalten hat.;unknown;19;aii;bi;2;positive;cannot say;False;;;Vor zwei Wochen hat Judith Greta ein Kompliment gemacht. Vor einer Woche hat Greta wieder ein nettes Kompliment erhalten, als sie in einem Park spazieren war.;Es lässt sich nicht sagen, wie oft Greta ein nettes Kompliment erhalten hat.;joeddav/xlm-roberta-large-xnli;neutral;1;0.005670967977494001;0.9674150943756104;0.026913946494460106
19_aii_bii1_once_pos;Vor zwei Wochen hat Judith Greta ein Kompliment gemacht.;Vor einer Woche hat Judith wieder ein nettes Kompliment verteilt, als sie in einem Park spazieren war.;Judith hat einmal ein nettes Kompliment verteilt.;unknown;19;aii;bii;1;positive;once;False;;;Vor zwei Wochen hat Judith Greta ein Kompliment gemacht. Vor einer Woche hat Judith wieder ein nettes Kompliment verteilt, als sie in einem Park spazieren war.;Judith hat einmal ein nettes Kompliment verteilt.;joeddav/xlm-roberta-large-xnli;entailment;0;0.0011800945503637195;0.00039312688750214875;0.9984267950057983
19_aii_bii1_twice_pos;Vor zwei Wochen hat Judith Greta ein Kompliment gemacht.;Vor einer Woche hat Judith wieder ein nettes Kompliment verteilt, als sie in einem Park spazieren war.;Judith hat mindestens zweimal ein nettes Kompliment verteilt.;entailment;19;aii;bii;1;positive;twice;False;;;Vor zwei Wochen hat Judith Greta ein Kompliment gemacht. Vor einer Woche hat Judith wieder ein nettes Kompliment verteilt, als sie in einem Park spazieren war.;Judith hat mindestens zweimal ein nettes Kompliment verteilt.;joeddav/xlm-roberta-large-xnli;entailment;1;0.00035968239535577595;0.00037807636545039713;0.999262273311615
19_aii_bii1_cannot_say_pos;Vor zwei Wochen hat Judith Greta ein Kompliment gemacht.;Vor einer Woche hat Judith wieder ein nettes Kompliment verteilt, als sie in einem Park spazieren war.;Es lässt sich nicht sagen, wie oft Judith ein nettes Kompliment verteilt hat.;unknown;19;aii;bii;1;positive;cannot say;False;;;Vor zwei Wochen hat Judith Greta ein Kompliment gemacht. Vor einer Woche hat Judith wieder ein nettes Kompliment verteilt, als sie in einem Park spazieren war.;Es lässt sich nicht sagen, wie oft Judith ein nettes Kompliment verteilt hat.;joeddav/xlm-roberta-large-xnli;neutral;1;0.02207731269299984;0.873003363609314;0.10491932183504105
19_aii_bii2_once_neu;Vor zwei Wochen hat Judith Greta ein Kompliment gemacht.;Vor einer Woche hat Greta wieder ein nettes Kompliment verteilt, als sie in einem Park spazieren war.;Greta hat einmal ein nettes Kompliment verteilt.;entailment;19;aii;bii;2;neutral;once;False;;;Vor zwei Wochen hat Judith Greta ein Kompliment gemacht. Vor einer Woche hat Greta wieder ein nettes Kompliment verteilt, als sie in einem Park spazieren war.;Greta hat einmal ein nettes Kompliment verteilt.;joeddav/xlm-roberta-large-xnli;entailment;1;0.0013725149910897017;0.0004500022332649678;0.9981775283813477
19_aii_bii2_twice_neu;Vor zwei Wochen hat Judith Greta ein Kompliment gemacht.;Vor einer Woche hat Greta wieder ein nettes Kompliment verteilt, als sie in einem Park spazieren war.;Greta hat mindestens zweimal ein nettes Kompliment verteilt.;unknown;19;aii;bii;2;neutral;twice;False;;;Vor zwei Wochen hat Judith Greta ein Kompliment gemacht. Vor einer Woche hat Greta wieder ein nettes Kompliment verteilt, als sie in einem Park spazieren war.;Greta hat mindestens zweimal ein nettes Kompliment verteilt.;joeddav/xlm-roberta-large-xnli;entailment;0;0.0003613122389651835;0.0003775590448640287;0.9992610812187195
19_aii_bii2_cannot_say_neu;Vor zwei Wochen hat Judith Greta ein Kompliment gemacht.;Vor einer Woche hat Greta wieder ein nettes Kompliment verteilt, als sie in einem Park spazieren war.;Es lässt sich nicht sagen, wie oft Greta ein nettes Kompliment verteilt hat.;unknown;19;aii;bii;2;neutral;cannot say;False;;;Vor zwei Wochen hat Judith Greta ein Kompliment gemacht. Vor einer Woche hat Greta wieder ein nettes Kompliment verteilt, als sie in einem Park spazieren war.;Es lässt sich nicht sagen, wie oft Greta ein nettes Kompliment verteilt hat.;joeddav/xlm-roberta-large-xnli;neutral;1;0.024472830817103386;0.8896237015724182;0.08590342104434967
20_ai_bi1_once_pos;Vor drei Monaten hat Greta Karl ein französisches Lied beigebracht.;Vor zwei Wochen hat Karl wieder ein französisches Lied gelernt, als er mit einem Freund unterwegs war.;Karl hat einmal ein französisches Lied gelernt.;unknown;20;ai;bi;1;positive;once;False;;;Vor drei Monaten hat Greta Karl ein französisches Lied beigebracht. Vor zwei Wochen hat Karl wieder ein französisches Lied gelernt, als er mit einem Freund unterwegs war.;Karl hat einmal ein französisches Lied gelernt.;joeddav/xlm-roberta-large-xnli;entailment;0;0.001042301650159061;0.00032609302434138954;0.9986315369606018
20_ai_bi1_twice_pos;Vor drei Monaten hat Greta Karl ein französisches Lied beigebracht.;Vor zwei Wochen hat Karl wieder ein französisches Lied gelernt, als er mit einem Freund unterwegs war.;Karl hat mindestens zweimal ein französisches Lied gelernt.;entailment;20;ai;bi;1;positive;twice;False;;;Vor drei Monaten hat Greta Karl ein französisches Lied beigebracht. Vor zwei Wochen hat Karl wieder ein französisches Lied gelernt, als er mit einem Freund unterwegs war.;Karl hat mindestens zweimal ein französisches Lied gelernt.;joeddav/xlm-roberta-large-xnli;entailment;1;0.0004865327209699899;0.0005973219522275031;0.9989161491394043
20_ai_bi1_cannot_say_pos;Vor drei Monaten hat Greta Karl ein französisches Lied beigebracht.;Vor zwei Wochen hat Karl wieder ein französisches Lied gelernt, als er mit einem Freund unterwegs war.;Es lässt sich nicht sagen, wie oft Karl ein französisches Lied gelernt hat.;unknown;20;ai;bi;1;positive;cannot say;False;;;Vor drei Monaten hat Greta Karl ein französisches Lied beigebracht. Vor zwei Wochen hat Karl wieder ein französisches Lied gelernt, als er mit einem Freund unterwegs war.;Es lässt sich nicht sagen, wie oft Karl ein französisches Lied gelernt hat.;joeddav/xlm-roberta-large-xnli;entailment;0;0.03660563752055168;0.01402249839156866;0.949371874332428
20_ai_bi2_once_neu;Vor drei Monaten hat Greta Karl ein französisches Lied beigebracht.;Vor zwei Wochen hat Greta wieder ein französisches Lied gelernt, als sie mit einem Freund unterwegs war.;Greta hat einmal ein französisches Lied gelernt.;entailment;20;ai;bi;2;neutral;once;False;;;Vor drei Monaten hat Greta Karl ein französisches Lied beigebracht. Vor zwei Wochen hat Greta wieder ein französisches Lied gelernt, als sie mit einem Freund unterwegs war.;Greta hat einmal ein französisches Lied gelernt.;joeddav/xlm-roberta-large-xnli;entailment;1;0.0009276309283450246;0.0003192944568581879;0.9987530708312988
20_ai_bi2_twice_neu;Vor drei Monaten hat Greta Karl ein französisches Lied beigebracht.;Vor zwei Wochen hat Greta wieder ein französisches Lied gelernt, als sie mit einem Freund unterwegs war.;Greta hat mindestens zweimal ein französisches Lied gelernt.;unknown;20;ai;bi;2;neutral;twice;False;;;Vor drei Monaten hat Greta Karl ein französisches Lied beigebracht. Vor zwei Wochen hat Greta wieder ein französisches Lied gelernt, als sie mit einem Freund unterwegs war.;Greta hat mindestens zweimal ein französisches Lied gelernt.;joeddav/xlm-roberta-large-xnli;entailment;0;0.0004253022198099643;0.0004988128202967346;0.9990758895874023
20_ai_bi2_cannot_say_neu;Vor drei Monaten hat Greta Karl ein französisches Lied beigebracht.;Vor zwei Wochen hat Greta wieder ein französisches Lied gelernt, als sie mit einem Freund unterwegs war.;Es lässt sich nicht sagen, wie oft Greta ein französisches Lied gelernt hat.;unknown;20;ai;bi;2;neutral;cannot say;False;;;Vor drei Monaten hat Greta Karl ein französisches Lied beigebracht. Vor zwei Wochen hat Greta wieder ein französisches Lied gelernt, als sie mit einem Freund unterwegs war.;Es lässt sich nicht sagen, wie oft Greta ein französisches Lied gelernt hat.;joeddav/xlm-roberta-large-xnli;entailment;0;0.06442676484584808;0.014676145277917385;0.9208970665931702
20_ai_bii1_once_neu;Vor drei Monaten hat Greta Karl ein französisches Lied beigebracht.;Vor zwei Wochen hat Karl wieder einem Freund ein französisches Lied beigebracht, als er mit einem Freund unterwegs war.;Karl hat einmal einem Freund ein französisches Lied beigebracht.;entailment;20;ai;bii;1;neutral;once;True;The b(ii) printed for item 20 in Tiemann.Dissertation2.pdf (p. 154) is a verbatim duplicate of item 19 b(ii) — 'ein nettes Kompliment verteilt, als {er/sie} in einem Park spazieren war' — carrying the wrong names and the wrong theme for an item about a französisches Lied. That is a typesetting error in the dissertation, not an extraction error. This text is a user-approved editorial reconstruction (2026-09-08), replacing the earlier gesungen reconstruction, following the verb-pairing pattern of the surrounding items (recipient verb in bi, agent verb in bii), not verbatim dissertation text.;;Vor drei Monaten hat Greta Karl ein französisches Lied beigebracht. Vor zwei Wochen hat Karl wieder einem Freund ein französisches Lied beigebracht, als er mit einem Freund unterwegs war.;Karl hat einmal einem Freund ein französisches Lied beigebracht.;joeddav/xlm-roberta-large-xnli;entailment;1;0.0008870833553373814;0.00031992048025131226;0.9987930059432983
20_ai_bii1_twice_neu;Vor drei Monaten hat Greta Karl ein französisches Lied beigebracht.;Vor zwei Wochen hat Karl wieder einem Freund ein französisches Lied beigebracht, als er mit einem Freund unterwegs war.;Karl hat mindestens zweimal einem Freund ein französisches Lied beigebracht.;unknown;20;ai;bii;1;neutral;twice;True;The b(ii) printed for item 20 in Tiemann.Dissertation2.pdf (p. 154) is a verbatim duplicate of item 19 b(ii) — 'ein nettes Kompliment verteilt, als {er/sie} in einem Park spazieren war' — carrying the wrong names and the wrong theme for an item about a französisches Lied. That is a typesetting error in the dissertation, not an extraction error. This text is a user-approved editorial reconstruction (2026-09-08), replacing the earlier gesungen reconstruction, following the verb-pairing pattern of the surrounding items (recipient verb in bi, agent verb in bii), not verbatim dissertation text.;;Vor drei Monaten hat Greta Karl ein französisches Lied beigebracht. Vor zwei Wochen hat Karl wieder einem Freund ein französisches Lied beigebracht, als er mit einem Freund unterwegs war.;Karl hat mindestens zweimal einem Freund ein französisches Lied beigebracht.;joeddav/xlm-roberta-large-xnli;entailment;0;0.00028364473837427795;0.0002431411703582853;0.9994732737541199
20_ai_bii1_cannot_say_neu;Vor drei Monaten hat Greta Karl ein französisches Lied beigebracht.;Vor zwei Wochen hat Karl wieder einem Freund ein französisches Lied beigebracht, als er mit einem Freund unterwegs war.;Es lässt sich nicht sagen, wie oft Karl einem Freund ein französisches Lied beigebracht hat.;unknown;20;ai;bii;1;neutral;cannot say;True;The b(ii) printed for item 20 in Tiemann.Dissertation2.pdf (p. 154) is a verbatim duplicate of item 19 b(ii) — 'ein nettes Kompliment verteilt, als {er/sie} in einem Park spazieren war' — carrying the wrong names and the wrong theme for an item about a französisches Lied. That is a typesetting error in the dissertation, not an extraction error. This text is a user-approved editorial reconstruction (2026-09-08), replacing the earlier gesungen reconstruction, following the verb-pairing pattern of the surrounding items (recipient verb in bi, agent verb in bii), not verbatim dissertation text.;;Vor drei Monaten hat Greta Karl ein französisches Lied beigebracht. Vor zwei Wochen hat Karl wieder einem Freund ein französisches Lied beigebracht, als er mit einem Freund unterwegs war.;Es lässt sich nicht sagen, wie oft Karl einem Freund ein französisches Lied beigebracht hat.;joeddav/xlm-roberta-large-xnli;entailment;0;0.1826714426279068;0.051504917442798615;0.7658236026763916
20_ai_bii2_once_pos;Vor drei Monaten hat Greta Karl ein französisches Lied beigebracht.;Vor zwei Wochen hat Greta wieder einem Freund ein französisches Lied beigebracht, als sie mit einem Freund unterwegs war.;Greta hat einmal einem Freund ein französisches Lied beigebracht.;unknown;20;ai;bii;2;positive;once;True;The b(ii) printed for item 20 in Tiemann.Dissertation2.pdf (p. 154) is a verbatim duplicate of item 19 b(ii) — 'ein nettes Kompliment verteilt, als {er/sie} in einem Park spazieren war' — carrying the wrong names and the wrong theme for an item about a französisches Lied. That is a typesetting error in the dissertation, not an extraction error. This text is a user-approved editorial reconstruction (2026-09-08), replacing the earlier gesungen reconstruction, following the verb-pairing pattern of the surrounding items (recipient verb in bi, agent verb in bii), not verbatim dissertation text.;;Vor drei Monaten hat Greta Karl ein französisches Lied beigebracht. Vor zwei Wochen hat Greta wieder einem Freund ein französisches Lied beigebracht, als sie mit einem Freund unterwegs war.;Greta hat einmal einem Freund ein französisches Lied beigebracht.;joeddav/xlm-roberta-large-xnli;entailment;0;0.0007776943384669721;0.00028423432377167046;0.9989380240440369
20_ai_bii2_twice_pos;Vor drei Monaten hat Greta Karl ein französisches Lied beigebracht.;Vor zwei Wochen hat Greta wieder einem Freund ein französisches Lied beigebracht, als sie mit einem Freund unterwegs war.;Greta hat mindestens zweimal einem Freund ein französisches Lied beigebracht.;entailment;20;ai;bii;2;positive;twice;True;The b(ii) printed for item 20 in Tiemann.Dissertation2.pdf (p. 154) is a verbatim duplicate of item 19 b(ii) — 'ein nettes Kompliment verteilt, als {er/sie} in einem Park spazieren war' — carrying the wrong names and the wrong theme for an item about a französisches Lied. That is a typesetting error in the dissertation, not an extraction error. This text is a user-approved editorial reconstruction (2026-09-08), replacing the earlier gesungen reconstruction, following the verb-pairing pattern of the surrounding items (recipient verb in bi, agent verb in bii), not verbatim dissertation text.;;Vor drei Monaten hat Greta Karl ein französisches Lied beigebracht. Vor zwei Wochen hat Greta wieder einem Freund ein französisches Lied beigebracht, als sie mit einem Freund unterwegs war.;Greta hat mindestens zweimal einem Freund ein französisches Lied beigebracht.;joeddav/xlm-roberta-large-xnli;entailment;1;0.00025585995172150433;0.00022050259576644748;0.9995236396789551
20_ai_bii2_cannot_say_pos;Vor drei Monaten hat Greta Karl ein französisches Lied beigebracht.;Vor zwei Wochen hat Greta wieder einem Freund ein französisches Lied beigebracht, als sie mit einem Freund unterwegs war.;Es lässt sich nicht sagen, wie oft Greta einem Freund ein französisches Lied beigebracht hat.;unknown;20;ai;bii;2;positive;cannot say;True;The b(ii) printed for item 20 in Tiemann.Dissertation2.pdf (p. 154) is a verbatim duplicate of item 19 b(ii) — 'ein nettes Kompliment verteilt, als {er/sie} in einem Park spazieren war' — carrying the wrong names and the wrong theme for an item about a französisches Lied. That is a typesetting error in the dissertation, not an extraction error. This text is a user-approved editorial reconstruction (2026-09-08), replacing the earlier gesungen reconstruction, following the verb-pairing pattern of the surrounding items (recipient verb in bi, agent verb in bii), not verbatim dissertation text.;;Vor drei Monaten hat Greta Karl ein französisches Lied beigebracht. Vor zwei Wochen hat Greta wieder einem Freund ein französisches Lied beigebracht, als sie mit einem Freund unterwegs war.;Es lässt sich nicht sagen, wie oft Greta einem Freund ein französisches Lied beigebracht hat.;joeddav/xlm-roberta-large-xnli;entailment;0;0.18523776531219482;0.03608357906341553;0.7786785960197449
20_aii_bi1_once_neu;Vor drei Monaten hat Karl Greta ein französisches Lied beigebracht.;Vor zwei Wochen hat Karl wieder ein französisches Lied gelernt, als er mit einem Freund unterwegs war.;Karl hat einmal ein französisches Lied gelernt.;entailment;20;aii;bi;1;neutral;once;False;;;Vor drei Monaten hat Karl Greta ein französisches Lied beigebracht. Vor zwei Wochen hat Karl wieder ein französisches Lied gelernt, als er mit einem Freund unterwegs war.;Karl hat einmal ein französisches Lied gelernt.;joeddav/xlm-roberta-large-xnli;entailment;1;0.0010409887181594968;0.000332921976223588;0.9986261129379272
20_aii_bi1_twice_neu;Vor drei Monaten hat Karl Greta ein französisches Lied beigebracht.;Vor zwei Wochen hat Karl wieder ein französisches Lied gelernt, als er mit einem Freund unterwegs war.;Karl hat mindestens zweimal ein französisches Lied gelernt.;unknown;20;aii;bi;1;neutral;twice;False;;;Vor drei Monaten hat Karl Greta ein französisches Lied beigebracht. Vor zwei Wochen hat Karl wieder ein französisches Lied gelernt, als er mit einem Freund unterwegs war.;Karl hat mindestens zweimal ein französisches Lied gelernt.;joeddav/xlm-roberta-large-xnli;entailment;0;0.000469155638711527;0.0005873726331628859;0.9989435076713562
20_aii_bi1_cannot_say_neu;Vor drei Monaten hat Karl Greta ein französisches Lied beigebracht.;Vor zwei Wochen hat Karl wieder ein französisches Lied gelernt, als er mit einem Freund unterwegs war.;Es lässt sich nicht sagen, wie oft Karl ein französisches Lied gelernt hat.;unknown;20;aii;bi;1;neutral;cannot say;False;;;Vor drei Monaten hat Karl Greta ein französisches Lied beigebracht. Vor zwei Wochen hat Karl wieder ein französisches Lied gelernt, als er mit einem Freund unterwegs war.;Es lässt sich nicht sagen, wie oft Karl ein französisches Lied gelernt hat.;joeddav/xlm-roberta-large-xnli;entailment;0;0.05940461531281471;0.026405425742268562;0.9141899347305298
20_aii_bi2_once_pos;Vor drei Monaten hat Karl Greta ein französisches Lied beigebracht.;Vor zwei Wochen hat Greta wieder ein französisches Lied gelernt, als sie mit einem Freund unterwegs war.;Greta hat einmal ein französisches Lied gelernt.;unknown;20;aii;bi;2;positive;once;False;;;Vor drei Monaten hat Karl Greta ein französisches Lied beigebracht. Vor zwei Wochen hat Greta wieder ein französisches Lied gelernt, als sie mit einem Freund unterwegs war.;Greta hat einmal ein französisches Lied gelernt.;joeddav/xlm-roberta-large-xnli;entailment;0;0.0009438731358386576;0.00033739430364221334;0.9987187385559082
20_aii_bi2_twice_pos;Vor drei Monaten hat Karl Greta ein französisches Lied beigebracht.;Vor zwei Wochen hat Greta wieder ein französisches Lied gelernt, als sie mit einem Freund unterwegs war.;Greta hat mindestens zweimal ein französisches Lied gelernt.;entailment;20;aii;bi;2;positive;twice;False;;;Vor drei Monaten hat Karl Greta ein französisches Lied beigebracht. Vor zwei Wochen hat Greta wieder ein französisches Lied gelernt, als sie mit einem Freund unterwegs war.;Greta hat mindestens zweimal ein französisches Lied gelernt.;joeddav/xlm-roberta-large-xnli;entailment;1;0.00042053451761603355;0.000546008232049644;0.9990334510803223
20_aii_bi2_cannot_say_pos;Vor drei Monaten hat Karl Greta ein französisches Lied beigebracht.;Vor zwei Wochen hat Greta wieder ein französisches Lied gelernt, als sie mit einem Freund unterwegs war.;Es lässt sich nicht sagen, wie oft Greta ein französisches Lied gelernt hat.;unknown;20;aii;bi;2;positive;cannot say;False;;;Vor drei Monaten hat Karl Greta ein französisches Lied beigebracht. Vor zwei Wochen hat Greta wieder ein französisches Lied gelernt, als sie mit einem Freund unterwegs war.;Es lässt sich nicht sagen, wie oft Greta ein französisches Lied gelernt hat.;joeddav/xlm-roberta-large-xnli;entailment;0;0.11150429397821426;0.0228080153465271;0.8656876683235168
20_aii_bii1_once_pos;Vor drei Monaten hat Karl Greta ein französisches Lied beigebracht.;Vor zwei Wochen hat Karl wieder einem Freund ein französisches Lied beigebracht, als er mit einem Freund unterwegs war.;Karl hat einmal einem Freund ein französisches Lied beigebracht.;unknown;20;aii;bii;1;positive;once;True;The b(ii) printed for item 20 in Tiemann.Dissertation2.pdf (p. 154) is a verbatim duplicate of item 19 b(ii) — 'ein nettes Kompliment verteilt, als {er/sie} in einem Park spazieren war' — carrying the wrong names and the wrong theme for an item about a französisches Lied. That is a typesetting error in the dissertation, not an extraction error. This text is a user-approved editorial reconstruction (2026-09-08), replacing the earlier gesungen reconstruction, following the verb-pairing pattern of the surrounding items (recipient verb in bi, agent verb in bii), not verbatim dissertation text.;;Vor drei Monaten hat Karl Greta ein französisches Lied beigebracht. Vor zwei Wochen hat Karl wieder einem Freund ein französisches Lied beigebracht, als er mit einem Freund unterwegs war.;Karl hat einmal einem Freund ein französisches Lied beigebracht.;joeddav/xlm-roberta-large-xnli;entailment;0;0.0008622136083431542;0.0003007629420608282;0.9988370537757874
20_aii_bii1_twice_pos;Vor drei Monaten hat Karl Greta ein französisches Lied beigebracht.;Vor zwei Wochen hat Karl wieder einem Freund ein französisches Lied beigebracht, als er mit einem Freund unterwegs war.;Karl hat mindestens zweimal einem Freund ein französisches Lied beigebracht.;entailment;20;aii;bii;1;positive;twice;True;The b(ii) printed for item 20 in Tiemann.Dissertation2.pdf (p. 154) is a verbatim duplicate of item 19 b(ii) — 'ein nettes Kompliment verteilt, als {er/sie} in einem Park spazieren war' — carrying the wrong names and the wrong theme for an item about a französisches Lied. That is a typesetting error in the dissertation, not an extraction error. This text is a user-approved editorial reconstruction (2026-09-08), replacing the earlier gesungen reconstruction, following the verb-pairing pattern of the surrounding items (recipient verb in bi, agent verb in bii), not verbatim dissertation text.;;Vor drei Monaten hat Karl Greta ein französisches Lied beigebracht. Vor zwei Wochen hat Karl wieder einem Freund ein französisches Lied beigebracht, als er mit einem Freund unterwegs war.;Karl hat mindestens zweimal einem Freund ein französisches Lied beigebracht.;joeddav/xlm-roberta-large-xnli;entailment;1;0.0002771886356640607;0.00023304301430471241;0.9994897842407227
20_aii_bii1_cannot_say_pos;Vor drei Monaten hat Karl Greta ein französisches Lied beigebracht.;Vor zwei Wochen hat Karl wieder einem Freund ein französisches Lied beigebracht, als er mit einem Freund unterwegs war.;Es lässt sich nicht sagen, wie oft Karl einem Freund ein französisches Lied beigebracht hat.;unknown;20;aii;bii;1;positive;cannot say;True;The b(ii) printed for item 20 in Tiemann.Dissertation2.pdf (p. 154) is a verbatim duplicate of item 19 b(ii) — 'ein nettes Kompliment verteilt, als {er/sie} in einem Park spazieren war' — carrying the wrong names and the wrong theme for an item about a französisches Lied. That is a typesetting error in the dissertation, not an extraction error. This text is a user-approved editorial reconstruction (2026-09-08), replacing the earlier gesungen reconstruction, following the verb-pairing pattern of the surrounding items (recipient verb in bi, agent verb in bii), not verbatim dissertation text.;;Vor drei Monaten hat Karl Greta ein französisches Lied beigebracht. Vor zwei Wochen hat Karl wieder einem Freund ein französisches Lied beigebracht, als er mit einem Freund unterwegs war.;Es lässt sich nicht sagen, wie oft Karl einem Freund ein französisches Lied beigebracht hat.;joeddav/xlm-roberta-large-xnli;entailment;0;0.17210491001605988;0.04828478395938873;0.7796103358268738
20_aii_bii2_once_neu;Vor drei Monaten hat Karl Greta ein französisches Lied beigebracht.;Vor zwei Wochen hat Greta wieder einem Freund ein französisches Lied beigebracht, als sie mit einem Freund unterwegs war.;Greta hat einmal einem Freund ein französisches Lied beigebracht.;entailment;20;aii;bii;2;neutral;once;True;The b(ii) printed for item 20 in Tiemann.Dissertation2.pdf (p. 154) is a verbatim duplicate of item 19 b(ii) — 'ein nettes Kompliment verteilt, als {er/sie} in einem Park spazieren war' — carrying the wrong names and the wrong theme for an item about a französisches Lied. That is a typesetting error in the dissertation, not an extraction error. This text is a user-approved editorial reconstruction (2026-09-08), replacing the earlier gesungen reconstruction, following the verb-pairing pattern of the surrounding items (recipient verb in bi, agent verb in bii), not verbatim dissertation text.;;Vor drei Monaten hat Karl Greta ein französisches Lied beigebracht. Vor zwei Wochen hat Greta wieder einem Freund ein französisches Lied beigebracht, als sie mit einem Freund unterwegs war.;Greta hat einmal einem Freund ein französisches Lied beigebracht.;joeddav/xlm-roberta-large-xnli;entailment;1;0.0008596255793236196;0.000321575062116608;0.9988188147544861
20_aii_bii2_twice_neu;Vor drei Monaten hat Karl Greta ein französisches Lied beigebracht.;Vor zwei Wochen hat Greta wieder einem Freund ein französisches Lied beigebracht, als sie mit einem Freund unterwegs war.;Greta hat mindestens zweimal einem Freund ein französisches Lied beigebracht.;unknown;20;aii;bii;2;neutral;twice;True;The b(ii) printed for item 20 in Tiemann.Dissertation2.pdf (p. 154) is a verbatim duplicate of item 19 b(ii) — 'ein nettes Kompliment verteilt, als {er/sie} in einem Park spazieren war' — carrying the wrong names and the wrong theme for an item about a französisches Lied. That is a typesetting error in the dissertation, not an extraction error. This text is a user-approved editorial reconstruction (2026-09-08), replacing the earlier gesungen reconstruction, following the verb-pairing pattern of the surrounding items (recipient verb in bi, agent verb in bii), not verbatim dissertation text.;;Vor drei Monaten hat Karl Greta ein französisches Lied beigebracht. Vor zwei Wochen hat Greta wieder einem Freund ein französisches Lied beigebracht, als sie mit einem Freund unterwegs war.;Greta hat mindestens zweimal einem Freund ein französisches Lied beigebracht.;joeddav/xlm-roberta-large-xnli;entailment;0;0.00025964828091673553;0.0002351072762394324;0.9995052814483643
20_aii_bii2_cannot_say_neu;Vor drei Monaten hat Karl Greta ein französisches Lied beigebracht.;Vor zwei Wochen hat Greta wieder einem Freund ein französisches Lied beigebracht, als sie mit einem Freund unterwegs war.;Es lässt sich nicht sagen, wie oft Greta einem Freund ein französisches Lied beigebracht hat.;unknown;20;aii;bii;2;neutral;cannot say;True;The b(ii) printed for item 20 in Tiemann.Dissertation2.pdf (p. 154) is a verbatim duplicate of item 19 b(ii) — 'ein nettes Kompliment verteilt, als {er/sie} in einem Park spazieren war' — carrying the wrong names and the wrong theme for an item about a französisches Lied. That is a typesetting error in the dissertation, not an extraction error. This text is a user-approved editorial reconstruction (2026-09-08), replacing the earlier gesungen reconstruction, following the verb-pairing pattern of the surrounding items (recipient verb in bi, agent verb in bii), not verbatim dissertation text.;;Vor drei Monaten hat Karl Greta ein französisches Lied beigebracht. Vor zwei Wochen hat Greta wieder einem Freund ein französisches Lied beigebracht, als sie mit einem Freund unterwegs war.;Es lässt sich nicht sagen, wie oft Greta einem Freund ein französisches Lied beigebracht hat.;joeddav/xlm-roberta-large-xnli;entailment;0;0.2287285327911377;0.061862844973802567;0.7094086408615112
21_ai_bi1_once_pos;Letztes Jahr hat Tina Timo eine Überraschungsparty zum bestandenen Examen organisiert.;Vor vier Monaten hat Timo wieder eine große Überraschungsparty bekommen, weil er in einem Preisausschreiben gewonnen hatte.;Timo hat einmal eine große Überraschungsparty bekommen.;unknown;21;ai;bi;1;positive;once;False;;;Letztes Jahr hat Tina Timo eine Überraschungsparty zum bestandenen Examen organisiert. Vor vier Monaten hat Timo wieder eine große Überraschungsparty bekommen, weil er in einem Preisausschreiben gewonnen hatte.;Timo hat einmal eine große Überraschungsparty bekommen.;joeddav/xlm-roberta-large-xnli;entailment;0;0.0006019789725542068;0.00026604285812936723;0.999131977558136
21_ai_bi1_twice_pos;Letztes Jahr hat Tina Timo eine Überraschungsparty zum bestandenen Examen organisiert.;Vor vier Monaten hat Timo wieder eine große Überraschungsparty bekommen, weil er in einem Preisausschreiben gewonnen hatte.;Timo hat mindestens zweimal eine große Überraschungsparty bekommen.;entailment;21;ai;bi;1;positive;twice;False;;;Letztes Jahr hat Tina Timo eine Überraschungsparty zum bestandenen Examen organisiert. Vor vier Monaten hat Timo wieder eine große Überraschungsparty bekommen, weil er in einem Preisausschreiben gewonnen hatte.;Timo hat mindestens zweimal eine große Überraschungsparty bekommen.;joeddav/xlm-roberta-large-xnli;entailment;1;0.0003001651493832469;0.0002493613865226507;0.9994505047798157
21_ai_bi1_cannot_say_pos;Letztes Jahr hat Tina Timo eine Überraschungsparty zum bestandenen Examen organisiert.;Vor vier Monaten hat Timo wieder eine große Überraschungsparty bekommen, weil er in einem Preisausschreiben gewonnen hatte.;Es lässt sich nicht sagen, wie oft Timo eine große Überraschungsparty bekommen hat.;unknown;21;ai;bi;1;positive;cannot say;False;;;Letztes Jahr hat Tina Timo eine Überraschungsparty zum bestandenen Examen organisiert. Vor vier Monaten hat Timo wieder eine große Überraschungsparty bekommen, weil er in einem Preisausschreiben gewonnen hatte.;Es lässt sich nicht sagen, wie oft Timo eine große Überraschungsparty bekommen hat.;joeddav/xlm-roberta-large-xnli;neutral;1;0.005596222821623087;0.9131659269332886;0.08123779296875
21_ai_bi2_once_neu;Letztes Jahr hat Tina Timo eine Überraschungsparty zum bestandenen Examen organisiert.;Vor vier Monaten hat Tina wieder eine große Überraschungsparty bekommen, weil sie in einem Preisausschreiben gewonnen hatte.;Tina hat einmal eine große Überraschungsparty bekommen.;entailment;21;ai;bi;2;neutral;once;False;;;Letztes Jahr hat Tina Timo eine Überraschungsparty zum bestandenen Examen organisiert. Vor vier Monaten hat Tina wieder eine große Überraschungsparty bekommen, weil sie in einem Preisausschreiben gewonnen hatte.;Tina hat einmal eine große Überraschungsparty bekommen.;joeddav/xlm-roberta-large-xnli;entailment;1;0.0006271859747357666;0.0002924746659118682;0.9990803003311157
21_ai_bi2_twice_neu;Letztes Jahr hat Tina Timo eine Überraschungsparty zum bestandenen Examen organisiert.;Vor vier Monaten hat Tina wieder eine große Überraschungsparty bekommen, weil sie in einem Preisausschreiben gewonnen hatte.;Tina hat mindestens zweimal eine große Überraschungsparty bekommen.;unknown;21;ai;bi;2;neutral;twice;False;;;Letztes Jahr hat Tina Timo eine Überraschungsparty zum bestandenen Examen organisiert. Vor vier Monaten hat Tina wieder eine große Überraschungsparty bekommen, weil sie in einem Preisausschreiben gewonnen hatte.;Tina hat mindestens zweimal eine große Überraschungsparty bekommen.;joeddav/xlm-roberta-large-xnli;entailment;0;0.00030142959440127015;0.00026632213848643005;0.9994322657585144
21_ai_bi2_cannot_say_neu;Letztes Jahr hat Tina Timo eine Überraschungsparty zum bestandenen Examen organisiert.;Vor vier Monaten hat Tina wieder eine große Überraschungsparty bekommen, weil sie in einem Preisausschreiben gewonnen hatte.;Es lässt sich nicht sagen, wie oft Tina eine große Überraschungsparty bekommen hat.;unknown;21;ai;bi;2;neutral;cannot say;False;;;Letztes Jahr hat Tina Timo eine Überraschungsparty zum bestandenen Examen organisiert. Vor vier Monaten hat Tina wieder eine große Überraschungsparty bekommen, weil sie in einem Preisausschreiben gewonnen hatte.;Es lässt sich nicht sagen, wie oft Tina eine große Überraschungsparty bekommen hat.;joeddav/xlm-roberta-large-xnli;neutral;1;0.004827174823731184;0.9415753483772278;0.05359738692641258
21_ai_bii1_once_neu;Letztes Jahr hat Tina Timo eine Überraschungsparty zum bestandenen Examen organisiert.;Vor vier Monaten hat Timo wieder eine große Überraschungsparty ausgerichtet, weil er in einem Preisausschreiben gewonnen hatte.;Timo hat einmal eine große Überraschungsparty ausgerichtet.;entailment;21;ai;bii;1;neutral;once;False;;;Letztes Jahr hat Tina Timo eine Überraschungsparty zum bestandenen Examen organisiert. Vor vier Monaten hat Timo wieder eine große Überraschungsparty ausgerichtet, weil er in einem Preisausschreiben gewonnen hatte.;Timo hat einmal eine große Überraschungsparty ausgerichtet.;joeddav/xlm-roberta-large-xnli;entailment;1;0.0008661500760354102;0.0002911421179305762;0.998842716217041
21_ai_bii1_twice_neu;Letztes Jahr hat Tina Timo eine Überraschungsparty zum bestandenen Examen organisiert.;Vor vier Monaten hat Timo wieder eine große Überraschungsparty ausgerichtet, weil er in einem Preisausschreiben gewonnen hatte.;Timo hat mindestens zweimal eine große Überraschungsparty ausgerichtet.;unknown;21;ai;bii;1;neutral;twice;False;;;Letztes Jahr hat Tina Timo eine Überraschungsparty zum bestandenen Examen organisiert. Vor vier Monaten hat Timo wieder eine große Überraschungsparty ausgerichtet, weil er in einem Preisausschreiben gewonnen hatte.;Timo hat mindestens zweimal eine große Überraschungsparty ausgerichtet.;joeddav/xlm-roberta-large-xnli;entailment;0;0.0003816751413978636;0.00029913816251792014;0.9993191957473755
21_ai_bii1_cannot_say_neu;Letztes Jahr hat Tina Timo eine Überraschungsparty zum bestandenen Examen organisiert.;Vor vier Monaten hat Timo wieder eine große Überraschungsparty ausgerichtet, weil er in einem Preisausschreiben gewonnen hatte.;Es lässt sich nicht sagen, wie oft Timo eine große Überraschungsparty ausgerichtet hat.;unknown;21;ai;bii;1;neutral;cannot say;False;;;Letztes Jahr hat Tina Timo eine Überraschungsparty zum bestandenen Examen organisiert. Vor vier Monaten hat Timo wieder eine große Überraschungsparty ausgerichtet, weil er in einem Preisausschreiben gewonnen hatte.;Es lässt sich nicht sagen, wie oft Timo eine große Überraschungsparty ausgerichtet hat.;joeddav/xlm-roberta-large-xnli;neutral;1;0.029938116669654846;0.8857269287109375;0.08433493226766586
21_ai_bii2_once_pos;Letztes Jahr hat Tina Timo eine Überraschungsparty zum bestandenen Examen organisiert.;Vor vier Monaten hat Tina wieder eine große Überraschungsparty ausgerichtet, weil sie in einem Preisausschreiben gewonnen hatte.;Tina hat einmal eine große Überraschungsparty ausgerichtet.;unknown;21;ai;bii;2;positive;once;False;;;Letztes Jahr hat Tina Timo eine Überraschungsparty zum bestandenen Examen organisiert. Vor vier Monaten hat Tina wieder eine große Überraschungsparty ausgerichtet, weil sie in einem Preisausschreiben gewonnen hatte.;Tina hat einmal eine große Überraschungsparty ausgerichtet.;joeddav/xlm-roberta-large-xnli;entailment;0;0.0006315356586128473;0.000285753863863647;0.9990826845169067
21_ai_bii2_twice_pos;Letztes Jahr hat Tina Timo eine Überraschungsparty zum bestandenen Examen organisiert.;Vor vier Monaten hat Tina wieder eine große Überraschungsparty ausgerichtet, weil sie in einem Preisausschreiben gewonnen hatte.;Tina hat mindestens zweimal eine große Überraschungsparty ausgerichtet.;entailment;21;ai;bii;2;positive;twice;False;;;Letztes Jahr hat Tina Timo eine Überraschungsparty zum bestandenen Examen organisiert. Vor vier Monaten hat Tina wieder eine große Überraschungsparty ausgerichtet, weil sie in einem Preisausschreiben gewonnen hatte.;Tina hat mindestens zweimal eine große Überraschungsparty ausgerichtet.;joeddav/xlm-roberta-large-xnli;entailment;1;0.0003189394192304462;0.0002874025085475296;0.9993937015533447
21_ai_bii2_cannot_say_pos;Letztes Jahr hat Tina Timo eine Überraschungsparty zum bestandenen Examen organisiert.;Vor vier Monaten hat Tina wieder eine große Überraschungsparty ausgerichtet, weil sie in einem Preisausschreiben gewonnen hatte.;Es lässt sich nicht sagen, wie oft Tina eine große Überraschungsparty ausgerichtet hat.;unknown;21;ai;bii;2;positive;cannot say;False;;;Letztes Jahr hat Tina Timo eine Überraschungsparty zum bestandenen Examen organisiert. Vor vier Monaten hat Tina wieder eine große Überraschungsparty ausgerichtet, weil sie in einem Preisausschreiben gewonnen hatte.;Es lässt sich nicht sagen, wie oft Tina eine große Überraschungsparty ausgerichtet hat.;joeddav/xlm-roberta-large-xnli;neutral;1;0.021389469504356384;0.9159389734268188;0.06267151981592178
21_aii_bi1_once_neu;Letztes Jahr hat Timo Tina eine Überraschungsparty zum bestandenen Examen organisiert.;Vor vier Monaten hat Timo wieder eine große Überraschungsparty bekommen, weil er in einem Preisausschreiben gewonnen hatte.;Timo hat einmal eine große Überraschungsparty bekommen.;entailment;21;aii;bi;1;neutral;once;False;;;Letztes Jahr hat Timo Tina eine Überraschungsparty zum bestandenen Examen organisiert. Vor vier Monaten hat Timo wieder eine große Überraschungsparty bekommen, weil er in einem Preisausschreiben gewonnen hatte.;Timo hat einmal eine große Überraschungsparty bekommen.;joeddav/xlm-roberta-large-xnli;entailment;1;0.0006159610929898918;0.0002795374020934105;0.9991044402122498
21_aii_bi1_twice_neu;Letztes Jahr hat Timo Tina eine Überraschungsparty zum bestandenen Examen organisiert.;Vor vier Monaten hat Timo wieder eine große Überraschungsparty bekommen, weil er in einem Preisausschreiben gewonnen hatte.;Timo hat mindestens zweimal eine große Überraschungsparty bekommen.;unknown;21;aii;bi;1;neutral;twice;False;;;Letztes Jahr hat Timo Tina eine Überraschungsparty zum bestandenen Examen organisiert. Vor vier Monaten hat Timo wieder eine große Überraschungsparty bekommen, weil er in einem Preisausschreiben gewonnen hatte.;Timo hat mindestens zweimal eine große Überraschungsparty bekommen.;joeddav/xlm-roberta-large-xnli;entailment;0;0.0003041106974706054;0.0002574039390310645;0.999438464641571
21_aii_bi1_cannot_say_neu;Letztes Jahr hat Timo Tina eine Überraschungsparty zum bestandenen Examen organisiert.;Vor vier Monaten hat Timo wieder eine große Überraschungsparty bekommen, weil er in einem Preisausschreiben gewonnen hatte.;Es lässt sich nicht sagen, wie oft Timo eine große Überraschungsparty bekommen hat.;unknown;21;aii;bi;1;neutral;cannot say;False;;;Letztes Jahr hat Timo Tina eine Überraschungsparty zum bestandenen Examen organisiert. Vor vier Monaten hat Timo wieder eine große Überraschungsparty bekommen, weil er in einem Preisausschreiben gewonnen hatte.;Es lässt sich nicht sagen, wie oft Timo eine große Überraschungsparty bekommen hat.;joeddav/xlm-roberta-large-xnli;neutral;1;0.005810855887830257;0.9129000902175903;0.08128901571035385
21_aii_bi2_once_pos;Letztes Jahr hat Timo Tina eine Überraschungsparty zum bestandenen Examen organisiert.;Vor vier Monaten hat Tina wieder eine große Überraschungsparty bekommen, weil sie in einem Preisausschreiben gewonnen hatte.;Tina hat einmal eine große Überraschungsparty bekommen.;unknown;21;aii;bi;2;positive;once;False;;;Letztes Jahr hat Timo Tina eine Überraschungsparty zum bestandenen Examen organisiert. Vor vier Monaten hat Tina wieder eine große Überraschungsparty bekommen, weil sie in einem Preisausschreiben gewonnen hatte.;Tina hat einmal eine große Überraschungsparty bekommen.;joeddav/xlm-roberta-large-xnli;entailment;0;0.0006463805329985917;0.00029094889760017395;0.999062716960907
21_aii_bi2_twice_pos;Letztes Jahr hat Timo Tina eine Überraschungsparty zum bestandenen Examen organisiert.;Vor vier Monaten hat Tina wieder eine große Überraschungsparty bekommen, weil sie in einem Preisausschreiben gewonnen hatte.;Tina hat mindestens zweimal eine große Überraschungsparty bekommen.;entailment;21;aii;bi;2;positive;twice;False;;;Letztes Jahr hat Timo Tina eine Überraschungsparty zum bestandenen Examen organisiert. Vor vier Monaten hat Tina wieder eine große Überraschungsparty bekommen, weil sie in einem Preisausschreiben gewonnen hatte.;Tina hat mindestens zweimal eine große Überraschungsparty bekommen.;joeddav/xlm-roberta-large-xnli;entailment;1;0.0003045465564355254;0.00026878342032432556;0.9994267225265503
21_aii_bi2_cannot_say_pos;Letztes Jahr hat Timo Tina eine Überraschungsparty zum bestandenen Examen organisiert.;Vor vier Monaten hat Tina wieder eine große Überraschungsparty bekommen, weil sie in einem Preisausschreiben gewonnen hatte.;Es lässt sich nicht sagen, wie oft Tina eine große Überraschungsparty bekommen hat.;unknown;21;aii;bi;2;positive;cannot say;False;;;Letztes Jahr hat Timo Tina eine Überraschungsparty zum bestandenen Examen organisiert. Vor vier Monaten hat Tina wieder eine große Überraschungsparty bekommen, weil sie in einem Preisausschreiben gewonnen hatte.;Es lässt sich nicht sagen, wie oft Tina eine große Überraschungsparty bekommen hat.;joeddav/xlm-roberta-large-xnli;neutral;1;0.004881428088992834;0.9355838894844055;0.05953463912010193
21_aii_bii1_once_pos;Letztes Jahr hat Timo Tina eine Überraschungsparty zum bestandenen Examen organisiert.;Vor vier Monaten hat Timo wieder eine große Überraschungsparty ausgerichtet, weil er in einem Preisausschreiben gewonnen hatte.;Timo hat einmal eine große Überraschungsparty ausgerichtet.;unknown;21;aii;bii;1;positive;once;False;;;Letztes Jahr hat Timo Tina eine Überraschungsparty zum bestandenen Examen organisiert. Vor vier Monaten hat Timo wieder eine große Überraschungsparty ausgerichtet, weil er in einem Preisausschreiben gewonnen hatte.;Timo hat einmal eine große Überraschungsparty ausgerichtet.;joeddav/xlm-roberta-large-xnli;entailment;0;0.0006845428724773228;0.0002828011056408286;0.9990326166152954
21_aii_bii1_twice_pos;Letztes Jahr hat Timo Tina eine Überraschungsparty zum bestandenen Examen organisiert.;Vor vier Monaten hat Timo wieder eine große Überraschungsparty ausgerichtet, weil er in einem Preisausschreiben gewonnen hatte.;Timo hat mindestens zweimal eine große Überraschungsparty ausgerichtet.;entailment;21;aii;bii;1;positive;twice;False;;;Letztes Jahr hat Timo Tina eine Überraschungsparty zum bestandenen Examen organisiert. Vor vier Monaten hat Timo wieder eine große Überraschungsparty ausgerichtet, weil er in einem Preisausschreiben gewonnen hatte.;Timo hat mindestens zweimal eine große Überraschungsparty ausgerichtet.;joeddav/xlm-roberta-large-xnli;entailment;1;0.0003379213158041239;0.00027387088630348444;0.9993882179260254
21_aii_bii1_cannot_say_pos;Letztes Jahr hat Timo Tina eine Überraschungsparty zum bestandenen Examen organisiert.;Vor vier Monaten hat Timo wieder eine große Überraschungsparty ausgerichtet, weil er in einem Preisausschreiben gewonnen hatte.;Es lässt sich nicht sagen, wie oft Timo eine große Überraschungsparty ausgerichtet hat.;unknown;21;aii;bii;1;positive;cannot say;False;;;Letztes Jahr hat Timo Tina eine Überraschungsparty zum bestandenen Examen organisiert. Vor vier Monaten hat Timo wieder eine große Überraschungsparty ausgerichtet, weil er in einem Preisausschreiben gewonnen hatte.;Es lässt sich nicht sagen, wie oft Timo eine große Überraschungsparty ausgerichtet hat.;joeddav/xlm-roberta-large-xnli;neutral;1;0.028405023738741875;0.884316623210907;0.08727841824293137
21_aii_bii2_once_neu;Letztes Jahr hat Timo Tina eine Überraschungsparty zum bestandenen Examen organisiert.;Vor vier Monaten hat Tina wieder eine große Überraschungsparty ausgerichtet, weil sie in einem Preisausschreiben gewonnen hatte.;Tina hat einmal eine große Überraschungsparty ausgerichtet.;entailment;21;aii;bii;2;neutral;once;False;;;Letztes Jahr hat Timo Tina eine Überraschungsparty zum bestandenen Examen organisiert. Vor vier Monaten hat Tina wieder eine große Überraschungsparty ausgerichtet, weil sie in einem Preisausschreiben gewonnen hatte.;Tina hat einmal eine große Überraschungsparty ausgerichtet.;joeddav/xlm-roberta-large-xnli;entailment;1;0.0006461346638388932;0.0002853135811164975;0.999068558216095
21_aii_bii2_twice_neu;Letztes Jahr hat Timo Tina eine Überraschungsparty zum bestandenen Examen organisiert.;Vor vier Monaten hat Tina wieder eine große Überraschungsparty ausgerichtet, weil sie in einem Preisausschreiben gewonnen hatte.;Tina hat mindestens zweimal eine große Überraschungsparty ausgerichtet.;unknown;21;aii;bii;2;neutral;twice;False;;;Letztes Jahr hat Timo Tina eine Überraschungsparty zum bestandenen Examen organisiert. Vor vier Monaten hat Tina wieder eine große Überraschungsparty ausgerichtet, weil sie in einem Preisausschreiben gewonnen hatte.;Tina hat mindestens zweimal eine große Überraschungsparty ausgerichtet.;joeddav/xlm-roberta-large-xnli;entailment;0;0.00032896571792662144;0.0003089020901825279;0.9993621706962585
21_aii_bii2_cannot_say_neu;Letztes Jahr hat Timo Tina eine Überraschungsparty zum bestandenen Examen organisiert.;Vor vier Monaten hat Tina wieder eine große Überraschungsparty ausgerichtet, weil sie in einem Preisausschreiben gewonnen hatte.;Es lässt sich nicht sagen, wie oft Tina eine große Überraschungsparty ausgerichtet hat.;unknown;21;aii;bii;2;neutral;cannot say;False;;;Letztes Jahr hat Timo Tina eine Überraschungsparty zum bestandenen Examen organisiert. Vor vier Monaten hat Tina wieder eine große Überraschungsparty ausgerichtet, weil sie in einem Preisausschreiben gewonnen hatte.;Es lässt sich nicht sagen, wie oft Tina eine große Überraschungsparty ausgerichtet hat.;joeddav/xlm-roberta-large-xnli;neutral;1;0.020210320129990578;0.91739422082901;0.062395501881837845
22_ai_bi1_once_pos;Vor vier Wochen hat Tina Greta von einer albernen Geschichte aus ihrem Leben berichtet.;Vor zwei Tagen hat Greta wieder eine alberne Geschichte gehört, als sie auf einer Geburtstagsparty eingeladen war.;Greta hat einmal eine alberne Geschichte gehört.;unknown;22;ai;bi;1;positive;once;False;;;Vor vier Wochen hat Tina Greta von einer albernen Geschichte aus ihrem Leben berichtet. Vor zwei Tagen hat Greta wieder eine alberne Geschichte gehört, als sie auf einer Geburtstagsparty eingeladen war.;Greta hat einmal eine alberne Geschichte gehört.;joeddav/xlm-roberta-large-xnli;entailment;0;0.0021376246586441994;0.0012613664148375392;0.9966009855270386
22_ai_bi1_twice_pos;Vor vier Wochen hat Tina Greta von einer albernen Geschichte aus ihrem Leben berichtet.;Vor zwei Tagen hat Greta wieder eine alberne Geschichte gehört, als sie auf einer Geburtstagsparty eingeladen war.;Greta hat mindestens zweimal eine alberne Geschichte gehört.;entailment;22;ai;bi;1;positive;twice;False;;;Vor vier Wochen hat Tina Greta von einer albernen Geschichte aus ihrem Leben berichtet. Vor zwei Tagen hat Greta wieder eine alberne Geschichte gehört, als sie auf einer Geburtstagsparty eingeladen war.;Greta hat mindestens zweimal eine alberne Geschichte gehört.;joeddav/xlm-roberta-large-xnli;entailment;1;0.0003780646075028926;0.0004818117304239422;0.9991401433944702
22_ai_bi1_cannot_say_pos;Vor vier Wochen hat Tina Greta von einer albernen Geschichte aus ihrem Leben berichtet.;Vor zwei Tagen hat Greta wieder eine alberne Geschichte gehört, als sie auf einer Geburtstagsparty eingeladen war.;Es lässt sich nicht sagen, wie oft Greta eine alberne Geschichte gehört hat.;unknown;22;ai;bi;1;positive;cannot say;False;;;Vor vier Wochen hat Tina Greta von einer albernen Geschichte aus ihrem Leben berichtet. Vor zwei Tagen hat Greta wieder eine alberne Geschichte gehört, als sie auf einer Geburtstagsparty eingeladen war.;Es lässt sich nicht sagen, wie oft Greta eine alberne Geschichte gehört hat.;joeddav/xlm-roberta-large-xnli;entailment;0;0.02001255750656128;0.019931921735405922;0.9600555300712585
22_ai_bi2_once_neu;Vor vier Wochen hat Tina Greta von einer albernen Geschichte aus ihrem Leben berichtet.;Vor zwei Tagen hat Tina wieder eine alberne Geschichte gehört, als sie auf einer Geburtstagsparty eingeladen war.;Tina hat einmal eine alberne Geschichte gehört.;entailment;22;ai;bi;2;neutral;once;False;;;Vor vier Wochen hat Tina Greta von einer albernen Geschichte aus ihrem Leben berichtet. Vor zwei Tagen hat Tina wieder eine alberne Geschichte gehört, als sie auf einer Geburtstagsparty eingeladen war.;Tina hat einmal eine alberne Geschichte gehört.;joeddav/xlm-roberta-large-xnli;entailment;1;0.0028786712791770697;0.0013379553565755486;0.9957834482192993
22_ai_bi2_twice_neu;Vor vier Wochen hat Tina Greta von einer albernen Geschichte aus ihrem Leben berichtet.;Vor zwei Tagen hat Tina wieder eine alberne Geschichte gehört, als sie auf einer Geburtstagsparty eingeladen war.;Tina hat mindestens zweimal eine alberne Geschichte gehört.;unknown;22;ai;bi;2;neutral;twice;False;;;Vor vier Wochen hat Tina Greta von einer albernen Geschichte aus ihrem Leben berichtet. Vor zwei Tagen hat Tina wieder eine alberne Geschichte gehört, als sie auf einer Geburtstagsparty eingeladen war.;Tina hat mindestens zweimal eine alberne Geschichte gehört.;joeddav/xlm-roberta-large-xnli;entailment;0;0.0003897473798133433;0.0004796334251295775;0.9991306662559509
22_ai_bi2_cannot_say_neu;Vor vier Wochen hat Tina Greta von einer albernen Geschichte aus ihrem Leben berichtet.;Vor zwei Tagen hat Tina wieder eine alberne Geschichte gehört, als sie auf einer Geburtstagsparty eingeladen war.;Es lässt sich nicht sagen, wie oft Tina eine alberne Geschichte gehört hat.;unknown;22;ai;bi;2;neutral;cannot say;False;;;Vor vier Wochen hat Tina Greta von einer albernen Geschichte aus ihrem Leben berichtet. Vor zwei Tagen hat Tina wieder eine alberne Geschichte gehört, als sie auf einer Geburtstagsparty eingeladen war.;Es lässt sich nicht sagen, wie oft Tina eine alberne Geschichte gehört hat.;joeddav/xlm-roberta-large-xnli;entailment;0;0.038788292557001114;0.03958849981427193;0.9216232299804688
22_ai_bii1_once_neu;Vor vier Wochen hat Tina Greta von einer albernen Geschichte aus ihrem Leben berichtet.;Vor zwei Tagen hat Greta wieder eine alberne Geschichte erzählt, als sie auf einer Geburtstagsparty eingeladen war.;Greta hat einmal eine alberne Geschichte erzählt.;entailment;22;ai;bii;1;neutral;once;False;;;Vor vier Wochen hat Tina Greta von einer albernen Geschichte aus ihrem Leben berichtet. Vor zwei Tagen hat Greta wieder eine alberne Geschichte erzählt, als sie auf einer Geburtstagsparty eingeladen war.;Greta hat einmal eine alberne Geschichte erzählt.;joeddav/xlm-roberta-large-xnli;entailment;1;0.0008132569491863251;0.0005101309507153928;0.998676598072052
22_ai_bii1_twice_neu;Vor vier Wochen hat Tina Greta von einer albernen Geschichte aus ihrem Leben berichtet.;Vor zwei Tagen hat Greta wieder eine alberne Geschichte erzählt, als sie auf einer Geburtstagsparty eingeladen war.;Greta hat mindestens zweimal eine alberne Geschichte erzählt.;unknown;22;ai;bii;1;neutral;twice;False;;;Vor vier Wochen hat Tina Greta von einer albernen Geschichte aus ihrem Leben berichtet. Vor zwei Tagen hat Greta wieder eine alberne Geschichte erzählt, als sie auf einer Geburtstagsparty eingeladen war.;Greta hat mindestens zweimal eine alberne Geschichte erzählt.;joeddav/xlm-roberta-large-xnli;entailment;0;0.0003959891037084162;0.00042642015614546835;0.9991775155067444
22_ai_bii1_cannot_say_neu;Vor vier Wochen hat Tina Greta von einer albernen Geschichte aus ihrem Leben berichtet.;Vor zwei Tagen hat Greta wieder eine alberne Geschichte erzählt, als sie auf einer Geburtstagsparty eingeladen war.;Es lässt sich nicht sagen, wie oft Greta eine alberne Geschichte erzählt hat.;unknown;22;ai;bii;1;neutral;cannot say;False;;;Vor vier Wochen hat Tina Greta von einer albernen Geschichte aus ihrem Leben berichtet. Vor zwei Tagen hat Greta wieder eine alberne Geschichte erzählt, als sie auf einer Geburtstagsparty eingeladen war.;Es lässt sich nicht sagen, wie oft Greta eine alberne Geschichte erzählt hat.;joeddav/xlm-roberta-large-xnli;entailment;0;0.10760688036680222;0.19329191744327545;0.6991012096405029
22_ai_bii2_once_pos;Vor vier Wochen hat Tina Greta von einer albernen Geschichte aus ihrem Leben berichtet.;Vor zwei Tagen hat Tina wieder eine alberne Geschichte erzählt, als sie auf einer Geburtstagsparty eingeladen war.;Tina hat einmal eine alberne Geschichte erzählt.;unknown;22;ai;bii;2;positive;once;False;;;Vor vier Wochen hat Tina Greta von einer albernen Geschichte aus ihrem Leben berichtet. Vor zwei Tagen hat Tina wieder eine alberne Geschichte erzählt, als sie auf einer Geburtstagsparty eingeladen war.;Tina hat einmal eine alberne Geschichte erzählt.;joeddav/xlm-roberta-large-xnli;entailment;0;0.0008886698051355779;0.000520202680490911;0.9985911250114441
22_ai_bii2_twice_pos;Vor vier Wochen hat Tina Greta von einer albernen Geschichte aus ihrem Leben berichtet.;Vor zwei Tagen hat Tina wieder eine alberne Geschichte erzählt, als sie auf einer Geburtstagsparty eingeladen war.;Tina hat mindestens zweimal eine alberne Geschichte erzählt.;entailment;22;ai;bii;2;positive;twice;False;;;Vor vier Wochen hat Tina Greta von einer albernen Geschichte aus ihrem Leben berichtet. Vor zwei Tagen hat Tina wieder eine alberne Geschichte erzählt, als sie auf einer Geburtstagsparty eingeladen war.;Tina hat mindestens zweimal eine alberne Geschichte erzählt.;joeddav/xlm-roberta-large-xnli;entailment;1;0.0004181797557976097;0.0004525863623712212;0.9991292357444763
22_ai_bii2_cannot_say_pos;Vor vier Wochen hat Tina Greta von einer albernen Geschichte aus ihrem Leben berichtet.;Vor zwei Tagen hat Tina wieder eine alberne Geschichte erzählt, als sie auf einer Geburtstagsparty eingeladen war.;Es lässt sich nicht sagen, wie oft Tina eine alberne Geschichte erzählt hat.;unknown;22;ai;bii;2;positive;cannot say;False;;;Vor vier Wochen hat Tina Greta von einer albernen Geschichte aus ihrem Leben berichtet. Vor zwei Tagen hat Tina wieder eine alberne Geschichte erzählt, als sie auf einer Geburtstagsparty eingeladen war.;Es lässt sich nicht sagen, wie oft Tina eine alberne Geschichte erzählt hat.;joeddav/xlm-roberta-large-xnli;entailment;0;0.15762928128242493;0.2547653019428253;0.587605357170105
22_aii_bi1_once_neu;Vor vier Wochen hat Greta Tina von einer albernen Geschichte aus ihrem Leben berichtet.;Vor zwei Tagen hat Greta wieder eine alberne Geschichte gehört, als sie auf einer Geburtstagsparty eingeladen war.;Greta hat einmal eine alberne Geschichte gehört.;entailment;22;aii;bi;1;neutral;once;False;;;Vor vier Wochen hat Greta Tina von einer albernen Geschichte aus ihrem Leben berichtet. Vor zwei Tagen hat Greta wieder eine alberne Geschichte gehört, als sie auf einer Geburtstagsparty eingeladen war.;Greta hat einmal eine alberne Geschichte gehört.;joeddav/xlm-roberta-large-xnli;entailment;1;0.0020859017968177795;0.001106198295019567;0.996807873249054
22_aii_bi1_twice_neu;Vor vier Wochen hat Greta Tina von einer albernen Geschichte aus ihrem Leben berichtet.;Vor zwei Tagen hat Greta wieder eine alberne Geschichte gehört, als sie auf einer Geburtstagsparty eingeladen war.;Greta hat mindestens zweimal eine alberne Geschichte gehört.;unknown;22;aii;bi;1;neutral;twice;False;;;Vor vier Wochen hat Greta Tina von einer albernen Geschichte aus ihrem Leben berichtet. Vor zwei Tagen hat Greta wieder eine alberne Geschichte gehört, als sie auf einer Geburtstagsparty eingeladen war.;Greta hat mindestens zweimal eine alberne Geschichte gehört.;joeddav/xlm-roberta-large-xnli;entailment;0;0.00036573177203536034;0.00046447233762592077;0.9991698265075684
22_aii_bi1_cannot_say_neu;Vor vier Wochen hat Greta Tina von einer albernen Geschichte aus ihrem Leben berichtet.;Vor zwei Tagen hat Greta wieder eine alberne Geschichte gehört, als sie auf einer Geburtstagsparty eingeladen war.;Es lässt sich nicht sagen, wie oft Greta eine alberne Geschichte gehört hat.;unknown;22;aii;bi;1;neutral;cannot say;False;;;Vor vier Wochen hat Greta Tina von einer albernen Geschichte aus ihrem Leben berichtet. Vor zwei Tagen hat Greta wieder eine alberne Geschichte gehört, als sie auf einer Geburtstagsparty eingeladen war.;Es lässt sich nicht sagen, wie oft Greta eine alberne Geschichte gehört hat.;joeddav/xlm-roberta-large-xnli;entailment;0;0.021471984684467316;0.020131666213274002;0.9583964347839355
22_aii_bi2_once_pos;Vor vier Wochen hat Greta Tina von einer albernen Geschichte aus ihrem Leben berichtet.;Vor zwei Tagen hat Tina wieder eine alberne Geschichte gehört, als sie auf einer Geburtstagsparty eingeladen war.;Tina hat einmal eine alberne Geschichte gehört.;unknown;22;aii;bi;2;positive;once;False;;;Vor vier Wochen hat Greta Tina von einer albernen Geschichte aus ihrem Leben berichtet. Vor zwei Tagen hat Tina wieder eine alberne Geschichte gehört, als sie auf einer Geburtstagsparty eingeladen war.;Tina hat einmal eine alberne Geschichte gehört.;joeddav/xlm-roberta-large-xnli;entailment;0;0.002941560698673129;0.0015245284885168076;0.9955339431762695
22_aii_bi2_twice_pos;Vor vier Wochen hat Greta Tina von einer albernen Geschichte aus ihrem Leben berichtet.;Vor zwei Tagen hat Tina wieder eine alberne Geschichte gehört, als sie auf einer Geburtstagsparty eingeladen war.;Tina hat mindestens zweimal eine alberne Geschichte gehört.;entailment;22;aii;bi;2;positive;twice;False;;;Vor vier Wochen hat Greta Tina von einer albernen Geschichte aus ihrem Leben berichtet. Vor zwei Tagen hat Tina wieder eine alberne Geschichte gehört, als sie auf einer Geburtstagsparty eingeladen war.;Tina hat mindestens zweimal eine alberne Geschichte gehört.;joeddav/xlm-roberta-large-xnli;entailment;1;0.0003884862526319921;0.0004983769031241536;0.999113142490387
22_aii_bi2_cannot_say_pos;Vor vier Wochen hat Greta Tina von einer albernen Geschichte aus ihrem Leben berichtet.;Vor zwei Tagen hat Tina wieder eine alberne Geschichte gehört, als sie auf einer Geburtstagsparty eingeladen war.;Es lässt sich nicht sagen, wie oft Tina eine alberne Geschichte gehört hat.;unknown;22;aii;bi;2;positive;cannot say;False;;;Vor vier Wochen hat Greta Tina von einer albernen Geschichte aus ihrem Leben berichtet. Vor zwei Tagen hat Tina wieder eine alberne Geschichte gehört, als sie auf einer Geburtstagsparty eingeladen war.;Es lässt sich nicht sagen, wie oft Tina eine alberne Geschichte gehört hat.;joeddav/xlm-roberta-large-xnli;entailment;0;0.03703581914305687;0.038678333163261414;0.924285888671875
22_aii_bii1_once_pos;Vor vier Wochen hat Greta Tina von einer albernen Geschichte aus ihrem Leben berichtet.;Vor zwei Tagen hat Greta wieder eine alberne Geschichte erzählt, als sie auf einer Geburtstagsparty eingeladen war.;Greta hat einmal eine alberne Geschichte erzählt.;unknown;22;aii;bii;1;positive;once;False;;;Vor vier Wochen hat Greta Tina von einer albernen Geschichte aus ihrem Leben berichtet. Vor zwei Tagen hat Greta wieder eine alberne Geschichte erzählt, als sie auf einer Geburtstagsparty eingeladen war.;Greta hat einmal eine alberne Geschichte erzählt.;joeddav/xlm-roberta-large-xnli;entailment;0;0.0008170725777745247;0.0004798855516128242;0.9987030029296875
22_aii_bii1_twice_pos;Vor vier Wochen hat Greta Tina von einer albernen Geschichte aus ihrem Leben berichtet.;Vor zwei Tagen hat Greta wieder eine alberne Geschichte erzählt, als sie auf einer Geburtstagsparty eingeladen war.;Greta hat mindestens zweimal eine alberne Geschichte erzählt.;entailment;22;aii;bii;1;positive;twice;False;;;Vor vier Wochen hat Greta Tina von einer albernen Geschichte aus ihrem Leben berichtet. Vor zwei Tagen hat Greta wieder eine alberne Geschichte erzählt, als sie auf einer Geburtstagsparty eingeladen war.;Greta hat mindestens zweimal eine alberne Geschichte erzählt.;joeddav/xlm-roberta-large-xnli;entailment;1;0.00039070448838174343;0.00042063291766680777;0.9991886019706726
22_aii_bii1_cannot_say_pos;Vor vier Wochen hat Greta Tina von einer albernen Geschichte aus ihrem Leben berichtet.;Vor zwei Tagen hat Greta wieder eine alberne Geschichte erzählt, als sie auf einer Geburtstagsparty eingeladen war.;Es lässt sich nicht sagen, wie oft Greta eine alberne Geschichte erzählt hat.;unknown;22;aii;bii;1;positive;cannot say;False;;;Vor vier Wochen hat Greta Tina von einer albernen Geschichte aus ihrem Leben berichtet. Vor zwei Tagen hat Greta wieder eine alberne Geschichte erzählt, als sie auf einer Geburtstagsparty eingeladen war.;Es lässt sich nicht sagen, wie oft Greta eine alberne Geschichte erzählt hat.;joeddav/xlm-roberta-large-xnli;entailment;0;0.10860264301300049;0.17706270515918732;0.7143346667289734
22_aii_bii2_once_neu;Vor vier Wochen hat Greta Tina von einer albernen Geschichte aus ihrem Leben berichtet.;Vor zwei Tagen hat Tina wieder eine alberne Geschichte erzählt, als sie auf einer Geburtstagsparty eingeladen war.;Tina hat einmal eine alberne Geschichte erzählt.;entailment;22;aii;bii;2;neutral;once;False;;;Vor vier Wochen hat Greta Tina von einer albernen Geschichte aus ihrem Leben berichtet. Vor zwei Tagen hat Tina wieder eine alberne Geschichte erzählt, als sie auf einer Geburtstagsparty eingeladen war.;Tina hat einmal eine alberne Geschichte erzählt.;joeddav/xlm-roberta-large-xnli;entailment;1;0.0008627560455352068;0.0005268364911898971;0.9986103773117065
22_aii_bii2_twice_neu;Vor vier Wochen hat Greta Tina von einer albernen Geschichte aus ihrem Leben berichtet.;Vor zwei Tagen hat Tina wieder eine alberne Geschichte erzählt, als sie auf einer Geburtstagsparty eingeladen war.;Tina hat mindestens zweimal eine alberne Geschichte erzählt.;unknown;22;aii;bii;2;neutral;twice;False;;;Vor vier Wochen hat Greta Tina von einer albernen Geschichte aus ihrem Leben berichtet. Vor zwei Tagen hat Tina wieder eine alberne Geschichte erzählt, als sie auf einer Geburtstagsparty eingeladen war.;Tina hat mindestens zweimal eine alberne Geschichte erzählt.;joeddav/xlm-roberta-large-xnli;entailment;0;0.00041462667286396027;0.00045466076699085534;0.9991307854652405
22_aii_bii2_cannot_say_neu;Vor vier Wochen hat Greta Tina von einer albernen Geschichte aus ihrem Leben berichtet.;Vor zwei Tagen hat Tina wieder eine alberne Geschichte erzählt, als sie auf einer Geburtstagsparty eingeladen war.;Es lässt sich nicht sagen, wie oft Tina eine alberne Geschichte erzählt hat.;unknown;22;aii;bii;2;neutral;cannot say;False;;;Vor vier Wochen hat Greta Tina von einer albernen Geschichte aus ihrem Leben berichtet. Vor zwei Tagen hat Tina wieder eine alberne Geschichte erzählt, als sie auf einer Geburtstagsparty eingeladen war.;Es lässt sich nicht sagen, wie oft Tina eine alberne Geschichte erzählt hat.;joeddav/xlm-roberta-large-xnli;entailment;0;0.14344948530197144;0.2228853553533554;0.6336652040481567
23_ai_bi1_once_pos;Vor einer Woche hat Tina Sabine wütend gemacht.;Vor zwei Tagen hat Sabine wieder einen kleinen Wutanfall bekommen, als sie an einer Schlange anstehen musste.;Sabine hat einmal einen kleinen Wutanfall bekommen.;unknown;23;ai;bi;1;positive;once;False;;;Vor einer Woche hat Tina Sabine wütend gemacht. Vor zwei Tagen hat Sabine wieder einen kleinen Wutanfall bekommen, als sie an einer Schlange anstehen musste.;Sabine hat einmal einen kleinen Wutanfall bekommen.;joeddav/xlm-roberta-large-xnli;entailment;0;0.0011380830546841025;0.00040902241016738117;0.99845290184021
23_ai_bi1_twice_pos;Vor einer Woche hat Tina Sabine wütend gemacht.;Vor zwei Tagen hat Sabine wieder einen kleinen Wutanfall bekommen, als sie an einer Schlange anstehen musste.;Sabine hat mindestens zweimal einen kleinen Wutanfall bekommen.;entailment;23;ai;bi;1;positive;twice;False;;;Vor einer Woche hat Tina Sabine wütend gemacht. Vor zwei Tagen hat Sabine wieder einen kleinen Wutanfall bekommen, als sie an einer Schlange anstehen musste.;Sabine hat mindestens zweimal einen kleinen Wutanfall bekommen.;joeddav/xlm-roberta-large-xnli;entailment;1;0.0003907226782757789;0.0010014502331614494;0.9986078143119812
23_ai_bi1_cannot_say_pos;Vor einer Woche hat Tina Sabine wütend gemacht.;Vor zwei Tagen hat Sabine wieder einen kleinen Wutanfall bekommen, als sie an einer Schlange anstehen musste.;Es lässt sich nicht sagen, wie oft Sabine einen kleinen Wutanfall bekommen hat.;unknown;23;ai;bi;1;positive;cannot say;False;;;Vor einer Woche hat Tina Sabine wütend gemacht. Vor zwei Tagen hat Sabine wieder einen kleinen Wutanfall bekommen, als sie an einer Schlange anstehen musste.;Es lässt sich nicht sagen, wie oft Sabine einen kleinen Wutanfall bekommen hat.;joeddav/xlm-roberta-large-xnli;neutral;1;0.0006407867185771465;0.9977288842201233;0.0016302409349009395
23_ai_bi2_once_neu;Vor einer Woche hat Tina Sabine wütend gemacht.;Vor zwei Tagen hat Tina wieder einen kleinen Wutanfall bekommen, als sie an einer Schlange anstehen musste.;Tina hat einmal einen kleinen Wutanfall bekommen.;entailment;23;ai;bi;2;neutral;once;False;;;Vor einer Woche hat Tina Sabine wütend gemacht. Vor zwei Tagen hat Tina wieder einen kleinen Wutanfall bekommen, als sie an einer Schlange anstehen musste.;Tina hat einmal einen kleinen Wutanfall bekommen.;joeddav/xlm-roberta-large-xnli;entailment;1;0.00168558768928051;0.0005739215412177145;0.9977405071258545
23_ai_bi2_twice_neu;Vor einer Woche hat Tina Sabine wütend gemacht.;Vor zwei Tagen hat Tina wieder einen kleinen Wutanfall bekommen, als sie an einer Schlange anstehen musste.;Tina hat mindestens zweimal einen kleinen Wutanfall bekommen.;unknown;23;ai;bi;2;neutral;twice;False;;;Vor einer Woche hat Tina Sabine wütend gemacht. Vor zwei Tagen hat Tina wieder einen kleinen Wutanfall bekommen, als sie an einer Schlange anstehen musste.;Tina hat mindestens zweimal einen kleinen Wutanfall bekommen.;joeddav/xlm-roberta-large-xnli;entailment;0;0.0003709050652105361;0.001480041304603219;0.998149037361145
23_ai_bi2_cannot_say_neu;Vor einer Woche hat Tina Sabine wütend gemacht.;Vor zwei Tagen hat Tina wieder einen kleinen Wutanfall bekommen, als sie an einer Schlange anstehen musste.;Es lässt sich nicht sagen, wie oft Tina einen kleinen Wutanfall bekommen hat.;unknown;23;ai;bi;2;neutral;cannot say;False;;;Vor einer Woche hat Tina Sabine wütend gemacht. Vor zwei Tagen hat Tina wieder einen kleinen Wutanfall bekommen, als sie an einer Schlange anstehen musste.;Es lässt sich nicht sagen, wie oft Tina einen kleinen Wutanfall bekommen hat.;joeddav/xlm-roberta-large-xnli;neutral;1;0.0006114545394666493;0.9978609681129456;0.001527601620182395
23_ai_bii1_once_neu;Vor einer Woche hat Tina Sabine wütend gemacht.;Vor zwei Tagen hat Sabine wieder einen kleinen Wutanfall provoziert, als sie an einer Schlange anstehen musste.;Sabine hat einmal einen kleinen Wutanfall provoziert.;entailment;23;ai;bii;1;neutral;once;False;;;Vor einer Woche hat Tina Sabine wütend gemacht. Vor zwei Tagen hat Sabine wieder einen kleinen Wutanfall provoziert, als sie an einer Schlange anstehen musste.;Sabine hat einmal einen kleinen Wutanfall provoziert.;joeddav/xlm-roberta-large-xnli;entailment;1;0.001600997056812048;0.0004945664550177753;0.9979044198989868
23_ai_bii1_twice_neu;Vor einer Woche hat Tina Sabine wütend gemacht.;Vor zwei Tagen hat Sabine wieder einen kleinen Wutanfall provoziert, als sie an einer Schlange anstehen musste.;Sabine hat mindestens zweimal einen kleinen Wutanfall provoziert.;unknown;23;ai;bii;1;neutral;twice;False;;;Vor einer Woche hat Tina Sabine wütend gemacht. Vor zwei Tagen hat Sabine wieder einen kleinen Wutanfall provoziert, als sie an einer Schlange anstehen musste.;Sabine hat mindestens zweimal einen kleinen Wutanfall provoziert.;joeddav/xlm-roberta-large-xnli;entailment;0;0.00043441433808766305;0.0005597459385171533;0.9990058541297913
23_ai_bii1_cannot_say_neu;Vor einer Woche hat Tina Sabine wütend gemacht.;Vor zwei Tagen hat Sabine wieder einen kleinen Wutanfall provoziert, als sie an einer Schlange anstehen musste.;Es lässt sich nicht sagen, wie oft Sabine einen kleinen Wutanfall provoziert hat.;unknown;23;ai;bii;1;neutral;cannot say;False;;;Vor einer Woche hat Tina Sabine wütend gemacht. Vor zwei Tagen hat Sabine wieder einen kleinen Wutanfall provoziert, als sie an einer Schlange anstehen musste.;Es lässt sich nicht sagen, wie oft Sabine einen kleinen Wutanfall provoziert hat.;joeddav/xlm-roberta-large-xnli;neutral;1;0.0027635626029223204;0.9921060800552368;0.005130345467478037
23_ai_bii2_once_pos;Vor einer Woche hat Tina Sabine wütend gemacht.;Vor zwei Tagen hat Tina wieder einen kleinen Wutanfall provoziert, als sie an einer Schlange anstehen musste.;Tina hat einmal einen kleinen Wutanfall provoziert.;unknown;23;ai;bii;2;positive;once;False;;;Vor einer Woche hat Tina Sabine wütend gemacht. Vor zwei Tagen hat Tina wieder einen kleinen Wutanfall provoziert, als sie an einer Schlange anstehen musste.;Tina hat einmal einen kleinen Wutanfall provoziert.;joeddav/xlm-roberta-large-xnli;entailment;0;0.001945500960573554;0.0006285881972871721;0.9974258542060852
23_ai_bii2_twice_pos;Vor einer Woche hat Tina Sabine wütend gemacht.;Vor zwei Tagen hat Tina wieder einen kleinen Wutanfall provoziert, als sie an einer Schlange anstehen musste.;Tina hat mindestens zweimal einen kleinen Wutanfall provoziert.;entailment;23;ai;bii;2;positive;twice;False;;;Vor einer Woche hat Tina Sabine wütend gemacht. Vor zwei Tagen hat Tina wieder einen kleinen Wutanfall provoziert, als sie an einer Schlange anstehen musste.;Tina hat mindestens zweimal einen kleinen Wutanfall provoziert.;joeddav/xlm-roberta-large-xnli;entailment;1;0.0004012696444988251;0.0006660337676294148;0.9989326596260071
23_ai_bii2_cannot_say_pos;Vor einer Woche hat Tina Sabine wütend gemacht.;Vor zwei Tagen hat Tina wieder einen kleinen Wutanfall provoziert, als sie an einer Schlange anstehen musste.;Es lässt sich nicht sagen, wie oft Tina einen kleinen Wutanfall provoziert hat.;unknown;23;ai;bii;2;positive;cannot say;False;;;Vor einer Woche hat Tina Sabine wütend gemacht. Vor zwei Tagen hat Tina wieder einen kleinen Wutanfall provoziert, als sie an einer Schlange anstehen musste.;Es lässt sich nicht sagen, wie oft Tina einen kleinen Wutanfall provoziert hat.;joeddav/xlm-roberta-large-xnli;neutral;1;0.002835891442373395;0.9918370842933655;0.005326975602656603
23_aii_bi1_once_neu;Vor einer Woche hat Sabine Tina wütend gemacht.;Vor zwei Tagen hat Sabine wieder einen kleinen Wutanfall bekommen, als sie an einer Schlange anstehen musste.;Sabine hat einmal einen kleinen Wutanfall bekommen.;entailment;23;aii;bi;1;neutral;once;False;;;Vor einer Woche hat Sabine Tina wütend gemacht. Vor zwei Tagen hat Sabine wieder einen kleinen Wutanfall bekommen, als sie an einer Schlange anstehen musste.;Sabine hat einmal einen kleinen Wutanfall bekommen.;joeddav/xlm-roberta-large-xnli;entailment;1;0.001127406838349998;0.00041685623000375926;0.9984557628631592
23_aii_bi1_twice_neu;Vor einer Woche hat Sabine Tina wütend gemacht.;Vor zwei Tagen hat Sabine wieder einen kleinen Wutanfall bekommen, als sie an einer Schlange anstehen musste.;Sabine hat mindestens zweimal einen kleinen Wutanfall bekommen.;unknown;23;aii;bi;1;neutral;twice;False;;;Vor einer Woche hat Sabine Tina wütend gemacht. Vor zwei Tagen hat Sabine wieder einen kleinen Wutanfall bekommen, als sie an einer Schlange anstehen musste.;Sabine hat mindestens zweimal einen kleinen Wutanfall bekommen.;joeddav/xlm-roberta-large-xnli;entailment;0;0.00035560628748498857;0.0009631326538510621;0.9986812472343445
23_aii_bi1_cannot_say_neu;Vor einer Woche hat Sabine Tina wütend gemacht.;Vor zwei Tagen hat Sabine wieder einen kleinen Wutanfall bekommen, als sie an einer Schlange anstehen musste.;Es lässt sich nicht sagen, wie oft Sabine einen kleinen Wutanfall bekommen hat.;unknown;23;aii;bi;1;neutral;cannot say;False;;;Vor einer Woche hat Sabine Tina wütend gemacht. Vor zwei Tagen hat Sabine wieder einen kleinen Wutanfall bekommen, als sie an einer Schlange anstehen musste.;Es lässt sich nicht sagen, wie oft Sabine einen kleinen Wutanfall bekommen hat.;joeddav/xlm-roberta-large-xnli;neutral;1;0.0006532945553772151;0.9976903200149536;0.0016563849058002234
23_aii_bi2_once_pos;Vor einer Woche hat Sabine Tina wütend gemacht.;Vor zwei Tagen hat Tina wieder einen kleinen Wutanfall bekommen, als sie an einer Schlange anstehen musste.;Tina hat einmal einen kleinen Wutanfall bekommen.;unknown;23;aii;bi;2;positive;once;False;;;Vor einer Woche hat Sabine Tina wütend gemacht. Vor zwei Tagen hat Tina wieder einen kleinen Wutanfall bekommen, als sie an einer Schlange anstehen musste.;Tina hat einmal einen kleinen Wutanfall bekommen.;joeddav/xlm-roberta-large-xnli;entailment;0;0.001718337181955576;0.0005586977349594235;0.9977229237556458
23_aii_bi2_twice_pos;Vor einer Woche hat Sabine Tina wütend gemacht.;Vor zwei Tagen hat Tina wieder einen kleinen Wutanfall bekommen, als sie an einer Schlange anstehen musste.;Tina hat mindestens zweimal einen kleinen Wutanfall bekommen.;entailment;23;aii;bi;2;positive;twice;False;;;Vor einer Woche hat Sabine Tina wütend gemacht. Vor zwei Tagen hat Tina wieder einen kleinen Wutanfall bekommen, als sie an einer Schlange anstehen musste.;Tina hat mindestens zweimal einen kleinen Wutanfall bekommen.;joeddav/xlm-roberta-large-xnli;entailment;1;0.0004004819202236831;0.0013915578601881862;0.9982079267501831
23_aii_bi2_cannot_say_pos;Vor einer Woche hat Sabine Tina wütend gemacht.;Vor zwei Tagen hat Tina wieder einen kleinen Wutanfall bekommen, als sie an einer Schlange anstehen musste.;Es lässt sich nicht sagen, wie oft Tina einen kleinen Wutanfall bekommen hat.;unknown;23;aii;bi;2;positive;cannot say;False;;;Vor einer Woche hat Sabine Tina wütend gemacht. Vor zwei Tagen hat Tina wieder einen kleinen Wutanfall bekommen, als sie an einer Schlange anstehen musste.;Es lässt sich nicht sagen, wie oft Tina einen kleinen Wutanfall bekommen hat.;joeddav/xlm-roberta-large-xnli;neutral;1;0.0006326049333438277;0.9977717995643616;0.001595527515746653
23_aii_bii1_once_pos;Vor einer Woche hat Sabine Tina wütend gemacht.;Vor zwei Tagen hat Sabine wieder einen kleinen Wutanfall provoziert, als sie an einer Schlange anstehen musste.;Sabine hat einmal einen kleinen Wutanfall provoziert.;unknown;23;aii;bii;1;positive;once;False;;;Vor einer Woche hat Sabine Tina wütend gemacht. Vor zwei Tagen hat Sabine wieder einen kleinen Wutanfall provoziert, als sie an einer Schlange anstehen musste.;Sabine hat einmal einen kleinen Wutanfall provoziert.;joeddav/xlm-roberta-large-xnli;entailment;0;0.001529759494587779;0.0005134503589943051;0.9979567527770996
23_aii_bii1_twice_pos;Vor einer Woche hat Sabine Tina wütend gemacht.;Vor zwei Tagen hat Sabine wieder einen kleinen Wutanfall provoziert, als sie an einer Schlange anstehen musste.;Sabine hat mindestens zweimal einen kleinen Wutanfall provoziert.;entailment;23;aii;bii;1;positive;twice;False;;;Vor einer Woche hat Sabine Tina wütend gemacht. Vor zwei Tagen hat Sabine wieder einen kleinen Wutanfall provoziert, als sie an einer Schlange anstehen musste.;Sabine hat mindestens zweimal einen kleinen Wutanfall provoziert.;joeddav/xlm-roberta-large-xnli;entailment;1;0.00037335153319872916;0.0005436751525849104;0.9990829229354858
23_aii_bii1_cannot_say_pos;Vor einer Woche hat Sabine Tina wütend gemacht.;Vor zwei Tagen hat Sabine wieder einen kleinen Wutanfall provoziert, als sie an einer Schlange anstehen musste.;Es lässt sich nicht sagen, wie oft Sabine einen kleinen Wutanfall provoziert hat.;unknown;23;aii;bii;1;positive;cannot say;False;;;Vor einer Woche hat Sabine Tina wütend gemacht. Vor zwei Tagen hat Sabine wieder einen kleinen Wutanfall provoziert, als sie an einer Schlange anstehen musste.;Es lässt sich nicht sagen, wie oft Sabine einen kleinen Wutanfall provoziert hat.;joeddav/xlm-roberta-large-xnli;neutral;1;0.003197544487193227;0.9910510778427124;0.005751453340053558
23_aii_bii2_once_neu;Vor einer Woche hat Sabine Tina wütend gemacht.;Vor zwei Tagen hat Tina wieder einen kleinen Wutanfall provoziert, als sie an einer Schlange anstehen musste.;Tina hat einmal einen kleinen Wutanfall provoziert.;entailment;23;aii;bii;2;neutral;once;False;;;Vor einer Woche hat Sabine Tina wütend gemacht. Vor zwei Tagen hat Tina wieder einen kleinen Wutanfall provoziert, als sie an einer Schlange anstehen musste.;Tina hat einmal einen kleinen Wutanfall provoziert.;joeddav/xlm-roberta-large-xnli;entailment;1;0.0018360812682658434;0.0005793939926661551;0.9975844621658325
23_aii_bii2_twice_neu;Vor einer Woche hat Sabine Tina wütend gemacht.;Vor zwei Tagen hat Tina wieder einen kleinen Wutanfall provoziert, als sie an einer Schlange anstehen musste.;Tina hat mindestens zweimal einen kleinen Wutanfall provoziert.;unknown;23;aii;bii;2;neutral;twice;False;;;Vor einer Woche hat Sabine Tina wütend gemacht. Vor zwei Tagen hat Tina wieder einen kleinen Wutanfall provoziert, als sie an einer Schlange anstehen musste.;Tina hat mindestens zweimal einen kleinen Wutanfall provoziert.;joeddav/xlm-roberta-large-xnli;entailment;0;0.00044516631169244647;0.0006467382190749049;0.9989080429077148
23_aii_bii2_cannot_say_neu;Vor einer Woche hat Sabine Tina wütend gemacht.;Vor zwei Tagen hat Tina wieder einen kleinen Wutanfall provoziert, als sie an einer Schlange anstehen musste.;Es lässt sich nicht sagen, wie oft Tina einen kleinen Wutanfall provoziert hat.;unknown;23;aii;bii;2;neutral;cannot say;False;;;Vor einer Woche hat Sabine Tina wütend gemacht. Vor zwei Tagen hat Tina wieder einen kleinen Wutanfall provoziert, als sie an einer Schlange anstehen musste.;Es lässt sich nicht sagen, wie oft Tina einen kleinen Wutanfall provoziert hat.;joeddav/xlm-roberta-large-xnli;neutral;1;0.0030569015070796013;0.991058886051178;0.005884223617613316
24_ai_bi1_once_pos;Letzten Monat hat Tina Thorsten ein Lied gewidmet.;Vor einer Woche hat Thorsten wieder eine nette Widmung bekommen, weil er an einem Song mitgearbeitet hat.;Thorsten hat einmal eine nette Widmung bekommen.;unknown;24;ai;bi;1;positive;once;False;;;Letzten Monat hat Tina Thorsten ein Lied gewidmet. Vor einer Woche hat Thorsten wieder eine nette Widmung bekommen, weil er an einem Song mitgearbeitet hat.;Thorsten hat einmal eine nette Widmung bekommen.;joeddav/xlm-roberta-large-xnli;entailment;0;0.0012838830007240176;0.00034957699244841933;0.9983665347099304
24_ai_bi1_twice_pos;Letzten Monat hat Tina Thorsten ein Lied gewidmet.;Vor einer Woche hat Thorsten wieder eine nette Widmung bekommen, weil er an einem Song mitgearbeitet hat.;Thorsten hat mindestens zweimal eine nette Widmung bekommen.;entailment;24;ai;bi;1;positive;twice;False;;;Letzten Monat hat Tina Thorsten ein Lied gewidmet. Vor einer Woche hat Thorsten wieder eine nette Widmung bekommen, weil er an einem Song mitgearbeitet hat.;Thorsten hat mindestens zweimal eine nette Widmung bekommen.;joeddav/xlm-roberta-large-xnli;entailment;1;0.00032745988573879004;0.00025971693685278296;0.9994128942489624
24_ai_bi1_cannot_say_pos;Letzten Monat hat Tina Thorsten ein Lied gewidmet.;Vor einer Woche hat Thorsten wieder eine nette Widmung bekommen, weil er an einem Song mitgearbeitet hat.;Es lässt sich nicht sagen, wie oft Thorsten eine nette Widmung bekommen hat.;unknown;24;ai;bi;1;positive;cannot say;False;;;Letzten Monat hat Tina Thorsten ein Lied gewidmet. Vor einer Woche hat Thorsten wieder eine nette Widmung bekommen, weil er an einem Song mitgearbeitet hat.;Es lässt sich nicht sagen, wie oft Thorsten eine nette Widmung bekommen hat.;joeddav/xlm-roberta-large-xnli;neutral;1;0.02479606308043003;0.5638218522071838;0.4113820791244507
24_ai_bi2_once_neu;Letzten Monat hat Tina Thorsten ein Lied gewidmet.;Vor einer Woche hat Tina wieder eine nette Widmung bekommen, weil sie an einem Song mitgearbeitet hat.;Tina hat einmal eine nette Widmung bekommen.;entailment;24;ai;bi;2;neutral;once;False;;;Letzten Monat hat Tina Thorsten ein Lied gewidmet. Vor einer Woche hat Tina wieder eine nette Widmung bekommen, weil sie an einem Song mitgearbeitet hat.;Tina hat einmal eine nette Widmung bekommen.;joeddav/xlm-roberta-large-xnli;entailment;1;0.0018465686589479446;0.0004154949856456369;0.9977378845214844
24_ai_bi2_twice_neu;Letzten Monat hat Tina Thorsten ein Lied gewidmet.;Vor einer Woche hat Tina wieder eine nette Widmung bekommen, weil sie an einem Song mitgearbeitet hat.;Tina hat mindestens zweimal eine nette Widmung bekommen.;unknown;24;ai;bi;2;neutral;twice;False;;;Letzten Monat hat Tina Thorsten ein Lied gewidmet. Vor einer Woche hat Tina wieder eine nette Widmung bekommen, weil sie an einem Song mitgearbeitet hat.;Tina hat mindestens zweimal eine nette Widmung bekommen.;joeddav/xlm-roberta-large-xnli;entailment;0;0.0003221927036065608;0.0002777490590233356;0.9994000196456909
24_ai_bi2_cannot_say_neu;Letzten Monat hat Tina Thorsten ein Lied gewidmet.;Vor einer Woche hat Tina wieder eine nette Widmung bekommen, weil sie an einem Song mitgearbeitet hat.;Es lässt sich nicht sagen, wie oft Tina eine nette Widmung bekommen hat.;unknown;24;ai;bi;2;neutral;cannot say;False;;;Letzten Monat hat Tina Thorsten ein Lied gewidmet. Vor einer Woche hat Tina wieder eine nette Widmung bekommen, weil sie an einem Song mitgearbeitet hat.;Es lässt sich nicht sagen, wie oft Tina eine nette Widmung bekommen hat.;joeddav/xlm-roberta-large-xnli;neutral;1;0.011390801519155502;0.877788245677948;0.11082091182470322
24_ai_bii1_once_neu;Letzten Monat hat Tina Thorsten ein Lied gewidmet.;Vor einer Woche hat Thorsten wieder eine nette Widmung geschrieben, weil er an einem Song mitgearbeitet hat.;Thorsten hat einmal eine nette Widmung geschrieben.;entailment;24;ai;bii;1;neutral;once;False;;;Letzten Monat hat Tina Thorsten ein Lied gewidmet. Vor einer Woche hat Thorsten wieder eine nette Widmung geschrieben, weil er an einem Song mitgearbeitet hat.;Thorsten hat einmal eine nette Widmung geschrieben.;joeddav/xlm-roberta-large-xnli;entailment;1;0.0012128233211115003;0.00043192884186282754;0.9983552098274231
24_ai_bii1_twice_neu;Letzten Monat hat Tina Thorsten ein Lied gewidmet.;Vor einer Woche hat Thorsten wieder eine nette Widmung geschrieben, weil er an einem Song mitgearbeitet hat.;Thorsten hat mindestens zweimal eine nette Widmung geschrieben.;unknown;24;ai;bii;1;neutral;twice;False;;;Letzten Monat hat Tina Thorsten ein Lied gewidmet. Vor einer Woche hat Thorsten wieder eine nette Widmung geschrieben, weil er an einem Song mitgearbeitet hat.;Thorsten hat mindestens zweimal eine nette Widmung geschrieben.;joeddav/xlm-roberta-large-xnli;entailment;0;0.0003114371211268008;0.00020803722145501524;0.9994805455207825
24_ai_bii1_cannot_say_neu;Letzten Monat hat Tina Thorsten ein Lied gewidmet.;Vor einer Woche hat Thorsten wieder eine nette Widmung geschrieben, weil er an einem Song mitgearbeitet hat.;Es lässt sich nicht sagen, wie oft Thorsten eine nette Widmung geschrieben hat.;unknown;24;ai;bii;1;neutral;cannot say;False;;;Letzten Monat hat Tina Thorsten ein Lied gewidmet. Vor einer Woche hat Thorsten wieder eine nette Widmung geschrieben, weil er an einem Song mitgearbeitet hat.;Es lässt sich nicht sagen, wie oft Thorsten eine nette Widmung geschrieben hat.;joeddav/xlm-roberta-large-xnli;entailment;0;0.09999731183052063;0.013466806150972843;0.8865358829498291
24_ai_bii2_once_pos;Letzten Monat hat Tina Thorsten ein Lied gewidmet.;Vor einer Woche hat Tina wieder eine nette Widmung geschrieben, weil sie an einem Song mitgearbeitet hat.;Tina hat einmal eine nette Widmung geschrieben.;unknown;24;ai;bii;2;positive;once;False;;;Letzten Monat hat Tina Thorsten ein Lied gewidmet. Vor einer Woche hat Tina wieder eine nette Widmung geschrieben, weil sie an einem Song mitgearbeitet hat.;Tina hat einmal eine nette Widmung geschrieben.;joeddav/xlm-roberta-large-xnli;entailment;0;0.0008988833287730813;0.0003559649339877069;0.9987450838088989
24_ai_bii2_twice_pos;Letzten Monat hat Tina Thorsten ein Lied gewidmet.;Vor einer Woche hat Tina wieder eine nette Widmung geschrieben, weil sie an einem Song mitgearbeitet hat.;Tina hat mindestens zweimal eine nette Widmung geschrieben.;entailment;24;ai;bii;2;positive;twice;False;;;Letzten Monat hat Tina Thorsten ein Lied gewidmet. Vor einer Woche hat Tina wieder eine nette Widmung geschrieben, weil sie an einem Song mitgearbeitet hat.;Tina hat mindestens zweimal eine nette Widmung geschrieben.;joeddav/xlm-roberta-large-xnli;entailment;1;0.0002840088272932917;0.00021303232642821968;0.9995028972625732
24_ai_bii2_cannot_say_pos;Letzten Monat hat Tina Thorsten ein Lied gewidmet.;Vor einer Woche hat Tina wieder eine nette Widmung geschrieben, weil sie an einem Song mitgearbeitet hat.;Es lässt sich nicht sagen, wie oft Tina eine nette Widmung geschrieben hat.;unknown;24;ai;bii;2;positive;cannot say;False;;;Letzten Monat hat Tina Thorsten ein Lied gewidmet. Vor einer Woche hat Tina wieder eine nette Widmung geschrieben, weil sie an einem Song mitgearbeitet hat.;Es lässt sich nicht sagen, wie oft Tina eine nette Widmung geschrieben hat.;joeddav/xlm-roberta-large-xnli;entailment;0;0.20753389596939087;0.022074947133660316;0.7703912258148193
24_aii_bi1_once_neu;Letzten Monat hat Thorsten Tina ein Lied gewidmet.;Vor einer Woche hat Thorsten wieder eine nette Widmung bekommen, weil er an einem Song mitgearbeitet hat.;Thorsten hat einmal eine nette Widmung bekommen.;entailment;24;aii;bi;1;neutral;once;False;;;Letzten Monat hat Thorsten Tina ein Lied gewidmet. Vor einer Woche hat Thorsten wieder eine nette Widmung bekommen, weil er an einem Song mitgearbeitet hat.;Thorsten hat einmal eine nette Widmung bekommen.;joeddav/xlm-roberta-large-xnli;entailment;1;0.0011096288217231631;0.000322881736792624;0.9985674619674683
24_aii_bi1_twice_neu;Letzten Monat hat Thorsten Tina ein Lied gewidmet.;Vor einer Woche hat Thorsten wieder eine nette Widmung bekommen, weil er an einem Song mitgearbeitet hat.;Thorsten hat mindestens zweimal eine nette Widmung bekommen.;unknown;24;aii;bi;1;neutral;twice;False;;;Letzten Monat hat Thorsten Tina ein Lied gewidmet. Vor einer Woche hat Thorsten wieder eine nette Widmung bekommen, weil er an einem Song mitgearbeitet hat.;Thorsten hat mindestens zweimal eine nette Widmung bekommen.;joeddav/xlm-roberta-large-xnli;entailment;0;0.0002915009390562773;0.00024125471827574074;0.9994673132896423
24_aii_bi1_cannot_say_neu;Letzten Monat hat Thorsten Tina ein Lied gewidmet.;Vor einer Woche hat Thorsten wieder eine nette Widmung bekommen, weil er an einem Song mitgearbeitet hat.;Es lässt sich nicht sagen, wie oft Thorsten eine nette Widmung bekommen hat.;unknown;24;aii;bi;1;neutral;cannot say;False;;;Letzten Monat hat Thorsten Tina ein Lied gewidmet. Vor einer Woche hat Thorsten wieder eine nette Widmung bekommen, weil er an einem Song mitgearbeitet hat.;Es lässt sich nicht sagen, wie oft Thorsten eine nette Widmung bekommen hat.;joeddav/xlm-roberta-large-xnli;neutral;1;0.01915748231112957;0.6544182300567627;0.326424241065979
24_aii_bi2_once_pos;Letzten Monat hat Thorsten Tina ein Lied gewidmet.;Vor einer Woche hat Tina wieder eine nette Widmung bekommen, weil sie an einem Song mitgearbeitet hat.;Tina hat einmal eine nette Widmung bekommen.;unknown;24;aii;bi;2;positive;once;False;;;Letzten Monat hat Thorsten Tina ein Lied gewidmet. Vor einer Woche hat Tina wieder eine nette Widmung bekommen, weil sie an einem Song mitgearbeitet hat.;Tina hat einmal eine nette Widmung bekommen.;joeddav/xlm-roberta-large-xnli;entailment;0;0.001555405673570931;0.00035941501846536994;0.9980852603912354
24_aii_bi2_twice_pos;Letzten Monat hat Thorsten Tina ein Lied gewidmet.;Vor einer Woche hat Tina wieder eine nette Widmung bekommen, weil sie an einem Song mitgearbeitet hat.;Tina hat mindestens zweimal eine nette Widmung bekommen.;entailment;24;aii;bi;2;positive;twice;False;;;Letzten Monat hat Thorsten Tina ein Lied gewidmet. Vor einer Woche hat Tina wieder eine nette Widmung bekommen, weil sie an einem Song mitgearbeitet hat.;Tina hat mindestens zweimal eine nette Widmung bekommen.;joeddav/xlm-roberta-large-xnli;entailment;1;0.0003187842376064509;0.00025931239360943437;0.9994219541549683
24_aii_bi2_cannot_say_pos;Letzten Monat hat Thorsten Tina ein Lied gewidmet.;Vor einer Woche hat Tina wieder eine nette Widmung bekommen, weil sie an einem Song mitgearbeitet hat.;Es lässt sich nicht sagen, wie oft Tina eine nette Widmung bekommen hat.;unknown;24;aii;bi;2;positive;cannot say;False;;;Letzten Monat hat Thorsten Tina ein Lied gewidmet. Vor einer Woche hat Tina wieder eine nette Widmung bekommen, weil sie an einem Song mitgearbeitet hat.;Es lässt sich nicht sagen, wie oft Tina eine nette Widmung bekommen hat.;joeddav/xlm-roberta-large-xnli;neutral;1;0.00901263952255249;0.8246587514877319;0.166328564286232
24_aii_bii1_once_pos;Letzten Monat hat Thorsten Tina ein Lied gewidmet.;Vor einer Woche hat Thorsten wieder eine nette Widmung geschrieben, weil er an einem Song mitgearbeitet hat.;Thorsten hat einmal eine nette Widmung geschrieben.;unknown;24;aii;bii;1;positive;once;False;;;Letzten Monat hat Thorsten Tina ein Lied gewidmet. Vor einer Woche hat Thorsten wieder eine nette Widmung geschrieben, weil er an einem Song mitgearbeitet hat.;Thorsten hat einmal eine nette Widmung geschrieben.;joeddav/xlm-roberta-large-xnli;entailment;0;0.0007857889868319035;0.0003108265809714794;0.9989033937454224
24_aii_bii1_twice_pos;Letzten Monat hat Thorsten Tina ein Lied gewidmet.;Vor einer Woche hat Thorsten wieder eine nette Widmung geschrieben, weil er an einem Song mitgearbeitet hat.;Thorsten hat mindestens zweimal eine nette Widmung geschrieben.;entailment;24;aii;bii;1;positive;twice;False;;;Letzten Monat hat Thorsten Tina ein Lied gewidmet. Vor einer Woche hat Thorsten wieder eine nette Widmung geschrieben, weil er an einem Song mitgearbeitet hat.;Thorsten hat mindestens zweimal eine nette Widmung geschrieben.;joeddav/xlm-roberta-large-xnli;entailment;1;0.00025979476049542427;0.00019449509272817522;0.9995456337928772
24_aii_bii1_cannot_say_pos;Letzten Monat hat Thorsten Tina ein Lied gewidmet.;Vor einer Woche hat Thorsten wieder eine nette Widmung geschrieben, weil er an einem Song mitgearbeitet hat.;Es lässt sich nicht sagen, wie oft Thorsten eine nette Widmung geschrieben hat.;unknown;24;aii;bii;1;positive;cannot say;False;;;Letzten Monat hat Thorsten Tina ein Lied gewidmet. Vor einer Woche hat Thorsten wieder eine nette Widmung geschrieben, weil er an einem Song mitgearbeitet hat.;Es lässt sich nicht sagen, wie oft Thorsten eine nette Widmung geschrieben hat.;joeddav/xlm-roberta-large-xnli;entailment;0;0.08776184916496277;0.014196418225765228;0.8980417251586914
24_aii_bii2_once_neu;Letzten Monat hat Thorsten Tina ein Lied gewidmet.;Vor einer Woche hat Tina wieder eine nette Widmung geschrieben, weil sie an einem Song mitgearbeitet hat.;Tina hat einmal eine nette Widmung geschrieben.;entailment;24;aii;bii;2;neutral;once;False;;;Letzten Monat hat Thorsten Tina ein Lied gewidmet. Vor einer Woche hat Tina wieder eine nette Widmung geschrieben, weil sie an einem Song mitgearbeitet hat.;Tina hat einmal eine nette Widmung geschrieben.;joeddav/xlm-roberta-large-xnli;entailment;1;0.0012259933864697814;0.00043677070061676204;0.9983371496200562
24_aii_bii2_twice_neu;Letzten Monat hat Thorsten Tina ein Lied gewidmet.;Vor einer Woche hat Tina wieder eine nette Widmung geschrieben, weil sie an einem Song mitgearbeitet hat.;Tina hat mindestens zweimal eine nette Widmung geschrieben.;unknown;24;aii;bii;2;neutral;twice;False;;;Letzten Monat hat Thorsten Tina ein Lied gewidmet. Vor einer Woche hat Tina wieder eine nette Widmung geschrieben, weil sie an einem Song mitgearbeitet hat.;Tina hat mindestens zweimal eine nette Widmung geschrieben.;joeddav/xlm-roberta-large-xnli;entailment;0;0.00033502961741760373;0.00021927672787569463;0.9994457364082336
24_aii_bii2_cannot_say_neu;Letzten Monat hat Thorsten Tina ein Lied gewidmet.;Vor einer Woche hat Tina wieder eine nette Widmung geschrieben, weil sie an einem Song mitgearbeitet hat.;Es lässt sich nicht sagen, wie oft Tina eine nette Widmung geschrieben hat.;unknown;24;aii;bii;2;neutral;cannot say;False;;;Letzten Monat hat Thorsten Tina ein Lied gewidmet. Vor einer Woche hat Tina wieder eine nette Widmung geschrieben, weil sie an einem Song mitgearbeitet hat.;Es lässt sich nicht sagen, wie oft Tina eine nette Widmung geschrieben hat.;joeddav/xlm-roberta-large-xnli;entailment;0;0.10365119576454163;0.019506605342030525;0.876842200756073
25_ai_bi1_once_pos;Vor vier Wochen hat Tina vor Karl einen lustigen Sketch aufgeführt.;Vor zwei Wochen hat Karl wieder einen lustigen Sketch gesehen, als er auf einem Comedyfestival gewesen ist.;Karl hat einmal einen lustigen Sketch gesehen.;unknown;25;ai;bi;1;positive;once;False;;;Vor vier Wochen hat Tina vor Karl einen lustigen Sketch aufgeführt. Vor zwei Wochen hat Karl wieder einen lustigen Sketch gesehen, als er auf einem Comedyfestival gewesen ist.;Karl hat einmal einen lustigen Sketch gesehen.;joeddav/xlm-roberta-large-xnli;entailment;0;0.002373209223151207;0.0005871430621482432;0.9970396161079407
25_ai_bi1_twice_pos;Vor vier Wochen hat Tina vor Karl einen lustigen Sketch aufgeführt.;Vor zwei Wochen hat Karl wieder einen lustigen Sketch gesehen, als er auf einem Comedyfestival gewesen ist.;Karl hat mindestens zweimal einen lustigen Sketch gesehen.;entailment;25;ai;bi;1;positive;twice;False;;;Vor vier Wochen hat Tina vor Karl einen lustigen Sketch aufgeführt. Vor zwei Wochen hat Karl wieder einen lustigen Sketch gesehen, als er auf einem Comedyfestival gewesen ist.;Karl hat mindestens zweimal einen lustigen Sketch gesehen.;joeddav/xlm-roberta-large-xnli;entailment;1;0.0004156852373853326;0.00037433119723573327;0.999210000038147
25_ai_bi1_cannot_say_pos;Vor vier Wochen hat Tina vor Karl einen lustigen Sketch aufgeführt.;Vor zwei Wochen hat Karl wieder einen lustigen Sketch gesehen, als er auf einem Comedyfestival gewesen ist.;Es lässt sich nicht sagen, wie oft Karl einen lustigen Sketch gesehen hat.;unknown;25;ai;bi;1;positive;cannot say;False;;;Vor vier Wochen hat Tina vor Karl einen lustigen Sketch aufgeführt. Vor zwei Wochen hat Karl wieder einen lustigen Sketch gesehen, als er auf einem Comedyfestival gewesen ist.;Es lässt sich nicht sagen, wie oft Karl einen lustigen Sketch gesehen hat.;joeddav/xlm-roberta-large-xnli;entailment;0;0.005189795512706041;0.0032498755026608706;0.9915602803230286
25_ai_bi2_once_neu;Vor vier Wochen hat Tina vor Karl einen lustigen Sketch aufgeführt.;Vor zwei Wochen hat Tina wieder einen lustigen Sketch gesehen, als sie auf einem Comedyfestival gewesen ist.;Tina hat einmal einen lustigen Sketch gesehen.;entailment;25;ai;bi;2;neutral;once;False;;;Vor vier Wochen hat Tina vor Karl einen lustigen Sketch aufgeführt. Vor zwei Wochen hat Tina wieder einen lustigen Sketch gesehen, als sie auf einem Comedyfestival gewesen ist.;Tina hat einmal einen lustigen Sketch gesehen.;joeddav/xlm-roberta-large-xnli;entailment;1;0.002053080126643181;0.0004999525262974203;0.9974470138549805
25_ai_bi2_twice_neu;Vor vier Wochen hat Tina vor Karl einen lustigen Sketch aufgeführt.;Vor zwei Wochen hat Tina wieder einen lustigen Sketch gesehen, als sie auf einem Comedyfestival gewesen ist.;Tina hat mindestens zweimal einen lustigen Sketch gesehen.;unknown;25;ai;bi;2;neutral;twice;False;;;Vor vier Wochen hat Tina vor Karl einen lustigen Sketch aufgeführt. Vor zwei Wochen hat Tina wieder einen lustigen Sketch gesehen, als sie auf einem Comedyfestival gewesen ist.;Tina hat mindestens zweimal einen lustigen Sketch gesehen.;joeddav/xlm-roberta-large-xnli;entailment;0;0.0003395912644919008;0.00034928327659145;0.999311089515686
25_ai_bi2_cannot_say_neu;Vor vier Wochen hat Tina vor Karl einen lustigen Sketch aufgeführt.;Vor zwei Wochen hat Tina wieder einen lustigen Sketch gesehen, als sie auf einem Comedyfestival gewesen ist.;Es lässt sich nicht sagen, wie oft Tina einen lustigen Sketch gesehen hat.;unknown;25;ai;bi;2;neutral;cannot say;False;;;Vor vier Wochen hat Tina vor Karl einen lustigen Sketch aufgeführt. Vor zwei Wochen hat Tina wieder einen lustigen Sketch gesehen, als sie auf einem Comedyfestival gewesen ist.;Es lässt sich nicht sagen, wie oft Tina einen lustigen Sketch gesehen hat.;joeddav/xlm-roberta-large-xnli;entailment;0;0.007533520460128784;0.004261889960616827;0.9882045984268188
25_ai_bii1_once_neu;Vor vier Wochen hat Tina vor Karl einen lustigen Sketch aufgeführt.;Vor zwei Wochen hat Karl wieder einen lustigen Sketch dargeboten, als er auf einem Comedyfestival gewesen ist.;Karl hat einmal einen lustigen Sketch dargeboten.;entailment;25;ai;bii;1;neutral;once;False;;;Vor vier Wochen hat Tina vor Karl einen lustigen Sketch aufgeführt. Vor zwei Wochen hat Karl wieder einen lustigen Sketch dargeboten, als er auf einem Comedyfestival gewesen ist.;Karl hat einmal einen lustigen Sketch dargeboten.;joeddav/xlm-roberta-large-xnli;entailment;1;0.36194950342178345;0.009492333978414536;0.6285581588745117
25_ai_bii1_twice_neu;Vor vier Wochen hat Tina vor Karl einen lustigen Sketch aufgeführt.;Vor zwei Wochen hat Karl wieder einen lustigen Sketch dargeboten, als er auf einem Comedyfestival gewesen ist.;Karl hat mindestens zweimal einen lustigen Sketch dargeboten.;unknown;25;ai;bii;1;neutral;twice;False;;;Vor vier Wochen hat Tina vor Karl einen lustigen Sketch aufgeführt. Vor zwei Wochen hat Karl wieder einen lustigen Sketch dargeboten, als er auf einem Comedyfestival gewesen ist.;Karl hat mindestens zweimal einen lustigen Sketch dargeboten.;joeddav/xlm-roberta-large-xnli;entailment;0;0.0008530305349268019;0.0004887651302851737;0.9986581802368164
25_ai_bii1_cannot_say_neu;Vor vier Wochen hat Tina vor Karl einen lustigen Sketch aufgeführt.;Vor zwei Wochen hat Karl wieder einen lustigen Sketch dargeboten, als er auf einem Comedyfestival gewesen ist.;Es lässt sich nicht sagen, wie oft Karl einen lustigen Sketch dargeboten hat.;unknown;25;ai;bii;1;neutral;cannot say;False;;;Vor vier Wochen hat Tina vor Karl einen lustigen Sketch aufgeführt. Vor zwei Wochen hat Karl wieder einen lustigen Sketch dargeboten, als er auf einem Comedyfestival gewesen ist.;Es lässt sich nicht sagen, wie oft Karl einen lustigen Sketch dargeboten hat.;joeddav/xlm-roberta-large-xnli;entailment;0;0.09111585468053818;0.2846450209617615;0.6242390871047974
25_ai_bii2_once_pos;Vor vier Wochen hat Tina vor Karl einen lustigen Sketch aufgeführt.;Vor zwei Wochen hat Tina wieder einen lustigen Sketch dargeboten, als sie auf einem Comedyfestival gewesen ist.;Tina hat einmal einen lustigen Sketch dargeboten.;unknown;25;ai;bii;2;positive;once;False;;;Vor vier Wochen hat Tina vor Karl einen lustigen Sketch aufgeführt. Vor zwei Wochen hat Tina wieder einen lustigen Sketch dargeboten, als sie auf einem Comedyfestival gewesen ist.;Tina hat einmal einen lustigen Sketch dargeboten.;joeddav/xlm-roberta-large-xnli;entailment;0;0.0018152589909732342;0.00043895537964999676;0.9977458119392395
25_ai_bii2_twice_pos;Vor vier Wochen hat Tina vor Karl einen lustigen Sketch aufgeführt.;Vor zwei Wochen hat Tina wieder einen lustigen Sketch dargeboten, als sie auf einem Comedyfestival gewesen ist.;Tina hat mindestens zweimal einen lustigen Sketch dargeboten.;entailment;25;ai;bii;2;positive;twice;False;;;Vor vier Wochen hat Tina vor Karl einen lustigen Sketch aufgeführt. Vor zwei Wochen hat Tina wieder einen lustigen Sketch dargeboten, als sie auf einem Comedyfestival gewesen ist.;Tina hat mindestens zweimal einen lustigen Sketch dargeboten.;joeddav/xlm-roberta-large-xnli;entailment;1;0.00027962346212007105;0.0002683056809473783;0.9994520545005798
25_ai_bii2_cannot_say_pos;Vor vier Wochen hat Tina vor Karl einen lustigen Sketch aufgeführt.;Vor zwei Wochen hat Tina wieder einen lustigen Sketch dargeboten, als sie auf einem Comedyfestival gewesen ist.;Es lässt sich nicht sagen, wie oft Tina einen lustigen Sketch dargeboten hat.;unknown;25;ai;bii;2;positive;cannot say;False;;;Vor vier Wochen hat Tina vor Karl einen lustigen Sketch aufgeführt. Vor zwei Wochen hat Tina wieder einen lustigen Sketch dargeboten, als sie auf einem Comedyfestival gewesen ist.;Es lässt sich nicht sagen, wie oft Tina einen lustigen Sketch dargeboten hat.;joeddav/xlm-roberta-large-xnli;entailment;0;0.07706174999475479;0.29842811822891235;0.6245101094245911
25_aii_bi1_once_neu;Vor vier Wochen hat Karl vor Tina einen lustigen Sketch aufgeführt.;Vor zwei Wochen hat Karl wieder einen lustigen Sketch gesehen, als er auf einem Comedyfestival gewesen ist.;Karl hat einmal einen lustigen Sketch gesehen.;entailment;25;aii;bi;1;neutral;once;False;;;Vor vier Wochen hat Karl vor Tina einen lustigen Sketch aufgeführt. Vor zwei Wochen hat Karl wieder einen lustigen Sketch gesehen, als er auf einem Comedyfestival gewesen ist.;Karl hat einmal einen lustigen Sketch gesehen.;joeddav/xlm-roberta-large-xnli;entailment;1;0.0018907444318756461;0.0004690568312071264;0.9976402521133423
25_aii_bi1_twice_neu;Vor vier Wochen hat Karl vor Tina einen lustigen Sketch aufgeführt.;Vor zwei Wochen hat Karl wieder einen lustigen Sketch gesehen, als er auf einem Comedyfestival gewesen ist.;Karl hat mindestens zweimal einen lustigen Sketch gesehen.;unknown;25;aii;bi;1;neutral;twice;False;;;Vor vier Wochen hat Karl vor Tina einen lustigen Sketch aufgeführt. Vor zwei Wochen hat Karl wieder einen lustigen Sketch gesehen, als er auf einem Comedyfestival gewesen ist.;Karl hat mindestens zweimal einen lustigen Sketch gesehen.;joeddav/xlm-roberta-large-xnli;entailment;0;0.00032264183391816914;0.0003262747486587614;0.9993510842323303
25_aii_bi1_cannot_say_neu;Vor vier Wochen hat Karl vor Tina einen lustigen Sketch aufgeführt.;Vor zwei Wochen hat Karl wieder einen lustigen Sketch gesehen, als er auf einem Comedyfestival gewesen ist.;Es lässt sich nicht sagen, wie oft Karl einen lustigen Sketch gesehen hat.;unknown;25;aii;bi;1;neutral;cannot say;False;;;Vor vier Wochen hat Karl vor Tina einen lustigen Sketch aufgeführt. Vor zwei Wochen hat Karl wieder einen lustigen Sketch gesehen, als er auf einem Comedyfestival gewesen ist.;Es lässt sich nicht sagen, wie oft Karl einen lustigen Sketch gesehen hat.;joeddav/xlm-roberta-large-xnli;entailment;0;0.004489419516175985;0.0033260653726756573;0.992184579372406
25_aii_bi2_once_pos;Vor vier Wochen hat Karl vor Tina einen lustigen Sketch aufgeführt.;Vor zwei Wochen hat Tina wieder einen lustigen Sketch gesehen, als sie auf einem Comedyfestival gewesen ist.;Tina hat einmal einen lustigen Sketch gesehen.;unknown;25;aii;bi;2;positive;once;False;;;Vor vier Wochen hat Karl vor Tina einen lustigen Sketch aufgeführt. Vor zwei Wochen hat Tina wieder einen lustigen Sketch gesehen, als sie auf einem Comedyfestival gewesen ist.;Tina hat einmal einen lustigen Sketch gesehen.;joeddav/xlm-roberta-large-xnli;entailment;0;0.0030753558967262506;0.000644163228571415;0.9962804913520813
25_aii_bi2_twice_pos;Vor vier Wochen hat Karl vor Tina einen lustigen Sketch aufgeführt.;Vor zwei Wochen hat Tina wieder einen lustigen Sketch gesehen, als sie auf einem Comedyfestival gewesen ist.;Tina hat mindestens zweimal einen lustigen Sketch gesehen.;entailment;25;aii;bi;2;positive;twice;False;;;Vor vier Wochen hat Karl vor Tina einen lustigen Sketch aufgeführt. Vor zwei Wochen hat Tina wieder einen lustigen Sketch gesehen, als sie auf einem Comedyfestival gewesen ist.;Tina hat mindestens zweimal einen lustigen Sketch gesehen.;joeddav/xlm-roberta-large-xnli;entailment;1;0.00042668936657719314;0.0003879600844811648;0.9991853833198547
25_aii_bi2_cannot_say_pos;Vor vier Wochen hat Karl vor Tina einen lustigen Sketch aufgeführt.;Vor zwei Wochen hat Tina wieder einen lustigen Sketch gesehen, als sie auf einem Comedyfestival gewesen ist.;Es lässt sich nicht sagen, wie oft Tina einen lustigen Sketch gesehen hat.;unknown;25;aii;bi;2;positive;cannot say;False;;;Vor vier Wochen hat Karl vor Tina einen lustigen Sketch aufgeführt. Vor zwei Wochen hat Tina wieder einen lustigen Sketch gesehen, als sie auf einem Comedyfestival gewesen ist.;Es lässt sich nicht sagen, wie oft Tina einen lustigen Sketch gesehen hat.;joeddav/xlm-roberta-large-xnli;entailment;0;0.006484368350356817;0.003917465452104807;0.9895981550216675
25_aii_bii1_once_pos;Vor vier Wochen hat Karl vor Tina einen lustigen Sketch aufgeführt.;Vor zwei Wochen hat Karl wieder einen lustigen Sketch dargeboten, als er auf einem Comedyfestival gewesen ist.;Karl hat einmal einen lustigen Sketch dargeboten.;unknown;25;aii;bii;1;positive;once;False;;;Vor vier Wochen hat Karl vor Tina einen lustigen Sketch aufgeführt. Vor zwei Wochen hat Karl wieder einen lustigen Sketch dargeboten, als er auf einem Comedyfestival gewesen ist.;Karl hat einmal einen lustigen Sketch dargeboten.;joeddav/xlm-roberta-large-xnli;entailment;0;0.0017634592950344086;0.0004422726051416248;0.9977942705154419
25_aii_bii1_twice_pos;Vor vier Wochen hat Karl vor Tina einen lustigen Sketch aufgeführt.;Vor zwei Wochen hat Karl wieder einen lustigen Sketch dargeboten, als er auf einem Comedyfestival gewesen ist.;Karl hat mindestens zweimal einen lustigen Sketch dargeboten.;entailment;25;aii;bii;1;positive;twice;False;;;Vor vier Wochen hat Karl vor Tina einen lustigen Sketch aufgeführt. Vor zwei Wochen hat Karl wieder einen lustigen Sketch dargeboten, als er auf einem Comedyfestival gewesen ist.;Karl hat mindestens zweimal einen lustigen Sketch dargeboten.;joeddav/xlm-roberta-large-xnli;entailment;1;0.0002709871914703399;0.00025824777549132705;0.9994707703590393
25_aii_bii1_cannot_say_pos;Vor vier Wochen hat Karl vor Tina einen lustigen Sketch aufgeführt.;Vor zwei Wochen hat Karl wieder einen lustigen Sketch dargeboten, als er auf einem Comedyfestival gewesen ist.;Es lässt sich nicht sagen, wie oft Karl einen lustigen Sketch dargeboten hat.;unknown;25;aii;bii;1;positive;cannot say;False;;;Vor vier Wochen hat Karl vor Tina einen lustigen Sketch aufgeführt. Vor zwei Wochen hat Karl wieder einen lustigen Sketch dargeboten, als er auf einem Comedyfestival gewesen ist.;Es lässt sich nicht sagen, wie oft Karl einen lustigen Sketch dargeboten hat.;joeddav/xlm-roberta-large-xnli;entailment;0;0.048433881253004074;0.2220190167427063;0.7295471429824829
25_aii_bii2_once_neu;Vor vier Wochen hat Karl vor Tina einen lustigen Sketch aufgeführt.;Vor zwei Wochen hat Tina wieder einen lustigen Sketch dargeboten, als sie auf einem Comedyfestival gewesen ist.;Tina hat einmal einen lustigen Sketch dargeboten.;entailment;25;aii;bii;2;neutral;once;False;;;Vor vier Wochen hat Karl vor Tina einen lustigen Sketch aufgeführt. Vor zwei Wochen hat Tina wieder einen lustigen Sketch dargeboten, als sie auf einem Comedyfestival gewesen ist.;Tina hat einmal einen lustigen Sketch dargeboten.;joeddav/xlm-roberta-large-xnli;entailment;1;0.30340376496315;0.006796416360884905;0.6897999048233032
25_aii_bii2_twice_neu;Vor vier Wochen hat Karl vor Tina einen lustigen Sketch aufgeführt.;Vor zwei Wochen hat Tina wieder einen lustigen Sketch dargeboten, als sie auf einem Comedyfestival gewesen ist.;Tina hat mindestens zweimal einen lustigen Sketch dargeboten.;unknown;25;aii;bii;2;neutral;twice;False;;;Vor vier Wochen hat Karl vor Tina einen lustigen Sketch aufgeführt. Vor zwei Wochen hat Tina wieder einen lustigen Sketch dargeboten, als sie auf einem Comedyfestival gewesen ist.;Tina hat mindestens zweimal einen lustigen Sketch dargeboten.;joeddav/xlm-roberta-large-xnli;entailment;0;0.0007950782892294228;0.0004346352943684906;0.9987702965736389
25_aii_bii2_cannot_say_neu;Vor vier Wochen hat Karl vor Tina einen lustigen Sketch aufgeführt.;Vor zwei Wochen hat Tina wieder einen lustigen Sketch dargeboten, als sie auf einem Comedyfestival gewesen ist.;Es lässt sich nicht sagen, wie oft Tina einen lustigen Sketch dargeboten hat.;unknown;25;aii;bii;2;neutral;cannot say;False;;;Vor vier Wochen hat Karl vor Tina einen lustigen Sketch aufgeführt. Vor zwei Wochen hat Tina wieder einen lustigen Sketch dargeboten, als sie auf einem Comedyfestival gewesen ist.;Es lässt sich nicht sagen, wie oft Tina einen lustigen Sketch dargeboten hat.;joeddav/xlm-roberta-large-xnli;entailment;0;0.1082899421453476;0.3416878581047058;0.5500222444534302
26_ai_bi1_once_pos;Vorletzten Monat hat Sabine Tina eine neue Gitarrensaite besorgt.;Vor drei Tagen hat Tina wieder eine neue Gitarrensaite erhalten, als sie mit einem Freund einkaufen war.;Tina hat einmal eine neue Gitarrensaite erhalten.;unknown;26;ai;bi;1;positive;once;False;;;Vorletzten Monat hat Sabine Tina eine neue Gitarrensaite besorgt. Vor drei Tagen hat Tina wieder eine neue Gitarrensaite erhalten, als sie mit einem Freund einkaufen war.;Tina hat einmal eine neue Gitarrensaite erhalten.;joeddav/xlm-roberta-large-xnli;entailment;0;0.0021551786921918392;0.00036562117747962475;0.997479259967804
26_ai_bi1_twice_pos;Vorletzten Monat hat Sabine Tina eine neue Gitarrensaite besorgt.;Vor drei Tagen hat Tina wieder eine neue Gitarrensaite erhalten, als sie mit einem Freund einkaufen war.;Tina hat mindestens zweimal eine neue Gitarrensaite erhalten.;entailment;26;ai;bi;1;positive;twice;False;;;Vorletzten Monat hat Sabine Tina eine neue Gitarrensaite besorgt. Vor drei Tagen hat Tina wieder eine neue Gitarrensaite erhalten, als sie mit einem Freund einkaufen war.;Tina hat mindestens zweimal eine neue Gitarrensaite erhalten.;joeddav/xlm-roberta-large-xnli;entailment;1;0.0003332289925310761;0.00026471176533959806;0.9994020462036133
26_ai_bi1_cannot_say_pos;Vorletzten Monat hat Sabine Tina eine neue Gitarrensaite besorgt.;Vor drei Tagen hat Tina wieder eine neue Gitarrensaite erhalten, als sie mit einem Freund einkaufen war.;Es lässt sich nicht sagen, wie oft Tina eine neue Gitarrensaite erhalten hat.;unknown;26;ai;bi;1;positive;cannot say;False;;;Vorletzten Monat hat Sabine Tina eine neue Gitarrensaite besorgt. Vor drei Tagen hat Tina wieder eine neue Gitarrensaite erhalten, als sie mit einem Freund einkaufen war.;Es lässt sich nicht sagen, wie oft Tina eine neue Gitarrensaite erhalten hat.;joeddav/xlm-roberta-large-xnli;entailment;0;0.012655310332775116;0.0473073273897171;0.9400374293327332
26_ai_bi2_once_neu;Vorletzten Monat hat Sabine Tina eine neue Gitarrensaite besorgt.;Vor drei Tagen hat Sabine wieder eine neue Gitarrensaite erhalten, als sie mit einem Freund einkaufen war.;Sabine hat einmal eine neue Gitarrensaite erhalten.;entailment;26;ai;bi;2;neutral;once;False;;;Vorletzten Monat hat Sabine Tina eine neue Gitarrensaite besorgt. Vor drei Tagen hat Sabine wieder eine neue Gitarrensaite erhalten, als sie mit einem Freund einkaufen war.;Sabine hat einmal eine neue Gitarrensaite erhalten.;joeddav/xlm-roberta-large-xnli;entailment;1;0.0016148659633472562;0.0003204961831215769;0.9980646967887878
26_ai_bi2_twice_neu;Vorletzten Monat hat Sabine Tina eine neue Gitarrensaite besorgt.;Vor drei Tagen hat Sabine wieder eine neue Gitarrensaite erhalten, als sie mit einem Freund einkaufen war.;Sabine hat mindestens zweimal eine neue Gitarrensaite erhalten.;unknown;26;ai;bi;2;neutral;twice;False;;;Vorletzten Monat hat Sabine Tina eine neue Gitarrensaite besorgt. Vor drei Tagen hat Sabine wieder eine neue Gitarrensaite erhalten, als sie mit einem Freund einkaufen war.;Sabine hat mindestens zweimal eine neue Gitarrensaite erhalten.;joeddav/xlm-roberta-large-xnli;entailment;0;0.0003250633308198303;0.0002490199403837323;0.9994258880615234
26_ai_bi2_cannot_say_neu;Vorletzten Monat hat Sabine Tina eine neue Gitarrensaite besorgt.;Vor drei Tagen hat Sabine wieder eine neue Gitarrensaite erhalten, als sie mit einem Freund einkaufen war.;Es lässt sich nicht sagen, wie oft Sabine eine neue Gitarrensaite erhalten hat.;unknown;26;ai;bi;2;neutral;cannot say;False;;;Vorletzten Monat hat Sabine Tina eine neue Gitarrensaite besorgt. Vor drei Tagen hat Sabine wieder eine neue Gitarrensaite erhalten, als sie mit einem Freund einkaufen war.;Es lässt sich nicht sagen, wie oft Sabine eine neue Gitarrensaite erhalten hat.;joeddav/xlm-roberta-large-xnli;entailment;0;0.01103886030614376;0.02456733211874962;0.9643937945365906
26_ai_bii1_once_neu;Vorletzten Monat hat Sabine Tina eine neue Gitarrensaite besorgt.;Vor drei Tagen hat Tina wieder eine neue Gitarrensaite gekauft, als sie mit einem Freund einkaufen war.;Tina hat einmal eine neue Gitarrensaite gekauft.;entailment;26;ai;bii;1;neutral;once;False;;;Vorletzten Monat hat Sabine Tina eine neue Gitarrensaite besorgt. Vor drei Tagen hat Tina wieder eine neue Gitarrensaite gekauft, als sie mit einem Freund einkaufen war.;Tina hat einmal eine neue Gitarrensaite gekauft.;joeddav/xlm-roberta-large-xnli;entailment;1;0.0011745342053472996;0.00026994006475433707;0.9985554814338684
26_ai_bii1_twice_neu;Vorletzten Monat hat Sabine Tina eine neue Gitarrensaite besorgt.;Vor drei Tagen hat Tina wieder eine neue Gitarrensaite gekauft, als sie mit einem Freund einkaufen war.;Tina hat mindestens zweimal eine neue Gitarrensaite gekauft.;unknown;26;ai;bii;1;neutral;twice;False;;;Vorletzten Monat hat Sabine Tina eine neue Gitarrensaite besorgt. Vor drei Tagen hat Tina wieder eine neue Gitarrensaite gekauft, als sie mit einem Freund einkaufen war.;Tina hat mindestens zweimal eine neue Gitarrensaite gekauft.;joeddav/xlm-roberta-large-xnli;entailment;0;0.000285484769847244;0.00019911867275368422;0.9995154142379761
26_ai_bii1_cannot_say_neu;Vorletzten Monat hat Sabine Tina eine neue Gitarrensaite besorgt.;Vor drei Tagen hat Tina wieder eine neue Gitarrensaite gekauft, als sie mit einem Freund einkaufen war.;Es lässt sich nicht sagen, wie oft Tina eine neue Gitarrensaite gekauft hat.;unknown;26;ai;bii;1;neutral;cannot say;False;;;Vorletzten Monat hat Sabine Tina eine neue Gitarrensaite besorgt. Vor drei Tagen hat Tina wieder eine neue Gitarrensaite gekauft, als sie mit einem Freund einkaufen war.;Es lässt sich nicht sagen, wie oft Tina eine neue Gitarrensaite gekauft hat.;joeddav/xlm-roberta-large-xnli;entailment;0;0.02672271989285946;0.01567997597157955;0.9575973153114319
26_ai_bii2_once_pos;Vorletzten Monat hat Sabine Tina eine neue Gitarrensaite besorgt.;Vor drei Tagen hat Sabine wieder eine neue Gitarrensaite gekauft, als sie mit einem Freund einkaufen war.;Sabine hat einmal eine neue Gitarrensaite gekauft.;unknown;26;ai;bii;2;positive;once;False;;;Vorletzten Monat hat Sabine Tina eine neue Gitarrensaite besorgt. Vor drei Tagen hat Sabine wieder eine neue Gitarrensaite gekauft, als sie mit einem Freund einkaufen war.;Sabine hat einmal eine neue Gitarrensaite gekauft.;joeddav/xlm-roberta-large-xnli;entailment;0;0.0011208486976101995;0.00025943160289898515;0.9986196756362915
26_ai_bii2_twice_pos;Vorletzten Monat hat Sabine Tina eine neue Gitarrensaite besorgt.;Vor drei Tagen hat Sabine wieder eine neue Gitarrensaite gekauft, als sie mit einem Freund einkaufen war.;Sabine hat mindestens zweimal eine neue Gitarrensaite gekauft.;entailment;26;ai;bii;2;positive;twice;False;;;Vorletzten Monat hat Sabine Tina eine neue Gitarrensaite besorgt. Vor drei Tagen hat Sabine wieder eine neue Gitarrensaite gekauft, als sie mit einem Freund einkaufen war.;Sabine hat mindestens zweimal eine neue Gitarrensaite gekauft.;joeddav/xlm-roberta-large-xnli;entailment;1;0.0002753117005340755;0.00018964620539918542;0.999535083770752
26_ai_bii2_cannot_say_pos;Vorletzten Monat hat Sabine Tina eine neue Gitarrensaite besorgt.;Vor drei Tagen hat Sabine wieder eine neue Gitarrensaite gekauft, als sie mit einem Freund einkaufen war.;Es lässt sich nicht sagen, wie oft Sabine eine neue Gitarrensaite gekauft hat.;unknown;26;ai;bii;2;positive;cannot say;False;;;Vorletzten Monat hat Sabine Tina eine neue Gitarrensaite besorgt. Vor drei Tagen hat Sabine wieder eine neue Gitarrensaite gekauft, als sie mit einem Freund einkaufen war.;Es lässt sich nicht sagen, wie oft Sabine eine neue Gitarrensaite gekauft hat.;joeddav/xlm-roberta-large-xnli;entailment;0;0.03213611990213394;0.01598079316318035;0.9518831372261047
26_aii_bi1_once_neu;Vorletzten Monat hat Tina Sabine eine neue Gitarrensaite besorgt.;Vor drei Tagen hat Tina wieder eine neue Gitarrensaite erhalten, als sie mit einem Freund einkaufen war.;Tina hat einmal eine neue Gitarrensaite erhalten.;entailment;26;aii;bi;1;neutral;once;False;;;Vorletzten Monat hat Tina Sabine eine neue Gitarrensaite besorgt. Vor drei Tagen hat Tina wieder eine neue Gitarrensaite erhalten, als sie mit einem Freund einkaufen war.;Tina hat einmal eine neue Gitarrensaite erhalten.;joeddav/xlm-roberta-large-xnli;entailment;1;0.002148820785805583;0.0003690294688567519;0.9974821209907532
26_aii_bi1_twice_neu;Vorletzten Monat hat Tina Sabine eine neue Gitarrensaite besorgt.;Vor drei Tagen hat Tina wieder eine neue Gitarrensaite erhalten, als sie mit einem Freund einkaufen war.;Tina hat mindestens zweimal eine neue Gitarrensaite erhalten.;unknown;26;aii;bi;1;neutral;twice;False;;;Vorletzten Monat hat Tina Sabine eine neue Gitarrensaite besorgt. Vor drei Tagen hat Tina wieder eine neue Gitarrensaite erhalten, als sie mit einem Freund einkaufen war.;Tina hat mindestens zweimal eine neue Gitarrensaite erhalten.;joeddav/xlm-roberta-large-xnli;entailment;0;0.0003360449627507478;0.0002668237721081823;0.9993971586227417
26_aii_bi1_cannot_say_neu;Vorletzten Monat hat Tina Sabine eine neue Gitarrensaite besorgt.;Vor drei Tagen hat Tina wieder eine neue Gitarrensaite erhalten, als sie mit einem Freund einkaufen war.;Es lässt sich nicht sagen, wie oft Tina eine neue Gitarrensaite erhalten hat.;unknown;26;aii;bi;1;neutral;cannot say;False;;;Vorletzten Monat hat Tina Sabine eine neue Gitarrensaite besorgt. Vor drei Tagen hat Tina wieder eine neue Gitarrensaite erhalten, als sie mit einem Freund einkaufen war.;Es lässt sich nicht sagen, wie oft Tina eine neue Gitarrensaite erhalten hat.;joeddav/xlm-roberta-large-xnli;entailment;0;0.013142235577106476;0.05561162531375885;0.9312462210655212
26_aii_bi2_once_pos;Vorletzten Monat hat Tina Sabine eine neue Gitarrensaite besorgt.;Vor drei Tagen hat Sabine wieder eine neue Gitarrensaite erhalten, als sie mit einem Freund einkaufen war.;Sabine hat einmal eine neue Gitarrensaite erhalten.;unknown;26;aii;bi;2;positive;once;False;;;Vorletzten Monat hat Tina Sabine eine neue Gitarrensaite besorgt. Vor drei Tagen hat Sabine wieder eine neue Gitarrensaite erhalten, als sie mit einem Freund einkaufen war.;Sabine hat einmal eine neue Gitarrensaite erhalten.;joeddav/xlm-roberta-large-xnli;entailment;0;0.0016584254335612059;0.0003187225665897131;0.9980229139328003
26_aii_bi2_twice_pos;Vorletzten Monat hat Tina Sabine eine neue Gitarrensaite besorgt.;Vor drei Tagen hat Sabine wieder eine neue Gitarrensaite erhalten, als sie mit einem Freund einkaufen war.;Sabine hat mindestens zweimal eine neue Gitarrensaite erhalten.;entailment;26;aii;bi;2;positive;twice;False;;;Vorletzten Monat hat Tina Sabine eine neue Gitarrensaite besorgt. Vor drei Tagen hat Sabine wieder eine neue Gitarrensaite erhalten, als sie mit einem Freund einkaufen war.;Sabine hat mindestens zweimal eine neue Gitarrensaite erhalten.;joeddav/xlm-roberta-large-xnli;entailment;1;0.0003244846302550286;0.000254939979640767;0.9994206428527832
26_aii_bi2_cannot_say_pos;Vorletzten Monat hat Tina Sabine eine neue Gitarrensaite besorgt.;Vor drei Tagen hat Sabine wieder eine neue Gitarrensaite erhalten, als sie mit einem Freund einkaufen war.;Es lässt sich nicht sagen, wie oft Sabine eine neue Gitarrensaite erhalten hat.;unknown;26;aii;bi;2;positive;cannot say;False;;;Vorletzten Monat hat Tina Sabine eine neue Gitarrensaite besorgt. Vor drei Tagen hat Sabine wieder eine neue Gitarrensaite erhalten, als sie mit einem Freund einkaufen war.;Es lässt sich nicht sagen, wie oft Sabine eine neue Gitarrensaite erhalten hat.;joeddav/xlm-roberta-large-xnli;entailment;0;0.012351500801742077;0.031218385323882103;0.9564300775527954
26_aii_bii1_once_pos;Vorletzten Monat hat Tina Sabine eine neue Gitarrensaite besorgt.;Vor drei Tagen hat Tina wieder eine neue Gitarrensaite gekauft, als sie mit einem Freund einkaufen war.;Tina hat einmal eine neue Gitarrensaite gekauft.;unknown;26;aii;bii;1;positive;once;False;;;Vorletzten Monat hat Tina Sabine eine neue Gitarrensaite besorgt. Vor drei Tagen hat Tina wieder eine neue Gitarrensaite gekauft, als sie mit einem Freund einkaufen war.;Tina hat einmal eine neue Gitarrensaite gekauft.;joeddav/xlm-roberta-large-xnli;entailment;0;0.0012291702441871166;0.0002743685618042946;0.998496413230896
26_aii_bii1_twice_pos;Vorletzten Monat hat Tina Sabine eine neue Gitarrensaite besorgt.;Vor drei Tagen hat Tina wieder eine neue Gitarrensaite gekauft, als sie mit einem Freund einkaufen war.;Tina hat mindestens zweimal eine neue Gitarrensaite gekauft.;entailment;26;aii;bii;1;positive;twice;False;;;Vorletzten Monat hat Tina Sabine eine neue Gitarrensaite besorgt. Vor drei Tagen hat Tina wieder eine neue Gitarrensaite gekauft, als sie mit einem Freund einkaufen war.;Tina hat mindestens zweimal eine neue Gitarrensaite gekauft.;joeddav/xlm-roberta-large-xnli;entailment;1;0.00028614772600121796;0.00020021034288220108;0.9995136260986328
26_aii_bii1_cannot_say_pos;Vorletzten Monat hat Tina Sabine eine neue Gitarrensaite besorgt.;Vor drei Tagen hat Tina wieder eine neue Gitarrensaite gekauft, als sie mit einem Freund einkaufen war.;Es lässt sich nicht sagen, wie oft Tina eine neue Gitarrensaite gekauft hat.;unknown;26;aii;bii;1;positive;cannot say;False;;;Vorletzten Monat hat Tina Sabine eine neue Gitarrensaite besorgt. Vor drei Tagen hat Tina wieder eine neue Gitarrensaite gekauft, als sie mit einem Freund einkaufen war.;Es lässt sich nicht sagen, wie oft Tina eine neue Gitarrensaite gekauft hat.;joeddav/xlm-roberta-large-xnli;entailment;0;0.028794797137379646;0.018020275980234146;0.953184962272644
26_aii_bii2_once_neu;Vorletzten Monat hat Tina Sabine eine neue Gitarrensaite besorgt.;Vor drei Tagen hat Sabine wieder eine neue Gitarrensaite gekauft, als sie mit einem Freund einkaufen war.;Sabine hat einmal eine neue Gitarrensaite gekauft.;entailment;26;aii;bii;2;neutral;once;False;;;Vorletzten Monat hat Tina Sabine eine neue Gitarrensaite besorgt. Vor drei Tagen hat Sabine wieder eine neue Gitarrensaite gekauft, als sie mit einem Freund einkaufen war.;Sabine hat einmal eine neue Gitarrensaite gekauft.;joeddav/xlm-roberta-large-xnli;entailment;1;0.0010250580962747335;0.00025053342687897384;0.9987244009971619
26_aii_bii2_twice_neu;Vorletzten Monat hat Tina Sabine eine neue Gitarrensaite besorgt.;Vor drei Tagen hat Sabine wieder eine neue Gitarrensaite gekauft, als sie mit einem Freund einkaufen war.;Sabine hat mindestens zweimal eine neue Gitarrensaite gekauft.;unknown;26;aii;bii;2;neutral;twice;False;;;Vorletzten Monat hat Tina Sabine eine neue Gitarrensaite besorgt. Vor drei Tagen hat Sabine wieder eine neue Gitarrensaite gekauft, als sie mit einem Freund einkaufen war.;Sabine hat mindestens zweimal eine neue Gitarrensaite gekauft.;joeddav/xlm-roberta-large-xnli;entailment;0;0.0002776744368020445;0.0001914820313686505;0.9995309114456177
26_aii_bii2_cannot_say_neu;Vorletzten Monat hat Tina Sabine eine neue Gitarrensaite besorgt.;Vor drei Tagen hat Sabine wieder eine neue Gitarrensaite gekauft, als sie mit einem Freund einkaufen war.;Es lässt sich nicht sagen, wie oft Sabine eine neue Gitarrensaite gekauft hat.;unknown;26;aii;bii;2;neutral;cannot say;False;;;Vorletzten Monat hat Tina Sabine eine neue Gitarrensaite besorgt. Vor drei Tagen hat Sabine wieder eine neue Gitarrensaite gekauft, als sie mit einem Freund einkaufen war.;Es lässt sich nicht sagen, wie oft Sabine eine neue Gitarrensaite gekauft hat.;joeddav/xlm-roberta-large-xnli;entailment;0;0.033252693712711334;0.018150821328163147;0.9485965371131897
27_ai_bi1_once_pos;Letzten Monat hat Sabine Thorsten ein schweres Paket gebracht.;Vor einer Woche hat Thorsten wieder ein schweres Paket entgegengenommen, während er an eine Geburtstagsparty gedacht hat.;Thorsten hat einmal ein schweres Paket entgegengenommen.;unknown;27;ai;bi;1;positive;once;False;;;Letzten Monat hat Sabine Thorsten ein schweres Paket gebracht. Vor einer Woche hat Thorsten wieder ein schweres Paket entgegengenommen, während er an eine Geburtstagsparty gedacht hat.;Thorsten hat einmal ein schweres Paket entgegengenommen.;joeddav/xlm-roberta-large-xnli;entailment;0;0.0010757495183497667;0.0002925840381067246;0.9986316561698914
27_ai_bi1_twice_pos;Letzten Monat hat Sabine Thorsten ein schweres Paket gebracht.;Vor einer Woche hat Thorsten wieder ein schweres Paket entgegengenommen, während er an eine Geburtstagsparty gedacht hat.;Thorsten hat mindestens zweimal ein schweres Paket entgegengenommen.;entailment;27;ai;bi;1;positive;twice;False;;;Letzten Monat hat Sabine Thorsten ein schweres Paket gebracht. Vor einer Woche hat Thorsten wieder ein schweres Paket entgegengenommen, während er an eine Geburtstagsparty gedacht hat.;Thorsten hat mindestens zweimal ein schweres Paket entgegengenommen.;joeddav/xlm-roberta-large-xnli;entailment;1;0.0002510824706405401;0.0002322861982975155;0.9995166063308716
27_ai_bi1_cannot_say_pos;Letzten Monat hat Sabine Thorsten ein schweres Paket gebracht.;Vor einer Woche hat Thorsten wieder ein schweres Paket entgegengenommen, während er an eine Geburtstagsparty gedacht hat.;Es lässt sich nicht sagen, wie oft Thorsten ein schweres Paket entgegengenommen hat.;unknown;27;ai;bi;1;positive;cannot say;False;;;Letzten Monat hat Sabine Thorsten ein schweres Paket gebracht. Vor einer Woche hat Thorsten wieder ein schweres Paket entgegengenommen, während er an eine Geburtstagsparty gedacht hat.;Es lässt sich nicht sagen, wie oft Thorsten ein schweres Paket entgegengenommen hat.;joeddav/xlm-roberta-large-xnli;neutral;1;0.0845792144536972;0.6203734278678894;0.2950473725795746
27_ai_bi2_once_neu;Letzten Monat hat Sabine Thorsten ein schweres Paket gebracht.;Vor einer Woche hat Sabine wieder ein schweres Paket entgegengenommen, während sie an eine Geburtstagsparty gedacht hat.;Sabine hat einmal ein schweres Paket entgegengenommen.;entailment;27;ai;bi;2;neutral;once;False;;;Letzten Monat hat Sabine Thorsten ein schweres Paket gebracht. Vor einer Woche hat Sabine wieder ein schweres Paket entgegengenommen, während sie an eine Geburtstagsparty gedacht hat.;Sabine hat einmal ein schweres Paket entgegengenommen.;joeddav/xlm-roberta-large-xnli;entailment;1;0.0012090111849829555;0.00031105830566957593;0.9984799027442932
27_ai_bi2_twice_neu;Letzten Monat hat Sabine Thorsten ein schweres Paket gebracht.;Vor einer Woche hat Sabine wieder ein schweres Paket entgegengenommen, während sie an eine Geburtstagsparty gedacht hat.;Sabine hat mindestens zweimal ein schweres Paket entgegengenommen.;unknown;27;ai;bi;2;neutral;twice;False;;;Letzten Monat hat Sabine Thorsten ein schweres Paket gebracht. Vor einer Woche hat Sabine wieder ein schweres Paket entgegengenommen, während sie an eine Geburtstagsparty gedacht hat.;Sabine hat mindestens zweimal ein schweres Paket entgegengenommen.;joeddav/xlm-roberta-large-xnli;entailment;0;0.0002531929640099406;0.0002415756171103567;0.9995052814483643
27_ai_bi2_cannot_say_neu;Letzten Monat hat Sabine Thorsten ein schweres Paket gebracht.;Vor einer Woche hat Sabine wieder ein schweres Paket entgegengenommen, während sie an eine Geburtstagsparty gedacht hat.;Es lässt sich nicht sagen, wie oft Sabine ein schweres Paket entgegengenommen hat.;unknown;27;ai;bi;2;neutral;cannot say;False;;;Letzten Monat hat Sabine Thorsten ein schweres Paket gebracht. Vor einer Woche hat Sabine wieder ein schweres Paket entgegengenommen, während sie an eine Geburtstagsparty gedacht hat.;Es lässt sich nicht sagen, wie oft Sabine ein schweres Paket entgegengenommen hat.;joeddav/xlm-roberta-large-xnli;neutral;1;0.13341708481311798;0.504508376121521;0.36207452416419983
27_ai_bii1_once_neu;Letzten Monat hat Sabine Thorsten ein schweres Paket gebracht.;Vor einer Woche hat Thorsten wieder ein schweres Paket abgegeben, während er an eine Geburtstagsparty gedacht hat.;Thorsten hat einmal ein schweres Paket abgegeben.;entailment;27;ai;bii;1;neutral;once;False;;;Letzten Monat hat Sabine Thorsten ein schweres Paket gebracht. Vor einer Woche hat Thorsten wieder ein schweres Paket abgegeben, während er an eine Geburtstagsparty gedacht hat.;Thorsten hat einmal ein schweres Paket abgegeben.;joeddav/xlm-roberta-large-xnli;entailment;1;0.0015803416026756167;0.00046181815559975803;0.9979578256607056
27_ai_bii1_twice_neu;Letzten Monat hat Sabine Thorsten ein schweres Paket gebracht.;Vor einer Woche hat Thorsten wieder ein schweres Paket abgegeben, während er an eine Geburtstagsparty gedacht hat.;Thorsten hat mindestens zweimal ein schweres Paket abgegeben.;unknown;27;ai;bii;1;neutral;twice;False;;;Letzten Monat hat Sabine Thorsten ein schweres Paket gebracht. Vor einer Woche hat Thorsten wieder ein schweres Paket abgegeben, während er an eine Geburtstagsparty gedacht hat.;Thorsten hat mindestens zweimal ein schweres Paket abgegeben.;joeddav/xlm-roberta-large-xnli;entailment;0;0.0002815950138028711;0.0002860862005036324;0.9994322657585144
27_ai_bii1_cannot_say_neu;Letzten Monat hat Sabine Thorsten ein schweres Paket gebracht.;Vor einer Woche hat Thorsten wieder ein schweres Paket abgegeben, während er an eine Geburtstagsparty gedacht hat.;Es lässt sich nicht sagen, wie oft Thorsten ein schweres Paket abgegeben hat.;unknown;27;ai;bii;1;neutral;cannot say;False;;;Letzten Monat hat Sabine Thorsten ein schweres Paket gebracht. Vor einer Woche hat Thorsten wieder ein schweres Paket abgegeben, während er an eine Geburtstagsparty gedacht hat.;Es lässt sich nicht sagen, wie oft Thorsten ein schweres Paket abgegeben hat.;joeddav/xlm-roberta-large-xnli;neutral;1;0.1705855429172516;0.6143975257873535;0.2150169163942337
27_ai_bii2_once_pos;Letzten Monat hat Sabine Thorsten ein schweres Paket gebracht.;Vor einer Woche hat Sabine wieder ein schweres Paket abgegeben, während sie an eine Geburtstagsparty gedacht hat.;Sabine hat einmal ein schweres Paket abgegeben.;unknown;27;ai;bii;2;positive;once;False;;;Letzten Monat hat Sabine Thorsten ein schweres Paket gebracht. Vor einer Woche hat Sabine wieder ein schweres Paket abgegeben, während sie an eine Geburtstagsparty gedacht hat.;Sabine hat einmal ein schweres Paket abgegeben.;joeddav/xlm-roberta-large-xnli;entailment;0;0.0017056133365258574;0.0005079417605884373;0.9977864027023315
27_ai_bii2_twice_pos;Letzten Monat hat Sabine Thorsten ein schweres Paket gebracht.;Vor einer Woche hat Sabine wieder ein schweres Paket abgegeben, während sie an eine Geburtstagsparty gedacht hat.;Sabine hat mindestens zweimal ein schweres Paket abgegeben.;entailment;27;ai;bii;2;positive;twice;False;;;Letzten Monat hat Sabine Thorsten ein schweres Paket gebracht. Vor einer Woche hat Sabine wieder ein schweres Paket abgegeben, während sie an eine Geburtstagsparty gedacht hat.;Sabine hat mindestens zweimal ein schweres Paket abgegeben.;joeddav/xlm-roberta-large-xnli;entailment;1;0.0002894732460845262;0.0003188353730365634;0.9993916749954224
27_ai_bii2_cannot_say_pos;Letzten Monat hat Sabine Thorsten ein schweres Paket gebracht.;Vor einer Woche hat Sabine wieder ein schweres Paket abgegeben, während sie an eine Geburtstagsparty gedacht hat.;Es lässt sich nicht sagen, wie oft Sabine ein schweres Paket abgegeben hat.;unknown;27;ai;bii;2;positive;cannot say;False;;;Letzten Monat hat Sabine Thorsten ein schweres Paket gebracht. Vor einer Woche hat Sabine wieder ein schweres Paket abgegeben, während sie an eine Geburtstagsparty gedacht hat.;Es lässt sich nicht sagen, wie oft Sabine ein schweres Paket abgegeben hat.;joeddav/xlm-roberta-large-xnli;neutral;1;0.23994311690330505;0.521405041217804;0.2386518269777298
27_aii_bi1_once_neu;Letzten Monat hat Thorsten Sabine ein schweres Paket gebracht.;Vor einer Woche hat Thorsten wieder ein schweres Paket entgegengenommen, während er an eine Geburtstagsparty gedacht hat.;Thorsten hat einmal ein schweres Paket entgegengenommen.;entailment;27;aii;bi;1;neutral;once;False;;;Letzten Monat hat Thorsten Sabine ein schweres Paket gebracht. Vor einer Woche hat Thorsten wieder ein schweres Paket entgegengenommen, während er an eine Geburtstagsparty gedacht hat.;Thorsten hat einmal ein schweres Paket entgegengenommen.;joeddav/xlm-roberta-large-xnli;entailment;1;0.0009437420521862805;0.0002690382825676352;0.9987872242927551
27_aii_bi1_twice_neu;Letzten Monat hat Thorsten Sabine ein schweres Paket gebracht.;Vor einer Woche hat Thorsten wieder ein schweres Paket entgegengenommen, während er an eine Geburtstagsparty gedacht hat.;Thorsten hat mindestens zweimal ein schweres Paket entgegengenommen.;unknown;27;aii;bi;1;neutral;twice;False;;;Letzten Monat hat Thorsten Sabine ein schweres Paket gebracht. Vor einer Woche hat Thorsten wieder ein schweres Paket entgegengenommen, während er an eine Geburtstagsparty gedacht hat.;Thorsten hat mindestens zweimal ein schweres Paket entgegengenommen.;joeddav/xlm-roberta-large-xnli;entailment;0;0.00024325137201230973;0.0002308786497451365;0.9995259046554565
27_aii_bi1_cannot_say_neu;Letzten Monat hat Thorsten Sabine ein schweres Paket gebracht.;Vor einer Woche hat Thorsten wieder ein schweres Paket entgegengenommen, während er an eine Geburtstagsparty gedacht hat.;Es lässt sich nicht sagen, wie oft Thorsten ein schweres Paket entgegengenommen hat.;unknown;27;aii;bi;1;neutral;cannot say;False;;;Letzten Monat hat Thorsten Sabine ein schweres Paket gebracht. Vor einer Woche hat Thorsten wieder ein schweres Paket entgegengenommen, während er an eine Geburtstagsparty gedacht hat.;Es lässt sich nicht sagen, wie oft Thorsten ein schweres Paket entgegengenommen hat.;joeddav/xlm-roberta-large-xnli;neutral;1;0.08364522457122803;0.5899602174758911;0.32639452815055847
27_aii_bi2_once_pos;Letzten Monat hat Thorsten Sabine ein schweres Paket gebracht.;Vor einer Woche hat Sabine wieder ein schweres Paket entgegengenommen, während sie an eine Geburtstagsparty gedacht hat.;Sabine hat einmal ein schweres Paket entgegengenommen.;unknown;27;aii;bi;2;positive;once;False;;;Letzten Monat hat Thorsten Sabine ein schweres Paket gebracht. Vor einer Woche hat Sabine wieder ein schweres Paket entgegengenommen, während sie an eine Geburtstagsparty gedacht hat.;Sabine hat einmal ein schweres Paket entgegengenommen.;joeddav/xlm-roberta-large-xnli;entailment;0;0.001202748971991241;0.0003157620376441628;0.9984814524650574
27_aii_bi2_twice_pos;Letzten Monat hat Thorsten Sabine ein schweres Paket gebracht.;Vor einer Woche hat Sabine wieder ein schweres Paket entgegengenommen, während sie an eine Geburtstagsparty gedacht hat.;Sabine hat mindestens zweimal ein schweres Paket entgegengenommen.;entailment;27;aii;bi;2;positive;twice;False;;;Letzten Monat hat Thorsten Sabine ein schweres Paket gebracht. Vor einer Woche hat Sabine wieder ein schweres Paket entgegengenommen, während sie an eine Geburtstagsparty gedacht hat.;Sabine hat mindestens zweimal ein schweres Paket entgegengenommen.;joeddav/xlm-roberta-large-xnli;entailment;1;0.0002570644428487867;0.00024624605430290103;0.9994966983795166
27_aii_bi2_cannot_say_pos;Letzten Monat hat Thorsten Sabine ein schweres Paket gebracht.;Vor einer Woche hat Sabine wieder ein schweres Paket entgegengenommen, während sie an eine Geburtstagsparty gedacht hat.;Es lässt sich nicht sagen, wie oft Sabine ein schweres Paket entgegengenommen hat.;unknown;27;aii;bi;2;positive;cannot say;False;;;Letzten Monat hat Thorsten Sabine ein schweres Paket gebracht. Vor einer Woche hat Sabine wieder ein schweres Paket entgegengenommen, während sie an eine Geburtstagsparty gedacht hat.;Es lässt sich nicht sagen, wie oft Sabine ein schweres Paket entgegengenommen hat.;joeddav/xlm-roberta-large-xnli;neutral;1;0.0952276960015297;0.5669151544570923;0.3378571569919586
27_aii_bii1_once_pos;Letzten Monat hat Thorsten Sabine ein schweres Paket gebracht.;Vor einer Woche hat Thorsten wieder ein schweres Paket abgegeben, während er an eine Geburtstagsparty gedacht hat.;Thorsten hat einmal ein schweres Paket abgegeben.;unknown;27;aii;bii;1;positive;once;False;;;Letzten Monat hat Thorsten Sabine ein schweres Paket gebracht. Vor einer Woche hat Thorsten wieder ein schweres Paket abgegeben, während er an eine Geburtstagsparty gedacht hat.;Thorsten hat einmal ein schweres Paket abgegeben.;joeddav/xlm-roberta-large-xnli;entailment;0;0.0014549816260114312;0.00043711040052585304;0.99810791015625
27_aii_bii1_twice_pos;Letzten Monat hat Thorsten Sabine ein schweres Paket gebracht.;Vor einer Woche hat Thorsten wieder ein schweres Paket abgegeben, während er an eine Geburtstagsparty gedacht hat.;Thorsten hat mindestens zweimal ein schweres Paket abgegeben.;entailment;27;aii;bii;1;positive;twice;False;;;Letzten Monat hat Thorsten Sabine ein schweres Paket gebracht. Vor einer Woche hat Thorsten wieder ein schweres Paket abgegeben, während er an eine Geburtstagsparty gedacht hat.;Thorsten hat mindestens zweimal ein schweres Paket abgegeben.;joeddav/xlm-roberta-large-xnli;entailment;1;0.00026559687103144825;0.00027306179981678724;0.9994613528251648
27_aii_bii1_cannot_say_pos;Letzten Monat hat Thorsten Sabine ein schweres Paket gebracht.;Vor einer Woche hat Thorsten wieder ein schweres Paket abgegeben, während er an eine Geburtstagsparty gedacht hat.;Es lässt sich nicht sagen, wie oft Thorsten ein schweres Paket abgegeben hat.;unknown;27;aii;bii;1;positive;cannot say;False;;;Letzten Monat hat Thorsten Sabine ein schweres Paket gebracht. Vor einer Woche hat Thorsten wieder ein schweres Paket abgegeben, während er an eine Geburtstagsparty gedacht hat.;Es lässt sich nicht sagen, wie oft Thorsten ein schweres Paket abgegeben hat.;joeddav/xlm-roberta-large-xnli;neutral;1;0.1778392344713211;0.5735445618629456;0.24861612915992737
27_aii_bii2_once_neu;Letzten Monat hat Thorsten Sabine ein schweres Paket gebracht.;Vor einer Woche hat Sabine wieder ein schweres Paket abgegeben, während sie an eine Geburtstagsparty gedacht hat.;Sabine hat einmal ein schweres Paket abgegeben.;entailment;27;aii;bii;2;neutral;once;False;;;Letzten Monat hat Thorsten Sabine ein schweres Paket gebracht. Vor einer Woche hat Sabine wieder ein schweres Paket abgegeben, während sie an eine Geburtstagsparty gedacht hat.;Sabine hat einmal ein schweres Paket abgegeben.;joeddav/xlm-roberta-large-xnli;entailment;1;0.001905845827423036;0.0005216244026087224;0.9975724816322327
27_aii_bii2_twice_neu;Letzten Monat hat Thorsten Sabine ein schweres Paket gebracht.;Vor einer Woche hat Sabine wieder ein schweres Paket abgegeben, während sie an eine Geburtstagsparty gedacht hat.;Sabine hat mindestens zweimal ein schweres Paket abgegeben.;unknown;27;aii;bii;2;neutral;twice;False;;;Letzten Monat hat Thorsten Sabine ein schweres Paket gebracht. Vor einer Woche hat Sabine wieder ein schweres Paket abgegeben, während sie an eine Geburtstagsparty gedacht hat.;Sabine hat mindestens zweimal ein schweres Paket abgegeben.;joeddav/xlm-roberta-large-xnli;entailment;0;0.0003033863613381982;0.00033112350502051413;0.999365508556366
27_aii_bii2_cannot_say_neu;Letzten Monat hat Thorsten Sabine ein schweres Paket gebracht.;Vor einer Woche hat Sabine wieder ein schweres Paket abgegeben, während sie an eine Geburtstagsparty gedacht hat.;Es lässt sich nicht sagen, wie oft Sabine ein schweres Paket abgegeben hat.;unknown;27;aii;bii;2;neutral;cannot say;False;;;Letzten Monat hat Thorsten Sabine ein schweres Paket gebracht. Vor einer Woche hat Sabine wieder ein schweres Paket abgegeben, während sie an eine Geburtstagsparty gedacht hat.;Es lässt sich nicht sagen, wie oft Sabine ein schweres Paket abgegeben hat.;joeddav/xlm-roberta-large-xnli;neutral;1;0.15479180216789246;0.6359838843345642;0.20922434329986572
28_ai_bi1_once_pos;Letztes Jahr hat Sabine Karl einen guten Wein per Post geschickt.;Vor zwei Monaten hat Karl wieder einen guten Wein empfangen, weil er bei einem Weinhändler eingekauft hat.;Karl hat einmal einen guten Wein empfangen.;unknown;28;ai;bi;1;positive;once;False;;;Letztes Jahr hat Sabine Karl einen guten Wein per Post geschickt. Vor zwei Monaten hat Karl wieder einen guten Wein empfangen, weil er bei einem Weinhändler eingekauft hat.;Karl hat einmal einen guten Wein empfangen.;joeddav/xlm-roberta-large-xnli;entailment;0;0.0005883472040295601;0.0002524491283111274;0.9991592168807983
28_ai_bi1_twice_pos;Letztes Jahr hat Sabine Karl einen guten Wein per Post geschickt.;Vor zwei Monaten hat Karl wieder einen guten Wein empfangen, weil er bei einem Weinhändler eingekauft hat.;Karl hat mindestens zweimal einen guten Wein empfangen.;entailment;28;ai;bi;1;positive;twice;False;;;Letztes Jahr hat Sabine Karl einen guten Wein per Post geschickt. Vor zwei Monaten hat Karl wieder einen guten Wein empfangen, weil er bei einem Weinhändler eingekauft hat.;Karl hat mindestens zweimal einen guten Wein empfangen.;joeddav/xlm-roberta-large-xnli;entailment;1;0.0002812661696225405;0.00023422669619321823;0.9994845390319824
28_ai_bi1_cannot_say_pos;Letztes Jahr hat Sabine Karl einen guten Wein per Post geschickt.;Vor zwei Monaten hat Karl wieder einen guten Wein empfangen, weil er bei einem Weinhändler eingekauft hat.;Es lässt sich nicht sagen, wie oft Karl einen guten Wein empfangen hat.;unknown;28;ai;bi;1;positive;cannot say;False;;;Letztes Jahr hat Sabine Karl einen guten Wein per Post geschickt. Vor zwei Monaten hat Karl wieder einen guten Wein empfangen, weil er bei einem Weinhändler eingekauft hat.;Es lässt sich nicht sagen, wie oft Karl einen guten Wein empfangen hat.;joeddav/xlm-roberta-large-xnli;entailment;0;0.003937610425055027;0.012758813798427582;0.9833035469055176
28_ai_bi2_once_neu;Letztes Jahr hat Sabine Karl einen guten Wein per Post geschickt.;Vor zwei Monaten hat Sabine wieder einen guten Wein empfangen, weil sie bei einem Weinhändler eingekauft hat.;Sabine hat einmal einen guten Wein empfangen.;entailment;28;ai;bi;2;neutral;once;False;;;Letztes Jahr hat Sabine Karl einen guten Wein per Post geschickt. Vor zwei Monaten hat Sabine wieder einen guten Wein empfangen, weil sie bei einem Weinhändler eingekauft hat.;Sabine hat einmal einen guten Wein empfangen.;joeddav/xlm-roberta-large-xnli;entailment;1;0.0005504029104486108;0.00023230590159073472;0.9992172718048096
28_ai_bi2_twice_neu;Letztes Jahr hat Sabine Karl einen guten Wein per Post geschickt.;Vor zwei Monaten hat Sabine wieder einen guten Wein empfangen, weil sie bei einem Weinhändler eingekauft hat.;Sabine hat mindestens zweimal einen guten Wein empfangen.;unknown;28;ai;bi;2;neutral;twice;False;;;Letztes Jahr hat Sabine Karl einen guten Wein per Post geschickt. Vor zwei Monaten hat Sabine wieder einen guten Wein empfangen, weil sie bei einem Weinhändler eingekauft hat.;Sabine hat mindestens zweimal einen guten Wein empfangen.;joeddav/xlm-roberta-large-xnli;entailment;0;0.00026390812126919627;0.00022551999427378178;0.9995105266571045
28_ai_bi2_cannot_say_neu;Letztes Jahr hat Sabine Karl einen guten Wein per Post geschickt.;Vor zwei Monaten hat Sabine wieder einen guten Wein empfangen, weil sie bei einem Weinhändler eingekauft hat.;Es lässt sich nicht sagen, wie oft Sabine einen guten Wein empfangen hat.;unknown;28;ai;bi;2;neutral;cannot say;False;;;Letztes Jahr hat Sabine Karl einen guten Wein per Post geschickt. Vor zwei Monaten hat Sabine wieder einen guten Wein empfangen, weil sie bei einem Weinhändler eingekauft hat.;Es lässt sich nicht sagen, wie oft Sabine einen guten Wein empfangen hat.;joeddav/xlm-roberta-large-xnli;entailment;0;0.004385518375784159;0.013027077540755272;0.9825873970985413
28_ai_bii1_once_neu;Letztes Jahr hat Sabine Karl einen guten Wein per Post geschickt.;Vor zwei Monaten hat Karl wieder einen guten Wein versendet, weil er bei einem Weinhändler eingekauft hat.;Karl hat einmal einen guten Wein versendet.;entailment;28;ai;bii;1;neutral;once;False;;;Letztes Jahr hat Sabine Karl einen guten Wein per Post geschickt. Vor zwei Monaten hat Karl wieder einen guten Wein versendet, weil er bei einem Weinhändler eingekauft hat.;Karl hat einmal einen guten Wein versendet.;joeddav/xlm-roberta-large-xnli;entailment;1;0.0008151389192789793;0.0003604840603657067;0.998824417591095
28_ai_bii1_twice_neu;Letztes Jahr hat Sabine Karl einen guten Wein per Post geschickt.;Vor zwei Monaten hat Karl wieder einen guten Wein versendet, weil er bei einem Weinhändler eingekauft hat.;Karl hat mindestens zweimal einen guten Wein versendet.;unknown;28;ai;bii;1;neutral;twice;False;;;Letztes Jahr hat Sabine Karl einen guten Wein per Post geschickt. Vor zwei Monaten hat Karl wieder einen guten Wein versendet, weil er bei einem Weinhändler eingekauft hat.;Karl hat mindestens zweimal einen guten Wein versendet.;joeddav/xlm-roberta-large-xnli;entailment;0;0.00029702886240556836;0.00027605771902017295;0.9994269609451294
28_ai_bii1_cannot_say_neu;Letztes Jahr hat Sabine Karl einen guten Wein per Post geschickt.;Vor zwei Monaten hat Karl wieder einen guten Wein versendet, weil er bei einem Weinhändler eingekauft hat.;Es lässt sich nicht sagen, wie oft Karl einen guten Wein versendet hat.;unknown;28;ai;bii;1;neutral;cannot say;False;;;Letztes Jahr hat Sabine Karl einen guten Wein per Post geschickt. Vor zwei Monaten hat Karl wieder einen guten Wein versendet, weil er bei einem Weinhändler eingekauft hat.;Es lässt sich nicht sagen, wie oft Karl einen guten Wein versendet hat.;joeddav/xlm-roberta-large-xnli;entailment;0;0.008751011453568935;0.005678297020494938;0.9855706691741943
28_ai_bii2_once_pos;Letztes Jahr hat Sabine Karl einen guten Wein per Post geschickt.;Vor zwei Monaten hat Sabine wieder einen guten Wein versendet, weil sie bei einem Weinhändler eingekauft hat.;Sabine hat einmal einen guten Wein versendet.;unknown;28;ai;bii;2;positive;once;False;;;Letztes Jahr hat Sabine Karl einen guten Wein per Post geschickt. Vor zwei Monaten hat Sabine wieder einen guten Wein versendet, weil sie bei einem Weinhändler eingekauft hat.;Sabine hat einmal einen guten Wein versendet.;joeddav/xlm-roberta-large-xnli;entailment;0;0.0007432656711898744;0.0003182731452398002;0.9989385008811951
28_ai_bii2_twice_pos;Letztes Jahr hat Sabine Karl einen guten Wein per Post geschickt.;Vor zwei Monaten hat Sabine wieder einen guten Wein versendet, weil sie bei einem Weinhändler eingekauft hat.;Sabine hat mindestens zweimal einen guten Wein versendet.;entailment;28;ai;bii;2;positive;twice;False;;;Letztes Jahr hat Sabine Karl einen guten Wein per Post geschickt. Vor zwei Monaten hat Sabine wieder einen guten Wein versendet, weil sie bei einem Weinhändler eingekauft hat.;Sabine hat mindestens zweimal einen guten Wein versendet.;joeddav/xlm-roberta-large-xnli;entailment;1;0.0002711081178858876;0.0002477722300682217;0.9994811415672302
28_ai_bii2_cannot_say_pos;Letztes Jahr hat Sabine Karl einen guten Wein per Post geschickt.;Vor zwei Monaten hat Sabine wieder einen guten Wein versendet, weil sie bei einem Weinhändler eingekauft hat.;Es lässt sich nicht sagen, wie oft Sabine einen guten Wein versendet hat.;unknown;28;ai;bii;2;positive;cannot say;False;;;Letztes Jahr hat Sabine Karl einen guten Wein per Post geschickt. Vor zwei Monaten hat Sabine wieder einen guten Wein versendet, weil sie bei einem Weinhändler eingekauft hat.;Es lässt sich nicht sagen, wie oft Sabine einen guten Wein versendet hat.;joeddav/xlm-roberta-large-xnli;entailment;0;0.010447289794683456;0.00790439173579216;0.981648325920105
28_aii_bi1_once_neu;Letztes Jahr hat Karl Sabine einen guten Wein per Post geschickt.;Vor zwei Monaten hat Karl wieder einen guten Wein empfangen, weil er bei einem Weinhändler eingekauft hat.;Karl hat einmal einen guten Wein empfangen.;entailment;28;aii;bi;1;neutral;once;False;;;Letztes Jahr hat Karl Sabine einen guten Wein per Post geschickt. Vor zwei Monaten hat Karl wieder einen guten Wein empfangen, weil er bei einem Weinhändler eingekauft hat.;Karl hat einmal einen guten Wein empfangen.;joeddav/xlm-roberta-large-xnli;entailment;1;0.0005451309843920171;0.00023848464479669929;0.9992163181304932
28_aii_bi1_twice_neu;Letztes Jahr hat Karl Sabine einen guten Wein per Post geschickt.;Vor zwei Monaten hat Karl wieder einen guten Wein empfangen, weil er bei einem Weinhändler eingekauft hat.;Karl hat mindestens zweimal einen guten Wein empfangen.;unknown;28;aii;bi;1;neutral;twice;False;;;Letztes Jahr hat Karl Sabine einen guten Wein per Post geschickt. Vor zwei Monaten hat Karl wieder einen guten Wein empfangen, weil er bei einem Weinhändler eingekauft hat.;Karl hat mindestens zweimal einen guten Wein empfangen.;joeddav/xlm-roberta-large-xnli;entailment;0;0.0002687241358216852;0.0002257095038658008;0.9995055198669434
28_aii_bi1_cannot_say_neu;Letztes Jahr hat Karl Sabine einen guten Wein per Post geschickt.;Vor zwei Monaten hat Karl wieder einen guten Wein empfangen, weil er bei einem Weinhändler eingekauft hat.;Es lässt sich nicht sagen, wie oft Karl einen guten Wein empfangen hat.;unknown;28;aii;bi;1;neutral;cannot say;False;;;Letztes Jahr hat Karl Sabine einen guten Wein per Post geschickt. Vor zwei Monaten hat Karl wieder einen guten Wein empfangen, weil er bei einem Weinhändler eingekauft hat.;Es lässt sich nicht sagen, wie oft Karl einen guten Wein empfangen hat.;joeddav/xlm-roberta-large-xnli;entailment;0;0.005231459625065327;0.020579660311341286;0.9741888642311096
28_aii_bi2_once_pos;Letztes Jahr hat Karl Sabine einen guten Wein per Post geschickt.;Vor zwei Monaten hat Sabine wieder einen guten Wein empfangen, weil sie bei einem Weinhändler eingekauft hat.;Sabine hat einmal einen guten Wein empfangen.;unknown;28;aii;bi;2;positive;once;False;;;Letztes Jahr hat Karl Sabine einen guten Wein per Post geschickt. Vor zwei Monaten hat Sabine wieder einen guten Wein empfangen, weil sie bei einem Weinhändler eingekauft hat.;Sabine hat einmal einen guten Wein empfangen.;joeddav/xlm-roberta-large-xnli;entailment;0;0.0005615790723823011;0.00024349454906769097;0.9991949200630188
28_aii_bi2_twice_pos;Letztes Jahr hat Karl Sabine einen guten Wein per Post geschickt.;Vor zwei Monaten hat Sabine wieder einen guten Wein empfangen, weil sie bei einem Weinhändler eingekauft hat.;Sabine hat mindestens zweimal einen guten Wein empfangen.;entailment;28;aii;bi;2;positive;twice;False;;;Letztes Jahr hat Karl Sabine einen guten Wein per Post geschickt. Vor zwei Monaten hat Sabine wieder einen guten Wein empfangen, weil sie bei einem Weinhändler eingekauft hat.;Sabine hat mindestens zweimal einen guten Wein empfangen.;joeddav/xlm-roberta-large-xnli;entailment;1;0.0002689920656848699;0.0002435442293062806;0.9994874000549316
28_aii_bi2_cannot_say_pos;Letztes Jahr hat Karl Sabine einen guten Wein per Post geschickt.;Vor zwei Monaten hat Sabine wieder einen guten Wein empfangen, weil sie bei einem Weinhändler eingekauft hat.;Es lässt sich nicht sagen, wie oft Sabine einen guten Wein empfangen hat.;unknown;28;aii;bi;2;positive;cannot say;False;;;Letztes Jahr hat Karl Sabine einen guten Wein per Post geschickt. Vor zwei Monaten hat Sabine wieder einen guten Wein empfangen, weil sie bei einem Weinhändler eingekauft hat.;Es lässt sich nicht sagen, wie oft Sabine einen guten Wein empfangen hat.;joeddav/xlm-roberta-large-xnli;entailment;0;0.004404180683195591;0.016667712479829788;0.9789280891418457
28_aii_bii1_once_pos;Letztes Jahr hat Karl Sabine einen guten Wein per Post geschickt.;Vor zwei Monaten hat Karl wieder einen guten Wein versendet, weil er bei einem Weinhändler eingekauft hat.;Karl hat einmal einen guten Wein versendet.;unknown;28;aii;bii;1;positive;once;False;;;Letztes Jahr hat Karl Sabine einen guten Wein per Post geschickt. Vor zwei Monaten hat Karl wieder einen guten Wein versendet, weil er bei einem Weinhändler eingekauft hat.;Karl hat einmal einen guten Wein versendet.;joeddav/xlm-roberta-large-xnli;entailment;0;0.0007500994252040982;0.0003268215514253825;0.9989230036735535
28_aii_bii1_twice_pos;Letztes Jahr hat Karl Sabine einen guten Wein per Post geschickt.;Vor zwei Monaten hat Karl wieder einen guten Wein versendet, weil er bei einem Weinhändler eingekauft hat.;Karl hat mindestens zweimal einen guten Wein versendet.;entailment;28;aii;bii;1;positive;twice;False;;;Letztes Jahr hat Karl Sabine einen guten Wein per Post geschickt. Vor zwei Monaten hat Karl wieder einen guten Wein versendet, weil er bei einem Weinhändler eingekauft hat.;Karl hat mindestens zweimal einen guten Wein versendet.;joeddav/xlm-roberta-large-xnli;entailment;1;0.0002783332602120936;0.0002670840185601264;0.9994545578956604
28_aii_bii1_cannot_say_pos;Letztes Jahr hat Karl Sabine einen guten Wein per Post geschickt.;Vor zwei Monaten hat Karl wieder einen guten Wein versendet, weil er bei einem Weinhändler eingekauft hat.;Es lässt sich nicht sagen, wie oft Karl einen guten Wein versendet hat.;unknown;28;aii;bii;1;positive;cannot say;False;;;Letztes Jahr hat Karl Sabine einen guten Wein per Post geschickt. Vor zwei Monaten hat Karl wieder einen guten Wein versendet, weil er bei einem Weinhändler eingekauft hat.;Es lässt sich nicht sagen, wie oft Karl einen guten Wein versendet hat.;joeddav/xlm-roberta-large-xnli;entailment;0;0.012006673030555248;0.00917009450495243;0.9788232445716858
28_aii_bii2_once_neu;Letztes Jahr hat Karl Sabine einen guten Wein per Post geschickt.;Vor zwei Monaten hat Sabine wieder einen guten Wein versendet, weil sie bei einem Weinhändler eingekauft hat.;Sabine hat einmal einen guten Wein versendet.;entailment;28;aii;bii;2;neutral;once;False;;;Letztes Jahr hat Karl Sabine einen guten Wein per Post geschickt. Vor zwei Monaten hat Sabine wieder einen guten Wein versendet, weil sie bei einem Weinhändler eingekauft hat.;Sabine hat einmal einen guten Wein versendet.;joeddav/xlm-roberta-large-xnli;entailment;1;0.000643753504846245;0.00032086967257782817;0.9990353584289551
28_aii_bii2_twice_neu;Letztes Jahr hat Karl Sabine einen guten Wein per Post geschickt.;Vor zwei Monaten hat Sabine wieder einen guten Wein versendet, weil sie bei einem Weinhändler eingekauft hat.;Sabine hat mindestens zweimal einen guten Wein versendet.;unknown;28;aii;bii;2;neutral;twice;False;;;Letztes Jahr hat Karl Sabine einen guten Wein per Post geschickt. Vor zwei Monaten hat Sabine wieder einen guten Wein versendet, weil sie bei einem Weinhändler eingekauft hat.;Sabine hat mindestens zweimal einen guten Wein versendet.;joeddav/xlm-roberta-large-xnli;entailment;0;0.0002613815595395863;0.00025950188864953816;0.9994791150093079
28_aii_bii2_cannot_say_neu;Letztes Jahr hat Karl Sabine einen guten Wein per Post geschickt.;Vor zwei Monaten hat Sabine wieder einen guten Wein versendet, weil sie bei einem Weinhändler eingekauft hat.;Es lässt sich nicht sagen, wie oft Sabine einen guten Wein versendet hat.;unknown;28;aii;bii;2;neutral;cannot say;False;;;Letztes Jahr hat Karl Sabine einen guten Wein per Post geschickt. Vor zwei Monaten hat Sabine wieder einen guten Wein versendet, weil sie bei einem Weinhändler eingekauft hat.;Es lässt sich nicht sagen, wie oft Sabine einen guten Wein versendet hat.;joeddav/xlm-roberta-large-xnli;entailment;0;0.010464952327311039;0.009073831140995026;0.9804612994194031
29_ai_bi1_once_pos;Vergangene Woche hat Sabine Judith eine knusprige Brezel vom Bäcker mitgebracht.;Vor zwei Tagen hat Judith wieder eine knusprige Brezel bekommen, als sie auf einer Lebensmittelmesse unterwegs war.;Judith hat einmal eine knusprige Brezel bekommen.;unknown;29;ai;bi;1;positive;once;False;;;Vergangene Woche hat Sabine Judith eine knusprige Brezel vom Bäcker mitgebracht. Vor zwei Tagen hat Judith wieder eine knusprige Brezel bekommen, als sie auf einer Lebensmittelmesse unterwegs war.;Judith hat einmal eine knusprige Brezel bekommen.;joeddav/xlm-roberta-large-xnli;entailment;0;0.0009742440306581557;0.0003166127426084131;0.9987092018127441
29_ai_bi1_twice_pos;Vergangene Woche hat Sabine Judith eine knusprige Brezel vom Bäcker mitgebracht.;Vor zwei Tagen hat Judith wieder eine knusprige Brezel bekommen, als sie auf einer Lebensmittelmesse unterwegs war.;Judith hat mindestens zweimal eine knusprige Brezel bekommen.;entailment;29;ai;bi;1;positive;twice;False;;;Vergangene Woche hat Sabine Judith eine knusprige Brezel vom Bäcker mitgebracht. Vor zwei Tagen hat Judith wieder eine knusprige Brezel bekommen, als sie auf einer Lebensmittelmesse unterwegs war.;Judith hat mindestens zweimal eine knusprige Brezel bekommen.;joeddav/xlm-roberta-large-xnli;entailment;1;0.00027615507133305073;0.0002361266379011795;0.9994876384735107
29_ai_bi1_cannot_say_pos;Vergangene Woche hat Sabine Judith eine knusprige Brezel vom Bäcker mitgebracht.;Vor zwei Tagen hat Judith wieder eine knusprige Brezel bekommen, als sie auf einer Lebensmittelmesse unterwegs war.;Es lässt sich nicht sagen, wie oft Judith eine knusprige Brezel bekommen hat.;unknown;29;ai;bi;1;positive;cannot say;False;;;Vergangene Woche hat Sabine Judith eine knusprige Brezel vom Bäcker mitgebracht. Vor zwei Tagen hat Judith wieder eine knusprige Brezel bekommen, als sie auf einer Lebensmittelmesse unterwegs war.;Es lässt sich nicht sagen, wie oft Judith eine knusprige Brezel bekommen hat.;joeddav/xlm-roberta-large-xnli;neutral;1;0.024758053943514824;0.6702436804771423;0.3049982190132141
29_ai_bi2_once_neu;Vergangene Woche hat Sabine Judith eine knusprige Brezel vom Bäcker mitgebracht.;Vor zwei Tagen hat Sabine wieder eine knusprige Brezel bekommen, als sie auf einer Lebensmittelmesse unterwegs war.;Sabine hat einmal eine knusprige Brezel bekommen.;entailment;29;ai;bi;2;neutral;once;False;;;Vergangene Woche hat Sabine Judith eine knusprige Brezel vom Bäcker mitgebracht. Vor zwei Tagen hat Sabine wieder eine knusprige Brezel bekommen, als sie auf einer Lebensmittelmesse unterwegs war.;Sabine hat einmal eine knusprige Brezel bekommen.;joeddav/xlm-roberta-large-xnli;entailment;1;0.0009187477990053594;0.00032177468528971076;0.9987595081329346
29_ai_bi2_twice_neu;Vergangene Woche hat Sabine Judith eine knusprige Brezel vom Bäcker mitgebracht.;Vor zwei Tagen hat Sabine wieder eine knusprige Brezel bekommen, als sie auf einer Lebensmittelmesse unterwegs war.;Sabine hat mindestens zweimal eine knusprige Brezel bekommen.;unknown;29;ai;bi;2;neutral;twice;False;;;Vergangene Woche hat Sabine Judith eine knusprige Brezel vom Bäcker mitgebracht. Vor zwei Tagen hat Sabine wieder eine knusprige Brezel bekommen, als sie auf einer Lebensmittelmesse unterwegs war.;Sabine hat mindestens zweimal eine knusprige Brezel bekommen.;joeddav/xlm-roberta-large-xnli;entailment;0;0.0002807670971378684;0.0002463515556883067;0.9994729161262512
29_ai_bi2_cannot_say_neu;Vergangene Woche hat Sabine Judith eine knusprige Brezel vom Bäcker mitgebracht.;Vor zwei Tagen hat Sabine wieder eine knusprige Brezel bekommen, als sie auf einer Lebensmittelmesse unterwegs war.;Es lässt sich nicht sagen, wie oft Sabine eine knusprige Brezel bekommen hat.;unknown;29;ai;bi;2;neutral;cannot say;False;;;Vergangene Woche hat Sabine Judith eine knusprige Brezel vom Bäcker mitgebracht. Vor zwei Tagen hat Sabine wieder eine knusprige Brezel bekommen, als sie auf einer Lebensmittelmesse unterwegs war.;Es lässt sich nicht sagen, wie oft Sabine eine knusprige Brezel bekommen hat.;joeddav/xlm-roberta-large-xnli;neutral;1;0.03401898965239525;0.6324763894081116;0.3335045278072357
29_ai_bii1_once_neu;Vergangene Woche hat Sabine Judith eine knusprige Brezel vom Bäcker mitgebracht.;Vor zwei Tagen hat Judith wieder eine knusprige Brezel besorgt, als sie auf einer Lebensmittelmesse unterwegs war.;Judith hat einmal eine knusprige Brezel besorgt.;entailment;29;ai;bii;1;neutral;once;False;;;Vergangene Woche hat Sabine Judith eine knusprige Brezel vom Bäcker mitgebracht. Vor zwei Tagen hat Judith wieder eine knusprige Brezel besorgt, als sie auf einer Lebensmittelmesse unterwegs war.;Judith hat einmal eine knusprige Brezel besorgt.;joeddav/xlm-roberta-large-xnli;entailment;1;0.000918853038456291;0.00030918046832084656;0.9987719655036926
29_ai_bii1_twice_neu;Vergangene Woche hat Sabine Judith eine knusprige Brezel vom Bäcker mitgebracht.;Vor zwei Tagen hat Judith wieder eine knusprige Brezel besorgt, als sie auf einer Lebensmittelmesse unterwegs war.;Judith hat mindestens zweimal eine knusprige Brezel besorgt.;unknown;29;ai;bii;1;neutral;twice;False;;;Vergangene Woche hat Sabine Judith eine knusprige Brezel vom Bäcker mitgebracht. Vor zwei Tagen hat Judith wieder eine knusprige Brezel besorgt, als sie auf einer Lebensmittelmesse unterwegs war.;Judith hat mindestens zweimal eine knusprige Brezel besorgt.;joeddav/xlm-roberta-large-xnli;entailment;0;0.00024807927547954023;0.00020622431475203484;0.9995456337928772
29_ai_bii1_cannot_say_neu;Vergangene Woche hat Sabine Judith eine knusprige Brezel vom Bäcker mitgebracht.;Vor zwei Tagen hat Judith wieder eine knusprige Brezel besorgt, als sie auf einer Lebensmittelmesse unterwegs war.;Es lässt sich nicht sagen, wie oft Judith eine knusprige Brezel besorgt hat.;unknown;29;ai;bii;1;neutral;cannot say;False;;;Vergangene Woche hat Sabine Judith eine knusprige Brezel vom Bäcker mitgebracht. Vor zwei Tagen hat Judith wieder eine knusprige Brezel besorgt, als sie auf einer Lebensmittelmesse unterwegs war.;Es lässt sich nicht sagen, wie oft Judith eine knusprige Brezel besorgt hat.;joeddav/xlm-roberta-large-xnli;neutral;1;0.37046632170677185;0.40613988041877747;0.22339385747909546
29_ai_bii2_once_pos;Vergangene Woche hat Sabine Judith eine knusprige Brezel vom Bäcker mitgebracht.;Vor zwei Tagen hat Sabine wieder eine knusprige Brezel besorgt, als sie auf einer Lebensmittelmesse unterwegs war.;Sabine hat einmal eine knusprige Brezel besorgt.;unknown;29;ai;bii;2;positive;once;False;;;Vergangene Woche hat Sabine Judith eine knusprige Brezel vom Bäcker mitgebracht. Vor zwei Tagen hat Sabine wieder eine knusprige Brezel besorgt, als sie auf einer Lebensmittelmesse unterwegs war.;Sabine hat einmal eine knusprige Brezel besorgt.;joeddav/xlm-roberta-large-xnli;entailment;0;0.0008817406487651169;0.00030812082695774734;0.9988101720809937
29_ai_bii2_twice_pos;Vergangene Woche hat Sabine Judith eine knusprige Brezel vom Bäcker mitgebracht.;Vor zwei Tagen hat Sabine wieder eine knusprige Brezel besorgt, als sie auf einer Lebensmittelmesse unterwegs war.;Sabine hat mindestens zweimal eine knusprige Brezel besorgt.;entailment;29;ai;bii;2;positive;twice;False;;;Vergangene Woche hat Sabine Judith eine knusprige Brezel vom Bäcker mitgebracht. Vor zwei Tagen hat Sabine wieder eine knusprige Brezel besorgt, als sie auf einer Lebensmittelmesse unterwegs war.;Sabine hat mindestens zweimal eine knusprige Brezel besorgt.;joeddav/xlm-roberta-large-xnli;entailment;1;0.0002495007065590471;0.00021062851010356098;0.999539852142334
29_ai_bii2_cannot_say_pos;Vergangene Woche hat Sabine Judith eine knusprige Brezel vom Bäcker mitgebracht.;Vor zwei Tagen hat Sabine wieder eine knusprige Brezel besorgt, als sie auf einer Lebensmittelmesse unterwegs war.;Es lässt sich nicht sagen, wie oft Sabine eine knusprige Brezel besorgt hat.;unknown;29;ai;bii;2;positive;cannot say;False;;;Vergangene Woche hat Sabine Judith eine knusprige Brezel vom Bäcker mitgebracht. Vor zwei Tagen hat Sabine wieder eine knusprige Brezel besorgt, als sie auf einer Lebensmittelmesse unterwegs war.;Es lässt sich nicht sagen, wie oft Sabine eine knusprige Brezel besorgt hat.;joeddav/xlm-roberta-large-xnli;contradiction;0;0.45579203963279724;0.31744930148124695;0.2267586588859558
29_aii_bi1_once_neu;Vergangene Woche hat Judith Sabine eine knusprige Brezel vom Bäcker mitgebracht.;Vor zwei Tagen hat Judith wieder eine knusprige Brezel bekommen, als sie auf einer Lebensmittelmesse unterwegs war.;Judith hat einmal eine knusprige Brezel bekommen.;entailment;29;aii;bi;1;neutral;once;False;;;Vergangene Woche hat Judith Sabine eine knusprige Brezel vom Bäcker mitgebracht. Vor zwei Tagen hat Judith wieder eine knusprige Brezel bekommen, als sie auf einer Lebensmittelmesse unterwegs war.;Judith hat einmal eine knusprige Brezel bekommen.;joeddav/xlm-roberta-large-xnli;entailment;1;0.0009602205245755613;0.00031644999398849905;0.9987233281135559
29_aii_bi1_twice_neu;Vergangene Woche hat Judith Sabine eine knusprige Brezel vom Bäcker mitgebracht.;Vor zwei Tagen hat Judith wieder eine knusprige Brezel bekommen, als sie auf einer Lebensmittelmesse unterwegs war.;Judith hat mindestens zweimal eine knusprige Brezel bekommen.;unknown;29;aii;bi;1;neutral;twice;False;;;Vergangene Woche hat Judith Sabine eine knusprige Brezel vom Bäcker mitgebracht. Vor zwei Tagen hat Judith wieder eine knusprige Brezel bekommen, als sie auf einer Lebensmittelmesse unterwegs war.;Judith hat mindestens zweimal eine knusprige Brezel bekommen.;joeddav/xlm-roberta-large-xnli;entailment;0;0.0002790065773297101;0.0002362662780797109;0.999484658241272
29_aii_bi1_cannot_say_neu;Vergangene Woche hat Judith Sabine eine knusprige Brezel vom Bäcker mitgebracht.;Vor zwei Tagen hat Judith wieder eine knusprige Brezel bekommen, als sie auf einer Lebensmittelmesse unterwegs war.;Es lässt sich nicht sagen, wie oft Judith eine knusprige Brezel bekommen hat.;unknown;29;aii;bi;1;neutral;cannot say;False;;;Vergangene Woche hat Judith Sabine eine knusprige Brezel vom Bäcker mitgebracht. Vor zwei Tagen hat Judith wieder eine knusprige Brezel bekommen, als sie auf einer Lebensmittelmesse unterwegs war.;Es lässt sich nicht sagen, wie oft Judith eine knusprige Brezel bekommen hat.;joeddav/xlm-roberta-large-xnli;neutral;1;0.029058801010251045;0.6796680688858032;0.2912731170654297
29_aii_bi2_once_pos;Vergangene Woche hat Judith Sabine eine knusprige Brezel vom Bäcker mitgebracht.;Vor zwei Tagen hat Sabine wieder eine knusprige Brezel bekommen, als sie auf einer Lebensmittelmesse unterwegs war.;Sabine hat einmal eine knusprige Brezel bekommen.;unknown;29;aii;bi;2;positive;once;False;;;Vergangene Woche hat Judith Sabine eine knusprige Brezel vom Bäcker mitgebracht. Vor zwei Tagen hat Sabine wieder eine knusprige Brezel bekommen, als sie auf einer Lebensmittelmesse unterwegs war.;Sabine hat einmal eine knusprige Brezel bekommen.;joeddav/xlm-roberta-large-xnli;entailment;0;0.0009672335581853986;0.0003284740378148854;0.9987043142318726
29_aii_bi2_twice_pos;Vergangene Woche hat Judith Sabine eine knusprige Brezel vom Bäcker mitgebracht.;Vor zwei Tagen hat Sabine wieder eine knusprige Brezel bekommen, als sie auf einer Lebensmittelmesse unterwegs war.;Sabine hat mindestens zweimal eine knusprige Brezel bekommen.;entailment;29;aii;bi;2;positive;twice;False;;;Vergangene Woche hat Judith Sabine eine knusprige Brezel vom Bäcker mitgebracht. Vor zwei Tagen hat Sabine wieder eine knusprige Brezel bekommen, als sie auf einer Lebensmittelmesse unterwegs war.;Sabine hat mindestens zweimal eine knusprige Brezel bekommen.;joeddav/xlm-roberta-large-xnli;entailment;1;0.0002789653663057834;0.0002448790182825178;0.9994761347770691
29_aii_bi2_cannot_say_pos;Vergangene Woche hat Judith Sabine eine knusprige Brezel vom Bäcker mitgebracht.;Vor zwei Tagen hat Sabine wieder eine knusprige Brezel bekommen, als sie auf einer Lebensmittelmesse unterwegs war.;Es lässt sich nicht sagen, wie oft Sabine eine knusprige Brezel bekommen hat.;unknown;29;aii;bi;2;positive;cannot say;False;;;Vergangene Woche hat Judith Sabine eine knusprige Brezel vom Bäcker mitgebracht. Vor zwei Tagen hat Sabine wieder eine knusprige Brezel bekommen, als sie auf einer Lebensmittelmesse unterwegs war.;Es lässt sich nicht sagen, wie oft Sabine eine knusprige Brezel bekommen hat.;joeddav/xlm-roberta-large-xnli;neutral;1;0.026738110929727554;0.6716449856758118;0.3016168773174286
29_aii_bii1_once_pos;Vergangene Woche hat Judith Sabine eine knusprige Brezel vom Bäcker mitgebracht.;Vor zwei Tagen hat Judith wieder eine knusprige Brezel besorgt, als sie auf einer Lebensmittelmesse unterwegs war.;Judith hat einmal eine knusprige Brezel besorgt.;unknown;29;aii;bii;1;positive;once;False;;;Vergangene Woche hat Judith Sabine eine knusprige Brezel vom Bäcker mitgebracht. Vor zwei Tagen hat Judith wieder eine knusprige Brezel besorgt, als sie auf einer Lebensmittelmesse unterwegs war.;Judith hat einmal eine knusprige Brezel besorgt.;joeddav/xlm-roberta-large-xnli;entailment;0;0.0009373121429234743;0.0003103359485976398;0.9987523555755615
29_aii_bii1_twice_pos;Vergangene Woche hat Judith Sabine eine knusprige Brezel vom Bäcker mitgebracht.;Vor zwei Tagen hat Judith wieder eine knusprige Brezel besorgt, als sie auf einer Lebensmittelmesse unterwegs war.;Judith hat mindestens zweimal eine knusprige Brezel besorgt.;entailment;29;aii;bii;1;positive;twice;False;;;Vergangene Woche hat Judith Sabine eine knusprige Brezel vom Bäcker mitgebracht. Vor zwei Tagen hat Judith wieder eine knusprige Brezel besorgt, als sie auf einer Lebensmittelmesse unterwegs war.;Judith hat mindestens zweimal eine knusprige Brezel besorgt.;joeddav/xlm-roberta-large-xnli;entailment;1;0.0002453180786687881;0.0002019153762375936;0.9995527863502502
29_aii_bii1_cannot_say_pos;Vergangene Woche hat Judith Sabine eine knusprige Brezel vom Bäcker mitgebracht.;Vor zwei Tagen hat Judith wieder eine knusprige Brezel besorgt, als sie auf einer Lebensmittelmesse unterwegs war.;Es lässt sich nicht sagen, wie oft Judith eine knusprige Brezel besorgt hat.;unknown;29;aii;bii;1;positive;cannot say;False;;;Vergangene Woche hat Judith Sabine eine knusprige Brezel vom Bäcker mitgebracht. Vor zwei Tagen hat Judith wieder eine knusprige Brezel besorgt, als sie auf einer Lebensmittelmesse unterwegs war.;Es lässt sich nicht sagen, wie oft Judith eine knusprige Brezel besorgt hat.;joeddav/xlm-roberta-large-xnli;contradiction;0;0.451664537191391;0.3457183241844177;0.20261715352535248
29_aii_bii2_once_neu;Vergangene Woche hat Judith Sabine eine knusprige Brezel vom Bäcker mitgebracht.;Vor zwei Tagen hat Sabine wieder eine knusprige Brezel besorgt, als sie auf einer Lebensmittelmesse unterwegs war.;Sabine hat einmal eine knusprige Brezel besorgt.;entailment;29;aii;bii;2;neutral;once;False;;;Vergangene Woche hat Judith Sabine eine knusprige Brezel vom Bäcker mitgebracht. Vor zwei Tagen hat Sabine wieder eine knusprige Brezel besorgt, als sie auf einer Lebensmittelmesse unterwegs war.;Sabine hat einmal eine knusprige Brezel besorgt.;joeddav/xlm-roberta-large-xnli;entailment;1;0.0009440117864869535;0.00031866523204371333;0.9987373948097229
29_aii_bii2_twice_neu;Vergangene Woche hat Judith Sabine eine knusprige Brezel vom Bäcker mitgebracht.;Vor zwei Tagen hat Sabine wieder eine knusprige Brezel besorgt, als sie auf einer Lebensmittelmesse unterwegs war.;Sabine hat mindestens zweimal eine knusprige Brezel besorgt.;unknown;29;aii;bii;2;neutral;twice;False;;;Vergangene Woche hat Judith Sabine eine knusprige Brezel vom Bäcker mitgebracht. Vor zwei Tagen hat Sabine wieder eine knusprige Brezel besorgt, als sie auf einer Lebensmittelmesse unterwegs war.;Sabine hat mindestens zweimal eine knusprige Brezel besorgt.;joeddav/xlm-roberta-large-xnli;entailment;0;0.00025657215155661106;0.00021724775433540344;0.9995261430740356
29_aii_bii2_cannot_say_neu;Vergangene Woche hat Judith Sabine eine knusprige Brezel vom Bäcker mitgebracht.;Vor zwei Tagen hat Sabine wieder eine knusprige Brezel besorgt, als sie auf einer Lebensmittelmesse unterwegs war.;Es lässt sich nicht sagen, wie oft Sabine eine knusprige Brezel besorgt hat.;unknown;29;aii;bii;2;neutral;cannot say;False;;;Vergangene Woche hat Judith Sabine eine knusprige Brezel vom Bäcker mitgebracht. Vor zwei Tagen hat Sabine wieder eine knusprige Brezel besorgt, als sie auf einer Lebensmittelmesse unterwegs war.;Es lässt sich nicht sagen, wie oft Sabine eine knusprige Brezel besorgt hat.;joeddav/xlm-roberta-large-xnli;neutral;1;0.3817872703075409;0.38316452503204346;0.23504818975925446
30_ai_bi1_once_pos;Vor zwei Wochen hat Sabine Linda angelogen.;Vor vier Tagen hat Linda wieder eine gemeine Lüge gehört, als sie an einem Streit beteiligt war.;Linda hat einmal eine gemeine Lüge gehört.;unknown;30;ai;bi;1;positive;once;False;;;Vor zwei Wochen hat Sabine Linda angelogen. Vor vier Tagen hat Linda wieder eine gemeine Lüge gehört, als sie an einem Streit beteiligt war.;Linda hat einmal eine gemeine Lüge gehört.;joeddav/xlm-roberta-large-xnli;entailment;0;0.1309274137020111;0.006209088955074549;0.8628634810447693
30_ai_bi1_twice_pos;Vor zwei Wochen hat Sabine Linda angelogen.;Vor vier Tagen hat Linda wieder eine gemeine Lüge gehört, als sie an einem Streit beteiligt war.;Linda hat mindestens zweimal eine gemeine Lüge gehört.;entailment;30;ai;bi;1;positive;twice;False;;;Vor zwei Wochen hat Sabine Linda angelogen. Vor vier Tagen hat Linda wieder eine gemeine Lüge gehört, als sie an einem Streit beteiligt war.;Linda hat mindestens zweimal eine gemeine Lüge gehört.;joeddav/xlm-roberta-large-xnli;entailment;1;0.0003954858984798193;0.00035193696385249496;0.9992524981498718
30_ai_bi1_cannot_say_pos;Vor zwei Wochen hat Sabine Linda angelogen.;Vor vier Tagen hat Linda wieder eine gemeine Lüge gehört, als sie an einem Streit beteiligt war.;Es lässt sich nicht sagen, wie oft Linda eine gemeine Lüge gehört hat.;unknown;30;ai;bi;1;positive;cannot say;False;;;Vor zwei Wochen hat Sabine Linda angelogen. Vor vier Tagen hat Linda wieder eine gemeine Lüge gehört, als sie an einem Streit beteiligt war.;Es lässt sich nicht sagen, wie oft Linda eine gemeine Lüge gehört hat.;joeddav/xlm-roberta-large-xnli;neutral;1;0.06547979265451431;0.8250669240951538;0.10945334285497665
30_ai_bi2_once_neu;Vor zwei Wochen hat Sabine Linda angelogen.;Vor vier Tagen hat Sabine wieder eine gemeine Lüge gehört, als sie an einem Streit beteiligt war.;Sabine hat einmal eine gemeine Lüge gehört.;entailment;30;ai;bi;2;neutral;once;False;;;Vor zwei Wochen hat Sabine Linda angelogen. Vor vier Tagen hat Sabine wieder eine gemeine Lüge gehört, als sie an einem Streit beteiligt war.;Sabine hat einmal eine gemeine Lüge gehört.;joeddav/xlm-roberta-large-xnli;entailment;1;0.13491570949554443;0.005950985010713339;0.859133243560791
30_ai_bi2_twice_neu;Vor zwei Wochen hat Sabine Linda angelogen.;Vor vier Tagen hat Sabine wieder eine gemeine Lüge gehört, als sie an einem Streit beteiligt war.;Sabine hat mindestens zweimal eine gemeine Lüge gehört.;unknown;30;ai;bi;2;neutral;twice;False;;;Vor zwei Wochen hat Sabine Linda angelogen. Vor vier Tagen hat Sabine wieder eine gemeine Lüge gehört, als sie an einem Streit beteiligt war.;Sabine hat mindestens zweimal eine gemeine Lüge gehört.;joeddav/xlm-roberta-large-xnli;entailment;0;0.00036402337718755007;0.0003376443637534976;0.9992983341217041
30_ai_bi2_cannot_say_neu;Vor zwei Wochen hat Sabine Linda angelogen.;Vor vier Tagen hat Sabine wieder eine gemeine Lüge gehört, als sie an einem Streit beteiligt war.;Es lässt sich nicht sagen, wie oft Sabine eine gemeine Lüge gehört hat.;unknown;30;ai;bi;2;neutral;cannot say;False;;;Vor zwei Wochen hat Sabine Linda angelogen. Vor vier Tagen hat Sabine wieder eine gemeine Lüge gehört, als sie an einem Streit beteiligt war.;Es lässt sich nicht sagen, wie oft Sabine eine gemeine Lüge gehört hat.;joeddav/xlm-roberta-large-xnli;neutral;1;0.08677119761705399;0.7364414930343628;0.17678722739219666
30_ai_bii1_once_neu;Vor zwei Wochen hat Sabine Linda angelogen.;Vor vier Tagen hat Linda wieder eine gemeine Lüge erzählt, als sie an einem Streit beteiligt war.;Linda hat einmal eine gemeine Lüge erzählt.;entailment;30;ai;bii;1;neutral;once;False;;;Vor zwei Wochen hat Sabine Linda angelogen. Vor vier Tagen hat Linda wieder eine gemeine Lüge erzählt, als sie an einem Streit beteiligt war.;Linda hat einmal eine gemeine Lüge erzählt.;joeddav/xlm-roberta-large-xnli;entailment;1;0.0022678107488900423;0.0009434313978999853;0.996788740158081
30_ai_bii1_twice_neu;Vor zwei Wochen hat Sabine Linda angelogen.;Vor vier Tagen hat Linda wieder eine gemeine Lüge erzählt, als sie an einem Streit beteiligt war.;Linda hat mindestens zweimal eine gemeine Lüge erzählt.;unknown;30;ai;bii;1;neutral;twice;False;;;Vor zwei Wochen hat Sabine Linda angelogen. Vor vier Tagen hat Linda wieder eine gemeine Lüge erzählt, als sie an einem Streit beteiligt war.;Linda hat mindestens zweimal eine gemeine Lüge erzählt.;joeddav/xlm-roberta-large-xnli;entailment;0;0.0004653049982152879;0.00042089575435966253;0.9991137385368347
30_ai_bii1_cannot_say_neu;Vor zwei Wochen hat Sabine Linda angelogen.;Vor vier Tagen hat Linda wieder eine gemeine Lüge erzählt, als sie an einem Streit beteiligt war.;Es lässt sich nicht sagen, wie oft Linda eine gemeine Lüge erzählt hat.;unknown;30;ai;bii;1;neutral;cannot say;False;;;Vor zwei Wochen hat Sabine Linda angelogen. Vor vier Tagen hat Linda wieder eine gemeine Lüge erzählt, als sie an einem Streit beteiligt war.;Es lässt sich nicht sagen, wie oft Linda eine gemeine Lüge erzählt hat.;joeddav/xlm-roberta-large-xnli;neutral;1;0.038553278893232346;0.8672680854797363;0.09417863935232162
30_ai_bii2_once_pos;Vor zwei Wochen hat Sabine Linda angelogen.;Vor vier Tagen hat Sabine wieder eine gemeine Lüge erzählt, als sie an einem Streit beteiligt war.;Sabine hat einmal eine gemeine Lüge erzählt.;unknown;30;ai;bii;2;positive;once;False;;;Vor zwei Wochen hat Sabine Linda angelogen. Vor vier Tagen hat Sabine wieder eine gemeine Lüge erzählt, als sie an einem Streit beteiligt war.;Sabine hat einmal eine gemeine Lüge erzählt.;joeddav/xlm-roberta-large-xnli;entailment;0;0.002367410808801651;0.0009875649120658636;0.9966450333595276
30_ai_bii2_twice_pos;Vor zwei Wochen hat Sabine Linda angelogen.;Vor vier Tagen hat Sabine wieder eine gemeine Lüge erzählt, als sie an einem Streit beteiligt war.;Sabine hat mindestens zweimal eine gemeine Lüge erzählt.;entailment;30;ai;bii;2;positive;twice;False;;;Vor zwei Wochen hat Sabine Linda angelogen. Vor vier Tagen hat Sabine wieder eine gemeine Lüge erzählt, als sie an einem Streit beteiligt war.;Sabine hat mindestens zweimal eine gemeine Lüge erzählt.;joeddav/xlm-roberta-large-xnli;entailment;1;0.00043694162741303444;0.0004142454417888075;0.9991488456726074
30_ai_bii2_cannot_say_pos;Vor zwei Wochen hat Sabine Linda angelogen.;Vor vier Tagen hat Sabine wieder eine gemeine Lüge erzählt, als sie an einem Streit beteiligt war.;Es lässt sich nicht sagen, wie oft Sabine eine gemeine Lüge erzählt hat.;unknown;30;ai;bii;2;positive;cannot say;False;;;Vor zwei Wochen hat Sabine Linda angelogen. Vor vier Tagen hat Sabine wieder eine gemeine Lüge erzählt, als sie an einem Streit beteiligt war.;Es lässt sich nicht sagen, wie oft Sabine eine gemeine Lüge erzählt hat.;joeddav/xlm-roberta-large-xnli;neutral;1;0.04032983258366585;0.8482819199562073;0.11138825118541718
30_aii_bi1_once_neu;Vor zwei Wochen hat Linda Sabine angelogen.;Vor vier Tagen hat Linda wieder eine gemeine Lüge gehört, als sie an einem Streit beteiligt war.;Linda hat einmal eine gemeine Lüge gehört.;entailment;30;aii;bi;1;neutral;once;False;;;Vor zwei Wochen hat Linda Sabine angelogen. Vor vier Tagen hat Linda wieder eine gemeine Lüge gehört, als sie an einem Streit beteiligt war.;Linda hat einmal eine gemeine Lüge gehört.;joeddav/xlm-roberta-large-xnli;entailment;1;0.1753048598766327;0.007370952051132917;0.817324161529541
30_aii_bi1_twice_neu;Vor zwei Wochen hat Linda Sabine angelogen.;Vor vier Tagen hat Linda wieder eine gemeine Lüge gehört, als sie an einem Streit beteiligt war.;Linda hat mindestens zweimal eine gemeine Lüge gehört.;unknown;30;aii;bi;1;neutral;twice;False;;;Vor zwei Wochen hat Linda Sabine angelogen. Vor vier Tagen hat Linda wieder eine gemeine Lüge gehört, als sie an einem Streit beteiligt war.;Linda hat mindestens zweimal eine gemeine Lüge gehört.;joeddav/xlm-roberta-large-xnli;entailment;0;0.0003792356001213193;0.00034121537464670837;0.9992795586585999
30_aii_bi1_cannot_say_neu;Vor zwei Wochen hat Linda Sabine angelogen.;Vor vier Tagen hat Linda wieder eine gemeine Lüge gehört, als sie an einem Streit beteiligt war.;Es lässt sich nicht sagen, wie oft Linda eine gemeine Lüge gehört hat.;unknown;30;aii;bi;1;neutral;cannot say;False;;;Vor zwei Wochen hat Linda Sabine angelogen. Vor vier Tagen hat Linda wieder eine gemeine Lüge gehört, als sie an einem Streit beteiligt war.;Es lässt sich nicht sagen, wie oft Linda eine gemeine Lüge gehört hat.;joeddav/xlm-roberta-large-xnli;neutral;1;0.06299444288015366;0.8189712762832642;0.11803427338600159
30_aii_bi2_once_pos;Vor zwei Wochen hat Linda Sabine angelogen.;Vor vier Tagen hat Sabine wieder eine gemeine Lüge gehört, als sie an einem Streit beteiligt war.;Sabine hat einmal eine gemeine Lüge gehört.;unknown;30;aii;bi;2;positive;once;False;;;Vor zwei Wochen hat Linda Sabine angelogen. Vor vier Tagen hat Sabine wieder eine gemeine Lüge gehört, als sie an einem Streit beteiligt war.;Sabine hat einmal eine gemeine Lüge gehört.;joeddav/xlm-roberta-large-xnli;entailment;0;0.09920506924390793;0.004899166990071535;0.895895779132843
30_aii_bi2_twice_pos;Vor zwei Wochen hat Linda Sabine angelogen.;Vor vier Tagen hat Sabine wieder eine gemeine Lüge gehört, als sie an einem Streit beteiligt war.;Sabine hat mindestens zweimal eine gemeine Lüge gehört.;entailment;30;aii;bi;2;positive;twice;False;;;Vor zwei Wochen hat Linda Sabine angelogen. Vor vier Tagen hat Sabine wieder eine gemeine Lüge gehört, als sie an einem Streit beteiligt war.;Sabine hat mindestens zweimal eine gemeine Lüge gehört.;joeddav/xlm-roberta-large-xnli;entailment;1;0.0003914078406523913;0.00034940370824187994;0.9992591738700867
30_aii_bi2_cannot_say_pos;Vor zwei Wochen hat Linda Sabine angelogen.;Vor vier Tagen hat Sabine wieder eine gemeine Lüge gehört, als sie an einem Streit beteiligt war.;Es lässt sich nicht sagen, wie oft Sabine eine gemeine Lüge gehört hat.;unknown;30;aii;bi;2;positive;cannot say;False;;;Vor zwei Wochen hat Linda Sabine angelogen. Vor vier Tagen hat Sabine wieder eine gemeine Lüge gehört, als sie an einem Streit beteiligt war.;Es lässt sich nicht sagen, wie oft Sabine eine gemeine Lüge gehört hat.;joeddav/xlm-roberta-large-xnli;neutral;1;0.0795435681939125;0.7223786115646362;0.19807779788970947
30_aii_bii1_once_pos;Vor zwei Wochen hat Linda Sabine angelogen.;Vor vier Tagen hat Linda wieder eine gemeine Lüge erzählt, als sie an einem Streit beteiligt war.;Linda hat einmal eine gemeine Lüge erzählt.;unknown;30;aii;bii;1;positive;once;False;;;Vor zwei Wochen hat Linda Sabine angelogen. Vor vier Tagen hat Linda wieder eine gemeine Lüge erzählt, als sie an einem Streit beteiligt war.;Linda hat einmal eine gemeine Lüge erzählt.;joeddav/xlm-roberta-large-xnli;entailment;0;0.002553085098043084;0.0010800930904224515;0.9963668584823608
30_aii_bii1_twice_pos;Vor zwei Wochen hat Linda Sabine angelogen.;Vor vier Tagen hat Linda wieder eine gemeine Lüge erzählt, als sie an einem Streit beteiligt war.;Linda hat mindestens zweimal eine gemeine Lüge erzählt.;entailment;30;aii;bii;1;positive;twice;False;;;Vor zwei Wochen hat Linda Sabine angelogen. Vor vier Tagen hat Linda wieder eine gemeine Lüge erzählt, als sie an einem Streit beteiligt war.;Linda hat mindestens zweimal eine gemeine Lüge erzählt.;joeddav/xlm-roberta-large-xnli;entailment;1;0.0004562597314361483;0.0004213730862829834;0.9991223216056824
30_aii_bii1_cannot_say_pos;Vor zwei Wochen hat Linda Sabine angelogen.;Vor vier Tagen hat Linda wieder eine gemeine Lüge erzählt, als sie an einem Streit beteiligt war.;Es lässt sich nicht sagen, wie oft Linda eine gemeine Lüge erzählt hat.;unknown;30;aii;bii;1;positive;cannot say;False;;;Vor zwei Wochen hat Linda Sabine angelogen. Vor vier Tagen hat Linda wieder eine gemeine Lüge erzählt, als sie an einem Streit beteiligt war.;Es lässt sich nicht sagen, wie oft Linda eine gemeine Lüge erzählt hat.;joeddav/xlm-roberta-large-xnli;neutral;1;0.04164712876081467;0.8528143763542175;0.10553854703903198
30_aii_bii2_once_neu;Vor zwei Wochen hat Linda Sabine angelogen.;Vor vier Tagen hat Sabine wieder eine gemeine Lüge erzählt, als sie an einem Streit beteiligt war.;Sabine hat einmal eine gemeine Lüge erzählt.;entailment;30;aii;bii;2;neutral;once;False;;;Vor zwei Wochen hat Linda Sabine angelogen. Vor vier Tagen hat Sabine wieder eine gemeine Lüge erzählt, als sie an einem Streit beteiligt war.;Sabine hat einmal eine gemeine Lüge erzählt.;joeddav/xlm-roberta-large-xnli;entailment;1;0.002317089354619384;0.0009472608799114823;0.9967356324195862
30_aii_bii2_twice_neu;Vor zwei Wochen hat Linda Sabine angelogen.;Vor vier Tagen hat Sabine wieder eine gemeine Lüge erzählt, als sie an einem Streit beteiligt war.;Sabine hat mindestens zweimal eine gemeine Lüge erzählt.;unknown;30;aii;bii;2;neutral;twice;False;;;Vor zwei Wochen hat Linda Sabine angelogen. Vor vier Tagen hat Sabine wieder eine gemeine Lüge erzählt, als sie an einem Streit beteiligt war.;Sabine hat mindestens zweimal eine gemeine Lüge erzählt.;joeddav/xlm-roberta-large-xnli;entailment;0;0.00046646795817650855;0.000441848358605057;0.9990917444229126
30_aii_bii2_cannot_say_neu;Vor zwei Wochen hat Linda Sabine angelogen.;Vor vier Tagen hat Sabine wieder eine gemeine Lüge erzählt, als sie an einem Streit beteiligt war.;Es lässt sich nicht sagen, wie oft Sabine eine gemeine Lüge erzählt hat.;unknown;30;aii;bii;2;neutral;cannot say;False;;;Vor zwei Wochen hat Linda Sabine angelogen. Vor vier Tagen hat Sabine wieder eine gemeine Lüge erzählt, als sie an einem Streit beteiligt war.;Es lässt sich nicht sagen, wie oft Sabine eine gemeine Lüge erzählt hat.;joeddav/xlm-roberta-large-xnli;neutral;1;0.03238678723573685;0.8772609829902649;0.09035230427980423
31_ai_bi1_once_pos;Vor drei Wochen hat Timo Judith massiert.;Vor vier Tagen hat Judith wieder eine wohltuende Massage bekommen, während sie mit einer Freundin gelernt hat.;Judith hat einmal eine wohltuende Massage bekommen.;unknown;31;ai;bi;1;positive;once;False;;;Vor drei Wochen hat Timo Judith massiert. Vor vier Tagen hat Judith wieder eine wohltuende Massage bekommen, während sie mit einer Freundin gelernt hat.;Judith hat einmal eine wohltuende Massage bekommen.;joeddav/xlm-roberta-large-xnli;entailment;0;0.004390723071992397;0.0007056923932395875;0.994903564453125
31_ai_bi1_twice_pos;Vor drei Wochen hat Timo Judith massiert.;Vor vier Tagen hat Judith wieder eine wohltuende Massage bekommen, während sie mit einer Freundin gelernt hat.;Judith hat mindestens zweimal eine wohltuende Massage bekommen.;entailment;31;ai;bi;1;positive;twice;False;;;Vor drei Wochen hat Timo Judith massiert. Vor vier Tagen hat Judith wieder eine wohltuende Massage bekommen, während sie mit einer Freundin gelernt hat.;Judith hat mindestens zweimal eine wohltuende Massage bekommen.;joeddav/xlm-roberta-large-xnli;entailment;1;0.0005059756222181022;0.0003986265801358968;0.9990954399108887
31_ai_bi1_cannot_say_pos;Vor drei Wochen hat Timo Judith massiert.;Vor vier Tagen hat Judith wieder eine wohltuende Massage bekommen, während sie mit einer Freundin gelernt hat.;Es lässt sich nicht sagen, wie oft Judith eine wohltuende Massage bekommen hat.;unknown;31;ai;bi;1;positive;cannot say;False;;;Vor drei Wochen hat Timo Judith massiert. Vor vier Tagen hat Judith wieder eine wohltuende Massage bekommen, während sie mit einer Freundin gelernt hat.;Es lässt sich nicht sagen, wie oft Judith eine wohltuende Massage bekommen hat.;joeddav/xlm-roberta-large-xnli;neutral;1;0.006132768001407385;0.6857970952987671;0.30807024240493774
31_ai_bi2_once_neu;Vor drei Wochen hat Timo Judith massiert.;Vor vier Tagen hat Timo wieder eine wohltuende Massage bekommen, während er mit einer Freundin gelernt hat.;Timo hat einmal eine wohltuende Massage bekommen.;entailment;31;ai;bi;2;neutral;once;False;;;Vor drei Wochen hat Timo Judith massiert. Vor vier Tagen hat Timo wieder eine wohltuende Massage bekommen, während er mit einer Freundin gelernt hat.;Timo hat einmal eine wohltuende Massage bekommen.;joeddav/xlm-roberta-large-xnli;entailment;1;0.003972235601395369;0.0006463106255978346;0.9953814744949341
31_ai_bi2_twice_neu;Vor drei Wochen hat Timo Judith massiert.;Vor vier Tagen hat Timo wieder eine wohltuende Massage bekommen, während er mit einer Freundin gelernt hat.;Timo hat mindestens zweimal eine wohltuende Massage bekommen.;unknown;31;ai;bi;2;neutral;twice;False;;;Vor drei Wochen hat Timo Judith massiert. Vor vier Tagen hat Timo wieder eine wohltuende Massage bekommen, während er mit einer Freundin gelernt hat.;Timo hat mindestens zweimal eine wohltuende Massage bekommen.;joeddav/xlm-roberta-large-xnli;entailment;0;0.0004634713986888528;0.00035769850364886224;0.9991788268089294
31_ai_bi2_cannot_say_neu;Vor drei Wochen hat Timo Judith massiert.;Vor vier Tagen hat Timo wieder eine wohltuende Massage bekommen, während er mit einer Freundin gelernt hat.;Es lässt sich nicht sagen, wie oft Timo eine wohltuende Massage bekommen hat.;unknown;31;ai;bi;2;neutral;cannot say;False;;;Vor drei Wochen hat Timo Judith massiert. Vor vier Tagen hat Timo wieder eine wohltuende Massage bekommen, während er mit einer Freundin gelernt hat.;Es lässt sich nicht sagen, wie oft Timo eine wohltuende Massage bekommen hat.;joeddav/xlm-roberta-large-xnli;entailment;0;0.007015368435531855;0.4394594728946686;0.5535252094268799
31_ai_bii1_once_neu;Vor drei Wochen hat Timo Judith massiert.;Vor vier Tagen hat Judith wieder eine wohltuende Massage gegeben, während sie mit einer Freundin gelernt hat.;Judith hat einmal eine wohltuende Massage gegeben.;entailment;31;ai;bii;1;neutral;once;False;;;Vor drei Wochen hat Timo Judith massiert. Vor vier Tagen hat Judith wieder eine wohltuende Massage gegeben, während sie mit einer Freundin gelernt hat.;Judith hat einmal eine wohltuende Massage gegeben.;joeddav/xlm-roberta-large-xnli;entailment;1;0.031681712716817856;0.0022784376051276922;0.9660398364067078
31_ai_bii1_twice_neu;Vor drei Wochen hat Timo Judith massiert.;Vor vier Tagen hat Judith wieder eine wohltuende Massage gegeben, während sie mit einer Freundin gelernt hat.;Judith hat mindestens zweimal eine wohltuende Massage gegeben.;unknown;31;ai;bii;1;neutral;twice;False;;;Vor drei Wochen hat Timo Judith massiert. Vor vier Tagen hat Judith wieder eine wohltuende Massage gegeben, während sie mit einer Freundin gelernt hat.;Judith hat mindestens zweimal eine wohltuende Massage gegeben.;joeddav/xlm-roberta-large-xnli;entailment;0;0.0006264777039177716;0.00047941107186488807;0.9988941550254822
31_ai_bii1_cannot_say_neu;Vor drei Wochen hat Timo Judith massiert.;Vor vier Tagen hat Judith wieder eine wohltuende Massage gegeben, während sie mit einer Freundin gelernt hat.;Es lässt sich nicht sagen, wie oft Judith eine wohltuende Massage gegeben hat.;unknown;31;ai;bii;1;neutral;cannot say;False;;;Vor drei Wochen hat Timo Judith massiert. Vor vier Tagen hat Judith wieder eine wohltuende Massage gegeben, während sie mit einer Freundin gelernt hat.;Es lässt sich nicht sagen, wie oft Judith eine wohltuende Massage gegeben hat.;joeddav/xlm-roberta-large-xnli;entailment;0;0.03304814547300339;0.10091256350278854;0.8660392761230469
31_ai_bii2_once_pos;Vor drei Wochen hat Timo Judith massiert.;Vor vier Tagen hat Timo wieder eine wohltuende Massage gegeben, während er mit einer Freundin gelernt hat.;Timo hat einmal eine wohltuende Massage gegeben.;unknown;31;ai;bii;2;positive;once;False;;;Vor drei Wochen hat Timo Judith massiert. Vor vier Tagen hat Timo wieder eine wohltuende Massage gegeben, während er mit einer Freundin gelernt hat.;Timo hat einmal eine wohltuende Massage gegeben.;joeddav/xlm-roberta-large-xnli;entailment;0;0.009729412384331226;0.0010803393088281155;0.9891902208328247
31_ai_bii2_twice_pos;Vor drei Wochen hat Timo Judith massiert.;Vor vier Tagen hat Timo wieder eine wohltuende Massage gegeben, während er mit einer Freundin gelernt hat.;Timo hat mindestens zweimal eine wohltuende Massage gegeben.;entailment;31;ai;bii;2;positive;twice;False;;;Vor drei Wochen hat Timo Judith massiert. Vor vier Tagen hat Timo wieder eine wohltuende Massage gegeben, während er mit einer Freundin gelernt hat.;Timo hat mindestens zweimal eine wohltuende Massage gegeben.;joeddav/xlm-roberta-large-xnli;entailment;1;0.0004268826451152563;0.0003820800920948386;0.9991909861564636
31_ai_bii2_cannot_say_pos;Vor drei Wochen hat Timo Judith massiert.;Vor vier Tagen hat Timo wieder eine wohltuende Massage gegeben, während er mit einer Freundin gelernt hat.;Es lässt sich nicht sagen, wie oft Timo eine wohltuende Massage gegeben hat.;unknown;31;ai;bii;2;positive;cannot say;False;;;Vor drei Wochen hat Timo Judith massiert. Vor vier Tagen hat Timo wieder eine wohltuende Massage gegeben, während er mit einer Freundin gelernt hat.;Es lässt sich nicht sagen, wie oft Timo eine wohltuende Massage gegeben hat.;joeddav/xlm-roberta-large-xnli;entailment;0;0.039466481655836105;0.1194213405251503;0.8411121964454651
31_aii_bi1_once_neu;Vor drei Wochen hat Judith Timo massiert.;Vor vier Tagen hat Judith wieder eine wohltuende Massage bekommen, während sie mit einer Freundin gelernt hat.;Judith hat einmal eine wohltuende Massage bekommen.;entailment;31;aii;bi;1;neutral;once;False;;;Vor drei Wochen hat Judith Timo massiert. Vor vier Tagen hat Judith wieder eine wohltuende Massage bekommen, während sie mit einer Freundin gelernt hat.;Judith hat einmal eine wohltuende Massage bekommen.;joeddav/xlm-roberta-large-xnli;entailment;1;0.004145238548517227;0.00067767413565889;0.9951770305633545
31_aii_bi1_twice_neu;Vor drei Wochen hat Judith Timo massiert.;Vor vier Tagen hat Judith wieder eine wohltuende Massage bekommen, während sie mit einer Freundin gelernt hat.;Judith hat mindestens zweimal eine wohltuende Massage bekommen.;unknown;31;aii;bi;1;neutral;twice;False;;;Vor drei Wochen hat Judith Timo massiert. Vor vier Tagen hat Judith wieder eine wohltuende Massage bekommen, während sie mit einer Freundin gelernt hat.;Judith hat mindestens zweimal eine wohltuende Massage bekommen.;joeddav/xlm-roberta-large-xnli;entailment;0;0.00047380986507050693;0.00038822978967800736;0.9991378784179688
31_aii_bi1_cannot_say_neu;Vor drei Wochen hat Judith Timo massiert.;Vor vier Tagen hat Judith wieder eine wohltuende Massage bekommen, während sie mit einer Freundin gelernt hat.;Es lässt sich nicht sagen, wie oft Judith eine wohltuende Massage bekommen hat.;unknown;31;aii;bi;1;neutral;cannot say;False;;;Vor drei Wochen hat Judith Timo massiert. Vor vier Tagen hat Judith wieder eine wohltuende Massage bekommen, während sie mit einer Freundin gelernt hat.;Es lässt sich nicht sagen, wie oft Judith eine wohltuende Massage bekommen hat.;joeddav/xlm-roberta-large-xnli;neutral;1;0.006758939009159803;0.7139557003974915;0.2792854309082031
31_aii_bi2_once_pos;Vor drei Wochen hat Judith Timo massiert.;Vor vier Tagen hat Timo wieder eine wohltuende Massage bekommen, während er mit einer Freundin gelernt hat.;Timo hat einmal eine wohltuende Massage bekommen.;unknown;31;aii;bi;2;positive;once;False;;;Vor drei Wochen hat Judith Timo massiert. Vor vier Tagen hat Timo wieder eine wohltuende Massage bekommen, während er mit einer Freundin gelernt hat.;Timo hat einmal eine wohltuende Massage bekommen.;joeddav/xlm-roberta-large-xnli;entailment;0;0.003257669974118471;0.0005880934768356383;0.996154248714447
31_aii_bi2_twice_pos;Vor drei Wochen hat Judith Timo massiert.;Vor vier Tagen hat Timo wieder eine wohltuende Massage bekommen, während er mit einer Freundin gelernt hat.;Timo hat mindestens zweimal eine wohltuende Massage bekommen.;entailment;31;aii;bi;2;positive;twice;False;;;Vor drei Wochen hat Judith Timo massiert. Vor vier Tagen hat Timo wieder eine wohltuende Massage bekommen, während er mit einer Freundin gelernt hat.;Timo hat mindestens zweimal eine wohltuende Massage bekommen.;joeddav/xlm-roberta-large-xnli;entailment;1;0.00048583257012069225;0.00038897566264495254;0.9991251826286316
31_aii_bi2_cannot_say_pos;Vor drei Wochen hat Judith Timo massiert.;Vor vier Tagen hat Timo wieder eine wohltuende Massage bekommen, während er mit einer Freundin gelernt hat.;Es lässt sich nicht sagen, wie oft Timo eine wohltuende Massage bekommen hat.;unknown;31;aii;bi;2;positive;cannot say;False;;;Vor drei Wochen hat Judith Timo massiert. Vor vier Tagen hat Timo wieder eine wohltuende Massage bekommen, während er mit einer Freundin gelernt hat.;Es lässt sich nicht sagen, wie oft Timo eine wohltuende Massage bekommen hat.;joeddav/xlm-roberta-large-xnli;entailment;0;0.00614834763109684;0.4766186773777008;0.5172330141067505
31_aii_bii1_once_pos;Vor drei Wochen hat Judith Timo massiert.;Vor vier Tagen hat Judith wieder eine wohltuende Massage gegeben, während sie mit einer Freundin gelernt hat.;Judith hat einmal eine wohltuende Massage gegeben.;unknown;31;aii;bii;1;positive;once;False;;;Vor drei Wochen hat Judith Timo massiert. Vor vier Tagen hat Judith wieder eine wohltuende Massage gegeben, während sie mit einer Freundin gelernt hat.;Judith hat einmal eine wohltuende Massage gegeben.;joeddav/xlm-roberta-large-xnli;entailment;0;0.01422786619514227;0.0013497316977009177;0.9844224452972412
31_aii_bii1_twice_pos;Vor drei Wochen hat Judith Timo massiert.;Vor vier Tagen hat Judith wieder eine wohltuende Massage gegeben, während sie mit einer Freundin gelernt hat.;Judith hat mindestens zweimal eine wohltuende Massage gegeben.;entailment;31;aii;bii;1;positive;twice;False;;;Vor drei Wochen hat Judith Timo massiert. Vor vier Tagen hat Judith wieder eine wohltuende Massage gegeben, während sie mit einer Freundin gelernt hat.;Judith hat mindestens zweimal eine wohltuende Massage gegeben.;joeddav/xlm-roberta-large-xnli;entailment;1;0.00043761590495705605;0.00038682279409840703;0.999175488948822
31_aii_bii1_cannot_say_pos;Vor drei Wochen hat Judith Timo massiert.;Vor vier Tagen hat Judith wieder eine wohltuende Massage gegeben, während sie mit einer Freundin gelernt hat.;Es lässt sich nicht sagen, wie oft Judith eine wohltuende Massage gegeben hat.;unknown;31;aii;bii;1;positive;cannot say;False;;;Vor drei Wochen hat Judith Timo massiert. Vor vier Tagen hat Judith wieder eine wohltuende Massage gegeben, während sie mit einer Freundin gelernt hat.;Es lässt sich nicht sagen, wie oft Judith eine wohltuende Massage gegeben hat.;joeddav/xlm-roberta-large-xnli;entailment;0;0.04351170361042023;0.161021888256073;0.7954663634300232
31_aii_bii2_once_neu;Vor drei Wochen hat Judith Timo massiert.;Vor vier Tagen hat Timo wieder eine wohltuende Massage gegeben, während er mit einer Freundin gelernt hat.;Timo hat einmal eine wohltuende Massage gegeben.;entailment;31;aii;bii;2;neutral;once;False;;;Vor drei Wochen hat Judith Timo massiert. Vor vier Tagen hat Timo wieder eine wohltuende Massage gegeben, während er mit einer Freundin gelernt hat.;Timo hat einmal eine wohltuende Massage gegeben.;joeddav/xlm-roberta-large-xnli;entailment;1;0.01969917118549347;0.001909500453621149;0.9783913493156433
31_aii_bii2_twice_neu;Vor drei Wochen hat Judith Timo massiert.;Vor vier Tagen hat Timo wieder eine wohltuende Massage gegeben, während er mit einer Freundin gelernt hat.;Timo hat mindestens zweimal eine wohltuende Massage gegeben.;unknown;31;aii;bii;2;neutral;twice;False;;;Vor drei Wochen hat Judith Timo massiert. Vor vier Tagen hat Timo wieder eine wohltuende Massage gegeben, während er mit einer Freundin gelernt hat.;Timo hat mindestens zweimal eine wohltuende Massage gegeben.;joeddav/xlm-roberta-large-xnli;entailment;0;0.0006211873842403293;0.0005112668150104582;0.9988676309585571
31_aii_bii2_cannot_say_neu;Vor drei Wochen hat Judith Timo massiert.;Vor vier Tagen hat Timo wieder eine wohltuende Massage gegeben, während er mit einer Freundin gelernt hat.;Es lässt sich nicht sagen, wie oft Timo eine wohltuende Massage gegeben hat.;unknown;31;aii;bii;2;neutral;cannot say;False;;;Vor drei Wochen hat Judith Timo massiert. Vor vier Tagen hat Timo wieder eine wohltuende Massage gegeben, während er mit einer Freundin gelernt hat.;Es lässt sich nicht sagen, wie oft Timo eine wohltuende Massage gegeben hat.;joeddav/xlm-roberta-large-xnli;entailment;0;0.03013724274933338;0.0788879245519638;0.8909748196601868
32_ai_bi1_once_neu;Vor drei Monaten hat Timo Linda ein weißes Bücherregal gebaut.;Vor zwei Wochen hat Linda wieder ein weißes Bücherregal geschreinert, weil sie in eine WG gezogen ist.;Linda hat einmal ein weißes Bücherregal geschreinert.;entailment;32;ai;bi;1;neutral;once;False;;"geschreinert is agent-oriented; erhalten is recipient-oriented.";Vor drei Monaten hat Timo Linda ein weißes Bücherregal gebaut. Vor zwei Wochen hat Linda wieder ein weißes Bücherregal geschreinert, weil sie in eine WG gezogen ist.;Linda hat einmal ein weißes Bücherregal geschreinert.;joeddav/xlm-roberta-large-xnli;entailment;1;0.0010359955485910177;0.00031425419729202986;0.9986497759819031
32_ai_bi1_twice_neu;Vor drei Monaten hat Timo Linda ein weißes Bücherregal gebaut.;Vor zwei Wochen hat Linda wieder ein weißes Bücherregal geschreinert, weil sie in eine WG gezogen ist.;Linda hat mindestens zweimal ein weißes Bücherregal geschreinert.;unknown;32;ai;bi;1;neutral;twice;False;;"geschreinert is agent-oriented; erhalten is recipient-oriented.";Vor drei Monaten hat Timo Linda ein weißes Bücherregal gebaut. Vor zwei Wochen hat Linda wieder ein weißes Bücherregal geschreinert, weil sie in eine WG gezogen ist.;Linda hat mindestens zweimal ein weißes Bücherregal geschreinert.;joeddav/xlm-roberta-large-xnli;entailment;0;0.00025545593234710395;0.0001932356390170753;0.9995512366294861
32_ai_bi1_cannot_say_neu;Vor drei Monaten hat Timo Linda ein weißes Bücherregal gebaut.;Vor zwei Wochen hat Linda wieder ein weißes Bücherregal geschreinert, weil sie in eine WG gezogen ist.;Es lässt sich nicht sagen, wie oft Linda ein weißes Bücherregal geschreinert hat.;unknown;32;ai;bi;1;neutral;cannot say;False;;"geschreinert is agent-oriented; erhalten is recipient-oriented.";Vor drei Monaten hat Timo Linda ein weißes Bücherregal gebaut. Vor zwei Wochen hat Linda wieder ein weißes Bücherregal geschreinert, weil sie in eine WG gezogen ist.;Es lässt sich nicht sagen, wie oft Linda ein weißes Bücherregal geschreinert hat.;joeddav/xlm-roberta-large-xnli;entailment;0;0.00754617340862751;0.003965306561440229;0.988488495349884
32_ai_bi2_once_pos;Vor drei Monaten hat Timo Linda ein weißes Bücherregal gebaut.;Vor zwei Wochen hat Timo wieder ein weißes Bücherregal geschreinert, weil er in eine WG gezogen ist.;Timo hat einmal ein weißes Bücherregal geschreinert.;unknown;32;ai;bi;2;positive;once;False;;"geschreinert is agent-oriented; erhalten is recipient-oriented.";Vor drei Monaten hat Timo Linda ein weißes Bücherregal gebaut. Vor zwei Wochen hat Timo wieder ein weißes Bücherregal geschreinert, weil er in eine WG gezogen ist.;Timo hat einmal ein weißes Bücherregal geschreinert.;joeddav/xlm-roberta-large-xnli;entailment;0;0.0009482523892074823;0.00028800807194784284;0.9987637996673584
32_ai_bi2_twice_pos;Vor drei Monaten hat Timo Linda ein weißes Bücherregal gebaut.;Vor zwei Wochen hat Timo wieder ein weißes Bücherregal geschreinert, weil er in eine WG gezogen ist.;Timo hat mindestens zweimal ein weißes Bücherregal geschreinert.;entailment;32;ai;bi;2;positive;twice;False;;"geschreinert is agent-oriented; erhalten is recipient-oriented.";Vor drei Monaten hat Timo Linda ein weißes Bücherregal gebaut. Vor zwei Wochen hat Timo wieder ein weißes Bücherregal geschreinert, weil er in eine WG gezogen ist.;Timo hat mindestens zweimal ein weißes Bücherregal geschreinert.;joeddav/xlm-roberta-large-xnli;entailment;1;0.0002448426967021078;0.0001852400746429339;0.9995699524879456
32_ai_bi2_cannot_say_pos;Vor drei Monaten hat Timo Linda ein weißes Bücherregal gebaut.;Vor zwei Wochen hat Timo wieder ein weißes Bücherregal geschreinert, weil er in eine WG gezogen ist.;Es lässt sich nicht sagen, wie oft Timo ein weißes Bücherregal geschreinert hat.;unknown;32;ai;bi;2;positive;cannot say;False;;"geschreinert is agent-oriented; erhalten is recipient-oriented.";Vor drei Monaten hat Timo Linda ein weißes Bücherregal gebaut. Vor zwei Wochen hat Timo wieder ein weißes Bücherregal geschreinert, weil er in eine WG gezogen ist.;Es lässt sich nicht sagen, wie oft Timo ein weißes Bücherregal geschreinert hat.;joeddav/xlm-roberta-large-xnli;entailment;0;0.008677775040268898;0.004660625476390123;0.9866616129875183
32_ai_bii1_once_pos;Vor drei Monaten hat Timo Linda ein weißes Bücherregal gebaut.;Vor zwei Wochen hat Linda wieder ein weißes Bücherregal erhalten, weil sie in eine WG gezogen ist.;Linda hat einmal ein weißes Bücherregal erhalten.;unknown;32;ai;bii;1;positive;once;False;;"geschreinert is agent-oriented; erhalten is recipient-oriented.";Vor drei Monaten hat Timo Linda ein weißes Bücherregal gebaut. Vor zwei Wochen hat Linda wieder ein weißes Bücherregal erhalten, weil sie in eine WG gezogen ist.;Linda hat einmal ein weißes Bücherregal erhalten.;joeddav/xlm-roberta-large-xnli;entailment;0;0.0011125745950266719;0.0003332998603582382;0.9985541701316833
32_ai_bii1_twice_pos;Vor drei Monaten hat Timo Linda ein weißes Bücherregal gebaut.;Vor zwei Wochen hat Linda wieder ein weißes Bücherregal erhalten, weil sie in eine WG gezogen ist.;Linda hat mindestens zweimal ein weißes Bücherregal erhalten.;entailment;32;ai;bii;1;positive;twice;False;;"geschreinert is agent-oriented; erhalten is recipient-oriented.";Vor drei Monaten hat Timo Linda ein weißes Bücherregal gebaut. Vor zwei Wochen hat Linda wieder ein weißes Bücherregal erhalten, weil sie in eine WG gezogen ist.;Linda hat mindestens zweimal ein weißes Bücherregal erhalten.;joeddav/xlm-roberta-large-xnli;entailment;1;0.00033758566132746637;0.0002390605804976076;0.9994233846664429
32_ai_bii1_cannot_say_pos;Vor drei Monaten hat Timo Linda ein weißes Bücherregal gebaut.;Vor zwei Wochen hat Linda wieder ein weißes Bücherregal erhalten, weil sie in eine WG gezogen ist.;Es lässt sich nicht sagen, wie oft Linda ein weißes Bücherregal erhalten hat.;unknown;32;ai;bii;1;positive;cannot say;False;;"geschreinert is agent-oriented; erhalten is recipient-oriented.";Vor drei Monaten hat Timo Linda ein weißes Bücherregal gebaut. Vor zwei Wochen hat Linda wieder ein weißes Bücherregal erhalten, weil sie in eine WG gezogen ist.;Es lässt sich nicht sagen, wie oft Linda ein weißes Bücherregal erhalten hat.;joeddav/xlm-roberta-large-xnli;entailment;0;0.003972010686993599;0.001908625359646976;0.99411940574646
32_ai_bii2_once_neu;Vor drei Monaten hat Timo Linda ein weißes Bücherregal gebaut.;Vor zwei Wochen hat Timo wieder ein weißes Bücherregal erhalten, weil er in eine WG gezogen ist.;Timo hat einmal ein weißes Bücherregal erhalten.;entailment;32;ai;bii;2;neutral;once;False;;"geschreinert is agent-oriented; erhalten is recipient-oriented.";Vor drei Monaten hat Timo Linda ein weißes Bücherregal gebaut. Vor zwei Wochen hat Timo wieder ein weißes Bücherregal erhalten, weil er in eine WG gezogen ist.;Timo hat einmal ein weißes Bücherregal erhalten.;joeddav/xlm-roberta-large-xnli;entailment;1;0.0010356687707826495;0.00030575154232792556;0.9986585378646851
32_ai_bii2_twice_neu;Vor drei Monaten hat Timo Linda ein weißes Bücherregal gebaut.;Vor zwei Wochen hat Timo wieder ein weißes Bücherregal erhalten, weil er in eine WG gezogen ist.;Timo hat mindestens zweimal ein weißes Bücherregal erhalten.;unknown;32;ai;bii;2;neutral;twice;False;;"geschreinert is agent-oriented; erhalten is recipient-oriented.";Vor drei Monaten hat Timo Linda ein weißes Bücherregal gebaut. Vor zwei Wochen hat Timo wieder ein weißes Bücherregal erhalten, weil er in eine WG gezogen ist.;Timo hat mindestens zweimal ein weißes Bücherregal erhalten.;joeddav/xlm-roberta-large-xnli;entailment;0;0.00032046856358647346;0.00022067615645937622;0.9994588494300842
32_ai_bii2_cannot_say_neu;Vor drei Monaten hat Timo Linda ein weißes Bücherregal gebaut.;Vor zwei Wochen hat Timo wieder ein weißes Bücherregal erhalten, weil er in eine WG gezogen ist.;Es lässt sich nicht sagen, wie oft Timo ein weißes Bücherregal erhalten hat.;unknown;32;ai;bii;2;neutral;cannot say;False;;"geschreinert is agent-oriented; erhalten is recipient-oriented.";Vor drei Monaten hat Timo Linda ein weißes Bücherregal gebaut. Vor zwei Wochen hat Timo wieder ein weißes Bücherregal erhalten, weil er in eine WG gezogen ist.;Es lässt sich nicht sagen, wie oft Timo ein weißes Bücherregal erhalten hat.;joeddav/xlm-roberta-large-xnli;entailment;0;0.0038993542548269033;0.001900486764498055;0.9942002296447754
32_aii_bi1_once_pos;Vor drei Monaten hat Linda Timo ein weißes Bücherregal gebaut.;Vor zwei Wochen hat Linda wieder ein weißes Bücherregal geschreinert, weil sie in eine WG gezogen ist.;Linda hat einmal ein weißes Bücherregal geschreinert.;unknown;32;aii;bi;1;positive;once;False;;"geschreinert is agent-oriented; erhalten is recipient-oriented.";Vor drei Monaten hat Linda Timo ein weißes Bücherregal gebaut. Vor zwei Wochen hat Linda wieder ein weißes Bücherregal geschreinert, weil sie in eine WG gezogen ist.;Linda hat einmal ein weißes Bücherregal geschreinert.;joeddav/xlm-roberta-large-xnli;entailment;0;0.0010458268225193024;0.0003094543644692749;0.9986447691917419
32_aii_bi1_twice_pos;Vor drei Monaten hat Linda Timo ein weißes Bücherregal gebaut.;Vor zwei Wochen hat Linda wieder ein weißes Bücherregal geschreinert, weil sie in eine WG gezogen ist.;Linda hat mindestens zweimal ein weißes Bücherregal geschreinert.;entailment;32;aii;bi;1;positive;twice;False;;"geschreinert is agent-oriented; erhalten is recipient-oriented.";Vor drei Monaten hat Linda Timo ein weißes Bücherregal gebaut. Vor zwei Wochen hat Linda wieder ein weißes Bücherregal geschreinert, weil sie in eine WG gezogen ist.;Linda hat mindestens zweimal ein weißes Bücherregal geschreinert.;joeddav/xlm-roberta-large-xnli;entailment;1;0.00024547765497118235;0.00018660961359273642;0.9995679259300232
32_aii_bi1_cannot_say_pos;Vor drei Monaten hat Linda Timo ein weißes Bücherregal gebaut.;Vor zwei Wochen hat Linda wieder ein weißes Bücherregal geschreinert, weil sie in eine WG gezogen ist.;Es lässt sich nicht sagen, wie oft Linda ein weißes Bücherregal geschreinert hat.;unknown;32;aii;bi;1;positive;cannot say;False;;"geschreinert is agent-oriented; erhalten is recipient-oriented.";Vor drei Monaten hat Linda Timo ein weißes Bücherregal gebaut. Vor zwei Wochen hat Linda wieder ein weißes Bücherregal geschreinert, weil sie in eine WG gezogen ist.;Es lässt sich nicht sagen, wie oft Linda ein weißes Bücherregal geschreinert hat.;joeddav/xlm-roberta-large-xnli;entailment;0;0.008999594487249851;0.004698405973613262;0.9863020181655884
32_aii_bi2_once_neu;Vor drei Monaten hat Linda Timo ein weißes Bücherregal gebaut.;Vor zwei Wochen hat Timo wieder ein weißes Bücherregal geschreinert, weil er in eine WG gezogen ist.;Timo hat einmal ein weißes Bücherregal geschreinert.;entailment;32;aii;bi;2;neutral;once;False;;"geschreinert is agent-oriented; erhalten is recipient-oriented.";Vor drei Monaten hat Linda Timo ein weißes Bücherregal gebaut. Vor zwei Wochen hat Timo wieder ein weißes Bücherregal geschreinert, weil er in eine WG gezogen ist.;Timo hat einmal ein weißes Bücherregal geschreinert.;joeddav/xlm-roberta-large-xnli;entailment;1;0.001027989317663014;0.0002917195379268378;0.9986802935600281
32_aii_bi2_twice_neu;Vor drei Monaten hat Linda Timo ein weißes Bücherregal gebaut.;Vor zwei Wochen hat Timo wieder ein weißes Bücherregal geschreinert, weil er in eine WG gezogen ist.;Timo hat mindestens zweimal ein weißes Bücherregal geschreinert.;unknown;32;aii;bi;2;neutral;twice;False;;"geschreinert is agent-oriented; erhalten is recipient-oriented.";Vor drei Monaten hat Linda Timo ein weißes Bücherregal gebaut. Vor zwei Wochen hat Timo wieder ein weißes Bücherregal geschreinert, weil er in eine WG gezogen ist.;Timo hat mindestens zweimal ein weißes Bücherregal geschreinert.;joeddav/xlm-roberta-large-xnli;entailment;0;0.0002663401828613132;0.00018787759472616017;0.9995457530021667
32_aii_bi2_cannot_say_neu;Vor drei Monaten hat Linda Timo ein weißes Bücherregal gebaut.;Vor zwei Wochen hat Timo wieder ein weißes Bücherregal geschreinert, weil er in eine WG gezogen ist.;Es lässt sich nicht sagen, wie oft Timo ein weißes Bücherregal geschreinert hat.;unknown;32;aii;bi;2;neutral;cannot say;False;;"geschreinert is agent-oriented; erhalten is recipient-oriented.";Vor drei Monaten hat Linda Timo ein weißes Bücherregal gebaut. Vor zwei Wochen hat Timo wieder ein weißes Bücherregal geschreinert, weil er in eine WG gezogen ist.;Es lässt sich nicht sagen, wie oft Timo ein weißes Bücherregal geschreinert hat.;joeddav/xlm-roberta-large-xnli;entailment;0;0.007823281921446323;0.0034013441763818264;0.988775372505188
32_aii_bii1_once_neu;Vor drei Monaten hat Linda Timo ein weißes Bücherregal gebaut.;Vor zwei Wochen hat Linda wieder ein weißes Bücherregal erhalten, weil sie in eine WG gezogen ist.;Linda hat einmal ein weißes Bücherregal erhalten.;entailment;32;aii;bii;1;neutral;once;False;;"geschreinert is agent-oriented; erhalten is recipient-oriented.";Vor drei Monaten hat Linda Timo ein weißes Bücherregal gebaut. Vor zwei Wochen hat Linda wieder ein weißes Bücherregal erhalten, weil sie in eine WG gezogen ist.;Linda hat einmal ein weißes Bücherregal erhalten.;joeddav/xlm-roberta-large-xnli;entailment;1;0.001057519344612956;0.0003260035300627351;0.9986164569854736
32_aii_bii1_twice_neu;Vor drei Monaten hat Linda Timo ein weißes Bücherregal gebaut.;Vor zwei Wochen hat Linda wieder ein weißes Bücherregal erhalten, weil sie in eine WG gezogen ist.;Linda hat mindestens zweimal ein weißes Bücherregal erhalten.;unknown;32;aii;bii;1;neutral;twice;False;;"geschreinert is agent-oriented; erhalten is recipient-oriented.";Vor drei Monaten hat Linda Timo ein weißes Bücherregal gebaut. Vor zwei Wochen hat Linda wieder ein weißes Bücherregal erhalten, weil sie in eine WG gezogen ist.;Linda hat mindestens zweimal ein weißes Bücherregal erhalten.;joeddav/xlm-roberta-large-xnli;entailment;0;0.00032017522607930005;0.00022694903600495309;0.9994528889656067
32_aii_bii1_cannot_say_neu;Vor drei Monaten hat Linda Timo ein weißes Bücherregal gebaut.;Vor zwei Wochen hat Linda wieder ein weißes Bücherregal erhalten, weil sie in eine WG gezogen ist.;Es lässt sich nicht sagen, wie oft Linda ein weißes Bücherregal erhalten hat.;unknown;32;aii;bii;1;neutral;cannot say;False;;"geschreinert is agent-oriented; erhalten is recipient-oriented.";Vor drei Monaten hat Linda Timo ein weißes Bücherregal gebaut. Vor zwei Wochen hat Linda wieder ein weißes Bücherregal erhalten, weil sie in eine WG gezogen ist.;Es lässt sich nicht sagen, wie oft Linda ein weißes Bücherregal erhalten hat.;joeddav/xlm-roberta-large-xnli;entailment;0;0.0041991607286036015;0.002042836742475629;0.993757963180542
32_aii_bii2_once_pos;Vor drei Monaten hat Linda Timo ein weißes Bücherregal gebaut.;Vor zwei Wochen hat Timo wieder ein weißes Bücherregal erhalten, weil er in eine WG gezogen ist.;Timo hat einmal ein weißes Bücherregal erhalten.;unknown;32;aii;bii;2;positive;once;False;;"geschreinert is agent-oriented; erhalten is recipient-oriented.";Vor drei Monaten hat Linda Timo ein weißes Bücherregal gebaut. Vor zwei Wochen hat Timo wieder ein weißes Bücherregal erhalten, weil er in eine WG gezogen ist.;Timo hat einmal ein weißes Bücherregal erhalten.;joeddav/xlm-roberta-large-xnli;entailment;0;0.0010725288884714246;0.0003057207213714719;0.9986217021942139
32_aii_bii2_twice_pos;Vor drei Monaten hat Linda Timo ein weißes Bücherregal gebaut.;Vor zwei Wochen hat Timo wieder ein weißes Bücherregal erhalten, weil er in eine WG gezogen ist.;Timo hat mindestens zweimal ein weißes Bücherregal erhalten.;entailment;32;aii;bii;2;positive;twice;False;;"geschreinert is agent-oriented; erhalten is recipient-oriented.";Vor drei Monaten hat Linda Timo ein weißes Bücherregal gebaut. Vor zwei Wochen hat Timo wieder ein weißes Bücherregal erhalten, weil er in eine WG gezogen ist.;Timo hat mindestens zweimal ein weißes Bücherregal erhalten.;joeddav/xlm-roberta-large-xnli;entailment;1;0.0003309603489469737;0.00022042696946300566;0.9994485974311829
32_aii_bii2_cannot_say_pos;Vor drei Monaten hat Linda Timo ein weißes Bücherregal gebaut.;Vor zwei Wochen hat Timo wieder ein weißes Bücherregal erhalten, weil er in eine WG gezogen ist.;Es lässt sich nicht sagen, wie oft Timo ein weißes Bücherregal erhalten hat.;unknown;32;aii;bii;2;positive;cannot say;False;;"geschreinert is agent-oriented; erhalten is recipient-oriented.";Vor drei Monaten hat Linda Timo ein weißes Bücherregal gebaut. Vor zwei Wochen hat Timo wieder ein weißes Bücherregal erhalten, weil er in eine WG gezogen ist.;Es lässt sich nicht sagen, wie oft Timo ein weißes Bücherregal erhalten hat.;joeddav/xlm-roberta-large-xnli;entailment;0;0.003554959548637271;0.0016434774734079838;0.9948015213012695
33_ai_bi1_once_pos;Letzten Monat hat Timo Greta ein peinliches Geheimnis verraten.;Vor drei Tagen hat Greta wieder ein peinliches Geheimnis erfahren, als sie an einem Klassentreffen teilgenommen hat.;Greta hat einmal ein peinliches Geheimnis erfahren.;unknown;33;ai;bi;1;positive;once;False;;;Letzten Monat hat Timo Greta ein peinliches Geheimnis verraten. Vor drei Tagen hat Greta wieder ein peinliches Geheimnis erfahren, als sie an einem Klassentreffen teilgenommen hat.;Greta hat einmal ein peinliches Geheimnis erfahren.;joeddav/xlm-roberta-large-xnli;entailment;0;0.0006205638055689633;0.00033518034615553916;0.9990442395210266
33_ai_bi1_twice_pos;Letzten Monat hat Timo Greta ein peinliches Geheimnis verraten.;Vor drei Tagen hat Greta wieder ein peinliches Geheimnis erfahren, als sie an einem Klassentreffen teilgenommen hat.;Greta hat mindestens zweimal ein peinliches Geheimnis erfahren.;entailment;33;ai;bi;1;positive;twice;False;;;Letzten Monat hat Timo Greta ein peinliches Geheimnis verraten. Vor drei Tagen hat Greta wieder ein peinliches Geheimnis erfahren, als sie an einem Klassentreffen teilgenommen hat.;Greta hat mindestens zweimal ein peinliches Geheimnis erfahren.;joeddav/xlm-roberta-large-xnli;entailment;1;0.00040808835183270276;0.0004949058638885617;0.9990969896316528
33_ai_bi1_cannot_say_pos;Letzten Monat hat Timo Greta ein peinliches Geheimnis verraten.;Vor drei Tagen hat Greta wieder ein peinliches Geheimnis erfahren, als sie an einem Klassentreffen teilgenommen hat.;Es lässt sich nicht sagen, wie oft Greta ein peinliches Geheimnis erfahren hat.;unknown;33;ai;bi;1;positive;cannot say;False;;;Letzten Monat hat Timo Greta ein peinliches Geheimnis verraten. Vor drei Tagen hat Greta wieder ein peinliches Geheimnis erfahren, als sie an einem Klassentreffen teilgenommen hat.;Es lässt sich nicht sagen, wie oft Greta ein peinliches Geheimnis erfahren hat.;joeddav/xlm-roberta-large-xnli;neutral;1;0.012010601349174976;0.9070194959640503;0.08096988499164581
33_ai_bi2_once_neu;Letzten Monat hat Timo Greta ein peinliches Geheimnis verraten.;Vor drei Tagen hat Timo wieder ein peinliches Geheimnis erfahren, als er an einem Klassentreffen teilgenommen hat.;Timo hat einmal ein peinliches Geheimnis erfahren.;entailment;33;ai;bi;2;neutral;once;False;;;Letzten Monat hat Timo Greta ein peinliches Geheimnis verraten. Vor drei Tagen hat Timo wieder ein peinliches Geheimnis erfahren, als er an einem Klassentreffen teilgenommen hat.;Timo hat einmal ein peinliches Geheimnis erfahren.;joeddav/xlm-roberta-large-xnli;entailment;1;0.0005721509805880487;0.0003394979576114565;0.9990884065628052
33_ai_bi2_twice_neu;Letzten Monat hat Timo Greta ein peinliches Geheimnis verraten.;Vor drei Tagen hat Timo wieder ein peinliches Geheimnis erfahren, als er an einem Klassentreffen teilgenommen hat.;Timo hat mindestens zweimal ein peinliches Geheimnis erfahren.;unknown;33;ai;bi;2;neutral;twice;False;;;Letzten Monat hat Timo Greta ein peinliches Geheimnis verraten. Vor drei Tagen hat Timo wieder ein peinliches Geheimnis erfahren, als er an einem Klassentreffen teilgenommen hat.;Timo hat mindestens zweimal ein peinliches Geheimnis erfahren.;joeddav/xlm-roberta-large-xnli;entailment;0;0.0004184422723483294;0.0004756141279358417;0.9991058707237244
33_ai_bi2_cannot_say_neu;Letzten Monat hat Timo Greta ein peinliches Geheimnis verraten.;Vor drei Tagen hat Timo wieder ein peinliches Geheimnis erfahren, als er an einem Klassentreffen teilgenommen hat.;Es lässt sich nicht sagen, wie oft Timo ein peinliches Geheimnis erfahren hat.;unknown;33;ai;bi;2;neutral;cannot say;False;;;Letzten Monat hat Timo Greta ein peinliches Geheimnis verraten. Vor drei Tagen hat Timo wieder ein peinliches Geheimnis erfahren, als er an einem Klassentreffen teilgenommen hat.;Es lässt sich nicht sagen, wie oft Timo ein peinliches Geheimnis erfahren hat.;joeddav/xlm-roberta-large-xnli;neutral;1;0.017316583544015884;0.9065625071525574;0.07612083107233047
33_ai_bii1_once_neu;Letzten Monat hat Timo Greta ein peinliches Geheimnis verraten.;Vor drei Tagen hat Greta wieder ein peinliches Geheimnis preisgegeben, als sie an einem Klassentreffen teilgenommen hat.;Greta hat einmal ein peinliches Geheimnis preisgegeben.;entailment;33;ai;bii;1;neutral;once;False;;;Letzten Monat hat Timo Greta ein peinliches Geheimnis verraten. Vor drei Tagen hat Greta wieder ein peinliches Geheimnis preisgegeben, als sie an einem Klassentreffen teilgenommen hat.;Greta hat einmal ein peinliches Geheimnis preisgegeben.;joeddav/xlm-roberta-large-xnli;entailment;1;0.0007111647282727063;0.0004161165561527014;0.998872697353363
33_ai_bii1_twice_neu;Letzten Monat hat Timo Greta ein peinliches Geheimnis verraten.;Vor drei Tagen hat Greta wieder ein peinliches Geheimnis preisgegeben, als sie an einem Klassentreffen teilgenommen hat.;Greta hat mindestens zweimal ein peinliches Geheimnis preisgegeben.;unknown;33;ai;bii;1;neutral;twice;False;;;Letzten Monat hat Timo Greta ein peinliches Geheimnis verraten. Vor drei Tagen hat Greta wieder ein peinliches Geheimnis preisgegeben, als sie an einem Klassentreffen teilgenommen hat.;Greta hat mindestens zweimal ein peinliches Geheimnis preisgegeben.;joeddav/xlm-roberta-large-xnli;entailment;0;0.00035132921766489744;0.0004190136678516865;0.9992296695709229
33_ai_bii1_cannot_say_neu;Letzten Monat hat Timo Greta ein peinliches Geheimnis verraten.;Vor drei Tagen hat Greta wieder ein peinliches Geheimnis preisgegeben, als sie an einem Klassentreffen teilgenommen hat.;Es lässt sich nicht sagen, wie oft Greta ein peinliches Geheimnis preisgegeben hat.;unknown;33;ai;bii;1;neutral;cannot say;False;;;Letzten Monat hat Timo Greta ein peinliches Geheimnis verraten. Vor drei Tagen hat Greta wieder ein peinliches Geheimnis preisgegeben, als sie an einem Klassentreffen teilgenommen hat.;Es lässt sich nicht sagen, wie oft Greta ein peinliches Geheimnis preisgegeben hat.;joeddav/xlm-roberta-large-xnli;neutral;1;0.0013582073152065277;0.9922904372215271;0.006351409014314413
33_ai_bii2_once_pos;Letzten Monat hat Timo Greta ein peinliches Geheimnis verraten.;Vor drei Tagen hat Timo wieder ein peinliches Geheimnis preisgegeben, als er an einem Klassentreffen teilgenommen hat.;Timo hat einmal ein peinliches Geheimnis preisgegeben.;unknown;33;ai;bii;2;positive;once;False;;;Letzten Monat hat Timo Greta ein peinliches Geheimnis verraten. Vor drei Tagen hat Timo wieder ein peinliches Geheimnis preisgegeben, als er an einem Klassentreffen teilgenommen hat.;Timo hat einmal ein peinliches Geheimnis preisgegeben.;joeddav/xlm-roberta-large-xnli;entailment;0;0.0007694949163123965;0.0004225698939990252;0.9988079071044922
33_ai_bii2_twice_pos;Letzten Monat hat Timo Greta ein peinliches Geheimnis verraten.;Vor drei Tagen hat Timo wieder ein peinliches Geheimnis preisgegeben, als er an einem Klassentreffen teilgenommen hat.;Timo hat mindestens zweimal ein peinliches Geheimnis preisgegeben.;entailment;33;ai;bii;2;positive;twice;False;;;Letzten Monat hat Timo Greta ein peinliches Geheimnis verraten. Vor drei Tagen hat Timo wieder ein peinliches Geheimnis preisgegeben, als er an einem Klassentreffen teilgenommen hat.;Timo hat mindestens zweimal ein peinliches Geheimnis preisgegeben.;joeddav/xlm-roberta-large-xnli;entailment;1;0.00038886332185938954;0.00046351487981155515;0.9991476535797119
33_ai_bii2_cannot_say_pos;Letzten Monat hat Timo Greta ein peinliches Geheimnis verraten.;Vor drei Tagen hat Timo wieder ein peinliches Geheimnis preisgegeben, als er an einem Klassentreffen teilgenommen hat.;Es lässt sich nicht sagen, wie oft Timo ein peinliches Geheimnis preisgegeben hat.;unknown;33;ai;bii;2;positive;cannot say;False;;;Letzten Monat hat Timo Greta ein peinliches Geheimnis verraten. Vor drei Tagen hat Timo wieder ein peinliches Geheimnis preisgegeben, als er an einem Klassentreffen teilgenommen hat.;Es lässt sich nicht sagen, wie oft Timo ein peinliches Geheimnis preisgegeben hat.;joeddav/xlm-roberta-large-xnli;neutral;1;0.0021497688721865416;0.9888767600059509;0.00897352583706379
33_aii_bi1_once_neu;Letzten Monat hat Greta Timo ein peinliches Geheimnis verraten.;Vor drei Tagen hat Greta wieder ein peinliches Geheimnis erfahren, als sie an einem Klassentreffen teilgenommen hat.;Greta hat einmal ein peinliches Geheimnis erfahren.;entailment;33;aii;bi;1;neutral;once;False;;;Letzten Monat hat Greta Timo ein peinliches Geheimnis verraten. Vor drei Tagen hat Greta wieder ein peinliches Geheimnis erfahren, als sie an einem Klassentreffen teilgenommen hat.;Greta hat einmal ein peinliches Geheimnis erfahren.;joeddav/xlm-roberta-large-xnli;entailment;1;0.0006239396752789617;0.0003372432547621429;0.999038815498352
33_aii_bi1_twice_neu;Letzten Monat hat Greta Timo ein peinliches Geheimnis verraten.;Vor drei Tagen hat Greta wieder ein peinliches Geheimnis erfahren, als sie an einem Klassentreffen teilgenommen hat.;Greta hat mindestens zweimal ein peinliches Geheimnis erfahren.;unknown;33;aii;bi;1;neutral;twice;False;;;Letzten Monat hat Greta Timo ein peinliches Geheimnis verraten. Vor drei Tagen hat Greta wieder ein peinliches Geheimnis erfahren, als sie an einem Klassentreffen teilgenommen hat.;Greta hat mindestens zweimal ein peinliches Geheimnis erfahren.;joeddav/xlm-roberta-large-xnli;entailment;0;0.00041337194852530956;0.0005035175709053874;0.9990831613540649
33_aii_bi1_cannot_say_neu;Letzten Monat hat Greta Timo ein peinliches Geheimnis verraten.;Vor drei Tagen hat Greta wieder ein peinliches Geheimnis erfahren, als sie an einem Klassentreffen teilgenommen hat.;Es lässt sich nicht sagen, wie oft Greta ein peinliches Geheimnis erfahren hat.;unknown;33;aii;bi;1;neutral;cannot say;False;;;Letzten Monat hat Greta Timo ein peinliches Geheimnis verraten. Vor drei Tagen hat Greta wieder ein peinliches Geheimnis erfahren, als sie an einem Klassentreffen teilgenommen hat.;Es lässt sich nicht sagen, wie oft Greta ein peinliches Geheimnis erfahren hat.;joeddav/xlm-roberta-large-xnli;neutral;1;0.02323637716472149;0.8427528738975525;0.13401073217391968
33_aii_bi2_once_pos;Letzten Monat hat Greta Timo ein peinliches Geheimnis verraten.;Vor drei Tagen hat Timo wieder ein peinliches Geheimnis erfahren, als er an einem Klassentreffen teilgenommen hat.;Timo hat einmal ein peinliches Geheimnis erfahren.;unknown;33;aii;bi;2;positive;once;False;;;Letzten Monat hat Greta Timo ein peinliches Geheimnis verraten. Vor drei Tagen hat Timo wieder ein peinliches Geheimnis erfahren, als er an einem Klassentreffen teilgenommen hat.;Timo hat einmal ein peinliches Geheimnis erfahren.;joeddav/xlm-roberta-large-xnli;entailment;0;0.0006235447362996638;0.0003508238878566772;0.9990255832672119
33_aii_bi2_twice_pos;Letzten Monat hat Greta Timo ein peinliches Geheimnis verraten.;Vor drei Tagen hat Timo wieder ein peinliches Geheimnis erfahren, als er an einem Klassentreffen teilgenommen hat.;Timo hat mindestens zweimal ein peinliches Geheimnis erfahren.;entailment;33;aii;bi;2;positive;twice;False;;;Letzten Monat hat Greta Timo ein peinliches Geheimnis verraten. Vor drei Tagen hat Timo wieder ein peinliches Geheimnis erfahren, als er an einem Klassentreffen teilgenommen hat.;Timo hat mindestens zweimal ein peinliches Geheimnis erfahren.;joeddav/xlm-roberta-large-xnli;entailment;1;0.00043847120832651854;0.0005085542798042297;0.9990529417991638
33_aii_bi2_cannot_say_pos;Letzten Monat hat Greta Timo ein peinliches Geheimnis verraten.;Vor drei Tagen hat Timo wieder ein peinliches Geheimnis erfahren, als er an einem Klassentreffen teilgenommen hat.;Es lässt sich nicht sagen, wie oft Timo ein peinliches Geheimnis erfahren hat.;unknown;33;aii;bi;2;positive;cannot say;False;;;Letzten Monat hat Greta Timo ein peinliches Geheimnis verraten. Vor drei Tagen hat Timo wieder ein peinliches Geheimnis erfahren, als er an einem Klassentreffen teilgenommen hat.;Es lässt sich nicht sagen, wie oft Timo ein peinliches Geheimnis erfahren hat.;joeddav/xlm-roberta-large-xnli;neutral;1;0.015197744593024254;0.9024417996406555;0.08236046880483627
33_aii_bii1_once_pos;Letzten Monat hat Greta Timo ein peinliches Geheimnis verraten.;Vor drei Tagen hat Greta wieder ein peinliches Geheimnis preisgegeben, als sie an einem Klassentreffen teilgenommen hat.;Greta hat einmal ein peinliches Geheimnis preisgegeben.;unknown;33;aii;bii;1;positive;once;False;;;Letzten Monat hat Greta Timo ein peinliches Geheimnis verraten. Vor drei Tagen hat Greta wieder ein peinliches Geheimnis preisgegeben, als sie an einem Klassentreffen teilgenommen hat.;Greta hat einmal ein peinliches Geheimnis preisgegeben.;joeddav/xlm-roberta-large-xnli;entailment;0;0.0007501817890442908;0.0004409296379890293;0.9988088607788086
33_aii_bii1_twice_pos;Letzten Monat hat Greta Timo ein peinliches Geheimnis verraten.;Vor drei Tagen hat Greta wieder ein peinliches Geheimnis preisgegeben, als sie an einem Klassentreffen teilgenommen hat.;Greta hat mindestens zweimal ein peinliches Geheimnis preisgegeben.;entailment;33;aii;bii;1;positive;twice;False;;;Letzten Monat hat Greta Timo ein peinliches Geheimnis verraten. Vor drei Tagen hat Greta wieder ein peinliches Geheimnis preisgegeben, als sie an einem Klassentreffen teilgenommen hat.;Greta hat mindestens zweimal ein peinliches Geheimnis preisgegeben.;joeddav/xlm-roberta-large-xnli;entailment;1;0.00036387311411090195;0.0004305624752305448;0.9992055296897888
33_aii_bii1_cannot_say_pos;Letzten Monat hat Greta Timo ein peinliches Geheimnis verraten.;Vor drei Tagen hat Greta wieder ein peinliches Geheimnis preisgegeben, als sie an einem Klassentreffen teilgenommen hat.;Es lässt sich nicht sagen, wie oft Greta ein peinliches Geheimnis preisgegeben hat.;unknown;33;aii;bii;1;positive;cannot say;False;;;Letzten Monat hat Greta Timo ein peinliches Geheimnis verraten. Vor drei Tagen hat Greta wieder ein peinliches Geheimnis preisgegeben, als sie an einem Klassentreffen teilgenommen hat.;Es lässt sich nicht sagen, wie oft Greta ein peinliches Geheimnis preisgegeben hat.;joeddav/xlm-roberta-large-xnli;neutral;1;0.001901959185488522;0.9902505874633789;0.007847456261515617
33_aii_bii2_once_neu;Letzten Monat hat Greta Timo ein peinliches Geheimnis verraten.;Vor drei Tagen hat Timo wieder ein peinliches Geheimnis preisgegeben, als er an einem Klassentreffen teilgenommen hat.;Timo hat einmal ein peinliches Geheimnis preisgegeben.;entailment;33;aii;bii;2;neutral;once;False;;;Letzten Monat hat Greta Timo ein peinliches Geheimnis verraten. Vor drei Tagen hat Timo wieder ein peinliches Geheimnis preisgegeben, als er an einem Klassentreffen teilgenommen hat.;Timo hat einmal ein peinliches Geheimnis preisgegeben.;joeddav/xlm-roberta-large-xnli;entailment;1;0.0007802651380188763;0.0004050673160236329;0.9988147020339966
33_aii_bii2_twice_neu;Letzten Monat hat Greta Timo ein peinliches Geheimnis verraten.;Vor drei Tagen hat Timo wieder ein peinliches Geheimnis preisgegeben, als er an einem Klassentreffen teilgenommen hat.;Timo hat mindestens zweimal ein peinliches Geheimnis preisgegeben.;unknown;33;aii;bii;2;neutral;twice;False;;;Letzten Monat hat Greta Timo ein peinliches Geheimnis verraten. Vor drei Tagen hat Timo wieder ein peinliches Geheimnis preisgegeben, als er an einem Klassentreffen teilgenommen hat.;Timo hat mindestens zweimal ein peinliches Geheimnis preisgegeben.;joeddav/xlm-roberta-large-xnli;entailment;0;0.0004033885197713971;0.00048742658691480756;0.9991092085838318
33_aii_bii2_cannot_say_neu;Letzten Monat hat Greta Timo ein peinliches Geheimnis verraten.;Vor drei Tagen hat Timo wieder ein peinliches Geheimnis preisgegeben, als er an einem Klassentreffen teilgenommen hat.;Es lässt sich nicht sagen, wie oft Timo ein peinliches Geheimnis preisgegeben hat.;unknown;33;aii;bii;2;neutral;cannot say;False;;;Letzten Monat hat Greta Timo ein peinliches Geheimnis verraten. Vor drei Tagen hat Timo wieder ein peinliches Geheimnis preisgegeben, als er an einem Klassentreffen teilgenommen hat.;Es lässt sich nicht sagen, wie oft Timo ein peinliches Geheimnis preisgegeben hat.;joeddav/xlm-roberta-large-xnli;neutral;1;0.0021993168629705906;0.9876339435577393;0.010166730731725693
34_ai_bi1_once_pos;Vor vier Monaten hat Timo Sabine einen neuen Haarschnitt verpasst.;Vor einer Woche hat Sabine wieder einen neuen Haarschnitt bekommen, weil sie an einem Frisurenwettbewerb teilgenommen hat.;Sabine hat einmal einen neuen Haarschnitt bekommen.;unknown;34;ai;bi;1;positive;once;False;;;Vor vier Monaten hat Timo Sabine einen neuen Haarschnitt verpasst. Vor einer Woche hat Sabine wieder einen neuen Haarschnitt bekommen, weil sie an einem Frisurenwettbewerb teilgenommen hat.;Sabine hat einmal einen neuen Haarschnitt bekommen.;joeddav/xlm-roberta-large-xnli;entailment;0;0.0009151176200248301;0.00024286736152134836;0.9988420605659485
34_ai_bi1_twice_pos;Vor vier Monaten hat Timo Sabine einen neuen Haarschnitt verpasst.;Vor einer Woche hat Sabine wieder einen neuen Haarschnitt bekommen, weil sie an einem Frisurenwettbewerb teilgenommen hat.;Sabine hat mindestens zweimal einen neuen Haarschnitt bekommen.;entailment;34;ai;bi;1;positive;twice;False;;;Vor vier Monaten hat Timo Sabine einen neuen Haarschnitt verpasst. Vor einer Woche hat Sabine wieder einen neuen Haarschnitt bekommen, weil sie an einem Frisurenwettbewerb teilgenommen hat.;Sabine hat mindestens zweimal einen neuen Haarschnitt bekommen.;joeddav/xlm-roberta-large-xnli;entailment;1;0.00047661850112490356;0.00026740095927380025;0.9992559552192688
34_ai_bi1_cannot_say_pos;Vor vier Monaten hat Timo Sabine einen neuen Haarschnitt verpasst.;Vor einer Woche hat Sabine wieder einen neuen Haarschnitt bekommen, weil sie an einem Frisurenwettbewerb teilgenommen hat.;Es lässt sich nicht sagen, wie oft Sabine einen neuen Haarschnitt bekommen hat.;unknown;34;ai;bi;1;positive;cannot say;False;;;Vor vier Monaten hat Timo Sabine einen neuen Haarschnitt verpasst. Vor einer Woche hat Sabine wieder einen neuen Haarschnitt bekommen, weil sie an einem Frisurenwettbewerb teilgenommen hat.;Es lässt sich nicht sagen, wie oft Sabine einen neuen Haarschnitt bekommen hat.;joeddav/xlm-roberta-large-xnli;entailment;0;0.022867178544402122;0.025692488998174667;0.9514403343200684
34_ai_bi2_once_neu;Vor vier Monaten hat Timo Sabine einen neuen Haarschnitt verpasst.;Vor einer Woche hat Timo wieder einen neuen Haarschnitt bekommen, weil er an einem Frisurenwettbewerb teilgenommen hat.;Timo hat einmal einen neuen Haarschnitt bekommen.;entailment;34;ai;bi;2;neutral;once;False;;;Vor vier Monaten hat Timo Sabine einen neuen Haarschnitt verpasst. Vor einer Woche hat Timo wieder einen neuen Haarschnitt bekommen, weil er an einem Frisurenwettbewerb teilgenommen hat.;Timo hat einmal einen neuen Haarschnitt bekommen.;joeddav/xlm-roberta-large-xnli;entailment;1;0.0008024419075809419;0.00022184854606166482;0.9989757537841797
34_ai_bi2_twice_neu;Vor vier Monaten hat Timo Sabine einen neuen Haarschnitt verpasst.;Vor einer Woche hat Timo wieder einen neuen Haarschnitt bekommen, weil er an einem Frisurenwettbewerb teilgenommen hat.;Timo hat mindestens zweimal einen neuen Haarschnitt bekommen.;unknown;34;ai;bi;2;neutral;twice;False;;;Vor vier Monaten hat Timo Sabine einen neuen Haarschnitt verpasst. Vor einer Woche hat Timo wieder einen neuen Haarschnitt bekommen, weil er an einem Frisurenwettbewerb teilgenommen hat.;Timo hat mindestens zweimal einen neuen Haarschnitt bekommen.;joeddav/xlm-roberta-large-xnli;entailment;0;0.0004482023941818625;0.0002601253509055823;0.9992916584014893
34_ai_bi2_cannot_say_neu;Vor vier Monaten hat Timo Sabine einen neuen Haarschnitt verpasst.;Vor einer Woche hat Timo wieder einen neuen Haarschnitt bekommen, weil er an einem Frisurenwettbewerb teilgenommen hat.;Es lässt sich nicht sagen, wie oft Timo einen neuen Haarschnitt bekommen hat.;unknown;34;ai;bi;2;neutral;cannot say;False;;;Vor vier Monaten hat Timo Sabine einen neuen Haarschnitt verpasst. Vor einer Woche hat Timo wieder einen neuen Haarschnitt bekommen, weil er an einem Frisurenwettbewerb teilgenommen hat.;Es lässt sich nicht sagen, wie oft Timo einen neuen Haarschnitt bekommen hat.;joeddav/xlm-roberta-large-xnli;entailment;0;0.011513437144458294;0.011072344146668911;0.9774142503738403
34_ai_bii1_once_neu;Vor vier Monaten hat Timo Sabine einen neuen Haarschnitt verpasst.;Vor einer Woche hat Sabine wieder einen neuen Haarschnitt kreiert, weil sie an einem Frisurenwettbewerb teilgenommen hat.;Sabine hat einmal einen neuen Haarschnitt kreiert.;entailment;34;ai;bii;1;neutral;once;False;;;Vor vier Monaten hat Timo Sabine einen neuen Haarschnitt verpasst. Vor einer Woche hat Sabine wieder einen neuen Haarschnitt kreiert, weil sie an einem Frisurenwettbewerb teilgenommen hat.;Sabine hat einmal einen neuen Haarschnitt kreiert.;joeddav/xlm-roberta-large-xnli;entailment;1;0.0013822276378050447;0.00031381656299345195;0.9983038902282715
34_ai_bii1_twice_neu;Vor vier Monaten hat Timo Sabine einen neuen Haarschnitt verpasst.;Vor einer Woche hat Sabine wieder einen neuen Haarschnitt kreiert, weil sie an einem Frisurenwettbewerb teilgenommen hat.;Sabine hat mindestens zweimal einen neuen Haarschnitt kreiert.;unknown;34;ai;bii;1;neutral;twice;False;;;Vor vier Monaten hat Timo Sabine einen neuen Haarschnitt verpasst. Vor einer Woche hat Sabine wieder einen neuen Haarschnitt kreiert, weil sie an einem Frisurenwettbewerb teilgenommen hat.;Sabine hat mindestens zweimal einen neuen Haarschnitt kreiert.;joeddav/xlm-roberta-large-xnli;entailment;0;0.00041494640754535794;0.00022954450105316937;0.9993554949760437
34_ai_bii1_cannot_say_neu;Vor vier Monaten hat Timo Sabine einen neuen Haarschnitt verpasst.;Vor einer Woche hat Sabine wieder einen neuen Haarschnitt kreiert, weil sie an einem Frisurenwettbewerb teilgenommen hat.;Es lässt sich nicht sagen, wie oft Sabine einen neuen Haarschnitt kreiert hat.;unknown;34;ai;bii;1;neutral;cannot say;False;;;Vor vier Monaten hat Timo Sabine einen neuen Haarschnitt verpasst. Vor einer Woche hat Sabine wieder einen neuen Haarschnitt kreiert, weil sie an einem Frisurenwettbewerb teilgenommen hat.;Es lässt sich nicht sagen, wie oft Sabine einen neuen Haarschnitt kreiert hat.;joeddav/xlm-roberta-large-xnli;entailment;0;0.017736488953232765;0.006384746637195349;0.9758787751197815
34_ai_bii2_once_pos;Vor vier Monaten hat Timo Sabine einen neuen Haarschnitt verpasst.;Vor einer Woche hat Timo wieder einen neuen Haarschnitt kreiert, weil er an einem Frisurenwettbewerb teilgenommen hat.;Timo hat einmal einen neuen Haarschnitt kreiert.;unknown;34;ai;bii;2;positive;once;False;;;Vor vier Monaten hat Timo Sabine einen neuen Haarschnitt verpasst. Vor einer Woche hat Timo wieder einen neuen Haarschnitt kreiert, weil er an einem Frisurenwettbewerb teilgenommen hat.;Timo hat einmal einen neuen Haarschnitt kreiert.;joeddav/xlm-roberta-large-xnli;entailment;0;0.0012666374677792192;0.0003018885909114033;0.9984315037727356
34_ai_bii2_twice_pos;Vor vier Monaten hat Timo Sabine einen neuen Haarschnitt verpasst.;Vor einer Woche hat Timo wieder einen neuen Haarschnitt kreiert, weil er an einem Frisurenwettbewerb teilgenommen hat.;Timo hat mindestens zweimal einen neuen Haarschnitt kreiert.;entailment;34;ai;bii;2;positive;twice;False;;;Vor vier Monaten hat Timo Sabine einen neuen Haarschnitt verpasst. Vor einer Woche hat Timo wieder einen neuen Haarschnitt kreiert, weil er an einem Frisurenwettbewerb teilgenommen hat.;Timo hat mindestens zweimal einen neuen Haarschnitt kreiert.;joeddav/xlm-roberta-large-xnli;entailment;1;0.0003375338274054229;0.0002133717789547518;0.9994490742683411
34_ai_bii2_cannot_say_pos;Vor vier Monaten hat Timo Sabine einen neuen Haarschnitt verpasst.;Vor einer Woche hat Timo wieder einen neuen Haarschnitt kreiert, weil er an einem Frisurenwettbewerb teilgenommen hat.;Es lässt sich nicht sagen, wie oft Timo einen neuen Haarschnitt kreiert hat.;unknown;34;ai;bii;2;positive;cannot say;False;;;Vor vier Monaten hat Timo Sabine einen neuen Haarschnitt verpasst. Vor einer Woche hat Timo wieder einen neuen Haarschnitt kreiert, weil er an einem Frisurenwettbewerb teilgenommen hat.;Es lässt sich nicht sagen, wie oft Timo einen neuen Haarschnitt kreiert hat.;joeddav/xlm-roberta-large-xnli;entailment;0;0.011132695712149143;0.005738273728638887;0.9831289649009705
34_aii_bi1_once_neu;Vor vier Monaten hat Sabine Timo einen neuen Haarschnitt verpasst.;Vor einer Woche hat Sabine wieder einen neuen Haarschnitt bekommen, weil sie an einem Frisurenwettbewerb teilgenommen hat.;Sabine hat einmal einen neuen Haarschnitt bekommen.;entailment;34;aii;bi;1;neutral;once;False;;;Vor vier Monaten hat Sabine Timo einen neuen Haarschnitt verpasst. Vor einer Woche hat Sabine wieder einen neuen Haarschnitt bekommen, weil sie an einem Frisurenwettbewerb teilgenommen hat.;Sabine hat einmal einen neuen Haarschnitt bekommen.;joeddav/xlm-roberta-large-xnli;entailment;1;0.0008269276586361229;0.00023561525449622422;0.9989374279975891
34_aii_bi1_twice_neu;Vor vier Monaten hat Sabine Timo einen neuen Haarschnitt verpasst.;Vor einer Woche hat Sabine wieder einen neuen Haarschnitt bekommen, weil sie an einem Frisurenwettbewerb teilgenommen hat.;Sabine hat mindestens zweimal einen neuen Haarschnitt bekommen.;unknown;34;aii;bi;1;neutral;twice;False;;;Vor vier Monaten hat Sabine Timo einen neuen Haarschnitt verpasst. Vor einer Woche hat Sabine wieder einen neuen Haarschnitt bekommen, weil sie an einem Frisurenwettbewerb teilgenommen hat.;Sabine hat mindestens zweimal einen neuen Haarschnitt bekommen.;joeddav/xlm-roberta-large-xnli;entailment;0;0.0004106802516616881;0.00024286791449412704;0.9993464350700378
34_aii_bi1_cannot_say_neu;Vor vier Monaten hat Sabine Timo einen neuen Haarschnitt verpasst.;Vor einer Woche hat Sabine wieder einen neuen Haarschnitt bekommen, weil sie an einem Frisurenwettbewerb teilgenommen hat.;Es lässt sich nicht sagen, wie oft Sabine einen neuen Haarschnitt bekommen hat.;unknown;34;aii;bi;1;neutral;cannot say;False;;;Vor vier Monaten hat Sabine Timo einen neuen Haarschnitt verpasst. Vor einer Woche hat Sabine wieder einen neuen Haarschnitt bekommen, weil sie an einem Frisurenwettbewerb teilgenommen hat.;Es lässt sich nicht sagen, wie oft Sabine einen neuen Haarschnitt bekommen hat.;joeddav/xlm-roberta-large-xnli;entailment;0;0.01595121994614601;0.015488840639591217;0.968559980392456
34_aii_bi2_once_pos;Vor vier Monaten hat Sabine Timo einen neuen Haarschnitt verpasst.;Vor einer Woche hat Timo wieder einen neuen Haarschnitt bekommen, weil er an einem Frisurenwettbewerb teilgenommen hat.;Timo hat einmal einen neuen Haarschnitt bekommen.;unknown;34;aii;bi;2;positive;once;False;;;Vor vier Monaten hat Sabine Timo einen neuen Haarschnitt verpasst. Vor einer Woche hat Timo wieder einen neuen Haarschnitt bekommen, weil er an einem Frisurenwettbewerb teilgenommen hat.;Timo hat einmal einen neuen Haarschnitt bekommen.;joeddav/xlm-roberta-large-xnli;entailment;0;0.0008995640091598034;0.00023176331887952983;0.9988686442375183
34_aii_bi2_twice_pos;Vor vier Monaten hat Sabine Timo einen neuen Haarschnitt verpasst.;Vor einer Woche hat Timo wieder einen neuen Haarschnitt bekommen, weil er an einem Frisurenwettbewerb teilgenommen hat.;Timo hat mindestens zweimal einen neuen Haarschnitt bekommen.;entailment;34;aii;bi;2;positive;twice;False;;;Vor vier Monaten hat Sabine Timo einen neuen Haarschnitt verpasst. Vor einer Woche hat Timo wieder einen neuen Haarschnitt bekommen, weil er an einem Frisurenwettbewerb teilgenommen hat.;Timo hat mindestens zweimal einen neuen Haarschnitt bekommen.;joeddav/xlm-roberta-large-xnli;entailment;1;0.0004928064881823957;0.00027826192672364414;0.9992289543151855
34_aii_bi2_cannot_say_pos;Vor vier Monaten hat Sabine Timo einen neuen Haarschnitt verpasst.;Vor einer Woche hat Timo wieder einen neuen Haarschnitt bekommen, weil er an einem Frisurenwettbewerb teilgenommen hat.;Es lässt sich nicht sagen, wie oft Timo einen neuen Haarschnitt bekommen hat.;unknown;34;aii;bi;2;positive;cannot say;False;;;Vor vier Monaten hat Sabine Timo einen neuen Haarschnitt verpasst. Vor einer Woche hat Timo wieder einen neuen Haarschnitt bekommen, weil er an einem Frisurenwettbewerb teilgenommen hat.;Es lässt sich nicht sagen, wie oft Timo einen neuen Haarschnitt bekommen hat.;joeddav/xlm-roberta-large-xnli;entailment;0;0.01473550871014595;0.013658512383699417;0.9716059565544128
34_aii_bii1_once_pos;Vor vier Monaten hat Sabine Timo einen neuen Haarschnitt verpasst.;Vor einer Woche hat Sabine wieder einen neuen Haarschnitt kreiert, weil sie an einem Frisurenwettbewerb teilgenommen hat.;Sabine hat einmal einen neuen Haarschnitt kreiert.;unknown;34;aii;bii;1;positive;once;False;;;Vor vier Monaten hat Sabine Timo einen neuen Haarschnitt verpasst. Vor einer Woche hat Sabine wieder einen neuen Haarschnitt kreiert, weil sie an einem Frisurenwettbewerb teilgenommen hat.;Sabine hat einmal einen neuen Haarschnitt kreiert.;joeddav/xlm-roberta-large-xnli;entailment;0;0.001163323177024722;0.0002861250832211226;0.9985504746437073
34_aii_bii1_twice_pos;Vor vier Monaten hat Sabine Timo einen neuen Haarschnitt verpasst.;Vor einer Woche hat Sabine wieder einen neuen Haarschnitt kreiert, weil sie an einem Frisurenwettbewerb teilgenommen hat.;Sabine hat mindestens zweimal einen neuen Haarschnitt kreiert.;entailment;34;aii;bii;1;positive;twice;False;;;Vor vier Monaten hat Sabine Timo einen neuen Haarschnitt verpasst. Vor einer Woche hat Sabine wieder einen neuen Haarschnitt kreiert, weil sie an einem Frisurenwettbewerb teilgenommen hat.;Sabine hat mindestens zweimal einen neuen Haarschnitt kreiert.;joeddav/xlm-roberta-large-xnli;entailment;1;0.00034782401053234935;0.00020968889293726534;0.9994425177574158
34_aii_bii1_cannot_say_pos;Vor vier Monaten hat Sabine Timo einen neuen Haarschnitt verpasst.;Vor einer Woche hat Sabine wieder einen neuen Haarschnitt kreiert, weil sie an einem Frisurenwettbewerb teilgenommen hat.;Es lässt sich nicht sagen, wie oft Sabine einen neuen Haarschnitt kreiert hat.;unknown;34;aii;bii;1;positive;cannot say;False;;;Vor vier Monaten hat Sabine Timo einen neuen Haarschnitt verpasst. Vor einer Woche hat Sabine wieder einen neuen Haarschnitt kreiert, weil sie an einem Frisurenwettbewerb teilgenommen hat.;Es lässt sich nicht sagen, wie oft Sabine einen neuen Haarschnitt kreiert hat.;joeddav/xlm-roberta-large-xnli;entailment;0;0.014056364074349403;0.005243917927145958;0.9806997179985046
34_aii_bii2_once_neu;Vor vier Monaten hat Sabine Timo einen neuen Haarschnitt verpasst.;Vor einer Woche hat Timo wieder einen neuen Haarschnitt kreiert, weil er an einem Frisurenwettbewerb teilgenommen hat.;Timo hat einmal einen neuen Haarschnitt kreiert.;entailment;34;aii;bii;2;neutral;once;False;;;Vor vier Monaten hat Sabine Timo einen neuen Haarschnitt verpasst. Vor einer Woche hat Timo wieder einen neuen Haarschnitt kreiert, weil er an einem Frisurenwettbewerb teilgenommen hat.;Timo hat einmal einen neuen Haarschnitt kreiert.;joeddav/xlm-roberta-large-xnli;entailment;1;0.0014582114527001977;0.00031727380701340735;0.9982245564460754
34_aii_bii2_twice_neu;Vor vier Monaten hat Sabine Timo einen neuen Haarschnitt verpasst.;Vor einer Woche hat Timo wieder einen neuen Haarschnitt kreiert, weil er an einem Frisurenwettbewerb teilgenommen hat.;Timo hat mindestens zweimal einen neuen Haarschnitt kreiert.;unknown;34;aii;bii;2;neutral;twice;False;;;Vor vier Monaten hat Sabine Timo einen neuen Haarschnitt verpasst. Vor einer Woche hat Timo wieder einen neuen Haarschnitt kreiert, weil er an einem Frisurenwettbewerb teilgenommen hat.;Timo hat mindestens zweimal einen neuen Haarschnitt kreiert.;joeddav/xlm-roberta-large-xnli;entailment;0;0.00041585907456465065;0.0002298382023582235;0.9993543028831482
34_aii_bii2_cannot_say_neu;Vor vier Monaten hat Sabine Timo einen neuen Haarschnitt verpasst.;Vor einer Woche hat Timo wieder einen neuen Haarschnitt kreiert, weil er an einem Frisurenwettbewerb teilgenommen hat.;Es lässt sich nicht sagen, wie oft Timo einen neuen Haarschnitt kreiert hat.;unknown;34;aii;bii;2;neutral;cannot say;False;;;Vor vier Monaten hat Sabine Timo einen neuen Haarschnitt verpasst. Vor einer Woche hat Timo wieder einen neuen Haarschnitt kreiert, weil er an einem Frisurenwettbewerb teilgenommen hat.;Es lässt sich nicht sagen, wie oft Timo einen neuen Haarschnitt kreiert hat.;joeddav/xlm-roberta-large-xnli;entailment;0;0.01291048713028431;0.005522879306226969;0.9815666675567627
35_ai_bi1_once_pos;Vorletzte Woche hat Timo Tina fünf Euro geborgt.;Vor zwei Tagen hat Tina wieder eine kleine Geldsumme ausgeliehen, als sie in einer Kneipe verabredet war.;Tina hat einmal eine kleine Geldsumme ausgeliehen.;unknown;35;ai;bi;1;positive;once;False;;;Vorletzte Woche hat Timo Tina fünf Euro geborgt. Vor zwei Tagen hat Tina wieder eine kleine Geldsumme ausgeliehen, als sie in einer Kneipe verabredet war.;Tina hat einmal eine kleine Geldsumme ausgeliehen.;joeddav/xlm-roberta-large-xnli;entailment;0;0.0005565672763623297;0.00024760584346950054;0.9991958737373352
35_ai_bi1_twice_pos;Vorletzte Woche hat Timo Tina fünf Euro geborgt.;Vor zwei Tagen hat Tina wieder eine kleine Geldsumme ausgeliehen, als sie in einer Kneipe verabredet war.;Tina hat mindestens zweimal eine kleine Geldsumme ausgeliehen.;entailment;35;ai;bi;1;positive;twice;False;;;Vorletzte Woche hat Timo Tina fünf Euro geborgt. Vor zwei Tagen hat Tina wieder eine kleine Geldsumme ausgeliehen, als sie in einer Kneipe verabredet war.;Tina hat mindestens zweimal eine kleine Geldsumme ausgeliehen.;joeddav/xlm-roberta-large-xnli;entailment;1;0.0002930012997239828;0.0002547431504353881;0.9994522929191589
35_ai_bi1_cannot_say_pos;Vorletzte Woche hat Timo Tina fünf Euro geborgt.;Vor zwei Tagen hat Tina wieder eine kleine Geldsumme ausgeliehen, als sie in einer Kneipe verabredet war.;Es lässt sich nicht sagen, wie oft Tina eine kleine Geldsumme ausgeliehen hat.;unknown;35;ai;bi;1;positive;cannot say;False;;;Vorletzte Woche hat Timo Tina fünf Euro geborgt. Vor zwei Tagen hat Tina wieder eine kleine Geldsumme ausgeliehen, als sie in einer Kneipe verabredet war.;Es lässt sich nicht sagen, wie oft Tina eine kleine Geldsumme ausgeliehen hat.;joeddav/xlm-roberta-large-xnli;entailment;0;0.01565651036798954;0.4453835189342499;0.5389599800109863
35_ai_bi2_once_neu;Vorletzte Woche hat Timo Tina fünf Euro geborgt.;Vor zwei Tagen hat Timo wieder eine kleine Geldsumme ausgeliehen, als er in einer Kneipe verabredet war.;Timo hat einmal eine kleine Geldsumme ausgeliehen.;entailment;35;ai;bi;2;neutral;once;False;;;Vorletzte Woche hat Timo Tina fünf Euro geborgt. Vor zwei Tagen hat Timo wieder eine kleine Geldsumme ausgeliehen, als er in einer Kneipe verabredet war.;Timo hat einmal eine kleine Geldsumme ausgeliehen.;joeddav/xlm-roberta-large-xnli;entailment;1;0.00048396215424872935;0.00023343109933193773;0.9992826581001282
35_ai_bi2_twice_neu;Vorletzte Woche hat Timo Tina fünf Euro geborgt.;Vor zwei Tagen hat Timo wieder eine kleine Geldsumme ausgeliehen, als er in einer Kneipe verabredet war.;Timo hat mindestens zweimal eine kleine Geldsumme ausgeliehen.;unknown;35;ai;bi;2;neutral;twice;False;;;Vorletzte Woche hat Timo Tina fünf Euro geborgt. Vor zwei Tagen hat Timo wieder eine kleine Geldsumme ausgeliehen, als er in einer Kneipe verabredet war.;Timo hat mindestens zweimal eine kleine Geldsumme ausgeliehen.;joeddav/xlm-roberta-large-xnli;entailment;0;0.0002838315849658102;0.0002462080155964941;0.9994699358940125
35_ai_bi2_cannot_say_neu;Vorletzte Woche hat Timo Tina fünf Euro geborgt.;Vor zwei Tagen hat Timo wieder eine kleine Geldsumme ausgeliehen, als er in einer Kneipe verabredet war.;Es lässt sich nicht sagen, wie oft Timo eine kleine Geldsumme ausgeliehen hat.;unknown;35;ai;bi;2;neutral;cannot say;False;;;Vorletzte Woche hat Timo Tina fünf Euro geborgt. Vor zwei Tagen hat Timo wieder eine kleine Geldsumme ausgeliehen, als er in einer Kneipe verabredet war.;Es lässt sich nicht sagen, wie oft Timo eine kleine Geldsumme ausgeliehen hat.;joeddav/xlm-roberta-large-xnli;entailment;0;0.017595339566469193;0.32046979665756226;0.6619347929954529
35_ai_bii1_once_neu;Vorletzte Woche hat Timo Tina fünf Euro geborgt.;Vor zwei Tagen hat Tina wieder eine kleine Geldsumme verliehen, als sie in einer Kneipe verabredet war.;Tina hat einmal eine kleine Geldsumme verliehen.;entailment;35;ai;bii;1;neutral;once;False;;;Vorletzte Woche hat Timo Tina fünf Euro geborgt. Vor zwei Tagen hat Tina wieder eine kleine Geldsumme verliehen, als sie in einer Kneipe verabredet war.;Tina hat einmal eine kleine Geldsumme verliehen.;joeddav/xlm-roberta-large-xnli;entailment;1;0.0007601078250445426;0.0003064882766921073;0.9989333748817444
35_ai_bii1_twice_neu;Vorletzte Woche hat Timo Tina fünf Euro geborgt.;Vor zwei Tagen hat Tina wieder eine kleine Geldsumme verliehen, als sie in einer Kneipe verabredet war.;Tina hat mindestens zweimal eine kleine Geldsumme verliehen.;unknown;35;ai;bii;1;neutral;twice;False;;;Vorletzte Woche hat Timo Tina fünf Euro geborgt. Vor zwei Tagen hat Tina wieder eine kleine Geldsumme verliehen, als sie in einer Kneipe verabredet war.;Tina hat mindestens zweimal eine kleine Geldsumme verliehen.;joeddav/xlm-roberta-large-xnli;entailment;0;0.00031045309151522815;0.00028952592401765287;0.9994000196456909
35_ai_bii1_cannot_say_neu;Vorletzte Woche hat Timo Tina fünf Euro geborgt.;Vor zwei Tagen hat Tina wieder eine kleine Geldsumme verliehen, als sie in einer Kneipe verabredet war.;Es lässt sich nicht sagen, wie oft Tina eine kleine Geldsumme verliehen hat.;unknown;35;ai;bii;1;neutral;cannot say;False;;;Vorletzte Woche hat Timo Tina fünf Euro geborgt. Vor zwei Tagen hat Tina wieder eine kleine Geldsumme verliehen, als sie in einer Kneipe verabredet war.;Es lässt sich nicht sagen, wie oft Tina eine kleine Geldsumme verliehen hat.;joeddav/xlm-roberta-large-xnli;neutral;1;0.00493994215503335;0.8965107202529907;0.0985492467880249
35_ai_bii2_once_pos;Vorletzte Woche hat Timo Tina fünf Euro geborgt.;Vor zwei Tagen hat Timo wieder eine kleine Geldsumme verliehen, als er in einer Kneipe verabredet war.;Timo hat einmal eine kleine Geldsumme verliehen.;unknown;35;ai;bii;2;positive;once;False;;;Vorletzte Woche hat Timo Tina fünf Euro geborgt. Vor zwei Tagen hat Timo wieder eine kleine Geldsumme verliehen, als er in einer Kneipe verabredet war.;Timo hat einmal eine kleine Geldsumme verliehen.;joeddav/xlm-roberta-large-xnli;entailment;0;0.0006312169716693461;0.0002755313762463629;0.9990932941436768
35_ai_bii2_twice_pos;Vorletzte Woche hat Timo Tina fünf Euro geborgt.;Vor zwei Tagen hat Timo wieder eine kleine Geldsumme verliehen, als er in einer Kneipe verabredet war.;Timo hat mindestens zweimal eine kleine Geldsumme verliehen.;entailment;35;ai;bii;2;positive;twice;False;;;Vorletzte Woche hat Timo Tina fünf Euro geborgt. Vor zwei Tagen hat Timo wieder eine kleine Geldsumme verliehen, als er in einer Kneipe verabredet war.;Timo hat mindestens zweimal eine kleine Geldsumme verliehen.;joeddav/xlm-roberta-large-xnli;entailment;1;0.00028417835710570216;0.00026838143821805716;0.9994474053382874
35_ai_bii2_cannot_say_pos;Vorletzte Woche hat Timo Tina fünf Euro geborgt.;Vor zwei Tagen hat Timo wieder eine kleine Geldsumme verliehen, als er in einer Kneipe verabredet war.;Es lässt sich nicht sagen, wie oft Timo eine kleine Geldsumme verliehen hat.;unknown;35;ai;bii;2;positive;cannot say;False;;;Vorletzte Woche hat Timo Tina fünf Euro geborgt. Vor zwei Tagen hat Timo wieder eine kleine Geldsumme verliehen, als er in einer Kneipe verabredet war.;Es lässt sich nicht sagen, wie oft Timo eine kleine Geldsumme verliehen hat.;joeddav/xlm-roberta-large-xnli;neutral;1;0.006700758822262287;0.8368196487426758;0.1564796268939972
35_aii_bi1_once_neu;Vorletzte Woche hat Tina Timo fünf Euro geborgt.;Vor zwei Tagen hat Tina wieder eine kleine Geldsumme ausgeliehen, als sie in einer Kneipe verabredet war.;Tina hat einmal eine kleine Geldsumme ausgeliehen.;entailment;35;aii;bi;1;neutral;once;False;;;Vorletzte Woche hat Tina Timo fünf Euro geborgt. Vor zwei Tagen hat Tina wieder eine kleine Geldsumme ausgeliehen, als sie in einer Kneipe verabredet war.;Tina hat einmal eine kleine Geldsumme ausgeliehen.;joeddav/xlm-roberta-large-xnli;entailment;1;0.0005071068299002945;0.000244692899286747;0.999248206615448
35_aii_bi1_twice_neu;Vorletzte Woche hat Tina Timo fünf Euro geborgt.;Vor zwei Tagen hat Tina wieder eine kleine Geldsumme ausgeliehen, als sie in einer Kneipe verabredet war.;Tina hat mindestens zweimal eine kleine Geldsumme ausgeliehen.;unknown;35;aii;bi;1;neutral;twice;False;;;Vorletzte Woche hat Tina Timo fünf Euro geborgt. Vor zwei Tagen hat Tina wieder eine kleine Geldsumme ausgeliehen, als sie in einer Kneipe verabredet war.;Tina hat mindestens zweimal eine kleine Geldsumme ausgeliehen.;joeddav/xlm-roberta-large-xnli;entailment;0;0.00026190243079327047;0.0002404862898401916;0.999497652053833
35_aii_bi1_cannot_say_neu;Vorletzte Woche hat Tina Timo fünf Euro geborgt.;Vor zwei Tagen hat Tina wieder eine kleine Geldsumme ausgeliehen, als sie in einer Kneipe verabredet war.;Es lässt sich nicht sagen, wie oft Tina eine kleine Geldsumme ausgeliehen hat.;unknown;35;aii;bi;1;neutral;cannot say;False;;;Vorletzte Woche hat Tina Timo fünf Euro geborgt. Vor zwei Tagen hat Tina wieder eine kleine Geldsumme ausgeliehen, als sie in einer Kneipe verabredet war.;Es lässt sich nicht sagen, wie oft Tina eine kleine Geldsumme ausgeliehen hat.;joeddav/xlm-roberta-large-xnli;entailment;0;0.020505817607045174;0.43101203441619873;0.5484821796417236
35_aii_bi2_once_pos;Vorletzte Woche hat Tina Timo fünf Euro geborgt.;Vor zwei Tagen hat Timo wieder eine kleine Geldsumme ausgeliehen, als er in einer Kneipe verabredet war.;Timo hat einmal eine kleine Geldsumme ausgeliehen.;unknown;35;aii;bi;2;positive;once;False;;;Vorletzte Woche hat Tina Timo fünf Euro geborgt. Vor zwei Tagen hat Timo wieder eine kleine Geldsumme ausgeliehen, als er in einer Kneipe verabredet war.;Timo hat einmal eine kleine Geldsumme ausgeliehen.;joeddav/xlm-roberta-large-xnli;entailment;0;0.0005419881199486554;0.00024009040498640388;0.9992178678512573
35_aii_bi2_twice_pos;Vorletzte Woche hat Tina Timo fünf Euro geborgt.;Vor zwei Tagen hat Timo wieder eine kleine Geldsumme ausgeliehen, als er in einer Kneipe verabredet war.;Timo hat mindestens zweimal eine kleine Geldsumme ausgeliehen.;entailment;35;aii;bi;2;positive;twice;False;;;Vorletzte Woche hat Tina Timo fünf Euro geborgt. Vor zwei Tagen hat Timo wieder eine kleine Geldsumme ausgeliehen, als er in einer Kneipe verabredet war.;Timo hat mindestens zweimal eine kleine Geldsumme ausgeliehen.;joeddav/xlm-roberta-large-xnli;entailment;1;0.000290397263597697;0.0002486684243194759;0.9994609951972961
35_aii_bi2_cannot_say_pos;Vorletzte Woche hat Tina Timo fünf Euro geborgt.;Vor zwei Tagen hat Timo wieder eine kleine Geldsumme ausgeliehen, als er in einer Kneipe verabredet war.;Es lässt sich nicht sagen, wie oft Timo eine kleine Geldsumme ausgeliehen hat.;unknown;35;aii;bi;2;positive;cannot say;False;;;Vorletzte Woche hat Tina Timo fünf Euro geborgt. Vor zwei Tagen hat Timo wieder eine kleine Geldsumme ausgeliehen, als er in einer Kneipe verabredet war.;Es lässt sich nicht sagen, wie oft Timo eine kleine Geldsumme ausgeliehen hat.;joeddav/xlm-roberta-large-xnli;entailment;0;0.015676002949476242;0.246757373213768;0.7375666499137878
35_aii_bii1_once_pos;Vorletzte Woche hat Tina Timo fünf Euro geborgt.;Vor zwei Tagen hat Tina wieder eine kleine Geldsumme verliehen, als sie in einer Kneipe verabredet war.;Tina hat einmal eine kleine Geldsumme verliehen.;unknown;35;aii;bii;1;positive;once;False;;;Vorletzte Woche hat Tina Timo fünf Euro geborgt. Vor zwei Tagen hat Tina wieder eine kleine Geldsumme verliehen, als sie in einer Kneipe verabredet war.;Tina hat einmal eine kleine Geldsumme verliehen.;joeddav/xlm-roberta-large-xnli;entailment;0;0.0006822606083005667;0.0002935169613920152;0.9990242719650269
35_aii_bii1_twice_pos;Vorletzte Woche hat Tina Timo fünf Euro geborgt.;Vor zwei Tagen hat Tina wieder eine kleine Geldsumme verliehen, als sie in einer Kneipe verabredet war.;Tina hat mindestens zweimal eine kleine Geldsumme verliehen.;entailment;35;aii;bii;1;positive;twice;False;;;Vorletzte Woche hat Tina Timo fünf Euro geborgt. Vor zwei Tagen hat Tina wieder eine kleine Geldsumme verliehen, als sie in einer Kneipe verabredet war.;Tina hat mindestens zweimal eine kleine Geldsumme verliehen.;joeddav/xlm-roberta-large-xnli;entailment;1;0.0002855941711459309;0.00028120988281443715;0.9994332194328308
35_aii_bii1_cannot_say_pos;Vorletzte Woche hat Tina Timo fünf Euro geborgt.;Vor zwei Tagen hat Tina wieder eine kleine Geldsumme verliehen, als sie in einer Kneipe verabredet war.;Es lässt sich nicht sagen, wie oft Tina eine kleine Geldsumme verliehen hat.;unknown;35;aii;bii;1;positive;cannot say;False;;;Vorletzte Woche hat Tina Timo fünf Euro geborgt. Vor zwei Tagen hat Tina wieder eine kleine Geldsumme verliehen, als sie in einer Kneipe verabredet war.;Es lässt sich nicht sagen, wie oft Tina eine kleine Geldsumme verliehen hat.;joeddav/xlm-roberta-large-xnli;neutral;1;0.00612442335113883;0.8929648399353027;0.10091079771518707
35_aii_bii2_once_neu;Vorletzte Woche hat Tina Timo fünf Euro geborgt.;Vor zwei Tagen hat Timo wieder eine kleine Geldsumme verliehen, als er in einer Kneipe verabredet war.;Timo hat einmal eine kleine Geldsumme verliehen.;entailment;35;aii;bii;2;neutral;once;False;;;Vorletzte Woche hat Tina Timo fünf Euro geborgt. Vor zwei Tagen hat Timo wieder eine kleine Geldsumme verliehen, als er in einer Kneipe verabredet war.;Timo hat einmal eine kleine Geldsumme verliehen.;joeddav/xlm-roberta-large-xnli;entailment;1;0.0007553617469966412;0.00030298481578938663;0.9989417195320129
35_aii_bii2_twice_neu;Vorletzte Woche hat Tina Timo fünf Euro geborgt.;Vor zwei Tagen hat Timo wieder eine kleine Geldsumme verliehen, als er in einer Kneipe verabredet war.;Timo hat mindestens zweimal eine kleine Geldsumme verliehen.;unknown;35;aii;bii;2;neutral;twice;False;;;Vorletzte Woche hat Tina Timo fünf Euro geborgt. Vor zwei Tagen hat Timo wieder eine kleine Geldsumme verliehen, als er in einer Kneipe verabredet war.;Timo hat mindestens zweimal eine kleine Geldsumme verliehen.;joeddav/xlm-roberta-large-xnli;entailment;0;0.00030656607123091817;0.0002796023618429899;0.9994138479232788
35_aii_bii2_cannot_say_neu;Vorletzte Woche hat Tina Timo fünf Euro geborgt.;Vor zwei Tagen hat Timo wieder eine kleine Geldsumme verliehen, als er in einer Kneipe verabredet war.;Es lässt sich nicht sagen, wie oft Timo eine kleine Geldsumme verliehen hat.;unknown;35;aii;bii;2;neutral;cannot say;False;;;Vorletzte Woche hat Tina Timo fünf Euro geborgt. Vor zwei Tagen hat Timo wieder eine kleine Geldsumme verliehen, als er in einer Kneipe verabredet war.;Es lässt sich nicht sagen, wie oft Timo eine kleine Geldsumme verliehen hat.;joeddav/xlm-roberta-large-xnli;neutral;1;0.007179540582001209;0.7941564917564392;0.19866396486759186
36_ai_bi1_once_pos;Vor einem Monat hat Karl Thorsten eine dringende Erinnerung per Mail zukommen lassen.;Vor zwei Wochen hat Thorsten wieder eine dringende Erinnerung erhalten, während er an einem Projekt gearbeitet hat.;Thorsten hat einmal eine dringende Erinnerung erhalten.;unknown;36;ai;bi;1;positive;once;False;;;Vor einem Monat hat Karl Thorsten eine dringende Erinnerung per Mail zukommen lassen. Vor zwei Wochen hat Thorsten wieder eine dringende Erinnerung erhalten, während er an einem Projekt gearbeitet hat.;Thorsten hat einmal eine dringende Erinnerung erhalten.;joeddav/xlm-roberta-large-xnli;entailment;0;0.0003890320658683777;0.00017986874445341527;0.9994310736656189
36_ai_bi1_twice_pos;Vor einem Monat hat Karl Thorsten eine dringende Erinnerung per Mail zukommen lassen.;Vor zwei Wochen hat Thorsten wieder eine dringende Erinnerung erhalten, während er an einem Projekt gearbeitet hat.;Thorsten hat mindestens zweimal eine dringende Erinnerung erhalten.;entailment;36;ai;bi;1;positive;twice;False;;;Vor einem Monat hat Karl Thorsten eine dringende Erinnerung per Mail zukommen lassen. Vor zwei Wochen hat Thorsten wieder eine dringende Erinnerung erhalten, während er an einem Projekt gearbeitet hat.;Thorsten hat mindestens zweimal eine dringende Erinnerung erhalten.;joeddav/xlm-roberta-large-xnli;entailment;1;0.0001948157005244866;0.00017837290943134576;0.9996267557144165
36_ai_bi1_cannot_say_pos;Vor einem Monat hat Karl Thorsten eine dringende Erinnerung per Mail zukommen lassen.;Vor zwei Wochen hat Thorsten wieder eine dringende Erinnerung erhalten, während er an einem Projekt gearbeitet hat.;Es lässt sich nicht sagen, wie oft Thorsten eine dringende Erinnerung erhalten hat.;unknown;36;ai;bi;1;positive;cannot say;False;;;Vor einem Monat hat Karl Thorsten eine dringende Erinnerung per Mail zukommen lassen. Vor zwei Wochen hat Thorsten wieder eine dringende Erinnerung erhalten, während er an einem Projekt gearbeitet hat.;Es lässt sich nicht sagen, wie oft Thorsten eine dringende Erinnerung erhalten hat.;joeddav/xlm-roberta-large-xnli;entailment;0;0.01190228946506977;0.0310225747525692;0.9570751786231995
36_ai_bi2_once_neu;Vor einem Monat hat Karl Thorsten eine dringende Erinnerung per Mail zukommen lassen.;Vor zwei Wochen hat Karl wieder eine dringende Erinnerung erhalten, während er an einem Projekt gearbeitet hat.;Karl hat einmal eine dringende Erinnerung erhalten.;entailment;36;ai;bi;2;neutral;once;False;;;Vor einem Monat hat Karl Thorsten eine dringende Erinnerung per Mail zukommen lassen. Vor zwei Wochen hat Karl wieder eine dringende Erinnerung erhalten, während er an einem Projekt gearbeitet hat.;Karl hat einmal eine dringende Erinnerung erhalten.;joeddav/xlm-roberta-large-xnli;entailment;1;0.00045169389341026545;0.00019300752319395542;0.9993552565574646
36_ai_bi2_twice_neu;Vor einem Monat hat Karl Thorsten eine dringende Erinnerung per Mail zukommen lassen.;Vor zwei Wochen hat Karl wieder eine dringende Erinnerung erhalten, während er an einem Projekt gearbeitet hat.;Karl hat mindestens zweimal eine dringende Erinnerung erhalten.;unknown;36;ai;bi;2;neutral;twice;False;;;Vor einem Monat hat Karl Thorsten eine dringende Erinnerung per Mail zukommen lassen. Vor zwei Wochen hat Karl wieder eine dringende Erinnerung erhalten, während er an einem Projekt gearbeitet hat.;Karl hat mindestens zweimal eine dringende Erinnerung erhalten.;joeddav/xlm-roberta-large-xnli;entailment;0;0.00022267679742071778;0.00019991824228782207;0.9995774626731873
36_ai_bi2_cannot_say_neu;Vor einem Monat hat Karl Thorsten eine dringende Erinnerung per Mail zukommen lassen.;Vor zwei Wochen hat Karl wieder eine dringende Erinnerung erhalten, während er an einem Projekt gearbeitet hat.;Es lässt sich nicht sagen, wie oft Karl eine dringende Erinnerung erhalten hat.;unknown;36;ai;bi;2;neutral;cannot say;False;;;Vor einem Monat hat Karl Thorsten eine dringende Erinnerung per Mail zukommen lassen. Vor zwei Wochen hat Karl wieder eine dringende Erinnerung erhalten, während er an einem Projekt gearbeitet hat.;Es lässt sich nicht sagen, wie oft Karl eine dringende Erinnerung erhalten hat.;joeddav/xlm-roberta-large-xnli;entailment;0;0.012863954529166222;0.03846040368080139;0.9486755728721619
36_ai_bii1_once_neu;Vor einem Monat hat Karl Thorsten eine dringende Erinnerung per Mail zukommen lassen.;Vor zwei Wochen hat Thorsten wieder eine dringende Erinnerung verschickt, während er an einem Projekt gearbeitet hat.;Thorsten hat einmal eine dringende Erinnerung verschickt.;entailment;36;ai;bii;1;neutral;once;False;;;Vor einem Monat hat Karl Thorsten eine dringende Erinnerung per Mail zukommen lassen. Vor zwei Wochen hat Thorsten wieder eine dringende Erinnerung verschickt, während er an einem Projekt gearbeitet hat.;Thorsten hat einmal eine dringende Erinnerung verschickt.;joeddav/xlm-roberta-large-xnli;entailment;1;0.0006814792286604643;0.0002715442387852818;0.9990469813346863
36_ai_bii1_twice_neu;Vor einem Monat hat Karl Thorsten eine dringende Erinnerung per Mail zukommen lassen.;Vor zwei Wochen hat Thorsten wieder eine dringende Erinnerung verschickt, während er an einem Projekt gearbeitet hat.;Thorsten hat mindestens zweimal eine dringende Erinnerung verschickt.;unknown;36;ai;bii;1;neutral;twice;False;;;Vor einem Monat hat Karl Thorsten eine dringende Erinnerung per Mail zukommen lassen. Vor zwei Wochen hat Thorsten wieder eine dringende Erinnerung verschickt, während er an einem Projekt gearbeitet hat.;Thorsten hat mindestens zweimal eine dringende Erinnerung verschickt.;joeddav/xlm-roberta-large-xnli;entailment;0;0.0002106575557263568;0.00018227500549983233;0.9996071457862854
36_ai_bii1_cannot_say_neu;Vor einem Monat hat Karl Thorsten eine dringende Erinnerung per Mail zukommen lassen.;Vor zwei Wochen hat Thorsten wieder eine dringende Erinnerung verschickt, während er an einem Projekt gearbeitet hat.;Es lässt sich nicht sagen, wie oft Thorsten eine dringende Erinnerung verschickt hat.;unknown;36;ai;bii;1;neutral;cannot say;False;;;Vor einem Monat hat Karl Thorsten eine dringende Erinnerung per Mail zukommen lassen. Vor zwei Wochen hat Thorsten wieder eine dringende Erinnerung verschickt, während er an einem Projekt gearbeitet hat.;Es lässt sich nicht sagen, wie oft Thorsten eine dringende Erinnerung verschickt hat.;joeddav/xlm-roberta-large-xnli;entailment;0;0.012004743330180645;0.008889175951480865;0.979106068611145
36_ai_bii2_once_pos;Vor einem Monat hat Karl Thorsten eine dringende Erinnerung per Mail zukommen lassen.;Vor zwei Wochen hat Karl wieder eine dringende Erinnerung verschickt, während er an einem Projekt gearbeitet hat.;Karl hat einmal eine dringende Erinnerung verschickt.;unknown;36;ai;bii;2;positive;once;False;;;Vor einem Monat hat Karl Thorsten eine dringende Erinnerung per Mail zukommen lassen. Vor zwei Wochen hat Karl wieder eine dringende Erinnerung verschickt, während er an einem Projekt gearbeitet hat.;Karl hat einmal eine dringende Erinnerung verschickt.;joeddav/xlm-roberta-large-xnli;entailment;0;0.0008437077049165964;0.0003010714426636696;0.9988552331924438
36_ai_bii2_twice_pos;Vor einem Monat hat Karl Thorsten eine dringende Erinnerung per Mail zukommen lassen.;Vor zwei Wochen hat Karl wieder eine dringende Erinnerung verschickt, während er an einem Projekt gearbeitet hat.;Karl hat mindestens zweimal eine dringende Erinnerung verschickt.;entailment;36;ai;bii;2;positive;twice;False;;;Vor einem Monat hat Karl Thorsten eine dringende Erinnerung per Mail zukommen lassen. Vor zwei Wochen hat Karl wieder eine dringende Erinnerung verschickt, während er an einem Projekt gearbeitet hat.;Karl hat mindestens zweimal eine dringende Erinnerung verschickt.;joeddav/xlm-roberta-large-xnli;entailment;1;0.00023354700533673167;0.00020300128380768;0.9995633959770203
36_ai_bii2_cannot_say_pos;Vor einem Monat hat Karl Thorsten eine dringende Erinnerung per Mail zukommen lassen.;Vor zwei Wochen hat Karl wieder eine dringende Erinnerung verschickt, während er an einem Projekt gearbeitet hat.;Es lässt sich nicht sagen, wie oft Karl eine dringende Erinnerung verschickt hat.;unknown;36;ai;bii;2;positive;cannot say;False;;;Vor einem Monat hat Karl Thorsten eine dringende Erinnerung per Mail zukommen lassen. Vor zwei Wochen hat Karl wieder eine dringende Erinnerung verschickt, während er an einem Projekt gearbeitet hat.;Es lässt sich nicht sagen, wie oft Karl eine dringende Erinnerung verschickt hat.;joeddav/xlm-roberta-large-xnli;entailment;0;0.013963617384433746;0.011509201489388943;0.9745271801948547
36_aii_bi1_once_neu;Vor einem Monat hat Thorsten Karl eine dringende Erinnerung per Mail zukommen lassen.;Vor zwei Wochen hat Thorsten wieder eine dringende Erinnerung erhalten, während er an einem Projekt gearbeitet hat.;Thorsten hat einmal eine dringende Erinnerung erhalten.;entailment;36;aii;bi;1;neutral;once;False;;;Vor einem Monat hat Thorsten Karl eine dringende Erinnerung per Mail zukommen lassen. Vor zwei Wochen hat Thorsten wieder eine dringende Erinnerung erhalten, während er an einem Projekt gearbeitet hat.;Thorsten hat einmal eine dringende Erinnerung erhalten.;joeddav/xlm-roberta-large-xnli;entailment;1;0.00035834175650961697;0.00016941159265115857;0.9994723200798035
36_aii_bi1_twice_neu;Vor einem Monat hat Thorsten Karl eine dringende Erinnerung per Mail zukommen lassen.;Vor zwei Wochen hat Thorsten wieder eine dringende Erinnerung erhalten, während er an einem Projekt gearbeitet hat.;Thorsten hat mindestens zweimal eine dringende Erinnerung erhalten.;unknown;36;aii;bi;1;neutral;twice;False;;;Vor einem Monat hat Thorsten Karl eine dringende Erinnerung per Mail zukommen lassen. Vor zwei Wochen hat Thorsten wieder eine dringende Erinnerung erhalten, während er an einem Projekt gearbeitet hat.;Thorsten hat mindestens zweimal eine dringende Erinnerung erhalten.;joeddav/xlm-roberta-large-xnli;entailment;0;0.00019794321269728243;0.00017935351934283972;0.9996227025985718
36_aii_bi1_cannot_say_neu;Vor einem Monat hat Thorsten Karl eine dringende Erinnerung per Mail zukommen lassen.;Vor zwei Wochen hat Thorsten wieder eine dringende Erinnerung erhalten, während er an einem Projekt gearbeitet hat.;Es lässt sich nicht sagen, wie oft Thorsten eine dringende Erinnerung erhalten hat.;unknown;36;aii;bi;1;neutral;cannot say;False;;;Vor einem Monat hat Thorsten Karl eine dringende Erinnerung per Mail zukommen lassen. Vor zwei Wochen hat Thorsten wieder eine dringende Erinnerung erhalten, während er an einem Projekt gearbeitet hat.;Es lässt sich nicht sagen, wie oft Thorsten eine dringende Erinnerung erhalten hat.;joeddav/xlm-roberta-large-xnli;entailment;0;0.01045249029994011;0.0263608880341053;0.9631866216659546
36_aii_bi2_once_pos;Vor einem Monat hat Thorsten Karl eine dringende Erinnerung per Mail zukommen lassen.;Vor zwei Wochen hat Karl wieder eine dringende Erinnerung erhalten, während er an einem Projekt gearbeitet hat.;Karl hat einmal eine dringende Erinnerung erhalten.;unknown;36;aii;bi;2;positive;once;False;;;Vor einem Monat hat Thorsten Karl eine dringende Erinnerung per Mail zukommen lassen. Vor zwei Wochen hat Karl wieder eine dringende Erinnerung erhalten, während er an einem Projekt gearbeitet hat.;Karl hat einmal eine dringende Erinnerung erhalten.;joeddav/xlm-roberta-large-xnli;entailment;0;0.0004492124426178634;0.000195394255570136;0.9993553757667542
36_aii_bi2_twice_pos;Vor einem Monat hat Thorsten Karl eine dringende Erinnerung per Mail zukommen lassen.;Vor zwei Wochen hat Karl wieder eine dringende Erinnerung erhalten, während er an einem Projekt gearbeitet hat.;Karl hat mindestens zweimal eine dringende Erinnerung erhalten.;entailment;36;aii;bi;2;positive;twice;False;;;Vor einem Monat hat Thorsten Karl eine dringende Erinnerung per Mail zukommen lassen. Vor zwei Wochen hat Karl wieder eine dringende Erinnerung erhalten, während er an einem Projekt gearbeitet hat.;Karl hat mindestens zweimal eine dringende Erinnerung erhalten.;joeddav/xlm-roberta-large-xnli;entailment;1;0.00021534440747927874;0.00019591535965446383;0.9995887875556946
36_aii_bi2_cannot_say_pos;Vor einem Monat hat Thorsten Karl eine dringende Erinnerung per Mail zukommen lassen.;Vor zwei Wochen hat Karl wieder eine dringende Erinnerung erhalten, während er an einem Projekt gearbeitet hat.;Es lässt sich nicht sagen, wie oft Karl eine dringende Erinnerung erhalten hat.;unknown;36;aii;bi;2;positive;cannot say;False;;;Vor einem Monat hat Thorsten Karl eine dringende Erinnerung per Mail zukommen lassen. Vor zwei Wochen hat Karl wieder eine dringende Erinnerung erhalten, während er an einem Projekt gearbeitet hat.;Es lässt sich nicht sagen, wie oft Karl eine dringende Erinnerung erhalten hat.;joeddav/xlm-roberta-large-xnli;entailment;0;0.011797381564974785;0.043827783316373825;0.9443748593330383
36_aii_bii1_once_pos;Vor einem Monat hat Thorsten Karl eine dringende Erinnerung per Mail zukommen lassen.;Vor zwei Wochen hat Thorsten wieder eine dringende Erinnerung verschickt, während er an einem Projekt gearbeitet hat.;Thorsten hat einmal eine dringende Erinnerung verschickt.;unknown;36;aii;bii;1;positive;once;False;;;Vor einem Monat hat Thorsten Karl eine dringende Erinnerung per Mail zukommen lassen. Vor zwei Wochen hat Thorsten wieder eine dringende Erinnerung verschickt, während er an einem Projekt gearbeitet hat.;Thorsten hat einmal eine dringende Erinnerung verschickt.;joeddav/xlm-roberta-large-xnli;entailment;0;0.0006587422685697675;0.0002702533092815429;0.9990710020065308
36_aii_bii1_twice_pos;Vor einem Monat hat Thorsten Karl eine dringende Erinnerung per Mail zukommen lassen.;Vor zwei Wochen hat Thorsten wieder eine dringende Erinnerung verschickt, während er an einem Projekt gearbeitet hat.;Thorsten hat mindestens zweimal eine dringende Erinnerung verschickt.;entailment;36;aii;bii;1;positive;twice;False;;;Vor einem Monat hat Thorsten Karl eine dringende Erinnerung per Mail zukommen lassen. Vor zwei Wochen hat Thorsten wieder eine dringende Erinnerung verschickt, während er an einem Projekt gearbeitet hat.;Thorsten hat mindestens zweimal eine dringende Erinnerung verschickt.;joeddav/xlm-roberta-large-xnli;entailment;1;0.0002192192623624578;0.0001872349384939298;0.9995935559272766
36_aii_bii1_cannot_say_pos;Vor einem Monat hat Thorsten Karl eine dringende Erinnerung per Mail zukommen lassen.;Vor zwei Wochen hat Thorsten wieder eine dringende Erinnerung verschickt, während er an einem Projekt gearbeitet hat.;Es lässt sich nicht sagen, wie oft Thorsten eine dringende Erinnerung verschickt hat.;unknown;36;aii;bii;1;positive;cannot say;False;;;Vor einem Monat hat Thorsten Karl eine dringende Erinnerung per Mail zukommen lassen. Vor zwei Wochen hat Thorsten wieder eine dringende Erinnerung verschickt, während er an einem Projekt gearbeitet hat.;Es lässt sich nicht sagen, wie oft Thorsten eine dringende Erinnerung verschickt hat.;joeddav/xlm-roberta-large-xnli;entailment;0;0.012732166796922684;0.010206020437180996;0.9770618081092834
36_aii_bii2_once_neu;Vor einem Monat hat Thorsten Karl eine dringende Erinnerung per Mail zukommen lassen.;Vor zwei Wochen hat Karl wieder eine dringende Erinnerung verschickt, während er an einem Projekt gearbeitet hat.;Karl hat einmal eine dringende Erinnerung verschickt.;entailment;36;aii;bii;2;neutral;once;False;;;Vor einem Monat hat Thorsten Karl eine dringende Erinnerung per Mail zukommen lassen. Vor zwei Wochen hat Karl wieder eine dringende Erinnerung verschickt, während er an einem Projekt gearbeitet hat.;Karl hat einmal eine dringende Erinnerung verschickt.;joeddav/xlm-roberta-large-xnli;entailment;1;0.000810816593002528;0.0002966563915833831;0.998892605304718
36_aii_bii2_twice_neu;Vor einem Monat hat Thorsten Karl eine dringende Erinnerung per Mail zukommen lassen.;Vor zwei Wochen hat Karl wieder eine dringende Erinnerung verschickt, während er an einem Projekt gearbeitet hat.;Karl hat mindestens zweimal eine dringende Erinnerung verschickt.;unknown;36;aii;bii;2;neutral;twice;False;;;Vor einem Monat hat Thorsten Karl eine dringende Erinnerung per Mail zukommen lassen. Vor zwei Wochen hat Karl wieder eine dringende Erinnerung verschickt, während er an einem Projekt gearbeitet hat.;Karl hat mindestens zweimal eine dringende Erinnerung verschickt.;joeddav/xlm-roberta-large-xnli;entailment;0;0.00022773341333959252;0.00019950667046941817;0.9995728135108948
36_aii_bii2_cannot_say_neu;Vor einem Monat hat Thorsten Karl eine dringende Erinnerung per Mail zukommen lassen.;Vor zwei Wochen hat Karl wieder eine dringende Erinnerung verschickt, während er an einem Projekt gearbeitet hat.;Es lässt sich nicht sagen, wie oft Karl eine dringende Erinnerung verschickt hat.;unknown;36;aii;bii;2;neutral;cannot say;False;;;Vor einem Monat hat Thorsten Karl eine dringende Erinnerung per Mail zukommen lassen. Vor zwei Wochen hat Karl wieder eine dringende Erinnerung verschickt, während er an einem Projekt gearbeitet hat.;Es lässt sich nicht sagen, wie oft Karl eine dringende Erinnerung verschickt hat.;joeddav/xlm-roberta-large-xnli;entailment;0;0.012301185168325901;0.010419555008411407;0.9772791862487793
37_ai_bi1_once_pos;Vor vier Jahren hat Karl Judith ein maßgefertigtes Bett gebaut.;Vor fünf Wochen hat Judith wieder ein maßgefertigtes Bett bekommen, weil sie mit einem Freund zusammen zieht.;Judith hat einmal ein maßgefertigtes Bett bekommen.;unknown;37;ai;bi;1;positive;once;False;;;Vor vier Jahren hat Karl Judith ein maßgefertigtes Bett gebaut. Vor fünf Wochen hat Judith wieder ein maßgefertigtes Bett bekommen, weil sie mit einem Freund zusammen zieht.;Judith hat einmal ein maßgefertigtes Bett bekommen.;joeddav/xlm-roberta-large-xnli;entailment;0;0.0009245650144293904;0.00028756106621585786;0.9987879395484924
37_ai_bi1_twice_pos;Vor vier Jahren hat Karl Judith ein maßgefertigtes Bett gebaut.;Vor fünf Wochen hat Judith wieder ein maßgefertigtes Bett bekommen, weil sie mit einem Freund zusammen zieht.;Judith hat mindestens zweimal ein maßgefertigtes Bett bekommen.;entailment;37;ai;bi;1;positive;twice;False;;;Vor vier Jahren hat Karl Judith ein maßgefertigtes Bett gebaut. Vor fünf Wochen hat Judith wieder ein maßgefertigtes Bett bekommen, weil sie mit einem Freund zusammen zieht.;Judith hat mindestens zweimal ein maßgefertigtes Bett bekommen.;joeddav/xlm-roberta-large-xnli;entailment;1;0.00039198712329380214;0.00026522742700763047;0.9993427395820618
37_ai_bi1_cannot_say_pos;Vor vier Jahren hat Karl Judith ein maßgefertigtes Bett gebaut.;Vor fünf Wochen hat Judith wieder ein maßgefertigtes Bett bekommen, weil sie mit einem Freund zusammen zieht.;Es lässt sich nicht sagen, wie oft Judith ein maßgefertigtes Bett bekommen hat.;unknown;37;ai;bi;1;positive;cannot say;False;;;Vor vier Jahren hat Karl Judith ein maßgefertigtes Bett gebaut. Vor fünf Wochen hat Judith wieder ein maßgefertigtes Bett bekommen, weil sie mit einem Freund zusammen zieht.;Es lässt sich nicht sagen, wie oft Judith ein maßgefertigtes Bett bekommen hat.;joeddav/xlm-roberta-large-xnli;entailment;0;0.0072484808042645454;0.002330283634364605;0.9904211759567261
37_ai_bi2_once_neu;Vor vier Jahren hat Karl Judith ein maßgefertigtes Bett gebaut.;Vor fünf Wochen hat Karl wieder ein maßgefertigtes Bett bekommen, weil er mit einem Freund zusammen zieht.;Karl hat einmal ein maßgefertigtes Bett bekommen.;entailment;37;ai;bi;2;neutral;once;False;;;Vor vier Jahren hat Karl Judith ein maßgefertigtes Bett gebaut. Vor fünf Wochen hat Karl wieder ein maßgefertigtes Bett bekommen, weil er mit einem Freund zusammen zieht.;Karl hat einmal ein maßgefertigtes Bett bekommen.;joeddav/xlm-roberta-large-xnli;entailment;1;0.000990730244666338;0.0003158188774250448;0.9986935257911682
37_ai_bi2_twice_neu;Vor vier Jahren hat Karl Judith ein maßgefertigtes Bett gebaut.;Vor fünf Wochen hat Karl wieder ein maßgefertigtes Bett bekommen, weil er mit einem Freund zusammen zieht.;Karl hat mindestens zweimal ein maßgefertigtes Bett bekommen.;unknown;37;ai;bi;2;neutral;twice;False;;;Vor vier Jahren hat Karl Judith ein maßgefertigtes Bett gebaut. Vor fünf Wochen hat Karl wieder ein maßgefertigtes Bett bekommen, weil er mit einem Freund zusammen zieht.;Karl hat mindestens zweimal ein maßgefertigtes Bett bekommen.;joeddav/xlm-roberta-large-xnli;entailment;0;0.0004067598783876747;0.00028855286655016243;0.9993046522140503
37_ai_bi2_cannot_say_neu;Vor vier Jahren hat Karl Judith ein maßgefertigtes Bett gebaut.;Vor fünf Wochen hat Karl wieder ein maßgefertigtes Bett bekommen, weil er mit einem Freund zusammen zieht.;Es lässt sich nicht sagen, wie oft Karl ein maßgefertigtes Bett bekommen hat.;unknown;37;ai;bi;2;neutral;cannot say;False;;;Vor vier Jahren hat Karl Judith ein maßgefertigtes Bett gebaut. Vor fünf Wochen hat Karl wieder ein maßgefertigtes Bett bekommen, weil er mit einem Freund zusammen zieht.;Es lässt sich nicht sagen, wie oft Karl ein maßgefertigtes Bett bekommen hat.;joeddav/xlm-roberta-large-xnli;entailment;0;0.010730715468525887;0.0031180072110146284;0.9861512780189514
37_ai_bii1_once_neu;Vor vier Jahren hat Karl Judith ein maßgefertigtes Bett gebaut.;Vor fünf Wochen hat Judith wieder ein maßgefertigtes Bett konstruiert, weil sie mit einem Freund zusammen zieht.;Judith hat einmal ein maßgefertigtes Bett konstruiert.;entailment;37;ai;bii;1;neutral;once;False;;;Vor vier Jahren hat Karl Judith ein maßgefertigtes Bett gebaut. Vor fünf Wochen hat Judith wieder ein maßgefertigtes Bett konstruiert, weil sie mit einem Freund zusammen zieht.;Judith hat einmal ein maßgefertigtes Bett konstruiert.;joeddav/xlm-roberta-large-xnli;entailment;1;0.000595945748500526;0.0002440818934701383;0.9991599321365356
37_ai_bii1_twice_neu;Vor vier Jahren hat Karl Judith ein maßgefertigtes Bett gebaut.;Vor fünf Wochen hat Judith wieder ein maßgefertigtes Bett konstruiert, weil sie mit einem Freund zusammen zieht.;Judith hat mindestens zweimal ein maßgefertigtes Bett konstruiert.;unknown;37;ai;bii;1;neutral;twice;False;;;Vor vier Jahren hat Karl Judith ein maßgefertigtes Bett gebaut. Vor fünf Wochen hat Judith wieder ein maßgefertigtes Bett konstruiert, weil sie mit einem Freund zusammen zieht.;Judith hat mindestens zweimal ein maßgefertigtes Bett konstruiert.;joeddav/xlm-roberta-large-xnli;entailment;0;0.0002577898558229208;0.00019902300846297294;0.9995431900024414
37_ai_bii1_cannot_say_neu;Vor vier Jahren hat Karl Judith ein maßgefertigtes Bett gebaut.;Vor fünf Wochen hat Judith wieder ein maßgefertigtes Bett konstruiert, weil sie mit einem Freund zusammen zieht.;Es lässt sich nicht sagen, wie oft Judith ein maßgefertigtes Bett konstruiert hat.;unknown;37;ai;bii;1;neutral;cannot say;False;;;Vor vier Jahren hat Karl Judith ein maßgefertigtes Bett gebaut. Vor fünf Wochen hat Judith wieder ein maßgefertigtes Bett konstruiert, weil sie mit einem Freund zusammen zieht.;Es lässt sich nicht sagen, wie oft Judith ein maßgefertigtes Bett konstruiert hat.;joeddav/xlm-roberta-large-xnli;entailment;0;0.02398734912276268;0.003920197021216154;0.9720925092697144
37_ai_bii2_once_pos;Vor vier Jahren hat Karl Judith ein maßgefertigtes Bett gebaut.;Vor fünf Wochen hat Karl wieder ein maßgefertigtes Bett konstruiert, weil er mit einem Freund zusammen zieht.;Karl hat einmal ein maßgefertigtes Bett konstruiert.;unknown;37;ai;bii;2;positive;once;False;;;Vor vier Jahren hat Karl Judith ein maßgefertigtes Bett gebaut. Vor fünf Wochen hat Karl wieder ein maßgefertigtes Bett konstruiert, weil er mit einem Freund zusammen zieht.;Karl hat einmal ein maßgefertigtes Bett konstruiert.;joeddav/xlm-roberta-large-xnli;entailment;0;0.0006299405358731747;0.0002600143488962203;0.9991100430488586
37_ai_bii2_twice_pos;Vor vier Jahren hat Karl Judith ein maßgefertigtes Bett gebaut.;Vor fünf Wochen hat Karl wieder ein maßgefertigtes Bett konstruiert, weil er mit einem Freund zusammen zieht.;Karl hat mindestens zweimal ein maßgefertigtes Bett konstruiert.;entailment;37;ai;bii;2;positive;twice;False;;;Vor vier Jahren hat Karl Judith ein maßgefertigtes Bett gebaut. Vor fünf Wochen hat Karl wieder ein maßgefertigtes Bett konstruiert, weil er mit einem Freund zusammen zieht.;Karl hat mindestens zweimal ein maßgefertigtes Bett konstruiert.;joeddav/xlm-roberta-large-xnli;entailment;1;0.0002696897427085787;0.00020274597045499831;0.9995275735855103
37_ai_bii2_cannot_say_pos;Vor vier Jahren hat Karl Judith ein maßgefertigtes Bett gebaut.;Vor fünf Wochen hat Karl wieder ein maßgefertigtes Bett konstruiert, weil er mit einem Freund zusammen zieht.;Es lässt sich nicht sagen, wie oft Karl ein maßgefertigtes Bett konstruiert hat.;unknown;37;ai;bii;2;positive;cannot say;False;;;Vor vier Jahren hat Karl Judith ein maßgefertigtes Bett gebaut. Vor fünf Wochen hat Karl wieder ein maßgefertigtes Bett konstruiert, weil er mit einem Freund zusammen zieht.;Es lässt sich nicht sagen, wie oft Karl ein maßgefertigtes Bett konstruiert hat.;joeddav/xlm-roberta-large-xnli;entailment;0;0.03469143435359001;0.00630176579579711;0.9590067863464355
37_aii_bi1_once_neu;Vor vier Jahren hat Judith Karl ein maßgefertigtes Bett gebaut.;Vor fünf Wochen hat Judith wieder ein maßgefertigtes Bett bekommen, weil sie mit einem Freund zusammen zieht.;Judith hat einmal ein maßgefertigtes Bett bekommen.;entailment;37;aii;bi;1;neutral;once;False;;;Vor vier Jahren hat Judith Karl ein maßgefertigtes Bett gebaut. Vor fünf Wochen hat Judith wieder ein maßgefertigtes Bett bekommen, weil sie mit einem Freund zusammen zieht.;Judith hat einmal ein maßgefertigtes Bett bekommen.;joeddav/xlm-roberta-large-xnli;entailment;1;0.0008644680492579937;0.00028684912831522524;0.9988486766815186
37_aii_bi1_twice_neu;Vor vier Jahren hat Judith Karl ein maßgefertigtes Bett gebaut.;Vor fünf Wochen hat Judith wieder ein maßgefertigtes Bett bekommen, weil sie mit einem Freund zusammen zieht.;Judith hat mindestens zweimal ein maßgefertigtes Bett bekommen.;unknown;37;aii;bi;1;neutral;twice;False;;;Vor vier Jahren hat Judith Karl ein maßgefertigtes Bett gebaut. Vor fünf Wochen hat Judith wieder ein maßgefertigtes Bett bekommen, weil sie mit einem Freund zusammen zieht.;Judith hat mindestens zweimal ein maßgefertigtes Bett bekommen.;joeddav/xlm-roberta-large-xnli;entailment;0;0.0003927640209440142;0.00026664536562748253;0.9993405938148499
37_aii_bi1_cannot_say_neu;Vor vier Jahren hat Judith Karl ein maßgefertigtes Bett gebaut.;Vor fünf Wochen hat Judith wieder ein maßgefertigtes Bett bekommen, weil sie mit einem Freund zusammen zieht.;Es lässt sich nicht sagen, wie oft Judith ein maßgefertigtes Bett bekommen hat.;unknown;37;aii;bi;1;neutral;cannot say;False;;;Vor vier Jahren hat Judith Karl ein maßgefertigtes Bett gebaut. Vor fünf Wochen hat Judith wieder ein maßgefertigtes Bett bekommen, weil sie mit einem Freund zusammen zieht.;Es lässt sich nicht sagen, wie oft Judith ein maßgefertigtes Bett bekommen hat.;joeddav/xlm-roberta-large-xnli;entailment;0;0.009024521335959435;0.002968887099996209;0.9880066514015198
37_aii_bi2_once_pos;Vor vier Jahren hat Judith Karl ein maßgefertigtes Bett gebaut.;Vor fünf Wochen hat Karl wieder ein maßgefertigtes Bett bekommen, weil er mit einem Freund zusammen zieht.;Karl hat einmal ein maßgefertigtes Bett bekommen.;unknown;37;aii;bi;2;positive;once;False;;;Vor vier Jahren hat Judith Karl ein maßgefertigtes Bett gebaut. Vor fünf Wochen hat Karl wieder ein maßgefertigtes Bett bekommen, weil er mit einem Freund zusammen zieht.;Karl hat einmal ein maßgefertigtes Bett bekommen.;joeddav/xlm-roberta-large-xnli;entailment;0;0.001062336377799511;0.0003170499694533646;0.9986206293106079
37_aii_bi2_twice_pos;Vor vier Jahren hat Judith Karl ein maßgefertigtes Bett gebaut.;Vor fünf Wochen hat Karl wieder ein maßgefertigtes Bett bekommen, weil er mit einem Freund zusammen zieht.;Karl hat mindestens zweimal ein maßgefertigtes Bett bekommen.;entailment;37;aii;bi;2;positive;twice;False;;;Vor vier Jahren hat Judith Karl ein maßgefertigtes Bett gebaut. Vor fünf Wochen hat Karl wieder ein maßgefertigtes Bett bekommen, weil er mit einem Freund zusammen zieht.;Karl hat mindestens zweimal ein maßgefertigtes Bett bekommen.;joeddav/xlm-roberta-large-xnli;entailment;1;0.0004200908588245511;0.00029051440651528537;0.9992893934249878
37_aii_bi2_cannot_say_pos;Vor vier Jahren hat Judith Karl ein maßgefertigtes Bett gebaut.;Vor fünf Wochen hat Karl wieder ein maßgefertigtes Bett bekommen, weil er mit einem Freund zusammen zieht.;Es lässt sich nicht sagen, wie oft Karl ein maßgefertigtes Bett bekommen hat.;unknown;37;aii;bi;2;positive;cannot say;False;;;Vor vier Jahren hat Judith Karl ein maßgefertigtes Bett gebaut. Vor fünf Wochen hat Karl wieder ein maßgefertigtes Bett bekommen, weil er mit einem Freund zusammen zieht.;Es lässt sich nicht sagen, wie oft Karl ein maßgefertigtes Bett bekommen hat.;joeddav/xlm-roberta-large-xnli;entailment;0;0.01032329723238945;0.002567844232544303;0.9871088266372681
37_aii_bii1_once_pos;Vor vier Jahren hat Judith Karl ein maßgefertigtes Bett gebaut.;Vor fünf Wochen hat Judith wieder ein maßgefertigtes Bett konstruiert, weil sie mit einem Freund zusammen zieht.;Judith hat einmal ein maßgefertigtes Bett konstruiert.;unknown;37;aii;bii;1;positive;once;False;;;Vor vier Jahren hat Judith Karl ein maßgefertigtes Bett gebaut. Vor fünf Wochen hat Judith wieder ein maßgefertigtes Bett konstruiert, weil sie mit einem Freund zusammen zieht.;Judith hat einmal ein maßgefertigtes Bett konstruiert.;joeddav/xlm-roberta-large-xnli;entailment;0;0.0006738633965142071;0.0002480086695868522;0.9990781545639038
37_aii_bii1_twice_pos;Vor vier Jahren hat Judith Karl ein maßgefertigtes Bett gebaut.;Vor fünf Wochen hat Judith wieder ein maßgefertigtes Bett konstruiert, weil sie mit einem Freund zusammen zieht.;Judith hat mindestens zweimal ein maßgefertigtes Bett konstruiert.;entailment;37;aii;bii;1;positive;twice;False;;;Vor vier Jahren hat Judith Karl ein maßgefertigtes Bett gebaut. Vor fünf Wochen hat Judith wieder ein maßgefertigtes Bett konstruiert, weil sie mit einem Freund zusammen zieht.;Judith hat mindestens zweimal ein maßgefertigtes Bett konstruiert.;joeddav/xlm-roberta-large-xnli;entailment;1;0.00026450815494172275;0.00019797298591583967;0.9995375871658325
37_aii_bii1_cannot_say_pos;Vor vier Jahren hat Judith Karl ein maßgefertigtes Bett gebaut.;Vor fünf Wochen hat Judith wieder ein maßgefertigtes Bett konstruiert, weil sie mit einem Freund zusammen zieht.;Es lässt sich nicht sagen, wie oft Judith ein maßgefertigtes Bett konstruiert hat.;unknown;37;aii;bii;1;positive;cannot say;False;;;Vor vier Jahren hat Judith Karl ein maßgefertigtes Bett gebaut. Vor fünf Wochen hat Judith wieder ein maßgefertigtes Bett konstruiert, weil sie mit einem Freund zusammen zieht.;Es lässt sich nicht sagen, wie oft Judith ein maßgefertigtes Bett konstruiert hat.;joeddav/xlm-roberta-large-xnli;entailment;0;0.03543701022863388;0.005402563139796257;0.9591604471206665
37_aii_bii2_once_neu;Vor vier Jahren hat Judith Karl ein maßgefertigtes Bett gebaut.;Vor fünf Wochen hat Karl wieder ein maßgefertigtes Bett konstruiert, weil er mit einem Freund zusammen zieht.;Karl hat einmal ein maßgefertigtes Bett konstruiert.;entailment;37;aii;bii;2;neutral;once;False;;;Vor vier Jahren hat Judith Karl ein maßgefertigtes Bett gebaut. Vor fünf Wochen hat Karl wieder ein maßgefertigtes Bett konstruiert, weil er mit einem Freund zusammen zieht.;Karl hat einmal ein maßgefertigtes Bett konstruiert.;joeddav/xlm-roberta-large-xnli;entailment;1;0.0007199033279903233;0.0002730623818933964;0.9990070462226868
37_aii_bii2_twice_neu;Vor vier Jahren hat Judith Karl ein maßgefertigtes Bett gebaut.;Vor fünf Wochen hat Karl wieder ein maßgefertigtes Bett konstruiert, weil er mit einem Freund zusammen zieht.;Karl hat mindestens zweimal ein maßgefertigtes Bett konstruiert.;unknown;37;aii;bii;2;neutral;twice;False;;;Vor vier Jahren hat Judith Karl ein maßgefertigtes Bett gebaut. Vor fünf Wochen hat Karl wieder ein maßgefertigtes Bett konstruiert, weil er mit einem Freund zusammen zieht.;Karl hat mindestens zweimal ein maßgefertigtes Bett konstruiert.;joeddav/xlm-roberta-large-xnli;entailment;0;0.00029397488106042147;0.00020845781546086073;0.9994975328445435
37_aii_bii2_cannot_say_neu;Vor vier Jahren hat Judith Karl ein maßgefertigtes Bett gebaut.;Vor fünf Wochen hat Karl wieder ein maßgefertigtes Bett konstruiert, weil er mit einem Freund zusammen zieht.;Es lässt sich nicht sagen, wie oft Karl ein maßgefertigtes Bett konstruiert hat.;unknown;37;aii;bii;2;neutral;cannot say;False;;;Vor vier Jahren hat Judith Karl ein maßgefertigtes Bett gebaut. Vor fünf Wochen hat Karl wieder ein maßgefertigtes Bett konstruiert, weil er mit einem Freund zusammen zieht.;Es lässt sich nicht sagen, wie oft Karl ein maßgefertigtes Bett konstruiert hat.;joeddav/xlm-roberta-large-xnli;entailment;0;0.02359526976943016;0.00409573083743453;0.9723090529441833
38_ai_bi1_once_pos;Vor drei Monaten hat Karl für Linda ein neues Instrument gekauft.;Vor zwei Wochen hat Linda wieder ein neues Instrument bekommen, weil sie in ein Orchester eingetreten ist.;Linda hat einmal ein neues Instrument bekommen.;unknown;38;ai;bi;1;positive;once;False;;;Vor drei Monaten hat Karl für Linda ein neues Instrument gekauft. Vor zwei Wochen hat Linda wieder ein neues Instrument bekommen, weil sie in ein Orchester eingetreten ist.;Linda hat einmal ein neues Instrument bekommen.;joeddav/xlm-roberta-large-xnli;entailment;0;0.0032178249675780535;0.00037936022272333503;0.9964028596878052
38_ai_bi1_twice_pos;Vor drei Monaten hat Karl für Linda ein neues Instrument gekauft.;Vor zwei Wochen hat Linda wieder ein neues Instrument bekommen, weil sie in ein Orchester eingetreten ist.;Linda hat mindestens zweimal ein neues Instrument bekommen.;entailment;38;ai;bi;1;positive;twice;False;;;Vor drei Monaten hat Karl für Linda ein neues Instrument gekauft. Vor zwei Wochen hat Linda wieder ein neues Instrument bekommen, weil sie in ein Orchester eingetreten ist.;Linda hat mindestens zweimal ein neues Instrument bekommen.;joeddav/xlm-roberta-large-xnli;entailment;1;0.0003035941335838288;0.0002184768090955913;0.9994779229164124
38_ai_bi1_cannot_say_pos;Vor drei Monaten hat Karl für Linda ein neues Instrument gekauft.;Vor zwei Wochen hat Linda wieder ein neues Instrument bekommen, weil sie in ein Orchester eingetreten ist.;Es lässt sich nicht sagen, wie oft Linda ein neues Instrument bekommen hat.;unknown;38;ai;bi;1;positive;cannot say;False;;;Vor drei Monaten hat Karl für Linda ein neues Instrument gekauft. Vor zwei Wochen hat Linda wieder ein neues Instrument bekommen, weil sie in ein Orchester eingetreten ist.;Es lässt sich nicht sagen, wie oft Linda ein neues Instrument bekommen hat.;joeddav/xlm-roberta-large-xnli;entailment;0;0.013071397319436073;0.12237677723169327;0.864551842212677
38_ai_bi2_once_neu;Vor drei Monaten hat Karl für Linda ein neues Instrument gekauft.;Vor zwei Wochen hat Karl wieder ein neues Instrument bekommen, weil er in ein Orchester eingetreten ist.;Karl hat einmal ein neues Instrument bekommen.;entailment;38;ai;bi;2;neutral;once;False;;;Vor drei Monaten hat Karl für Linda ein neues Instrument gekauft. Vor zwei Wochen hat Karl wieder ein neues Instrument bekommen, weil er in ein Orchester eingetreten ist.;Karl hat einmal ein neues Instrument bekommen.;joeddav/xlm-roberta-large-xnli;entailment;1;0.003316513728350401;0.00040434455149807036;0.9962791800498962
38_ai_bi2_twice_neu;Vor drei Monaten hat Karl für Linda ein neues Instrument gekauft.;Vor zwei Wochen hat Karl wieder ein neues Instrument bekommen, weil er in ein Orchester eingetreten ist.;Karl hat mindestens zweimal ein neues Instrument bekommen.;unknown;38;ai;bi;2;neutral;twice;False;;;Vor drei Monaten hat Karl für Linda ein neues Instrument gekauft. Vor zwei Wochen hat Karl wieder ein neues Instrument bekommen, weil er in ein Orchester eingetreten ist.;Karl hat mindestens zweimal ein neues Instrument bekommen.;joeddav/xlm-roberta-large-xnli;entailment;0;0.00030332483584061265;0.00024399721587542444;0.9994526505470276
38_ai_bi2_cannot_say_neu;Vor drei Monaten hat Karl für Linda ein neues Instrument gekauft.;Vor zwei Wochen hat Karl wieder ein neues Instrument bekommen, weil er in ein Orchester eingetreten ist.;Es lässt sich nicht sagen, wie oft Karl ein neues Instrument bekommen hat.;unknown;38;ai;bi;2;neutral;cannot say;False;;;Vor drei Monaten hat Karl für Linda ein neues Instrument gekauft. Vor zwei Wochen hat Karl wieder ein neues Instrument bekommen, weil er in ein Orchester eingetreten ist.;Es lässt sich nicht sagen, wie oft Karl ein neues Instrument bekommen hat.;joeddav/xlm-roberta-large-xnli;entailment;0;0.013583173975348473;0.14818798005580902;0.8382288813591003
38_ai_bii1_once_neu;Vor drei Monaten hat Karl für Linda ein neues Instrument gekauft.;Vor zwei Wochen hat Linda wieder ein neues Instrument erstanden, weil sie in ein Orchester eingetreten ist.;Linda hat einmal ein neues Instrument erstanden.;entailment;38;ai;bii;1;neutral;once;False;;;Vor drei Monaten hat Karl für Linda ein neues Instrument gekauft. Vor zwei Wochen hat Linda wieder ein neues Instrument erstanden, weil sie in ein Orchester eingetreten ist.;Linda hat einmal ein neues Instrument erstanden.;joeddav/xlm-roberta-large-xnli;entailment;1;0.001294105895794928;0.00028336438117548823;0.9984225034713745
38_ai_bii1_twice_neu;Vor drei Monaten hat Karl für Linda ein neues Instrument gekauft.;Vor zwei Wochen hat Linda wieder ein neues Instrument erstanden, weil sie in ein Orchester eingetreten ist.;Linda hat mindestens zweimal ein neues Instrument erstanden.;unknown;38;ai;bii;1;neutral;twice;False;;;Vor drei Monaten hat Karl für Linda ein neues Instrument gekauft. Vor zwei Wochen hat Linda wieder ein neues Instrument erstanden, weil sie in ein Orchester eingetreten ist.;Linda hat mindestens zweimal ein neues Instrument erstanden.;joeddav/xlm-roberta-large-xnli;entailment;0;0.0003344181168358773;0.0002090485068038106;0.9994565844535828
38_ai_bii1_cannot_say_neu;Vor drei Monaten hat Karl für Linda ein neues Instrument gekauft.;Vor zwei Wochen hat Linda wieder ein neues Instrument erstanden, weil sie in ein Orchester eingetreten ist.;Es lässt sich nicht sagen, wie oft Linda ein neues Instrument erstanden hat.;unknown;38;ai;bii;1;neutral;cannot say;False;;;Vor drei Monaten hat Karl für Linda ein neues Instrument gekauft. Vor zwei Wochen hat Linda wieder ein neues Instrument erstanden, weil sie in ein Orchester eingetreten ist.;Es lässt sich nicht sagen, wie oft Linda ein neues Instrument erstanden hat.;joeddav/xlm-roberta-large-xnli;entailment;0;0.03048682026565075;0.08368903398513794;0.8858242034912109
38_ai_bii2_once_pos;Vor drei Monaten hat Karl für Linda ein neues Instrument gekauft.;Vor zwei Wochen hat Karl wieder ein neues Instrument erstanden, weil er in ein Orchester eingetreten ist.;Karl hat einmal ein neues Instrument erstanden.;unknown;38;ai;bii;2;positive;once;False;;;Vor drei Monaten hat Karl für Linda ein neues Instrument gekauft. Vor zwei Wochen hat Karl wieder ein neues Instrument erstanden, weil er in ein Orchester eingetreten ist.;Karl hat einmal ein neues Instrument erstanden.;joeddav/xlm-roberta-large-xnli;entailment;0;0.001191253773868084;0.00029813824221491814;0.9985105395317078
38_ai_bii2_twice_pos;Vor drei Monaten hat Karl für Linda ein neues Instrument gekauft.;Vor zwei Wochen hat Karl wieder ein neues Instrument erstanden, weil er in ein Orchester eingetreten ist.;Karl hat mindestens zweimal ein neues Instrument erstanden.;entailment;38;ai;bii;2;positive;twice;False;;;Vor drei Monaten hat Karl für Linda ein neues Instrument gekauft. Vor zwei Wochen hat Karl wieder ein neues Instrument erstanden, weil er in ein Orchester eingetreten ist.;Karl hat mindestens zweimal ein neues Instrument erstanden.;joeddav/xlm-roberta-large-xnli;entailment;1;0.0002854086342267692;0.0002341350627830252;0.9994804263114929
38_ai_bii2_cannot_say_pos;Vor drei Monaten hat Karl für Linda ein neues Instrument gekauft.;Vor zwei Wochen hat Karl wieder ein neues Instrument erstanden, weil er in ein Orchester eingetreten ist.;Es lässt sich nicht sagen, wie oft Karl ein neues Instrument erstanden hat.;unknown;38;ai;bii;2;positive;cannot say;False;;;Vor drei Monaten hat Karl für Linda ein neues Instrument gekauft. Vor zwei Wochen hat Karl wieder ein neues Instrument erstanden, weil er in ein Orchester eingetreten ist.;Es lässt sich nicht sagen, wie oft Karl ein neues Instrument erstanden hat.;joeddav/xlm-roberta-large-xnli;entailment;0;0.03247298672795296;0.09548787027597427;0.8720391988754272
38_aii_bi1_once_neu;Vor drei Monaten hat Linda für Karl ein neues Instrument gekauft.;Vor zwei Wochen hat Linda wieder ein neues Instrument bekommen, weil sie in ein Orchester eingetreten ist.;Linda hat einmal ein neues Instrument bekommen.;entailment;38;aii;bi;1;neutral;once;False;;;Vor drei Monaten hat Linda für Karl ein neues Instrument gekauft. Vor zwei Wochen hat Linda wieder ein neues Instrument bekommen, weil sie in ein Orchester eingetreten ist.;Linda hat einmal ein neues Instrument bekommen.;joeddav/xlm-roberta-large-xnli;entailment;1;0.0031756057869642973;0.00041375780710950494;0.9964106678962708
38_aii_bi1_twice_neu;Vor drei Monaten hat Linda für Karl ein neues Instrument gekauft.;Vor zwei Wochen hat Linda wieder ein neues Instrument bekommen, weil sie in ein Orchester eingetreten ist.;Linda hat mindestens zweimal ein neues Instrument bekommen.;unknown;38;aii;bi;1;neutral;twice;False;;;Vor drei Monaten hat Linda für Karl ein neues Instrument gekauft. Vor zwei Wochen hat Linda wieder ein neues Instrument bekommen, weil sie in ein Orchester eingetreten ist.;Linda hat mindestens zweimal ein neues Instrument bekommen.;joeddav/xlm-roberta-large-xnli;entailment;0;0.000316949823172763;0.000242307098233141;0.9994407296180725
38_aii_bi1_cannot_say_neu;Vor drei Monaten hat Linda für Karl ein neues Instrument gekauft.;Vor zwei Wochen hat Linda wieder ein neues Instrument bekommen, weil sie in ein Orchester eingetreten ist.;Es lässt sich nicht sagen, wie oft Linda ein neues Instrument bekommen hat.;unknown;38;aii;bi;1;neutral;cannot say;False;;;Vor drei Monaten hat Linda für Karl ein neues Instrument gekauft. Vor zwei Wochen hat Linda wieder ein neues Instrument bekommen, weil sie in ein Orchester eingetreten ist.;Es lässt sich nicht sagen, wie oft Linda ein neues Instrument bekommen hat.;joeddav/xlm-roberta-large-xnli;entailment;0;0.01357156690210104;0.13306693732738495;0.8533614873886108
38_aii_bi2_once_pos;Vor drei Monaten hat Linda für Karl ein neues Instrument gekauft.;Vor zwei Wochen hat Karl wieder ein neues Instrument bekommen, weil er in ein Orchester eingetreten ist.;Karl hat einmal ein neues Instrument bekommen.;unknown;38;aii;bi;2;positive;once;False;;;Vor drei Monaten hat Linda für Karl ein neues Instrument gekauft. Vor zwei Wochen hat Karl wieder ein neues Instrument bekommen, weil er in ein Orchester eingetreten ist.;Karl hat einmal ein neues Instrument bekommen.;joeddav/xlm-roberta-large-xnli;entailment;0;0.0040582697838544846;0.00040396061376668513;0.9955377578735352
38_aii_bi2_twice_pos;Vor drei Monaten hat Linda für Karl ein neues Instrument gekauft.;Vor zwei Wochen hat Karl wieder ein neues Instrument bekommen, weil er in ein Orchester eingetreten ist.;Karl hat mindestens zweimal ein neues Instrument bekommen.;entailment;38;aii;bi;2;positive;twice;False;;;Vor drei Monaten hat Linda für Karl ein neues Instrument gekauft. Vor zwei Wochen hat Karl wieder ein neues Instrument bekommen, weil er in ein Orchester eingetreten ist.;Karl hat mindestens zweimal ein neues Instrument bekommen.;joeddav/xlm-roberta-large-xnli;entailment;1;0.00030944152968004346;0.0002201781899202615;0.9994704127311707
38_aii_bi2_cannot_say_pos;Vor drei Monaten hat Linda für Karl ein neues Instrument gekauft.;Vor zwei Wochen hat Karl wieder ein neues Instrument bekommen, weil er in ein Orchester eingetreten ist.;Es lässt sich nicht sagen, wie oft Karl ein neues Instrument bekommen hat.;unknown;38;aii;bi;2;positive;cannot say;False;;;Vor drei Monaten hat Linda für Karl ein neues Instrument gekauft. Vor zwei Wochen hat Karl wieder ein neues Instrument bekommen, weil er in ein Orchester eingetreten ist.;Es lässt sich nicht sagen, wie oft Karl ein neues Instrument bekommen hat.;joeddav/xlm-roberta-large-xnli;entailment;0;0.010894577018916607;0.12486471235752106;0.8642407059669495
38_aii_bii1_once_pos;Vor drei Monaten hat Linda für Karl ein neues Instrument gekauft.;Vor zwei Wochen hat Linda wieder ein neues Instrument erstanden, weil sie in ein Orchester eingetreten ist.;Linda hat einmal ein neues Instrument erstanden.;unknown;38;aii;bii;1;positive;once;False;;;Vor drei Monaten hat Linda für Karl ein neues Instrument gekauft. Vor zwei Wochen hat Linda wieder ein neues Instrument erstanden, weil sie in ein Orchester eingetreten ist.;Linda hat einmal ein neues Instrument erstanden.;joeddav/xlm-roberta-large-xnli;entailment;0;0.0013222215929999948;0.0003312152111902833;0.9983465671539307
38_aii_bii1_twice_pos;Vor drei Monaten hat Linda für Karl ein neues Instrument gekauft.;Vor zwei Wochen hat Linda wieder ein neues Instrument erstanden, weil sie in ein Orchester eingetreten ist.;Linda hat mindestens zweimal ein neues Instrument erstanden.;entailment;38;aii;bii;1;positive;twice;False;;;Vor drei Monaten hat Linda für Karl ein neues Instrument gekauft. Vor zwei Wochen hat Linda wieder ein neues Instrument erstanden, weil sie in ein Orchester eingetreten ist.;Linda hat mindestens zweimal ein neues Instrument erstanden.;joeddav/xlm-roberta-large-xnli;entailment;1;0.0002987861807923764;0.00022898815223015845;0.9994722008705139
38_aii_bii1_cannot_say_pos;Vor drei Monaten hat Linda für Karl ein neues Instrument gekauft.;Vor zwei Wochen hat Linda wieder ein neues Instrument erstanden, weil sie in ein Orchester eingetreten ist.;Es lässt sich nicht sagen, wie oft Linda ein neues Instrument erstanden hat.;unknown;38;aii;bii;1;positive;cannot say;False;;;Vor drei Monaten hat Linda für Karl ein neues Instrument gekauft. Vor zwei Wochen hat Linda wieder ein neues Instrument erstanden, weil sie in ein Orchester eingetreten ist.;Es lässt sich nicht sagen, wie oft Linda ein neues Instrument erstanden hat.;joeddav/xlm-roberta-large-xnli;entailment;0;0.03548062965273857;0.12478732317686081;0.8397320508956909
38_aii_bii2_once_neu;Vor drei Monaten hat Linda für Karl ein neues Instrument gekauft.;Vor zwei Wochen hat Karl wieder ein neues Instrument erstanden, weil er in ein Orchester eingetreten ist.;Karl hat einmal ein neues Instrument erstanden.;entailment;38;aii;bii;2;neutral;once;False;;;Vor drei Monaten hat Linda für Karl ein neues Instrument gekauft. Vor zwei Wochen hat Karl wieder ein neues Instrument erstanden, weil er in ein Orchester eingetreten ist.;Karl hat einmal ein neues Instrument erstanden.;joeddav/xlm-roberta-large-xnli;entailment;1;0.0011800368083640933;0.00026165629969909787;0.9985583424568176
38_aii_bii2_twice_neu;Vor drei Monaten hat Linda für Karl ein neues Instrument gekauft.;Vor zwei Wochen hat Karl wieder ein neues Instrument erstanden, weil er in ein Orchester eingetreten ist.;Karl hat mindestens zweimal ein neues Instrument erstanden.;unknown;38;aii;bii;2;neutral;twice;False;;;Vor drei Monaten hat Linda für Karl ein neues Instrument gekauft. Vor zwei Wochen hat Karl wieder ein neues Instrument erstanden, weil er in ein Orchester eingetreten ist.;Karl hat mindestens zweimal ein neues Instrument erstanden.;joeddav/xlm-roberta-large-xnli;entailment;0;0.00032156947418116033;0.0002120018907589838;0.9994664788246155
38_aii_bii2_cannot_say_neu;Vor drei Monaten hat Linda für Karl ein neues Instrument gekauft.;Vor zwei Wochen hat Karl wieder ein neues Instrument erstanden, weil er in ein Orchester eingetreten ist.;Es lässt sich nicht sagen, wie oft Karl ein neues Instrument erstanden hat.;unknown;38;aii;bii;2;neutral;cannot say;False;;;Vor drei Monaten hat Linda für Karl ein neues Instrument gekauft. Vor zwei Wochen hat Karl wieder ein neues Instrument erstanden, weil er in ein Orchester eingetreten ist.;Es lässt sich nicht sagen, wie oft Karl ein neues Instrument erstanden hat.;joeddav/xlm-roberta-large-xnli;entailment;0;0.020810864865779877;0.06759143620729446;0.911597728729248
39_ai_bi1_once_neu;Letztes Jahr hat Karl Timo einen kräftigen Fausthieb verpasst.;Vor vier Wochen hat Timo wieder einen kräftigen Fausthieb ausgeteilt, als er in eine Schlägerei verwickelt war.;Timo hat einmal einen kräftigen Fausthieb ausgeteilt.;entailment;39;ai;bi;1;neutral;once;False;;"ausgeteilt is agent-oriented; abbekommen is recipient-oriented.";Letztes Jahr hat Karl Timo einen kräftigen Fausthieb verpasst. Vor vier Wochen hat Timo wieder einen kräftigen Fausthieb ausgeteilt, als er in eine Schlägerei verwickelt war.;Timo hat einmal einen kräftigen Fausthieb ausgeteilt.;joeddav/xlm-roberta-large-xnli;entailment;1;0.0015457842964679003;0.0003811560454778373;0.9980729818344116
39_ai_bi1_twice_neu;Letztes Jahr hat Karl Timo einen kräftigen Fausthieb verpasst.;Vor vier Wochen hat Timo wieder einen kräftigen Fausthieb ausgeteilt, als er in eine Schlägerei verwickelt war.;Timo hat mindestens zweimal einen kräftigen Fausthieb ausgeteilt.;unknown;39;ai;bi;1;neutral;twice;False;;"ausgeteilt is agent-oriented; abbekommen is recipient-oriented.";Letztes Jahr hat Karl Timo einen kräftigen Fausthieb verpasst. Vor vier Wochen hat Timo wieder einen kräftigen Fausthieb ausgeteilt, als er in eine Schlägerei verwickelt war.;Timo hat mindestens zweimal einen kräftigen Fausthieb ausgeteilt.;joeddav/xlm-roberta-large-xnli;entailment;0;0.00034506735391914845;0.0002651741961017251;0.9993897676467896
39_ai_bi1_cannot_say_neu;Letztes Jahr hat Karl Timo einen kräftigen Fausthieb verpasst.;Vor vier Wochen hat Timo wieder einen kräftigen Fausthieb ausgeteilt, als er in eine Schlägerei verwickelt war.;Es lässt sich nicht sagen, wie oft Timo einen kräftigen Fausthieb ausgeteilt hat.;unknown;39;ai;bi;1;neutral;cannot say;False;;"ausgeteilt is agent-oriented; abbekommen is recipient-oriented.";Letztes Jahr hat Karl Timo einen kräftigen Fausthieb verpasst. Vor vier Wochen hat Timo wieder einen kräftigen Fausthieb ausgeteilt, als er in eine Schlägerei verwickelt war.;Es lässt sich nicht sagen, wie oft Timo einen kräftigen Fausthieb ausgeteilt hat.;joeddav/xlm-roberta-large-xnli;entailment;0;0.03666519373655319;0.47820380330085754;0.48513102531433105
39_ai_bi2_once_pos;Letztes Jahr hat Karl Timo einen kräftigen Fausthieb verpasst.;Vor vier Wochen hat Karl wieder einen kräftigen Fausthieb ausgeteilt, als er in eine Schlägerei verwickelt war.;Karl hat einmal einen kräftigen Fausthieb ausgeteilt.;unknown;39;ai;bi;2;positive;once;False;;"ausgeteilt is agent-oriented; abbekommen is recipient-oriented.";Letztes Jahr hat Karl Timo einen kräftigen Fausthieb verpasst. Vor vier Wochen hat Karl wieder einen kräftigen Fausthieb ausgeteilt, als er in eine Schlägerei verwickelt war.;Karl hat einmal einen kräftigen Fausthieb ausgeteilt.;joeddav/xlm-roberta-large-xnli;entailment;0;0.0016229675384238362;0.0003881448064930737;0.9979889392852783
39_ai_bi2_twice_pos;Letztes Jahr hat Karl Timo einen kräftigen Fausthieb verpasst.;Vor vier Wochen hat Karl wieder einen kräftigen Fausthieb ausgeteilt, als er in eine Schlägerei verwickelt war.;Karl hat mindestens zweimal einen kräftigen Fausthieb ausgeteilt.;entailment;39;ai;bi;2;positive;twice;False;;"ausgeteilt is agent-oriented; abbekommen is recipient-oriented.";Letztes Jahr hat Karl Timo einen kräftigen Fausthieb verpasst. Vor vier Wochen hat Karl wieder einen kräftigen Fausthieb ausgeteilt, als er in eine Schlägerei verwickelt war.;Karl hat mindestens zweimal einen kräftigen Fausthieb ausgeteilt.;joeddav/xlm-roberta-large-xnli;entailment;1;0.00033726129913702607;0.00026409607380628586;0.9993985891342163
39_ai_bi2_cannot_say_pos;Letztes Jahr hat Karl Timo einen kräftigen Fausthieb verpasst.;Vor vier Wochen hat Karl wieder einen kräftigen Fausthieb ausgeteilt, als er in eine Schlägerei verwickelt war.;Es lässt sich nicht sagen, wie oft Karl einen kräftigen Fausthieb ausgeteilt hat.;unknown;39;ai;bi;2;positive;cannot say;False;;"ausgeteilt is agent-oriented; abbekommen is recipient-oriented.";Letztes Jahr hat Karl Timo einen kräftigen Fausthieb verpasst. Vor vier Wochen hat Karl wieder einen kräftigen Fausthieb ausgeteilt, als er in eine Schlägerei verwickelt war.;Es lässt sich nicht sagen, wie oft Karl einen kräftigen Fausthieb ausgeteilt hat.;joeddav/xlm-roberta-large-xnli;entailment;0;0.0418638177216053;0.4697771966457367;0.4883589446544647
39_ai_bii1_once_pos;Letztes Jahr hat Karl Timo einen kräftigen Fausthieb verpasst.;Vor vier Wochen hat Timo wieder einen kräftigen Fausthieb abbekommen, als er in eine Schlägerei verwickelt war.;Timo hat einmal einen kräftigen Fausthieb abbekommen.;unknown;39;ai;bii;1;positive;once;False;;"ausgeteilt is agent-oriented; abbekommen is recipient-oriented.";Letztes Jahr hat Karl Timo einen kräftigen Fausthieb verpasst. Vor vier Wochen hat Timo wieder einen kräftigen Fausthieb abbekommen, als er in eine Schlägerei verwickelt war.;Timo hat einmal einen kräftigen Fausthieb abbekommen.;joeddav/xlm-roberta-large-xnli;entailment;0;0.00061662623193115;0.00022294886002782732;0.9991604089736938
39_ai_bii1_twice_pos;Letztes Jahr hat Karl Timo einen kräftigen Fausthieb verpasst.;Vor vier Wochen hat Timo wieder einen kräftigen Fausthieb abbekommen, als er in eine Schlägerei verwickelt war.;Timo hat mindestens zweimal einen kräftigen Fausthieb abbekommen.;entailment;39;ai;bii;1;positive;twice;False;;"ausgeteilt is agent-oriented; abbekommen is recipient-oriented.";Letztes Jahr hat Karl Timo einen kräftigen Fausthieb verpasst. Vor vier Wochen hat Timo wieder einen kräftigen Fausthieb abbekommen, als er in eine Schlägerei verwickelt war.;Timo hat mindestens zweimal einen kräftigen Fausthieb abbekommen.;joeddav/xlm-roberta-large-xnli;entailment;1;0.0002738082257565111;0.00023859440989326686;0.9994875192642212
39_ai_bii1_cannot_say_pos;Letztes Jahr hat Karl Timo einen kräftigen Fausthieb verpasst.;Vor vier Wochen hat Timo wieder einen kräftigen Fausthieb abbekommen, als er in eine Schlägerei verwickelt war.;Es lässt sich nicht sagen, wie oft Timo einen kräftigen Fausthieb abbekommen hat.;unknown;39;ai;bii;1;positive;cannot say;False;;"ausgeteilt is agent-oriented; abbekommen is recipient-oriented.";Letztes Jahr hat Karl Timo einen kräftigen Fausthieb verpasst. Vor vier Wochen hat Timo wieder einen kräftigen Fausthieb abbekommen, als er in eine Schlägerei verwickelt war.;Es lässt sich nicht sagen, wie oft Timo einen kräftigen Fausthieb abbekommen hat.;joeddav/xlm-roberta-large-xnli;neutral;1;0.005555321462452412;0.9332391619682312;0.06120549142360687
39_ai_bii2_once_neu;Letztes Jahr hat Karl Timo einen kräftigen Fausthieb verpasst.;Vor vier Wochen hat Karl wieder einen kräftigen Fausthieb abbekommen, als er in eine Schlägerei verwickelt war.;Karl hat einmal einen kräftigen Fausthieb abbekommen.;entailment;39;ai;bii;2;neutral;once;False;;"ausgeteilt is agent-oriented; abbekommen is recipient-oriented.";Letztes Jahr hat Karl Timo einen kräftigen Fausthieb verpasst. Vor vier Wochen hat Karl wieder einen kräftigen Fausthieb abbekommen, als er in eine Schlägerei verwickelt war.;Karl hat einmal einen kräftigen Fausthieb abbekommen.;joeddav/xlm-roberta-large-xnli;entailment;1;0.0006099152960814536;0.0002205859636887908;0.9991694688796997
39_ai_bii2_twice_neu;Letztes Jahr hat Karl Timo einen kräftigen Fausthieb verpasst.;Vor vier Wochen hat Karl wieder einen kräftigen Fausthieb abbekommen, als er in eine Schlägerei verwickelt war.;Karl hat mindestens zweimal einen kräftigen Fausthieb abbekommen.;unknown;39;ai;bii;2;neutral;twice;False;;"ausgeteilt is agent-oriented; abbekommen is recipient-oriented.";Letztes Jahr hat Karl Timo einen kräftigen Fausthieb verpasst. Vor vier Wochen hat Karl wieder einen kräftigen Fausthieb abbekommen, als er in eine Schlägerei verwickelt war.;Karl hat mindestens zweimal einen kräftigen Fausthieb abbekommen.;joeddav/xlm-roberta-large-xnli;entailment;0;0.00027255347231402993;0.0002345442771911621;0.999492883682251
39_ai_bii2_cannot_say_neu;Letztes Jahr hat Karl Timo einen kräftigen Fausthieb verpasst.;Vor vier Wochen hat Karl wieder einen kräftigen Fausthieb abbekommen, als er in eine Schlägerei verwickelt war.;Es lässt sich nicht sagen, wie oft Karl einen kräftigen Fausthieb abbekommen hat.;unknown;39;ai;bii;2;neutral;cannot say;False;;"ausgeteilt is agent-oriented; abbekommen is recipient-oriented.";Letztes Jahr hat Karl Timo einen kräftigen Fausthieb verpasst. Vor vier Wochen hat Karl wieder einen kräftigen Fausthieb abbekommen, als er in eine Schlägerei verwickelt war.;Es lässt sich nicht sagen, wie oft Karl einen kräftigen Fausthieb abbekommen hat.;joeddav/xlm-roberta-large-xnli;neutral;1;0.006884006317704916;0.9335185289382935;0.0595974400639534
39_aii_bi1_once_pos;Letztes Jahr hat Timo Karl einen kräftigen Fausthieb verpasst.;Vor vier Wochen hat Timo wieder einen kräftigen Fausthieb ausgeteilt, als er in eine Schlägerei verwickelt war.;Timo hat einmal einen kräftigen Fausthieb ausgeteilt.;unknown;39;aii;bi;1;positive;once;False;;"ausgeteilt is agent-oriented; abbekommen is recipient-oriented.";Letztes Jahr hat Timo Karl einen kräftigen Fausthieb verpasst. Vor vier Wochen hat Timo wieder einen kräftigen Fausthieb ausgeteilt, als er in eine Schlägerei verwickelt war.;Timo hat einmal einen kräftigen Fausthieb ausgeteilt.;joeddav/xlm-roberta-large-xnli;entailment;0;0.0014733372954651713;0.00035952043253928423;0.9981671571731567
39_aii_bi1_twice_pos;Letztes Jahr hat Timo Karl einen kräftigen Fausthieb verpasst.;Vor vier Wochen hat Timo wieder einen kräftigen Fausthieb ausgeteilt, als er in eine Schlägerei verwickelt war.;Timo hat mindestens zweimal einen kräftigen Fausthieb ausgeteilt.;entailment;39;aii;bi;1;positive;twice;False;;"ausgeteilt is agent-oriented; abbekommen is recipient-oriented.";Letztes Jahr hat Timo Karl einen kräftigen Fausthieb verpasst. Vor vier Wochen hat Timo wieder einen kräftigen Fausthieb ausgeteilt, als er in eine Schlägerei verwickelt war.;Timo hat mindestens zweimal einen kräftigen Fausthieb ausgeteilt.;joeddav/xlm-roberta-large-xnli;entailment;1;0.00034427421633154154;0.00026456653722561896;0.9993911981582642
39_aii_bi1_cannot_say_pos;Letztes Jahr hat Timo Karl einen kräftigen Fausthieb verpasst.;Vor vier Wochen hat Timo wieder einen kräftigen Fausthieb ausgeteilt, als er in eine Schlägerei verwickelt war.;Es lässt sich nicht sagen, wie oft Timo einen kräftigen Fausthieb ausgeteilt hat.;unknown;39;aii;bi;1;positive;cannot say;False;;"ausgeteilt is agent-oriented; abbekommen is recipient-oriented.";Letztes Jahr hat Timo Karl einen kräftigen Fausthieb verpasst. Vor vier Wochen hat Timo wieder einen kräftigen Fausthieb ausgeteilt, als er in eine Schlägerei verwickelt war.;Es lässt sich nicht sagen, wie oft Timo einen kräftigen Fausthieb ausgeteilt hat.;joeddav/xlm-roberta-large-xnli;entailment;0;0.03976093605160713;0.43693339824676514;0.5233055949211121
39_aii_bi2_once_neu;Letztes Jahr hat Timo Karl einen kräftigen Fausthieb verpasst.;Vor vier Wochen hat Karl wieder einen kräftigen Fausthieb ausgeteilt, als er in eine Schlägerei verwickelt war.;Karl hat einmal einen kräftigen Fausthieb ausgeteilt.;entailment;39;aii;bi;2;neutral;once;False;;"ausgeteilt is agent-oriented; abbekommen is recipient-oriented.";Letztes Jahr hat Timo Karl einen kräftigen Fausthieb verpasst. Vor vier Wochen hat Karl wieder einen kräftigen Fausthieb ausgeteilt, als er in eine Schlägerei verwickelt war.;Karl hat einmal einen kräftigen Fausthieb ausgeteilt.;joeddav/xlm-roberta-large-xnli;entailment;1;0.001620671944692731;0.0003858974960166961;0.9979934692382812
39_aii_bi2_twice_neu;Letztes Jahr hat Timo Karl einen kräftigen Fausthieb verpasst.;Vor vier Wochen hat Karl wieder einen kräftigen Fausthieb ausgeteilt, als er in eine Schlägerei verwickelt war.;Karl hat mindestens zweimal einen kräftigen Fausthieb ausgeteilt.;unknown;39;aii;bi;2;neutral;twice;False;;"ausgeteilt is agent-oriented; abbekommen is recipient-oriented.";Letztes Jahr hat Timo Karl einen kräftigen Fausthieb verpasst. Vor vier Wochen hat Karl wieder einen kräftigen Fausthieb ausgeteilt, als er in eine Schlägerei verwickelt war.;Karl hat mindestens zweimal einen kräftigen Fausthieb ausgeteilt.;joeddav/xlm-roberta-large-xnli;entailment;0;0.00034798128763213754;0.00026030029403045774;0.9993916749954224
39_aii_bi2_cannot_say_neu;Letztes Jahr hat Timo Karl einen kräftigen Fausthieb verpasst.;Vor vier Wochen hat Karl wieder einen kräftigen Fausthieb ausgeteilt, als er in eine Schlägerei verwickelt war.;Es lässt sich nicht sagen, wie oft Karl einen kräftigen Fausthieb ausgeteilt hat.;unknown;39;aii;bi;2;neutral;cannot say;False;;"ausgeteilt is agent-oriented; abbekommen is recipient-oriented.";Letztes Jahr hat Timo Karl einen kräftigen Fausthieb verpasst. Vor vier Wochen hat Karl wieder einen kräftigen Fausthieb ausgeteilt, als er in eine Schlägerei verwickelt war.;Es lässt sich nicht sagen, wie oft Karl einen kräftigen Fausthieb ausgeteilt hat.;joeddav/xlm-roberta-large-xnli;neutral;1;0.03341706097126007;0.49179020524024963;0.4747927784919739
39_aii_bii1_once_neu;Letztes Jahr hat Timo Karl einen kräftigen Fausthieb verpasst.;Vor vier Wochen hat Timo wieder einen kräftigen Fausthieb abbekommen, als er in eine Schlägerei verwickelt war.;Timo hat einmal einen kräftigen Fausthieb abbekommen.;entailment;39;aii;bii;1;neutral;once;False;;"ausgeteilt is agent-oriented; abbekommen is recipient-oriented.";Letztes Jahr hat Timo Karl einen kräftigen Fausthieb verpasst. Vor vier Wochen hat Timo wieder einen kräftigen Fausthieb abbekommen, als er in eine Schlägerei verwickelt war.;Timo hat einmal einen kräftigen Fausthieb abbekommen.;joeddav/xlm-roberta-large-xnli;entailment;1;0.0005788581329397857;0.00021302841196302325;0.9992081522941589
39_aii_bii1_twice_neu;Letztes Jahr hat Timo Karl einen kräftigen Fausthieb verpasst.;Vor vier Wochen hat Timo wieder einen kräftigen Fausthieb abbekommen, als er in eine Schlägerei verwickelt war.;Timo hat mindestens zweimal einen kräftigen Fausthieb abbekommen.;unknown;39;aii;bii;1;neutral;twice;False;;"ausgeteilt is agent-oriented; abbekommen is recipient-oriented.";Letztes Jahr hat Timo Karl einen kräftigen Fausthieb verpasst. Vor vier Wochen hat Timo wieder einen kräftigen Fausthieb abbekommen, als er in eine Schlägerei verwickelt war.;Timo hat mindestens zweimal einen kräftigen Fausthieb abbekommen.;joeddav/xlm-roberta-large-xnli;entailment;0;0.0002739393385127187;0.0002357402554480359;0.9994902610778809
39_aii_bii1_cannot_say_neu;Letztes Jahr hat Timo Karl einen kräftigen Fausthieb verpasst.;Vor vier Wochen hat Timo wieder einen kräftigen Fausthieb abbekommen, als er in eine Schlägerei verwickelt war.;Es lässt sich nicht sagen, wie oft Timo einen kräftigen Fausthieb abbekommen hat.;unknown;39;aii;bii;1;neutral;cannot say;False;;"ausgeteilt is agent-oriented; abbekommen is recipient-oriented.";Letztes Jahr hat Timo Karl einen kräftigen Fausthieb verpasst. Vor vier Wochen hat Timo wieder einen kräftigen Fausthieb abbekommen, als er in eine Schlägerei verwickelt war.;Es lässt sich nicht sagen, wie oft Timo einen kräftigen Fausthieb abbekommen hat.;joeddav/xlm-roberta-large-xnli;neutral;1;0.005601138342171907;0.9305468201637268;0.06385194510221481
39_aii_bii2_once_pos;Letztes Jahr hat Timo Karl einen kräftigen Fausthieb verpasst.;Vor vier Wochen hat Karl wieder einen kräftigen Fausthieb abbekommen, als er in eine Schlägerei verwickelt war.;Karl hat einmal einen kräftigen Fausthieb abbekommen.;unknown;39;aii;bii;2;positive;once;False;;"ausgeteilt is agent-oriented; abbekommen is recipient-oriented.";Letztes Jahr hat Timo Karl einen kräftigen Fausthieb verpasst. Vor vier Wochen hat Karl wieder einen kräftigen Fausthieb abbekommen, als er in eine Schlägerei verwickelt war.;Karl hat einmal einen kräftigen Fausthieb abbekommen.;joeddav/xlm-roberta-large-xnli;entailment;0;0.0006312474142760038;0.00022572943998966366;0.9991430044174194
39_aii_bii2_twice_pos;Letztes Jahr hat Timo Karl einen kräftigen Fausthieb verpasst.;Vor vier Wochen hat Karl wieder einen kräftigen Fausthieb abbekommen, als er in eine Schlägerei verwickelt war.;Karl hat mindestens zweimal einen kräftigen Fausthieb abbekommen.;entailment;39;aii;bii;2;positive;twice;False;;"ausgeteilt is agent-oriented; abbekommen is recipient-oriented.";Letztes Jahr hat Timo Karl einen kräftigen Fausthieb verpasst. Vor vier Wochen hat Karl wieder einen kräftigen Fausthieb abbekommen, als er in eine Schlägerei verwickelt war.;Karl hat mindestens zweimal einen kräftigen Fausthieb abbekommen.;joeddav/xlm-roberta-large-xnli;entailment;1;0.0002752969739958644;0.00023550944752059877;0.9994891881942749
39_aii_bii2_cannot_say_pos;Letztes Jahr hat Timo Karl einen kräftigen Fausthieb verpasst.;Vor vier Wochen hat Karl wieder einen kräftigen Fausthieb abbekommen, als er in eine Schlägerei verwickelt war.;Es lässt sich nicht sagen, wie oft Karl einen kräftigen Fausthieb abbekommen hat.;unknown;39;aii;bii;2;positive;cannot say;False;;"ausgeteilt is agent-oriented; abbekommen is recipient-oriented.";Letztes Jahr hat Timo Karl einen kräftigen Fausthieb verpasst. Vor vier Wochen hat Karl wieder einen kräftigen Fausthieb abbekommen, als er in eine Schlägerei verwickelt war.;Es lässt sich nicht sagen, wie oft Karl einen kräftigen Fausthieb abbekommen hat.;joeddav/xlm-roberta-large-xnli;neutral;1;0.004669229034334421;0.9481366872787476;0.047194018959999084
40_ai_bi1_once_pos;Vor einem halben Jahr hat Karl Greta charmant zum Tanzen aufgefordert.;Vor zwei Wochen hat Greta wieder eine charmante Tanzaufforderung erhalten, als sie auf einer Party einsam war.;Greta hat einmal eine charmante Tanzaufforderung erhalten.;unknown;40;ai;bi;1;positive;once;False;;;Vor einem halben Jahr hat Karl Greta charmant zum Tanzen aufgefordert. Vor zwei Wochen hat Greta wieder eine charmante Tanzaufforderung erhalten, als sie auf einer Party einsam war.;Greta hat einmal eine charmante Tanzaufforderung erhalten.;joeddav/xlm-roberta-large-xnli;entailment;0;0.001622042735107243;0.00041920391959138215;0.997958779335022
40_ai_bi1_twice_pos;Vor einem halben Jahr hat Karl Greta charmant zum Tanzen aufgefordert.;Vor zwei Wochen hat Greta wieder eine charmante Tanzaufforderung erhalten, als sie auf einer Party einsam war.;Greta hat mindestens zweimal eine charmante Tanzaufforderung erhalten.;entailment;40;ai;bi;1;positive;twice;False;;;Vor einem halben Jahr hat Karl Greta charmant zum Tanzen aufgefordert. Vor zwei Wochen hat Greta wieder eine charmante Tanzaufforderung erhalten, als sie auf einer Party einsam war.;Greta hat mindestens zweimal eine charmante Tanzaufforderung erhalten.;joeddav/xlm-roberta-large-xnli;entailment;1;0.0002794474712572992;0.00026478481595404446;0.9994557499885559
40_ai_bi1_cannot_say_pos;Vor einem halben Jahr hat Karl Greta charmant zum Tanzen aufgefordert.;Vor zwei Wochen hat Greta wieder eine charmante Tanzaufforderung erhalten, als sie auf einer Party einsam war.;Es lässt sich nicht sagen, wie oft Greta eine charmante Tanzaufforderung erhalten hat.;unknown;40;ai;bi;1;positive;cannot say;False;;;Vor einem halben Jahr hat Karl Greta charmant zum Tanzen aufgefordert. Vor zwei Wochen hat Greta wieder eine charmante Tanzaufforderung erhalten, als sie auf einer Party einsam war.;Es lässt sich nicht sagen, wie oft Greta eine charmante Tanzaufforderung erhalten hat.;joeddav/xlm-roberta-large-xnli;neutral;1;0.011371458880603313;0.9064043164253235;0.08222423493862152
40_ai_bi2_once_neu;Vor einem halben Jahr hat Karl Greta charmant zum Tanzen aufgefordert.;Vor zwei Wochen hat Karl wieder eine charmante Tanzaufforderung erhalten, als er auf einer Party einsam war.;Karl hat einmal eine charmante Tanzaufforderung erhalten.;entailment;40;ai;bi;2;neutral;once;False;;;Vor einem halben Jahr hat Karl Greta charmant zum Tanzen aufgefordert. Vor zwei Wochen hat Karl wieder eine charmante Tanzaufforderung erhalten, als er auf einer Party einsam war.;Karl hat einmal eine charmante Tanzaufforderung erhalten.;joeddav/xlm-roberta-large-xnli;entailment;1;0.001644435804337263;0.0004371308023110032;0.997918426990509
40_ai_bi2_twice_neu;Vor einem halben Jahr hat Karl Greta charmant zum Tanzen aufgefordert.;Vor zwei Wochen hat Karl wieder eine charmante Tanzaufforderung erhalten, als er auf einer Party einsam war.;Karl hat mindestens zweimal eine charmante Tanzaufforderung erhalten.;unknown;40;ai;bi;2;neutral;twice;False;;;Vor einem halben Jahr hat Karl Greta charmant zum Tanzen aufgefordert. Vor zwei Wochen hat Karl wieder eine charmante Tanzaufforderung erhalten, als er auf einer Party einsam war.;Karl hat mindestens zweimal eine charmante Tanzaufforderung erhalten.;joeddav/xlm-roberta-large-xnli;entailment;0;0.0002833116159308702;0.00027693380252458155;0.9994397759437561
40_ai_bi2_cannot_say_neu;Vor einem halben Jahr hat Karl Greta charmant zum Tanzen aufgefordert.;Vor zwei Wochen hat Karl wieder eine charmante Tanzaufforderung erhalten, als er auf einer Party einsam war.;Es lässt sich nicht sagen, wie oft Karl eine charmante Tanzaufforderung erhalten hat.;unknown;40;ai;bi;2;neutral;cannot say;False;;;Vor einem halben Jahr hat Karl Greta charmant zum Tanzen aufgefordert. Vor zwei Wochen hat Karl wieder eine charmante Tanzaufforderung erhalten, als er auf einer Party einsam war.;Es lässt sich nicht sagen, wie oft Karl eine charmante Tanzaufforderung erhalten hat.;joeddav/xlm-roberta-large-xnli;neutral;1;0.02525312453508377;0.6435171365737915;0.3312297463417053
40_ai_bii1_once_neu;Vor einem halben Jahr hat Karl Greta charmant zum Tanzen aufgefordert.;Vor zwei Wochen hat Greta wieder eine charmante Tanzaufforderung ausgesprochen, als sie auf einer Party einsam war.;Greta hat einmal eine charmante Tanzaufforderung ausgesprochen.;entailment;40;ai;bii;1;neutral;once;False;;;Vor einem halben Jahr hat Karl Greta charmant zum Tanzen aufgefordert. Vor zwei Wochen hat Greta wieder eine charmante Tanzaufforderung ausgesprochen, als sie auf einer Party einsam war.;Greta hat einmal eine charmante Tanzaufforderung ausgesprochen.;joeddav/xlm-roberta-large-xnli;entailment;1;0.0022779495920985937;0.000489783997181803;0.9972322583198547
40_ai_bii1_twice_neu;Vor einem halben Jahr hat Karl Greta charmant zum Tanzen aufgefordert.;Vor zwei Wochen hat Greta wieder eine charmante Tanzaufforderung ausgesprochen, als sie auf einer Party einsam war.;Greta hat mindestens zweimal eine charmante Tanzaufforderung ausgesprochen.;unknown;40;ai;bii;1;neutral;twice;False;;;Vor einem halben Jahr hat Karl Greta charmant zum Tanzen aufgefordert. Vor zwei Wochen hat Greta wieder eine charmante Tanzaufforderung ausgesprochen, als sie auf einer Party einsam war.;Greta hat mindestens zweimal eine charmante Tanzaufforderung ausgesprochen.;joeddav/xlm-roberta-large-xnli;entailment;0;0.0003502123581711203;0.0002830316952895373;0.999366819858551
40_ai_bii1_cannot_say_neu;Vor einem halben Jahr hat Karl Greta charmant zum Tanzen aufgefordert.;Vor zwei Wochen hat Greta wieder eine charmante Tanzaufforderung ausgesprochen, als sie auf einer Party einsam war.;Es lässt sich nicht sagen, wie oft Greta eine charmante Tanzaufforderung ausgesprochen hat.;unknown;40;ai;bii;1;neutral;cannot say;False;;;Vor einem halben Jahr hat Karl Greta charmant zum Tanzen aufgefordert. Vor zwei Wochen hat Greta wieder eine charmante Tanzaufforderung ausgesprochen, als sie auf einer Party einsam war.;Es lässt sich nicht sagen, wie oft Greta eine charmante Tanzaufforderung ausgesprochen hat.;joeddav/xlm-roberta-large-xnli;entailment;0;0.2958061397075653;0.2676677107810974;0.4365260601043701
40_ai_bii2_once_pos;Vor einem halben Jahr hat Karl Greta charmant zum Tanzen aufgefordert.;Vor zwei Wochen hat Karl wieder eine charmante Tanzaufforderung ausgesprochen, als er auf einer Party einsam war.;Karl hat einmal eine charmante Tanzaufforderung ausgesprochen.;unknown;40;ai;bii;2;positive;once;False;;;Vor einem halben Jahr hat Karl Greta charmant zum Tanzen aufgefordert. Vor zwei Wochen hat Karl wieder eine charmante Tanzaufforderung ausgesprochen, als er auf einer Party einsam war.;Karl hat einmal eine charmante Tanzaufforderung ausgesprochen.;joeddav/xlm-roberta-large-xnli;entailment;0;0.0021341268438845873;0.0005058596143499017;0.9973600506782532
40_ai_bii2_twice_pos;Vor einem halben Jahr hat Karl Greta charmant zum Tanzen aufgefordert.;Vor zwei Wochen hat Karl wieder eine charmante Tanzaufforderung ausgesprochen, als er auf einer Party einsam war.;Karl hat mindestens zweimal eine charmante Tanzaufforderung ausgesprochen.;entailment;40;ai;bii;2;positive;twice;False;;;Vor einem halben Jahr hat Karl Greta charmant zum Tanzen aufgefordert. Vor zwei Wochen hat Karl wieder eine charmante Tanzaufforderung ausgesprochen, als er auf einer Party einsam war.;Karl hat mindestens zweimal eine charmante Tanzaufforderung ausgesprochen.;joeddav/xlm-roberta-large-xnli;entailment;1;0.00032829088740982115;0.00028396202833391726;0.9993877410888672
40_ai_bii2_cannot_say_pos;Vor einem halben Jahr hat Karl Greta charmant zum Tanzen aufgefordert.;Vor zwei Wochen hat Karl wieder eine charmante Tanzaufforderung ausgesprochen, als er auf einer Party einsam war.;Es lässt sich nicht sagen, wie oft Karl eine charmante Tanzaufforderung ausgesprochen hat.;unknown;40;ai;bii;2;positive;cannot say;False;;;Vor einem halben Jahr hat Karl Greta charmant zum Tanzen aufgefordert. Vor zwei Wochen hat Karl wieder eine charmante Tanzaufforderung ausgesprochen, als er auf einer Party einsam war.;Es lässt sich nicht sagen, wie oft Karl eine charmante Tanzaufforderung ausgesprochen hat.;joeddav/xlm-roberta-large-xnli;entailment;0;0.29404088854789734;0.2829982042312622;0.4229608476161957
40_aii_bi1_once_neu;Vor einem halben Jahr hat Greta Karl charmant zum Tanzen aufgefordert.;Vor zwei Wochen hat Greta wieder eine charmante Tanzaufforderung erhalten, als sie auf einer Party einsam war.;Greta hat einmal eine charmante Tanzaufforderung erhalten.;entailment;40;aii;bi;1;neutral;once;False;;;Vor einem halben Jahr hat Greta Karl charmant zum Tanzen aufgefordert. Vor zwei Wochen hat Greta wieder eine charmante Tanzaufforderung erhalten, als sie auf einer Party einsam war.;Greta hat einmal eine charmante Tanzaufforderung erhalten.;joeddav/xlm-roberta-large-xnli;entailment;1;0.001631972030736506;0.00042276110616512597;0.997945249080658
40_aii_bi1_twice_neu;Vor einem halben Jahr hat Greta Karl charmant zum Tanzen aufgefordert.;Vor zwei Wochen hat Greta wieder eine charmante Tanzaufforderung erhalten, als sie auf einer Party einsam war.;Greta hat mindestens zweimal eine charmante Tanzaufforderung erhalten.;unknown;40;aii;bi;1;neutral;twice;False;;;Vor einem halben Jahr hat Greta Karl charmant zum Tanzen aufgefordert. Vor zwei Wochen hat Greta wieder eine charmante Tanzaufforderung erhalten, als sie auf einer Party einsam war.;Greta hat mindestens zweimal eine charmante Tanzaufforderung erhalten.;joeddav/xlm-roberta-large-xnli;entailment;0;0.0002834270417224616;0.0002853744081221521;0.9994311928749084
40_aii_bi1_cannot_say_neu;Vor einem halben Jahr hat Greta Karl charmant zum Tanzen aufgefordert.;Vor zwei Wochen hat Greta wieder eine charmante Tanzaufforderung erhalten, als sie auf einer Party einsam war.;Es lässt sich nicht sagen, wie oft Greta eine charmante Tanzaufforderung erhalten hat.;unknown;40;aii;bi;1;neutral;cannot say;False;;;Vor einem halben Jahr hat Greta Karl charmant zum Tanzen aufgefordert. Vor zwei Wochen hat Greta wieder eine charmante Tanzaufforderung erhalten, als sie auf einer Party einsam war.;Es lässt sich nicht sagen, wie oft Greta eine charmante Tanzaufforderung erhalten hat.;joeddav/xlm-roberta-large-xnli;neutral;1;0.020957238972187042;0.7963961362838745;0.18264660239219666
40_aii_bi2_once_pos;Vor einem halben Jahr hat Greta Karl charmant zum Tanzen aufgefordert.;Vor zwei Wochen hat Karl wieder eine charmante Tanzaufforderung erhalten, als er auf einer Party einsam war.;Karl hat einmal eine charmante Tanzaufforderung erhalten.;unknown;40;aii;bi;2;positive;once;False;;;Vor einem halben Jahr hat Greta Karl charmant zum Tanzen aufgefordert. Vor zwei Wochen hat Karl wieder eine charmante Tanzaufforderung erhalten, als er auf einer Party einsam war.;Karl hat einmal eine charmante Tanzaufforderung erhalten.;joeddav/xlm-roberta-large-xnli;entailment;0;0.0014612502418458462;0.000407242652727291;0.9981315732002258
40_aii_bi2_twice_pos;Vor einem halben Jahr hat Greta Karl charmant zum Tanzen aufgefordert.;Vor zwei Wochen hat Karl wieder eine charmante Tanzaufforderung erhalten, als er auf einer Party einsam war.;Karl hat mindestens zweimal eine charmante Tanzaufforderung erhalten.;entailment;40;aii;bi;2;positive;twice;False;;;Vor einem halben Jahr hat Greta Karl charmant zum Tanzen aufgefordert. Vor zwei Wochen hat Karl wieder eine charmante Tanzaufforderung erhalten, als er auf einer Party einsam war.;Karl hat mindestens zweimal eine charmante Tanzaufforderung erhalten.;joeddav/xlm-roberta-large-xnli;entailment;1;0.00028013341943733394;0.0002672068076208234;0.9994526505470276
40_aii_bi2_cannot_say_pos;Vor einem halben Jahr hat Greta Karl charmant zum Tanzen aufgefordert.;Vor zwei Wochen hat Karl wieder eine charmante Tanzaufforderung erhalten, als er auf einer Party einsam war.;Es lässt sich nicht sagen, wie oft Karl eine charmante Tanzaufforderung erhalten hat.;unknown;40;aii;bi;2;positive;cannot say;False;;;Vor einem halben Jahr hat Greta Karl charmant zum Tanzen aufgefordert. Vor zwei Wochen hat Karl wieder eine charmante Tanzaufforderung erhalten, als er auf einer Party einsam war.;Es lässt sich nicht sagen, wie oft Karl eine charmante Tanzaufforderung erhalten hat.;joeddav/xlm-roberta-large-xnli;entailment;0;0.03401679918169975;0.40900248289108276;0.5569806694984436
40_aii_bii1_once_pos;Vor einem halben Jahr hat Greta Karl charmant zum Tanzen aufgefordert.;Vor zwei Wochen hat Greta wieder eine charmante Tanzaufforderung ausgesprochen, als sie auf einer Party einsam war.;Greta hat einmal eine charmante Tanzaufforderung ausgesprochen.;unknown;40;aii;bii;1;positive;once;False;;;Vor einem halben Jahr hat Greta Karl charmant zum Tanzen aufgefordert. Vor zwei Wochen hat Greta wieder eine charmante Tanzaufforderung ausgesprochen, als sie auf einer Party einsam war.;Greta hat einmal eine charmante Tanzaufforderung ausgesprochen.;joeddav/xlm-roberta-large-xnli;entailment;0;0.0020867325365543365;0.00046626682160422206;0.9974470138549805
40_aii_bii1_twice_pos;Vor einem halben Jahr hat Greta Karl charmant zum Tanzen aufgefordert.;Vor zwei Wochen hat Greta wieder eine charmante Tanzaufforderung ausgesprochen, als sie auf einer Party einsam war.;Greta hat mindestens zweimal eine charmante Tanzaufforderung ausgesprochen.;entailment;40;aii;bii;1;positive;twice;False;;;Vor einem halben Jahr hat Greta Karl charmant zum Tanzen aufgefordert. Vor zwei Wochen hat Greta wieder eine charmante Tanzaufforderung ausgesprochen, als sie auf einer Party einsam war.;Greta hat mindestens zweimal eine charmante Tanzaufforderung ausgesprochen.;joeddav/xlm-roberta-large-xnli;entailment;1;0.0003046720812562853;0.00026263698237016797;0.9994326233863831
40_aii_bii1_cannot_say_pos;Vor einem halben Jahr hat Greta Karl charmant zum Tanzen aufgefordert.;Vor zwei Wochen hat Greta wieder eine charmante Tanzaufforderung ausgesprochen, als sie auf einer Party einsam war.;Es lässt sich nicht sagen, wie oft Greta eine charmante Tanzaufforderung ausgesprochen hat.;unknown;40;aii;bii;1;positive;cannot say;False;;;Vor einem halben Jahr hat Greta Karl charmant zum Tanzen aufgefordert. Vor zwei Wochen hat Greta wieder eine charmante Tanzaufforderung ausgesprochen, als sie auf einer Party einsam war.;Es lässt sich nicht sagen, wie oft Greta eine charmante Tanzaufforderung ausgesprochen hat.;joeddav/xlm-roberta-large-xnli;entailment;0;0.3254386782646179;0.2013397067785263;0.4732216000556946
40_aii_bii2_once_neu;Vor einem halben Jahr hat Greta Karl charmant zum Tanzen aufgefordert.;Vor zwei Wochen hat Karl wieder eine charmante Tanzaufforderung ausgesprochen, als er auf einer Party einsam war.;Karl hat einmal eine charmante Tanzaufforderung ausgesprochen.;entailment;40;aii;bii;2;neutral;once;False;;;Vor einem halben Jahr hat Greta Karl charmant zum Tanzen aufgefordert. Vor zwei Wochen hat Karl wieder eine charmante Tanzaufforderung ausgesprochen, als er auf einer Party einsam war.;Karl hat einmal eine charmante Tanzaufforderung ausgesprochen.;joeddav/xlm-roberta-large-xnli;entailment;1;0.002964940620586276;0.0005975011154077947;0.9964375495910645
40_aii_bii2_twice_neu;Vor einem halben Jahr hat Greta Karl charmant zum Tanzen aufgefordert.;Vor zwei Wochen hat Karl wieder eine charmante Tanzaufforderung ausgesprochen, als er auf einer Party einsam war.;Karl hat mindestens zweimal eine charmante Tanzaufforderung ausgesprochen.;unknown;40;aii;bii;2;neutral;twice;False;;;Vor einem halben Jahr hat Greta Karl charmant zum Tanzen aufgefordert. Vor zwei Wochen hat Karl wieder eine charmante Tanzaufforderung ausgesprochen, als er auf einer Party einsam war.;Karl hat mindestens zweimal eine charmante Tanzaufforderung ausgesprochen.;joeddav/xlm-roberta-large-xnli;entailment;0;0.0004829968966078013;0.0003305553109385073;0.9991864562034607
40_aii_bii2_cannot_say_neu;Vor einem halben Jahr hat Greta Karl charmant zum Tanzen aufgefordert.;Vor zwei Wochen hat Karl wieder eine charmante Tanzaufforderung ausgesprochen, als er auf einer Party einsam war.;Es lässt sich nicht sagen, wie oft Karl eine charmante Tanzaufforderung ausgesprochen hat.;unknown;40;aii;bii;2;neutral;cannot say;False;;;Vor einem halben Jahr hat Greta Karl charmant zum Tanzen aufgefordert. Vor zwei Wochen hat Karl wieder eine charmante Tanzaufforderung ausgesprochen, als er auf einer Party einsam war.;Es lässt sich nicht sagen, wie oft Karl eine charmante Tanzaufforderung ausgesprochen hat.;joeddav/xlm-roberta-large-xnli;entailment;0;0.24358652532100677;0.13296149671077728;0.6234519481658936
