id,premises,target_sentence,conclusion,gold_label,item_id,context,target,brace,condition,response_option,target_inferred,target_note,role_note,meta-llama/Llama-3.1-8B-Instruct_pred_label,meta-llama/Llama-3.1-8B-Instruct_p_entailment,meta-llama/Llama-3.1-8B-Instruct_p_neutral,meta-llama/Llama-3.1-8B-Instruct_p_contradiction
1_ai_bi1_once_pos,Letzte Woche hat Linda Judith eine rosa Lampe für ein Zimmer gekauft.,"Vor zwei Tagen hat Judith wieder eine rosa Lampe erhalten, als sie mit einer Freundin unterwegs war.",Judith hat einmal eine rosa Lampe erhalten.,unknown,1,ai,bi,1,positive,once,False,,,entailment,0.8418,0.0152,0.1431
1_ai_bi1_twice_pos,Letzte Woche hat Linda Judith eine rosa Lampe für ein Zimmer gekauft.,"Vor zwei Tagen hat Judith wieder eine rosa Lampe erhalten, als sie mit einer Freundin unterwegs war.",Judith hat mindestens zweimal eine rosa Lampe erhalten.,entailment,1,ai,bi,1,positive,twice,False,,,entailment,0.9013,0.0047,0.094
1_ai_bi1_cannot_say_pos,Letzte Woche hat Linda Judith eine rosa Lampe für ein Zimmer gekauft.,"Vor zwei Tagen hat Judith wieder eine rosa Lampe erhalten, als sie mit einer Freundin unterwegs war.","Es lässt sich nicht sagen, wie oft Judith eine rosa Lampe erhalten hat.",unknown,1,ai,bi,1,positive,cannot say,False,,,neutral,0.1213,0.5909,0.2877
1_ai_bi2_once_neu,Letzte Woche hat Linda Judith eine rosa Lampe für ein Zimmer gekauft.,"Vor zwei Tagen hat Linda wieder eine rosa Lampe erhalten, als sie mit einer Freundin unterwegs war.",Linda hat einmal eine rosa Lampe erhalten.,entailment,1,ai,bi,2,neutral,once,False,,,entailment,0.8607,0.0085,0.1309
1_ai_bi2_twice_neu,Letzte Woche hat Linda Judith eine rosa Lampe für ein Zimmer gekauft.,"Vor zwei Tagen hat Linda wieder eine rosa Lampe erhalten, als sie mit einer Freundin unterwegs war.",Linda hat mindestens zweimal eine rosa Lampe erhalten.,unknown,1,ai,bi,2,neutral,twice,False,,,entailment,0.909,0.003,0.0881
1_ai_bi2_cannot_say_neu,Letzte Woche hat Linda Judith eine rosa Lampe für ein Zimmer gekauft.,"Vor zwei Tagen hat Linda wieder eine rosa Lampe erhalten, als sie mit einer Freundin unterwegs war.","Es lässt sich nicht sagen, wie oft Linda eine rosa Lampe erhalten hat.",unknown,1,ai,bi,2,neutral,cannot say,False,,,neutral,0.1141,0.6249,0.261
1_ai_bii1_once_neu,Letzte Woche hat Linda Judith eine rosa Lampe für ein Zimmer gekauft.,"Vor zwei Tagen hat Judith wieder eine rosa Lampe besorgt, als sie mit einer Freundin unterwegs war.",Judith hat einmal eine rosa Lampe besorgt.,entailment,1,ai,bii,1,neutral,once,False,,,entailment,0.8904,0.0077,0.1018
1_ai_bii1_twice_neu,Letzte Woche hat Linda Judith eine rosa Lampe für ein Zimmer gekauft.,"Vor zwei Tagen hat Judith wieder eine rosa Lampe besorgt, als sie mit einer Freundin unterwegs war.",Judith hat mindestens zweimal eine rosa Lampe besorgt.,unknown,1,ai,bii,1,neutral,twice,False,,,entailment,0.9321,0.0014,0.0665
1_ai_bii1_cannot_say_neu,Letzte Woche hat Linda Judith eine rosa Lampe für ein Zimmer gekauft.,"Vor zwei Tagen hat Judith wieder eine rosa Lampe besorgt, als sie mit einer Freundin unterwegs war.","Es lässt sich nicht sagen, wie oft Judith eine rosa Lampe besorgt hat.",unknown,1,ai,bii,1,neutral,cannot say,False,,,neutral,0.1211,0.6369,0.242
1_ai_bii2_once_pos,Letzte Woche hat Linda Judith eine rosa Lampe für ein Zimmer gekauft.,"Vor zwei Tagen hat Linda wieder eine rosa Lampe besorgt, als sie mit einer Freundin unterwegs war.",Linda hat einmal eine rosa Lampe besorgt.,unknown,1,ai,bii,2,positive,once,False,,,entailment,0.8968,0.0041,0.0991
1_ai_bii2_twice_pos,Letzte Woche hat Linda Judith eine rosa Lampe für ein Zimmer gekauft.,"Vor zwei Tagen hat Linda wieder eine rosa Lampe besorgt, als sie mit einer Freundin unterwegs war.",Linda hat mindestens zweimal eine rosa Lampe besorgt.,entailment,1,ai,bii,2,positive,twice,False,,,entailment,0.9427,0.0009,0.0564
1_ai_bii2_cannot_say_pos,Letzte Woche hat Linda Judith eine rosa Lampe für ein Zimmer gekauft.,"Vor zwei Tagen hat Linda wieder eine rosa Lampe besorgt, als sie mit einer Freundin unterwegs war.","Es lässt sich nicht sagen, wie oft Linda eine rosa Lampe besorgt hat.",unknown,1,ai,bii,2,positive,cannot say,False,,,neutral,0.1313,0.6372,0.2315
1_aii_bi1_once_neu,Letzte Woche hat Judith Linda eine rosa Lampe für ein Zimmer gekauft.,"Vor zwei Tagen hat Judith wieder eine rosa Lampe erhalten, als sie mit einer Freundin unterwegs war.",Judith hat einmal eine rosa Lampe erhalten.,entailment,1,aii,bi,1,neutral,once,False,,,entailment,0.8538,0.0108,0.1354
1_aii_bi1_twice_neu,Letzte Woche hat Judith Linda eine rosa Lampe für ein Zimmer gekauft.,"Vor zwei Tagen hat Judith wieder eine rosa Lampe erhalten, als sie mit einer Freundin unterwegs war.",Judith hat mindestens zweimal eine rosa Lampe erhalten.,unknown,1,aii,bi,1,neutral,twice,False,,,entailment,0.9131,0.0049,0.082
1_aii_bi1_cannot_say_neu,Letzte Woche hat Judith Linda eine rosa Lampe für ein Zimmer gekauft.,"Vor zwei Tagen hat Judith wieder eine rosa Lampe erhalten, als sie mit einer Freundin unterwegs war.","Es lässt sich nicht sagen, wie oft Judith eine rosa Lampe erhalten hat.",unknown,1,aii,bi,1,neutral,cannot say,False,,,neutral,0.1187,0.6214,0.2599
1_aii_bi2_once_pos,Letzte Woche hat Judith Linda eine rosa Lampe für ein Zimmer gekauft.,"Vor zwei Tagen hat Linda wieder eine rosa Lampe erhalten, als sie mit einer Freundin unterwegs war.",Linda hat einmal eine rosa Lampe erhalten.,unknown,1,aii,bi,2,positive,once,False,,,entailment,0.8343,0.0218,0.144
1_aii_bi2_twice_pos,Letzte Woche hat Judith Linda eine rosa Lampe für ein Zimmer gekauft.,"Vor zwei Tagen hat Linda wieder eine rosa Lampe erhalten, als sie mit einer Freundin unterwegs war.",Linda hat mindestens zweimal eine rosa Lampe erhalten.,entailment,1,aii,bi,2,positive,twice,False,,,entailment,0.8939,0.0099,0.0962
1_aii_bi2_cannot_say_pos,Letzte Woche hat Judith Linda eine rosa Lampe für ein Zimmer gekauft.,"Vor zwei Tagen hat Linda wieder eine rosa Lampe erhalten, als sie mit einer Freundin unterwegs war.","Es lässt sich nicht sagen, wie oft Linda eine rosa Lampe erhalten hat.",unknown,1,aii,bi,2,positive,cannot say,False,,,neutral,0.1206,0.6271,0.2524
1_aii_bii1_once_pos,Letzte Woche hat Judith Linda eine rosa Lampe für ein Zimmer gekauft.,"Vor zwei Tagen hat Judith wieder eine rosa Lampe besorgt, als sie mit einer Freundin unterwegs war.",Judith hat einmal eine rosa Lampe besorgt.,unknown,1,aii,bii,1,positive,once,False,,,entailment,0.9041,0.0047,0.0911
1_aii_bii1_twice_pos,Letzte Woche hat Judith Linda eine rosa Lampe für ein Zimmer gekauft.,"Vor zwei Tagen hat Judith wieder eine rosa Lampe besorgt, als sie mit einer Freundin unterwegs war.",Judith hat mindestens zweimal eine rosa Lampe besorgt.,entailment,1,aii,bii,1,positive,twice,False,,,entailment,0.9399,0.0013,0.0588
1_aii_bii1_cannot_say_pos,Letzte Woche hat Judith Linda eine rosa Lampe für ein Zimmer gekauft.,"Vor zwei Tagen hat Judith wieder eine rosa Lampe besorgt, als sie mit einer Freundin unterwegs war.","Es lässt sich nicht sagen, wie oft Judith eine rosa Lampe besorgt hat.",unknown,1,aii,bii,1,positive,cannot say,False,,,neutral,0.1274,0.6481,0.2246
1_aii_bii2_once_neu,Letzte Woche hat Judith Linda eine rosa Lampe für ein Zimmer gekauft.,"Vor zwei Tagen hat Linda wieder eine rosa Lampe besorgt, als sie mit einer Freundin unterwegs war.",Linda hat einmal eine rosa Lampe besorgt.,entailment,1,aii,bii,2,neutral,once,False,,,entailment,0.8921,0.0077,0.1002
1_aii_bii2_twice_neu,Letzte Woche hat Judith Linda eine rosa Lampe für ein Zimmer gekauft.,"Vor zwei Tagen hat Linda wieder eine rosa Lampe besorgt, als sie mit einer Freundin unterwegs war.",Linda hat mindestens zweimal eine rosa Lampe besorgt.,unknown,1,aii,bii,2,neutral,twice,False,,,entailment,0.9333,0.0024,0.0643
1_aii_bii2_cannot_say_neu,Letzte Woche hat Judith Linda eine rosa Lampe für ein Zimmer gekauft.,"Vor zwei Tagen hat Linda wieder eine rosa Lampe besorgt, als sie mit einer Freundin unterwegs war.","Es lässt sich nicht sagen, wie oft Linda eine rosa Lampe besorgt hat.",unknown,1,aii,bii,2,neutral,cannot say,False,,,neutral,0.1273,0.6483,0.2244
2_ai_bi1_once_pos,Letztes Jahr hat Linda Timo ein schönes Geschenk zum Geburtstag gebastelt.,"Vor einer Woche hat Timo wieder ein schönes Geschenk empfangen, weil er bei einer Wichtelaktion mitgemacht hat.",Timo hat einmal ein schönes Geschenk empfangen.,unknown,2,ai,bi,1,positive,once,False,,,entailment,0.7246,0.0594,0.216
2_ai_bi1_twice_pos,Letztes Jahr hat Linda Timo ein schönes Geschenk zum Geburtstag gebastelt.,"Vor einer Woche hat Timo wieder ein schönes Geschenk empfangen, weil er bei einer Wichtelaktion mitgemacht hat.",Timo hat mindestens zweimal ein schönes Geschenk empfangen.,entailment,2,ai,bi,1,positive,twice,False,,,entailment,0.8158,0.0351,0.1491
2_ai_bi1_cannot_say_pos,Letztes Jahr hat Linda Timo ein schönes Geschenk zum Geburtstag gebastelt.,"Vor einer Woche hat Timo wieder ein schönes Geschenk empfangen, weil er bei einer Wichtelaktion mitgemacht hat.","Es lässt sich nicht sagen, wie oft Timo ein schönes Geschenk empfangen hat.",unknown,2,ai,bi,1,positive,cannot say,False,,,neutral,0.0845,0.6241,0.2915
2_ai_bi2_once_neu,Letztes Jahr hat Linda Timo ein schönes Geschenk zum Geburtstag gebastelt.,"Vor einer Woche hat Linda wieder ein schönes Geschenk empfangen, weil sie bei einer Wichtelaktion mitgemacht hat.",Linda hat einmal ein schönes Geschenk empfangen.,entailment,2,ai,bi,2,neutral,once,False,,,entailment,0.7478,0.0795,0.1726
2_ai_bi2_twice_neu,Letztes Jahr hat Linda Timo ein schönes Geschenk zum Geburtstag gebastelt.,"Vor einer Woche hat Linda wieder ein schönes Geschenk empfangen, weil sie bei einer Wichtelaktion mitgemacht hat.",Linda hat mindestens zweimal ein schönes Geschenk empfangen.,unknown,2,ai,bi,2,neutral,twice,False,,,entailment,0.8629,0.0227,0.1144
2_ai_bi2_cannot_say_neu,Letztes Jahr hat Linda Timo ein schönes Geschenk zum Geburtstag gebastelt.,"Vor einer Woche hat Linda wieder ein schönes Geschenk empfangen, weil sie bei einer Wichtelaktion mitgemacht hat.","Es lässt sich nicht sagen, wie oft Linda ein schönes Geschenk empfangen hat.",unknown,2,ai,bi,2,neutral,cannot say,False,,,neutral,0.0909,0.6215,0.2876
2_ai_bii1_once_neu,Letztes Jahr hat Linda Timo ein schönes Geschenk zum Geburtstag gebastelt.,"Vor einer Woche hat Timo wieder ein schönes Geschenk gemacht, weil er bei einer Wichtelaktion mitgemacht hat.",Timo hat einmal ein schönes Geschenk gemacht.,entailment,2,ai,bii,1,neutral,once,False,,,entailment,0.8084,0.0268,0.1648
2_ai_bii1_twice_neu,Letztes Jahr hat Linda Timo ein schönes Geschenk zum Geburtstag gebastelt.,"Vor einer Woche hat Timo wieder ein schönes Geschenk gemacht, weil er bei einer Wichtelaktion mitgemacht hat.",Timo hat mindestens zweimal ein schönes Geschenk gemacht.,unknown,2,ai,bii,1,neutral,twice,False,,,entailment,0.8594,0.0182,0.1223
2_ai_bii1_cannot_say_neu,Letztes Jahr hat Linda Timo ein schönes Geschenk zum Geburtstag gebastelt.,"Vor einer Woche hat Timo wieder ein schönes Geschenk gemacht, weil er bei einer Wichtelaktion mitgemacht hat.","Es lässt sich nicht sagen, wie oft Timo ein schönes Geschenk gemacht hat.",unknown,2,ai,bii,1,neutral,cannot say,False,,,neutral,0.098,0.5937,0.3082
2_ai_bii2_once_pos,Letztes Jahr hat Linda Timo ein schönes Geschenk zum Geburtstag gebastelt.,"Vor einer Woche hat Linda wieder ein schönes Geschenk gemacht, weil sie bei einer Wichtelaktion mitgemacht hat.",Linda hat einmal ein schönes Geschenk gemacht.,unknown,2,ai,bii,2,positive,once,False,,,entailment,0.8122,0.0439,0.1439
2_ai_bii2_twice_pos,Letztes Jahr hat Linda Timo ein schönes Geschenk zum Geburtstag gebastelt.,"Vor einer Woche hat Linda wieder ein schönes Geschenk gemacht, weil sie bei einer Wichtelaktion mitgemacht hat.",Linda hat mindestens zweimal ein schönes Geschenk gemacht.,entailment,2,ai,bii,2,positive,twice,False,,,entailment,0.8968,0.013,0.0902
2_ai_bii2_cannot_say_pos,Letztes Jahr hat Linda Timo ein schönes Geschenk zum Geburtstag gebastelt.,"Vor einer Woche hat Linda wieder ein schönes Geschenk gemacht, weil sie bei einer Wichtelaktion mitgemacht hat.","Es lässt sich nicht sagen, wie oft Linda ein schönes Geschenk gemacht hat.",unknown,2,ai,bii,2,positive,cannot say,False,,,neutral,0.0994,0.6112,0.2894
2_aii_bi1_once_neu,Letztes Jahr hat Timo Linda ein schönes Geschenk zum Geburtstag gebastelt.,"Vor einer Woche hat Timo wieder ein schönes Geschenk empfangen, weil er bei einer Wichtelaktion mitgemacht hat.",Timo hat einmal ein schönes Geschenk empfangen.,entailment,2,aii,bi,1,neutral,once,False,,,entailment,0.7049,0.1069,0.1882
2_aii_bi1_twice_neu,Letztes Jahr hat Timo Linda ein schönes Geschenk zum Geburtstag gebastelt.,"Vor einer Woche hat Timo wieder ein schönes Geschenk empfangen, weil er bei einer Wichtelaktion mitgemacht hat.",Timo hat mindestens zweimal ein schönes Geschenk empfangen.,unknown,2,aii,bi,1,neutral,twice,False,,,entailment,0.8441,0.0325,0.1235
2_aii_bi1_cannot_say_neu,Letztes Jahr hat Timo Linda ein schönes Geschenk zum Geburtstag gebastelt.,"Vor einer Woche hat Timo wieder ein schönes Geschenk empfangen, weil er bei einer Wichtelaktion mitgemacht hat.","Es lässt sich nicht sagen, wie oft Timo ein schönes Geschenk empfangen hat.",unknown,2,aii,bi,1,neutral,cannot say,False,,,neutral,0.0893,0.6502,0.2605
2_aii_bi2_once_pos,Letztes Jahr hat Timo Linda ein schönes Geschenk zum Geburtstag gebastelt.,"Vor einer Woche hat Linda wieder ein schönes Geschenk empfangen, weil sie bei einer Wichtelaktion mitgemacht hat.",Linda hat einmal ein schönes Geschenk empfangen.,unknown,2,aii,bi,2,positive,once,False,,,entailment,0.743,0.1016,0.1553
2_aii_bi2_twice_pos,Letztes Jahr hat Timo Linda ein schönes Geschenk zum Geburtstag gebastelt.,"Vor einer Woche hat Linda wieder ein schönes Geschenk empfangen, weil sie bei einer Wichtelaktion mitgemacht hat.",Linda hat mindestens zweimal ein schönes Geschenk empfangen.,entailment,2,aii,bi,2,positive,twice,False,,,entailment,0.8671,0.0297,0.1032
2_aii_bi2_cannot_say_pos,Letztes Jahr hat Timo Linda ein schönes Geschenk zum Geburtstag gebastelt.,"Vor einer Woche hat Linda wieder ein schönes Geschenk empfangen, weil sie bei einer Wichtelaktion mitgemacht hat.","Es lässt sich nicht sagen, wie oft Linda ein schönes Geschenk empfangen hat.",unknown,2,aii,bi,2,positive,cannot say,False,,,neutral,0.0898,0.6245,0.2858
2_aii_bii1_once_pos,Letztes Jahr hat Timo Linda ein schönes Geschenk zum Geburtstag gebastelt.,"Vor einer Woche hat Timo wieder ein schönes Geschenk gemacht, weil er bei einer Wichtelaktion mitgemacht hat.",Timo hat einmal ein schönes Geschenk gemacht.,unknown,2,aii,bii,1,positive,once,False,,,entailment,0.7924,0.055,0.1526
2_aii_bii1_twice_pos,Letztes Jahr hat Timo Linda ein schönes Geschenk zum Geburtstag gebastelt.,"Vor einer Woche hat Timo wieder ein schönes Geschenk gemacht, weil er bei einer Wichtelaktion mitgemacht hat.",Timo hat mindestens zweimal ein schönes Geschenk gemacht.,entailment,2,aii,bii,1,positive,twice,False,,,entailment,0.8841,0.0146,0.1013
2_aii_bii1_cannot_say_pos,Letztes Jahr hat Timo Linda ein schönes Geschenk zum Geburtstag gebastelt.,"Vor einer Woche hat Timo wieder ein schönes Geschenk gemacht, weil er bei einer Wichtelaktion mitgemacht hat.","Es lässt sich nicht sagen, wie oft Timo ein schönes Geschenk gemacht hat.",unknown,2,aii,bii,1,positive,cannot say,False,,,neutral,0.0999,0.6316,0.2685
2_aii_bii2_once_neu,Letztes Jahr hat Timo Linda ein schönes Geschenk zum Geburtstag gebastelt.,"Vor einer Woche hat Linda wieder ein schönes Geschenk gemacht, weil sie bei einer Wichtelaktion mitgemacht hat.",Linda hat einmal ein schönes Geschenk gemacht.,entailment,2,aii,bii,2,neutral,once,False,,,entailment,0.8116,0.0633,0.125
2_aii_bii2_twice_neu,Letztes Jahr hat Timo Linda ein schönes Geschenk zum Geburtstag gebastelt.,"Vor einer Woche hat Linda wieder ein schönes Geschenk gemacht, weil sie bei einer Wichtelaktion mitgemacht hat.",Linda hat mindestens zweimal ein schönes Geschenk gemacht.,unknown,2,aii,bii,2,neutral,twice,False,,,entailment,0.9012,0.0191,0.0797
2_aii_bii2_cannot_say_neu,Letztes Jahr hat Timo Linda ein schönes Geschenk zum Geburtstag gebastelt.,"Vor einer Woche hat Linda wieder ein schönes Geschenk gemacht, weil sie bei einer Wichtelaktion mitgemacht hat.","Es lässt sich nicht sagen, wie oft Linda ein schönes Geschenk gemacht hat.",unknown,2,aii,bii,2,neutral,cannot say,False,,,neutral,0.099,0.6258,0.2752
3_ai_bi1_once_neu,Letztes Jahr hat Linda Thorsten ein selbstgeschriebenes Lied vorgesungen.,"Vor drei Wochen hat Linda wieder ein selbstgeschriebenes Lied gehört, als sie bei einer Freundin daheim war.",Linda hat einmal ein selbstgeschriebenes Lied gehört.,entailment,3,ai,bi,1,neutral,once,False,,Linda/Thorsten: agent-first braces.,entailment,0.4525,0.3713,0.1762
3_ai_bi1_twice_neu,Letztes Jahr hat Linda Thorsten ein selbstgeschriebenes Lied vorgesungen.,"Vor drei Wochen hat Linda wieder ein selbstgeschriebenes Lied gehört, als sie bei einer Freundin daheim war.",Linda hat mindestens zweimal ein selbstgeschriebenes Lied gehört.,unknown,3,ai,bi,1,neutral,twice,False,,Linda/Thorsten: agent-first braces.,entailment,0.7039,0.1689,0.1272
3_ai_bi1_cannot_say_neu,Letztes Jahr hat Linda Thorsten ein selbstgeschriebenes Lied vorgesungen.,"Vor drei Wochen hat Linda wieder ein selbstgeschriebenes Lied gehört, als sie bei einer Freundin daheim war.","Es lässt sich nicht sagen, wie oft Linda ein selbstgeschriebenes Lied gehört hat.",unknown,3,ai,bi,1,neutral,cannot say,False,,Linda/Thorsten: agent-first braces.,neutral,0.1054,0.572,0.3226
3_ai_bi2_once_pos,Letztes Jahr hat Linda Thorsten ein selbstgeschriebenes Lied vorgesungen.,"Vor drei Wochen hat Thorsten wieder ein selbstgeschriebenes Lied gehört, als er bei einer Freundin daheim war.",Thorsten hat einmal ein selbstgeschriebenes Lied gehört.,unknown,3,ai,bi,2,positive,once,False,,Linda/Thorsten: agent-first braces.,entailment,0.4404,0.3553,0.2043
3_ai_bi2_twice_pos,Letztes Jahr hat Linda Thorsten ein selbstgeschriebenes Lied vorgesungen.,"Vor drei Wochen hat Thorsten wieder ein selbstgeschriebenes Lied gehört, als er bei einer Freundin daheim war.",Thorsten hat mindestens zweimal ein selbstgeschriebenes Lied gehört.,entailment,3,ai,bi,2,positive,twice,False,,Linda/Thorsten: agent-first braces.,entailment,0.6849,0.1634,0.1516
3_ai_bi2_cannot_say_pos,Letztes Jahr hat Linda Thorsten ein selbstgeschriebenes Lied vorgesungen.,"Vor drei Wochen hat Thorsten wieder ein selbstgeschriebenes Lied gehört, als er bei einer Freundin daheim war.","Es lässt sich nicht sagen, wie oft Thorsten ein selbstgeschriebenes Lied gehört hat.",unknown,3,ai,bi,2,positive,cannot say,False,,Linda/Thorsten: agent-first braces.,neutral,0.1038,0.5523,0.344
3_ai_bii1_once_pos,Letztes Jahr hat Linda Thorsten ein selbstgeschriebenes Lied vorgesungen.,"Vor drei Wochen hat Linda wieder ein selbstgeschriebenes Lied gesungen, als sie bei einer Freundin daheim war.",Linda hat einmal ein selbstgeschriebenes Lied gesungen.,unknown,3,ai,bii,1,positive,once,False,,Linda/Thorsten: agent-first braces.,entailment,0.7756,0.0824,0.142
3_ai_bii1_twice_pos,Letztes Jahr hat Linda Thorsten ein selbstgeschriebenes Lied vorgesungen.,"Vor drei Wochen hat Linda wieder ein selbstgeschriebenes Lied gesungen, als sie bei einer Freundin daheim war.",Linda hat mindestens zweimal ein selbstgeschriebenes Lied gesungen.,entailment,3,ai,bii,1,positive,twice,False,,Linda/Thorsten: agent-first braces.,entailment,0.8919,0.0163,0.0918
3_ai_bii1_cannot_say_pos,Letztes Jahr hat Linda Thorsten ein selbstgeschriebenes Lied vorgesungen.,"Vor drei Wochen hat Linda wieder ein selbstgeschriebenes Lied gesungen, als sie bei einer Freundin daheim war.","Es lässt sich nicht sagen, wie oft Linda ein selbstgeschriebenes Lied gesungen hat.",unknown,3,ai,bii,1,positive,cannot say,False,,Linda/Thorsten: agent-first braces.,neutral,0.1118,0.5733,0.3149
3_ai_bii2_once_neu,Letztes Jahr hat Linda Thorsten ein selbstgeschriebenes Lied vorgesungen.,"Vor drei Wochen hat Thorsten wieder ein selbstgeschriebenes Lied gesungen, als er bei einer Freundin daheim war.",Thorsten hat einmal ein selbstgeschriebenes Lied gesungen.,entailment,3,ai,bii,2,neutral,once,False,,Linda/Thorsten: agent-first braces.,entailment,0.7413,0.0885,0.1703
3_ai_bii2_twice_neu,Letztes Jahr hat Linda Thorsten ein selbstgeschriebenes Lied vorgesungen.,"Vor drei Wochen hat Thorsten wieder ein selbstgeschriebenes Lied gesungen, als er bei einer Freundin daheim war.",Thorsten hat mindestens zweimal ein selbstgeschriebenes Lied gesungen.,unknown,3,ai,bii,2,neutral,twice,False,,Linda/Thorsten: agent-first braces.,entailment,0.8621,0.0257,0.1121
3_ai_bii2_cannot_say_neu,Letztes Jahr hat Linda Thorsten ein selbstgeschriebenes Lied vorgesungen.,"Vor drei Wochen hat Thorsten wieder ein selbstgeschriebenes Lied gesungen, als er bei einer Freundin daheim war.","Es lässt sich nicht sagen, wie oft Thorsten ein selbstgeschriebenes Lied gesungen hat.",unknown,3,ai,bii,2,neutral,cannot say,False,,Linda/Thorsten: agent-first braces.,neutral,0.1074,0.5654,0.3272
3_aii_bi1_once_pos,Letztes Jahr hat Thorsten Linda ein selbstgeschriebenes Lied vorgesungen.,"Vor drei Wochen hat Linda wieder ein selbstgeschriebenes Lied gehört, als sie bei einer Freundin daheim war.",Linda hat einmal ein selbstgeschriebenes Lied gehört.,unknown,3,aii,bi,1,positive,once,False,,Linda/Thorsten: agent-first braces.,entailment,0.434,0.4114,0.1546
3_aii_bi1_twice_pos,Letztes Jahr hat Thorsten Linda ein selbstgeschriebenes Lied vorgesungen.,"Vor drei Wochen hat Linda wieder ein selbstgeschriebenes Lied gehört, als sie bei einer Freundin daheim war.",Linda hat mindestens zweimal ein selbstgeschriebenes Lied gehört.,entailment,3,aii,bi,1,positive,twice,False,,Linda/Thorsten: agent-first braces.,entailment,0.6711,0.2225,0.1065
3_aii_bi1_cannot_say_pos,Letztes Jahr hat Thorsten Linda ein selbstgeschriebenes Lied vorgesungen.,"Vor drei Wochen hat Linda wieder ein selbstgeschriebenes Lied gehört, als sie bei einer Freundin daheim war.","Es lässt sich nicht sagen, wie oft Linda ein selbstgeschriebenes Lied gehört hat.",unknown,3,aii,bi,1,positive,cannot say,False,,Linda/Thorsten: agent-first braces.,neutral,0.1055,0.5715,0.323
3_aii_bi2_once_neu,Letztes Jahr hat Thorsten Linda ein selbstgeschriebenes Lied vorgesungen.,"Vor drei Wochen hat Thorsten wieder ein selbstgeschriebenes Lied gehört, als er bei einer Freundin daheim war.",Thorsten hat einmal ein selbstgeschriebenes Lied gehört.,entailment,3,aii,bi,2,neutral,once,False,,Linda/Thorsten: agent-first braces.,neutral,0.4057,0.4062,0.1881
3_aii_bi2_twice_neu,Letztes Jahr hat Thorsten Linda ein selbstgeschriebenes Lied vorgesungen.,"Vor drei Wochen hat Thorsten wieder ein selbstgeschriebenes Lied gehört, als er bei einer Freundin daheim war.",Thorsten hat mindestens zweimal ein selbstgeschriebenes Lied gehört.,unknown,3,aii,bi,2,neutral,twice,False,,Linda/Thorsten: agent-first braces.,entailment,0.6718,0.2029,0.1253
3_aii_bi2_cannot_say_neu,Letztes Jahr hat Thorsten Linda ein selbstgeschriebenes Lied vorgesungen.,"Vor drei Wochen hat Thorsten wieder ein selbstgeschriebenes Lied gehört, als er bei einer Freundin daheim war.","Es lässt sich nicht sagen, wie oft Thorsten ein selbstgeschriebenes Lied gehört hat.",unknown,3,aii,bi,2,neutral,cannot say,False,,Linda/Thorsten: agent-first braces.,neutral,0.1076,0.5487,0.3437
3_aii_bii1_once_neu,Letztes Jahr hat Thorsten Linda ein selbstgeschriebenes Lied vorgesungen.,"Vor drei Wochen hat Linda wieder ein selbstgeschriebenes Lied gesungen, als sie bei einer Freundin daheim war.",Linda hat einmal ein selbstgeschriebenes Lied gesungen.,entailment,3,aii,bii,1,neutral,once,False,,Linda/Thorsten: agent-first braces.,entailment,0.7422,0.1426,0.1152
3_aii_bii1_twice_neu,Letztes Jahr hat Thorsten Linda ein selbstgeschriebenes Lied vorgesungen.,"Vor drei Wochen hat Linda wieder ein selbstgeschriebenes Lied gesungen, als sie bei einer Freundin daheim war.",Linda hat mindestens zweimal ein selbstgeschriebenes Lied gesungen.,unknown,3,aii,bii,1,neutral,twice,False,,Linda/Thorsten: agent-first braces.,entailment,0.8898,0.0307,0.0795
3_aii_bii1_cannot_say_neu,Letztes Jahr hat Thorsten Linda ein selbstgeschriebenes Lied vorgesungen.,"Vor drei Wochen hat Linda wieder ein selbstgeschriebenes Lied gesungen, als sie bei einer Freundin daheim war.","Es lässt sich nicht sagen, wie oft Linda ein selbstgeschriebenes Lied gesungen hat.",unknown,3,aii,bii,1,neutral,cannot say,False,,Linda/Thorsten: agent-first braces.,neutral,0.1135,0.583,0.3035
3_aii_bii2_once_pos,Letztes Jahr hat Thorsten Linda ein selbstgeschriebenes Lied vorgesungen.,"Vor drei Wochen hat Thorsten wieder ein selbstgeschriebenes Lied gesungen, als er bei einer Freundin daheim war.",Thorsten hat einmal ein selbstgeschriebenes Lied gesungen.,unknown,3,aii,bii,2,positive,once,False,,Linda/Thorsten: agent-first braces.,entailment,0.7438,0.0994,0.1568
3_aii_bii2_twice_pos,Letztes Jahr hat Thorsten Linda ein selbstgeschriebenes Lied vorgesungen.,"Vor drei Wochen hat Thorsten wieder ein selbstgeschriebenes Lied gesungen, als er bei einer Freundin daheim war.",Thorsten hat mindestens zweimal ein selbstgeschriebenes Lied gesungen.,entailment,3,aii,bii,2,positive,twice,False,,Linda/Thorsten: agent-first braces.,entailment,0.8769,0.0267,0.0964
3_aii_bii2_cannot_say_pos,Letztes Jahr hat Thorsten Linda ein selbstgeschriebenes Lied vorgesungen.,"Vor drei Wochen hat Thorsten wieder ein selbstgeschriebenes Lied gesungen, als er bei einer Freundin daheim war.","Es lässt sich nicht sagen, wie oft Thorsten ein selbstgeschriebenes Lied gesungen hat.",unknown,3,aii,bii,2,positive,cannot say,False,,Linda/Thorsten: agent-first braces.,neutral,0.1114,0.5758,0.3128
4_ai_bi1_once_neu,Vorletzte Woche hat Linda Karl eine rote Rose geschenkt.,"Vor vier Tagen hat Linda wieder eine rote Rose bekommen, als sie zu einem Date verabredet war.",Linda hat einmal eine rote Rose bekommen.,entailment,4,ai,bi,1,neutral,once,False,,Linda/Karl: agent-first braces.,entailment,0.8398,0.0248,0.1354
4_ai_bi1_twice_neu,Vorletzte Woche hat Linda Karl eine rote Rose geschenkt.,"Vor vier Tagen hat Linda wieder eine rote Rose bekommen, als sie zu einem Date verabredet war.",Linda hat mindestens zweimal eine rote Rose bekommen.,unknown,4,ai,bi,1,neutral,twice,False,,Linda/Karl: agent-first braces.,entailment,0.908,0.0061,0.0859
4_ai_bi1_cannot_say_neu,Vorletzte Woche hat Linda Karl eine rote Rose geschenkt.,"Vor vier Tagen hat Linda wieder eine rote Rose bekommen, als sie zu einem Date verabredet war.","Es lässt sich nicht sagen, wie oft Linda eine rote Rose bekommen hat.",unknown,4,ai,bi,1,neutral,cannot say,False,,Linda/Karl: agent-first braces.,neutral,0.0976,0.6426,0.2598
4_ai_bi2_once_pos,Vorletzte Woche hat Linda Karl eine rote Rose geschenkt.,"Vor vier Tagen hat Karl wieder eine rote Rose bekommen, als er zu einem Date verabredet war.",Karl hat einmal eine rote Rose bekommen.,unknown,4,ai,bi,2,positive,once,False,,Linda/Karl: agent-first braces.,entailment,0.8159,0.027,0.1571
4_ai_bi2_twice_pos,Vorletzte Woche hat Linda Karl eine rote Rose geschenkt.,"Vor vier Tagen hat Karl wieder eine rote Rose bekommen, als er zu einem Date verabredet war.",Karl hat mindestens zweimal eine rote Rose bekommen.,entailment,4,ai,bi,2,positive,twice,False,,Linda/Karl: agent-first braces.,entailment,0.8874,0.0058,0.1067
4_ai_bi2_cannot_say_pos,Vorletzte Woche hat Linda Karl eine rote Rose geschenkt.,"Vor vier Tagen hat Karl wieder eine rote Rose bekommen, als er zu einem Date verabredet war.","Es lässt sich nicht sagen, wie oft Karl eine rote Rose bekommen hat.",unknown,4,ai,bi,2,positive,cannot say,False,,Linda/Karl: agent-first braces.,neutral,0.1034,0.6309,0.2657
4_ai_bii1_once_pos,Vorletzte Woche hat Linda Karl eine rote Rose geschenkt.,"Vor vier Tagen hat Linda wieder eine rote Rose vergeben, als sie zu einem Date verabredet war.",Linda hat einmal eine rote Rose vergeben.,unknown,4,ai,bii,1,positive,once,False,,Linda/Karl: agent-first braces.,entailment,0.7498,0.0441,0.2061
4_ai_bii1_twice_pos,Vorletzte Woche hat Linda Karl eine rote Rose geschenkt.,"Vor vier Tagen hat Linda wieder eine rote Rose vergeben, als sie zu einem Date verabredet war.",Linda hat mindestens zweimal eine rote Rose vergeben.,entailment,4,ai,bii,1,positive,twice,False,,Linda/Karl: agent-first braces.,entailment,0.8356,0.025,0.1394
4_ai_bii1_cannot_say_pos,Vorletzte Woche hat Linda Karl eine rote Rose geschenkt.,"Vor vier Tagen hat Linda wieder eine rote Rose vergeben, als sie zu einem Date verabredet war.","Es lässt sich nicht sagen, wie oft Linda eine rote Rose vergeben hat.",unknown,4,ai,bii,1,positive,cannot say,False,,Linda/Karl: agent-first braces.,neutral,0.0984,0.6597,0.242
4_ai_bii2_once_neu,Vorletzte Woche hat Linda Karl eine rote Rose geschenkt.,"Vor vier Tagen hat Karl wieder eine rote Rose vergeben, als er zu einem Date verabredet war.",Karl hat einmal eine rote Rose vergeben.,entailment,4,ai,bii,2,neutral,once,False,,Linda/Karl: agent-first braces.,entailment,0.7394,0.0305,0.2301
4_ai_bii2_twice_neu,Vorletzte Woche hat Linda Karl eine rote Rose geschenkt.,"Vor vier Tagen hat Karl wieder eine rote Rose vergeben, als er zu einem Date verabredet war.",Karl hat mindestens zweimal eine rote Rose vergeben.,unknown,4,ai,bii,2,neutral,twice,False,,Linda/Karl: agent-first braces.,entailment,0.7955,0.0264,0.1781
4_ai_bii2_cannot_say_neu,Vorletzte Woche hat Linda Karl eine rote Rose geschenkt.,"Vor vier Tagen hat Karl wieder eine rote Rose vergeben, als er zu einem Date verabredet war.","Es lässt sich nicht sagen, wie oft Karl eine rote Rose vergeben hat.",unknown,4,ai,bii,2,neutral,cannot say,False,,Linda/Karl: agent-first braces.,neutral,0.0984,0.6599,0.2417
4_aii_bi1_once_pos,Vorletzte Woche hat Karl Linda eine rote Rose geschenkt.,"Vor vier Tagen hat Linda wieder eine rote Rose bekommen, als sie zu einem Date verabredet war.",Linda hat einmal eine rote Rose bekommen.,unknown,4,aii,bi,1,positive,once,False,,Linda/Karl: agent-first braces.,entailment,0.8486,0.0219,0.1295
4_aii_bi1_twice_pos,Vorletzte Woche hat Karl Linda eine rote Rose geschenkt.,"Vor vier Tagen hat Linda wieder eine rote Rose bekommen, als sie zu einem Date verabredet war.",Linda hat mindestens zweimal eine rote Rose bekommen.,entailment,4,aii,bi,1,positive,twice,False,,Linda/Karl: agent-first braces.,entailment,0.9159,0.0056,0.0785
4_aii_bi1_cannot_say_pos,Vorletzte Woche hat Karl Linda eine rote Rose geschenkt.,"Vor vier Tagen hat Linda wieder eine rote Rose bekommen, als sie zu einem Date verabredet war.","Es lässt sich nicht sagen, wie oft Linda eine rote Rose bekommen hat.",unknown,4,aii,bi,1,positive,cannot say,False,,Linda/Karl: agent-first braces.,neutral,0.0968,0.6527,0.2505
4_aii_bi2_once_neu,Vorletzte Woche hat Karl Linda eine rote Rose geschenkt.,"Vor vier Tagen hat Karl wieder eine rote Rose bekommen, als er zu einem Date verabredet war.",Karl hat einmal eine rote Rose bekommen.,entailment,4,aii,bi,2,neutral,once,False,,Linda/Karl: agent-first braces.,entailment,0.8359,0.0192,0.1449
4_aii_bi2_twice_neu,Vorletzte Woche hat Karl Linda eine rote Rose geschenkt.,"Vor vier Tagen hat Karl wieder eine rote Rose bekommen, als er zu einem Date verabredet war.",Karl hat mindestens zweimal eine rote Rose bekommen.,unknown,4,aii,bi,2,neutral,twice,False,,Linda/Karl: agent-first braces.,entailment,0.9133,0.0038,0.0829
4_aii_bi2_cannot_say_neu,Vorletzte Woche hat Karl Linda eine rote Rose geschenkt.,"Vor vier Tagen hat Karl wieder eine rote Rose bekommen, als er zu einem Date verabredet war.","Es lässt sich nicht sagen, wie oft Karl eine rote Rose bekommen hat.",unknown,4,aii,bi,2,neutral,cannot say,False,,Linda/Karl: agent-first braces.,neutral,0.0936,0.665,0.2414
4_aii_bii1_once_neu,Vorletzte Woche hat Karl Linda eine rote Rose geschenkt.,"Vor vier Tagen hat Linda wieder eine rote Rose vergeben, als sie zu einem Date verabredet war.",Linda hat einmal eine rote Rose vergeben.,entailment,4,aii,bii,1,neutral,once,False,,Linda/Karl: agent-first braces.,entailment,0.7796,0.0369,0.1835
4_aii_bii1_twice_neu,Vorletzte Woche hat Karl Linda eine rote Rose geschenkt.,"Vor vier Tagen hat Linda wieder eine rote Rose vergeben, als sie zu einem Date verabredet war.",Linda hat mindestens zweimal eine rote Rose vergeben.,unknown,4,aii,bii,1,neutral,twice,False,,Linda/Karl: agent-first braces.,entailment,0.8576,0.0202,0.1222
4_aii_bii1_cannot_say_neu,Vorletzte Woche hat Karl Linda eine rote Rose geschenkt.,"Vor vier Tagen hat Linda wieder eine rote Rose vergeben, als sie zu einem Date verabredet war.","Es lässt sich nicht sagen, wie oft Linda eine rote Rose vergeben hat.",unknown,4,aii,bii,1,neutral,cannot say,False,,Linda/Karl: agent-first braces.,neutral,0.0947,0.6794,0.2259
4_aii_bii2_once_pos,Vorletzte Woche hat Karl Linda eine rote Rose geschenkt.,"Vor vier Tagen hat Karl wieder eine rote Rose vergeben, als er zu einem Date verabredet war.",Karl hat einmal eine rote Rose vergeben.,unknown,4,aii,bii,2,positive,once,False,,Linda/Karl: agent-first braces.,entailment,0.7762,0.014,0.2098
4_aii_bii2_twice_pos,Vorletzte Woche hat Karl Linda eine rote Rose geschenkt.,"Vor vier Tagen hat Karl wieder eine rote Rose vergeben, als er zu einem Date verabredet war.",Karl hat mindestens zweimal eine rote Rose vergeben.,entailment,4,aii,bii,2,positive,twice,False,,Linda/Karl: agent-first braces.,entailment,0.8544,0.0097,0.1359
4_aii_bii2_cannot_say_pos,Vorletzte Woche hat Karl Linda eine rote Rose geschenkt.,"Vor vier Tagen hat Karl wieder eine rote Rose vergeben, als er zu einem Date verabredet war.","Es lässt sich nicht sagen, wie oft Karl eine rote Rose vergeben hat.",unknown,4,aii,bii,2,positive,cannot say,False,,Linda/Karl: agent-first braces.,neutral,0.0947,0.6792,0.2261
5_ai_bi1_once_pos,Vor drei Wochen hat Linda Greta einen langen Brief geschrieben.,"Vor einer Woche hat Greta wieder einen langen Brief empfangen, weil sie auf eine Anzeige geantwortet hat.",Greta hat einmal einen langen Brief empfangen.,unknown,5,ai,bi,1,positive,once,False,,,entailment,0.4633,0.3552,0.1814
5_ai_bi1_twice_pos,Vor drei Wochen hat Linda Greta einen langen Brief geschrieben.,"Vor einer Woche hat Greta wieder einen langen Brief empfangen, weil sie auf eine Anzeige geantwortet hat.",Greta hat mindestens zweimal einen langen Brief empfangen.,entailment,5,ai,bi,1,positive,twice,False,,,entailment,0.8799,0.0338,0.0863
5_ai_bi1_cannot_say_pos,Vor drei Wochen hat Linda Greta einen langen Brief geschrieben.,"Vor einer Woche hat Greta wieder einen langen Brief empfangen, weil sie auf eine Anzeige geantwortet hat.","Es lässt sich nicht sagen, wie oft Greta einen langen Brief empfangen hat.",unknown,5,ai,bi,1,positive,cannot say,False,,,neutral,0.1096,0.6805,0.21
5_ai_bi2_once_neu,Vor drei Wochen hat Linda Greta einen langen Brief geschrieben.,"Vor einer Woche hat Linda wieder einen langen Brief empfangen, weil sie auf eine Anzeige geantwortet hat.",Linda hat einmal einen langen Brief empfangen.,entailment,5,ai,bi,2,neutral,once,False,,,entailment,0.5037,0.3071,0.1892
5_ai_bi2_twice_neu,Vor drei Wochen hat Linda Greta einen langen Brief geschrieben.,"Vor einer Woche hat Linda wieder einen langen Brief empfangen, weil sie auf eine Anzeige geantwortet hat.",Linda hat mindestens zweimal einen langen Brief empfangen.,unknown,5,ai,bi,2,neutral,twice,False,,,entailment,0.8953,0.0168,0.0879
5_ai_bi2_cannot_say_neu,Vor drei Wochen hat Linda Greta einen langen Brief geschrieben.,"Vor einer Woche hat Linda wieder einen langen Brief empfangen, weil sie auf eine Anzeige geantwortet hat.","Es lässt sich nicht sagen, wie oft Linda einen langen Brief empfangen hat.",unknown,5,ai,bi,2,neutral,cannot say,False,,,neutral,0.1002,0.6729,0.227
5_ai_bii1_once_neu,Vor drei Wochen hat Linda Greta einen langen Brief geschrieben.,"Vor einer Woche hat Greta wieder einen langen Brief verfasst, weil sie auf eine Anzeige geantwortet hat.",Greta hat einmal einen langen Brief verfasst.,entailment,5,ai,bii,1,neutral,once,False,,,neutral,0.2567,0.5372,0.2061
5_ai_bii1_twice_neu,Vor drei Wochen hat Linda Greta einen langen Brief geschrieben.,"Vor einer Woche hat Greta wieder einen langen Brief verfasst, weil sie auf eine Anzeige geantwortet hat.",Greta hat mindestens zweimal einen langen Brief verfasst.,unknown,5,ai,bii,1,neutral,twice,False,,,entailment,0.9332,0.0073,0.0595
5_ai_bii1_cannot_say_neu,Vor drei Wochen hat Linda Greta einen langen Brief geschrieben.,"Vor einer Woche hat Greta wieder einen langen Brief verfasst, weil sie auf eine Anzeige geantwortet hat.","Es lässt sich nicht sagen, wie oft Greta einen langen Brief verfasst hat.",unknown,5,ai,bii,1,neutral,cannot say,False,,,neutral,0.1176,0.6919,0.1904
5_ai_bii2_once_pos,Vor drei Wochen hat Linda Greta einen langen Brief geschrieben.,"Vor einer Woche hat Linda wieder einen langen Brief verfasst, weil sie auf eine Anzeige geantwortet hat.",Linda hat einmal einen langen Brief verfasst.,unknown,5,ai,bii,2,positive,once,False,,,neutral,0.2931,0.5086,0.1982
5_ai_bii2_twice_pos,Vor drei Wochen hat Linda Greta einen langen Brief geschrieben.,"Vor einer Woche hat Linda wieder einen langen Brief verfasst, weil sie auf eine Anzeige geantwortet hat.",Linda hat mindestens zweimal einen langen Brief verfasst.,entailment,5,ai,bii,2,positive,twice,False,,,entailment,0.9341,0.0039,0.062
5_ai_bii2_cannot_say_pos,Vor drei Wochen hat Linda Greta einen langen Brief geschrieben.,"Vor einer Woche hat Linda wieder einen langen Brief verfasst, weil sie auf eine Anzeige geantwortet hat.","Es lässt sich nicht sagen, wie oft Linda einen langen Brief verfasst hat.",unknown,5,ai,bii,2,positive,cannot say,False,,,neutral,0.1111,0.6856,0.2033
5_aii_bi1_once_neu,Vor drei Wochen hat Greta Linda einen langen Brief geschrieben.,"Vor einer Woche hat Greta wieder einen langen Brief empfangen, weil sie auf eine Anzeige geantwortet hat.",Greta hat einmal einen langen Brief empfangen.,entailment,5,aii,bi,1,neutral,once,False,,,entailment,0.4487,0.3681,0.1832
5_aii_bi1_twice_neu,Vor drei Wochen hat Greta Linda einen langen Brief geschrieben.,"Vor einer Woche hat Greta wieder einen langen Brief empfangen, weil sie auf eine Anzeige geantwortet hat.",Greta hat mindestens zweimal einen langen Brief empfangen.,unknown,5,aii,bi,1,neutral,twice,False,,,entailment,0.8904,0.0238,0.0858
5_aii_bi1_cannot_say_neu,Vor drei Wochen hat Greta Linda einen langen Brief geschrieben.,"Vor einer Woche hat Greta wieder einen langen Brief empfangen, weil sie auf eine Anzeige geantwortet hat.","Es lässt sich nicht sagen, wie oft Greta einen langen Brief empfangen hat.",unknown,5,aii,bi,1,neutral,cannot say,False,,,neutral,0.105,0.6848,0.2102
5_aii_bi2_once_pos,Vor drei Wochen hat Greta Linda einen langen Brief geschrieben.,"Vor einer Woche hat Linda wieder einen langen Brief empfangen, weil sie auf eine Anzeige geantwortet hat.",Linda hat einmal einen langen Brief empfangen.,unknown,5,aii,bi,2,positive,once,False,,,entailment,0.5197,0.2848,0.1955
5_aii_bi2_twice_pos,Vor drei Wochen hat Greta Linda einen langen Brief geschrieben.,"Vor einer Woche hat Linda wieder einen langen Brief empfangen, weil sie auf eine Anzeige geantwortet hat.",Linda hat mindestens zweimal einen langen Brief empfangen.,entailment,5,aii,bi,2,positive,twice,False,,,entailment,0.8844,0.0162,0.0994
5_aii_bi2_cannot_say_pos,Vor drei Wochen hat Greta Linda einen langen Brief geschrieben.,"Vor einer Woche hat Linda wieder einen langen Brief empfangen, weil sie auf eine Anzeige geantwortet hat.","Es lässt sich nicht sagen, wie oft Linda einen langen Brief empfangen hat.",unknown,5,aii,bi,2,positive,cannot say,False,,,neutral,0.0992,0.6679,0.2329
5_aii_bii1_once_pos,Vor drei Wochen hat Greta Linda einen langen Brief geschrieben.,"Vor einer Woche hat Greta wieder einen langen Brief verfasst, weil sie auf eine Anzeige geantwortet hat.",Greta hat einmal einen langen Brief verfasst.,unknown,5,aii,bii,1,positive,once,False,,,neutral,0.2279,0.5374,0.2346
5_aii_bii1_twice_pos,Vor drei Wochen hat Greta Linda einen langen Brief geschrieben.,"Vor einer Woche hat Greta wieder einen langen Brief verfasst, weil sie auf eine Anzeige geantwortet hat.",Greta hat mindestens zweimal einen langen Brief verfasst.,entailment,5,aii,bii,1,positive,twice,False,,,entailment,0.9436,0.0031,0.0532
5_aii_bii1_cannot_say_pos,Vor drei Wochen hat Greta Linda einen langen Brief geschrieben.,"Vor einer Woche hat Greta wieder einen langen Brief verfasst, weil sie auf eine Anzeige geantwortet hat.","Es lässt sich nicht sagen, wie oft Greta einen langen Brief verfasst hat.",unknown,5,aii,bii,1,positive,cannot say,False,,,neutral,0.117,0.6929,0.1901
5_aii_bii2_once_neu,Vor drei Wochen hat Greta Linda einen langen Brief geschrieben.,"Vor einer Woche hat Linda wieder einen langen Brief verfasst, weil sie auf eine Anzeige geantwortet hat.",Linda hat einmal einen langen Brief verfasst.,entailment,5,aii,bii,2,neutral,once,False,,,neutral,0.3133,0.4834,0.2032
5_aii_bii2_twice_neu,Vor drei Wochen hat Greta Linda einen langen Brief geschrieben.,"Vor einer Woche hat Linda wieder einen langen Brief verfasst, weil sie auf eine Anzeige geantwortet hat.",Linda hat mindestens zweimal einen langen Brief verfasst.,unknown,5,aii,bii,2,neutral,twice,False,,,entailment,0.9328,0.003,0.0641
5_aii_bii2_cannot_say_neu,Vor drei Wochen hat Greta Linda einen langen Brief geschrieben.,"Vor einer Woche hat Linda wieder einen langen Brief verfasst, weil sie auf eine Anzeige geantwortet hat.","Es lässt sich nicht sagen, wie oft Linda einen langen Brief verfasst hat.",unknown,5,aii,bii,2,neutral,cannot say,False,,,neutral,0.112,0.6659,0.2221
6_ai_bi1_once_pos,Vor zwei Monaten hat Judith für Tina einen leckeren Kuchen gebacken.,"Vor zwei Wochen hat Tina wieder einen leckeren Kuchen erhalten, weil sie zu einer Party eingeladen hatte.",Tina hat einmal einen leckeren Kuchen erhalten.,unknown,6,ai,bi,1,positive,once,False,,,entailment,0.8489,0.0278,0.1233
6_ai_bi1_twice_pos,Vor zwei Monaten hat Judith für Tina einen leckeren Kuchen gebacken.,"Vor zwei Wochen hat Tina wieder einen leckeren Kuchen erhalten, weil sie zu einer Party eingeladen hatte.",Tina hat mindestens zweimal einen leckeren Kuchen erhalten.,entailment,6,ai,bi,1,positive,twice,False,,,entailment,0.9316,0.005,0.0633
6_ai_bi1_cannot_say_pos,Vor zwei Monaten hat Judith für Tina einen leckeren Kuchen gebacken.,"Vor zwei Wochen hat Tina wieder einen leckeren Kuchen erhalten, weil sie zu einer Party eingeladen hatte.","Es lässt sich nicht sagen, wie oft Tina einen leckeren Kuchen erhalten hat.",unknown,6,ai,bi,1,positive,cannot say,False,,,neutral,0.1153,0.637,0.2478
6_ai_bi2_once_neu,Vor zwei Monaten hat Judith für Tina einen leckeren Kuchen gebacken.,"Vor zwei Wochen hat Judith wieder einen leckeren Kuchen erhalten, weil sie zu einer Party eingeladen hatte.",Judith hat einmal einen leckeren Kuchen erhalten.,entailment,6,ai,bi,2,neutral,once,False,,,entailment,0.8343,0.0241,0.1416
6_ai_bi2_twice_neu,Vor zwei Monaten hat Judith für Tina einen leckeren Kuchen gebacken.,"Vor zwei Wochen hat Judith wieder einen leckeren Kuchen erhalten, weil sie zu einer Party eingeladen hatte.",Judith hat mindestens zweimal einen leckeren Kuchen erhalten.,unknown,6,ai,bi,2,neutral,twice,False,,,entailment,0.9215,0.0049,0.0736
6_ai_bi2_cannot_say_neu,Vor zwei Monaten hat Judith für Tina einen leckeren Kuchen gebacken.,"Vor zwei Wochen hat Judith wieder einen leckeren Kuchen erhalten, weil sie zu einer Party eingeladen hatte.","Es lässt sich nicht sagen, wie oft Judith einen leckeren Kuchen erhalten hat.",unknown,6,ai,bi,2,neutral,cannot say,False,,,neutral,0.1105,0.6424,0.2471
6_ai_bii1_once_neu,Vor zwei Monaten hat Judith für Tina einen leckeren Kuchen gebacken.,"Vor zwei Wochen hat Tina wieder einen leckeren Kuchen gemacht, weil sie zu einer Party eingeladen hatte.",Tina hat einmal einen leckeren Kuchen gemacht.,entailment,6,ai,bii,1,neutral,once,False,,,entailment,0.8671,0.0226,0.1103
6_ai_bii1_twice_neu,Vor zwei Monaten hat Judith für Tina einen leckeren Kuchen gebacken.,"Vor zwei Wochen hat Tina wieder einen leckeren Kuchen gemacht, weil sie zu einer Party eingeladen hatte.",Tina hat mindestens zweimal einen leckeren Kuchen gemacht.,unknown,6,ai,bii,1,neutral,twice,False,,,entailment,0.9309,0.0057,0.0634
6_ai_bii1_cannot_say_neu,Vor zwei Monaten hat Judith für Tina einen leckeren Kuchen gebacken.,"Vor zwei Wochen hat Tina wieder einen leckeren Kuchen gemacht, weil sie zu einer Party eingeladen hatte.","Es lässt sich nicht sagen, wie oft Tina einen leckeren Kuchen gemacht hat.",unknown,6,ai,bii,1,neutral,cannot say,False,,,neutral,0.1081,0.6566,0.2354
6_ai_bii2_once_pos,Vor zwei Monaten hat Judith für Tina einen leckeren Kuchen gebacken.,"Vor zwei Wochen hat Judith wieder einen leckeren Kuchen gemacht, weil sie zu einer Party eingeladen hatte.",Judith hat einmal einen leckeren Kuchen gemacht.,unknown,6,ai,bii,2,positive,once,False,,,entailment,0.8954,0.0068,0.0978
6_ai_bii2_twice_pos,Vor zwei Monaten hat Judith für Tina einen leckeren Kuchen gebacken.,"Vor zwei Wochen hat Judith wieder einen leckeren Kuchen gemacht, weil sie zu einer Party eingeladen hatte.",Judith hat mindestens zweimal einen leckeren Kuchen gemacht.,entailment,6,ai,bii,2,positive,twice,False,,,entailment,0.9444,0.0021,0.0535
6_ai_bii2_cannot_say_pos,Vor zwei Monaten hat Judith für Tina einen leckeren Kuchen gebacken.,"Vor zwei Wochen hat Judith wieder einen leckeren Kuchen gemacht, weil sie zu einer Party eingeladen hatte.","Es lässt sich nicht sagen, wie oft Judith einen leckeren Kuchen gemacht hat.",unknown,6,ai,bii,2,positive,cannot say,False,,,neutral,0.1085,0.6679,0.2237
6_aii_bi1_once_neu,Vor zwei Monaten hat Tina für Judith einen leckeren Kuchen gebacken.,"Vor zwei Wochen hat Tina wieder einen leckeren Kuchen erhalten, weil sie zu einer Party eingeladen hatte.",Tina hat einmal einen leckeren Kuchen erhalten.,entailment,6,aii,bi,1,neutral,once,False,,,entailment,0.7948,0.0606,0.1446
6_aii_bi1_twice_neu,Vor zwei Monaten hat Tina für Judith einen leckeren Kuchen gebacken.,"Vor zwei Wochen hat Tina wieder einen leckeren Kuchen erhalten, weil sie zu einer Party eingeladen hatte.",Tina hat mindestens zweimal einen leckeren Kuchen erhalten.,unknown,6,aii,bi,1,neutral,twice,False,,,entailment,0.9225,0.0064,0.0711
6_aii_bi1_cannot_say_neu,Vor zwei Monaten hat Tina für Judith einen leckeren Kuchen gebacken.,"Vor zwei Wochen hat Tina wieder einen leckeren Kuchen erhalten, weil sie zu einer Party eingeladen hatte.","Es lässt sich nicht sagen, wie oft Tina einen leckeren Kuchen erhalten hat.",unknown,6,aii,bi,1,neutral,cannot say,False,,,neutral,0.1111,0.6509,0.238
6_aii_bi2_once_pos,Vor zwei Monaten hat Tina für Judith einen leckeren Kuchen gebacken.,"Vor zwei Wochen hat Judith wieder einen leckeren Kuchen erhalten, weil sie zu einer Party eingeladen hatte.",Judith hat einmal einen leckeren Kuchen erhalten.,unknown,6,aii,bi,2,positive,once,False,,,entailment,0.8558,0.0176,0.1265
6_aii_bi2_twice_pos,Vor zwei Monaten hat Tina für Judith einen leckeren Kuchen gebacken.,"Vor zwei Wochen hat Judith wieder einen leckeren Kuchen erhalten, weil sie zu einer Party eingeladen hatte.",Judith hat mindestens zweimal einen leckeren Kuchen erhalten.,entailment,6,aii,bi,2,positive,twice,False,,,entailment,0.9306,0.0044,0.065
6_aii_bi2_cannot_say_pos,Vor zwei Monaten hat Tina für Judith einen leckeren Kuchen gebacken.,"Vor zwei Wochen hat Judith wieder einen leckeren Kuchen erhalten, weil sie zu einer Party eingeladen hatte.","Es lässt sich nicht sagen, wie oft Judith einen leckeren Kuchen erhalten hat.",unknown,6,aii,bi,2,positive,cannot say,False,,,neutral,0.1063,0.6458,0.2479
6_aii_bii1_once_pos,Vor zwei Monaten hat Tina für Judith einen leckeren Kuchen gebacken.,"Vor zwei Wochen hat Tina wieder einen leckeren Kuchen gemacht, weil sie zu einer Party eingeladen hatte.",Tina hat einmal einen leckeren Kuchen gemacht.,unknown,6,aii,bii,1,positive,once,False,,,entailment,0.8742,0.0142,0.1116
6_aii_bii1_twice_pos,Vor zwei Monaten hat Tina für Judith einen leckeren Kuchen gebacken.,"Vor zwei Wochen hat Tina wieder einen leckeren Kuchen gemacht, weil sie zu einer Party eingeladen hatte.",Tina hat mindestens zweimal einen leckeren Kuchen gemacht.,entailment,6,aii,bii,1,positive,twice,False,,,entailment,0.94,0.0024,0.0577
6_aii_bii1_cannot_say_pos,Vor zwei Monaten hat Tina für Judith einen leckeren Kuchen gebacken.,"Vor zwei Wochen hat Tina wieder einen leckeren Kuchen gemacht, weil sie zu einer Party eingeladen hatte.","Es lässt sich nicht sagen, wie oft Tina einen leckeren Kuchen gemacht hat.",unknown,6,aii,bii,1,positive,cannot say,False,,,neutral,0.1152,0.6682,0.2166
6_aii_bii2_once_neu,Vor zwei Monaten hat Tina für Judith einen leckeren Kuchen gebacken.,"Vor zwei Wochen hat Judith wieder einen leckeren Kuchen gemacht, weil sie zu einer Party eingeladen hatte.",Judith hat einmal einen leckeren Kuchen gemacht.,entailment,6,aii,bii,2,neutral,once,False,,,entailment,0.8819,0.0098,0.1083
6_aii_bii2_twice_neu,Vor zwei Monaten hat Tina für Judith einen leckeren Kuchen gebacken.,"Vor zwei Wochen hat Judith wieder einen leckeren Kuchen gemacht, weil sie zu einer Party eingeladen hatte.",Judith hat mindestens zweimal einen leckeren Kuchen gemacht.,unknown,6,aii,bii,2,neutral,twice,False,,,entailment,0.9321,0.0044,0.0635
6_aii_bii2_cannot_say_neu,Vor zwei Monaten hat Tina für Judith einen leckeren Kuchen gebacken.,"Vor zwei Wochen hat Judith wieder einen leckeren Kuchen gemacht, weil sie zu einer Party eingeladen hatte.","Es lässt sich nicht sagen, wie oft Judith einen leckeren Kuchen gemacht hat.",unknown,6,aii,bii,2,neutral,cannot say,False,,,neutral,0.1041,0.6601,0.2358
7_ai_bi1_once_pos,Vor einer Woche hat Judith für Sabine eine fetzige CD zusammengestellt.,"Vor drei Tagen hat Sabine wieder eine fetzige CD bekommen, weil sie bei einer Tauschaktion mitgemacht hat.",Sabine hat einmal eine fetzige CD bekommen.,unknown,7,ai,bi,1,positive,once,False,,,entailment,0.7243,0.0912,0.1845
7_ai_bi1_twice_pos,Vor einer Woche hat Judith für Sabine eine fetzige CD zusammengestellt.,"Vor drei Tagen hat Sabine wieder eine fetzige CD bekommen, weil sie bei einer Tauschaktion mitgemacht hat.",Sabine hat mindestens zweimal eine fetzige CD bekommen.,entailment,7,ai,bi,1,positive,twice,False,,,entailment,0.8664,0.034,0.0996
7_ai_bi1_cannot_say_pos,Vor einer Woche hat Judith für Sabine eine fetzige CD zusammengestellt.,"Vor drei Tagen hat Sabine wieder eine fetzige CD bekommen, weil sie bei einer Tauschaktion mitgemacht hat.","Es lässt sich nicht sagen, wie oft Sabine eine fetzige CD bekommen hat.",unknown,7,ai,bi,1,positive,cannot say,False,,,neutral,0.1045,0.6134,0.2821
7_ai_bi2_once_neu,Vor einer Woche hat Judith für Sabine eine fetzige CD zusammengestellt.,"Vor drei Tagen hat Judith wieder eine fetzige CD bekommen, weil sie bei einer Tauschaktion mitgemacht hat.",Judith hat einmal eine fetzige CD bekommen.,entailment,7,ai,bi,2,neutral,once,False,,,entailment,0.7728,0.0543,0.1729
7_ai_bi2_twice_neu,Vor einer Woche hat Judith für Sabine eine fetzige CD zusammengestellt.,"Vor drei Tagen hat Judith wieder eine fetzige CD bekommen, weil sie bei einer Tauschaktion mitgemacht hat.",Judith hat mindestens zweimal eine fetzige CD bekommen.,unknown,7,ai,bi,2,neutral,twice,False,,,entailment,0.9208,0.0073,0.0719
7_ai_bi2_cannot_say_neu,Vor einer Woche hat Judith für Sabine eine fetzige CD zusammengestellt.,"Vor drei Tagen hat Judith wieder eine fetzige CD bekommen, weil sie bei einer Tauschaktion mitgemacht hat.","Es lässt sich nicht sagen, wie oft Judith eine fetzige CD bekommen hat.",unknown,7,ai,bi,2,neutral,cannot say,False,,,neutral,0.1019,0.6348,0.2633
7_ai_bii1_once_neu,Vor einer Woche hat Judith für Sabine eine fetzige CD zusammengestellt.,"Vor drei Tagen hat Sabine wieder eine fetzige CD gebrannt, weil sie bei einer Tauschaktion mitgemacht hat.",Sabine hat einmal eine fetzige CD gebrannt.,entailment,7,ai,bii,1,neutral,once,False,,,entailment,0.6782,0.1062,0.2157
7_ai_bii1_twice_neu,Vor einer Woche hat Judith für Sabine eine fetzige CD zusammengestellt.,"Vor drei Tagen hat Sabine wieder eine fetzige CD gebrannt, weil sie bei einer Tauschaktion mitgemacht hat.",Sabine hat mindestens zweimal eine fetzige CD gebrannt.,unknown,7,ai,bii,1,neutral,twice,False,,,entailment,0.7936,0.0569,0.1495
7_ai_bii1_cannot_say_neu,Vor einer Woche hat Judith für Sabine eine fetzige CD zusammengestellt.,"Vor drei Tagen hat Sabine wieder eine fetzige CD gebrannt, weil sie bei einer Tauschaktion mitgemacht hat.","Es lässt sich nicht sagen, wie oft Sabine eine fetzige CD gebrannt hat.",unknown,7,ai,bii,1,neutral,cannot say,False,,,neutral,0.1045,0.6575,0.238
7_ai_bii2_once_pos,Vor einer Woche hat Judith für Sabine eine fetzige CD zusammengestellt.,"Vor drei Tagen hat Judith wieder eine fetzige CD gebrannt, weil sie bei einer Tauschaktion mitgemacht hat.",Judith hat einmal eine fetzige CD gebrannt.,unknown,7,ai,bii,2,positive,once,False,,,entailment,0.8301,0.0178,0.1521
7_ai_bii2_twice_pos,Vor einer Woche hat Judith für Sabine eine fetzige CD zusammengestellt.,"Vor drei Tagen hat Judith wieder eine fetzige CD gebrannt, weil sie bei einer Tauschaktion mitgemacht hat.",Judith hat mindestens zweimal eine fetzige CD gebrannt.,entailment,7,ai,bii,2,positive,twice,False,,,entailment,0.898,0.0073,0.0947
7_ai_bii2_cannot_say_pos,Vor einer Woche hat Judith für Sabine eine fetzige CD zusammengestellt.,"Vor drei Tagen hat Judith wieder eine fetzige CD gebrannt, weil sie bei einer Tauschaktion mitgemacht hat.","Es lässt sich nicht sagen, wie oft Judith eine fetzige CD gebrannt hat.",unknown,7,ai,bii,2,positive,cannot say,False,,,neutral,0.1075,0.6573,0.2352
7_aii_bi1_once_neu,Vor einer Woche hat Sabine für Judith eine fetzige CD zusammengestellt.,"Vor drei Tagen hat Sabine wieder eine fetzige CD bekommen, weil sie bei einer Tauschaktion mitgemacht hat.",Sabine hat einmal eine fetzige CD bekommen.,entailment,7,aii,bi,1,neutral,once,False,,,entailment,0.7416,0.0816,0.1768
7_aii_bi1_twice_neu,Vor einer Woche hat Sabine für Judith eine fetzige CD zusammengestellt.,"Vor drei Tagen hat Sabine wieder eine fetzige CD bekommen, weil sie bei einer Tauschaktion mitgemacht hat.",Sabine hat mindestens zweimal eine fetzige CD bekommen.,unknown,7,aii,bi,1,neutral,twice,False,,,entailment,0.9092,0.0135,0.0773
7_aii_bi1_cannot_say_neu,Vor einer Woche hat Sabine für Judith eine fetzige CD zusammengestellt.,"Vor drei Tagen hat Sabine wieder eine fetzige CD bekommen, weil sie bei einer Tauschaktion mitgemacht hat.","Es lässt sich nicht sagen, wie oft Sabine eine fetzige CD bekommen hat.",unknown,7,aii,bi,1,neutral,cannot say,False,,,neutral,0.1058,0.632,0.2621
7_aii_bi2_once_pos,Vor einer Woche hat Sabine für Judith eine fetzige CD zusammengestellt.,"Vor drei Tagen hat Judith wieder eine fetzige CD bekommen, weil sie bei einer Tauschaktion mitgemacht hat.",Judith hat einmal eine fetzige CD bekommen.,unknown,7,aii,bi,2,positive,once,False,,,entailment,0.7729,0.0548,0.1723
7_aii_bi2_twice_pos,Vor einer Woche hat Sabine für Judith eine fetzige CD zusammengestellt.,"Vor drei Tagen hat Judith wieder eine fetzige CD bekommen, weil sie bei einer Tauschaktion mitgemacht hat.",Judith hat mindestens zweimal eine fetzige CD bekommen.,entailment,7,aii,bi,2,positive,twice,False,,,entailment,0.8985,0.0148,0.0867
7_aii_bi2_cannot_say_pos,Vor einer Woche hat Sabine für Judith eine fetzige CD zusammengestellt.,"Vor drei Tagen hat Judith wieder eine fetzige CD bekommen, weil sie bei einer Tauschaktion mitgemacht hat.","Es lässt sich nicht sagen, wie oft Judith eine fetzige CD bekommen hat.",unknown,7,aii,bi,2,positive,cannot say,False,,,neutral,0.1016,0.6352,0.2632
7_aii_bii1_once_pos,Vor einer Woche hat Sabine für Judith eine fetzige CD zusammengestellt.,"Vor drei Tagen hat Sabine wieder eine fetzige CD gebrannt, weil sie bei einer Tauschaktion mitgemacht hat.",Sabine hat einmal eine fetzige CD gebrannt.,unknown,7,aii,bii,1,positive,once,False,,,entailment,0.8185,0.0135,0.168
7_aii_bii1_twice_pos,Vor einer Woche hat Sabine für Judith eine fetzige CD zusammengestellt.,"Vor drei Tagen hat Sabine wieder eine fetzige CD gebrannt, weil sie bei einer Tauschaktion mitgemacht hat.",Sabine hat mindestens zweimal eine fetzige CD gebrannt.,entailment,7,aii,bii,1,positive,twice,False,,,entailment,0.8704,0.0091,0.1205
7_aii_bii1_cannot_say_pos,Vor einer Woche hat Sabine für Judith eine fetzige CD zusammengestellt.,"Vor drei Tagen hat Sabine wieder eine fetzige CD gebrannt, weil sie bei einer Tauschaktion mitgemacht hat.","Es lässt sich nicht sagen, wie oft Sabine eine fetzige CD gebrannt hat.",unknown,7,aii,bii,1,positive,cannot say,False,,,neutral,0.1138,0.6763,0.2099
7_aii_bii2_once_neu,Vor einer Woche hat Sabine für Judith eine fetzige CD zusammengestellt.,"Vor drei Tagen hat Judith wieder eine fetzige CD gebrannt, weil sie bei einer Tauschaktion mitgemacht hat.",Judith hat einmal eine fetzige CD gebrannt.,entailment,7,aii,bii,2,neutral,once,False,,,entailment,0.753,0.0598,0.1872
7_aii_bii2_twice_neu,Vor einer Woche hat Sabine für Judith eine fetzige CD zusammengestellt.,"Vor drei Tagen hat Judith wieder eine fetzige CD gebrannt, weil sie bei einer Tauschaktion mitgemacht hat.",Judith hat mindestens zweimal eine fetzige CD gebrannt.,unknown,7,aii,bii,2,neutral,twice,False,,,entailment,0.8487,0.0297,0.1217
7_aii_bii2_cannot_say_neu,Vor einer Woche hat Sabine für Judith eine fetzige CD zusammengestellt.,"Vor drei Tagen hat Judith wieder eine fetzige CD gebrannt, weil sie bei einer Tauschaktion mitgemacht hat.","Es lässt sich nicht sagen, wie oft Judith eine fetzige CD gebrannt hat.",unknown,7,aii,bii,2,neutral,cannot say,False,,,neutral,0.0989,0.6538,0.2473
8_ai_bi1_once_pos,Letzten Monat hat Judith bei Linda eine neue Blume im Garten eingepflanzt.,"Vor einer Woche hat Linda wieder eine neue Blume bekommen, weil sie von einer Rosensorte begeistert ist.",Linda hat einmal eine neue Blume bekommen.,unknown,8,ai,bi,1,positive,once,False,,,entailment,0.781,0.0485,0.1706
8_ai_bi1_twice_pos,Letzten Monat hat Judith bei Linda eine neue Blume im Garten eingepflanzt.,"Vor einer Woche hat Linda wieder eine neue Blume bekommen, weil sie von einer Rosensorte begeistert ist.",Linda hat mindestens zweimal eine neue Blume bekommen.,entailment,8,ai,bi,1,positive,twice,False,,,entailment,0.9278,0.0072,0.0649
8_ai_bi1_cannot_say_pos,Letzten Monat hat Judith bei Linda eine neue Blume im Garten eingepflanzt.,"Vor einer Woche hat Linda wieder eine neue Blume bekommen, weil sie von einer Rosensorte begeistert ist.","Es lässt sich nicht sagen, wie oft Linda eine neue Blume bekommen hat.",unknown,8,ai,bi,1,positive,cannot say,False,,,neutral,0.0878,0.696,0.2162
8_ai_bi2_once_neu,Letzten Monat hat Judith bei Linda eine neue Blume im Garten eingepflanzt.,"Vor einer Woche hat Judith wieder eine neue Blume bekommen, weil sie von einer Rosensorte begeistert ist.",Judith hat einmal eine neue Blume bekommen.,entailment,8,ai,bi,2,neutral,once,False,,,entailment,0.7796,0.0615,0.1588
8_ai_bi2_twice_neu,Letzten Monat hat Judith bei Linda eine neue Blume im Garten eingepflanzt.,"Vor einer Woche hat Judith wieder eine neue Blume bekommen, weil sie von einer Rosensorte begeistert ist.",Judith hat mindestens zweimal eine neue Blume bekommen.,unknown,8,ai,bi,2,neutral,twice,False,,,entailment,0.9435,0.0039,0.0526
8_ai_bi2_cannot_say_neu,Letzten Monat hat Judith bei Linda eine neue Blume im Garten eingepflanzt.,"Vor einer Woche hat Judith wieder eine neue Blume bekommen, weil sie von einer Rosensorte begeistert ist.","Es lässt sich nicht sagen, wie oft Judith eine neue Blume bekommen hat.",unknown,8,ai,bi,2,neutral,cannot say,False,,,neutral,0.0927,0.707,0.2003
8_ai_bii1_once_neu,Letzten Monat hat Judith bei Linda eine neue Blume im Garten eingepflanzt.,"Vor einer Woche hat Linda wieder eine neue Blume eingegraben, weil sie von einer Rosensorte begeistert ist.",Linda hat einmal eine neue Blume eingegraben.,entailment,8,ai,bii,1,neutral,once,False,,,entailment,0.7118,0.0884,0.1997
8_ai_bii1_twice_neu,Letzten Monat hat Judith bei Linda eine neue Blume im Garten eingepflanzt.,"Vor einer Woche hat Linda wieder eine neue Blume eingegraben, weil sie von einer Rosensorte begeistert ist.",Linda hat mindestens zweimal eine neue Blume eingegraben.,unknown,8,ai,bii,1,neutral,twice,False,,,entailment,0.8996,0.0113,0.0891
8_ai_bii1_cannot_say_neu,Letzten Monat hat Judith bei Linda eine neue Blume im Garten eingepflanzt.,"Vor einer Woche hat Linda wieder eine neue Blume eingegraben, weil sie von einer Rosensorte begeistert ist.","Es lässt sich nicht sagen, wie oft Linda eine neue Blume eingegraben hat.",unknown,8,ai,bii,1,neutral,cannot say,False,,,neutral,0.1018,0.6681,0.2301
8_ai_bii2_once_pos,Letzten Monat hat Judith bei Linda eine neue Blume im Garten eingepflanzt.,"Vor einer Woche hat Judith wieder eine neue Blume eingegraben, weil sie von einer Rosensorte begeistert ist.",Judith hat einmal eine neue Blume eingegraben.,unknown,8,ai,bii,2,positive,once,False,,,entailment,0.7989,0.0441,0.157
8_ai_bii2_twice_pos,Letzten Monat hat Judith bei Linda eine neue Blume im Garten eingepflanzt.,"Vor einer Woche hat Judith wieder eine neue Blume eingegraben, weil sie von einer Rosensorte begeistert ist.",Judith hat mindestens zweimal eine neue Blume eingegraben.,entailment,8,ai,bii,2,positive,twice,False,,,entailment,0.9318,0.0039,0.0643
8_ai_bii2_cannot_say_pos,Letzten Monat hat Judith bei Linda eine neue Blume im Garten eingepflanzt.,"Vor einer Woche hat Judith wieder eine neue Blume eingegraben, weil sie von einer Rosensorte begeistert ist.","Es lässt sich nicht sagen, wie oft Judith eine neue Blume eingegraben hat.",unknown,8,ai,bii,2,positive,cannot say,False,,,neutral,0.1067,0.6726,0.2207
8_aii_bi1_once_neu,Letzten Monat hat Linda bei Judith eine neue Blume im Garten eingepflanzt.,"Vor einer Woche hat Linda wieder eine neue Blume bekommen, weil sie von einer Rosensorte begeistert ist.",Linda hat einmal eine neue Blume bekommen.,entailment,8,aii,bi,1,neutral,once,False,,,entailment,0.7868,0.0541,0.1591
8_aii_bi1_twice_neu,Letzten Monat hat Linda bei Judith eine neue Blume im Garten eingepflanzt.,"Vor einer Woche hat Linda wieder eine neue Blume bekommen, weil sie von einer Rosensorte begeistert ist.",Linda hat mindestens zweimal eine neue Blume bekommen.,unknown,8,aii,bi,1,neutral,twice,False,,,entailment,0.9382,0.0039,0.0579
8_aii_bi1_cannot_say_neu,Letzten Monat hat Linda bei Judith eine neue Blume im Garten eingepflanzt.,"Vor einer Woche hat Linda wieder eine neue Blume bekommen, weil sie von einer Rosensorte begeistert ist.","Es lässt sich nicht sagen, wie oft Linda eine neue Blume bekommen hat.",unknown,8,aii,bi,1,neutral,cannot say,False,,,neutral,0.0914,0.6933,0.2153
8_aii_bi2_once_pos,Letzten Monat hat Linda bei Judith eine neue Blume im Garten eingepflanzt.,"Vor einer Woche hat Judith wieder eine neue Blume bekommen, weil sie von einer Rosensorte begeistert ist.",Judith hat einmal eine neue Blume bekommen.,unknown,8,aii,bi,2,positive,once,False,,,entailment,0.7198,0.1128,0.1674
8_aii_bi2_twice_pos,Letzten Monat hat Linda bei Judith eine neue Blume im Garten eingepflanzt.,"Vor einer Woche hat Judith wieder eine neue Blume bekommen, weil sie von einer Rosensorte begeistert ist.",Judith hat mindestens zweimal eine neue Blume bekommen.,entailment,8,aii,bi,2,positive,twice,False,,,entailment,0.9209,0.0102,0.0689
8_aii_bi2_cannot_say_pos,Letzten Monat hat Linda bei Judith eine neue Blume im Garten eingepflanzt.,"Vor einer Woche hat Judith wieder eine neue Blume bekommen, weil sie von einer Rosensorte begeistert ist.","Es lässt sich nicht sagen, wie oft Judith eine neue Blume bekommen hat.",unknown,8,aii,bi,2,positive,cannot say,False,,,neutral,0.0919,0.6913,0.2169
8_aii_bii1_once_pos,Letzten Monat hat Linda bei Judith eine neue Blume im Garten eingepflanzt.,"Vor einer Woche hat Linda wieder eine neue Blume eingegraben, weil sie von einer Rosensorte begeistert ist.",Linda hat einmal eine neue Blume eingegraben.,unknown,8,aii,bii,1,positive,once,False,,,entailment,0.7868,0.0435,0.1697
8_aii_bii1_twice_pos,Letzten Monat hat Linda bei Judith eine neue Blume im Garten eingepflanzt.,"Vor einer Woche hat Linda wieder eine neue Blume eingegraben, weil sie von einer Rosensorte begeistert ist.",Linda hat mindestens zweimal eine neue Blume eingegraben.,entailment,8,aii,bii,1,positive,twice,False,,,entailment,0.9279,0.003,0.0691
8_aii_bii1_cannot_say_pos,Letzten Monat hat Linda bei Judith eine neue Blume im Garten eingepflanzt.,"Vor einer Woche hat Linda wieder eine neue Blume eingegraben, weil sie von einer Rosensorte begeistert ist.","Es lässt sich nicht sagen, wie oft Linda eine neue Blume eingegraben hat.",unknown,8,aii,bii,1,positive,cannot say,False,,,neutral,0.1101,0.6422,0.2476
8_aii_bii2_once_neu,Letzten Monat hat Linda bei Judith eine neue Blume im Garten eingepflanzt.,"Vor einer Woche hat Judith wieder eine neue Blume eingegraben, weil sie von einer Rosensorte begeistert ist.",Judith hat einmal eine neue Blume eingegraben.,entailment,8,aii,bii,2,neutral,once,False,,,entailment,0.6428,0.155,0.2022
8_aii_bii2_twice_neu,Letzten Monat hat Linda bei Judith eine neue Blume im Garten eingepflanzt.,"Vor einer Woche hat Judith wieder eine neue Blume eingegraben, weil sie von einer Rosensorte begeistert ist.",Judith hat mindestens zweimal eine neue Blume eingegraben.,unknown,8,aii,bii,2,neutral,twice,False,,,entailment,0.8897,0.0144,0.0959
8_aii_bii2_cannot_say_neu,Letzten Monat hat Linda bei Judith eine neue Blume im Garten eingepflanzt.,"Vor einer Woche hat Judith wieder eine neue Blume eingegraben, weil sie von einer Rosensorte begeistert ist.","Es lässt sich nicht sagen, wie oft Judith eine neue Blume eingegraben hat.",unknown,8,aii,bii,2,neutral,cannot say,False,,,neutral,0.1063,0.6547,0.2389
9_ai_bi1_once_pos,Vor einem Jahr hat Judith für Timo ein teures Konzertticket bestellt.,"Vor vier Wochen hat Timo wieder ein teures Konzertticket bekommen, weil sie mit einem Freund feiern will.",Timo hat einmal ein teures Konzertticket bekommen.,unknown,9,ai,bi,1,positive,once,False,,,entailment,0.9007,0.0018,0.0976
9_ai_bi1_twice_pos,Vor einem Jahr hat Judith für Timo ein teures Konzertticket bestellt.,"Vor vier Wochen hat Timo wieder ein teures Konzertticket bekommen, weil sie mit einem Freund feiern will.",Timo hat mindestens zweimal ein teures Konzertticket bekommen.,entailment,9,ai,bi,1,positive,twice,False,,,entailment,0.8792,0.0113,0.1094
9_ai_bi1_cannot_say_pos,Vor einem Jahr hat Judith für Timo ein teures Konzertticket bestellt.,"Vor vier Wochen hat Timo wieder ein teures Konzertticket bekommen, weil sie mit einem Freund feiern will.","Es lässt sich nicht sagen, wie oft Timo ein teures Konzertticket bekommen hat.",unknown,9,ai,bi,1,positive,cannot say,False,,,neutral,0.1205,0.6294,0.2501
9_ai_bi2_once_neu,Vor einem Jahr hat Judith für Timo ein teures Konzertticket bestellt.,"Vor vier Wochen hat Judith wieder ein teures Konzertticket bekommen, weil er mit einem Freund feiern will.",Judith hat einmal ein teures Konzertticket bekommen.,entailment,9,ai,bi,2,neutral,once,False,,,entailment,0.929,0.0034,0.0676
9_ai_bi2_twice_neu,Vor einem Jahr hat Judith für Timo ein teures Konzertticket bestellt.,"Vor vier Wochen hat Judith wieder ein teures Konzertticket bekommen, weil er mit einem Freund feiern will.",Judith hat mindestens zweimal ein teures Konzertticket bekommen.,unknown,9,ai,bi,2,neutral,twice,False,,,entailment,0.9258,0.005,0.0693
9_ai_bi2_cannot_say_neu,Vor einem Jahr hat Judith für Timo ein teures Konzertticket bestellt.,"Vor vier Wochen hat Judith wieder ein teures Konzertticket bekommen, weil er mit einem Freund feiern will.","Es lässt sich nicht sagen, wie oft Judith ein teures Konzertticket bekommen hat.",unknown,9,ai,bi,2,neutral,cannot say,False,,,neutral,0.1165,0.6796,0.2039
9_ai_bii1_once_neu,Vor einem Jahr hat Judith für Timo ein teures Konzertticket bestellt.,"Vor vier Wochen hat Timo wieder ein teures Konzertticket erworben, weil sie mit einem Freund feiern will.",Timo hat einmal ein teures Konzertticket erworben.,entailment,9,ai,bii,1,neutral,once,False,,,entailment,0.8906,0.0013,0.108
9_ai_bii1_twice_neu,Vor einem Jahr hat Judith für Timo ein teures Konzertticket bestellt.,"Vor vier Wochen hat Timo wieder ein teures Konzertticket erworben, weil sie mit einem Freund feiern will.",Timo hat mindestens zweimal ein teures Konzertticket erworben.,unknown,9,ai,bii,1,neutral,twice,False,,,entailment,0.8804,0.0041,0.1155
9_ai_bii1_cannot_say_neu,Vor einem Jahr hat Judith für Timo ein teures Konzertticket bestellt.,"Vor vier Wochen hat Timo wieder ein teures Konzertticket erworben, weil sie mit einem Freund feiern will.","Es lässt sich nicht sagen, wie oft Timo ein teures Konzertticket erworben hat.",unknown,9,ai,bii,1,neutral,cannot say,False,,,neutral,0.1134,0.6171,0.2696
9_ai_bii2_once_pos,Vor einem Jahr hat Judith für Timo ein teures Konzertticket bestellt.,"Vor vier Wochen hat Judith wieder ein teures Konzertticket erworben, weil er mit einem Freund feiern will.",Judith hat einmal ein teures Konzertticket erworben.,unknown,9,ai,bii,2,positive,once,False,,,entailment,0.9396,0.0014,0.059
9_ai_bii2_twice_pos,Vor einem Jahr hat Judith für Timo ein teures Konzertticket bestellt.,"Vor vier Wochen hat Judith wieder ein teures Konzertticket erworben, weil er mit einem Freund feiern will.",Judith hat mindestens zweimal ein teures Konzertticket erworben.,entailment,9,ai,bii,2,positive,twice,False,,,entailment,0.9407,0.0021,0.0572
9_ai_bii2_cannot_say_pos,Vor einem Jahr hat Judith für Timo ein teures Konzertticket bestellt.,"Vor vier Wochen hat Judith wieder ein teures Konzertticket erworben, weil er mit einem Freund feiern will.","Es lässt sich nicht sagen, wie oft Judith ein teures Konzertticket erworben hat.",unknown,9,ai,bii,2,positive,cannot say,False,,,neutral,0.1226,0.6435,0.2339
9_aii_bi1_once_neu,Vor einem Jahr hat Timo für Judith ein teures Konzertticket bestellt.,"Vor vier Wochen hat Timo wieder ein teures Konzertticket bekommen, weil sie mit einem Freund feiern will.",Timo hat einmal ein teures Konzertticket bekommen.,entailment,9,aii,bi,1,neutral,once,False,,,entailment,0.907,0.0029,0.0901
9_aii_bi1_twice_neu,Vor einem Jahr hat Timo für Judith ein teures Konzertticket bestellt.,"Vor vier Wochen hat Timo wieder ein teures Konzertticket bekommen, weil sie mit einem Freund feiern will.",Timo hat mindestens zweimal ein teures Konzertticket bekommen.,unknown,9,aii,bi,1,neutral,twice,False,,,entailment,0.9098,0.0063,0.0839
9_aii_bi1_cannot_say_neu,Vor einem Jahr hat Timo für Judith ein teures Konzertticket bestellt.,"Vor vier Wochen hat Timo wieder ein teures Konzertticket bekommen, weil sie mit einem Freund feiern will.","Es lässt sich nicht sagen, wie oft Timo ein teures Konzertticket bekommen hat.",unknown,9,aii,bi,1,neutral,cannot say,False,,,neutral,0.1097,0.6635,0.2268
9_aii_bi2_once_pos,Vor einem Jahr hat Timo für Judith ein teures Konzertticket bestellt.,"Vor vier Wochen hat Judith wieder ein teures Konzertticket bekommen, weil er mit einem Freund feiern will.",Judith hat einmal ein teures Konzertticket bekommen.,unknown,9,aii,bi,2,positive,once,False,,,entailment,0.915,0.0079,0.0771
9_aii_bi2_twice_pos,Vor einem Jahr hat Timo für Judith ein teures Konzertticket bestellt.,"Vor vier Wochen hat Judith wieder ein teures Konzertticket bekommen, weil er mit einem Freund feiern will.",Judith hat mindestens zweimal ein teures Konzertticket bekommen.,entailment,9,aii,bi,2,positive,twice,False,,,entailment,0.9021,0.0113,0.0865
9_aii_bi2_cannot_say_pos,Vor einem Jahr hat Timo für Judith ein teures Konzertticket bestellt.,"Vor vier Wochen hat Judith wieder ein teures Konzertticket bekommen, weil er mit einem Freund feiern will.","Es lässt sich nicht sagen, wie oft Judith ein teures Konzertticket bekommen hat.",unknown,9,aii,bi,2,positive,cannot say,False,,,neutral,0.1183,0.655,0.2267
9_aii_bii1_once_pos,Vor einem Jahr hat Timo für Judith ein teures Konzertticket bestellt.,"Vor vier Wochen hat Timo wieder ein teures Konzertticket erworben, weil sie mit einem Freund feiern will.",Timo hat einmal ein teures Konzertticket erworben.,unknown,9,aii,bii,1,positive,once,False,,,entailment,0.9346,0.001,0.0644
9_aii_bii1_twice_pos,Vor einem Jahr hat Timo für Judith ein teures Konzertticket bestellt.,"Vor vier Wochen hat Timo wieder ein teures Konzertticket erworben, weil sie mit einem Freund feiern will.",Timo hat mindestens zweimal ein teures Konzertticket erworben.,entailment,9,aii,bii,1,positive,twice,False,,,entailment,0.9189,0.0016,0.0795
9_aii_bii1_cannot_say_pos,Vor einem Jahr hat Timo für Judith ein teures Konzertticket bestellt.,"Vor vier Wochen hat Timo wieder ein teures Konzertticket erworben, weil sie mit einem Freund feiern will.","Es lässt sich nicht sagen, wie oft Timo ein teures Konzertticket erworben hat.",unknown,9,aii,bii,1,positive,cannot say,False,,,neutral,0.1212,0.6654,0.2133
9_aii_bii2_once_neu,Vor einem Jahr hat Timo für Judith ein teures Konzertticket bestellt.,"Vor vier Wochen hat Judith wieder ein teures Konzertticket erworben, weil er mit einem Freund feiern will.",Judith hat einmal ein teures Konzertticket erworben.,entailment,9,aii,bii,2,neutral,once,False,,,entailment,0.9188,0.0053,0.0758
9_aii_bii2_twice_neu,Vor einem Jahr hat Timo für Judith ein teures Konzertticket bestellt.,"Vor vier Wochen hat Judith wieder ein teures Konzertticket erworben, weil er mit einem Freund feiern will.",Judith hat mindestens zweimal ein teures Konzertticket erworben.,unknown,9,aii,bii,2,neutral,twice,False,,,entailment,0.9115,0.0069,0.0816
9_aii_bii2_cannot_say_neu,Vor einem Jahr hat Timo für Judith ein teures Konzertticket bestellt.,"Vor vier Wochen hat Judith wieder ein teures Konzertticket erworben, weil er mit einem Freund feiern will.","Es lässt sich nicht sagen, wie oft Judith ein teures Konzertticket erworben hat.",unknown,9,aii,bii,2,neutral,cannot say,False,,,neutral,0.1215,0.6376,0.2409
10_ai_bi1_once_pos,Letztes Semester hat Greta Judith einen kleinen Spickzettel zukommen lassen.,"Vor fünf Tagen hat Judith wieder einen kleinen Spickzettel erhalten, als sie an einer Klausur teilgenommen hat.",Judith hat einmal einen kleinen Spickzettel erhalten.,unknown,10,ai,bi,1,positive,once,False,,,entailment,0.7733,0.0885,0.1382
10_ai_bi1_twice_pos,Letztes Semester hat Greta Judith einen kleinen Spickzettel zukommen lassen.,"Vor fünf Tagen hat Judith wieder einen kleinen Spickzettel erhalten, als sie an einer Klausur teilgenommen hat.",Judith hat mindestens zweimal einen kleinen Spickzettel erhalten.,entailment,10,ai,bi,1,positive,twice,False,,,entailment,0.9293,0.0036,0.0671
10_ai_bi1_cannot_say_pos,Letztes Semester hat Greta Judith einen kleinen Spickzettel zukommen lassen.,"Vor fünf Tagen hat Judith wieder einen kleinen Spickzettel erhalten, als sie an einer Klausur teilgenommen hat.","Es lässt sich nicht sagen, wie oft Judith einen kleinen Spickzettel erhalten hat.",unknown,10,ai,bi,1,positive,cannot say,False,,,neutral,0.1202,0.6175,0.2623
10_ai_bi2_once_neu,Letztes Semester hat Greta Judith einen kleinen Spickzettel zukommen lassen.,"Vor fünf Tagen hat Greta wieder einen kleinen Spickzettel erhalten, als sie an einer Klausur teilgenommen hat.",Greta hat einmal einen kleinen Spickzettel erhalten.,entailment,10,ai,bi,2,neutral,once,False,,,entailment,0.7367,0.1177,0.1455
10_ai_bi2_twice_neu,Letztes Semester hat Greta Judith einen kleinen Spickzettel zukommen lassen.,"Vor fünf Tagen hat Greta wieder einen kleinen Spickzettel erhalten, als sie an einer Klausur teilgenommen hat.",Greta hat mindestens zweimal einen kleinen Spickzettel erhalten.,unknown,10,ai,bi,2,neutral,twice,False,,,entailment,0.9278,0.0025,0.0698
10_ai_bi2_cannot_say_neu,Letztes Semester hat Greta Judith einen kleinen Spickzettel zukommen lassen.,"Vor fünf Tagen hat Greta wieder einen kleinen Spickzettel erhalten, als sie an einer Klausur teilgenommen hat.","Es lässt sich nicht sagen, wie oft Greta einen kleinen Spickzettel erhalten hat.",unknown,10,ai,bi,2,neutral,cannot say,False,,,neutral,0.125,0.6138,0.2612
10_ai_bii1_once_neu,Letztes Semester hat Greta Judith einen kleinen Spickzettel zukommen lassen.,"Vor fünf Tagen hat Judith wieder einen kleinen Spickzettel weitergegeben, als sie an einer Klausur teilgenommen hat.",Judith hat einmal einen kleinen Spickzettel weitergegeben.,entailment,10,ai,bii,1,neutral,once,False,,,entailment,0.5322,0.3088,0.1591
10_ai_bii1_twice_neu,Letztes Semester hat Greta Judith einen kleinen Spickzettel zukommen lassen.,"Vor fünf Tagen hat Judith wieder einen kleinen Spickzettel weitergegeben, als sie an einer Klausur teilgenommen hat.",Judith hat mindestens zweimal einen kleinen Spickzettel weitergegeben.,unknown,10,ai,bii,1,neutral,twice,False,,,entailment,0.8641,0.0339,0.102
10_ai_bii1_cannot_say_neu,Letztes Semester hat Greta Judith einen kleinen Spickzettel zukommen lassen.,"Vor fünf Tagen hat Judith wieder einen kleinen Spickzettel weitergegeben, als sie an einer Klausur teilgenommen hat.","Es lässt sich nicht sagen, wie oft Judith einen kleinen Spickzettel weitergegeben hat.",unknown,10,ai,bii,1,neutral,cannot say,False,,,neutral,0.1027,0.7239,0.1734
10_ai_bii2_once_pos,Letztes Semester hat Greta Judith einen kleinen Spickzettel zukommen lassen.,"Vor fünf Tagen hat Greta wieder einen kleinen Spickzettel weitergegeben, als sie an einer Klausur teilgenommen hat.",Greta hat einmal einen kleinen Spickzettel weitergegeben.,unknown,10,ai,bii,2,positive,once,False,,,entailment,0.4561,0.3622,0.1818
10_ai_bii2_twice_pos,Letztes Semester hat Greta Judith einen kleinen Spickzettel zukommen lassen.,"Vor fünf Tagen hat Greta wieder einen kleinen Spickzettel weitergegeben, als sie an einer Klausur teilgenommen hat.",Greta hat mindestens zweimal einen kleinen Spickzettel weitergegeben.,entailment,10,ai,bii,2,positive,twice,False,,,entailment,0.8695,0.0114,0.119
10_ai_bii2_cannot_say_pos,Letztes Semester hat Greta Judith einen kleinen Spickzettel zukommen lassen.,"Vor fünf Tagen hat Greta wieder einen kleinen Spickzettel weitergegeben, als sie an einer Klausur teilgenommen hat.","Es lässt sich nicht sagen, wie oft Greta einen kleinen Spickzettel weitergegeben hat.",unknown,10,ai,bii,2,positive,cannot say,False,,,neutral,0.1091,0.7421,0.1488
10_aii_bi1_once_neu,Letztes Semester hat Judith Greta einen kleinen Spickzettel zukommen lassen.,"Vor fünf Tagen hat Judith wieder einen kleinen Spickzettel erhalten, als sie an einer Klausur teilgenommen hat.",Judith hat einmal einen kleinen Spickzettel erhalten.,entailment,10,aii,bi,1,neutral,once,False,,,entailment,0.7653,0.0981,0.1365
10_aii_bi1_twice_neu,Letztes Semester hat Judith Greta einen kleinen Spickzettel zukommen lassen.,"Vor fünf Tagen hat Judith wieder einen kleinen Spickzettel erhalten, als sie an einer Klausur teilgenommen hat.",Judith hat mindestens zweimal einen kleinen Spickzettel erhalten.,unknown,10,aii,bi,1,neutral,twice,False,,,entailment,0.9342,0.0031,0.0627
10_aii_bi1_cannot_say_neu,Letztes Semester hat Judith Greta einen kleinen Spickzettel zukommen lassen.,"Vor fünf Tagen hat Judith wieder einen kleinen Spickzettel erhalten, als sie an einer Klausur teilgenommen hat.","Es lässt sich nicht sagen, wie oft Judith einen kleinen Spickzettel erhalten hat.",unknown,10,aii,bi,1,neutral,cannot say,False,,,neutral,0.1176,0.6387,0.2438
10_aii_bi2_once_pos,Letztes Semester hat Judith Greta einen kleinen Spickzettel zukommen lassen.,"Vor fünf Tagen hat Greta wieder einen kleinen Spickzettel erhalten, als sie an einer Klausur teilgenommen hat.",Greta hat einmal einen kleinen Spickzettel erhalten.,unknown,10,aii,bi,2,positive,once,False,,,entailment,0.7221,0.1296,0.1482
10_aii_bi2_twice_pos,Letztes Semester hat Judith Greta einen kleinen Spickzettel zukommen lassen.,"Vor fünf Tagen hat Greta wieder einen kleinen Spickzettel erhalten, als sie an einer Klausur teilgenommen hat.",Greta hat mindestens zweimal einen kleinen Spickzettel erhalten.,entailment,10,aii,bi,2,positive,twice,False,,,entailment,0.9286,0.0028,0.0686
10_aii_bi2_cannot_say_pos,Letztes Semester hat Judith Greta einen kleinen Spickzettel zukommen lassen.,"Vor fünf Tagen hat Greta wieder einen kleinen Spickzettel erhalten, als sie an einer Klausur teilgenommen hat.","Es lässt sich nicht sagen, wie oft Greta einen kleinen Spickzettel erhalten hat.",unknown,10,aii,bi,2,positive,cannot say,False,,,neutral,0.1181,0.6453,0.2367
10_aii_bii1_once_pos,Letztes Semester hat Judith Greta einen kleinen Spickzettel zukommen lassen.,"Vor fünf Tagen hat Judith wieder einen kleinen Spickzettel weitergegeben, als sie an einer Klausur teilgenommen hat.",Judith hat einmal einen kleinen Spickzettel weitergegeben.,unknown,10,aii,bii,1,positive,once,False,,,entailment,0.5612,0.2728,0.166
10_aii_bii1_twice_pos,Letztes Semester hat Judith Greta einen kleinen Spickzettel zukommen lassen.,"Vor fünf Tagen hat Judith wieder einen kleinen Spickzettel weitergegeben, als sie an einer Klausur teilgenommen hat.",Judith hat mindestens zweimal einen kleinen Spickzettel weitergegeben.,entailment,10,aii,bii,1,positive,twice,False,,,entailment,0.8827,0.0242,0.0931
10_aii_bii1_cannot_say_pos,Letztes Semester hat Judith Greta einen kleinen Spickzettel zukommen lassen.,"Vor fünf Tagen hat Judith wieder einen kleinen Spickzettel weitergegeben, als sie an einer Klausur teilgenommen hat.","Es lässt sich nicht sagen, wie oft Judith einen kleinen Spickzettel weitergegeben hat.",unknown,10,aii,bii,1,positive,cannot say,False,,,neutral,0.0992,0.7405,0.1603
10_aii_bii2_once_neu,Letztes Semester hat Judith Greta einen kleinen Spickzettel zukommen lassen.,"Vor fünf Tagen hat Greta wieder einen kleinen Spickzettel weitergegeben, als sie an einer Klausur teilgenommen hat.",Greta hat einmal einen kleinen Spickzettel weitergegeben.,entailment,10,aii,bii,2,neutral,once,False,,,neutral,0.3973,0.4134,0.1892
10_aii_bii2_twice_neu,Letztes Semester hat Judith Greta einen kleinen Spickzettel zukommen lassen.,"Vor fünf Tagen hat Greta wieder einen kleinen Spickzettel weitergegeben, als sie an einer Klausur teilgenommen hat.",Greta hat mindestens zweimal einen kleinen Spickzettel weitergegeben.,unknown,10,aii,bii,2,neutral,twice,False,,,entailment,0.865,0.0146,0.1204
10_aii_bii2_cannot_say_neu,Letztes Semester hat Judith Greta einen kleinen Spickzettel zukommen lassen.,"Vor fünf Tagen hat Greta wieder einen kleinen Spickzettel weitergegeben, als sie an einer Klausur teilgenommen hat.","Es lässt sich nicht sagen, wie oft Greta einen kleinen Spickzettel weitergegeben hat.",unknown,10,aii,bii,2,neutral,cannot say,False,,,neutral,0.1018,0.7539,0.1443
11_ai_bi1_once_pos,Vor zwei Monaten hat Thorsten Linda ein interessantes Jobangebot offeriert.,"Vor zwei Tagen hat Linda wieder ein interessantes Jobangebot bekommen, als sie auf einer Jobbörse zugegen war.",Linda hat einmal ein interessantes Jobangebot bekommen.,unknown,11,ai,bi,1,positive,once,False,,,entailment,0.7517,0.1082,0.1401
11_ai_bi1_twice_pos,Vor zwei Monaten hat Thorsten Linda ein interessantes Jobangebot offeriert.,"Vor zwei Tagen hat Linda wieder ein interessantes Jobangebot bekommen, als sie auf einer Jobbörse zugegen war.",Linda hat mindestens zweimal ein interessantes Jobangebot bekommen.,entailment,11,ai,bi,1,positive,twice,False,,,entailment,0.9499,0.0022,0.0479
11_ai_bi1_cannot_say_pos,Vor zwei Monaten hat Thorsten Linda ein interessantes Jobangebot offeriert.,"Vor zwei Tagen hat Linda wieder ein interessantes Jobangebot bekommen, als sie auf einer Jobbörse zugegen war.","Es lässt sich nicht sagen, wie oft Linda ein interessantes Jobangebot bekommen hat.",unknown,11,ai,bi,1,positive,cannot say,False,,,neutral,0.1205,0.6308,0.2487
11_ai_bi2_once_neu,Vor zwei Monaten hat Thorsten Linda ein interessantes Jobangebot offeriert.,"Vor zwei Tagen hat Thorsten wieder ein interessantes Jobangebot bekommen, als er auf einer Jobbörse zugegen war.",Thorsten hat einmal ein interessantes Jobangebot bekommen.,entailment,11,ai,bi,2,neutral,once,False,,,entailment,0.7825,0.0713,0.1462
11_ai_bi2_twice_neu,Vor zwei Monaten hat Thorsten Linda ein interessantes Jobangebot offeriert.,"Vor zwei Tagen hat Thorsten wieder ein interessantes Jobangebot bekommen, als er auf einer Jobbörse zugegen war.",Thorsten hat mindestens zweimal ein interessantes Jobangebot bekommen.,unknown,11,ai,bi,2,neutral,twice,False,,,entailment,0.9354,0.0036,0.061
11_ai_bi2_cannot_say_neu,Vor zwei Monaten hat Thorsten Linda ein interessantes Jobangebot offeriert.,"Vor zwei Tagen hat Thorsten wieder ein interessantes Jobangebot bekommen, als er auf einer Jobbörse zugegen war.","Es lässt sich nicht sagen, wie oft Thorsten ein interessantes Jobangebot bekommen hat.",unknown,11,ai,bi,2,neutral,cannot say,False,,,neutral,0.1212,0.5961,0.2827
11_ai_bii1_once_neu,Vor zwei Monaten hat Thorsten Linda ein interessantes Jobangebot offeriert.,"Vor zwei Tagen hat Linda wieder ein interessantes Jobangebot gemacht, als sie auf einer Jobbörse zugegen war.",Linda hat einmal ein interessantes Jobangebot gemacht.,entailment,11,ai,bii,1,neutral,once,False,,,entailment,0.5938,0.2409,0.1653
11_ai_bii1_twice_neu,Vor zwei Monaten hat Thorsten Linda ein interessantes Jobangebot offeriert.,"Vor zwei Tagen hat Linda wieder ein interessantes Jobangebot gemacht, als sie auf einer Jobbörse zugegen war.",Linda hat mindestens zweimal ein interessantes Jobangebot gemacht.,unknown,11,ai,bii,1,neutral,twice,False,,,entailment,0.934,0.0036,0.0624
11_ai_bii1_cannot_say_neu,Vor zwei Monaten hat Thorsten Linda ein interessantes Jobangebot offeriert.,"Vor zwei Tagen hat Linda wieder ein interessantes Jobangebot gemacht, als sie auf einer Jobbörse zugegen war.","Es lässt sich nicht sagen, wie oft Linda ein interessantes Jobangebot gemacht hat.",unknown,11,ai,bii,1,neutral,cannot say,False,,,neutral,0.1112,0.6257,0.263
11_ai_bii2_once_pos,Vor zwei Monaten hat Thorsten Linda ein interessantes Jobangebot offeriert.,"Vor zwei Tagen hat Thorsten wieder ein interessantes Jobangebot gemacht, als er auf einer Jobbörse zugegen war.",Thorsten hat einmal ein interessantes Jobangebot gemacht.,unknown,11,ai,bii,2,positive,once,False,,,entailment,0.6833,0.1351,0.1816
11_ai_bii2_twice_pos,Vor zwei Monaten hat Thorsten Linda ein interessantes Jobangebot offeriert.,"Vor zwei Tagen hat Thorsten wieder ein interessantes Jobangebot gemacht, als er auf einer Jobbörse zugegen war.",Thorsten hat mindestens zweimal ein interessantes Jobangebot gemacht.,entailment,11,ai,bii,2,positive,twice,False,,,entailment,0.9215,0.005,0.0735
11_ai_bii2_cannot_say_pos,Vor zwei Monaten hat Thorsten Linda ein interessantes Jobangebot offeriert.,"Vor zwei Tagen hat Thorsten wieder ein interessantes Jobangebot gemacht, als er auf einer Jobbörse zugegen war.","Es lässt sich nicht sagen, wie oft Thorsten ein interessantes Jobangebot gemacht hat.",unknown,11,ai,bii,2,positive,cannot say,False,,,neutral,0.1078,0.5916,0.3006
11_aii_bi1_once_neu,Vor zwei Monaten hat Linda Thorsten ein interessantes Jobangebot offeriert.,"Vor zwei Tagen hat Linda wieder ein interessantes Jobangebot bekommen, als sie auf einer Jobbörse zugegen war.",Linda hat einmal ein interessantes Jobangebot bekommen.,entailment,11,aii,bi,1,neutral,once,False,,,entailment,0.7541,0.0968,0.1491
11_aii_bi1_twice_neu,Vor zwei Monaten hat Linda Thorsten ein interessantes Jobangebot offeriert.,"Vor zwei Tagen hat Linda wieder ein interessantes Jobangebot bekommen, als sie auf einer Jobbörse zugegen war.",Linda hat mindestens zweimal ein interessantes Jobangebot bekommen.,unknown,11,aii,bi,1,neutral,twice,False,,,entailment,0.9455,0.0015,0.0531
11_aii_bi1_cannot_say_neu,Vor zwei Monaten hat Linda Thorsten ein interessantes Jobangebot offeriert.,"Vor zwei Tagen hat Linda wieder ein interessantes Jobangebot bekommen, als sie auf einer Jobbörse zugegen war.","Es lässt sich nicht sagen, wie oft Linda ein interessantes Jobangebot bekommen hat.",unknown,11,aii,bi,1,neutral,cannot say,False,,,neutral,0.1205,0.6304,0.2491
11_aii_bi2_once_pos,Vor zwei Monaten hat Linda Thorsten ein interessantes Jobangebot offeriert.,"Vor zwei Tagen hat Thorsten wieder ein interessantes Jobangebot bekommen, als er auf einer Jobbörse zugegen war.",Thorsten hat einmal ein interessantes Jobangebot bekommen.,unknown,11,aii,bi,2,positive,once,False,,,entailment,0.7034,0.1399,0.1567
11_aii_bi2_twice_pos,Vor zwei Monaten hat Linda Thorsten ein interessantes Jobangebot offeriert.,"Vor zwei Tagen hat Thorsten wieder ein interessantes Jobangebot bekommen, als er auf einer Jobbörse zugegen war.",Thorsten hat mindestens zweimal ein interessantes Jobangebot bekommen.,entailment,11,aii,bi,2,positive,twice,False,,,entailment,0.9278,0.0036,0.0686
11_aii_bi2_cannot_say_pos,Vor zwei Monaten hat Linda Thorsten ein interessantes Jobangebot offeriert.,"Vor zwei Tagen hat Thorsten wieder ein interessantes Jobangebot bekommen, als er auf einer Jobbörse zugegen war.","Es lässt sich nicht sagen, wie oft Thorsten ein interessantes Jobangebot bekommen hat.",unknown,11,aii,bi,2,positive,cannot say,False,,,neutral,0.1123,0.6018,0.286
11_aii_bii1_once_pos,Vor zwei Monaten hat Linda Thorsten ein interessantes Jobangebot offeriert.,"Vor zwei Tagen hat Linda wieder ein interessantes Jobangebot gemacht, als sie auf einer Jobbörse zugegen war.",Linda hat einmal ein interessantes Jobangebot gemacht.,unknown,11,aii,bii,1,positive,once,False,,,entailment,0.6855,0.1528,0.1617
11_aii_bii1_twice_pos,Vor zwei Monaten hat Linda Thorsten ein interessantes Jobangebot offeriert.,"Vor zwei Tagen hat Linda wieder ein interessantes Jobangebot gemacht, als sie auf einer Jobbörse zugegen war.",Linda hat mindestens zweimal ein interessantes Jobangebot gemacht.,entailment,11,aii,bii,1,positive,twice,False,,,entailment,0.9278,0.0025,0.0698
11_aii_bii1_cannot_say_pos,Vor zwei Monaten hat Linda Thorsten ein interessantes Jobangebot offeriert.,"Vor zwei Tagen hat Linda wieder ein interessantes Jobangebot gemacht, als sie auf einer Jobbörse zugegen war.","Es lässt sich nicht sagen, wie oft Linda ein interessantes Jobangebot gemacht hat.",unknown,11,aii,bii,1,positive,cannot say,False,,,neutral,0.1152,0.6129,0.2719
11_aii_bii2_once_neu,Vor zwei Monaten hat Linda Thorsten ein interessantes Jobangebot offeriert.,"Vor zwei Tagen hat Thorsten wieder ein interessantes Jobangebot gemacht, als er auf einer Jobbörse zugegen war.",Thorsten hat einmal ein interessantes Jobangebot gemacht.,entailment,11,aii,bii,2,neutral,once,False,,,entailment,0.6426,0.1766,0.1808
11_aii_bii2_twice_neu,Vor zwei Monaten hat Linda Thorsten ein interessantes Jobangebot offeriert.,"Vor zwei Tagen hat Thorsten wieder ein interessantes Jobangebot gemacht, als er auf einer Jobbörse zugegen war.",Thorsten hat mindestens zweimal ein interessantes Jobangebot gemacht.,unknown,11,aii,bii,2,neutral,twice,False,,,entailment,0.9085,0.0045,0.087
11_aii_bii2_cannot_say_neu,Vor zwei Monaten hat Linda Thorsten ein interessantes Jobangebot offeriert.,"Vor zwei Tagen hat Thorsten wieder ein interessantes Jobangebot gemacht, als er auf einer Jobbörse zugegen war.","Es lässt sich nicht sagen, wie oft Thorsten ein interessantes Jobangebot gemacht hat.",unknown,11,aii,bii,2,neutral,cannot say,False,,,neutral,0.1078,0.5916,0.3006
12_ai_bi1_once_pos,Vor drei Jahren hat Thorsten für Timo einen großen Kleiderschrank gekauft.,"Vor einer Woche hat Timo wieder einen großen Kleiderschrank bekommen, weil er mit einem Freund ausgemistet hat.",Timo hat einmal einen großen Kleiderschrank bekommen.,unknown,12,ai,bi,1,positive,once,False,,,entailment,0.8727,0.0235,0.1038
12_ai_bi1_twice_pos,Vor drei Jahren hat Thorsten für Timo einen großen Kleiderschrank gekauft.,"Vor einer Woche hat Timo wieder einen großen Kleiderschrank bekommen, weil er mit einem Freund ausgemistet hat.",Timo hat mindestens zweimal einen großen Kleiderschrank bekommen.,entailment,12,ai,bi,1,positive,twice,False,,,entailment,0.8557,0.0197,0.1246
12_ai_bi1_cannot_say_pos,Vor drei Jahren hat Thorsten für Timo einen großen Kleiderschrank gekauft.,"Vor einer Woche hat Timo wieder einen großen Kleiderschrank bekommen, weil er mit einem Freund ausgemistet hat.","Es lässt sich nicht sagen, wie oft Timo einen großen Kleiderschrank bekommen hat.",unknown,12,ai,bi,1,positive,cannot say,False,,,neutral,0.1721,0.6008,0.2271
12_ai_bi2_once_neu,Vor drei Jahren hat Thorsten für Timo einen großen Kleiderschrank gekauft.,"Vor einer Woche hat Thorsten wieder einen großen Kleiderschrank bekommen, weil er mit einem Freund ausgemistet hat.",Thorsten hat einmal einen großen Kleiderschrank bekommen.,entailment,12,ai,bi,2,neutral,once,False,,,entailment,0.8936,0.0079,0.0985
12_ai_bi2_twice_neu,Vor drei Jahren hat Thorsten für Timo einen großen Kleiderschrank gekauft.,"Vor einer Woche hat Thorsten wieder einen großen Kleiderschrank bekommen, weil er mit einem Freund ausgemistet hat.",Thorsten hat mindestens zweimal einen großen Kleiderschrank bekommen.,unknown,12,ai,bi,2,neutral,twice,False,,,entailment,0.9019,0.0055,0.0926
12_ai_bi2_cannot_say_neu,Vor drei Jahren hat Thorsten für Timo einen großen Kleiderschrank gekauft.,"Vor einer Woche hat Thorsten wieder einen großen Kleiderschrank bekommen, weil er mit einem Freund ausgemistet hat.","Es lässt sich nicht sagen, wie oft Thorsten einen großen Kleiderschrank bekommen hat.",unknown,12,ai,bi,2,neutral,cannot say,False,,,neutral,0.1554,0.6225,0.222
12_ai_bii1_once_neu,Vor drei Jahren hat Thorsten für Timo einen großen Kleiderschrank gekauft.,"Vor einer Woche hat Timo wieder einen großen Kleiderschrank weggegeben, weil er mit einem Freund ausgemistet hat.",Timo hat einmal einen großen Kleiderschrank weggegeben.,entailment,12,ai,bii,1,neutral,once,False,,,entailment,0.7561,0.1054,0.1385
12_ai_bii1_twice_neu,Vor drei Jahren hat Thorsten für Timo einen großen Kleiderschrank gekauft.,"Vor einer Woche hat Timo wieder einen großen Kleiderschrank weggegeben, weil er mit einem Freund ausgemistet hat.",Timo hat mindestens zweimal einen großen Kleiderschrank weggegeben.,unknown,12,ai,bii,1,neutral,twice,False,,,entailment,0.4285,0.3534,0.2181
12_ai_bii1_cannot_say_neu,Vor drei Jahren hat Thorsten für Timo einen großen Kleiderschrank gekauft.,"Vor einer Woche hat Timo wieder einen großen Kleiderschrank weggegeben, weil er mit einem Freund ausgemistet hat.","Es lässt sich nicht sagen, wie oft Timo einen großen Kleiderschrank weggegeben hat.",unknown,12,ai,bii,1,neutral,cannot say,False,,,neutral,0.147,0.6668,0.1861
12_ai_bii2_once_pos,Vor drei Jahren hat Thorsten für Timo einen großen Kleiderschrank gekauft.,"Vor einer Woche hat Thorsten wieder einen großen Kleiderschrank weggegeben, weil er mit einem Freund ausgemistet hat.",Thorsten hat einmal einen großen Kleiderschrank weggegeben.,unknown,12,ai,bii,2,positive,once,False,,,entailment,0.6668,0.0558,0.2774
12_ai_bii2_twice_pos,Vor drei Jahren hat Thorsten für Timo einen großen Kleiderschrank gekauft.,"Vor einer Woche hat Thorsten wieder einen großen Kleiderschrank weggegeben, weil er mit einem Freund ausgemistet hat.",Thorsten hat mindestens zweimal einen großen Kleiderschrank weggegeben.,entailment,12,ai,bii,2,positive,twice,False,,,entailment,0.5107,0.2338,0.2555
12_ai_bii2_cannot_say_pos,Vor drei Jahren hat Thorsten für Timo einen großen Kleiderschrank gekauft.,"Vor einer Woche hat Thorsten wieder einen großen Kleiderschrank weggegeben, weil er mit einem Freund ausgemistet hat.","Es lässt sich nicht sagen, wie oft Thorsten einen großen Kleiderschrank weggegeben hat.",unknown,12,ai,bii,2,positive,cannot say,False,,,neutral,0.141,0.6822,0.1769
12_aii_bi1_once_neu,Vor drei Jahren hat Timo für Thorsten einen großen Kleiderschrank gekauft.,"Vor einer Woche hat Timo wieder einen großen Kleiderschrank bekommen, weil er mit einem Freund ausgemistet hat.",Timo hat einmal einen großen Kleiderschrank bekommen.,entailment,12,aii,bi,1,neutral,once,False,,,entailment,0.8941,0.0089,0.097
12_aii_bi1_twice_neu,Vor drei Jahren hat Timo für Thorsten einen großen Kleiderschrank gekauft.,"Vor einer Woche hat Timo wieder einen großen Kleiderschrank bekommen, weil er mit einem Freund ausgemistet hat.",Timo hat mindestens zweimal einen großen Kleiderschrank bekommen.,unknown,12,aii,bi,1,neutral,twice,False,,,entailment,0.9094,0.0043,0.0863
12_aii_bi1_cannot_say_neu,Vor drei Jahren hat Timo für Thorsten einen großen Kleiderschrank gekauft.,"Vor einer Woche hat Timo wieder einen großen Kleiderschrank bekommen, weil er mit einem Freund ausgemistet hat.","Es lässt sich nicht sagen, wie oft Timo einen großen Kleiderschrank bekommen hat.",unknown,12,aii,bi,1,neutral,cannot say,False,,,neutral,0.1623,0.6243,0.2134
12_aii_bi2_once_pos,Vor drei Jahren hat Timo für Thorsten einen großen Kleiderschrank gekauft.,"Vor einer Woche hat Thorsten wieder einen großen Kleiderschrank bekommen, weil er mit einem Freund ausgemistet hat.",Thorsten hat einmal einen großen Kleiderschrank bekommen.,unknown,12,aii,bi,2,positive,once,False,,,entailment,0.8641,0.0236,0.1123
12_aii_bi2_twice_pos,Vor drei Jahren hat Timo für Thorsten einen großen Kleiderschrank gekauft.,"Vor einer Woche hat Thorsten wieder einen großen Kleiderschrank bekommen, weil er mit einem Freund ausgemistet hat.",Thorsten hat mindestens zweimal einen großen Kleiderschrank bekommen.,entailment,12,aii,bi,2,positive,twice,False,,,entailment,0.8471,0.0253,0.1276
12_aii_bi2_cannot_say_pos,Vor drei Jahren hat Timo für Thorsten einen großen Kleiderschrank gekauft.,"Vor einer Woche hat Thorsten wieder einen großen Kleiderschrank bekommen, weil er mit einem Freund ausgemistet hat.","Es lässt sich nicht sagen, wie oft Thorsten einen großen Kleiderschrank bekommen hat.",unknown,12,aii,bi,2,positive,cannot say,False,,,neutral,0.1551,0.6208,0.224
12_aii_bii1_once_pos,Vor drei Jahren hat Timo für Thorsten einen großen Kleiderschrank gekauft.,"Vor einer Woche hat Timo wieder einen großen Kleiderschrank weggegeben, weil er mit einem Freund ausgemistet hat.",Timo hat einmal einen großen Kleiderschrank weggegeben.,unknown,12,aii,bii,1,positive,once,False,,,entailment,0.7371,0.0919,0.171
12_aii_bii1_twice_pos,Vor drei Jahren hat Timo für Thorsten einen großen Kleiderschrank gekauft.,"Vor einer Woche hat Timo wieder einen großen Kleiderschrank weggegeben, weil er mit einem Freund ausgemistet hat.",Timo hat mindestens zweimal einen großen Kleiderschrank weggegeben.,entailment,12,aii,bii,1,positive,twice,False,,,entailment,0.5843,0.2081,0.2077
12_aii_bii1_cannot_say_pos,Vor drei Jahren hat Timo für Thorsten einen großen Kleiderschrank gekauft.,"Vor einer Woche hat Timo wieder einen großen Kleiderschrank weggegeben, weil er mit einem Freund ausgemistet hat.","Es lässt sich nicht sagen, wie oft Timo einen großen Kleiderschrank weggegeben hat.",unknown,12,aii,bii,1,positive,cannot say,False,,,neutral,0.1454,0.6718,0.1828
12_aii_bii2_once_neu,Vor drei Jahren hat Timo für Thorsten einen großen Kleiderschrank gekauft.,"Vor einer Woche hat Thorsten wieder einen großen Kleiderschrank weggegeben, weil er mit einem Freund ausgemistet hat.",Thorsten hat einmal einen großen Kleiderschrank weggegeben.,entailment,12,aii,bii,2,neutral,once,False,,,entailment,0.7026,0.0961,0.2013
12_aii_bii2_twice_neu,Vor drei Jahren hat Timo für Thorsten einen großen Kleiderschrank gekauft.,"Vor einer Woche hat Thorsten wieder einen großen Kleiderschrank weggegeben, weil er mit einem Freund ausgemistet hat.",Thorsten hat mindestens zweimal einen großen Kleiderschrank weggegeben.,unknown,12,aii,bii,2,neutral,twice,False,,,neutral,0.3881,0.395,0.217
12_aii_bii2_cannot_say_neu,Vor drei Jahren hat Timo für Thorsten einen großen Kleiderschrank gekauft.,"Vor einer Woche hat Thorsten wieder einen großen Kleiderschrank weggegeben, weil er mit einem Freund ausgemistet hat.","Es lässt sich nicht sagen, wie oft Thorsten einen großen Kleiderschrank weggegeben hat.",unknown,12,aii,bii,2,neutral,cannot say,False,,,neutral,0.1318,0.6869,0.1813
13_ai_bi1_once_pos,Letzte Woche hat Thorsten Greta mit einem spannenden Auftrag betreut.,"Vor zwei Tagen hat Greta wieder einen spannenden Auftrag ausgeführt, als sie an einer Konferenz teilgenommen hat.",Greta hat einmal einen spannenden Auftrag ausgeführt.,unknown,13,ai,bi,1,positive,once,False,,,entailment,0.5702,0.2736,0.1562
13_ai_bi1_twice_pos,Letzte Woche hat Thorsten Greta mit einem spannenden Auftrag betreut.,"Vor zwei Tagen hat Greta wieder einen spannenden Auftrag ausgeführt, als sie an einer Konferenz teilgenommen hat.",Greta hat mindestens zweimal einen spannenden Auftrag ausgeführt.,entailment,13,ai,bi,1,positive,twice,False,,,entailment,0.8464,0.0334,0.1202
13_ai_bi1_cannot_say_pos,Letzte Woche hat Thorsten Greta mit einem spannenden Auftrag betreut.,"Vor zwei Tagen hat Greta wieder einen spannenden Auftrag ausgeführt, als sie an einer Konferenz teilgenommen hat.","Es lässt sich nicht sagen, wie oft Greta einen spannenden Auftrag ausgeführt hat.",unknown,13,ai,bi,1,positive,cannot say,False,,,neutral,0.1066,0.6206,0.2727
13_ai_bi2_once_neu,Letzte Woche hat Thorsten Greta mit einem spannenden Auftrag betreut.,"Vor zwei Tagen hat Thorsten wieder einen spannenden Auftrag ausgeführt, als er an einer Konferenz teilgenommen hat.",Thorsten hat einmal einen spannenden Auftrag ausgeführt.,entailment,13,ai,bi,2,neutral,once,False,,,entailment,0.5914,0.2145,0.1941
13_ai_bi2_twice_neu,Letzte Woche hat Thorsten Greta mit einem spannenden Auftrag betreut.,"Vor zwei Tagen hat Thorsten wieder einen spannenden Auftrag ausgeführt, als er an einer Konferenz teilgenommen hat.",Thorsten hat mindestens zweimal einen spannenden Auftrag ausgeführt.,unknown,13,ai,bi,2,neutral,twice,False,,,entailment,0.8273,0.042,0.1307
13_ai_bi2_cannot_say_neu,Letzte Woche hat Thorsten Greta mit einem spannenden Auftrag betreut.,"Vor zwei Tagen hat Thorsten wieder einen spannenden Auftrag ausgeführt, als er an einer Konferenz teilgenommen hat.","Es lässt sich nicht sagen, wie oft Thorsten einen spannenden Auftrag ausgeführt hat.",unknown,13,ai,bi,2,neutral,cannot say,False,,,neutral,0.1024,0.6229,0.2748
13_ai_bii1_once_neu,Letzte Woche hat Thorsten Greta mit einem spannenden Auftrag betreut.,"Vor zwei Tagen hat Greta wieder einen spannenden Auftrag vergeben, als sie an einer Konferenz teilgenommen hat.",Greta hat einmal einen spannenden Auftrag vergeben.,entailment,13,ai,bii,1,neutral,once,False,,,entailment,0.6062,0.2662,0.1276
13_ai_bii1_twice_neu,Letzte Woche hat Thorsten Greta mit einem spannenden Auftrag betreut.,"Vor zwei Tagen hat Greta wieder einen spannenden Auftrag vergeben, als sie an einer Konferenz teilgenommen hat.",Greta hat mindestens zweimal einen spannenden Auftrag vergeben.,unknown,13,ai,bii,1,neutral,twice,False,,,entailment,0.8687,0.0347,0.0966
13_ai_bii1_cannot_say_neu,Letzte Woche hat Thorsten Greta mit einem spannenden Auftrag betreut.,"Vor zwei Tagen hat Greta wieder einen spannenden Auftrag vergeben, als sie an einer Konferenz teilgenommen hat.","Es lässt sich nicht sagen, wie oft Greta einen spannenden Auftrag vergeben hat.",unknown,13,ai,bii,1,neutral,cannot say,False,,,neutral,0.1022,0.6577,0.2401
13_ai_bii2_once_pos,Letzte Woche hat Thorsten Greta mit einem spannenden Auftrag betreut.,"Vor zwei Tagen hat Thorsten wieder einen spannenden Auftrag vergeben, als er an einer Konferenz teilgenommen hat.",Thorsten hat einmal einen spannenden Auftrag vergeben.,unknown,13,ai,bii,2,positive,once,False,,,entailment,0.6257,0.2063,0.1679
13_ai_bii2_twice_pos,Letzte Woche hat Thorsten Greta mit einem spannenden Auftrag betreut.,"Vor zwei Tagen hat Thorsten wieder einen spannenden Auftrag vergeben, als er an einer Konferenz teilgenommen hat.",Thorsten hat mindestens zweimal einen spannenden Auftrag vergeben.,entailment,13,ai,bii,2,positive,twice,False,,,entailment,0.8509,0.0303,0.1187
13_ai_bii2_cannot_say_pos,Letzte Woche hat Thorsten Greta mit einem spannenden Auftrag betreut.,"Vor zwei Tagen hat Thorsten wieder einen spannenden Auftrag vergeben, als er an einer Konferenz teilgenommen hat.","Es lässt sich nicht sagen, wie oft Thorsten einen spannenden Auftrag vergeben hat.",unknown,13,ai,bii,2,positive,cannot say,False,,,neutral,0.0961,0.6477,0.2562
13_aii_bi1_once_neu,Letzte Woche hat Greta Thorsten mit einem spannenden Auftrag betreut.,"Vor zwei Tagen hat Greta wieder einen spannenden Auftrag ausgeführt, als sie an einer Konferenz teilgenommen hat.",Greta hat einmal einen spannenden Auftrag ausgeführt.,entailment,13,aii,bi,1,neutral,once,False,,,entailment,0.5885,0.2344,0.1772
13_aii_bi1_twice_neu,Letzte Woche hat Greta Thorsten mit einem spannenden Auftrag betreut.,"Vor zwei Tagen hat Greta wieder einen spannenden Auftrag ausgeführt, als sie an einer Konferenz teilgenommen hat.",Greta hat mindestens zweimal einen spannenden Auftrag ausgeführt.,unknown,13,aii,bi,1,neutral,twice,False,,,entailment,0.8652,0.0213,0.1135
13_aii_bi1_cannot_say_neu,Letzte Woche hat Greta Thorsten mit einem spannenden Auftrag betreut.,"Vor zwei Tagen hat Greta wieder einen spannenden Auftrag ausgeführt, als sie an einer Konferenz teilgenommen hat.","Es lässt sich nicht sagen, wie oft Greta einen spannenden Auftrag ausgeführt hat.",unknown,13,aii,bi,1,neutral,cannot say,False,,,neutral,0.1071,0.6288,0.2641
13_aii_bi2_once_pos,Letzte Woche hat Greta Thorsten mit einem spannenden Auftrag betreut.,"Vor zwei Tagen hat Thorsten wieder einen spannenden Auftrag ausgeführt, als er an einer Konferenz teilgenommen hat.",Thorsten hat einmal einen spannenden Auftrag ausgeführt.,unknown,13,aii,bi,2,positive,once,False,,,entailment,0.5742,0.2287,0.1971
13_aii_bi2_twice_pos,Letzte Woche hat Greta Thorsten mit einem spannenden Auftrag betreut.,"Vor zwei Tagen hat Thorsten wieder einen spannenden Auftrag ausgeführt, als er an einer Konferenz teilgenommen hat.",Thorsten hat mindestens zweimal einen spannenden Auftrag ausgeführt.,entailment,13,aii,bi,2,positive,twice,False,,,entailment,0.8092,0.0593,0.1315
13_aii_bi2_cannot_say_pos,Letzte Woche hat Greta Thorsten mit einem spannenden Auftrag betreut.,"Vor zwei Tagen hat Thorsten wieder einen spannenden Auftrag ausgeführt, als er an einer Konferenz teilgenommen hat.","Es lässt sich nicht sagen, wie oft Thorsten einen spannenden Auftrag ausgeführt hat.",unknown,13,aii,bi,2,positive,cannot say,False,,,neutral,0.0967,0.6089,0.2945
13_aii_bii1_once_pos,Letzte Woche hat Greta Thorsten mit einem spannenden Auftrag betreut.,"Vor zwei Tagen hat Greta wieder einen spannenden Auftrag vergeben, als sie an einer Konferenz teilgenommen hat.",Greta hat einmal einen spannenden Auftrag vergeben.,unknown,13,aii,bii,1,positive,once,False,,,entailment,0.6086,0.2437,0.1477
13_aii_bii1_twice_pos,Letzte Woche hat Greta Thorsten mit einem spannenden Auftrag betreut.,"Vor zwei Tagen hat Greta wieder einen spannenden Auftrag vergeben, als sie an einer Konferenz teilgenommen hat.",Greta hat mindestens zweimal einen spannenden Auftrag vergeben.,entailment,13,aii,bii,1,positive,twice,False,,,entailment,0.8876,0.0194,0.0929
13_aii_bii1_cannot_say_pos,Letzte Woche hat Greta Thorsten mit einem spannenden Auftrag betreut.,"Vor zwei Tagen hat Greta wieder einen spannenden Auftrag vergeben, als sie an einer Konferenz teilgenommen hat.","Es lässt sich nicht sagen, wie oft Greta einen spannenden Auftrag vergeben hat.",unknown,13,aii,bii,1,positive,cannot say,False,,,neutral,0.1023,0.6575,0.2402
13_aii_bii2_once_neu,Letzte Woche hat Greta Thorsten mit einem spannenden Auftrag betreut.,"Vor zwei Tagen hat Thorsten wieder einen spannenden Auftrag vergeben, als er an einer Konferenz teilgenommen hat.",Thorsten hat einmal einen spannenden Auftrag vergeben.,entailment,13,aii,bii,2,neutral,once,False,,,entailment,0.5995,0.241,0.1595
13_aii_bii2_twice_neu,Letzte Woche hat Greta Thorsten mit einem spannenden Auftrag betreut.,"Vor zwei Tagen hat Thorsten wieder einen spannenden Auftrag vergeben, als er an einer Konferenz teilgenommen hat.",Thorsten hat mindestens zweimal einen spannenden Auftrag vergeben.,unknown,13,aii,bii,2,neutral,twice,False,,,entailment,0.8252,0.0532,0.1217
13_aii_bii2_cannot_say_neu,Letzte Woche hat Greta Thorsten mit einem spannenden Auftrag betreut.,"Vor zwei Tagen hat Thorsten wieder einen spannenden Auftrag vergeben, als er an einer Konferenz teilgenommen hat.","Es lässt sich nicht sagen, wie oft Thorsten einen spannenden Auftrag vergeben hat.",unknown,13,aii,bii,2,neutral,cannot say,False,,,neutral,0.0926,0.6477,0.2598
14_ai_bi1_once_pos,Letzten Monat hat Thorsten Sabine ein selbstgemaltes Bild gezeigt.,"Vor zwei Wochen hat Sabine wieder ein selbstgemaltes Bild gesehen, als sie mit einer Künstlerin verabredet war.",Sabine hat einmal ein selbstgemaltes Bild gesehen.,unknown,14,ai,bi,1,positive,once,False,,,entailment,0.4724,0.3622,0.1653
14_ai_bi1_twice_pos,Letzten Monat hat Thorsten Sabine ein selbstgemaltes Bild gezeigt.,"Vor zwei Wochen hat Sabine wieder ein selbstgemaltes Bild gesehen, als sie mit einer Künstlerin verabredet war.",Sabine hat mindestens zweimal ein selbstgemaltes Bild gesehen.,entailment,14,ai,bi,1,positive,twice,False,,,entailment,0.7685,0.1362,0.0953
14_ai_bi1_cannot_say_pos,Letzten Monat hat Thorsten Sabine ein selbstgemaltes Bild gezeigt.,"Vor zwei Wochen hat Sabine wieder ein selbstgemaltes Bild gesehen, als sie mit einer Künstlerin verabredet war.","Es lässt sich nicht sagen, wie oft Sabine ein selbstgemaltes Bild gesehen hat.",unknown,14,ai,bi,1,positive,cannot say,False,,,neutral,0.1146,0.6144,0.2709
14_ai_bi2_once_neu,Letzten Monat hat Thorsten Sabine ein selbstgemaltes Bild gezeigt.,"Vor zwei Wochen hat Thorsten wieder ein selbstgemaltes Bild gesehen, als er mit einer Künstlerin verabredet war.",Thorsten hat einmal ein selbstgemaltes Bild gesehen.,entailment,14,ai,bi,2,neutral,once,False,,,entailment,0.4174,0.3632,0.2194
14_ai_bi2_twice_neu,Letzten Monat hat Thorsten Sabine ein selbstgemaltes Bild gezeigt.,"Vor zwei Wochen hat Thorsten wieder ein selbstgemaltes Bild gesehen, als er mit einer Künstlerin verabredet war.",Thorsten hat mindestens zweimal ein selbstgemaltes Bild gesehen.,unknown,14,ai,bi,2,neutral,twice,False,,,entailment,0.7707,0.1097,0.1196
14_ai_bi2_cannot_say_neu,Letzten Monat hat Thorsten Sabine ein selbstgemaltes Bild gezeigt.,"Vor zwei Wochen hat Thorsten wieder ein selbstgemaltes Bild gesehen, als er mit einer Künstlerin verabredet war.","Es lässt sich nicht sagen, wie oft Thorsten ein selbstgemaltes Bild gesehen hat.",unknown,14,ai,bi,2,neutral,cannot say,False,,,neutral,0.1115,0.6361,0.2524
14_ai_bii1_once_neu,Letzten Monat hat Thorsten Sabine ein selbstgemaltes Bild gezeigt.,"Vor zwei Wochen hat Sabine wieder ein selbstgemaltes Bild präsentiert, als sie mit einer Künstlerin verabredet war.",Sabine hat einmal ein selbstgemaltes Bild präsentiert.,entailment,14,ai,bii,1,neutral,once,False,,,entailment,0.6945,0.1878,0.1177
14_ai_bii1_twice_neu,Letzten Monat hat Thorsten Sabine ein selbstgemaltes Bild gezeigt.,"Vor zwei Wochen hat Sabine wieder ein selbstgemaltes Bild präsentiert, als sie mit einer Künstlerin verabredet war.",Sabine hat mindestens zweimal ein selbstgemaltes Bild präsentiert.,unknown,14,ai,bii,1,neutral,twice,False,,,entailment,0.8987,0.0115,0.0898
14_ai_bii1_cannot_say_neu,Letzten Monat hat Thorsten Sabine ein selbstgemaltes Bild gezeigt.,"Vor zwei Wochen hat Sabine wieder ein selbstgemaltes Bild präsentiert, als sie mit einer Künstlerin verabredet war.","Es lässt sich nicht sagen, wie oft Sabine ein selbstgemaltes Bild präsentiert hat.",unknown,14,ai,bii,1,neutral,cannot say,False,,,neutral,0.108,0.6464,0.2455
14_ai_bii2_once_pos,Letzten Monat hat Thorsten Sabine ein selbstgemaltes Bild gezeigt.,"Vor zwei Wochen hat Thorsten wieder ein selbstgemaltes Bild präsentiert, als er mit einer Künstlerin verabredet war.",Thorsten hat einmal ein selbstgemaltes Bild präsentiert.,unknown,14,ai,bii,2,positive,once,False,,,entailment,0.7605,0.0969,0.1425
14_ai_bii2_twice_pos,Letzten Monat hat Thorsten Sabine ein selbstgemaltes Bild gezeigt.,"Vor zwei Wochen hat Thorsten wieder ein selbstgemaltes Bild präsentiert, als er mit einer Künstlerin verabredet war.",Thorsten hat mindestens zweimal ein selbstgemaltes Bild präsentiert.,entailment,14,ai,bii,2,positive,twice,False,,,entailment,0.8992,0.0063,0.0945
14_ai_bii2_cannot_say_pos,Letzten Monat hat Thorsten Sabine ein selbstgemaltes Bild gezeigt.,"Vor zwei Wochen hat Thorsten wieder ein selbstgemaltes Bild präsentiert, als er mit einer Künstlerin verabredet war.","Es lässt sich nicht sagen, wie oft Thorsten ein selbstgemaltes Bild präsentiert hat.",unknown,14,ai,bii,2,positive,cannot say,False,,,neutral,0.1003,0.6505,0.2493
14_aii_bi1_once_neu,Letzten Monat hat Sabine Thorsten ein selbstgemaltes Bild gezeigt.,"Vor zwei Wochen hat Sabine wieder ein selbstgemaltes Bild gesehen, als sie mit einer Künstlerin verabredet war.",Sabine hat einmal ein selbstgemaltes Bild gesehen.,entailment,14,aii,bi,1,neutral,once,False,,,neutral,0.3879,0.4116,0.2005
14_aii_bi1_twice_neu,Letzten Monat hat Sabine Thorsten ein selbstgemaltes Bild gezeigt.,"Vor zwei Wochen hat Sabine wieder ein selbstgemaltes Bild gesehen, als sie mit einer Künstlerin verabredet war.",Sabine hat mindestens zweimal ein selbstgemaltes Bild gesehen.,unknown,14,aii,bi,1,neutral,twice,False,,,entailment,0.7654,0.1356,0.099
14_aii_bi1_cannot_say_neu,Letzten Monat hat Sabine Thorsten ein selbstgemaltes Bild gezeigt.,"Vor zwei Wochen hat Sabine wieder ein selbstgemaltes Bild gesehen, als sie mit einer Künstlerin verabredet war.","Es lässt sich nicht sagen, wie oft Sabine ein selbstgemaltes Bild gesehen hat.",unknown,14,aii,bi,1,neutral,cannot say,False,,,neutral,0.1204,0.6293,0.2503
14_aii_bi2_once_pos,Letzten Monat hat Sabine Thorsten ein selbstgemaltes Bild gezeigt.,"Vor zwei Wochen hat Thorsten wieder ein selbstgemaltes Bild gesehen, als er mit einer Künstlerin verabredet war.",Thorsten hat einmal ein selbstgemaltes Bild gesehen.,unknown,14,aii,bi,2,positive,once,False,,,entailment,0.4424,0.3357,0.2218
14_aii_bi2_twice_pos,Letzten Monat hat Sabine Thorsten ein selbstgemaltes Bild gezeigt.,"Vor zwei Wochen hat Thorsten wieder ein selbstgemaltes Bild gesehen, als er mit einer Künstlerin verabredet war.",Thorsten hat mindestens zweimal ein selbstgemaltes Bild gesehen.,entailment,14,aii,bi,2,positive,twice,False,,,entailment,0.753,0.1199,0.1271
14_aii_bi2_cannot_say_pos,Letzten Monat hat Sabine Thorsten ein selbstgemaltes Bild gezeigt.,"Vor zwei Wochen hat Thorsten wieder ein selbstgemaltes Bild gesehen, als er mit einer Künstlerin verabredet war.","Es lässt sich nicht sagen, wie oft Thorsten ein selbstgemaltes Bild gesehen hat.",unknown,14,aii,bi,2,positive,cannot say,False,,,neutral,0.1043,0.6036,0.2922
14_aii_bii1_once_pos,Letzten Monat hat Sabine Thorsten ein selbstgemaltes Bild gezeigt.,"Vor zwei Wochen hat Sabine wieder ein selbstgemaltes Bild präsentiert, als sie mit einer Künstlerin verabredet war.",Sabine hat einmal ein selbstgemaltes Bild präsentiert.,unknown,14,aii,bii,1,positive,once,False,,,entailment,0.7001,0.1708,0.1292
14_aii_bii1_twice_pos,Letzten Monat hat Sabine Thorsten ein selbstgemaltes Bild gezeigt.,"Vor zwei Wochen hat Sabine wieder ein selbstgemaltes Bild präsentiert, als sie mit einer Künstlerin verabredet war.",Sabine hat mindestens zweimal ein selbstgemaltes Bild präsentiert.,entailment,14,aii,bii,1,positive,twice,False,,,entailment,0.904,0.009,0.087
14_aii_bii1_cannot_say_pos,Letzten Monat hat Sabine Thorsten ein selbstgemaltes Bild gezeigt.,"Vor zwei Wochen hat Sabine wieder ein selbstgemaltes Bild präsentiert, als sie mit einer Künstlerin verabredet war.","Es lässt sich nicht sagen, wie oft Sabine ein selbstgemaltes Bild präsentiert hat.",unknown,14,aii,bii,1,positive,cannot say,False,,,neutral,0.1087,0.6543,0.237
14_aii_bii2_once_neu,Letzten Monat hat Sabine Thorsten ein selbstgemaltes Bild gezeigt.,"Vor zwei Wochen hat Thorsten wieder ein selbstgemaltes Bild präsentiert, als er mit einer Künstlerin verabredet war.",Thorsten hat einmal ein selbstgemaltes Bild präsentiert.,entailment,14,aii,bii,2,neutral,once,False,,,entailment,0.692,0.1363,0.1718
14_aii_bii2_twice_neu,Letzten Monat hat Sabine Thorsten ein selbstgemaltes Bild gezeigt.,"Vor zwei Wochen hat Thorsten wieder ein selbstgemaltes Bild präsentiert, als er mit einer Künstlerin verabredet war.",Thorsten hat mindestens zweimal ein selbstgemaltes Bild präsentiert.,unknown,14,aii,bii,2,neutral,twice,False,,,entailment,0.8675,0.0166,0.1158
14_aii_bii2_cannot_say_neu,Letzten Monat hat Sabine Thorsten ein selbstgemaltes Bild gezeigt.,"Vor zwei Wochen hat Thorsten wieder ein selbstgemaltes Bild präsentiert, als er mit einer Künstlerin verabredet war.","Es lässt sich nicht sagen, wie oft Thorsten ein selbstgemaltes Bild präsentiert hat.",unknown,14,aii,bii,2,neutral,cannot say,False,,,neutral,0.0947,0.649,0.2563
15_ai_bi1_once_pos,Vor vier Wochen hat Thorsten Tina angeschrien.,"Vor drei Tagen hat Tina wieder eine lautstarke Standpauke bekommen, als sie an einer Bushaltestelle gewartet hat.",Tina hat einmal eine lautstarke Standpauke bekommen.,unknown,15,ai,bi,1,positive,once,False,,,entailment,0.8854,0.0062,0.1084
15_ai_bi1_twice_pos,Vor vier Wochen hat Thorsten Tina angeschrien.,"Vor drei Tagen hat Tina wieder eine lautstarke Standpauke bekommen, als sie an einer Bushaltestelle gewartet hat.",Tina hat mindestens zweimal eine lautstarke Standpauke bekommen.,entailment,15,ai,bi,1,positive,twice,False,,,entailment,0.888,0.0078,0.1042
15_ai_bi1_cannot_say_pos,Vor vier Wochen hat Thorsten Tina angeschrien.,"Vor drei Tagen hat Tina wieder eine lautstarke Standpauke bekommen, als sie an einer Bushaltestelle gewartet hat.","Es lässt sich nicht sagen, wie oft Tina eine lautstarke Standpauke bekommen hat.",unknown,15,ai,bi,1,positive,cannot say,False,,,neutral,0.1362,0.6316,0.2321
15_ai_bi2_once_neu,Vor vier Wochen hat Thorsten Tina angeschrien.,"Vor drei Tagen hat Thorsten wieder eine lautstarke Standpauke bekommen, als er an einer Bushaltestelle gewartet hat.",Thorsten hat einmal eine lautstarke Standpauke bekommen.,entailment,15,ai,bi,2,neutral,once,False,,,entailment,0.8862,0.0014,0.1124
15_ai_bi2_twice_neu,Vor vier Wochen hat Thorsten Tina angeschrien.,"Vor drei Tagen hat Thorsten wieder eine lautstarke Standpauke bekommen, als er an einer Bushaltestelle gewartet hat.",Thorsten hat mindestens zweimal eine lautstarke Standpauke bekommen.,unknown,15,ai,bi,2,neutral,twice,False,,,entailment,0.8865,0.0037,0.1098
15_ai_bi2_cannot_say_neu,Vor vier Wochen hat Thorsten Tina angeschrien.,"Vor drei Tagen hat Thorsten wieder eine lautstarke Standpauke bekommen, als er an einer Bushaltestelle gewartet hat.","Es lässt sich nicht sagen, wie oft Thorsten eine lautstarke Standpauke bekommen hat.",unknown,15,ai,bi,2,neutral,cannot say,False,,,neutral,0.1377,0.6095,0.2527
15_ai_bii1_once_neu,Vor vier Wochen hat Thorsten Tina angeschrien.,"Vor drei Tagen hat Tina wieder eine lautstarke Standpauke gehalten, als sie an einer Bushaltestelle gewartet hat.",Tina hat einmal eine lautstarke Standpauke gehalten.,entailment,15,ai,bii,1,neutral,once,False,,,entailment,0.9044,0.009,0.0866
15_ai_bii1_twice_neu,Vor vier Wochen hat Thorsten Tina angeschrien.,"Vor drei Tagen hat Tina wieder eine lautstarke Standpauke gehalten, als sie an einer Bushaltestelle gewartet hat.",Tina hat mindestens zweimal eine lautstarke Standpauke gehalten.,unknown,15,ai,bii,1,neutral,twice,False,,,entailment,0.911,0.0071,0.0819
15_ai_bii1_cannot_say_neu,Vor vier Wochen hat Thorsten Tina angeschrien.,"Vor drei Tagen hat Tina wieder eine lautstarke Standpauke gehalten, als sie an einer Bushaltestelle gewartet hat.","Es lässt sich nicht sagen, wie oft Tina eine lautstarke Standpauke gehalten hat.",unknown,15,ai,bii,1,neutral,cannot say,False,,,neutral,0.1401,0.659,0.2009
15_ai_bii2_once_pos,Vor vier Wochen hat Thorsten Tina angeschrien.,"Vor drei Tagen hat Thorsten wieder eine lautstarke Standpauke gehalten, als er an einer Bushaltestelle gewartet hat.",Thorsten hat einmal eine lautstarke Standpauke gehalten.,unknown,15,ai,bii,2,positive,once,False,,,entailment,0.8988,0.0018,0.0994
15_ai_bii2_twice_pos,Vor vier Wochen hat Thorsten Tina angeschrien.,"Vor drei Tagen hat Thorsten wieder eine lautstarke Standpauke gehalten, als er an einer Bushaltestelle gewartet hat.",Thorsten hat mindestens zweimal eine lautstarke Standpauke gehalten.,entailment,15,ai,bii,2,positive,twice,False,,,entailment,0.9067,0.003,0.0903
15_ai_bii2_cannot_say_pos,Vor vier Wochen hat Thorsten Tina angeschrien.,"Vor drei Tagen hat Thorsten wieder eine lautstarke Standpauke gehalten, als er an einer Bushaltestelle gewartet hat.","Es lässt sich nicht sagen, wie oft Thorsten eine lautstarke Standpauke gehalten hat.",unknown,15,ai,bii,2,positive,cannot say,False,,,neutral,0.1386,0.6149,0.2465
15_aii_bi1_once_neu,Vor vier Wochen hat Tina Thorsten angeschrien.,"Vor drei Tagen hat Tina wieder eine lautstarke Standpauke bekommen, als sie an einer Bushaltestelle gewartet hat.",Tina hat einmal eine lautstarke Standpauke bekommen.,entailment,15,aii,bi,1,neutral,once,False,,,entailment,0.8758,0.0032,0.1209
15_aii_bi1_twice_neu,Vor vier Wochen hat Tina Thorsten angeschrien.,"Vor drei Tagen hat Tina wieder eine lautstarke Standpauke bekommen, als sie an einer Bushaltestelle gewartet hat.",Tina hat mindestens zweimal eine lautstarke Standpauke bekommen.,unknown,15,aii,bi,1,neutral,twice,False,,,entailment,0.8993,0.0033,0.0974
15_aii_bi1_cannot_say_neu,Vor vier Wochen hat Tina Thorsten angeschrien.,"Vor drei Tagen hat Tina wieder eine lautstarke Standpauke bekommen, als sie an einer Bushaltestelle gewartet hat.","Es lässt sich nicht sagen, wie oft Tina eine lautstarke Standpauke bekommen hat.",unknown,15,aii,bi,1,neutral,cannot say,False,,,neutral,0.1376,0.6366,0.2258
15_aii_bi2_once_pos,Vor vier Wochen hat Tina Thorsten angeschrien.,"Vor drei Tagen hat Thorsten wieder eine lautstarke Standpauke bekommen, als er an einer Bushaltestelle gewartet hat.",Thorsten hat einmal eine lautstarke Standpauke bekommen.,unknown,15,aii,bi,2,positive,once,False,,,entailment,0.8549,0.0036,0.1415
15_aii_bi2_twice_pos,Vor vier Wochen hat Tina Thorsten angeschrien.,"Vor drei Tagen hat Thorsten wieder eine lautstarke Standpauke bekommen, als er an einer Bushaltestelle gewartet hat.",Thorsten hat mindestens zweimal eine lautstarke Standpauke bekommen.,entailment,15,aii,bi,2,positive,twice,False,,,entailment,0.8584,0.0098,0.1318
15_aii_bi2_cannot_say_pos,Vor vier Wochen hat Tina Thorsten angeschrien.,"Vor drei Tagen hat Thorsten wieder eine lautstarke Standpauke bekommen, als er an einer Bushaltestelle gewartet hat.","Es lässt sich nicht sagen, wie oft Thorsten eine lautstarke Standpauke bekommen hat.",unknown,15,aii,bi,2,positive,cannot say,False,,,neutral,0.1413,0.588,0.2707
15_aii_bii1_once_pos,Vor vier Wochen hat Tina Thorsten angeschrien.,"Vor drei Tagen hat Tina wieder eine lautstarke Standpauke gehalten, als sie an einer Bushaltestelle gewartet hat.",Tina hat einmal eine lautstarke Standpauke gehalten.,unknown,15,aii,bii,1,positive,once,False,,,entailment,0.9094,0.0014,0.0891
15_aii_bii1_twice_pos,Vor vier Wochen hat Tina Thorsten angeschrien.,"Vor drei Tagen hat Tina wieder eine lautstarke Standpauke gehalten, als sie an einer Bushaltestelle gewartet hat.",Tina hat mindestens zweimal eine lautstarke Standpauke gehalten.,entailment,15,aii,bii,1,positive,twice,False,,,entailment,0.9288,0.0027,0.0685
15_aii_bii1_cannot_say_pos,Vor vier Wochen hat Tina Thorsten angeschrien.,"Vor drei Tagen hat Tina wieder eine lautstarke Standpauke gehalten, als sie an einer Bushaltestelle gewartet hat.","Es lässt sich nicht sagen, wie oft Tina eine lautstarke Standpauke gehalten hat.",unknown,15,aii,bii,1,positive,cannot say,False,,,neutral,0.1392,0.653,0.2078
15_aii_bii2_once_neu,Vor vier Wochen hat Tina Thorsten angeschrien.,"Vor drei Tagen hat Thorsten wieder eine lautstarke Standpauke gehalten, als er an einer Bushaltestelle gewartet hat.",Thorsten hat einmal eine lautstarke Standpauke gehalten.,entailment,15,aii,bii,2,neutral,once,False,,,entailment,0.8853,0.0029,0.1118
15_aii_bii2_twice_neu,Vor vier Wochen hat Tina Thorsten angeschrien.,"Vor drei Tagen hat Thorsten wieder eine lautstarke Standpauke gehalten, als er an einer Bushaltestelle gewartet hat.",Thorsten hat mindestens zweimal eine lautstarke Standpauke gehalten.,unknown,15,aii,bii,2,neutral,twice,False,,,entailment,0.8915,0.0063,0.1022
15_aii_bii2_cannot_say_neu,Vor vier Wochen hat Tina Thorsten angeschrien.,"Vor drei Tagen hat Thorsten wieder eine lautstarke Standpauke gehalten, als er an einer Bushaltestelle gewartet hat.","Es lässt sich nicht sagen, wie oft Thorsten eine lautstarke Standpauke gehalten hat.",unknown,15,aii,bii,2,neutral,cannot say,False,,,neutral,0.1336,0.6187,0.2477
16_ai_bi1_once_pos,Vor vier Monaten hat Greta Sabine ein tragisches Gedicht vorgetragen.,"Vor zwei Tagen hat Sabine wieder ein tragisches Gedicht gehört, als sie bei einem Kleinkunstabend zugegen war.",Sabine hat einmal ein tragisches Gedicht gehört.,unknown,16,ai,bi,1,positive,once,False,,,entailment,0.5371,0.3133,0.1497
16_ai_bi1_twice_pos,Vor vier Monaten hat Greta Sabine ein tragisches Gedicht vorgetragen.,"Vor zwei Tagen hat Sabine wieder ein tragisches Gedicht gehört, als sie bei einem Kleinkunstabend zugegen war.",Sabine hat mindestens zweimal ein tragisches Gedicht gehört.,entailment,16,ai,bi,1,positive,twice,False,,,entailment,0.8494,0.0485,0.102
16_ai_bi1_cannot_say_pos,Vor vier Monaten hat Greta Sabine ein tragisches Gedicht vorgetragen.,"Vor zwei Tagen hat Sabine wieder ein tragisches Gedicht gehört, als sie bei einem Kleinkunstabend zugegen war.","Es lässt sich nicht sagen, wie oft Sabine ein tragisches Gedicht gehört hat.",unknown,16,ai,bi,1,positive,cannot say,False,,,neutral,0.1299,0.5752,0.2949
16_ai_bi2_once_neu,Vor vier Monaten hat Greta Sabine ein tragisches Gedicht vorgetragen.,"Vor zwei Tagen hat Greta wieder ein tragisches Gedicht gehört, als sie bei einem Kleinkunstabend zugegen war.",Greta hat einmal ein tragisches Gedicht gehört.,entailment,16,ai,bi,2,neutral,once,False,,,entailment,0.5079,0.3162,0.1759
16_ai_bi2_twice_neu,Vor vier Monaten hat Greta Sabine ein tragisches Gedicht vorgetragen.,"Vor zwei Tagen hat Greta wieder ein tragisches Gedicht gehört, als sie bei einem Kleinkunstabend zugegen war.",Greta hat mindestens zweimal ein tragisches Gedicht gehört.,unknown,16,ai,bi,2,neutral,twice,False,,,entailment,0.8495,0.0428,0.1078
16_ai_bi2_cannot_say_neu,Vor vier Monaten hat Greta Sabine ein tragisches Gedicht vorgetragen.,"Vor zwei Tagen hat Greta wieder ein tragisches Gedicht gehört, als sie bei einem Kleinkunstabend zugegen war.","Es lässt sich nicht sagen, wie oft Greta ein tragisches Gedicht gehört hat.",unknown,16,ai,bi,2,neutral,cannot say,False,,,neutral,0.1292,0.5866,0.2842
16_ai_bii1_once_neu,Vor vier Monaten hat Greta Sabine ein tragisches Gedicht vorgetragen.,"Vor zwei Tagen hat Sabine wieder ein tragisches Gedicht rezitiert, als sie bei einem Kleinkunstabend zugegen war.",Sabine hat einmal ein tragisches Gedicht rezitiert.,entailment,16,ai,bii,1,neutral,once,False,,,entailment,0.7932,0.0638,0.143
16_ai_bii1_twice_neu,Vor vier Monaten hat Greta Sabine ein tragisches Gedicht vorgetragen.,"Vor zwei Tagen hat Sabine wieder ein tragisches Gedicht rezitiert, als sie bei einem Kleinkunstabend zugegen war.",Sabine hat mindestens zweimal ein tragisches Gedicht rezitiert.,unknown,16,ai,bii,1,neutral,twice,False,,,entailment,0.8978,0.0092,0.093
16_ai_bii1_cannot_say_neu,Vor vier Monaten hat Greta Sabine ein tragisches Gedicht vorgetragen.,"Vor zwei Tagen hat Sabine wieder ein tragisches Gedicht rezitiert, als sie bei einem Kleinkunstabend zugegen war.","Es lässt sich nicht sagen, wie oft Sabine ein tragisches Gedicht rezitiert hat.",unknown,16,ai,bii,1,neutral,cannot say,False,,,neutral,0.1247,0.6004,0.2749
16_ai_bii2_once_pos,Vor vier Monaten hat Greta Sabine ein tragisches Gedicht vorgetragen.,"Vor zwei Tagen hat Greta wieder ein tragisches Gedicht rezitiert, als sie bei einem Kleinkunstabend zugegen war.",Greta hat einmal ein tragisches Gedicht rezitiert.,unknown,16,ai,bii,2,positive,once,False,,,entailment,0.8315,0.0323,0.1363
16_ai_bii2_twice_pos,Vor vier Monaten hat Greta Sabine ein tragisches Gedicht vorgetragen.,"Vor zwei Tagen hat Greta wieder ein tragisches Gedicht rezitiert, als sie bei einem Kleinkunstabend zugegen war.",Greta hat mindestens zweimal ein tragisches Gedicht rezitiert.,entailment,16,ai,bii,2,positive,twice,False,,,entailment,0.9058,0.0044,0.0898
16_ai_bii2_cannot_say_pos,Vor vier Monaten hat Greta Sabine ein tragisches Gedicht vorgetragen.,"Vor zwei Tagen hat Greta wieder ein tragisches Gedicht rezitiert, als sie bei einem Kleinkunstabend zugegen war.","Es lässt sich nicht sagen, wie oft Greta ein tragisches Gedicht rezitiert hat.",unknown,16,ai,bii,2,positive,cannot say,False,,,neutral,0.1259,0.5982,0.2759
16_aii_bi1_once_neu,Vor vier Monaten hat Sabine Greta ein tragisches Gedicht vorgetragen.,"Vor zwei Tagen hat Sabine wieder ein tragisches Gedicht gehört, als sie bei einem Kleinkunstabend zugegen war.",Sabine hat einmal ein tragisches Gedicht gehört.,entailment,16,aii,bi,1,neutral,once,False,,,entailment,0.5757,0.2568,0.1675
16_aii_bi1_twice_neu,Vor vier Monaten hat Sabine Greta ein tragisches Gedicht vorgetragen.,"Vor zwei Tagen hat Sabine wieder ein tragisches Gedicht gehört, als sie bei einem Kleinkunstabend zugegen war.",Sabine hat mindestens zweimal ein tragisches Gedicht gehört.,unknown,16,aii,bi,1,neutral,twice,False,,,entailment,0.8369,0.0535,0.1096
16_aii_bi1_cannot_say_neu,Vor vier Monaten hat Sabine Greta ein tragisches Gedicht vorgetragen.,"Vor zwei Tagen hat Sabine wieder ein tragisches Gedicht gehört, als sie bei einem Kleinkunstabend zugegen war.","Es lässt sich nicht sagen, wie oft Sabine ein tragisches Gedicht gehört hat.",unknown,16,aii,bi,1,neutral,cannot say,False,,,neutral,0.1253,0.5785,0.2963
16_aii_bi2_once_pos,Vor vier Monaten hat Sabine Greta ein tragisches Gedicht vorgetragen.,"Vor zwei Tagen hat Greta wieder ein tragisches Gedicht gehört, als sie bei einem Kleinkunstabend zugegen war.",Greta hat einmal ein tragisches Gedicht gehört.,unknown,16,aii,bi,2,positive,once,False,,,entailment,0.4528,0.3545,0.1927
16_aii_bi2_twice_pos,Vor vier Monaten hat Sabine Greta ein tragisches Gedicht vorgetragen.,"Vor zwei Tagen hat Greta wieder ein tragisches Gedicht gehört, als sie bei einem Kleinkunstabend zugegen war.",Greta hat mindestens zweimal ein tragisches Gedicht gehört.,entailment,16,aii,bi,2,positive,twice,False,,,entailment,0.8054,0.0733,0.1212
16_aii_bi2_cannot_say_pos,Vor vier Monaten hat Sabine Greta ein tragisches Gedicht vorgetragen.,"Vor zwei Tagen hat Greta wieder ein tragisches Gedicht gehört, als sie bei einem Kleinkunstabend zugegen war.","Es lässt sich nicht sagen, wie oft Greta ein tragisches Gedicht gehört hat.",unknown,16,aii,bi,2,positive,cannot say,False,,,neutral,0.1259,0.5872,0.2869
16_aii_bii1_once_pos,Vor vier Monaten hat Sabine Greta ein tragisches Gedicht vorgetragen.,"Vor zwei Tagen hat Sabine wieder ein tragisches Gedicht rezitiert, als sie bei einem Kleinkunstabend zugegen war.",Sabine hat einmal ein tragisches Gedicht rezitiert.,unknown,16,aii,bii,1,positive,once,False,,,entailment,0.8122,0.0448,0.1431
16_aii_bii1_twice_pos,Vor vier Monaten hat Sabine Greta ein tragisches Gedicht vorgetragen.,"Vor zwei Tagen hat Sabine wieder ein tragisches Gedicht rezitiert, als sie bei einem Kleinkunstabend zugegen war.",Sabine hat mindestens zweimal ein tragisches Gedicht rezitiert.,entailment,16,aii,bii,1,positive,twice,False,,,entailment,0.8934,0.0091,0.0975
16_aii_bii1_cannot_say_pos,Vor vier Monaten hat Sabine Greta ein tragisches Gedicht vorgetragen.,"Vor zwei Tagen hat Sabine wieder ein tragisches Gedicht rezitiert, als sie bei einem Kleinkunstabend zugegen war.","Es lässt sich nicht sagen, wie oft Sabine ein tragisches Gedicht rezitiert hat.",unknown,16,aii,bii,1,positive,cannot say,False,,,neutral,0.1307,0.5947,0.2746
16_aii_bii2_once_neu,Vor vier Monaten hat Sabine Greta ein tragisches Gedicht vorgetragen.,"Vor zwei Tagen hat Greta wieder ein tragisches Gedicht rezitiert, als sie bei einem Kleinkunstabend zugegen war.",Greta hat einmal ein tragisches Gedicht rezitiert.,entailment,16,aii,bii,2,neutral,once,False,,,entailment,0.7605,0.076,0.1634
16_aii_bii2_twice_neu,Vor vier Monaten hat Sabine Greta ein tragisches Gedicht vorgetragen.,"Vor zwei Tagen hat Greta wieder ein tragisches Gedicht rezitiert, als sie bei einem Kleinkunstabend zugegen war.",Greta hat mindestens zweimal ein tragisches Gedicht rezitiert.,unknown,16,aii,bii,2,neutral,twice,False,,,entailment,0.8608,0.0182,0.1209
16_aii_bii2_cannot_say_neu,Vor vier Monaten hat Sabine Greta ein tragisches Gedicht vorgetragen.,"Vor zwei Tagen hat Greta wieder ein tragisches Gedicht rezitiert, als sie bei einem Kleinkunstabend zugegen war.","Es lässt sich nicht sagen, wie oft Greta ein tragisches Gedicht rezitiert hat.",unknown,16,aii,bii,2,neutral,cannot say,False,,,neutral,0.1251,0.5905,0.2844
17_ai_bi1_once_pos,Vor zwei Monaten hat Greta vor Tina einen komplizierten Vortrag gehalten.,"Vor drei Tagen hat Tina wieder einen komplizierten Vortrag gehört, als sie auf einer Tagung gewesen ist.",Tina hat einmal einen komplizierten Vortrag gehört.,unknown,17,ai,bi,1,positive,once,False,,,neutral,0.2602,0.5886,0.1512
17_ai_bi1_twice_pos,Vor zwei Monaten hat Greta vor Tina einen komplizierten Vortrag gehalten.,"Vor drei Tagen hat Tina wieder einen komplizierten Vortrag gehört, als sie auf einer Tagung gewesen ist.",Tina hat mindestens zweimal einen komplizierten Vortrag gehört.,entailment,17,ai,bi,1,positive,twice,False,,,entailment,0.7101,0.1756,0.1143
17_ai_bi1_cannot_say_pos,Vor zwei Monaten hat Greta vor Tina einen komplizierten Vortrag gehalten.,"Vor drei Tagen hat Tina wieder einen komplizierten Vortrag gehört, als sie auf einer Tagung gewesen ist.","Es lässt sich nicht sagen, wie oft Tina einen komplizierten Vortrag gehört hat.",unknown,17,ai,bi,1,positive,cannot say,False,,,neutral,0.1104,0.5905,0.2991
17_ai_bi2_once_neu,Vor zwei Monaten hat Greta vor Tina einen komplizierten Vortrag gehalten.,"Vor drei Tagen hat Greta wieder einen komplizierten Vortrag gehört, als sie auf einer Tagung gewesen ist.",Greta hat einmal einen komplizierten Vortrag gehört.,entailment,17,ai,bi,2,neutral,once,False,,,neutral,0.1684,0.5582,0.2734
17_ai_bi2_twice_neu,Vor zwei Monaten hat Greta vor Tina einen komplizierten Vortrag gehalten.,"Vor drei Tagen hat Greta wieder einen komplizierten Vortrag gehört, als sie auf einer Tagung gewesen ist.",Greta hat mindestens zweimal einen komplizierten Vortrag gehört.,unknown,17,ai,bi,2,neutral,twice,False,,,entailment,0.6948,0.1368,0.1684
17_ai_bi2_cannot_say_neu,Vor zwei Monaten hat Greta vor Tina einen komplizierten Vortrag gehalten.,"Vor drei Tagen hat Greta wieder einen komplizierten Vortrag gehört, als sie auf einer Tagung gewesen ist.","Es lässt sich nicht sagen, wie oft Greta einen komplizierten Vortrag gehört hat.",unknown,17,ai,bi,2,neutral,cannot say,False,,,neutral,0.1088,0.6537,0.2375
17_ai_bii1_once_neu,Vor zwei Monaten hat Greta vor Tina einen komplizierten Vortrag gehalten.,"Vor drei Tagen hat Tina wieder einen komplizierten Vortrag präsentiert, als sie auf einer Tagung gewesen ist.",Tina hat einmal einen komplizierten Vortrag präsentiert.,entailment,17,ai,bii,1,neutral,once,False,,,entailment,0.5242,0.3621,0.1137
17_ai_bii1_twice_neu,Vor zwei Monaten hat Greta vor Tina einen komplizierten Vortrag gehalten.,"Vor drei Tagen hat Tina wieder einen komplizierten Vortrag präsentiert, als sie auf einer Tagung gewesen ist.",Tina hat mindestens zweimal einen komplizierten Vortrag präsentiert.,unknown,17,ai,bii,1,neutral,twice,False,,,entailment,0.8634,0.026,0.1106
17_ai_bii1_cannot_say_neu,Vor zwei Monaten hat Greta vor Tina einen komplizierten Vortrag gehalten.,"Vor drei Tagen hat Tina wieder einen komplizierten Vortrag präsentiert, als sie auf einer Tagung gewesen ist.","Es lässt sich nicht sagen, wie oft Tina einen komplizierten Vortrag präsentiert hat.",unknown,17,ai,bii,1,neutral,cannot say,False,,,neutral,0.1255,0.5767,0.2978
17_ai_bii2_once_pos,Vor zwei Monaten hat Greta vor Tina einen komplizierten Vortrag gehalten.,"Vor drei Tagen hat Greta wieder einen komplizierten Vortrag präsentiert, als sie auf einer Tagung gewesen ist.",Greta hat einmal einen komplizierten Vortrag präsentiert.,unknown,17,ai,bii,2,positive,once,False,,,entailment,0.6534,0.1932,0.1534
17_ai_bii2_twice_pos,Vor zwei Monaten hat Greta vor Tina einen komplizierten Vortrag gehalten.,"Vor drei Tagen hat Greta wieder einen komplizierten Vortrag präsentiert, als sie auf einer Tagung gewesen ist.",Greta hat mindestens zweimal einen komplizierten Vortrag präsentiert.,entailment,17,ai,bii,2,positive,twice,False,,,entailment,0.9119,0.0055,0.0825
17_ai_bii2_cannot_say_pos,Vor zwei Monaten hat Greta vor Tina einen komplizierten Vortrag gehalten.,"Vor drei Tagen hat Greta wieder einen komplizierten Vortrag präsentiert, als sie auf einer Tagung gewesen ist.","Es lässt sich nicht sagen, wie oft Greta einen komplizierten Vortrag präsentiert hat.",unknown,17,ai,bii,2,positive,cannot say,False,,,neutral,0.115,0.6459,0.2391
17_aii_bi1_once_neu,Vor zwei Monaten hat Tina vor Greta einen komplizierten Vortrag gehalten.,"Vor drei Tagen hat Tina wieder einen komplizierten Vortrag gehört, als sie auf einer Tagung gewesen ist.",Tina hat einmal einen komplizierten Vortrag gehört.,entailment,17,aii,bi,1,neutral,once,False,,,neutral,0.196,0.5671,0.237
17_aii_bi1_twice_neu,Vor zwei Monaten hat Tina vor Greta einen komplizierten Vortrag gehalten.,"Vor drei Tagen hat Tina wieder einen komplizierten Vortrag gehört, als sie auf einer Tagung gewesen ist.",Tina hat mindestens zweimal einen komplizierten Vortrag gehört.,unknown,17,aii,bi,1,neutral,twice,False,,,entailment,0.7105,0.1408,0.1486
17_aii_bi1_cannot_say_neu,Vor zwei Monaten hat Tina vor Greta einen komplizierten Vortrag gehalten.,"Vor drei Tagen hat Tina wieder einen komplizierten Vortrag gehört, als sie auf einer Tagung gewesen ist.","Es lässt sich nicht sagen, wie oft Tina einen komplizierten Vortrag gehört hat.",unknown,17,aii,bi,1,neutral,cannot say,False,,,neutral,0.1143,0.5782,0.3076
17_aii_bi2_once_pos,Vor zwei Monaten hat Tina vor Greta einen komplizierten Vortrag gehalten.,"Vor drei Tagen hat Greta wieder einen komplizierten Vortrag gehört, als sie auf einer Tagung gewesen ist.",Greta hat einmal einen komplizierten Vortrag gehört.,unknown,17,aii,bi,2,positive,once,False,,,neutral,0.2147,0.5646,0.2207
17_aii_bi2_twice_pos,Vor zwei Monaten hat Tina vor Greta einen komplizierten Vortrag gehalten.,"Vor drei Tagen hat Greta wieder einen komplizierten Vortrag gehört, als sie auf einer Tagung gewesen ist.",Greta hat mindestens zweimal einen komplizierten Vortrag gehört.,entailment,17,aii,bi,2,positive,twice,False,,,entailment,0.655,0.1964,0.1486
17_aii_bi2_cannot_say_pos,Vor zwei Monaten hat Tina vor Greta einen komplizierten Vortrag gehalten.,"Vor drei Tagen hat Greta wieder einen komplizierten Vortrag gehört, als sie auf einer Tagung gewesen ist.","Es lässt sich nicht sagen, wie oft Greta einen komplizierten Vortrag gehört hat.",unknown,17,aii,bi,2,positive,cannot say,False,,,neutral,0.1075,0.6378,0.2547
17_aii_bii1_once_pos,Vor zwei Monaten hat Tina vor Greta einen komplizierten Vortrag gehalten.,"Vor drei Tagen hat Tina wieder einen komplizierten Vortrag präsentiert, als sie auf einer Tagung gewesen ist.",Tina hat einmal einen komplizierten Vortrag präsentiert.,unknown,17,aii,bii,1,positive,once,False,,,entailment,0.6867,0.1675,0.1458
17_aii_bii1_twice_pos,Vor zwei Monaten hat Tina vor Greta einen komplizierten Vortrag gehalten.,"Vor drei Tagen hat Tina wieder einen komplizierten Vortrag präsentiert, als sie auf einer Tagung gewesen ist.",Tina hat mindestens zweimal einen komplizierten Vortrag präsentiert.,entailment,17,aii,bii,1,positive,twice,False,,,entailment,0.9077,0.0049,0.0875
17_aii_bii1_cannot_say_pos,Vor zwei Monaten hat Tina vor Greta einen komplizierten Vortrag gehalten.,"Vor drei Tagen hat Tina wieder einen komplizierten Vortrag präsentiert, als sie auf einer Tagung gewesen ist.","Es lässt sich nicht sagen, wie oft Tina einen komplizierten Vortrag präsentiert hat.",unknown,17,aii,bii,1,positive,cannot say,False,,,neutral,0.1261,0.5883,0.2856
17_aii_bii2_once_neu,Vor zwei Monaten hat Tina vor Greta einen komplizierten Vortrag gehalten.,"Vor drei Tagen hat Greta wieder einen komplizierten Vortrag präsentiert, als sie auf einer Tagung gewesen ist.",Greta hat einmal einen komplizierten Vortrag präsentiert.,entailment,17,aii,bii,2,neutral,once,False,,,neutral,0.3544,0.4613,0.1843
17_aii_bii2_twice_neu,Vor zwei Monaten hat Tina vor Greta einen komplizierten Vortrag gehalten.,"Vor drei Tagen hat Greta wieder einen komplizierten Vortrag präsentiert, als sie auf einer Tagung gewesen ist.",Greta hat mindestens zweimal einen komplizierten Vortrag präsentiert.,unknown,17,aii,bii,2,neutral,twice,False,,,entailment,0.8143,0.0436,0.1421
17_aii_bii2_cannot_say_neu,Vor zwei Monaten hat Tina vor Greta einen komplizierten Vortrag gehalten.,"Vor drei Tagen hat Greta wieder einen komplizierten Vortrag präsentiert, als sie auf einer Tagung gewesen ist.","Es lässt sich nicht sagen, wie oft Greta einen komplizierten Vortrag präsentiert hat.",unknown,17,aii,bii,2,neutral,cannot say,False,,,neutral,0.1074,0.6258,0.2669
18_ai_bi1_once_pos,Vor einer Woche hat Greta Thorsten einen Cocktail ausgegeben.,"Vor vier Tagen hat Thorsten wieder einen leckeren Cocktail bekommen, als er in einer Bar gewesen ist.",Thorsten hat einmal einen leckeren Cocktail bekommen.,unknown,18,ai,bi,1,positive,once,False,,,neutral,0.4063,0.4192,0.1745
18_ai_bi1_twice_pos,Vor einer Woche hat Greta Thorsten einen Cocktail ausgegeben.,"Vor vier Tagen hat Thorsten wieder einen leckeren Cocktail bekommen, als er in einer Bar gewesen ist.",Thorsten hat mindestens zweimal einen leckeren Cocktail bekommen.,entailment,18,ai,bi,1,positive,twice,False,,,entailment,0.5869,0.2495,0.1637
18_ai_bi1_cannot_say_pos,Vor einer Woche hat Greta Thorsten einen Cocktail ausgegeben.,"Vor vier Tagen hat Thorsten wieder einen leckeren Cocktail bekommen, als er in einer Bar gewesen ist.","Es lässt sich nicht sagen, wie oft Thorsten einen leckeren Cocktail bekommen hat.",unknown,18,ai,bi,1,positive,cannot say,False,,,neutral,0.116,0.6087,0.2752
18_ai_bi2_once_neu,Vor einer Woche hat Greta Thorsten einen Cocktail ausgegeben.,"Vor vier Tagen hat Greta wieder einen leckeren Cocktail bekommen, als sie in einer Bar gewesen ist.",Greta hat einmal einen leckeren Cocktail bekommen.,entailment,18,ai,bi,2,neutral,once,False,,,neutral,0.3732,0.4597,0.1671
18_ai_bi2_twice_neu,Vor einer Woche hat Greta Thorsten einen Cocktail ausgegeben.,"Vor vier Tagen hat Greta wieder einen leckeren Cocktail bekommen, als sie in einer Bar gewesen ist.",Greta hat mindestens zweimal einen leckeren Cocktail bekommen.,unknown,18,ai,bi,2,neutral,twice,False,,,entailment,0.7145,0.1377,0.1478
18_ai_bi2_cannot_say_neu,Vor einer Woche hat Greta Thorsten einen Cocktail ausgegeben.,"Vor vier Tagen hat Greta wieder einen leckeren Cocktail bekommen, als sie in einer Bar gewesen ist.","Es lässt sich nicht sagen, wie oft Greta einen leckeren Cocktail bekommen hat.",unknown,18,ai,bi,2,neutral,cannot say,False,,,neutral,0.1215,0.6251,0.2533
18_ai_bii1_once_neu,Vor einer Woche hat Greta Thorsten einen Cocktail ausgegeben.,"Vor vier Tagen hat Thorsten wieder einen leckeren Cocktail bezahlt, als er in einer Bar gewesen ist.",Thorsten hat einmal einen leckeren Cocktail bezahlt.,entailment,18,ai,bii,1,neutral,once,False,,,entailment,0.4989,0.3002,0.2009
18_ai_bii1_twice_neu,Vor einer Woche hat Greta Thorsten einen Cocktail ausgegeben.,"Vor vier Tagen hat Thorsten wieder einen leckeren Cocktail bezahlt, als er in einer Bar gewesen ist.",Thorsten hat mindestens zweimal einen leckeren Cocktail bezahlt.,unknown,18,ai,bii,1,neutral,twice,False,,,entailment,0.5498,0.2838,0.1664
18_ai_bii1_cannot_say_neu,Vor einer Woche hat Greta Thorsten einen Cocktail ausgegeben.,"Vor vier Tagen hat Thorsten wieder einen leckeren Cocktail bezahlt, als er in einer Bar gewesen ist.","Es lässt sich nicht sagen, wie oft Thorsten einen leckeren Cocktail bezahlt hat.",unknown,18,ai,bii,1,neutral,cannot say,False,,,neutral,0.1107,0.6266,0.2627
18_ai_bii2_once_pos,Vor einer Woche hat Greta Thorsten einen Cocktail ausgegeben.,"Vor vier Tagen hat Greta wieder einen leckeren Cocktail bezahlt, als sie in einer Bar gewesen ist.",Greta hat einmal einen leckeren Cocktail bezahlt.,unknown,18,ai,bii,2,positive,once,False,,,entailment,0.5738,0.2445,0.1817
18_ai_bii2_twice_pos,Vor einer Woche hat Greta Thorsten einen Cocktail ausgegeben.,"Vor vier Tagen hat Greta wieder einen leckeren Cocktail bezahlt, als sie in einer Bar gewesen ist.",Greta hat mindestens zweimal einen leckeren Cocktail bezahlt.,entailment,18,ai,bii,2,positive,twice,False,,,entailment,0.6529,0.19,0.1571
18_ai_bii2_cannot_say_pos,Vor einer Woche hat Greta Thorsten einen Cocktail ausgegeben.,"Vor vier Tagen hat Greta wieder einen leckeren Cocktail bezahlt, als sie in einer Bar gewesen ist.","Es lässt sich nicht sagen, wie oft Greta einen leckeren Cocktail bezahlt hat.",unknown,18,ai,bii,2,positive,cannot say,False,,,neutral,0.1154,0.6429,0.2417
18_aii_bi1_once_neu,Vor einer Woche hat Thorsten Greta einen Cocktail ausgegeben.,"Vor vier Tagen hat Thorsten wieder einen leckeren Cocktail bekommen, als er in einer Bar gewesen ist.",Thorsten hat einmal einen leckeren Cocktail bekommen.,entailment,18,aii,bi,1,neutral,once,False,,,neutral,0.4059,0.4188,0.1753
18_aii_bi1_twice_neu,Vor einer Woche hat Thorsten Greta einen Cocktail ausgegeben.,"Vor vier Tagen hat Thorsten wieder einen leckeren Cocktail bekommen, als er in einer Bar gewesen ist.",Thorsten hat mindestens zweimal einen leckeren Cocktail bekommen.,unknown,18,aii,bi,1,neutral,twice,False,,,entailment,0.6641,0.1771,0.1588
18_aii_bi1_cannot_say_neu,Vor einer Woche hat Thorsten Greta einen Cocktail ausgegeben.,"Vor vier Tagen hat Thorsten wieder einen leckeren Cocktail bekommen, als er in einer Bar gewesen ist.","Es lässt sich nicht sagen, wie oft Thorsten einen leckeren Cocktail bekommen hat.",unknown,18,aii,bi,1,neutral,cannot say,False,,,neutral,0.1204,0.6061,0.2735
18_aii_bi2_once_pos,Vor einer Woche hat Thorsten Greta einen Cocktail ausgegeben.,"Vor vier Tagen hat Greta wieder einen leckeren Cocktail bekommen, als sie in einer Bar gewesen ist.",Greta hat einmal einen leckeren Cocktail bekommen.,unknown,18,aii,bi,2,positive,once,False,,,neutral,0.4135,0.4236,0.1629
18_aii_bi2_twice_pos,Vor einer Woche hat Thorsten Greta einen Cocktail ausgegeben.,"Vor vier Tagen hat Greta wieder einen leckeren Cocktail bekommen, als sie in einer Bar gewesen ist.",Greta hat mindestens zweimal einen leckeren Cocktail bekommen.,entailment,18,aii,bi,2,positive,twice,False,,,entailment,0.6545,0.1917,0.1538
18_aii_bi2_cannot_say_pos,Vor einer Woche hat Thorsten Greta einen Cocktail ausgegeben.,"Vor vier Tagen hat Greta wieder einen leckeren Cocktail bekommen, als sie in einer Bar gewesen ist.","Es lässt sich nicht sagen, wie oft Greta einen leckeren Cocktail bekommen hat.",unknown,18,aii,bi,2,positive,cannot say,False,,,neutral,0.1135,0.6307,0.2557
18_aii_bii1_once_pos,Vor einer Woche hat Thorsten Greta einen Cocktail ausgegeben.,"Vor vier Tagen hat Thorsten wieder einen leckeren Cocktail bezahlt, als er in einer Bar gewesen ist.",Thorsten hat einmal einen leckeren Cocktail bezahlt.,unknown,18,aii,bii,1,positive,once,False,,,entailment,0.5278,0.2668,0.2054
18_aii_bii1_twice_pos,Vor einer Woche hat Thorsten Greta einen Cocktail ausgegeben.,"Vor vier Tagen hat Thorsten wieder einen leckeren Cocktail bezahlt, als er in einer Bar gewesen ist.",Thorsten hat mindestens zweimal einen leckeren Cocktail bezahlt.,entailment,18,aii,bii,1,positive,twice,False,,,entailment,0.6134,0.2173,0.1693
18_aii_bii1_cannot_say_pos,Vor einer Woche hat Thorsten Greta einen Cocktail ausgegeben.,"Vor vier Tagen hat Thorsten wieder einen leckeren Cocktail bezahlt, als er in einer Bar gewesen ist.","Es lässt sich nicht sagen, wie oft Thorsten einen leckeren Cocktail bezahlt hat.",unknown,18,aii,bii,1,positive,cannot say,False,,,neutral,0.1063,0.6418,0.2519
18_aii_bii2_once_neu,Vor einer Woche hat Thorsten Greta einen Cocktail ausgegeben.,"Vor vier Tagen hat Greta wieder einen leckeren Cocktail bezahlt, als sie in einer Bar gewesen ist.",Greta hat einmal einen leckeren Cocktail bezahlt.,entailment,18,aii,bii,2,neutral,once,False,,,entailment,0.4982,0.3237,0.1781
18_aii_bii2_twice_neu,Vor einer Woche hat Thorsten Greta einen Cocktail ausgegeben.,"Vor vier Tagen hat Greta wieder einen leckeren Cocktail bezahlt, als sie in einer Bar gewesen ist.",Greta hat mindestens zweimal einen leckeren Cocktail bezahlt.,unknown,18,aii,bii,2,neutral,twice,False,,,entailment,0.5671,0.2679,0.1651
18_aii_bii2_cannot_say_neu,Vor einer Woche hat Thorsten Greta einen Cocktail ausgegeben.,"Vor vier Tagen hat Greta wieder einen leckeren Cocktail bezahlt, als sie in einer Bar gewesen ist.","Es lässt sich nicht sagen, wie oft Greta einen leckeren Cocktail bezahlt hat.",unknown,18,aii,bii,2,neutral,cannot say,False,,,neutral,0.1183,0.6466,0.2351
19_ai_bi1_once_pos,Vor zwei Wochen hat Greta Judith ein Kompliment gemacht.,"Vor einer Woche hat Judith wieder ein nettes Kompliment erhalten, als sie in einem Park spazieren war.",Judith hat einmal ein nettes Kompliment erhalten.,unknown,19,ai,bi,1,positive,once,False,,,entailment,0.9036,0.0149,0.0815
19_ai_bi1_twice_pos,Vor zwei Wochen hat Greta Judith ein Kompliment gemacht.,"Vor einer Woche hat Judith wieder ein nettes Kompliment erhalten, als sie in einem Park spazieren war.",Judith hat mindestens zweimal ein nettes Kompliment erhalten.,entailment,19,ai,bi,1,positive,twice,False,,,entailment,0.9568,0.0012,0.042
19_ai_bi1_cannot_say_pos,Vor zwei Wochen hat Greta Judith ein Kompliment gemacht.,"Vor einer Woche hat Judith wieder ein nettes Kompliment erhalten, als sie in einem Park spazieren war.","Es lässt sich nicht sagen, wie oft Judith ein nettes Kompliment erhalten hat.",unknown,19,ai,bi,1,positive,cannot say,False,,,neutral,0.1254,0.6722,0.2024
19_ai_bi2_once_neu,Vor zwei Wochen hat Greta Judith ein Kompliment gemacht.,"Vor einer Woche hat Greta wieder ein nettes Kompliment erhalten, als sie in einem Park spazieren war.",Greta hat einmal ein nettes Kompliment erhalten.,entailment,19,ai,bi,2,neutral,once,False,,,entailment,0.9063,0.0072,0.0864
19_ai_bi2_twice_neu,Vor zwei Wochen hat Greta Judith ein Kompliment gemacht.,"Vor einer Woche hat Greta wieder ein nettes Kompliment erhalten, als sie in einem Park spazieren war.",Greta hat mindestens zweimal ein nettes Kompliment erhalten.,unknown,19,ai,bi,2,neutral,twice,False,,,entailment,0.959,0.0008,0.0402
19_ai_bi2_cannot_say_neu,Vor zwei Wochen hat Greta Judith ein Kompliment gemacht.,"Vor einer Woche hat Greta wieder ein nettes Kompliment erhalten, als sie in einem Park spazieren war.","Es lässt sich nicht sagen, wie oft Greta ein nettes Kompliment erhalten hat.",unknown,19,ai,bi,2,neutral,cannot say,False,,,neutral,0.1289,0.689,0.1821
19_ai_bii1_once_neu,Vor zwei Wochen hat Greta Judith ein Kompliment gemacht.,"Vor einer Woche hat Judith wieder ein nettes Kompliment verteilt, als sie in einem Park spazieren war.",Judith hat einmal ein nettes Kompliment verteilt.,entailment,19,ai,bii,1,neutral,once,False,,,entailment,0.9004,0.0149,0.0847
19_ai_bii1_twice_neu,Vor zwei Wochen hat Greta Judith ein Kompliment gemacht.,"Vor einer Woche hat Judith wieder ein nettes Kompliment verteilt, als sie in einem Park spazieren war.",Judith hat mindestens zweimal ein nettes Kompliment verteilt.,unknown,19,ai,bii,1,neutral,twice,False,,,entailment,0.9554,0.0019,0.0427
19_ai_bii1_cannot_say_neu,Vor zwei Wochen hat Greta Judith ein Kompliment gemacht.,"Vor einer Woche hat Judith wieder ein nettes Kompliment verteilt, als sie in einem Park spazieren war.","Es lässt sich nicht sagen, wie oft Judith ein nettes Kompliment verteilt hat.",unknown,19,ai,bii,1,neutral,cannot say,False,,,neutral,0.1221,0.6719,0.206
19_ai_bii2_once_pos,Vor zwei Wochen hat Greta Judith ein Kompliment gemacht.,"Vor einer Woche hat Greta wieder ein nettes Kompliment verteilt, als sie in einem Park spazieren war.",Greta hat einmal ein nettes Kompliment verteilt.,unknown,19,ai,bii,2,positive,once,False,,,entailment,0.9245,0.0034,0.0721
19_ai_bii2_twice_pos,Vor zwei Wochen hat Greta Judith ein Kompliment gemacht.,"Vor einer Woche hat Greta wieder ein nettes Kompliment verteilt, als sie in einem Park spazieren war.",Greta hat mindestens zweimal ein nettes Kompliment verteilt.,entailment,19,ai,bii,2,positive,twice,False,,,entailment,0.9624,0.0007,0.0369
19_ai_bii2_cannot_say_pos,Vor zwei Wochen hat Greta Judith ein Kompliment gemacht.,"Vor einer Woche hat Greta wieder ein nettes Kompliment verteilt, als sie in einem Park spazieren war.","Es lässt sich nicht sagen, wie oft Greta ein nettes Kompliment verteilt hat.",unknown,19,ai,bii,2,positive,cannot say,False,,,neutral,0.1184,0.7268,0.1548
19_aii_bi1_once_neu,Vor zwei Wochen hat Judith Greta ein Kompliment gemacht.,"Vor einer Woche hat Judith wieder ein nettes Kompliment erhalten, als sie in einem Park spazieren war.",Judith hat einmal ein nettes Kompliment erhalten.,entailment,19,aii,bi,1,neutral,once,False,,,entailment,0.897,0.0131,0.0899
19_aii_bi1_twice_neu,Vor zwei Wochen hat Judith Greta ein Kompliment gemacht.,"Vor einer Woche hat Judith wieder ein nettes Kompliment erhalten, als sie in einem Park spazieren war.",Judith hat mindestens zweimal ein nettes Kompliment erhalten.,unknown,19,aii,bi,1,neutral,twice,False,,,entailment,0.9508,0.0019,0.0473
19_aii_bi1_cannot_say_neu,Vor zwei Wochen hat Judith Greta ein Kompliment gemacht.,"Vor einer Woche hat Judith wieder ein nettes Kompliment erhalten, als sie in einem Park spazieren war.","Es lässt sich nicht sagen, wie oft Judith ein nettes Kompliment erhalten hat.",unknown,19,aii,bi,1,neutral,cannot say,False,,,neutral,0.1251,0.6733,0.2016
19_aii_bi2_once_pos,Vor zwei Wochen hat Judith Greta ein Kompliment gemacht.,"Vor einer Woche hat Greta wieder ein nettes Kompliment erhalten, als sie in einem Park spazieren war.",Greta hat einmal ein nettes Kompliment erhalten.,unknown,19,aii,bi,2,positive,once,False,,,entailment,0.8784,0.0211,0.1006
19_aii_bi2_twice_pos,Vor zwei Wochen hat Judith Greta ein Kompliment gemacht.,"Vor einer Woche hat Greta wieder ein nettes Kompliment erhalten, als sie in einem Park spazieren war.",Greta hat mindestens zweimal ein nettes Kompliment erhalten.,entailment,19,aii,bi,2,positive,twice,False,,,entailment,0.9491,0.0017,0.0492
19_aii_bi2_cannot_say_pos,Vor zwei Wochen hat Judith Greta ein Kompliment gemacht.,"Vor einer Woche hat Greta wieder ein nettes Kompliment erhalten, als sie in einem Park spazieren war.","Es lässt sich nicht sagen, wie oft Greta ein nettes Kompliment erhalten hat.",unknown,19,aii,bi,2,positive,cannot say,False,,,neutral,0.1244,0.6931,0.1825
19_aii_bii1_once_pos,Vor zwei Wochen hat Judith Greta ein Kompliment gemacht.,"Vor einer Woche hat Judith wieder ein nettes Kompliment verteilt, als sie in einem Park spazieren war.",Judith hat einmal ein nettes Kompliment verteilt.,unknown,19,aii,bii,1,positive,once,False,,,entailment,0.9015,0.0102,0.0882
19_aii_bii1_twice_pos,Vor zwei Wochen hat Judith Greta ein Kompliment gemacht.,"Vor einer Woche hat Judith wieder ein nettes Kompliment verteilt, als sie in einem Park spazieren war.",Judith hat mindestens zweimal ein nettes Kompliment verteilt.,entailment,19,aii,bii,1,positive,twice,False,,,entailment,0.9559,0.0017,0.0424
19_aii_bii1_cannot_say_pos,Vor zwei Wochen hat Judith Greta ein Kompliment gemacht.,"Vor einer Woche hat Judith wieder ein nettes Kompliment verteilt, als sie in einem Park spazieren war.","Es lässt sich nicht sagen, wie oft Judith ein nettes Kompliment verteilt hat.",unknown,19,aii,bii,1,positive,cannot say,False,,,neutral,0.1276,0.6752,0.1972
19_aii_bii2_once_neu,Vor zwei Wochen hat Judith Greta ein Kompliment gemacht.,"Vor einer Woche hat Greta wieder ein nettes Kompliment verteilt, als sie in einem Park spazieren war.",Greta hat einmal ein nettes Kompliment verteilt.,entailment,19,aii,bii,2,neutral,once,False,,,entailment,0.8892,0.0143,0.0965
19_aii_bii2_twice_neu,Vor zwei Wochen hat Judith Greta ein Kompliment gemacht.,"Vor einer Woche hat Greta wieder ein nettes Kompliment verteilt, als sie in einem Park spazieren war.",Greta hat mindestens zweimal ein nettes Kompliment verteilt.,unknown,19,aii,bii,2,neutral,twice,False,,,entailment,0.9464,0.0024,0.0512
19_aii_bii2_cannot_say_neu,Vor zwei Wochen hat Judith Greta ein Kompliment gemacht.,"Vor einer Woche hat Greta wieder ein nettes Kompliment verteilt, als sie in einem Park spazieren war.","Es lässt sich nicht sagen, wie oft Greta ein nettes Kompliment verteilt hat.",unknown,19,aii,bii,2,neutral,cannot say,False,,,neutral,0.1213,0.7058,0.1729
20_ai_bi1_once_pos,Vor drei Monaten hat Greta Karl ein französisches Lied beigebracht.,"Vor zwei Wochen hat Karl wieder ein französisches Lied gelernt, als er mit einem Freund unterwegs war.",Karl hat einmal ein französisches Lied gelernt.,unknown,20,ai,bi,1,positive,once,False,,,entailment,0.801,0.0784,0.1205
20_ai_bi1_twice_pos,Vor drei Monaten hat Greta Karl ein französisches Lied beigebracht.,"Vor zwei Wochen hat Karl wieder ein französisches Lied gelernt, als er mit einem Freund unterwegs war.",Karl hat mindestens zweimal ein französisches Lied gelernt.,entailment,20,ai,bi,1,positive,twice,False,,,entailment,0.854,0.026,0.12
20_ai_bi1_cannot_say_pos,Vor drei Monaten hat Greta Karl ein französisches Lied beigebracht.,"Vor zwei Wochen hat Karl wieder ein französisches Lied gelernt, als er mit einem Freund unterwegs war.","Es lässt sich nicht sagen, wie oft Karl ein französisches Lied gelernt hat.",unknown,20,ai,bi,1,positive,cannot say,False,,,neutral,0.1086,0.6459,0.2455
20_ai_bi2_once_neu,Vor drei Monaten hat Greta Karl ein französisches Lied beigebracht.,"Vor zwei Wochen hat Greta wieder ein französisches Lied gelernt, als sie mit einem Freund unterwegs war.",Greta hat einmal ein französisches Lied gelernt.,entailment,20,ai,bi,2,neutral,once,False,,,entailment,0.7873,0.0968,0.1159
20_ai_bi2_twice_neu,Vor drei Monaten hat Greta Karl ein französisches Lied beigebracht.,"Vor zwei Wochen hat Greta wieder ein französisches Lied gelernt, als sie mit einem Freund unterwegs war.",Greta hat mindestens zweimal ein französisches Lied gelernt.,unknown,20,ai,bi,2,neutral,twice,False,,,entailment,0.8559,0.0293,0.1149
20_ai_bi2_cannot_say_neu,Vor drei Monaten hat Greta Karl ein französisches Lied beigebracht.,"Vor zwei Wochen hat Greta wieder ein französisches Lied gelernt, als sie mit einem Freund unterwegs war.","Es lässt sich nicht sagen, wie oft Greta ein französisches Lied gelernt hat.",unknown,20,ai,bi,2,neutral,cannot say,False,,,neutral,0.1113,0.6482,0.2405
20_ai_bii1_once_neu,Vor drei Monaten hat Greta Karl ein französisches Lied beigebracht.,"Vor zwei Wochen hat Karl wieder einem Freund ein französisches Lied beigebracht, als er mit einem Freund unterwegs war.",Karl hat einmal einem Freund ein französisches Lied beigebracht.,entailment,20,ai,bii,1,neutral,once,True,"The b(ii) printed for item 20 in Tiemann.Dissertation2.pdf (p. 154) is a verbatim duplicate of item 19 b(ii) â 'ein nettes Kompliment verteilt, als {er/sie} in einem Park spazieren war' â carrying the wrong names and the wrong theme for an item about a französisches Lied. That is a typesetting error in the dissertation, not an extraction error. This text is a user-approved editorial reconstruction (2026-09-08), replacing the earlier gesungen reconstruction, following the verb-pairing pattern of the surrounding items (recipient verb in bi, agent verb in bii), not verbatim dissertation text.",,entailment,0.8189,0.063,0.1181
20_ai_bii1_twice_neu,Vor drei Monaten hat Greta Karl ein französisches Lied beigebracht.,"Vor zwei Wochen hat Karl wieder einem Freund ein französisches Lied beigebracht, als er mit einem Freund unterwegs war.",Karl hat mindestens zweimal einem Freund ein französisches Lied beigebracht.,unknown,20,ai,bii,1,neutral,twice,True,"The b(ii) printed for item 20 in Tiemann.Dissertation2.pdf (p. 154) is a verbatim duplicate of item 19 b(ii) â 'ein nettes Kompliment verteilt, als {er/sie} in einem Park spazieren war' â carrying the wrong names and the wrong theme for an item about a französisches Lied. That is a typesetting error in the dissertation, not an extraction error. This text is a user-approved editorial reconstruction (2026-09-08), replacing the earlier gesungen reconstruction, following the verb-pairing pattern of the surrounding items (recipient verb in bi, agent verb in bii), not verbatim dissertation text.",,entailment,0.8877,0.006,0.1064
20_ai_bii1_cannot_say_neu,Vor drei Monaten hat Greta Karl ein französisches Lied beigebracht.,"Vor zwei Wochen hat Karl wieder einem Freund ein französisches Lied beigebracht, als er mit einem Freund unterwegs war.","Es lässt sich nicht sagen, wie oft Karl einem Freund ein französisches Lied beigebracht hat.",unknown,20,ai,bii,1,neutral,cannot say,True,"The b(ii) printed for item 20 in Tiemann.Dissertation2.pdf (p. 154) is a verbatim duplicate of item 19 b(ii) â 'ein nettes Kompliment verteilt, als {er/sie} in einem Park spazieren war' â carrying the wrong names and the wrong theme for an item about a französisches Lied. That is a typesetting error in the dissertation, not an extraction error. This text is a user-approved editorial reconstruction (2026-09-08), replacing the earlier gesungen reconstruction, following the verb-pairing pattern of the surrounding items (recipient verb in bi, agent verb in bii), not verbatim dissertation text.",,neutral,0.1296,0.5657,0.3046
20_ai_bii2_once_pos,Vor drei Monaten hat Greta Karl ein französisches Lied beigebracht.,"Vor zwei Wochen hat Greta wieder einem Freund ein französisches Lied beigebracht, als sie mit einem Freund unterwegs war.",Greta hat einmal einem Freund ein französisches Lied beigebracht.,unknown,20,ai,bii,2,positive,once,True,"The b(ii) printed for item 20 in Tiemann.Dissertation2.pdf (p. 154) is a verbatim duplicate of item 19 b(ii) â 'ein nettes Kompliment verteilt, als {er/sie} in einem Park spazieren war' â carrying the wrong names and the wrong theme for an item about a französisches Lied. That is a typesetting error in the dissertation, not an extraction error. This text is a user-approved editorial reconstruction (2026-09-08), replacing the earlier gesungen reconstruction, following the verb-pairing pattern of the surrounding items (recipient verb in bi, agent verb in bii), not verbatim dissertation text.",,entailment,0.7868,0.0856,0.1275
20_ai_bii2_twice_pos,Vor drei Monaten hat Greta Karl ein französisches Lied beigebracht.,"Vor zwei Wochen hat Greta wieder einem Freund ein französisches Lied beigebracht, als sie mit einem Freund unterwegs war.",Greta hat mindestens zweimal einem Freund ein französisches Lied beigebracht.,entailment,20,ai,bii,2,positive,twice,True,"The b(ii) printed for item 20 in Tiemann.Dissertation2.pdf (p. 154) is a verbatim duplicate of item 19 b(ii) â 'ein nettes Kompliment verteilt, als {er/sie} in einem Park spazieren war' â carrying the wrong names and the wrong theme for an item about a französisches Lied. That is a typesetting error in the dissertation, not an extraction error. This text is a user-approved editorial reconstruction (2026-09-08), replacing the earlier gesungen reconstruction, following the verb-pairing pattern of the surrounding items (recipient verb in bi, agent verb in bii), not verbatim dissertation text.",,entailment,0.9016,0.0043,0.0941
20_ai_bii2_cannot_say_pos,Vor drei Monaten hat Greta Karl ein französisches Lied beigebracht.,"Vor zwei Wochen hat Greta wieder einem Freund ein französisches Lied beigebracht, als sie mit einem Freund unterwegs war.","Es lässt sich nicht sagen, wie oft Greta einem Freund ein französisches Lied beigebracht hat.",unknown,20,ai,bii,2,positive,cannot say,True,"The b(ii) printed for item 20 in Tiemann.Dissertation2.pdf (p. 154) is a verbatim duplicate of item 19 b(ii) â 'ein nettes Kompliment verteilt, als {er/sie} in einem Park spazieren war' â carrying the wrong names and the wrong theme for an item about a französisches Lied. That is a typesetting error in the dissertation, not an extraction error. This text is a user-approved editorial reconstruction (2026-09-08), replacing the earlier gesungen reconstruction, following the verb-pairing pattern of the surrounding items (recipient verb in bi, agent verb in bii), not verbatim dissertation text.",,neutral,0.124,0.6092,0.2667
20_aii_bi1_once_neu,Vor drei Monaten hat Karl Greta ein französisches Lied beigebracht.,"Vor zwei Wochen hat Karl wieder ein französisches Lied gelernt, als er mit einem Freund unterwegs war.",Karl hat einmal ein französisches Lied gelernt.,entailment,20,aii,bi,1,neutral,once,False,,,entailment,0.8265,0.0573,0.1161
20_aii_bi1_twice_neu,Vor drei Monaten hat Karl Greta ein französisches Lied beigebracht.,"Vor zwei Wochen hat Karl wieder ein französisches Lied gelernt, als er mit einem Freund unterwegs war.",Karl hat mindestens zweimal ein französisches Lied gelernt.,unknown,20,aii,bi,1,neutral,twice,False,,,entailment,0.8607,0.0235,0.1158
20_aii_bi1_cannot_say_neu,Vor drei Monaten hat Karl Greta ein französisches Lied beigebracht.,"Vor zwei Wochen hat Karl wieder ein französisches Lied gelernt, als er mit einem Freund unterwegs war.","Es lässt sich nicht sagen, wie oft Karl ein französisches Lied gelernt hat.",unknown,20,aii,bi,1,neutral,cannot say,False,,,neutral,0.1058,0.6662,0.2281
20_aii_bi2_once_pos,Vor drei Monaten hat Karl Greta ein französisches Lied beigebracht.,"Vor zwei Wochen hat Greta wieder ein französisches Lied gelernt, als sie mit einem Freund unterwegs war.",Greta hat einmal ein französisches Lied gelernt.,unknown,20,aii,bi,2,positive,once,False,,,entailment,0.7276,0.159,0.1133
20_aii_bi2_twice_pos,Vor drei Monaten hat Karl Greta ein französisches Lied beigebracht.,"Vor zwei Wochen hat Greta wieder ein französisches Lied gelernt, als sie mit einem Freund unterwegs war.",Greta hat mindestens zweimal ein französisches Lied gelernt.,entailment,20,aii,bi,2,positive,twice,False,,,entailment,0.8136,0.057,0.1294
20_aii_bi2_cannot_say_pos,Vor drei Monaten hat Karl Greta ein französisches Lied beigebracht.,"Vor zwei Wochen hat Greta wieder ein französisches Lied gelernt, als sie mit einem Freund unterwegs war.","Es lässt sich nicht sagen, wie oft Greta ein französisches Lied gelernt hat.",unknown,20,aii,bi,2,positive,cannot say,False,,,neutral,0.1109,0.6506,0.2385
20_aii_bii1_once_pos,Vor drei Monaten hat Karl Greta ein französisches Lied beigebracht.,"Vor zwei Wochen hat Karl wieder einem Freund ein französisches Lied beigebracht, als er mit einem Freund unterwegs war.",Karl hat einmal einem Freund ein französisches Lied beigebracht.,unknown,20,aii,bii,1,positive,once,True,"The b(ii) printed for item 20 in Tiemann.Dissertation2.pdf (p. 154) is a verbatim duplicate of item 19 b(ii) â 'ein nettes Kompliment verteilt, als {er/sie} in einem Park spazieren war' â carrying the wrong names and the wrong theme for an item about a französisches Lied. That is a typesetting error in the dissertation, not an extraction error. This text is a user-approved editorial reconstruction (2026-09-08), replacing the earlier gesungen reconstruction, following the verb-pairing pattern of the surrounding items (recipient verb in bi, agent verb in bii), not verbatim dissertation text.",,entailment,0.8091,0.0708,0.1201
20_aii_bii1_twice_pos,Vor drei Monaten hat Karl Greta ein französisches Lied beigebracht.,"Vor zwei Wochen hat Karl wieder einem Freund ein französisches Lied beigebracht, als er mit einem Freund unterwegs war.",Karl hat mindestens zweimal einem Freund ein französisches Lied beigebracht.,entailment,20,aii,bii,1,positive,twice,True,"The b(ii) printed for item 20 in Tiemann.Dissertation2.pdf (p. 154) is a verbatim duplicate of item 19 b(ii) â 'ein nettes Kompliment verteilt, als {er/sie} in einem Park spazieren war' â carrying the wrong names and the wrong theme for an item about a französisches Lied. That is a typesetting error in the dissertation, not an extraction error. This text is a user-approved editorial reconstruction (2026-09-08), replacing the earlier gesungen reconstruction, following the verb-pairing pattern of the surrounding items (recipient verb in bi, agent verb in bii), not verbatim dissertation text.",,entailment,0.8763,0.0086,0.1152
20_aii_bii1_cannot_say_pos,Vor drei Monaten hat Karl Greta ein französisches Lied beigebracht.,"Vor zwei Wochen hat Karl wieder einem Freund ein französisches Lied beigebracht, als er mit einem Freund unterwegs war.","Es lässt sich nicht sagen, wie oft Karl einem Freund ein französisches Lied beigebracht hat.",unknown,20,aii,bii,1,positive,cannot say,True,"The b(ii) printed for item 20 in Tiemann.Dissertation2.pdf (p. 154) is a verbatim duplicate of item 19 b(ii) â 'ein nettes Kompliment verteilt, als {er/sie} in einem Park spazieren war' â carrying the wrong names and the wrong theme for an item about a französisches Lied. That is a typesetting error in the dissertation, not an extraction error. This text is a user-approved editorial reconstruction (2026-09-08), replacing the earlier gesungen reconstruction, following the verb-pairing pattern of the surrounding items (recipient verb in bi, agent verb in bii), not verbatim dissertation text.",,neutral,0.1349,0.5743,0.2908
20_aii_bii2_once_neu,Vor drei Monaten hat Karl Greta ein französisches Lied beigebracht.,"Vor zwei Wochen hat Greta wieder einem Freund ein französisches Lied beigebracht, als sie mit einem Freund unterwegs war.",Greta hat einmal einem Freund ein französisches Lied beigebracht.,entailment,20,aii,bii,2,neutral,once,True,"The b(ii) printed for item 20 in Tiemann.Dissertation2.pdf (p. 154) is a verbatim duplicate of item 19 b(ii) â 'ein nettes Kompliment verteilt, als {er/sie} in einem Park spazieren war' â carrying the wrong names and the wrong theme for an item about a französisches Lied. That is a typesetting error in the dissertation, not an extraction error. This text is a user-approved editorial reconstruction (2026-09-08), replacing the earlier gesungen reconstruction, following the verb-pairing pattern of the surrounding items (recipient verb in bi, agent verb in bii), not verbatim dissertation text.",,entailment,0.7694,0.1181,0.1124
20_aii_bii2_twice_neu,Vor drei Monaten hat Karl Greta ein französisches Lied beigebracht.,"Vor zwei Wochen hat Greta wieder einem Freund ein französisches Lied beigebracht, als sie mit einem Freund unterwegs war.",Greta hat mindestens zweimal einem Freund ein französisches Lied beigebracht.,unknown,20,aii,bii,2,neutral,twice,True,"The b(ii) printed for item 20 in Tiemann.Dissertation2.pdf (p. 154) is a verbatim duplicate of item 19 b(ii) â 'ein nettes Kompliment verteilt, als {er/sie} in einem Park spazieren war' â carrying the wrong names and the wrong theme for an item about a französisches Lied. That is a typesetting error in the dissertation, not an extraction error. This text is a user-approved editorial reconstruction (2026-09-08), replacing the earlier gesungen reconstruction, following the verb-pairing pattern of the surrounding items (recipient verb in bi, agent verb in bii), not verbatim dissertation text.",,entailment,0.8834,0.01,0.1065
20_aii_bii2_cannot_say_neu,Vor drei Monaten hat Karl Greta ein französisches Lied beigebracht.,"Vor zwei Wochen hat Greta wieder einem Freund ein französisches Lied beigebracht, als sie mit einem Freund unterwegs war.","Es lässt sich nicht sagen, wie oft Greta einem Freund ein französisches Lied beigebracht hat.",unknown,20,aii,bii,2,neutral,cannot say,True,"The b(ii) printed for item 20 in Tiemann.Dissertation2.pdf (p. 154) is a verbatim duplicate of item 19 b(ii) â 'ein nettes Kompliment verteilt, als {er/sie} in einem Park spazieren war' â carrying the wrong names and the wrong theme for an item about a französisches Lied. That is a typesetting error in the dissertation, not an extraction error. This text is a user-approved editorial reconstruction (2026-09-08), replacing the earlier gesungen reconstruction, following the verb-pairing pattern of the surrounding items (recipient verb in bi, agent verb in bii), not verbatim dissertation text.",,neutral,0.1238,0.6099,0.2663
21_ai_bi1_once_pos,Letztes Jahr hat Tina Timo eine Überraschungsparty zum bestandenen Examen organisiert.,"Vor vier Monaten hat Timo wieder eine große Überraschungsparty bekommen, weil er in einem Preisausschreiben gewonnen hatte.",Timo hat einmal eine große Überraschungsparty bekommen.,unknown,21,ai,bi,1,positive,once,False,,,entailment,0.8464,0.0098,0.1438
21_ai_bi1_twice_pos,Letztes Jahr hat Tina Timo eine Überraschungsparty zum bestandenen Examen organisiert.,"Vor vier Monaten hat Timo wieder eine große Überraschungsparty bekommen, weil er in einem Preisausschreiben gewonnen hatte.",Timo hat mindestens zweimal eine große Überraschungsparty bekommen.,entailment,21,ai,bi,1,positive,twice,False,,,entailment,0.8842,0.0103,0.1055
21_ai_bi1_cannot_say_pos,Letztes Jahr hat Tina Timo eine Überraschungsparty zum bestandenen Examen organisiert.,"Vor vier Monaten hat Timo wieder eine große Überraschungsparty bekommen, weil er in einem Preisausschreiben gewonnen hatte.","Es lässt sich nicht sagen, wie oft Timo eine große Überraschungsparty bekommen hat.",unknown,21,ai,bi,1,positive,cannot say,False,,,neutral,0.1092,0.7041,0.1866
21_ai_bi2_once_neu,Letztes Jahr hat Tina Timo eine Überraschungsparty zum bestandenen Examen organisiert.,"Vor vier Monaten hat Tina wieder eine große Überraschungsparty bekommen, weil sie in einem Preisausschreiben gewonnen hatte.",Tina hat einmal eine große Überraschungsparty bekommen.,entailment,21,ai,bi,2,neutral,once,False,,,entailment,0.8409,0.048,0.1111
21_ai_bi2_twice_neu,Letztes Jahr hat Tina Timo eine Überraschungsparty zum bestandenen Examen organisiert.,"Vor vier Monaten hat Tina wieder eine große Überraschungsparty bekommen, weil sie in einem Preisausschreiben gewonnen hatte.",Tina hat mindestens zweimal eine große Überraschungsparty bekommen.,unknown,21,ai,bi,2,neutral,twice,False,,,entailment,0.8926,0.0133,0.0941
21_ai_bi2_cannot_say_neu,Letztes Jahr hat Tina Timo eine Überraschungsparty zum bestandenen Examen organisiert.,"Vor vier Monaten hat Tina wieder eine große Überraschungsparty bekommen, weil sie in einem Preisausschreiben gewonnen hatte.","Es lässt sich nicht sagen, wie oft Tina eine große Überraschungsparty bekommen hat.",unknown,21,ai,bi,2,neutral,cannot say,False,,,neutral,0.1141,0.7159,0.1699
21_ai_bii1_once_neu,Letztes Jahr hat Tina Timo eine Überraschungsparty zum bestandenen Examen organisiert.,"Vor vier Monaten hat Timo wieder eine große Überraschungsparty ausgerichtet, weil er in einem Preisausschreiben gewonnen hatte.",Timo hat einmal eine große Überraschungsparty ausgerichtet.,entailment,21,ai,bii,1,neutral,once,False,,,entailment,0.8412,0.0161,0.1426
21_ai_bii1_twice_neu,Letztes Jahr hat Tina Timo eine Überraschungsparty zum bestandenen Examen organisiert.,"Vor vier Monaten hat Timo wieder eine große Überraschungsparty ausgerichtet, weil er in einem Preisausschreiben gewonnen hatte.",Timo hat mindestens zweimal eine große Überraschungsparty ausgerichtet.,unknown,21,ai,bii,1,neutral,twice,False,,,entailment,0.8949,0.0092,0.0959
21_ai_bii1_cannot_say_neu,Letztes Jahr hat Tina Timo eine Überraschungsparty zum bestandenen Examen organisiert.,"Vor vier Monaten hat Timo wieder eine große Überraschungsparty ausgerichtet, weil er in einem Preisausschreiben gewonnen hatte.","Es lässt sich nicht sagen, wie oft Timo eine große Überraschungsparty ausgerichtet hat.",unknown,21,ai,bii,1,neutral,cannot say,False,,,neutral,0.1062,0.7259,0.1679
21_ai_bii2_once_pos,Letztes Jahr hat Tina Timo eine Überraschungsparty zum bestandenen Examen organisiert.,"Vor vier Monaten hat Tina wieder eine große Überraschungsparty ausgerichtet, weil sie in einem Preisausschreiben gewonnen hatte.",Tina hat einmal eine große Überraschungsparty ausgerichtet.,unknown,21,ai,bii,2,positive,once,False,,,entailment,0.8501,0.03,0.1199
21_ai_bii2_twice_pos,Letztes Jahr hat Tina Timo eine Überraschungsparty zum bestandenen Examen organisiert.,"Vor vier Monaten hat Tina wieder eine große Überraschungsparty ausgerichtet, weil sie in einem Preisausschreiben gewonnen hatte.",Tina hat mindestens zweimal eine große Überraschungsparty ausgerichtet.,entailment,21,ai,bii,2,positive,twice,False,,,entailment,0.9026,0.0105,0.087
21_ai_bii2_cannot_say_pos,Letztes Jahr hat Tina Timo eine Überraschungsparty zum bestandenen Examen organisiert.,"Vor vier Monaten hat Tina wieder eine große Überraschungsparty ausgerichtet, weil sie in einem Preisausschreiben gewonnen hatte.","Es lässt sich nicht sagen, wie oft Tina eine große Überraschungsparty ausgerichtet hat.",unknown,21,ai,bii,2,positive,cannot say,False,,,neutral,0.1013,0.7582,0.1405
21_aii_bi1_once_neu,Letztes Jahr hat Timo Tina eine Überraschungsparty zum bestandenen Examen organisiert.,"Vor vier Monaten hat Timo wieder eine große Überraschungsparty bekommen, weil er in einem Preisausschreiben gewonnen hatte.",Timo hat einmal eine große Überraschungsparty bekommen.,entailment,21,aii,bi,1,neutral,once,False,,,entailment,0.8459,0.0126,0.1415
21_aii_bi1_twice_neu,Letztes Jahr hat Timo Tina eine Überraschungsparty zum bestandenen Examen organisiert.,"Vor vier Monaten hat Timo wieder eine große Überraschungsparty bekommen, weil er in einem Preisausschreiben gewonnen hatte.",Timo hat mindestens zweimal eine große Überraschungsparty bekommen.,unknown,21,aii,bi,1,neutral,twice,False,,,entailment,0.8929,0.0091,0.098
21_aii_bi1_cannot_say_neu,Letztes Jahr hat Timo Tina eine Überraschungsparty zum bestandenen Examen organisiert.,"Vor vier Monaten hat Timo wieder eine große Überraschungsparty bekommen, weil er in einem Preisausschreiben gewonnen hatte.","Es lässt sich nicht sagen, wie oft Timo eine große Überraschungsparty bekommen hat.",unknown,21,aii,bi,1,neutral,cannot say,False,,,neutral,0.1063,0.7275,0.1662
21_aii_bi2_once_pos,Letztes Jahr hat Timo Tina eine Überraschungsparty zum bestandenen Examen organisiert.,"Vor vier Monaten hat Tina wieder eine große Überraschungsparty bekommen, weil sie in einem Preisausschreiben gewonnen hatte.",Tina hat einmal eine große Überraschungsparty bekommen.,unknown,21,aii,bi,2,positive,once,False,,,entailment,0.839,0.0614,0.0996
21_aii_bi2_twice_pos,Letztes Jahr hat Timo Tina eine Überraschungsparty zum bestandenen Examen organisiert.,"Vor vier Monaten hat Tina wieder eine große Überraschungsparty bekommen, weil sie in einem Preisausschreiben gewonnen hatte.",Tina hat mindestens zweimal eine große Überraschungsparty bekommen.,entailment,21,aii,bi,2,positive,twice,False,,,entailment,0.8837,0.0189,0.0974
21_aii_bi2_cannot_say_pos,Letztes Jahr hat Timo Tina eine Überraschungsparty zum bestandenen Examen organisiert.,"Vor vier Monaten hat Tina wieder eine große Überraschungsparty bekommen, weil sie in einem Preisausschreiben gewonnen hatte.","Es lässt sich nicht sagen, wie oft Tina eine große Überraschungsparty bekommen hat.",unknown,21,aii,bi,2,positive,cannot say,False,,,neutral,0.1182,0.7109,0.1709
21_aii_bii1_once_pos,Letztes Jahr hat Timo Tina eine Überraschungsparty zum bestandenen Examen organisiert.,"Vor vier Monaten hat Timo wieder eine große Überraschungsparty ausgerichtet, weil er in einem Preisausschreiben gewonnen hatte.",Timo hat einmal eine große Überraschungsparty ausgerichtet.,unknown,21,aii,bii,1,positive,once,False,,,entailment,0.8386,0.0204,0.141
21_aii_bii1_twice_pos,Letztes Jahr hat Timo Tina eine Überraschungsparty zum bestandenen Examen organisiert.,"Vor vier Monaten hat Timo wieder eine große Überraschungsparty ausgerichtet, weil er in einem Preisausschreiben gewonnen hatte.",Timo hat mindestens zweimal eine große Überraschungsparty ausgerichtet.,entailment,21,aii,bii,1,positive,twice,False,,,entailment,0.9044,0.0064,0.0893
21_aii_bii1_cannot_say_pos,Letztes Jahr hat Timo Tina eine Überraschungsparty zum bestandenen Examen organisiert.,"Vor vier Monaten hat Timo wieder eine große Überraschungsparty ausgerichtet, weil er in einem Preisausschreiben gewonnen hatte.","Es lässt sich nicht sagen, wie oft Timo eine große Überraschungsparty ausgerichtet hat.",unknown,21,aii,bii,1,positive,cannot say,False,,,neutral,0.1131,0.7164,0.1705
21_aii_bii2_once_neu,Letztes Jahr hat Timo Tina eine Überraschungsparty zum bestandenen Examen organisiert.,"Vor vier Monaten hat Tina wieder eine große Überraschungsparty ausgerichtet, weil sie in einem Preisausschreiben gewonnen hatte.",Tina hat einmal eine große Überraschungsparty ausgerichtet.,entailment,21,aii,bii,2,neutral,once,False,,,entailment,0.8377,0.0477,0.1147
21_aii_bii2_twice_neu,Letztes Jahr hat Timo Tina eine Überraschungsparty zum bestandenen Examen organisiert.,"Vor vier Monaten hat Tina wieder eine große Überraschungsparty ausgerichtet, weil sie in einem Preisausschreiben gewonnen hatte.",Tina hat mindestens zweimal eine große Überraschungsparty ausgerichtet.,unknown,21,aii,bii,2,neutral,twice,False,,,entailment,0.8916,0.0171,0.0913
21_aii_bii2_cannot_say_neu,Letztes Jahr hat Timo Tina eine Überraschungsparty zum bestandenen Examen organisiert.,"Vor vier Monaten hat Tina wieder eine große Überraschungsparty ausgerichtet, weil sie in einem Preisausschreiben gewonnen hatte.","Es lässt sich nicht sagen, wie oft Tina eine große Überraschungsparty ausgerichtet hat.",unknown,21,aii,bii,2,neutral,cannot say,False,,,neutral,0.109,0.7398,0.1512
22_ai_bi1_once_pos,Vor vier Wochen hat Tina Greta von einer albernen Geschichte aus ihrem Leben berichtet.,"Vor zwei Tagen hat Greta wieder eine alberne Geschichte gehört, als sie auf einer Geburtstagsparty eingeladen war.",Greta hat einmal eine alberne Geschichte gehört.,unknown,22,ai,bi,1,positive,once,False,,,entailment,0.5979,0.2191,0.1831
22_ai_bi1_twice_pos,Vor vier Wochen hat Tina Greta von einer albernen Geschichte aus ihrem Leben berichtet.,"Vor zwei Tagen hat Greta wieder eine alberne Geschichte gehört, als sie auf einer Geburtstagsparty eingeladen war.",Greta hat mindestens zweimal eine alberne Geschichte gehört.,entailment,22,ai,bi,1,positive,twice,False,,,entailment,0.893,0.0133,0.0937
22_ai_bi1_cannot_say_pos,Vor vier Wochen hat Tina Greta von einer albernen Geschichte aus ihrem Leben berichtet.,"Vor zwei Tagen hat Greta wieder eine alberne Geschichte gehört, als sie auf einer Geburtstagsparty eingeladen war.","Es lässt sich nicht sagen, wie oft Greta eine alberne Geschichte gehört hat.",unknown,22,ai,bi,1,positive,cannot say,False,,,neutral,0.1166,0.5936,0.2897
22_ai_bi2_once_neu,Vor vier Wochen hat Tina Greta von einer albernen Geschichte aus ihrem Leben berichtet.,"Vor zwei Tagen hat Tina wieder eine alberne Geschichte gehört, als sie auf einer Geburtstagsparty eingeladen war.",Tina hat einmal eine alberne Geschichte gehört.,entailment,22,ai,bi,2,neutral,once,False,,,entailment,0.5837,0.2383,0.178
22_ai_bi2_twice_neu,Vor vier Wochen hat Tina Greta von einer albernen Geschichte aus ihrem Leben berichtet.,"Vor zwei Tagen hat Tina wieder eine alberne Geschichte gehört, als sie auf einer Geburtstagsparty eingeladen war.",Tina hat mindestens zweimal eine alberne Geschichte gehört.,unknown,22,ai,bi,2,neutral,twice,False,,,entailment,0.9141,0.0108,0.0751
22_ai_bi2_cannot_say_neu,Vor vier Wochen hat Tina Greta von einer albernen Geschichte aus ihrem Leben berichtet.,"Vor zwei Tagen hat Tina wieder eine alberne Geschichte gehört, als sie auf einer Geburtstagsparty eingeladen war.","Es lässt sich nicht sagen, wie oft Tina eine alberne Geschichte gehört hat.",unknown,22,ai,bi,2,neutral,cannot say,False,,,neutral,0.1104,0.5899,0.2997
22_ai_bii1_once_neu,Vor vier Wochen hat Tina Greta von einer albernen Geschichte aus ihrem Leben berichtet.,"Vor zwei Tagen hat Greta wieder eine alberne Geschichte erzählt, als sie auf einer Geburtstagsparty eingeladen war.",Greta hat einmal eine alberne Geschichte erzählt.,entailment,22,ai,bii,1,neutral,once,False,,,entailment,0.8816,0.0042,0.1143
22_ai_bii1_twice_neu,Vor vier Wochen hat Tina Greta von einer albernen Geschichte aus ihrem Leben berichtet.,"Vor zwei Tagen hat Greta wieder eine alberne Geschichte erzählt, als sie auf einer Geburtstagsparty eingeladen war.",Greta hat mindestens zweimal eine alberne Geschichte erzählt.,unknown,22,ai,bii,1,neutral,twice,False,,,entailment,0.9185,0.0013,0.0802
22_ai_bii1_cannot_say_neu,Vor vier Wochen hat Tina Greta von einer albernen Geschichte aus ihrem Leben berichtet.,"Vor zwei Tagen hat Greta wieder eine alberne Geschichte erzählt, als sie auf einer Geburtstagsparty eingeladen war.","Es lässt sich nicht sagen, wie oft Greta eine alberne Geschichte erzählt hat.",unknown,22,ai,bii,1,neutral,cannot say,False,,,neutral,0.1269,0.6171,0.256
22_ai_bii2_once_pos,Vor vier Wochen hat Tina Greta von einer albernen Geschichte aus ihrem Leben berichtet.,"Vor zwei Tagen hat Tina wieder eine alberne Geschichte erzählt, als sie auf einer Geburtstagsparty eingeladen war.",Tina hat einmal eine alberne Geschichte erzählt.,unknown,22,ai,bii,2,positive,once,False,,,entailment,0.8846,0.0037,0.1117
22_ai_bii2_twice_pos,Vor vier Wochen hat Tina Greta von einer albernen Geschichte aus ihrem Leben berichtet.,"Vor zwei Tagen hat Tina wieder eine alberne Geschichte erzählt, als sie auf einer Geburtstagsparty eingeladen war.",Tina hat mindestens zweimal eine alberne Geschichte erzählt.,entailment,22,ai,bii,2,positive,twice,False,,,entailment,0.9336,0.0015,0.0649
22_ai_bii2_cannot_say_pos,Vor vier Wochen hat Tina Greta von einer albernen Geschichte aus ihrem Leben berichtet.,"Vor zwei Tagen hat Tina wieder eine alberne Geschichte erzählt, als sie auf einer Geburtstagsparty eingeladen war.","Es lässt sich nicht sagen, wie oft Tina eine alberne Geschichte erzählt hat.",unknown,22,ai,bii,2,positive,cannot say,False,,,neutral,0.1271,0.6166,0.2563
22_aii_bi1_once_neu,Vor vier Wochen hat Greta Tina von einer albernen Geschichte aus ihrem Leben berichtet.,"Vor zwei Tagen hat Greta wieder eine alberne Geschichte gehört, als sie auf einer Geburtstagsparty eingeladen war.",Greta hat einmal eine alberne Geschichte gehört.,entailment,22,aii,bi,1,neutral,once,False,,,entailment,0.6,0.2184,0.1816
22_aii_bi1_twice_neu,Vor vier Wochen hat Greta Tina von einer albernen Geschichte aus ihrem Leben berichtet.,"Vor zwei Tagen hat Greta wieder eine alberne Geschichte gehört, als sie auf einer Geburtstagsparty eingeladen war.",Greta hat mindestens zweimal eine alberne Geschichte gehört.,unknown,22,aii,bi,1,neutral,twice,False,,,entailment,0.9073,0.0105,0.0822
22_aii_bi1_cannot_say_neu,Vor vier Wochen hat Greta Tina von einer albernen Geschichte aus ihrem Leben berichtet.,"Vor zwei Tagen hat Greta wieder eine alberne Geschichte gehört, als sie auf einer Geburtstagsparty eingeladen war.","Es lässt sich nicht sagen, wie oft Greta eine alberne Geschichte gehört hat.",unknown,22,aii,bi,1,neutral,cannot say,False,,,neutral,0.1175,0.6018,0.2808
22_aii_bi2_once_pos,Vor vier Wochen hat Greta Tina von einer albernen Geschichte aus ihrem Leben berichtet.,"Vor zwei Tagen hat Tina wieder eine alberne Geschichte gehört, als sie auf einer Geburtstagsparty eingeladen war.",Tina hat einmal eine alberne Geschichte gehört.,unknown,22,aii,bi,2,positive,once,False,,,entailment,0.5537,0.2698,0.1765
22_aii_bi2_twice_pos,Vor vier Wochen hat Greta Tina von einer albernen Geschichte aus ihrem Leben berichtet.,"Vor zwei Tagen hat Tina wieder eine alberne Geschichte gehört, als sie auf einer Geburtstagsparty eingeladen war.",Tina hat mindestens zweimal eine alberne Geschichte gehört.,entailment,22,aii,bi,2,positive,twice,False,,,entailment,0.8944,0.0171,0.0884
22_aii_bi2_cannot_say_pos,Vor vier Wochen hat Greta Tina von einer albernen Geschichte aus ihrem Leben berichtet.,"Vor zwei Tagen hat Tina wieder eine alberne Geschichte gehört, als sie auf einer Geburtstagsparty eingeladen war.","Es lässt sich nicht sagen, wie oft Tina eine alberne Geschichte gehört hat.",unknown,22,aii,bi,2,positive,cannot say,False,,,neutral,0.12,0.5694,0.3106
22_aii_bii1_once_pos,Vor vier Wochen hat Greta Tina von einer albernen Geschichte aus ihrem Leben berichtet.,"Vor zwei Tagen hat Greta wieder eine alberne Geschichte erzählt, als sie auf einer Geburtstagsparty eingeladen war.",Greta hat einmal eine alberne Geschichte erzählt.,unknown,22,aii,bii,1,positive,once,False,,,entailment,0.8886,0.0033,0.1081
22_aii_bii1_twice_pos,Vor vier Wochen hat Greta Tina von einer albernen Geschichte aus ihrem Leben berichtet.,"Vor zwei Tagen hat Greta wieder eine alberne Geschichte erzählt, als sie auf einer Geburtstagsparty eingeladen war.",Greta hat mindestens zweimal eine alberne Geschichte erzählt.,entailment,22,aii,bii,1,positive,twice,False,,,entailment,0.9241,0.0012,0.0747
22_aii_bii1_cannot_say_pos,Vor vier Wochen hat Greta Tina von einer albernen Geschichte aus ihrem Leben berichtet.,"Vor zwei Tagen hat Greta wieder eine alberne Geschichte erzählt, als sie auf einer Geburtstagsparty eingeladen war.","Es lässt sich nicht sagen, wie oft Greta eine alberne Geschichte erzählt hat.",unknown,22,aii,bii,1,positive,cannot say,False,,,neutral,0.1267,0.6375,0.2358
22_aii_bii2_once_neu,Vor vier Wochen hat Greta Tina von einer albernen Geschichte aus ihrem Leben berichtet.,"Vor zwei Tagen hat Tina wieder eine alberne Geschichte erzählt, als sie auf einer Geburtstagsparty eingeladen war.",Tina hat einmal eine alberne Geschichte erzählt.,entailment,22,aii,bii,2,neutral,once,False,,,entailment,0.8731,0.0077,0.1192
22_aii_bii2_twice_neu,Vor vier Wochen hat Greta Tina von einer albernen Geschichte aus ihrem Leben berichtet.,"Vor zwei Tagen hat Tina wieder eine alberne Geschichte erzählt, als sie auf einer Geburtstagsparty eingeladen war.",Tina hat mindestens zweimal eine alberne Geschichte erzählt.,unknown,22,aii,bii,2,neutral,twice,False,,,entailment,0.9283,0.0019,0.0698
22_aii_bii2_cannot_say_neu,Vor vier Wochen hat Greta Tina von einer albernen Geschichte aus ihrem Leben berichtet.,"Vor zwei Tagen hat Tina wieder eine alberne Geschichte erzählt, als sie auf einer Geburtstagsparty eingeladen war.","Es lässt sich nicht sagen, wie oft Tina eine alberne Geschichte erzählt hat.",unknown,22,aii,bii,2,neutral,cannot say,False,,,neutral,0.1201,0.6152,0.2648
23_ai_bi1_once_pos,Vor einer Woche hat Tina Sabine wütend gemacht.,"Vor zwei Tagen hat Sabine wieder einen kleinen Wutanfall bekommen, als sie an einer Schlange anstehen musste.",Sabine hat einmal einen kleinen Wutanfall bekommen.,unknown,23,ai,bi,1,positive,once,False,,,entailment,0.5602,0.2486,0.1912
23_ai_bi1_twice_pos,Vor einer Woche hat Tina Sabine wütend gemacht.,"Vor zwei Tagen hat Sabine wieder einen kleinen Wutanfall bekommen, als sie an einer Schlange anstehen musste.",Sabine hat mindestens zweimal einen kleinen Wutanfall bekommen.,entailment,23,ai,bi,1,positive,twice,False,,,entailment,0.9178,0.0073,0.0749
23_ai_bi1_cannot_say_pos,Vor einer Woche hat Tina Sabine wütend gemacht.,"Vor zwei Tagen hat Sabine wieder einen kleinen Wutanfall bekommen, als sie an einer Schlange anstehen musste.","Es lässt sich nicht sagen, wie oft Sabine einen kleinen Wutanfall bekommen hat.",unknown,23,ai,bi,1,positive,cannot say,False,,,neutral,0.1196,0.6676,0.2128
23_ai_bi2_once_neu,Vor einer Woche hat Tina Sabine wütend gemacht.,"Vor zwei Tagen hat Tina wieder einen kleinen Wutanfall bekommen, als sie an einer Schlange anstehen musste.",Tina hat einmal einen kleinen Wutanfall bekommen.,entailment,23,ai,bi,2,neutral,once,False,,,entailment,0.7381,0.0846,0.1773
23_ai_bi2_twice_neu,Vor einer Woche hat Tina Sabine wütend gemacht.,"Vor zwei Tagen hat Tina wieder einen kleinen Wutanfall bekommen, als sie an einer Schlange anstehen musste.",Tina hat mindestens zweimal einen kleinen Wutanfall bekommen.,unknown,23,ai,bi,2,neutral,twice,False,,,entailment,0.9356,0.0024,0.062
23_ai_bi2_cannot_say_neu,Vor einer Woche hat Tina Sabine wütend gemacht.,"Vor zwei Tagen hat Tina wieder einen kleinen Wutanfall bekommen, als sie an einer Schlange anstehen musste.","Es lässt sich nicht sagen, wie oft Tina einen kleinen Wutanfall bekommen hat.",unknown,23,ai,bi,2,neutral,cannot say,False,,,neutral,0.1189,0.6613,0.2199
23_ai_bii1_once_neu,Vor einer Woche hat Tina Sabine wütend gemacht.,"Vor zwei Tagen hat Sabine wieder einen kleinen Wutanfall provoziert, als sie an einer Schlange anstehen musste.",Sabine hat einmal einen kleinen Wutanfall provoziert.,entailment,23,ai,bii,1,neutral,once,False,,,entailment,0.7786,0.0618,0.1596
23_ai_bii1_twice_neu,Vor einer Woche hat Tina Sabine wütend gemacht.,"Vor zwei Tagen hat Sabine wieder einen kleinen Wutanfall provoziert, als sie an einer Schlange anstehen musste.",Sabine hat mindestens zweimal einen kleinen Wutanfall provoziert.,unknown,23,ai,bii,1,neutral,twice,False,,,entailment,0.9067,0.0056,0.0876
23_ai_bii1_cannot_say_neu,Vor einer Woche hat Tina Sabine wütend gemacht.,"Vor zwei Tagen hat Sabine wieder einen kleinen Wutanfall provoziert, als sie an einer Schlange anstehen musste.","Es lässt sich nicht sagen, wie oft Sabine einen kleinen Wutanfall provoziert hat.",unknown,23,ai,bii,1,neutral,cannot say,False,,,neutral,0.1304,0.6737,0.1959
23_ai_bii2_once_pos,Vor einer Woche hat Tina Sabine wütend gemacht.,"Vor zwei Tagen hat Tina wieder einen kleinen Wutanfall provoziert, als sie an einer Schlange anstehen musste.",Tina hat einmal einen kleinen Wutanfall provoziert.,unknown,23,ai,bii,2,positive,once,False,,,entailment,0.8563,0.0125,0.1312
23_ai_bii2_twice_pos,Vor einer Woche hat Tina Sabine wütend gemacht.,"Vor zwei Tagen hat Tina wieder einen kleinen Wutanfall provoziert, als sie an einer Schlange anstehen musste.",Tina hat mindestens zweimal einen kleinen Wutanfall provoziert.,entailment,23,ai,bii,2,positive,twice,False,,,entailment,0.9386,0.0013,0.06
23_ai_bii2_cannot_say_pos,Vor einer Woche hat Tina Sabine wütend gemacht.,"Vor zwei Tagen hat Tina wieder einen kleinen Wutanfall provoziert, als sie an einer Schlange anstehen musste.","Es lässt sich nicht sagen, wie oft Tina einen kleinen Wutanfall provoziert hat.",unknown,23,ai,bii,2,positive,cannot say,False,,,neutral,0.1229,0.6847,0.1924
23_aii_bi1_once_neu,Vor einer Woche hat Sabine Tina wütend gemacht.,"Vor zwei Tagen hat Sabine wieder einen kleinen Wutanfall bekommen, als sie an einer Schlange anstehen musste.",Sabine hat einmal einen kleinen Wutanfall bekommen.,entailment,23,aii,bi,1,neutral,once,False,,,entailment,0.6053,0.2468,0.1479
23_aii_bi1_twice_neu,Vor einer Woche hat Sabine Tina wütend gemacht.,"Vor zwei Tagen hat Sabine wieder einen kleinen Wutanfall bekommen, als sie an einer Schlange anstehen musste.",Sabine hat mindestens zweimal einen kleinen Wutanfall bekommen.,unknown,23,aii,bi,1,neutral,twice,False,,,entailment,0.9295,0.0045,0.066
23_aii_bi1_cannot_say_neu,Vor einer Woche hat Sabine Tina wütend gemacht.,"Vor zwei Tagen hat Sabine wieder einen kleinen Wutanfall bekommen, als sie an einer Schlange anstehen musste.","Es lässt sich nicht sagen, wie oft Sabine einen kleinen Wutanfall bekommen hat.",unknown,23,aii,bi,1,neutral,cannot say,False,,,neutral,0.1239,0.6661,0.21
23_aii_bi2_once_pos,Vor einer Woche hat Sabine Tina wütend gemacht.,"Vor zwei Tagen hat Tina wieder einen kleinen Wutanfall bekommen, als sie an einer Schlange anstehen musste.",Tina hat einmal einen kleinen Wutanfall bekommen.,unknown,23,aii,bi,2,positive,once,False,,,entailment,0.6507,0.1799,0.1694
23_aii_bi2_twice_pos,Vor einer Woche hat Sabine Tina wütend gemacht.,"Vor zwei Tagen hat Tina wieder einen kleinen Wutanfall bekommen, als sie an einer Schlange anstehen musste.",Tina hat mindestens zweimal einen kleinen Wutanfall bekommen.,entailment,23,aii,bi,2,positive,twice,False,,,entailment,0.9259,0.0045,0.0696
23_aii_bi2_cannot_say_pos,Vor einer Woche hat Sabine Tina wütend gemacht.,"Vor zwei Tagen hat Tina wieder einen kleinen Wutanfall bekommen, als sie an einer Schlange anstehen musste.","Es lässt sich nicht sagen, wie oft Tina einen kleinen Wutanfall bekommen hat.",unknown,23,aii,bi,2,positive,cannot say,False,,,neutral,0.1143,0.6638,0.2219
23_aii_bii1_once_pos,Vor einer Woche hat Sabine Tina wütend gemacht.,"Vor zwei Tagen hat Sabine wieder einen kleinen Wutanfall provoziert, als sie an einer Schlange anstehen musste.",Sabine hat einmal einen kleinen Wutanfall provoziert.,unknown,23,aii,bii,1,positive,once,False,,,entailment,0.7991,0.0636,0.1372
23_aii_bii1_twice_pos,Vor einer Woche hat Sabine Tina wütend gemacht.,"Vor zwei Tagen hat Sabine wieder einen kleinen Wutanfall provoziert, als sie an einer Schlange anstehen musste.",Sabine hat mindestens zweimal einen kleinen Wutanfall provoziert.,entailment,23,aii,bii,1,positive,twice,False,,,entailment,0.9179,0.0039,0.0782
23_aii_bii1_cannot_say_pos,Vor einer Woche hat Sabine Tina wütend gemacht.,"Vor zwei Tagen hat Sabine wieder einen kleinen Wutanfall provoziert, als sie an einer Schlange anstehen musste.","Es lässt sich nicht sagen, wie oft Sabine einen kleinen Wutanfall provoziert hat.",unknown,23,aii,bii,1,positive,cannot say,False,,,neutral,0.1269,0.6905,0.1826
23_aii_bii2_once_neu,Vor einer Woche hat Sabine Tina wütend gemacht.,"Vor zwei Tagen hat Tina wieder einen kleinen Wutanfall provoziert, als sie an einer Schlange anstehen musste.",Tina hat einmal einen kleinen Wutanfall provoziert.,entailment,23,aii,bii,2,neutral,once,False,,,entailment,0.8298,0.0322,0.138
23_aii_bii2_twice_neu,Vor einer Woche hat Sabine Tina wütend gemacht.,"Vor zwei Tagen hat Tina wieder einen kleinen Wutanfall provoziert, als sie an einer Schlange anstehen musste.",Tina hat mindestens zweimal einen kleinen Wutanfall provoziert.,unknown,23,aii,bii,2,neutral,twice,False,,,entailment,0.9327,0.0025,0.0649
23_aii_bii2_cannot_say_neu,Vor einer Woche hat Sabine Tina wütend gemacht.,"Vor zwei Tagen hat Tina wieder einen kleinen Wutanfall provoziert, als sie an einer Schlange anstehen musste.","Es lässt sich nicht sagen, wie oft Tina einen kleinen Wutanfall provoziert hat.",unknown,23,aii,bii,2,neutral,cannot say,False,,,neutral,0.1142,0.707,0.1788
24_ai_bi1_once_pos,Letzten Monat hat Tina Thorsten ein Lied gewidmet.,"Vor einer Woche hat Thorsten wieder eine nette Widmung bekommen, weil er an einem Song mitgearbeitet hat.",Thorsten hat einmal eine nette Widmung bekommen.,unknown,24,ai,bi,1,positive,once,False,,,entailment,0.6281,0.2052,0.1667
24_ai_bi1_twice_pos,Letzten Monat hat Tina Thorsten ein Lied gewidmet.,"Vor einer Woche hat Thorsten wieder eine nette Widmung bekommen, weil er an einem Song mitgearbeitet hat.",Thorsten hat mindestens zweimal eine nette Widmung bekommen.,entailment,24,ai,bi,1,positive,twice,False,,,entailment,0.7755,0.1103,0.1141
24_ai_bi1_cannot_say_pos,Letzten Monat hat Tina Thorsten ein Lied gewidmet.,"Vor einer Woche hat Thorsten wieder eine nette Widmung bekommen, weil er an einem Song mitgearbeitet hat.","Es lässt sich nicht sagen, wie oft Thorsten eine nette Widmung bekommen hat.",unknown,24,ai,bi,1,positive,cannot say,False,,,neutral,0.1094,0.5717,0.3189
24_ai_bi2_once_neu,Letzten Monat hat Tina Thorsten ein Lied gewidmet.,"Vor einer Woche hat Tina wieder eine nette Widmung bekommen, weil sie an einem Song mitgearbeitet hat.",Tina hat einmal eine nette Widmung bekommen.,entailment,24,ai,bi,2,neutral,once,False,,,entailment,0.6167,0.245,0.1383
24_ai_bi2_twice_neu,Letzten Monat hat Tina Thorsten ein Lied gewidmet.,"Vor einer Woche hat Tina wieder eine nette Widmung bekommen, weil sie an einem Song mitgearbeitet hat.",Tina hat mindestens zweimal eine nette Widmung bekommen.,unknown,24,ai,bi,2,neutral,twice,False,,,entailment,0.8503,0.0691,0.0806
24_ai_bi2_cannot_say_neu,Letzten Monat hat Tina Thorsten ein Lied gewidmet.,"Vor einer Woche hat Tina wieder eine nette Widmung bekommen, weil sie an einem Song mitgearbeitet hat.","Es lässt sich nicht sagen, wie oft Tina eine nette Widmung bekommen hat.",unknown,24,ai,bi,2,neutral,cannot say,False,,,neutral,0.1076,0.6136,0.2789
24_ai_bii1_once_neu,Letzten Monat hat Tina Thorsten ein Lied gewidmet.,"Vor einer Woche hat Thorsten wieder eine nette Widmung geschrieben, weil er an einem Song mitgearbeitet hat.",Thorsten hat einmal eine nette Widmung geschrieben.,entailment,24,ai,bii,1,neutral,once,False,,,entailment,0.6411,0.1932,0.1657
24_ai_bii1_twice_neu,Letzten Monat hat Tina Thorsten ein Lied gewidmet.,"Vor einer Woche hat Thorsten wieder eine nette Widmung geschrieben, weil er an einem Song mitgearbeitet hat.",Thorsten hat mindestens zweimal eine nette Widmung geschrieben.,unknown,24,ai,bii,1,neutral,twice,False,,,entailment,0.7388,0.1483,0.1129
24_ai_bii1_cannot_say_neu,Letzten Monat hat Tina Thorsten ein Lied gewidmet.,"Vor einer Woche hat Thorsten wieder eine nette Widmung geschrieben, weil er an einem Song mitgearbeitet hat.","Es lässt sich nicht sagen, wie oft Thorsten eine nette Widmung geschrieben hat.",unknown,24,ai,bii,1,neutral,cannot say,False,,,neutral,0.1102,0.5925,0.2973
24_ai_bii2_once_pos,Letzten Monat hat Tina Thorsten ein Lied gewidmet.,"Vor einer Woche hat Tina wieder eine nette Widmung geschrieben, weil sie an einem Song mitgearbeitet hat.",Tina hat einmal eine nette Widmung geschrieben.,unknown,24,ai,bii,2,positive,once,False,,,entailment,0.6516,0.2186,0.1298
24_ai_bii2_twice_pos,Letzten Monat hat Tina Thorsten ein Lied gewidmet.,"Vor einer Woche hat Tina wieder eine nette Widmung geschrieben, weil sie an einem Song mitgearbeitet hat.",Tina hat mindestens zweimal eine nette Widmung geschrieben.,entailment,24,ai,bii,2,positive,twice,False,,,entailment,0.8282,0.0844,0.0873
24_ai_bii2_cannot_say_pos,Letzten Monat hat Tina Thorsten ein Lied gewidmet.,"Vor einer Woche hat Tina wieder eine nette Widmung geschrieben, weil sie an einem Song mitgearbeitet hat.","Es lässt sich nicht sagen, wie oft Tina eine nette Widmung geschrieben hat.",unknown,24,ai,bii,2,positive,cannot say,False,,,neutral,0.1139,0.6245,0.2615
24_aii_bi1_once_neu,Letzten Monat hat Thorsten Tina ein Lied gewidmet.,"Vor einer Woche hat Thorsten wieder eine nette Widmung bekommen, weil er an einem Song mitgearbeitet hat.",Thorsten hat einmal eine nette Widmung bekommen.,entailment,24,aii,bi,1,neutral,once,False,,,entailment,0.69,0.15,0.1599
24_aii_bi1_twice_neu,Letzten Monat hat Thorsten Tina ein Lied gewidmet.,"Vor einer Woche hat Thorsten wieder eine nette Widmung bekommen, weil er an einem Song mitgearbeitet hat.",Thorsten hat mindestens zweimal eine nette Widmung bekommen.,unknown,24,aii,bi,1,neutral,twice,False,,,entailment,0.8321,0.0669,0.101
24_aii_bi1_cannot_say_neu,Letzten Monat hat Thorsten Tina ein Lied gewidmet.,"Vor einer Woche hat Thorsten wieder eine nette Widmung bekommen, weil er an einem Song mitgearbeitet hat.","Es lässt sich nicht sagen, wie oft Thorsten eine nette Widmung bekommen hat.",unknown,24,aii,bi,1,neutral,cannot say,False,,,neutral,0.1145,0.5898,0.2957
24_aii_bi2_once_pos,Letzten Monat hat Thorsten Tina ein Lied gewidmet.,"Vor einer Woche hat Tina wieder eine nette Widmung bekommen, weil sie an einem Song mitgearbeitet hat.",Tina hat einmal eine nette Widmung bekommen.,unknown,24,aii,bi,2,positive,once,False,,,entailment,0.6058,0.2675,0.1267
24_aii_bi2_twice_pos,Letzten Monat hat Thorsten Tina ein Lied gewidmet.,"Vor einer Woche hat Tina wieder eine nette Widmung bekommen, weil sie an einem Song mitgearbeitet hat.",Tina hat mindestens zweimal eine nette Widmung bekommen.,entailment,24,aii,bi,2,positive,twice,False,,,entailment,0.8205,0.0837,0.0958
24_aii_bi2_cannot_say_pos,Letzten Monat hat Thorsten Tina ein Lied gewidmet.,"Vor einer Woche hat Tina wieder eine nette Widmung bekommen, weil sie an einem Song mitgearbeitet hat.","Es lässt sich nicht sagen, wie oft Tina eine nette Widmung bekommen hat.",unknown,24,aii,bi,2,positive,cannot say,False,,,neutral,0.1053,0.6229,0.2718
24_aii_bii1_once_pos,Letzten Monat hat Thorsten Tina ein Lied gewidmet.,"Vor einer Woche hat Thorsten wieder eine nette Widmung geschrieben, weil er an einem Song mitgearbeitet hat.",Thorsten hat einmal eine nette Widmung geschrieben.,unknown,24,aii,bii,1,positive,once,False,,,entailment,0.6947,0.1549,0.1504
24_aii_bii1_twice_pos,Letzten Monat hat Thorsten Tina ein Lied gewidmet.,"Vor einer Woche hat Thorsten wieder eine nette Widmung geschrieben, weil er an einem Song mitgearbeitet hat.",Thorsten hat mindestens zweimal eine nette Widmung geschrieben.,entailment,24,aii,bii,1,positive,twice,False,,,entailment,0.7771,0.1117,0.1112
24_aii_bii1_cannot_say_pos,Letzten Monat hat Thorsten Tina ein Lied gewidmet.,"Vor einer Woche hat Thorsten wieder eine nette Widmung geschrieben, weil er an einem Song mitgearbeitet hat.","Es lässt sich nicht sagen, wie oft Thorsten eine nette Widmung geschrieben hat.",unknown,24,aii,bii,1,positive,cannot say,False,,,neutral,0.1202,0.6043,0.2756
24_aii_bii2_once_neu,Letzten Monat hat Thorsten Tina ein Lied gewidmet.,"Vor einer Woche hat Tina wieder eine nette Widmung geschrieben, weil sie an einem Song mitgearbeitet hat.",Tina hat einmal eine nette Widmung geschrieben.,entailment,24,aii,bii,2,neutral,once,False,,,entailment,0.5565,0.3246,0.1188
24_aii_bii2_twice_neu,Letzten Monat hat Thorsten Tina ein Lied gewidmet.,"Vor einer Woche hat Tina wieder eine nette Widmung geschrieben, weil sie an einem Song mitgearbeitet hat.",Tina hat mindestens zweimal eine nette Widmung geschrieben.,unknown,24,aii,bii,2,neutral,twice,False,,,entailment,0.7662,0.1388,0.095
24_aii_bii2_cannot_say_neu,Letzten Monat hat Thorsten Tina ein Lied gewidmet.,"Vor einer Woche hat Tina wieder eine nette Widmung geschrieben, weil sie an einem Song mitgearbeitet hat.","Es lässt sich nicht sagen, wie oft Tina eine nette Widmung geschrieben hat.",unknown,24,aii,bii,2,neutral,cannot say,False,,,neutral,0.1086,0.6531,0.2383
25_ai_bi1_once_pos,Vor vier Wochen hat Tina vor Karl einen lustigen Sketch aufgeführt.,"Vor zwei Wochen hat Karl wieder einen lustigen Sketch gesehen, als er auf einem Comedyfestival gewesen ist.",Karl hat einmal einen lustigen Sketch gesehen.,unknown,25,ai,bi,1,positive,once,False,,,entailment,0.594,0.1936,0.2124
25_ai_bi1_twice_pos,Vor vier Wochen hat Tina vor Karl einen lustigen Sketch aufgeführt.,"Vor zwei Wochen hat Karl wieder einen lustigen Sketch gesehen, als er auf einem Comedyfestival gewesen ist.",Karl hat mindestens zweimal einen lustigen Sketch gesehen.,entailment,25,ai,bi,1,positive,twice,False,,,entailment,0.8473,0.0368,0.116
25_ai_bi1_cannot_say_pos,Vor vier Wochen hat Tina vor Karl einen lustigen Sketch aufgeführt.,"Vor zwei Wochen hat Karl wieder einen lustigen Sketch gesehen, als er auf einem Comedyfestival gewesen ist.","Es lässt sich nicht sagen, wie oft Karl einen lustigen Sketch gesehen hat.",unknown,25,ai,bi,1,positive,cannot say,False,,,neutral,0.0907,0.6094,0.3
25_ai_bi2_once_neu,Vor vier Wochen hat Tina vor Karl einen lustigen Sketch aufgeführt.,"Vor zwei Wochen hat Tina wieder einen lustigen Sketch gesehen, als sie auf einem Comedyfestival gewesen ist.",Tina hat einmal einen lustigen Sketch gesehen.,entailment,25,ai,bi,2,neutral,once,False,,,entailment,0.4397,0.3957,0.1647
25_ai_bi2_twice_neu,Vor vier Wochen hat Tina vor Karl einen lustigen Sketch aufgeführt.,"Vor zwei Wochen hat Tina wieder einen lustigen Sketch gesehen, als sie auf einem Comedyfestival gewesen ist.",Tina hat mindestens zweimal einen lustigen Sketch gesehen.,unknown,25,ai,bi,2,neutral,twice,False,,,entailment,0.8871,0.0348,0.0781
25_ai_bi2_cannot_say_neu,Vor vier Wochen hat Tina vor Karl einen lustigen Sketch aufgeführt.,"Vor zwei Wochen hat Tina wieder einen lustigen Sketch gesehen, als sie auf einem Comedyfestival gewesen ist.","Es lässt sich nicht sagen, wie oft Tina einen lustigen Sketch gesehen hat.",unknown,25,ai,bi,2,neutral,cannot say,False,,,neutral,0.1075,0.6143,0.2782
25_ai_bii1_once_neu,Vor vier Wochen hat Tina vor Karl einen lustigen Sketch aufgeführt.,"Vor zwei Wochen hat Karl wieder einen lustigen Sketch dargeboten, als er auf einem Comedyfestival gewesen ist.",Karl hat einmal einen lustigen Sketch dargeboten.,entailment,25,ai,bii,1,neutral,once,False,,,entailment,0.6459,0.1909,0.1631
25_ai_bii1_twice_neu,Vor vier Wochen hat Tina vor Karl einen lustigen Sketch aufgeführt.,"Vor zwei Wochen hat Karl wieder einen lustigen Sketch dargeboten, als er auf einem Comedyfestival gewesen ist.",Karl hat mindestens zweimal einen lustigen Sketch dargeboten.,unknown,25,ai,bii,1,neutral,twice,False,,,entailment,0.8943,0.0147,0.091
25_ai_bii1_cannot_say_neu,Vor vier Wochen hat Tina vor Karl einen lustigen Sketch aufgeführt.,"Vor zwei Wochen hat Karl wieder einen lustigen Sketch dargeboten, als er auf einem Comedyfestival gewesen ist.","Es lässt sich nicht sagen, wie oft Karl einen lustigen Sketch dargeboten hat.",unknown,25,ai,bii,1,neutral,cannot say,False,,,neutral,0.1163,0.5829,0.3008
25_ai_bii2_once_pos,Vor vier Wochen hat Tina vor Karl einen lustigen Sketch aufgeführt.,"Vor zwei Wochen hat Tina wieder einen lustigen Sketch dargeboten, als sie auf einem Comedyfestival gewesen ist.",Tina hat einmal einen lustigen Sketch dargeboten.,unknown,25,ai,bii,2,positive,once,False,,,entailment,0.666,0.2205,0.1135
25_ai_bii2_twice_pos,Vor vier Wochen hat Tina vor Karl einen lustigen Sketch aufgeführt.,"Vor zwei Wochen hat Tina wieder einen lustigen Sketch dargeboten, als sie auf einem Comedyfestival gewesen ist.",Tina hat mindestens zweimal einen lustigen Sketch dargeboten.,entailment,25,ai,bii,2,positive,twice,False,,,entailment,0.9333,0.0096,0.0571
25_ai_bii2_cannot_say_pos,Vor vier Wochen hat Tina vor Karl einen lustigen Sketch aufgeführt.,"Vor zwei Wochen hat Tina wieder einen lustigen Sketch dargeboten, als sie auf einem Comedyfestival gewesen ist.","Es lässt sich nicht sagen, wie oft Tina einen lustigen Sketch dargeboten hat.",unknown,25,ai,bii,2,positive,cannot say,False,,,neutral,0.1332,0.6107,0.2561
25_aii_bi1_once_neu,Vor vier Wochen hat Karl vor Tina einen lustigen Sketch aufgeführt.,"Vor zwei Wochen hat Karl wieder einen lustigen Sketch gesehen, als er auf einem Comedyfestival gewesen ist.",Karl hat einmal einen lustigen Sketch gesehen.,entailment,25,aii,bi,1,neutral,once,False,,,entailment,0.4653,0.3666,0.1681
25_aii_bi1_twice_neu,Vor vier Wochen hat Karl vor Tina einen lustigen Sketch aufgeführt.,"Vor zwei Wochen hat Karl wieder einen lustigen Sketch gesehen, als er auf einem Comedyfestival gewesen ist.",Karl hat mindestens zweimal einen lustigen Sketch gesehen.,unknown,25,aii,bi,1,neutral,twice,False,,,entailment,0.878,0.0344,0.0876
25_aii_bi1_cannot_say_neu,Vor vier Wochen hat Karl vor Tina einen lustigen Sketch aufgeführt.,"Vor zwei Wochen hat Karl wieder einen lustigen Sketch gesehen, als er auf einem Comedyfestival gewesen ist.","Es lässt sich nicht sagen, wie oft Karl einen lustigen Sketch gesehen hat.",unknown,25,aii,bi,1,neutral,cannot say,False,,,neutral,0.105,0.6248,0.2702
25_aii_bi2_once_pos,Vor vier Wochen hat Karl vor Tina einen lustigen Sketch aufgeführt.,"Vor zwei Wochen hat Tina wieder einen lustigen Sketch gesehen, als sie auf einem Comedyfestival gewesen ist.",Tina hat einmal einen lustigen Sketch gesehen.,unknown,25,aii,bi,2,positive,once,False,,,entailment,0.5165,0.3459,0.1376
25_aii_bi2_twice_pos,Vor vier Wochen hat Karl vor Tina einen lustigen Sketch aufgeführt.,"Vor zwei Wochen hat Tina wieder einen lustigen Sketch gesehen, als sie auf einem Comedyfestival gewesen ist.",Tina hat mindestens zweimal einen lustigen Sketch gesehen.,entailment,25,aii,bi,2,positive,twice,False,,,entailment,0.8533,0.06,0.0867
25_aii_bi2_cannot_say_pos,Vor vier Wochen hat Karl vor Tina einen lustigen Sketch aufgeführt.,"Vor zwei Wochen hat Tina wieder einen lustigen Sketch gesehen, als sie auf einem Comedyfestival gewesen ist.","Es lässt sich nicht sagen, wie oft Tina einen lustigen Sketch gesehen hat.",unknown,25,aii,bi,2,positive,cannot say,False,,,neutral,0.1059,0.5959,0.2982
25_aii_bii1_once_pos,Vor vier Wochen hat Karl vor Tina einen lustigen Sketch aufgeführt.,"Vor zwei Wochen hat Karl wieder einen lustigen Sketch dargeboten, als er auf einem Comedyfestival gewesen ist.",Karl hat einmal einen lustigen Sketch dargeboten.,unknown,25,aii,bii,1,positive,once,False,,,entailment,0.6839,0.1878,0.1283
25_aii_bii1_twice_pos,Vor vier Wochen hat Karl vor Tina einen lustigen Sketch aufgeführt.,"Vor zwei Wochen hat Karl wieder einen lustigen Sketch dargeboten, als er auf einem Comedyfestival gewesen ist.",Karl hat mindestens zweimal einen lustigen Sketch dargeboten.,entailment,25,aii,bii,1,positive,twice,False,,,entailment,0.9311,0.0084,0.0605
25_aii_bii1_cannot_say_pos,Vor vier Wochen hat Karl vor Tina einen lustigen Sketch aufgeführt.,"Vor zwei Wochen hat Karl wieder einen lustigen Sketch dargeboten, als er auf einem Comedyfestival gewesen ist.","Es lässt sich nicht sagen, wie oft Karl einen lustigen Sketch dargeboten hat.",unknown,25,aii,bii,1,positive,cannot say,False,,,neutral,0.1283,0.6252,0.2464
25_aii_bii2_once_neu,Vor vier Wochen hat Karl vor Tina einen lustigen Sketch aufgeführt.,"Vor zwei Wochen hat Tina wieder einen lustigen Sketch dargeboten, als sie auf einem Comedyfestival gewesen ist.",Tina hat einmal einen lustigen Sketch dargeboten.,entailment,25,aii,bii,2,neutral,once,False,,,entailment,0.5399,0.3673,0.0928
25_aii_bii2_twice_neu,Vor vier Wochen hat Karl vor Tina einen lustigen Sketch aufgeführt.,"Vor zwei Wochen hat Tina wieder einen lustigen Sketch dargeboten, als sie auf einem Comedyfestival gewesen ist.",Tina hat mindestens zweimal einen lustigen Sketch dargeboten.,unknown,25,aii,bii,2,neutral,twice,False,,,entailment,0.9085,0.0245,0.0671
25_aii_bii2_cannot_say_neu,Vor vier Wochen hat Karl vor Tina einen lustigen Sketch aufgeführt.,"Vor zwei Wochen hat Tina wieder einen lustigen Sketch dargeboten, als sie auf einem Comedyfestival gewesen ist.","Es lässt sich nicht sagen, wie oft Tina einen lustigen Sketch dargeboten hat.",unknown,25,aii,bii,2,neutral,cannot say,False,,,neutral,0.1219,0.6129,0.2652
26_ai_bi1_once_pos,Vorletzten Monat hat Sabine Tina eine neue Gitarrensaite besorgt.,"Vor drei Tagen hat Tina wieder eine neue Gitarrensaite erhalten, als sie mit einem Freund einkaufen war.",Tina hat einmal eine neue Gitarrensaite erhalten.,unknown,26,ai,bi,1,positive,once,False,,,entailment,0.6418,0.1926,0.1656
26_ai_bi1_twice_pos,Vorletzten Monat hat Sabine Tina eine neue Gitarrensaite besorgt.,"Vor drei Tagen hat Tina wieder eine neue Gitarrensaite erhalten, als sie mit einem Freund einkaufen war.",Tina hat mindestens zweimal eine neue Gitarrensaite erhalten.,entailment,26,ai,bi,1,positive,twice,False,,,entailment,0.8644,0.0238,0.1118
26_ai_bi1_cannot_say_pos,Vorletzten Monat hat Sabine Tina eine neue Gitarrensaite besorgt.,"Vor drei Tagen hat Tina wieder eine neue Gitarrensaite erhalten, als sie mit einem Freund einkaufen war.","Es lässt sich nicht sagen, wie oft Tina eine neue Gitarrensaite erhalten hat.",unknown,26,ai,bi,1,positive,cannot say,False,,,neutral,0.1266,0.632,0.2414
26_ai_bi2_once_neu,Vorletzten Monat hat Sabine Tina eine neue Gitarrensaite besorgt.,"Vor drei Tagen hat Sabine wieder eine neue Gitarrensaite erhalten, als sie mit einem Freund einkaufen war.",Sabine hat einmal eine neue Gitarrensaite erhalten.,entailment,26,ai,bi,2,neutral,once,False,,,entailment,0.6467,0.1716,0.1817
26_ai_bi2_twice_neu,Vorletzten Monat hat Sabine Tina eine neue Gitarrensaite besorgt.,"Vor drei Tagen hat Sabine wieder eine neue Gitarrensaite erhalten, als sie mit einem Freund einkaufen war.",Sabine hat mindestens zweimal eine neue Gitarrensaite erhalten.,unknown,26,ai,bi,2,neutral,twice,False,,,entailment,0.8542,0.0232,0.1227
26_ai_bi2_cannot_say_neu,Vorletzten Monat hat Sabine Tina eine neue Gitarrensaite besorgt.,"Vor drei Tagen hat Sabine wieder eine neue Gitarrensaite erhalten, als sie mit einem Freund einkaufen war.","Es lässt sich nicht sagen, wie oft Sabine eine neue Gitarrensaite erhalten hat.",unknown,26,ai,bi,2,neutral,cannot say,False,,,neutral,0.1216,0.6358,0.2425
26_ai_bii1_once_neu,Vorletzten Monat hat Sabine Tina eine neue Gitarrensaite besorgt.,"Vor drei Tagen hat Tina wieder eine neue Gitarrensaite gekauft, als sie mit einem Freund einkaufen war.",Tina hat einmal eine neue Gitarrensaite gekauft.,entailment,26,ai,bii,1,neutral,once,False,,,entailment,0.5884,0.267,0.1446
26_ai_bii1_twice_neu,Vorletzten Monat hat Sabine Tina eine neue Gitarrensaite besorgt.,"Vor drei Tagen hat Tina wieder eine neue Gitarrensaite gekauft, als sie mit einem Freund einkaufen war.",Tina hat mindestens zweimal eine neue Gitarrensaite gekauft.,unknown,26,ai,bii,1,neutral,twice,False,,,entailment,0.8224,0.0279,0.1497
26_ai_bii1_cannot_say_neu,Vorletzten Monat hat Sabine Tina eine neue Gitarrensaite besorgt.,"Vor drei Tagen hat Tina wieder eine neue Gitarrensaite gekauft, als sie mit einem Freund einkaufen war.","Es lässt sich nicht sagen, wie oft Tina eine neue Gitarrensaite gekauft hat.",unknown,26,ai,bii,1,neutral,cannot say,False,,,neutral,0.1217,0.6353,0.2431
26_ai_bii2_once_pos,Vorletzten Monat hat Sabine Tina eine neue Gitarrensaite besorgt.,"Vor drei Tagen hat Sabine wieder eine neue Gitarrensaite gekauft, als sie mit einem Freund einkaufen war.",Sabine hat einmal eine neue Gitarrensaite gekauft.,unknown,26,ai,bii,2,positive,once,False,,,entailment,0.595,0.2407,0.1642
26_ai_bii2_twice_pos,Vorletzten Monat hat Sabine Tina eine neue Gitarrensaite besorgt.,"Vor drei Tagen hat Sabine wieder eine neue Gitarrensaite gekauft, als sie mit einem Freund einkaufen war.",Sabine hat mindestens zweimal eine neue Gitarrensaite gekauft.,entailment,26,ai,bii,2,positive,twice,False,,,entailment,0.8128,0.0245,0.1626
26_ai_bii2_cannot_say_pos,Vorletzten Monat hat Sabine Tina eine neue Gitarrensaite besorgt.,"Vor drei Tagen hat Sabine wieder eine neue Gitarrensaite gekauft, als sie mit einem Freund einkaufen war.","Es lässt sich nicht sagen, wie oft Sabine eine neue Gitarrensaite gekauft hat.",unknown,26,ai,bii,2,positive,cannot say,False,,,neutral,0.1241,0.607,0.2689
26_aii_bi1_once_neu,Vorletzten Monat hat Tina Sabine eine neue Gitarrensaite besorgt.,"Vor drei Tagen hat Tina wieder eine neue Gitarrensaite erhalten, als sie mit einem Freund einkaufen war.",Tina hat einmal eine neue Gitarrensaite erhalten.,entailment,26,aii,bi,1,neutral,once,False,,,entailment,0.643,0.1911,0.166
26_aii_bi1_twice_neu,Vorletzten Monat hat Tina Sabine eine neue Gitarrensaite besorgt.,"Vor drei Tagen hat Tina wieder eine neue Gitarrensaite erhalten, als sie mit einem Freund einkaufen war.",Tina hat mindestens zweimal eine neue Gitarrensaite erhalten.,unknown,26,aii,bi,1,neutral,twice,False,,,entailment,0.8794,0.0131,0.1075
26_aii_bi1_cannot_say_neu,Vorletzten Monat hat Tina Sabine eine neue Gitarrensaite besorgt.,"Vor drei Tagen hat Tina wieder eine neue Gitarrensaite erhalten, als sie mit einem Freund einkaufen war.","Es lässt sich nicht sagen, wie oft Tina eine neue Gitarrensaite erhalten hat.",unknown,26,aii,bi,1,neutral,cannot say,False,,,neutral,0.1226,0.6424,0.235
26_aii_bi2_once_pos,Vorletzten Monat hat Tina Sabine eine neue Gitarrensaite besorgt.,"Vor drei Tagen hat Sabine wieder eine neue Gitarrensaite erhalten, als sie mit einem Freund einkaufen war.",Sabine hat einmal eine neue Gitarrensaite erhalten.,unknown,26,aii,bi,2,positive,once,False,,,entailment,0.5726,0.2463,0.1811
26_aii_bi2_twice_pos,Vorletzten Monat hat Tina Sabine eine neue Gitarrensaite besorgt.,"Vor drei Tagen hat Sabine wieder eine neue Gitarrensaite erhalten, als sie mit einem Freund einkaufen war.",Sabine hat mindestens zweimal eine neue Gitarrensaite erhalten.,entailment,26,aii,bi,2,positive,twice,False,,,entailment,0.841,0.0327,0.1264
26_aii_bi2_cannot_say_pos,Vorletzten Monat hat Tina Sabine eine neue Gitarrensaite besorgt.,"Vor drei Tagen hat Sabine wieder eine neue Gitarrensaite erhalten, als sie mit einem Freund einkaufen war.","Es lässt sich nicht sagen, wie oft Sabine eine neue Gitarrensaite erhalten hat.",unknown,26,aii,bi,2,positive,cannot say,False,,,neutral,0.118,0.6455,0.2365
26_aii_bii1_once_pos,Vorletzten Monat hat Tina Sabine eine neue Gitarrensaite besorgt.,"Vor drei Tagen hat Tina wieder eine neue Gitarrensaite gekauft, als sie mit einem Freund einkaufen war.",Tina hat einmal eine neue Gitarrensaite gekauft.,unknown,26,aii,bii,1,positive,once,False,,,entailment,0.6061,0.2471,0.1467
26_aii_bii1_twice_pos,Vorletzten Monat hat Tina Sabine eine neue Gitarrensaite besorgt.,"Vor drei Tagen hat Tina wieder eine neue Gitarrensaite gekauft, als sie mit einem Freund einkaufen war.",Tina hat mindestens zweimal eine neue Gitarrensaite gekauft.,entailment,26,aii,bii,1,positive,twice,False,,,entailment,0.8604,0.0098,0.1299
26_aii_bii1_cannot_say_pos,Vorletzten Monat hat Tina Sabine eine neue Gitarrensaite besorgt.,"Vor drei Tagen hat Tina wieder eine neue Gitarrensaite gekauft, als sie mit einem Freund einkaufen war.","Es lässt sich nicht sagen, wie oft Tina eine neue Gitarrensaite gekauft hat.",unknown,26,aii,bii,1,positive,cannot say,False,,,neutral,0.118,0.645,0.237
26_aii_bii2_once_neu,Vorletzten Monat hat Tina Sabine eine neue Gitarrensaite besorgt.,"Vor drei Tagen hat Sabine wieder eine neue Gitarrensaite gekauft, als sie mit einem Freund einkaufen war.",Sabine hat einmal eine neue Gitarrensaite gekauft.,entailment,26,aii,bii,2,neutral,once,False,,,entailment,0.4784,0.3518,0.1698
26_aii_bii2_twice_neu,Vorletzten Monat hat Tina Sabine eine neue Gitarrensaite besorgt.,"Vor drei Tagen hat Sabine wieder eine neue Gitarrensaite gekauft, als sie mit einem Freund einkaufen war.",Sabine hat mindestens zweimal eine neue Gitarrensaite gekauft.,unknown,26,aii,bii,2,neutral,twice,False,,,entailment,0.7906,0.0377,0.1717
26_aii_bii2_cannot_say_neu,Vorletzten Monat hat Tina Sabine eine neue Gitarrensaite besorgt.,"Vor drei Tagen hat Sabine wieder eine neue Gitarrensaite gekauft, als sie mit einem Freund einkaufen war.","Es lässt sich nicht sagen, wie oft Sabine eine neue Gitarrensaite gekauft hat.",unknown,26,aii,bii,2,neutral,cannot say,False,,,neutral,0.1206,0.6174,0.2619
27_ai_bi1_once_pos,Letzten Monat hat Sabine Thorsten ein schweres Paket gebracht.,"Vor einer Woche hat Thorsten wieder ein schweres Paket entgegengenommen, während er an eine Geburtstagsparty gedacht hat.",Thorsten hat einmal ein schweres Paket entgegengenommen.,unknown,27,ai,bi,1,positive,once,False,,,entailment,0.556,0.222,0.2219
27_ai_bi1_twice_pos,Letzten Monat hat Sabine Thorsten ein schweres Paket gebracht.,"Vor einer Woche hat Thorsten wieder ein schweres Paket entgegengenommen, während er an eine Geburtstagsparty gedacht hat.",Thorsten hat mindestens zweimal ein schweres Paket entgegengenommen.,entailment,27,ai,bi,1,positive,twice,False,,,entailment,0.7695,0.0612,0.1694
27_ai_bi1_cannot_say_pos,Letzten Monat hat Sabine Thorsten ein schweres Paket gebracht.,"Vor einer Woche hat Thorsten wieder ein schweres Paket entgegengenommen, während er an eine Geburtstagsparty gedacht hat.","Es lässt sich nicht sagen, wie oft Thorsten ein schweres Paket entgegengenommen hat.",unknown,27,ai,bi,1,positive,cannot say,False,,,neutral,0.0963,0.703,0.2007
27_ai_bi2_once_neu,Letzten Monat hat Sabine Thorsten ein schweres Paket gebracht.,"Vor einer Woche hat Sabine wieder ein schweres Paket entgegengenommen, während sie an eine Geburtstagsparty gedacht hat.",Sabine hat einmal ein schweres Paket entgegengenommen.,entailment,27,ai,bi,2,neutral,once,False,,,entailment,0.4656,0.3688,0.1657
27_ai_bi2_twice_neu,Letzten Monat hat Sabine Thorsten ein schweres Paket gebracht.,"Vor einer Woche hat Sabine wieder ein schweres Paket entgegengenommen, während sie an eine Geburtstagsparty gedacht hat.",Sabine hat mindestens zweimal ein schweres Paket entgegengenommen.,unknown,27,ai,bi,2,neutral,twice,False,,,entailment,0.8042,0.051,0.1448
27_ai_bi2_cannot_say_neu,Letzten Monat hat Sabine Thorsten ein schweres Paket gebracht.,"Vor einer Woche hat Sabine wieder ein schweres Paket entgegengenommen, während sie an eine Geburtstagsparty gedacht hat.","Es lässt sich nicht sagen, wie oft Sabine ein schweres Paket entgegengenommen hat.",unknown,27,ai,bi,2,neutral,cannot say,False,,,neutral,0.1088,0.6997,0.1915
27_ai_bii1_once_neu,Letzten Monat hat Sabine Thorsten ein schweres Paket gebracht.,"Vor einer Woche hat Thorsten wieder ein schweres Paket abgegeben, während er an eine Geburtstagsparty gedacht hat.",Thorsten hat einmal ein schweres Paket abgegeben.,entailment,27,ai,bii,1,neutral,once,False,,,entailment,0.6388,0.1557,0.2054
27_ai_bii1_twice_neu,Letzten Monat hat Sabine Thorsten ein schweres Paket gebracht.,"Vor einer Woche hat Thorsten wieder ein schweres Paket abgegeben, während er an eine Geburtstagsparty gedacht hat.",Thorsten hat mindestens zweimal ein schweres Paket abgegeben.,unknown,27,ai,bii,1,neutral,twice,False,,,entailment,0.6968,0.1554,0.1479
27_ai_bii1_cannot_say_neu,Letzten Monat hat Sabine Thorsten ein schweres Paket gebracht.,"Vor einer Woche hat Thorsten wieder ein schweres Paket abgegeben, während er an eine Geburtstagsparty gedacht hat.","Es lässt sich nicht sagen, wie oft Thorsten ein schweres Paket abgegeben hat.",unknown,27,ai,bii,1,neutral,cannot say,False,,,neutral,0.12,0.6569,0.2231
27_ai_bii2_once_pos,Letzten Monat hat Sabine Thorsten ein schweres Paket gebracht.,"Vor einer Woche hat Sabine wieder ein schweres Paket abgegeben, während sie an eine Geburtstagsparty gedacht hat.",Sabine hat einmal ein schweres Paket abgegeben.,unknown,27,ai,bii,2,positive,once,False,,,entailment,0.5825,0.2341,0.1834
27_ai_bii2_twice_pos,Letzten Monat hat Sabine Thorsten ein schweres Paket gebracht.,"Vor einer Woche hat Sabine wieder ein schweres Paket abgegeben, während sie an eine Geburtstagsparty gedacht hat.",Sabine hat mindestens zweimal ein schweres Paket abgegeben.,entailment,27,ai,bii,2,positive,twice,False,,,entailment,0.7736,0.1004,0.126
27_ai_bii2_cannot_say_pos,Letzten Monat hat Sabine Thorsten ein schweres Paket gebracht.,"Vor einer Woche hat Sabine wieder ein schweres Paket abgegeben, während sie an eine Geburtstagsparty gedacht hat.","Es lässt sich nicht sagen, wie oft Sabine ein schweres Paket abgegeben hat.",unknown,27,ai,bii,2,positive,cannot say,False,,,neutral,0.1324,0.6627,0.2049
27_aii_bi1_once_neu,Letzten Monat hat Thorsten Sabine ein schweres Paket gebracht.,"Vor einer Woche hat Thorsten wieder ein schweres Paket entgegengenommen, während er an eine Geburtstagsparty gedacht hat.",Thorsten hat einmal ein schweres Paket entgegengenommen.,entailment,27,aii,bi,1,neutral,once,False,,,entailment,0.4514,0.3566,0.192
27_aii_bi1_twice_neu,Letzten Monat hat Thorsten Sabine ein schweres Paket gebracht.,"Vor einer Woche hat Thorsten wieder ein schweres Paket entgegengenommen, während er an eine Geburtstagsparty gedacht hat.",Thorsten hat mindestens zweimal ein schweres Paket entgegengenommen.,unknown,27,aii,bi,1,neutral,twice,False,,,entailment,0.7823,0.0484,0.1693
27_aii_bi1_cannot_say_neu,Letzten Monat hat Thorsten Sabine ein schweres Paket gebracht.,"Vor einer Woche hat Thorsten wieder ein schweres Paket entgegengenommen, während er an eine Geburtstagsparty gedacht hat.","Es lässt sich nicht sagen, wie oft Thorsten ein schweres Paket entgegengenommen hat.",unknown,27,aii,bi,1,neutral,cannot say,False,,,neutral,0.0976,0.7162,0.1862
27_aii_bi2_once_pos,Letzten Monat hat Thorsten Sabine ein schweres Paket gebracht.,"Vor einer Woche hat Sabine wieder ein schweres Paket entgegengenommen, während sie an eine Geburtstagsparty gedacht hat.",Sabine hat einmal ein schweres Paket entgegengenommen.,unknown,27,aii,bi,2,positive,once,False,,,entailment,0.565,0.3024,0.1326
27_aii_bi2_twice_pos,Letzten Monat hat Thorsten Sabine ein schweres Paket gebracht.,"Vor einer Woche hat Sabine wieder ein schweres Paket entgegengenommen, während sie an eine Geburtstagsparty gedacht hat.",Sabine hat mindestens zweimal ein schweres Paket entgegengenommen.,entailment,27,aii,bi,2,positive,twice,False,,,entailment,0.8252,0.046,0.1289
27_aii_bi2_cannot_say_pos,Letzten Monat hat Thorsten Sabine ein schweres Paket gebracht.,"Vor einer Woche hat Sabine wieder ein schweres Paket entgegengenommen, während sie an eine Geburtstagsparty gedacht hat.","Es lässt sich nicht sagen, wie oft Sabine ein schweres Paket entgegengenommen hat.",unknown,27,aii,bi,2,positive,cannot say,False,,,neutral,0.1052,0.7092,0.1855
27_aii_bii1_once_pos,Letzten Monat hat Thorsten Sabine ein schweres Paket gebracht.,"Vor einer Woche hat Thorsten wieder ein schweres Paket abgegeben, während er an eine Geburtstagsparty gedacht hat.",Thorsten hat einmal ein schweres Paket abgegeben.,unknown,27,aii,bii,1,positive,once,False,,,entailment,0.6619,0.1303,0.2078
27_aii_bii1_twice_pos,Letzten Monat hat Thorsten Sabine ein schweres Paket gebracht.,"Vor einer Woche hat Thorsten wieder ein schweres Paket abgegeben, während er an eine Geburtstagsparty gedacht hat.",Thorsten hat mindestens zweimal ein schweres Paket abgegeben.,entailment,27,aii,bii,1,positive,twice,False,,,entailment,0.7884,0.0728,0.1388
27_aii_bii1_cannot_say_pos,Letzten Monat hat Thorsten Sabine ein schweres Paket gebracht.,"Vor einer Woche hat Thorsten wieder ein schweres Paket abgegeben, während er an eine Geburtstagsparty gedacht hat.","Es lässt sich nicht sagen, wie oft Thorsten ein schweres Paket abgegeben hat.",unknown,27,aii,bii,1,positive,cannot say,False,,,neutral,0.1256,0.6609,0.2135
27_aii_bii2_once_neu,Letzten Monat hat Thorsten Sabine ein schweres Paket gebracht.,"Vor einer Woche hat Sabine wieder ein schweres Paket abgegeben, während sie an eine Geburtstagsparty gedacht hat.",Sabine hat einmal ein schweres Paket abgegeben.,entailment,27,aii,bii,2,neutral,once,False,,,entailment,0.6077,0.2481,0.1442
27_aii_bii2_twice_neu,Letzten Monat hat Thorsten Sabine ein schweres Paket gebracht.,"Vor einer Woche hat Sabine wieder ein schweres Paket abgegeben, während sie an eine Geburtstagsparty gedacht hat.",Sabine hat mindestens zweimal ein schweres Paket abgegeben.,unknown,27,aii,bii,2,neutral,twice,False,,,entailment,0.7474,0.1361,0.1164
27_aii_bii2_cannot_say_neu,Letzten Monat hat Thorsten Sabine ein schweres Paket gebracht.,"Vor einer Woche hat Sabine wieder ein schweres Paket abgegeben, während sie an eine Geburtstagsparty gedacht hat.","Es lässt sich nicht sagen, wie oft Sabine ein schweres Paket abgegeben hat.",unknown,27,aii,bii,2,neutral,cannot say,False,,,neutral,0.1282,0.6716,0.2002
28_ai_bi1_once_pos,Letztes Jahr hat Sabine Karl einen guten Wein per Post geschickt.,"Vor zwei Monaten hat Karl wieder einen guten Wein empfangen, weil er bei einem Weinhändler eingekauft hat.",Karl hat einmal einen guten Wein empfangen.,unknown,28,ai,bi,1,positive,once,False,,,entailment,0.7448,0.1153,0.1399
28_ai_bi1_twice_pos,Letztes Jahr hat Sabine Karl einen guten Wein per Post geschickt.,"Vor zwei Monaten hat Karl wieder einen guten Wein empfangen, weil er bei einem Weinhändler eingekauft hat.",Karl hat mindestens zweimal einen guten Wein empfangen.,entailment,28,ai,bi,1,positive,twice,False,,,entailment,0.896,0.0188,0.0853
28_ai_bi1_cannot_say_pos,Letztes Jahr hat Sabine Karl einen guten Wein per Post geschickt.,"Vor zwei Monaten hat Karl wieder einen guten Wein empfangen, weil er bei einem Weinhändler eingekauft hat.","Es lässt sich nicht sagen, wie oft Karl einen guten Wein empfangen hat.",unknown,28,ai,bi,1,positive,cannot say,False,,,neutral,0.0928,0.6495,0.2577
28_ai_bi2_once_neu,Letztes Jahr hat Sabine Karl einen guten Wein per Post geschickt.,"Vor zwei Monaten hat Sabine wieder einen guten Wein empfangen, weil sie bei einem Weinhändler eingekauft hat.",Sabine hat einmal einen guten Wein empfangen.,entailment,28,ai,bi,2,neutral,once,False,,,entailment,0.8055,0.0781,0.1164
28_ai_bi2_twice_neu,Letztes Jahr hat Sabine Karl einen guten Wein per Post geschickt.,"Vor zwei Monaten hat Sabine wieder einen guten Wein empfangen, weil sie bei einem Weinhändler eingekauft hat.",Sabine hat mindestens zweimal einen guten Wein empfangen.,unknown,28,ai,bi,2,neutral,twice,False,,,entailment,0.9222,0.0102,0.0676
28_ai_bi2_cannot_say_neu,Letztes Jahr hat Sabine Karl einen guten Wein per Post geschickt.,"Vor zwei Monaten hat Sabine wieder einen guten Wein empfangen, weil sie bei einem Weinhändler eingekauft hat.","Es lässt sich nicht sagen, wie oft Sabine einen guten Wein empfangen hat.",unknown,28,ai,bi,2,neutral,cannot say,False,,,neutral,0.1083,0.638,0.2537
28_ai_bii1_once_neu,Letztes Jahr hat Sabine Karl einen guten Wein per Post geschickt.,"Vor zwei Monaten hat Karl wieder einen guten Wein versendet, weil er bei einem Weinhändler eingekauft hat.",Karl hat einmal einen guten Wein versendet.,entailment,28,ai,bii,1,neutral,once,False,,,entailment,0.8839,0.0069,0.1092
28_ai_bii1_twice_neu,Letztes Jahr hat Sabine Karl einen guten Wein per Post geschickt.,"Vor zwei Monaten hat Karl wieder einen guten Wein versendet, weil er bei einem Weinhändler eingekauft hat.",Karl hat mindestens zweimal einen guten Wein versendet.,unknown,28,ai,bii,1,neutral,twice,False,,,entailment,0.8913,0.0114,0.0973
28_ai_bii1_cannot_say_neu,Letztes Jahr hat Sabine Karl einen guten Wein per Post geschickt.,"Vor zwei Monaten hat Karl wieder einen guten Wein versendet, weil er bei einem Weinhändler eingekauft hat.","Es lässt sich nicht sagen, wie oft Karl einen guten Wein versendet hat.",unknown,28,ai,bii,1,neutral,cannot say,False,,,neutral,0.0841,0.6811,0.2348
28_ai_bii2_once_pos,Letztes Jahr hat Sabine Karl einen guten Wein per Post geschickt.,"Vor zwei Monaten hat Sabine wieder einen guten Wein versendet, weil sie bei einem Weinhändler eingekauft hat.",Sabine hat einmal einen guten Wein versendet.,unknown,28,ai,bii,2,positive,once,False,,,entailment,0.8884,0.0143,0.0972
28_ai_bii2_twice_pos,Letztes Jahr hat Sabine Karl einen guten Wein per Post geschickt.,"Vor zwei Monaten hat Sabine wieder einen guten Wein versendet, weil sie bei einem Weinhändler eingekauft hat.",Sabine hat mindestens zweimal einen guten Wein versendet.,entailment,28,ai,bii,2,positive,twice,False,,,entailment,0.9291,0.0066,0.0643
28_ai_bii2_cannot_say_pos,Letztes Jahr hat Sabine Karl einen guten Wein per Post geschickt.,"Vor zwei Monaten hat Sabine wieder einen guten Wein versendet, weil sie bei einem Weinhändler eingekauft hat.","Es lässt sich nicht sagen, wie oft Sabine einen guten Wein versendet hat.",unknown,28,ai,bii,2,positive,cannot say,False,,,neutral,0.1023,0.6747,0.223
28_aii_bi1_once_neu,Letztes Jahr hat Karl Sabine einen guten Wein per Post geschickt.,"Vor zwei Monaten hat Karl wieder einen guten Wein empfangen, weil er bei einem Weinhändler eingekauft hat.",Karl hat einmal einen guten Wein empfangen.,entailment,28,aii,bi,1,neutral,once,False,,,entailment,0.7647,0.1055,0.1298
28_aii_bi1_twice_neu,Letztes Jahr hat Karl Sabine einen guten Wein per Post geschickt.,"Vor zwei Monaten hat Karl wieder einen guten Wein empfangen, weil er bei einem Weinhändler eingekauft hat.",Karl hat mindestens zweimal einen guten Wein empfangen.,unknown,28,aii,bi,1,neutral,twice,False,,,entailment,0.9202,0.0104,0.0694
28_aii_bi1_cannot_say_neu,Letztes Jahr hat Karl Sabine einen guten Wein per Post geschickt.,"Vor zwei Monaten hat Karl wieder einen guten Wein empfangen, weil er bei einem Weinhändler eingekauft hat.","Es lässt sich nicht sagen, wie oft Karl einen guten Wein empfangen hat.",unknown,28,aii,bi,1,neutral,cannot say,False,,,neutral,0.0933,0.6578,0.2489
28_aii_bi2_once_pos,Letztes Jahr hat Karl Sabine einen guten Wein per Post geschickt.,"Vor zwei Monaten hat Sabine wieder einen guten Wein empfangen, weil sie bei einem Weinhändler eingekauft hat.",Sabine hat einmal einen guten Wein empfangen.,unknown,28,aii,bi,2,positive,once,False,,,entailment,0.7917,0.0988,0.1095
28_aii_bi2_twice_pos,Letztes Jahr hat Karl Sabine einen guten Wein per Post geschickt.,"Vor zwei Monaten hat Sabine wieder einen guten Wein empfangen, weil sie bei einem Weinhändler eingekauft hat.",Sabine hat mindestens zweimal einen guten Wein empfangen.,entailment,28,aii,bi,2,positive,twice,False,,,entailment,0.9189,0.0118,0.0693
28_aii_bi2_cannot_say_pos,Letztes Jahr hat Karl Sabine einen guten Wein per Post geschickt.,"Vor zwei Monaten hat Sabine wieder einen guten Wein empfangen, weil sie bei einem Weinhändler eingekauft hat.","Es lässt sich nicht sagen, wie oft Sabine einen guten Wein empfangen hat.",unknown,28,aii,bi,2,positive,cannot say,False,,,neutral,0.1013,0.6607,0.238
28_aii_bii1_once_pos,Letztes Jahr hat Karl Sabine einen guten Wein per Post geschickt.,"Vor zwei Monaten hat Karl wieder einen guten Wein versendet, weil er bei einem Weinhändler eingekauft hat.",Karl hat einmal einen guten Wein versendet.,unknown,28,aii,bii,1,positive,once,False,,,entailment,0.8983,0.0077,0.094
28_aii_bii1_twice_pos,Letztes Jahr hat Karl Sabine einen guten Wein per Post geschickt.,"Vor zwei Monaten hat Karl wieder einen guten Wein versendet, weil er bei einem Weinhändler eingekauft hat.",Karl hat mindestens zweimal einen guten Wein versendet.,entailment,28,aii,bii,1,positive,twice,False,,,entailment,0.916,0.0073,0.0767
28_aii_bii1_cannot_say_pos,Letztes Jahr hat Karl Sabine einen guten Wein per Post geschickt.,"Vor zwei Monaten hat Karl wieder einen guten Wein versendet, weil er bei einem Weinhändler eingekauft hat.","Es lässt sich nicht sagen, wie oft Karl einen guten Wein versendet hat.",unknown,28,aii,bii,1,positive,cannot say,False,,,neutral,0.0927,0.6809,0.2264
28_aii_bii2_once_neu,Letztes Jahr hat Karl Sabine einen guten Wein per Post geschickt.,"Vor zwei Monaten hat Sabine wieder einen guten Wein versendet, weil sie bei einem Weinhändler eingekauft hat.",Sabine hat einmal einen guten Wein versendet.,entailment,28,aii,bii,2,neutral,once,False,,,entailment,0.8867,0.0184,0.0949
28_aii_bii2_twice_neu,Letztes Jahr hat Karl Sabine einen guten Wein per Post geschickt.,"Vor zwei Monaten hat Sabine wieder einen guten Wein versendet, weil sie bei einem Weinhändler eingekauft hat.",Sabine hat mindestens zweimal einen guten Wein versendet.,unknown,28,aii,bii,2,neutral,twice,False,,,entailment,0.9237,0.0082,0.0681
28_aii_bii2_cannot_say_neu,Letztes Jahr hat Karl Sabine einen guten Wein per Post geschickt.,"Vor zwei Monaten hat Sabine wieder einen guten Wein versendet, weil sie bei einem Weinhändler eingekauft hat.","Es lässt sich nicht sagen, wie oft Sabine einen guten Wein versendet hat.",unknown,28,aii,bii,2,neutral,cannot say,False,,,neutral,0.1031,0.681,0.2159
29_ai_bi1_once_pos,Vergangene Woche hat Sabine Judith eine knusprige Brezel vom Bäcker mitgebracht.,"Vor zwei Tagen hat Judith wieder eine knusprige Brezel bekommen, als sie auf einer Lebensmittelmesse unterwegs war.",Judith hat einmal eine knusprige Brezel bekommen.,unknown,29,ai,bi,1,positive,once,False,,,entailment,0.9206,0.0072,0.0722
29_ai_bi1_twice_pos,Vergangene Woche hat Sabine Judith eine knusprige Brezel vom Bäcker mitgebracht.,"Vor zwei Tagen hat Judith wieder eine knusprige Brezel bekommen, als sie auf einer Lebensmittelmesse unterwegs war.",Judith hat mindestens zweimal eine knusprige Brezel bekommen.,entailment,29,ai,bi,1,positive,twice,False,,,entailment,0.9426,0.001,0.0564
29_ai_bi1_cannot_say_pos,Vergangene Woche hat Sabine Judith eine knusprige Brezel vom Bäcker mitgebracht.,"Vor zwei Tagen hat Judith wieder eine knusprige Brezel bekommen, als sie auf einer Lebensmittelmesse unterwegs war.","Es lässt sich nicht sagen, wie oft Judith eine knusprige Brezel bekommen hat.",unknown,29,ai,bi,1,positive,cannot say,False,,,neutral,0.1114,0.6117,0.2769
29_ai_bi2_once_neu,Vergangene Woche hat Sabine Judith eine knusprige Brezel vom Bäcker mitgebracht.,"Vor zwei Tagen hat Sabine wieder eine knusprige Brezel bekommen, als sie auf einer Lebensmittelmesse unterwegs war.",Sabine hat einmal eine knusprige Brezel bekommen.,entailment,29,ai,bi,2,neutral,once,False,,,entailment,0.908,0.0055,0.0864
29_ai_bi2_twice_neu,Vergangene Woche hat Sabine Judith eine knusprige Brezel vom Bäcker mitgebracht.,"Vor zwei Tagen hat Sabine wieder eine knusprige Brezel bekommen, als sie auf einer Lebensmittelmesse unterwegs war.",Sabine hat mindestens zweimal eine knusprige Brezel bekommen.,unknown,29,ai,bi,2,neutral,twice,False,,,entailment,0.9405,0.0011,0.0584
29_ai_bi2_cannot_say_neu,Vergangene Woche hat Sabine Judith eine knusprige Brezel vom Bäcker mitgebracht.,"Vor zwei Tagen hat Sabine wieder eine knusprige Brezel bekommen, als sie auf einer Lebensmittelmesse unterwegs war.","Es lässt sich nicht sagen, wie oft Sabine eine knusprige Brezel bekommen hat.",unknown,29,ai,bi,2,neutral,cannot say,False,,,neutral,0.1041,0.6501,0.2458
29_ai_bii1_once_neu,Vergangene Woche hat Sabine Judith eine knusprige Brezel vom Bäcker mitgebracht.,"Vor zwei Tagen hat Judith wieder eine knusprige Brezel besorgt, als sie auf einer Lebensmittelmesse unterwegs war.",Judith hat einmal eine knusprige Brezel besorgt.,entailment,29,ai,bii,1,neutral,once,False,,,entailment,0.8865,0.0143,0.0992
29_ai_bii1_twice_neu,Vergangene Woche hat Sabine Judith eine knusprige Brezel vom Bäcker mitgebracht.,"Vor zwei Tagen hat Judith wieder eine knusprige Brezel besorgt, als sie auf einer Lebensmittelmesse unterwegs war.",Judith hat mindestens zweimal eine knusprige Brezel besorgt.,unknown,29,ai,bii,1,neutral,twice,False,,,entailment,0.9407,0.0009,0.0584
29_ai_bii1_cannot_say_neu,Vergangene Woche hat Sabine Judith eine knusprige Brezel vom Bäcker mitgebracht.,"Vor zwei Tagen hat Judith wieder eine knusprige Brezel besorgt, als sie auf einer Lebensmittelmesse unterwegs war.","Es lässt sich nicht sagen, wie oft Judith eine knusprige Brezel besorgt hat.",unknown,29,ai,bii,1,neutral,cannot say,False,,,neutral,0.1017,0.6844,0.214
29_ai_bii2_once_pos,Vergangene Woche hat Sabine Judith eine knusprige Brezel vom Bäcker mitgebracht.,"Vor zwei Tagen hat Sabine wieder eine knusprige Brezel besorgt, als sie auf einer Lebensmittelmesse unterwegs war.",Sabine hat einmal eine knusprige Brezel besorgt.,unknown,29,ai,bii,2,positive,once,False,,,entailment,0.8664,0.0137,0.1199
29_ai_bii2_twice_pos,Vergangene Woche hat Sabine Judith eine knusprige Brezel vom Bäcker mitgebracht.,"Vor zwei Tagen hat Sabine wieder eine knusprige Brezel besorgt, als sie auf einer Lebensmittelmesse unterwegs war.",Sabine hat mindestens zweimal eine knusprige Brezel besorgt.,entailment,29,ai,bii,2,positive,twice,False,,,entailment,0.9289,0.0013,0.0698
29_ai_bii2_cannot_say_pos,Vergangene Woche hat Sabine Judith eine knusprige Brezel vom Bäcker mitgebracht.,"Vor zwei Tagen hat Sabine wieder eine knusprige Brezel besorgt, als sie auf einer Lebensmittelmesse unterwegs war.","Es lässt sich nicht sagen, wie oft Sabine eine knusprige Brezel besorgt hat.",unknown,29,ai,bii,2,positive,cannot say,False,,,neutral,0.11,0.6962,0.1939
29_aii_bi1_once_neu,Vergangene Woche hat Judith Sabine eine knusprige Brezel vom Bäcker mitgebracht.,"Vor zwei Tagen hat Judith wieder eine knusprige Brezel bekommen, als sie auf einer Lebensmittelmesse unterwegs war.",Judith hat einmal eine knusprige Brezel bekommen.,entailment,29,aii,bi,1,neutral,once,False,,,entailment,0.9301,0.0044,0.0655
29_aii_bi1_twice_neu,Vergangene Woche hat Judith Sabine eine knusprige Brezel vom Bäcker mitgebracht.,"Vor zwei Tagen hat Judith wieder eine knusprige Brezel bekommen, als sie auf einer Lebensmittelmesse unterwegs war.",Judith hat mindestens zweimal eine knusprige Brezel bekommen.,unknown,29,aii,bi,1,neutral,twice,False,,,entailment,0.9511,0.0006,0.0483
29_aii_bi1_cannot_say_neu,Vergangene Woche hat Judith Sabine eine knusprige Brezel vom Bäcker mitgebracht.,"Vor zwei Tagen hat Judith wieder eine knusprige Brezel bekommen, als sie auf einer Lebensmittelmesse unterwegs war.","Es lässt sich nicht sagen, wie oft Judith eine knusprige Brezel bekommen hat.",unknown,29,aii,bi,1,neutral,cannot say,False,,,neutral,0.1153,0.6001,0.2846
29_aii_bi2_once_pos,Vergangene Woche hat Judith Sabine eine knusprige Brezel vom Bäcker mitgebracht.,"Vor zwei Tagen hat Sabine wieder eine knusprige Brezel bekommen, als sie auf einer Lebensmittelmesse unterwegs war.",Sabine hat einmal eine knusprige Brezel bekommen.,unknown,29,aii,bi,2,positive,once,False,,,entailment,0.893,0.0128,0.0942
29_aii_bi2_twice_pos,Vergangene Woche hat Judith Sabine eine knusprige Brezel vom Bäcker mitgebracht.,"Vor zwei Tagen hat Sabine wieder eine knusprige Brezel bekommen, als sie auf einer Lebensmittelmesse unterwegs war.",Sabine hat mindestens zweimal eine knusprige Brezel bekommen.,entailment,29,aii,bi,2,positive,twice,False,,,entailment,0.9363,0.0017,0.0621
29_aii_bi2_cannot_say_pos,Vergangene Woche hat Judith Sabine eine knusprige Brezel vom Bäcker mitgebracht.,"Vor zwei Tagen hat Sabine wieder eine knusprige Brezel bekommen, als sie auf einer Lebensmittelmesse unterwegs war.","Es lässt sich nicht sagen, wie oft Sabine eine knusprige Brezel bekommen hat.",unknown,29,aii,bi,2,positive,cannot say,False,,,neutral,0.1041,0.6496,0.2463
29_aii_bii1_once_pos,Vergangene Woche hat Judith Sabine eine knusprige Brezel vom Bäcker mitgebracht.,"Vor zwei Tagen hat Judith wieder eine knusprige Brezel besorgt, als sie auf einer Lebensmittelmesse unterwegs war.",Judith hat einmal eine knusprige Brezel besorgt.,unknown,29,aii,bii,1,positive,once,False,,,entailment,0.9024,0.0078,0.0898
29_aii_bii1_twice_pos,Vergangene Woche hat Judith Sabine eine knusprige Brezel vom Bäcker mitgebracht.,"Vor zwei Tagen hat Judith wieder eine knusprige Brezel besorgt, als sie auf einer Lebensmittelmesse unterwegs war.",Judith hat mindestens zweimal eine knusprige Brezel besorgt.,entailment,29,aii,bii,1,positive,twice,False,,,entailment,0.9503,0.0006,0.049
29_aii_bii1_cannot_say_pos,Vergangene Woche hat Judith Sabine eine knusprige Brezel vom Bäcker mitgebracht.,"Vor zwei Tagen hat Judith wieder eine knusprige Brezel besorgt, als sie auf einer Lebensmittelmesse unterwegs war.","Es lässt sich nicht sagen, wie oft Judith eine knusprige Brezel besorgt hat.",unknown,29,aii,bii,1,positive,cannot say,False,,,neutral,0.1059,0.6726,0.2214
29_aii_bii2_once_neu,Vergangene Woche hat Judith Sabine eine knusprige Brezel vom Bäcker mitgebracht.,"Vor zwei Tagen hat Sabine wieder eine knusprige Brezel besorgt, als sie auf einer Lebensmittelmesse unterwegs war.",Sabine hat einmal eine knusprige Brezel besorgt.,entailment,29,aii,bii,2,neutral,once,False,,,entailment,0.8456,0.0277,0.1267
29_aii_bii2_twice_neu,Vergangene Woche hat Judith Sabine eine knusprige Brezel vom Bäcker mitgebracht.,"Vor zwei Tagen hat Sabine wieder eine knusprige Brezel besorgt, als sie auf einer Lebensmittelmesse unterwegs war.",Sabine hat mindestens zweimal eine knusprige Brezel besorgt.,unknown,29,aii,bii,2,neutral,twice,False,,,entailment,0.9251,0.0024,0.0725
29_aii_bii2_cannot_say_neu,Vergangene Woche hat Judith Sabine eine knusprige Brezel vom Bäcker mitgebracht.,"Vor zwei Tagen hat Sabine wieder eine knusprige Brezel besorgt, als sie auf einer Lebensmittelmesse unterwegs war.","Es lässt sich nicht sagen, wie oft Sabine eine knusprige Brezel besorgt hat.",unknown,29,aii,bii,2,neutral,cannot say,False,,,neutral,0.1047,0.7021,0.1932
30_ai_bi1_once_pos,Vor zwei Wochen hat Sabine Linda angelogen.,"Vor vier Tagen hat Linda wieder eine gemeine Lüge gehört, als sie an einem Streit beteiligt war.",Linda hat einmal eine gemeine Lüge gehört.,unknown,30,ai,bi,1,positive,once,False,,,entailment,0.483,0.1894,0.3276
30_ai_bi1_twice_pos,Vor zwei Wochen hat Sabine Linda angelogen.,"Vor vier Tagen hat Linda wieder eine gemeine Lüge gehört, als sie an einem Streit beteiligt war.",Linda hat mindestens zweimal eine gemeine Lüge gehört.,entailment,30,ai,bi,1,positive,twice,False,,,entailment,0.7159,0.0871,0.197
30_ai_bi1_cannot_say_pos,Vor zwei Wochen hat Sabine Linda angelogen.,"Vor vier Tagen hat Linda wieder eine gemeine Lüge gehört, als sie an einem Streit beteiligt war.","Es lässt sich nicht sagen, wie oft Linda eine gemeine Lüge gehört hat.",unknown,30,ai,bi,1,positive,cannot say,False,,,neutral,0.1188,0.6607,0.2205
30_ai_bi2_once_neu,Vor zwei Wochen hat Sabine Linda angelogen.,"Vor vier Tagen hat Sabine wieder eine gemeine Lüge gehört, als sie an einem Streit beteiligt war.",Sabine hat einmal eine gemeine Lüge gehört.,entailment,30,ai,bi,2,neutral,once,False,,,entailment,0.4184,0.2744,0.3073
30_ai_bi2_twice_neu,Vor zwei Wochen hat Sabine Linda angelogen.,"Vor vier Tagen hat Sabine wieder eine gemeine Lüge gehört, als sie an einem Streit beteiligt war.",Sabine hat mindestens zweimal eine gemeine Lüge gehört.,unknown,30,ai,bi,2,neutral,twice,False,,,entailment,0.7552,0.0659,0.1789
30_ai_bi2_cannot_say_neu,Vor zwei Wochen hat Sabine Linda angelogen.,"Vor vier Tagen hat Sabine wieder eine gemeine Lüge gehört, als sie an einem Streit beteiligt war.","Es lässt sich nicht sagen, wie oft Sabine eine gemeine Lüge gehört hat.",unknown,30,ai,bi,2,neutral,cannot say,False,,,neutral,0.1091,0.689,0.2019
30_ai_bii1_once_neu,Vor zwei Wochen hat Sabine Linda angelogen.,"Vor vier Tagen hat Linda wieder eine gemeine Lüge erzählt, als sie an einem Streit beteiligt war.",Linda hat einmal eine gemeine Lüge erzählt.,entailment,30,ai,bii,1,neutral,once,False,,,entailment,0.7665,0.003,0.2305
30_ai_bii1_twice_neu,Vor zwei Wochen hat Sabine Linda angelogen.,"Vor vier Tagen hat Linda wieder eine gemeine Lüge erzählt, als sie an einem Streit beteiligt war.",Linda hat mindestens zweimal eine gemeine Lüge erzählt.,unknown,30,ai,bii,1,neutral,twice,False,,,entailment,0.8709,0.0013,0.1278
30_ai_bii1_cannot_say_neu,Vor zwei Wochen hat Sabine Linda angelogen.,"Vor vier Tagen hat Linda wieder eine gemeine Lüge erzählt, als sie an einem Streit beteiligt war.","Es lässt sich nicht sagen, wie oft Linda eine gemeine Lüge erzählt hat.",unknown,30,ai,bii,1,neutral,cannot say,False,,,neutral,0.1189,0.6867,0.1944
30_ai_bii2_once_pos,Vor zwei Wochen hat Sabine Linda angelogen.,"Vor vier Tagen hat Sabine wieder eine gemeine Lüge erzählt, als sie an einem Streit beteiligt war.",Sabine hat einmal eine gemeine Lüge erzählt.,unknown,30,ai,bii,2,positive,once,False,,,entailment,0.8013,0.0028,0.1959
30_ai_bii2_twice_pos,Vor zwei Wochen hat Sabine Linda angelogen.,"Vor vier Tagen hat Sabine wieder eine gemeine Lüge erzählt, als sie an einem Streit beteiligt war.",Sabine hat mindestens zweimal eine gemeine Lüge erzählt.,entailment,30,ai,bii,2,positive,twice,False,,,entailment,0.8861,0.0012,0.1127
30_ai_bii2_cannot_say_pos,Vor zwei Wochen hat Sabine Linda angelogen.,"Vor vier Tagen hat Sabine wieder eine gemeine Lüge erzählt, als sie an einem Streit beteiligt war.","Es lässt sich nicht sagen, wie oft Sabine eine gemeine Lüge erzählt hat.",unknown,30,ai,bii,2,positive,cannot say,False,,,neutral,0.1131,0.7241,0.1628
30_aii_bi1_once_neu,Vor zwei Wochen hat Linda Sabine angelogen.,"Vor vier Tagen hat Linda wieder eine gemeine Lüge gehört, als sie an einem Streit beteiligt war.",Linda hat einmal eine gemeine Lüge gehört.,entailment,30,aii,bi,1,neutral,once,False,,,entailment,0.4988,0.176,0.3252
30_aii_bi1_twice_neu,Vor zwei Wochen hat Linda Sabine angelogen.,"Vor vier Tagen hat Linda wieder eine gemeine Lüge gehört, als sie an einem Streit beteiligt war.",Linda hat mindestens zweimal eine gemeine Lüge gehört.,unknown,30,aii,bi,1,neutral,twice,False,,,entailment,0.6807,0.1045,0.2148
30_aii_bi1_cannot_say_neu,Vor zwei Wochen hat Linda Sabine angelogen.,"Vor vier Tagen hat Linda wieder eine gemeine Lüge gehört, als sie an einem Streit beteiligt war.","Es lässt sich nicht sagen, wie oft Linda eine gemeine Lüge gehört hat.",unknown,30,aii,bi,1,neutral,cannot say,False,,,neutral,0.1102,0.6664,0.2234
30_aii_bi2_once_pos,Vor zwei Wochen hat Linda Sabine angelogen.,"Vor vier Tagen hat Sabine wieder eine gemeine Lüge gehört, als sie an einem Streit beteiligt war.",Sabine hat einmal eine gemeine Lüge gehört.,unknown,30,aii,bi,2,positive,once,False,,,entailment,0.4335,0.2332,0.3333
30_aii_bi2_twice_pos,Vor zwei Wochen hat Linda Sabine angelogen.,"Vor vier Tagen hat Sabine wieder eine gemeine Lüge gehört, als sie an einem Streit beteiligt war.",Sabine hat mindestens zweimal eine gemeine Lüge gehört.,entailment,30,aii,bi,2,positive,twice,False,,,entailment,0.7305,0.0812,0.1883
30_aii_bi2_cannot_say_pos,Vor zwei Wochen hat Linda Sabine angelogen.,"Vor vier Tagen hat Sabine wieder eine gemeine Lüge gehört, als sie an einem Streit beteiligt war.","Es lässt sich nicht sagen, wie oft Sabine eine gemeine Lüge gehört hat.",unknown,30,aii,bi,2,positive,cannot say,False,,,neutral,0.108,0.6747,0.2173
30_aii_bii1_once_pos,Vor zwei Wochen hat Linda Sabine angelogen.,"Vor vier Tagen hat Linda wieder eine gemeine Lüge erzählt, als sie an einem Streit beteiligt war.",Linda hat einmal eine gemeine Lüge erzählt.,unknown,30,aii,bii,1,positive,once,False,,,entailment,0.7508,0.0022,0.247
30_aii_bii1_twice_pos,Vor zwei Wochen hat Linda Sabine angelogen.,"Vor vier Tagen hat Linda wieder eine gemeine Lüge erzählt, als sie an einem Streit beteiligt war.",Linda hat mindestens zweimal eine gemeine Lüge erzählt.,entailment,30,aii,bii,1,positive,twice,False,,,entailment,0.8614,0.0012,0.1374
30_aii_bii1_cannot_say_pos,Vor zwei Wochen hat Linda Sabine angelogen.,"Vor vier Tagen hat Linda wieder eine gemeine Lüge erzählt, als sie an einem Streit beteiligt war.","Es lässt sich nicht sagen, wie oft Linda eine gemeine Lüge erzählt hat.",unknown,30,aii,bii,1,positive,cannot say,False,,,neutral,0.1191,0.6866,0.1944
30_aii_bii2_once_neu,Vor zwei Wochen hat Linda Sabine angelogen.,"Vor vier Tagen hat Sabine wieder eine gemeine Lüge erzählt, als sie an einem Streit beteiligt war.",Sabine hat einmal eine gemeine Lüge erzählt.,entailment,30,aii,bii,2,neutral,once,False,,,entailment,0.786,0.0022,0.2118
30_aii_bii2_twice_neu,Vor zwei Wochen hat Linda Sabine angelogen.,"Vor vier Tagen hat Sabine wieder eine gemeine Lüge erzählt, als sie an einem Streit beteiligt war.",Sabine hat mindestens zweimal eine gemeine Lüge erzählt.,unknown,30,aii,bii,2,neutral,twice,False,,,entailment,0.8564,0.0017,0.142
30_aii_bii2_cannot_say_neu,Vor zwei Wochen hat Linda Sabine angelogen.,"Vor vier Tagen hat Sabine wieder eine gemeine Lüge erzählt, als sie an einem Streit beteiligt war.","Es lässt sich nicht sagen, wie oft Sabine eine gemeine Lüge erzählt hat.",unknown,30,aii,bii,2,neutral,cannot say,False,,,neutral,0.113,0.7026,0.1844
31_ai_bi1_once_pos,Vor drei Wochen hat Timo Judith massiert.,"Vor vier Tagen hat Judith wieder eine wohltuende Massage bekommen, während sie mit einer Freundin gelernt hat.",Judith hat einmal eine wohltuende Massage bekommen.,unknown,31,ai,bi,1,positive,once,False,,,entailment,0.8318,0.0591,0.1091
31_ai_bi1_twice_pos,Vor drei Wochen hat Timo Judith massiert.,"Vor vier Tagen hat Judith wieder eine wohltuende Massage bekommen, während sie mit einer Freundin gelernt hat.",Judith hat mindestens zweimal eine wohltuende Massage bekommen.,entailment,31,ai,bi,1,positive,twice,False,,,entailment,0.8912,0.0212,0.0876
31_ai_bi1_cannot_say_pos,Vor drei Wochen hat Timo Judith massiert.,"Vor vier Tagen hat Judith wieder eine wohltuende Massage bekommen, während sie mit einer Freundin gelernt hat.","Es lässt sich nicht sagen, wie oft Judith eine wohltuende Massage bekommen hat.",unknown,31,ai,bi,1,positive,cannot say,False,,,neutral,0.1236,0.6611,0.2153
31_ai_bi2_once_neu,Vor drei Wochen hat Timo Judith massiert.,"Vor vier Tagen hat Timo wieder eine wohltuende Massage bekommen, während er mit einer Freundin gelernt hat.",Timo hat einmal eine wohltuende Massage bekommen.,entailment,31,ai,bi,2,neutral,once,False,,,entailment,0.8531,0.0292,0.1177
31_ai_bi2_twice_neu,Vor drei Wochen hat Timo Judith massiert.,"Vor vier Tagen hat Timo wieder eine wohltuende Massage bekommen, während er mit einer Freundin gelernt hat.",Timo hat mindestens zweimal eine wohltuende Massage bekommen.,unknown,31,ai,bi,2,neutral,twice,False,,,entailment,0.892,0.0101,0.0979
31_ai_bi2_cannot_say_neu,Vor drei Wochen hat Timo Judith massiert.,"Vor vier Tagen hat Timo wieder eine wohltuende Massage bekommen, während er mit einer Freundin gelernt hat.","Es lässt sich nicht sagen, wie oft Timo eine wohltuende Massage bekommen hat.",unknown,31,ai,bi,2,neutral,cannot say,False,,,neutral,0.1393,0.6561,0.2047
31_ai_bii1_once_neu,Vor drei Wochen hat Timo Judith massiert.,"Vor vier Tagen hat Judith wieder eine wohltuende Massage gegeben, während sie mit einer Freundin gelernt hat.",Judith hat einmal eine wohltuende Massage gegeben.,entailment,31,ai,bii,1,neutral,once,False,,,entailment,0.8027,0.1044,0.0929
31_ai_bii1_twice_neu,Vor drei Wochen hat Timo Judith massiert.,"Vor vier Tagen hat Judith wieder eine wohltuende Massage gegeben, während sie mit einer Freundin gelernt hat.",Judith hat mindestens zweimal eine wohltuende Massage gegeben.,unknown,31,ai,bii,1,neutral,twice,False,,,entailment,0.8861,0.0303,0.0836
31_ai_bii1_cannot_say_neu,Vor drei Wochen hat Timo Judith massiert.,"Vor vier Tagen hat Judith wieder eine wohltuende Massage gegeben, während sie mit einer Freundin gelernt hat.","Es lässt sich nicht sagen, wie oft Judith eine wohltuende Massage gegeben hat.",unknown,31,ai,bii,1,neutral,cannot say,False,,,neutral,0.1227,0.6955,0.1818
31_ai_bii2_once_pos,Vor drei Wochen hat Timo Judith massiert.,"Vor vier Tagen hat Timo wieder eine wohltuende Massage gegeben, während er mit einer Freundin gelernt hat.",Timo hat einmal eine wohltuende Massage gegeben.,unknown,31,ai,bii,2,positive,once,False,,,entailment,0.8561,0.0206,0.1234
31_ai_bii2_twice_pos,Vor drei Wochen hat Timo Judith massiert.,"Vor vier Tagen hat Timo wieder eine wohltuende Massage gegeben, während er mit einer Freundin gelernt hat.",Timo hat mindestens zweimal eine wohltuende Massage gegeben.,entailment,31,ai,bii,2,positive,twice,False,,,entailment,0.9166,0.0065,0.0769
31_ai_bii2_cannot_say_pos,Vor drei Wochen hat Timo Judith massiert.,"Vor vier Tagen hat Timo wieder eine wohltuende Massage gegeben, während er mit einer Freundin gelernt hat.","Es lässt sich nicht sagen, wie oft Timo eine wohltuende Massage gegeben hat.",unknown,31,ai,bii,2,positive,cannot say,False,,,neutral,0.1329,0.6939,0.1732
31_aii_bi1_once_neu,Vor drei Wochen hat Judith Timo massiert.,"Vor vier Tagen hat Judith wieder eine wohltuende Massage bekommen, während sie mit einer Freundin gelernt hat.",Judith hat einmal eine wohltuende Massage bekommen.,entailment,31,aii,bi,1,neutral,once,False,,,entailment,0.8186,0.0582,0.1232
31_aii_bi1_twice_neu,Vor drei Wochen hat Judith Timo massiert.,"Vor vier Tagen hat Judith wieder eine wohltuende Massage bekommen, während sie mit einer Freundin gelernt hat.",Judith hat mindestens zweimal eine wohltuende Massage bekommen.,unknown,31,aii,bi,1,neutral,twice,False,,,entailment,0.906,0.015,0.079
31_aii_bi1_cannot_say_neu,Vor drei Wochen hat Judith Timo massiert.,"Vor vier Tagen hat Judith wieder eine wohltuende Massage bekommen, während sie mit einer Freundin gelernt hat.","Es lässt sich nicht sagen, wie oft Judith eine wohltuende Massage bekommen hat.",unknown,31,aii,bi,1,neutral,cannot say,False,,,neutral,0.1326,0.6454,0.222
31_aii_bi2_once_pos,Vor drei Wochen hat Judith Timo massiert.,"Vor vier Tagen hat Timo wieder eine wohltuende Massage bekommen, während er mit einer Freundin gelernt hat.",Timo hat einmal eine wohltuende Massage bekommen.,unknown,31,aii,bi,2,positive,once,False,,,entailment,0.8061,0.05,0.1439
31_aii_bi2_twice_pos,Vor drei Wochen hat Judith Timo massiert.,"Vor vier Tagen hat Timo wieder eine wohltuende Massage bekommen, während er mit einer Freundin gelernt hat.",Timo hat mindestens zweimal eine wohltuende Massage bekommen.,entailment,31,aii,bi,2,positive,twice,False,,,entailment,0.8735,0.0208,0.1058
31_aii_bi2_cannot_say_pos,Vor drei Wochen hat Judith Timo massiert.,"Vor vier Tagen hat Timo wieder eine wohltuende Massage bekommen, während er mit einer Freundin gelernt hat.","Es lässt sich nicht sagen, wie oft Timo eine wohltuende Massage bekommen hat.",unknown,31,aii,bi,2,positive,cannot say,False,,,neutral,0.1237,0.6609,0.2154
31_aii_bii1_once_pos,Vor drei Wochen hat Judith Timo massiert.,"Vor vier Tagen hat Judith wieder eine wohltuende Massage gegeben, während sie mit einer Freundin gelernt hat.",Judith hat einmal eine wohltuende Massage gegeben.,unknown,31,aii,bii,1,positive,once,False,,,entailment,0.8134,0.0725,0.1141
31_aii_bii1_twice_pos,Vor drei Wochen hat Judith Timo massiert.,"Vor vier Tagen hat Judith wieder eine wohltuende Massage gegeben, während sie mit einer Freundin gelernt hat.",Judith hat mindestens zweimal eine wohltuende Massage gegeben.,entailment,31,aii,bii,1,positive,twice,False,,,entailment,0.9102,0.0151,0.0747
31_aii_bii1_cannot_say_pos,Vor drei Wochen hat Judith Timo massiert.,"Vor vier Tagen hat Judith wieder eine wohltuende Massage gegeben, während sie mit einer Freundin gelernt hat.","Es lässt sich nicht sagen, wie oft Judith eine wohltuende Massage gegeben hat.",unknown,31,aii,bii,1,positive,cannot say,False,,,neutral,0.1317,0.6823,0.186
31_aii_bii2_once_neu,Vor drei Wochen hat Judith Timo massiert.,"Vor vier Tagen hat Timo wieder eine wohltuende Massage gegeben, während er mit einer Freundin gelernt hat.",Timo hat einmal eine wohltuende Massage gegeben.,entailment,31,aii,bii,2,neutral,once,False,,,entailment,0.8216,0.0281,0.1503
31_aii_bii2_twice_neu,Vor drei Wochen hat Judith Timo massiert.,"Vor vier Tagen hat Timo wieder eine wohltuende Massage gegeben, während er mit einer Freundin gelernt hat.",Timo hat mindestens zweimal eine wohltuende Massage gegeben.,unknown,31,aii,bii,2,neutral,twice,False,,,entailment,0.8708,0.0209,0.1083
31_aii_bii2_cannot_say_neu,Vor drei Wochen hat Judith Timo massiert.,"Vor vier Tagen hat Timo wieder eine wohltuende Massage gegeben, während er mit einer Freundin gelernt hat.","Es lässt sich nicht sagen, wie oft Timo eine wohltuende Massage gegeben hat.",unknown,31,aii,bii,2,neutral,cannot say,False,,,neutral,0.1218,0.6907,0.1876
32_ai_bi1_once_neu,Vor drei Monaten hat Timo Linda ein weißes Bücherregal gebaut.,"Vor zwei Wochen hat Linda wieder ein weißes Bücherregal geschreinert, weil sie in eine WG gezogen ist.",Linda hat einmal ein weißes Bücherregal geschreinert.,entailment,32,ai,bi,1,neutral,once,False,,geschreinert is agent-oriented; erhalten is recipient-oriented.,neutral,0.3871,0.4258,0.1871
32_ai_bi1_twice_neu,Vor drei Monaten hat Timo Linda ein weißes Bücherregal gebaut.,"Vor zwei Wochen hat Linda wieder ein weißes Bücherregal geschreinert, weil sie in eine WG gezogen ist.",Linda hat mindestens zweimal ein weißes Bücherregal geschreinert.,unknown,32,ai,bi,1,neutral,twice,False,,geschreinert is agent-oriented; erhalten is recipient-oriented.,entailment,0.6754,0.164,0.1605
32_ai_bi1_cannot_say_neu,Vor drei Monaten hat Timo Linda ein weißes Bücherregal gebaut.,"Vor zwei Wochen hat Linda wieder ein weißes Bücherregal geschreinert, weil sie in eine WG gezogen ist.","Es lässt sich nicht sagen, wie oft Linda ein weißes Bücherregal geschreinert hat.",unknown,32,ai,bi,1,neutral,cannot say,False,,geschreinert is agent-oriented; erhalten is recipient-oriented.,neutral,0.1251,0.6549,0.2199
32_ai_bi2_once_pos,Vor drei Monaten hat Timo Linda ein weißes Bücherregal gebaut.,"Vor zwei Wochen hat Timo wieder ein weißes Bücherregal geschreinert, weil er in eine WG gezogen ist.",Timo hat einmal ein weißes Bücherregal geschreinert.,unknown,32,ai,bi,2,positive,once,False,,geschreinert is agent-oriented; erhalten is recipient-oriented.,neutral,0.2987,0.3664,0.3349
32_ai_bi2_twice_pos,Vor drei Monaten hat Timo Linda ein weißes Bücherregal gebaut.,"Vor zwei Wochen hat Timo wieder ein weißes Bücherregal geschreinert, weil er in eine WG gezogen ist.",Timo hat mindestens zweimal ein weißes Bücherregal geschreinert.,entailment,32,ai,bi,2,positive,twice,False,,geschreinert is agent-oriented; erhalten is recipient-oriented.,entailment,0.6209,0.1466,0.2325
32_ai_bi2_cannot_say_pos,Vor drei Monaten hat Timo Linda ein weißes Bücherregal gebaut.,"Vor zwei Wochen hat Timo wieder ein weißes Bücherregal geschreinert, weil er in eine WG gezogen ist.","Es lässt sich nicht sagen, wie oft Timo ein weißes Bücherregal geschreinert hat.",unknown,32,ai,bi,2,positive,cannot say,False,,geschreinert is agent-oriented; erhalten is recipient-oriented.,neutral,0.121,0.6281,0.2509
32_ai_bii1_once_pos,Vor drei Monaten hat Timo Linda ein weißes Bücherregal gebaut.,"Vor zwei Wochen hat Linda wieder ein weißes Bücherregal erhalten, weil sie in eine WG gezogen ist.",Linda hat einmal ein weißes Bücherregal erhalten.,unknown,32,ai,bii,1,positive,once,False,,geschreinert is agent-oriented; erhalten is recipient-oriented.,entailment,0.8494,0.0195,0.131
32_ai_bii1_twice_pos,Vor drei Monaten hat Timo Linda ein weißes Bücherregal gebaut.,"Vor zwei Wochen hat Linda wieder ein weißes Bücherregal erhalten, weil sie in eine WG gezogen ist.",Linda hat mindestens zweimal ein weißes Bücherregal erhalten.,entailment,32,ai,bii,1,positive,twice,False,,geschreinert is agent-oriented; erhalten is recipient-oriented.,entailment,0.8639,0.0206,0.1155
32_ai_bii1_cannot_say_pos,Vor drei Monaten hat Timo Linda ein weißes Bücherregal gebaut.,"Vor zwei Wochen hat Linda wieder ein weißes Bücherregal erhalten, weil sie in eine WG gezogen ist.","Es lässt sich nicht sagen, wie oft Linda ein weißes Bücherregal erhalten hat.",unknown,32,ai,bii,1,positive,cannot say,False,,geschreinert is agent-oriented; erhalten is recipient-oriented.,neutral,0.1152,0.6551,0.2297
32_ai_bii2_once_neu,Vor drei Monaten hat Timo Linda ein weißes Bücherregal gebaut.,"Vor zwei Wochen hat Timo wieder ein weißes Bücherregal erhalten, weil er in eine WG gezogen ist.",Timo hat einmal ein weißes Bücherregal erhalten.,entailment,32,ai,bii,2,neutral,once,False,,geschreinert is agent-oriented; erhalten is recipient-oriented.,entailment,0.7521,0.0507,0.1972
32_ai_bii2_twice_neu,Vor drei Monaten hat Timo Linda ein weißes Bücherregal gebaut.,"Vor zwei Wochen hat Timo wieder ein weißes Bücherregal erhalten, weil er in eine WG gezogen ist.",Timo hat mindestens zweimal ein weißes Bücherregal erhalten.,unknown,32,ai,bii,2,neutral,twice,False,,geschreinert is agent-oriented; erhalten is recipient-oriented.,entailment,0.8287,0.0281,0.1432
32_ai_bii2_cannot_say_neu,Vor drei Monaten hat Timo Linda ein weißes Bücherregal gebaut.,"Vor zwei Wochen hat Timo wieder ein weißes Bücherregal erhalten, weil er in eine WG gezogen ist.","Es lässt sich nicht sagen, wie oft Timo ein weißes Bücherregal erhalten hat.",unknown,32,ai,bii,2,neutral,cannot say,False,,geschreinert is agent-oriented; erhalten is recipient-oriented.,neutral,0.1218,0.654,0.2241
32_aii_bi1_once_pos,Vor drei Monaten hat Linda Timo ein weißes Bücherregal gebaut.,"Vor zwei Wochen hat Linda wieder ein weißes Bücherregal geschreinert, weil sie in eine WG gezogen ist.",Linda hat einmal ein weißes Bücherregal geschreinert.,unknown,32,aii,bi,1,positive,once,False,,geschreinert is agent-oriented; erhalten is recipient-oriented.,neutral,0.2924,0.4646,0.243
32_aii_bi1_twice_pos,Vor drei Monaten hat Linda Timo ein weißes Bücherregal gebaut.,"Vor zwei Wochen hat Linda wieder ein weißes Bücherregal geschreinert, weil sie in eine WG gezogen ist.",Linda hat mindestens zweimal ein weißes Bücherregal geschreinert.,entailment,32,aii,bi,1,positive,twice,False,,geschreinert is agent-oriented; erhalten is recipient-oriented.,entailment,0.6986,0.1201,0.1813
32_aii_bi1_cannot_say_pos,Vor drei Monaten hat Linda Timo ein weißes Bücherregal gebaut.,"Vor zwei Wochen hat Linda wieder ein weißes Bücherregal geschreinert, weil sie in eine WG gezogen ist.","Es lässt sich nicht sagen, wie oft Linda ein weißes Bücherregal geschreinert hat.",unknown,32,aii,bi,1,positive,cannot say,False,,geschreinert is agent-oriented; erhalten is recipient-oriented.,neutral,0.1202,0.6491,0.2307
32_aii_bi2_once_neu,Vor drei Monaten hat Linda Timo ein weißes Bücherregal gebaut.,"Vor zwei Wochen hat Timo wieder ein weißes Bücherregal geschreinert, weil er in eine WG gezogen ist.",Timo hat einmal ein weißes Bücherregal geschreinert.,entailment,32,aii,bi,2,neutral,once,False,,geschreinert is agent-oriented; erhalten is recipient-oriented.,contradiction,0.2852,0.3536,0.3612
32_aii_bi2_twice_neu,Vor drei Monaten hat Linda Timo ein weißes Bücherregal gebaut.,"Vor zwei Wochen hat Timo wieder ein weißes Bücherregal geschreinert, weil er in eine WG gezogen ist.",Timo hat mindestens zweimal ein weißes Bücherregal geschreinert.,unknown,32,aii,bi,2,neutral,twice,False,,geschreinert is agent-oriented; erhalten is recipient-oriented.,entailment,0.6444,0.1085,0.247
32_aii_bi2_cannot_say_neu,Vor drei Monaten hat Linda Timo ein weißes Bücherregal gebaut.,"Vor zwei Wochen hat Timo wieder ein weißes Bücherregal geschreinert, weil er in eine WG gezogen ist.","Es lässt sich nicht sagen, wie oft Timo ein weißes Bücherregal geschreinert hat.",unknown,32,aii,bi,2,neutral,cannot say,False,,geschreinert is agent-oriented; erhalten is recipient-oriented.,neutral,0.1163,0.62,0.2637
32_aii_bii1_once_neu,Vor drei Monaten hat Linda Timo ein weißes Bücherregal gebaut.,"Vor zwei Wochen hat Linda wieder ein weißes Bücherregal erhalten, weil sie in eine WG gezogen ist.",Linda hat einmal ein weißes Bücherregal erhalten.,entailment,32,aii,bii,1,neutral,once,False,,geschreinert is agent-oriented; erhalten is recipient-oriented.,entailment,0.7935,0.0375,0.169
32_aii_bii1_twice_neu,Vor drei Monaten hat Linda Timo ein weißes Bücherregal gebaut.,"Vor zwei Wochen hat Linda wieder ein weißes Bücherregal erhalten, weil sie in eine WG gezogen ist.",Linda hat mindestens zweimal ein weißes Bücherregal erhalten.,unknown,32,aii,bii,1,neutral,twice,False,,geschreinert is agent-oriented; erhalten is recipient-oriented.,entailment,0.8798,0.0088,0.1114
32_aii_bii1_cannot_say_neu,Vor drei Monaten hat Linda Timo ein weißes Bücherregal gebaut.,"Vor zwei Wochen hat Linda wieder ein weißes Bücherregal erhalten, weil sie in eine WG gezogen ist.","Es lässt sich nicht sagen, wie oft Linda ein weißes Bücherregal erhalten hat.",unknown,32,aii,bii,1,neutral,cannot say,False,,geschreinert is agent-oriented; erhalten is recipient-oriented.,neutral,0.1198,0.651,0.2292
32_aii_bii2_once_pos,Vor drei Monaten hat Linda Timo ein weißes Bücherregal gebaut.,"Vor zwei Wochen hat Timo wieder ein weißes Bücherregal erhalten, weil er in eine WG gezogen ist.",Timo hat einmal ein weißes Bücherregal erhalten.,unknown,32,aii,bii,2,positive,once,False,,geschreinert is agent-oriented; erhalten is recipient-oriented.,entailment,0.7336,0.044,0.2224
32_aii_bii2_twice_pos,Vor drei Monaten hat Linda Timo ein weißes Bücherregal gebaut.,"Vor zwei Wochen hat Timo wieder ein weißes Bücherregal erhalten, weil er in eine WG gezogen ist.",Timo hat mindestens zweimal ein weißes Bücherregal erhalten.,entailment,32,aii,bii,2,positive,twice,False,,geschreinert is agent-oriented; erhalten is recipient-oriented.,entailment,0.8412,0.0136,0.1451
32_aii_bii2_cannot_say_pos,Vor drei Monaten hat Linda Timo ein weißes Bücherregal gebaut.,"Vor zwei Wochen hat Timo wieder ein weißes Bücherregal erhalten, weil er in eine WG gezogen ist.","Es lässt sich nicht sagen, wie oft Timo ein weißes Bücherregal erhalten hat.",unknown,32,aii,bii,2,positive,cannot say,False,,geschreinert is agent-oriented; erhalten is recipient-oriented.,neutral,0.1202,0.6389,0.241
33_ai_bi1_once_pos,Letzten Monat hat Timo Greta ein peinliches Geheimnis verraten.,"Vor drei Tagen hat Greta wieder ein peinliches Geheimnis erfahren, als sie an einem Klassentreffen teilgenommen hat.",Greta hat einmal ein peinliches Geheimnis erfahren.,unknown,33,ai,bi,1,positive,once,False,,,entailment,0.7304,0.1455,0.1241
33_ai_bi1_twice_pos,Letzten Monat hat Timo Greta ein peinliches Geheimnis verraten.,"Vor drei Tagen hat Greta wieder ein peinliches Geheimnis erfahren, als sie an einem Klassentreffen teilgenommen hat.",Greta hat mindestens zweimal ein peinliches Geheimnis erfahren.,entailment,33,ai,bi,1,positive,twice,False,,,entailment,0.903,0.0134,0.0836
33_ai_bi1_cannot_say_pos,Letzten Monat hat Timo Greta ein peinliches Geheimnis verraten.,"Vor drei Tagen hat Greta wieder ein peinliches Geheimnis erfahren, als sie an einem Klassentreffen teilgenommen hat.","Es lässt sich nicht sagen, wie oft Greta ein peinliches Geheimnis erfahren hat.",unknown,33,ai,bi,1,positive,cannot say,False,,,neutral,0.0949,0.7144,0.1907
33_ai_bi2_once_neu,Letzten Monat hat Timo Greta ein peinliches Geheimnis verraten.,"Vor drei Tagen hat Timo wieder ein peinliches Geheimnis erfahren, als er an einem Klassentreffen teilgenommen hat.",Timo hat einmal ein peinliches Geheimnis erfahren.,entailment,33,ai,bi,2,neutral,once,False,,,entailment,0.7948,0.0563,0.1489
33_ai_bi2_twice_neu,Letzten Monat hat Timo Greta ein peinliches Geheimnis verraten.,"Vor drei Tagen hat Timo wieder ein peinliches Geheimnis erfahren, als er an einem Klassentreffen teilgenommen hat.",Timo hat mindestens zweimal ein peinliches Geheimnis erfahren.,unknown,33,ai,bi,2,neutral,twice,False,,,entailment,0.9151,0.0058,0.0791
33_ai_bi2_cannot_say_neu,Letzten Monat hat Timo Greta ein peinliches Geheimnis verraten.,"Vor drei Tagen hat Timo wieder ein peinliches Geheimnis erfahren, als er an einem Klassentreffen teilgenommen hat.","Es lässt sich nicht sagen, wie oft Timo ein peinliches Geheimnis erfahren hat.",unknown,33,ai,bi,2,neutral,cannot say,False,,,neutral,0.0951,0.6883,0.2166
33_ai_bii1_once_neu,Letzten Monat hat Timo Greta ein peinliches Geheimnis verraten.,"Vor drei Tagen hat Greta wieder ein peinliches Geheimnis preisgegeben, als sie an einem Klassentreffen teilgenommen hat.",Greta hat einmal ein peinliches Geheimnis preisgegeben.,entailment,33,ai,bii,1,neutral,once,False,,,entailment,0.8467,0.0137,0.1396
33_ai_bii1_twice_neu,Letzten Monat hat Timo Greta ein peinliches Geheimnis verraten.,"Vor drei Tagen hat Greta wieder ein peinliches Geheimnis preisgegeben, als sie an einem Klassentreffen teilgenommen hat.",Greta hat mindestens zweimal ein peinliches Geheimnis preisgegeben.,unknown,33,ai,bii,1,neutral,twice,False,,,entailment,0.8964,0.0072,0.0964
33_ai_bii1_cannot_say_neu,Letzten Monat hat Timo Greta ein peinliches Geheimnis verraten.,"Vor drei Tagen hat Greta wieder ein peinliches Geheimnis preisgegeben, als sie an einem Klassentreffen teilgenommen hat.","Es lässt sich nicht sagen, wie oft Greta ein peinliches Geheimnis preisgegeben hat.",unknown,33,ai,bii,1,neutral,cannot say,False,,,neutral,0.1123,0.7398,0.1479
33_ai_bii2_once_pos,Letzten Monat hat Timo Greta ein peinliches Geheimnis verraten.,"Vor drei Tagen hat Timo wieder ein peinliches Geheimnis preisgegeben, als er an einem Klassentreffen teilgenommen hat.",Timo hat einmal ein peinliches Geheimnis preisgegeben.,unknown,33,ai,bii,2,positive,once,False,,,entailment,0.8861,0.0023,0.1116
33_ai_bii2_twice_pos,Letzten Monat hat Timo Greta ein peinliches Geheimnis verraten.,"Vor drei Tagen hat Timo wieder ein peinliches Geheimnis preisgegeben, als er an einem Klassentreffen teilgenommen hat.",Timo hat mindestens zweimal ein peinliches Geheimnis preisgegeben.,entailment,33,ai,bii,2,positive,twice,False,,,entailment,0.9027,0.003,0.0943
33_ai_bii2_cannot_say_pos,Letzten Monat hat Timo Greta ein peinliches Geheimnis verraten.,"Vor drei Tagen hat Timo wieder ein peinliches Geheimnis preisgegeben, als er an einem Klassentreffen teilgenommen hat.","Es lässt sich nicht sagen, wie oft Timo ein peinliches Geheimnis preisgegeben hat.",unknown,33,ai,bii,2,positive,cannot say,False,,,neutral,0.1057,0.7366,0.1577
33_aii_bi1_once_neu,Letzten Monat hat Greta Timo ein peinliches Geheimnis verraten.,"Vor drei Tagen hat Greta wieder ein peinliches Geheimnis erfahren, als sie an einem Klassentreffen teilgenommen hat.",Greta hat einmal ein peinliches Geheimnis erfahren.,entailment,33,aii,bi,1,neutral,once,False,,,entailment,0.7331,0.1159,0.151
33_aii_bi1_twice_neu,Letzten Monat hat Greta Timo ein peinliches Geheimnis verraten.,"Vor drei Tagen hat Greta wieder ein peinliches Geheimnis erfahren, als sie an einem Klassentreffen teilgenommen hat.",Greta hat mindestens zweimal ein peinliches Geheimnis erfahren.,unknown,33,aii,bi,1,neutral,twice,False,,,entailment,0.9128,0.0064,0.0808
33_aii_bi1_cannot_say_neu,Letzten Monat hat Greta Timo ein peinliches Geheimnis verraten.,"Vor drei Tagen hat Greta wieder ein peinliches Geheimnis erfahren, als sie an einem Klassentreffen teilgenommen hat.","Es lässt sich nicht sagen, wie oft Greta ein peinliches Geheimnis erfahren hat.",unknown,33,aii,bi,1,neutral,cannot say,False,,,neutral,0.098,0.7056,0.1964
33_aii_bi2_once_pos,Letzten Monat hat Greta Timo ein peinliches Geheimnis verraten.,"Vor drei Tagen hat Timo wieder ein peinliches Geheimnis erfahren, als er an einem Klassentreffen teilgenommen hat.",Timo hat einmal ein peinliches Geheimnis erfahren.,unknown,33,aii,bi,2,positive,once,False,,,entailment,0.7819,0.0623,0.1558
33_aii_bi2_twice_pos,Letzten Monat hat Greta Timo ein peinliches Geheimnis verraten.,"Vor drei Tagen hat Timo wieder ein peinliches Geheimnis erfahren, als er an einem Klassentreffen teilgenommen hat.",Timo hat mindestens zweimal ein peinliches Geheimnis erfahren.,entailment,33,aii,bi,2,positive,twice,False,,,entailment,0.9207,0.004,0.0753
33_aii_bi2_cannot_say_pos,Letzten Monat hat Greta Timo ein peinliches Geheimnis verraten.,"Vor drei Tagen hat Timo wieder ein peinliches Geheimnis erfahren, als er an einem Klassentreffen teilgenommen hat.","Es lässt sich nicht sagen, wie oft Timo ein peinliches Geheimnis erfahren hat.",unknown,33,aii,bi,2,positive,cannot say,False,,,neutral,0.0939,0.6721,0.234
33_aii_bii1_once_pos,Letzten Monat hat Greta Timo ein peinliches Geheimnis verraten.,"Vor drei Tagen hat Greta wieder ein peinliches Geheimnis preisgegeben, als sie an einem Klassentreffen teilgenommen hat.",Greta hat einmal ein peinliches Geheimnis preisgegeben.,unknown,33,aii,bii,1,positive,once,False,,,entailment,0.8589,0.0058,0.1353
33_aii_bii1_twice_pos,Letzten Monat hat Greta Timo ein peinliches Geheimnis verraten.,"Vor drei Tagen hat Greta wieder ein peinliches Geheimnis preisgegeben, als sie an einem Klassentreffen teilgenommen hat.",Greta hat mindestens zweimal ein peinliches Geheimnis preisgegeben.,entailment,33,aii,bii,1,positive,twice,False,,,entailment,0.9186,0.0024,0.0791
33_aii_bii1_cannot_say_pos,Letzten Monat hat Greta Timo ein peinliches Geheimnis verraten.,"Vor drei Tagen hat Greta wieder ein peinliches Geheimnis preisgegeben, als sie an einem Klassentreffen teilgenommen hat.","Es lässt sich nicht sagen, wie oft Greta ein peinliches Geheimnis preisgegeben hat.",unknown,33,aii,bii,1,positive,cannot say,False,,,neutral,0.1035,0.7543,0.1421
33_aii_bii2_once_neu,Letzten Monat hat Greta Timo ein peinliches Geheimnis verraten.,"Vor drei Tagen hat Timo wieder ein peinliches Geheimnis preisgegeben, als er an einem Klassentreffen teilgenommen hat.",Timo hat einmal ein peinliches Geheimnis preisgegeben.,entailment,33,aii,bii,2,neutral,once,False,,,entailment,0.8822,0.0025,0.1153
33_aii_bii2_twice_neu,Letzten Monat hat Greta Timo ein peinliches Geheimnis verraten.,"Vor drei Tagen hat Timo wieder ein peinliches Geheimnis preisgegeben, als er an einem Klassentreffen teilgenommen hat.",Timo hat mindestens zweimal ein peinliches Geheimnis preisgegeben.,unknown,33,aii,bii,2,neutral,twice,False,,,entailment,0.916,0.0018,0.0822
33_aii_bii2_cannot_say_neu,Letzten Monat hat Greta Timo ein peinliches Geheimnis verraten.,"Vor drei Tagen hat Timo wieder ein peinliches Geheimnis preisgegeben, als er an einem Klassentreffen teilgenommen hat.","Es lässt sich nicht sagen, wie oft Timo ein peinliches Geheimnis preisgegeben hat.",unknown,33,aii,bii,2,neutral,cannot say,False,,,neutral,0.0989,0.7264,0.1747
34_ai_bi1_once_pos,Vor vier Monaten hat Timo Sabine einen neuen Haarschnitt verpasst.,"Vor einer Woche hat Sabine wieder einen neuen Haarschnitt bekommen, weil sie an einem Frisurenwettbewerb teilgenommen hat.",Sabine hat einmal einen neuen Haarschnitt bekommen.,unknown,34,ai,bi,1,positive,once,False,,,entailment,0.8405,0.047,0.1125
34_ai_bi1_twice_pos,Vor vier Monaten hat Timo Sabine einen neuen Haarschnitt verpasst.,"Vor einer Woche hat Sabine wieder einen neuen Haarschnitt bekommen, weil sie an einem Frisurenwettbewerb teilgenommen hat.",Sabine hat mindestens zweimal einen neuen Haarschnitt bekommen.,entailment,34,ai,bi,1,positive,twice,False,,,entailment,0.8773,0.0164,0.1063
34_ai_bi1_cannot_say_pos,Vor vier Monaten hat Timo Sabine einen neuen Haarschnitt verpasst.,"Vor einer Woche hat Sabine wieder einen neuen Haarschnitt bekommen, weil sie an einem Frisurenwettbewerb teilgenommen hat.","Es lässt sich nicht sagen, wie oft Sabine einen neuen Haarschnitt bekommen hat.",unknown,34,ai,bi,1,positive,cannot say,False,,,neutral,0.1298,0.6232,0.247
34_ai_bi2_once_neu,Vor vier Monaten hat Timo Sabine einen neuen Haarschnitt verpasst.,"Vor einer Woche hat Timo wieder einen neuen Haarschnitt bekommen, weil er an einem Frisurenwettbewerb teilgenommen hat.",Timo hat einmal einen neuen Haarschnitt bekommen.,entailment,34,ai,bi,2,neutral,once,False,,,entailment,0.7971,0.0629,0.14
34_ai_bi2_twice_neu,Vor vier Monaten hat Timo Sabine einen neuen Haarschnitt verpasst.,"Vor einer Woche hat Timo wieder einen neuen Haarschnitt bekommen, weil er an einem Frisurenwettbewerb teilgenommen hat.",Timo hat mindestens zweimal einen neuen Haarschnitt bekommen.,unknown,34,ai,bi,2,neutral,twice,False,,,entailment,0.8825,0.01,0.1075
34_ai_bi2_cannot_say_neu,Vor vier Monaten hat Timo Sabine einen neuen Haarschnitt verpasst.,"Vor einer Woche hat Timo wieder einen neuen Haarschnitt bekommen, weil er an einem Frisurenwettbewerb teilgenommen hat.","Es lässt sich nicht sagen, wie oft Timo einen neuen Haarschnitt bekommen hat.",unknown,34,ai,bi,2,neutral,cannot say,False,,,neutral,0.1313,0.5963,0.2723
34_ai_bii1_once_neu,Vor vier Monaten hat Timo Sabine einen neuen Haarschnitt verpasst.,"Vor einer Woche hat Sabine wieder einen neuen Haarschnitt kreiert, weil sie an einem Frisurenwettbewerb teilgenommen hat.",Sabine hat einmal einen neuen Haarschnitt kreiert.,entailment,34,ai,bii,1,neutral,once,False,,,entailment,0.8122,0.0578,0.1301
34_ai_bii1_twice_neu,Vor vier Monaten hat Timo Sabine einen neuen Haarschnitt verpasst.,"Vor einer Woche hat Sabine wieder einen neuen Haarschnitt kreiert, weil sie an einem Frisurenwettbewerb teilgenommen hat.",Sabine hat mindestens zweimal einen neuen Haarschnitt kreiert.,unknown,34,ai,bii,1,neutral,twice,False,,,entailment,0.8566,0.0261,0.1173
34_ai_bii1_cannot_say_neu,Vor vier Monaten hat Timo Sabine einen neuen Haarschnitt verpasst.,"Vor einer Woche hat Sabine wieder einen neuen Haarschnitt kreiert, weil sie an einem Frisurenwettbewerb teilgenommen hat.","Es lässt sich nicht sagen, wie oft Sabine einen neuen Haarschnitt kreiert hat.",unknown,34,ai,bii,1,neutral,cannot say,False,,,neutral,0.1364,0.601,0.2627
34_ai_bii2_once_pos,Vor vier Monaten hat Timo Sabine einen neuen Haarschnitt verpasst.,"Vor einer Woche hat Timo wieder einen neuen Haarschnitt kreiert, weil er an einem Frisurenwettbewerb teilgenommen hat.",Timo hat einmal einen neuen Haarschnitt kreiert.,unknown,34,ai,bii,2,positive,once,False,,,entailment,0.7806,0.0616,0.1578
34_ai_bii2_twice_pos,Vor vier Monaten hat Timo Sabine einen neuen Haarschnitt verpasst.,"Vor einer Woche hat Timo wieder einen neuen Haarschnitt kreiert, weil er an einem Frisurenwettbewerb teilgenommen hat.",Timo hat mindestens zweimal einen neuen Haarschnitt kreiert.,entailment,34,ai,bii,2,positive,twice,False,,,entailment,0.8747,0.0112,0.1141
34_ai_bii2_cannot_say_pos,Vor vier Monaten hat Timo Sabine einen neuen Haarschnitt verpasst.,"Vor einer Woche hat Timo wieder einen neuen Haarschnitt kreiert, weil er an einem Frisurenwettbewerb teilgenommen hat.","Es lässt sich nicht sagen, wie oft Timo einen neuen Haarschnitt kreiert hat.",unknown,34,ai,bii,2,positive,cannot say,False,,,neutral,0.1296,0.5982,0.2722
34_aii_bi1_once_neu,Vor vier Monaten hat Sabine Timo einen neuen Haarschnitt verpasst.,"Vor einer Woche hat Sabine wieder einen neuen Haarschnitt bekommen, weil sie an einem Frisurenwettbewerb teilgenommen hat.",Sabine hat einmal einen neuen Haarschnitt bekommen.,entailment,34,aii,bi,1,neutral,once,False,,,entailment,0.8439,0.0363,0.1199
34_aii_bi1_twice_neu,Vor vier Monaten hat Sabine Timo einen neuen Haarschnitt verpasst.,"Vor einer Woche hat Sabine wieder einen neuen Haarschnitt bekommen, weil sie an einem Frisurenwettbewerb teilgenommen hat.",Sabine hat mindestens zweimal einen neuen Haarschnitt bekommen.,unknown,34,aii,bi,1,neutral,twice,False,,,entailment,0.8825,0.01,0.1075
34_aii_bi1_cannot_say_neu,Vor vier Monaten hat Sabine Timo einen neuen Haarschnitt verpasst.,"Vor einer Woche hat Sabine wieder einen neuen Haarschnitt bekommen, weil sie an einem Frisurenwettbewerb teilgenommen hat.","Es lässt sich nicht sagen, wie oft Sabine einen neuen Haarschnitt bekommen hat.",unknown,34,aii,bi,1,neutral,cannot say,False,,,neutral,0.129,0.6244,0.2467
34_aii_bi2_once_pos,Vor vier Monaten hat Sabine Timo einen neuen Haarschnitt verpasst.,"Vor einer Woche hat Timo wieder einen neuen Haarschnitt bekommen, weil er an einem Frisurenwettbewerb teilgenommen hat.",Timo hat einmal einen neuen Haarschnitt bekommen.,unknown,34,aii,bi,2,positive,once,False,,,entailment,0.7876,0.0703,0.1421
34_aii_bi2_twice_pos,Vor vier Monaten hat Sabine Timo einen neuen Haarschnitt verpasst.,"Vor einer Woche hat Timo wieder einen neuen Haarschnitt bekommen, weil er an einem Frisurenwettbewerb teilgenommen hat.",Timo hat mindestens zweimal einen neuen Haarschnitt bekommen.,entailment,34,aii,bi,2,positive,twice,False,,,entailment,0.8373,0.0223,0.1405
34_aii_bi2_cannot_say_pos,Vor vier Monaten hat Sabine Timo einen neuen Haarschnitt verpasst.,"Vor einer Woche hat Timo wieder einen neuen Haarschnitt bekommen, weil er an einem Frisurenwettbewerb teilgenommen hat.","Es lässt sich nicht sagen, wie oft Timo einen neuen Haarschnitt bekommen hat.",unknown,34,aii,bi,2,positive,cannot say,False,,,neutral,0.1244,0.594,0.2816
34_aii_bii1_once_pos,Vor vier Monaten hat Sabine Timo einen neuen Haarschnitt verpasst.,"Vor einer Woche hat Sabine wieder einen neuen Haarschnitt kreiert, weil sie an einem Frisurenwettbewerb teilgenommen hat.",Sabine hat einmal einen neuen Haarschnitt kreiert.,unknown,34,aii,bii,1,positive,once,False,,,entailment,0.8155,0.051,0.1334
34_aii_bii1_twice_pos,Vor vier Monaten hat Sabine Timo einen neuen Haarschnitt verpasst.,"Vor einer Woche hat Sabine wieder einen neuen Haarschnitt kreiert, weil sie an einem Frisurenwettbewerb teilgenommen hat.",Sabine hat mindestens zweimal einen neuen Haarschnitt kreiert.,entailment,34,aii,bii,1,positive,twice,False,,,entailment,0.8798,0.0145,0.1058
34_aii_bii1_cannot_say_pos,Vor vier Monaten hat Sabine Timo einen neuen Haarschnitt verpasst.,"Vor einer Woche hat Sabine wieder einen neuen Haarschnitt kreiert, weil sie an einem Frisurenwettbewerb teilgenommen hat.","Es lässt sich nicht sagen, wie oft Sabine einen neuen Haarschnitt kreiert hat.",unknown,34,aii,bii,1,positive,cannot say,False,,,neutral,0.1331,0.6218,0.2451
34_aii_bii2_once_neu,Vor vier Monaten hat Sabine Timo einen neuen Haarschnitt verpasst.,"Vor einer Woche hat Timo wieder einen neuen Haarschnitt kreiert, weil er an einem Frisurenwettbewerb teilgenommen hat.",Timo hat einmal einen neuen Haarschnitt kreiert.,entailment,34,aii,bii,2,neutral,once,False,,,entailment,0.8053,0.0444,0.1502
34_aii_bii2_twice_neu,Vor vier Monaten hat Sabine Timo einen neuen Haarschnitt verpasst.,"Vor einer Woche hat Timo wieder einen neuen Haarschnitt kreiert, weil er an einem Frisurenwettbewerb teilgenommen hat.",Timo hat mindestens zweimal einen neuen Haarschnitt kreiert.,unknown,34,aii,bii,2,neutral,twice,False,,,entailment,0.8353,0.0255,0.1393
34_aii_bii2_cannot_say_neu,Vor vier Monaten hat Sabine Timo einen neuen Haarschnitt verpasst.,"Vor einer Woche hat Timo wieder einen neuen Haarschnitt kreiert, weil er an einem Frisurenwettbewerb teilgenommen hat.","Es lässt sich nicht sagen, wie oft Timo einen neuen Haarschnitt kreiert hat.",unknown,34,aii,bii,2,neutral,cannot say,False,,,neutral,0.1239,0.5939,0.2822
35_ai_bi1_once_pos,Vorletzte Woche hat Timo Tina fünf Euro geborgt.,"Vor zwei Tagen hat Tina wieder eine kleine Geldsumme ausgeliehen, als sie in einer Kneipe verabredet war.",Tina hat einmal eine kleine Geldsumme ausgeliehen.,unknown,35,ai,bi,1,positive,once,False,,,entailment,0.6637,0.22,0.1163
35_ai_bi1_twice_pos,Vorletzte Woche hat Timo Tina fünf Euro geborgt.,"Vor zwei Tagen hat Tina wieder eine kleine Geldsumme ausgeliehen, als sie in einer Kneipe verabredet war.",Tina hat mindestens zweimal eine kleine Geldsumme ausgeliehen.,entailment,35,ai,bi,1,positive,twice,False,,,entailment,0.8419,0.0474,0.1108
35_ai_bi1_cannot_say_pos,Vorletzte Woche hat Timo Tina fünf Euro geborgt.,"Vor zwei Tagen hat Tina wieder eine kleine Geldsumme ausgeliehen, als sie in einer Kneipe verabredet war.","Es lässt sich nicht sagen, wie oft Tina eine kleine Geldsumme ausgeliehen hat.",unknown,35,ai,bi,1,positive,cannot say,False,,,neutral,0.127,0.6491,0.2239
35_ai_bi2_once_neu,Vorletzte Woche hat Timo Tina fünf Euro geborgt.,"Vor zwei Tagen hat Timo wieder eine kleine Geldsumme ausgeliehen, als er in einer Kneipe verabredet war.",Timo hat einmal eine kleine Geldsumme ausgeliehen.,entailment,35,ai,bi,2,neutral,once,False,,,entailment,0.7783,0.0778,0.1439
35_ai_bi2_twice_neu,Vorletzte Woche hat Timo Tina fünf Euro geborgt.,"Vor zwei Tagen hat Timo wieder eine kleine Geldsumme ausgeliehen, als er in einer Kneipe verabredet war.",Timo hat mindestens zweimal eine kleine Geldsumme ausgeliehen.,unknown,35,ai,bi,2,neutral,twice,False,,,entailment,0.8597,0.0113,0.129
35_ai_bi2_cannot_say_neu,Vorletzte Woche hat Timo Tina fünf Euro geborgt.,"Vor zwei Tagen hat Timo wieder eine kleine Geldsumme ausgeliehen, als er in einer Kneipe verabredet war.","Es lässt sich nicht sagen, wie oft Timo eine kleine Geldsumme ausgeliehen hat.",unknown,35,ai,bi,2,neutral,cannot say,False,,,neutral,0.1225,0.6532,0.2244
35_ai_bii1_once_neu,Vorletzte Woche hat Timo Tina fünf Euro geborgt.,"Vor zwei Tagen hat Tina wieder eine kleine Geldsumme verliehen, als sie in einer Kneipe verabredet war.",Tina hat einmal eine kleine Geldsumme verliehen.,entailment,35,ai,bii,1,neutral,once,False,,,entailment,0.5608,0.3271,0.112
35_ai_bii1_twice_neu,Vorletzte Woche hat Timo Tina fünf Euro geborgt.,"Vor zwei Tagen hat Tina wieder eine kleine Geldsumme verliehen, als sie in einer Kneipe verabredet war.",Tina hat mindestens zweimal eine kleine Geldsumme verliehen.,unknown,35,ai,bii,1,neutral,twice,False,,,entailment,0.8283,0.0674,0.1043
35_ai_bii1_cannot_say_neu,Vorletzte Woche hat Timo Tina fünf Euro geborgt.,"Vor zwei Tagen hat Tina wieder eine kleine Geldsumme verliehen, als sie in einer Kneipe verabredet war.","Es lässt sich nicht sagen, wie oft Tina eine kleine Geldsumme verliehen hat.",unknown,35,ai,bii,1,neutral,cannot say,False,,,neutral,0.1056,0.6637,0.2307
35_ai_bii2_once_pos,Vorletzte Woche hat Timo Tina fünf Euro geborgt.,"Vor zwei Tagen hat Timo wieder eine kleine Geldsumme verliehen, als er in einer Kneipe verabredet war.",Timo hat einmal eine kleine Geldsumme verliehen.,unknown,35,ai,bii,2,positive,once,False,,,entailment,0.7603,0.0966,0.1431
35_ai_bii2_twice_pos,Vorletzte Woche hat Timo Tina fünf Euro geborgt.,"Vor zwei Tagen hat Timo wieder eine kleine Geldsumme verliehen, als er in einer Kneipe verabredet war.",Timo hat mindestens zweimal eine kleine Geldsumme verliehen.,entailment,35,ai,bii,2,positive,twice,False,,,entailment,0.8638,0.0146,0.1216
35_ai_bii2_cannot_say_pos,Vorletzte Woche hat Timo Tina fünf Euro geborgt.,"Vor zwei Tagen hat Timo wieder eine kleine Geldsumme verliehen, als er in einer Kneipe verabredet war.","Es lässt sich nicht sagen, wie oft Timo eine kleine Geldsumme verliehen hat.",unknown,35,ai,bii,2,positive,cannot say,False,,,neutral,0.11,0.6274,0.2626
35_aii_bi1_once_neu,Vorletzte Woche hat Tina Timo fünf Euro geborgt.,"Vor zwei Tagen hat Tina wieder eine kleine Geldsumme ausgeliehen, als sie in einer Kneipe verabredet war.",Tina hat einmal eine kleine Geldsumme ausgeliehen.,entailment,35,aii,bi,1,neutral,once,False,,,entailment,0.7464,0.1324,0.1212
35_aii_bi1_twice_neu,Vorletzte Woche hat Tina Timo fünf Euro geborgt.,"Vor zwei Tagen hat Tina wieder eine kleine Geldsumme ausgeliehen, als sie in einer Kneipe verabredet war.",Tina hat mindestens zweimal eine kleine Geldsumme ausgeliehen.,unknown,35,aii,bi,1,neutral,twice,False,,,entailment,0.8872,0.019,0.0938
35_aii_bi1_cannot_say_neu,Vorletzte Woche hat Tina Timo fünf Euro geborgt.,"Vor zwei Tagen hat Tina wieder eine kleine Geldsumme ausgeliehen, als sie in einer Kneipe verabredet war.","Es lässt sich nicht sagen, wie oft Tina eine kleine Geldsumme ausgeliehen hat.",unknown,35,aii,bi,1,neutral,cannot say,False,,,neutral,0.1236,0.66,0.2164
35_aii_bi2_once_pos,Vorletzte Woche hat Tina Timo fünf Euro geborgt.,"Vor zwei Tagen hat Timo wieder eine kleine Geldsumme ausgeliehen, als er in einer Kneipe verabredet war.",Timo hat einmal eine kleine Geldsumme ausgeliehen.,unknown,35,aii,bi,2,positive,once,False,,,entailment,0.7835,0.055,0.1614
35_aii_bi2_twice_pos,Vorletzte Woche hat Tina Timo fünf Euro geborgt.,"Vor zwei Tagen hat Timo wieder eine kleine Geldsumme ausgeliehen, als er in einer Kneipe verabredet war.",Timo hat mindestens zweimal eine kleine Geldsumme ausgeliehen.,entailment,35,aii,bi,2,positive,twice,False,,,entailment,0.8503,0.0123,0.1374
35_aii_bi2_cannot_say_pos,Vorletzte Woche hat Tina Timo fünf Euro geborgt.,"Vor zwei Tagen hat Timo wieder eine kleine Geldsumme ausgeliehen, als er in einer Kneipe verabredet war.","Es lässt sich nicht sagen, wie oft Timo eine kleine Geldsumme ausgeliehen hat.",unknown,35,aii,bi,2,positive,cannot say,False,,,neutral,0.1219,0.6436,0.2345
35_aii_bii1_once_pos,Vorletzte Woche hat Tina Timo fünf Euro geborgt.,"Vor zwei Tagen hat Tina wieder eine kleine Geldsumme verliehen, als sie in einer Kneipe verabredet war.",Tina hat einmal eine kleine Geldsumme verliehen.,unknown,35,aii,bii,1,positive,once,False,,,entailment,0.6781,0.207,0.1149
35_aii_bii1_twice_pos,Vorletzte Woche hat Tina Timo fünf Euro geborgt.,"Vor zwei Tagen hat Tina wieder eine kleine Geldsumme verliehen, als sie in einer Kneipe verabredet war.",Tina hat mindestens zweimal eine kleine Geldsumme verliehen.,entailment,35,aii,bii,1,positive,twice,False,,,entailment,0.8816,0.0243,0.0941
35_aii_bii1_cannot_say_pos,Vorletzte Woche hat Tina Timo fünf Euro geborgt.,"Vor zwei Tagen hat Tina wieder eine kleine Geldsumme verliehen, als sie in einer Kneipe verabredet war.","Es lässt sich nicht sagen, wie oft Tina eine kleine Geldsumme verliehen hat.",unknown,35,aii,bii,1,positive,cannot say,False,,,neutral,0.1063,0.6701,0.2237
35_aii_bii2_once_neu,Vorletzte Woche hat Tina Timo fünf Euro geborgt.,"Vor zwei Tagen hat Timo wieder eine kleine Geldsumme verliehen, als er in einer Kneipe verabredet war.",Timo hat einmal eine kleine Geldsumme verliehen.,entailment,35,aii,bii,2,neutral,once,False,,,entailment,0.7697,0.0693,0.161
35_aii_bii2_twice_neu,Vorletzte Woche hat Tina Timo fünf Euro geborgt.,"Vor zwei Tagen hat Timo wieder eine kleine Geldsumme verliehen, als er in einer Kneipe verabredet war.",Timo hat mindestens zweimal eine kleine Geldsumme verliehen.,unknown,35,aii,bii,2,neutral,twice,False,,,entailment,0.8521,0.0181,0.1299
35_aii_bii2_cannot_say_neu,Vorletzte Woche hat Tina Timo fünf Euro geborgt.,"Vor zwei Tagen hat Timo wieder eine kleine Geldsumme verliehen, als er in einer Kneipe verabredet war.","Es lässt sich nicht sagen, wie oft Timo eine kleine Geldsumme verliehen hat.",unknown,35,aii,bii,2,neutral,cannot say,False,,,neutral,0.1059,0.6302,0.2639
36_ai_bi1_once_pos,Vor einem Monat hat Karl Thorsten eine dringende Erinnerung per Mail zukommen lassen.,"Vor zwei Wochen hat Thorsten wieder eine dringende Erinnerung erhalten, während er an einem Projekt gearbeitet hat.",Thorsten hat einmal eine dringende Erinnerung erhalten.,unknown,36,ai,bi,1,positive,once,False,,,entailment,0.8555,0.0287,0.1158
36_ai_bi1_twice_pos,Vor einem Monat hat Karl Thorsten eine dringende Erinnerung per Mail zukommen lassen.,"Vor zwei Wochen hat Thorsten wieder eine dringende Erinnerung erhalten, während er an einem Projekt gearbeitet hat.",Thorsten hat mindestens zweimal eine dringende Erinnerung erhalten.,entailment,36,ai,bi,1,positive,twice,False,,,entailment,0.9459,0.001,0.0531
36_ai_bi1_cannot_say_pos,Vor einem Monat hat Karl Thorsten eine dringende Erinnerung per Mail zukommen lassen.,"Vor zwei Wochen hat Thorsten wieder eine dringende Erinnerung erhalten, während er an einem Projekt gearbeitet hat.","Es lässt sich nicht sagen, wie oft Thorsten eine dringende Erinnerung erhalten hat.",unknown,36,ai,bi,1,positive,cannot say,False,,,neutral,0.1111,0.6248,0.2641
36_ai_bi2_once_neu,Vor einem Monat hat Karl Thorsten eine dringende Erinnerung per Mail zukommen lassen.,"Vor zwei Wochen hat Karl wieder eine dringende Erinnerung erhalten, während er an einem Projekt gearbeitet hat.",Karl hat einmal eine dringende Erinnerung erhalten.,entailment,36,ai,bi,2,neutral,once,False,,,entailment,0.8504,0.0285,0.1211
36_ai_bi2_twice_neu,Vor einem Monat hat Karl Thorsten eine dringende Erinnerung per Mail zukommen lassen.,"Vor zwei Wochen hat Karl wieder eine dringende Erinnerung erhalten, während er an einem Projekt gearbeitet hat.",Karl hat mindestens zweimal eine dringende Erinnerung erhalten.,unknown,36,ai,bi,2,neutral,twice,False,,,entailment,0.959,0.0006,0.0404
36_ai_bi2_cannot_say_neu,Vor einem Monat hat Karl Thorsten eine dringende Erinnerung per Mail zukommen lassen.,"Vor zwei Wochen hat Karl wieder eine dringende Erinnerung erhalten, während er an einem Projekt gearbeitet hat.","Es lässt sich nicht sagen, wie oft Karl eine dringende Erinnerung erhalten hat.",unknown,36,ai,bi,2,neutral,cannot say,False,,,neutral,0.1064,0.6202,0.2734
36_ai_bii1_once_neu,Vor einem Monat hat Karl Thorsten eine dringende Erinnerung per Mail zukommen lassen.,"Vor zwei Wochen hat Thorsten wieder eine dringende Erinnerung verschickt, während er an einem Projekt gearbeitet hat.",Thorsten hat einmal eine dringende Erinnerung verschickt.,entailment,36,ai,bii,1,neutral,once,False,,,entailment,0.8798,0.011,0.1092
36_ai_bii1_twice_neu,Vor einem Monat hat Karl Thorsten eine dringende Erinnerung per Mail zukommen lassen.,"Vor zwei Wochen hat Thorsten wieder eine dringende Erinnerung verschickt, während er an einem Projekt gearbeitet hat.",Thorsten hat mindestens zweimal eine dringende Erinnerung verschickt.,unknown,36,ai,bii,1,neutral,twice,False,,,entailment,0.9346,0.0009,0.0645
36_ai_bii1_cannot_say_neu,Vor einem Monat hat Karl Thorsten eine dringende Erinnerung per Mail zukommen lassen.,"Vor zwei Wochen hat Thorsten wieder eine dringende Erinnerung verschickt, während er an einem Projekt gearbeitet hat.","Es lässt sich nicht sagen, wie oft Thorsten eine dringende Erinnerung verschickt hat.",unknown,36,ai,bii,1,neutral,cannot say,False,,,neutral,0.102,0.7012,0.1968
36_ai_bii2_once_pos,Vor einem Monat hat Karl Thorsten eine dringende Erinnerung per Mail zukommen lassen.,"Vor zwei Wochen hat Karl wieder eine dringende Erinnerung verschickt, während er an einem Projekt gearbeitet hat.",Karl hat einmal eine dringende Erinnerung verschickt.,unknown,36,ai,bii,2,positive,once,False,,,entailment,0.8541,0.0201,0.1258
36_ai_bii2_twice_pos,Vor einem Monat hat Karl Thorsten eine dringende Erinnerung per Mail zukommen lassen.,"Vor zwei Wochen hat Karl wieder eine dringende Erinnerung verschickt, während er an einem Projekt gearbeitet hat.",Karl hat mindestens zweimal eine dringende Erinnerung verschickt.,entailment,36,ai,bii,2,positive,twice,False,,,entailment,0.9537,0.0004,0.0459
36_ai_bii2_cannot_say_pos,Vor einem Monat hat Karl Thorsten eine dringende Erinnerung per Mail zukommen lassen.,"Vor zwei Wochen hat Karl wieder eine dringende Erinnerung verschickt, während er an einem Projekt gearbeitet hat.","Es lässt sich nicht sagen, wie oft Karl eine dringende Erinnerung verschickt hat.",unknown,36,ai,bii,2,positive,cannot say,False,,,neutral,0.099,0.7101,0.1909
36_aii_bi1_once_neu,Vor einem Monat hat Thorsten Karl eine dringende Erinnerung per Mail zukommen lassen.,"Vor zwei Wochen hat Thorsten wieder eine dringende Erinnerung erhalten, während er an einem Projekt gearbeitet hat.",Thorsten hat einmal eine dringende Erinnerung erhalten.,entailment,36,aii,bi,1,neutral,once,False,,,entailment,0.8479,0.0278,0.1244
36_aii_bi1_twice_neu,Vor einem Monat hat Thorsten Karl eine dringende Erinnerung per Mail zukommen lassen.,"Vor zwei Wochen hat Thorsten wieder eine dringende Erinnerung erhalten, während er an einem Projekt gearbeitet hat.",Thorsten hat mindestens zweimal eine dringende Erinnerung erhalten.,unknown,36,aii,bi,1,neutral,twice,False,,,entailment,0.948,0.0007,0.0513
36_aii_bi1_cannot_say_neu,Vor einem Monat hat Thorsten Karl eine dringende Erinnerung per Mail zukommen lassen.,"Vor zwei Wochen hat Thorsten wieder eine dringende Erinnerung erhalten, während er an einem Projekt gearbeitet hat.","Es lässt sich nicht sagen, wie oft Thorsten eine dringende Erinnerung erhalten hat.",unknown,36,aii,bi,1,neutral,cannot say,False,,,neutral,0.1105,0.6169,0.2726
36_aii_bi2_once_pos,Vor einem Monat hat Thorsten Karl eine dringende Erinnerung per Mail zukommen lassen.,"Vor zwei Wochen hat Karl wieder eine dringende Erinnerung erhalten, während er an einem Projekt gearbeitet hat.",Karl hat einmal eine dringende Erinnerung erhalten.,unknown,36,aii,bi,2,positive,once,False,,,entailment,0.8634,0.0292,0.1074
36_aii_bi2_twice_pos,Vor einem Monat hat Thorsten Karl eine dringende Erinnerung per Mail zukommen lassen.,"Vor zwei Wochen hat Karl wieder eine dringende Erinnerung erhalten, während er an einem Projekt gearbeitet hat.",Karl hat mindestens zweimal eine dringende Erinnerung erhalten.,entailment,36,aii,bi,2,positive,twice,False,,,entailment,0.9559,0.0008,0.0433
36_aii_bi2_cannot_say_pos,Vor einem Monat hat Thorsten Karl eine dringende Erinnerung per Mail zukommen lassen.,"Vor zwei Wochen hat Karl wieder eine dringende Erinnerung erhalten, während er an einem Projekt gearbeitet hat.","Es lässt sich nicht sagen, wie oft Karl eine dringende Erinnerung erhalten hat.",unknown,36,aii,bi,2,positive,cannot say,False,,,neutral,0.1124,0.5861,0.3016
36_aii_bii1_once_pos,Vor einem Monat hat Thorsten Karl eine dringende Erinnerung per Mail zukommen lassen.,"Vor zwei Wochen hat Thorsten wieder eine dringende Erinnerung verschickt, während er an einem Projekt gearbeitet hat.",Thorsten hat einmal eine dringende Erinnerung verschickt.,unknown,36,aii,bii,1,positive,once,False,,,entailment,0.8636,0.014,0.1224
36_aii_bii1_twice_pos,Vor einem Monat hat Thorsten Karl eine dringende Erinnerung per Mail zukommen lassen.,"Vor zwei Wochen hat Thorsten wieder eine dringende Erinnerung verschickt, während er an einem Projekt gearbeitet hat.",Thorsten hat mindestens zweimal eine dringende Erinnerung verschickt.,entailment,36,aii,bii,1,positive,twice,False,,,entailment,0.9349,0.0008,0.0643
36_aii_bii1_cannot_say_pos,Vor einem Monat hat Thorsten Karl eine dringende Erinnerung per Mail zukommen lassen.,"Vor zwei Wochen hat Thorsten wieder eine dringende Erinnerung verschickt, während er an einem Projekt gearbeitet hat.","Es lässt sich nicht sagen, wie oft Thorsten eine dringende Erinnerung verschickt hat.",unknown,36,aii,bii,1,positive,cannot say,False,,,neutral,0.1022,0.7008,0.197
36_aii_bii2_once_neu,Vor einem Monat hat Thorsten Karl eine dringende Erinnerung per Mail zukommen lassen.,"Vor zwei Wochen hat Karl wieder eine dringende Erinnerung verschickt, während er an einem Projekt gearbeitet hat.",Karl hat einmal eine dringende Erinnerung verschickt.,entailment,36,aii,bii,2,neutral,once,False,,,entailment,0.8604,0.023,0.1166
36_aii_bii2_twice_neu,Vor einem Monat hat Thorsten Karl eine dringende Erinnerung per Mail zukommen lassen.,"Vor zwei Wochen hat Karl wieder eine dringende Erinnerung verschickt, während er an einem Projekt gearbeitet hat.",Karl hat mindestens zweimal eine dringende Erinnerung verschickt.,unknown,36,aii,bii,2,neutral,twice,False,,,entailment,0.9514,0.0006,0.048
36_aii_bii2_cannot_say_neu,Vor einem Monat hat Thorsten Karl eine dringende Erinnerung per Mail zukommen lassen.,"Vor zwei Wochen hat Karl wieder eine dringende Erinnerung verschickt, während er an einem Projekt gearbeitet hat.","Es lässt sich nicht sagen, wie oft Karl eine dringende Erinnerung verschickt hat.",unknown,36,aii,bii,2,neutral,cannot say,False,,,neutral,0.1014,0.6944,0.2042
37_ai_bi1_once_pos,Vor vier Jahren hat Karl Judith ein maßgefertigtes Bett gebaut.,"Vor fünf Wochen hat Judith wieder ein maßgefertigtes Bett bekommen, weil sie mit einem Freund zusammen zieht.",Judith hat einmal ein maßgefertigtes Bett bekommen.,unknown,37,ai,bi,1,positive,once,False,,,entailment,0.8455,0.058,0.0964
37_ai_bi1_twice_pos,Vor vier Jahren hat Karl Judith ein maßgefertigtes Bett gebaut.,"Vor fünf Wochen hat Judith wieder ein maßgefertigtes Bett bekommen, weil sie mit einem Freund zusammen zieht.",Judith hat mindestens zweimal ein maßgefertigtes Bett bekommen.,entailment,37,ai,bi,1,positive,twice,False,,,entailment,0.8206,0.0564,0.1231
37_ai_bi1_cannot_say_pos,Vor vier Jahren hat Karl Judith ein maßgefertigtes Bett gebaut.,"Vor fünf Wochen hat Judith wieder ein maßgefertigtes Bett bekommen, weil sie mit einem Freund zusammen zieht.","Es lässt sich nicht sagen, wie oft Judith ein maßgefertigtes Bett bekommen hat.",unknown,37,ai,bi,1,positive,cannot say,False,,,neutral,0.1297,0.6336,0.2367
37_ai_bi2_once_neu,Vor vier Jahren hat Karl Judith ein maßgefertigtes Bett gebaut.,"Vor fünf Wochen hat Karl wieder ein maßgefertigtes Bett bekommen, weil er mit einem Freund zusammen zieht.",Karl hat einmal ein maßgefertigtes Bett bekommen.,entailment,37,ai,bi,2,neutral,once,False,,,entailment,0.7105,0.1068,0.1827
37_ai_bi2_twice_neu,Vor vier Jahren hat Karl Judith ein maßgefertigtes Bett gebaut.,"Vor fünf Wochen hat Karl wieder ein maßgefertigtes Bett bekommen, weil er mit einem Freund zusammen zieht.",Karl hat mindestens zweimal ein maßgefertigtes Bett bekommen.,unknown,37,ai,bi,2,neutral,twice,False,,,entailment,0.7849,0.0769,0.1382
37_ai_bi2_cannot_say_neu,Vor vier Jahren hat Karl Judith ein maßgefertigtes Bett gebaut.,"Vor fünf Wochen hat Karl wieder ein maßgefertigtes Bett bekommen, weil er mit einem Freund zusammen zieht.","Es lässt sich nicht sagen, wie oft Karl ein maßgefertigtes Bett bekommen hat.",unknown,37,ai,bi,2,neutral,cannot say,False,,,neutral,0.1402,0.5931,0.2667
37_ai_bii1_once_neu,Vor vier Jahren hat Karl Judith ein maßgefertigtes Bett gebaut.,"Vor fünf Wochen hat Judith wieder ein maßgefertigtes Bett konstruiert, weil sie mit einem Freund zusammen zieht.",Judith hat einmal ein maßgefertigtes Bett konstruiert.,entailment,37,ai,bii,1,neutral,once,False,,,entailment,0.9539,0.0021,0.044
37_ai_bii1_twice_neu,Vor vier Jahren hat Karl Judith ein maßgefertigtes Bett gebaut.,"Vor fünf Wochen hat Judith wieder ein maßgefertigtes Bett konstruiert, weil sie mit einem Freund zusammen zieht.",Judith hat mindestens zweimal ein maßgefertigtes Bett konstruiert.,unknown,37,ai,bii,1,neutral,twice,False,,,entailment,0.896,0.0077,0.0962
37_ai_bii1_cannot_say_neu,Vor vier Jahren hat Karl Judith ein maßgefertigtes Bett gebaut.,"Vor fünf Wochen hat Judith wieder ein maßgefertigtes Bett konstruiert, weil sie mit einem Freund zusammen zieht.","Es lässt sich nicht sagen, wie oft Judith ein maßgefertigtes Bett konstruiert hat.",unknown,37,ai,bii,1,neutral,cannot say,False,,,neutral,0.138,0.6421,0.2199
37_ai_bii2_once_pos,Vor vier Jahren hat Karl Judith ein maßgefertigtes Bett gebaut.,"Vor fünf Wochen hat Karl wieder ein maßgefertigtes Bett konstruiert, weil er mit einem Freund zusammen zieht.",Karl hat einmal ein maßgefertigtes Bett konstruiert.,unknown,37,ai,bii,2,positive,once,False,,,entailment,0.9464,0.0008,0.0528
37_ai_bii2_twice_pos,Vor vier Jahren hat Karl Judith ein maßgefertigtes Bett gebaut.,"Vor fünf Wochen hat Karl wieder ein maßgefertigtes Bett konstruiert, weil er mit einem Freund zusammen zieht.",Karl hat mindestens zweimal ein maßgefertigtes Bett konstruiert.,entailment,37,ai,bii,2,positive,twice,False,,,entailment,0.8863,0.0048,0.1089
37_ai_bii2_cannot_say_pos,Vor vier Jahren hat Karl Judith ein maßgefertigtes Bett gebaut.,"Vor fünf Wochen hat Karl wieder ein maßgefertigtes Bett konstruiert, weil er mit einem Freund zusammen zieht.","Es lässt sich nicht sagen, wie oft Karl ein maßgefertigtes Bett konstruiert hat.",unknown,37,ai,bii,2,positive,cannot say,False,,,neutral,0.1349,0.6314,0.2337
37_aii_bi1_once_neu,Vor vier Jahren hat Judith Karl ein maßgefertigtes Bett gebaut.,"Vor fünf Wochen hat Judith wieder ein maßgefertigtes Bett bekommen, weil sie mit einem Freund zusammen zieht.",Judith hat einmal ein maßgefertigtes Bett bekommen.,entailment,37,aii,bi,1,neutral,once,False,,,entailment,0.7741,0.0943,0.1316
37_aii_bi1_twice_neu,Vor vier Jahren hat Judith Karl ein maßgefertigtes Bett gebaut.,"Vor fünf Wochen hat Judith wieder ein maßgefertigtes Bett bekommen, weil sie mit einem Freund zusammen zieht.",Judith hat mindestens zweimal ein maßgefertigtes Bett bekommen.,unknown,37,aii,bi,1,neutral,twice,False,,,entailment,0.8065,0.063,0.1305
37_aii_bi1_cannot_say_neu,Vor vier Jahren hat Judith Karl ein maßgefertigtes Bett gebaut.,"Vor fünf Wochen hat Judith wieder ein maßgefertigtes Bett bekommen, weil sie mit einem Freund zusammen zieht.","Es lässt sich nicht sagen, wie oft Judith ein maßgefertigtes Bett bekommen hat.",unknown,37,aii,bi,1,neutral,cannot say,False,,,neutral,0.1311,0.6317,0.2372
37_aii_bi2_once_pos,Vor vier Jahren hat Judith Karl ein maßgefertigtes Bett gebaut.,"Vor fünf Wochen hat Karl wieder ein maßgefertigtes Bett bekommen, weil er mit einem Freund zusammen zieht.",Karl hat einmal ein maßgefertigtes Bett bekommen.,unknown,37,aii,bi,2,positive,once,False,,,entailment,0.6912,0.1169,0.1919
37_aii_bi2_twice_pos,Vor vier Jahren hat Judith Karl ein maßgefertigtes Bett gebaut.,"Vor fünf Wochen hat Karl wieder ein maßgefertigtes Bett bekommen, weil er mit einem Freund zusammen zieht.",Karl hat mindestens zweimal ein maßgefertigtes Bett bekommen.,entailment,37,aii,bi,2,positive,twice,False,,,entailment,0.7023,0.1355,0.1622
37_aii_bi2_cannot_say_pos,Vor vier Jahren hat Judith Karl ein maßgefertigtes Bett gebaut.,"Vor fünf Wochen hat Karl wieder ein maßgefertigtes Bett bekommen, weil er mit einem Freund zusammen zieht.","Es lässt sich nicht sagen, wie oft Karl ein maßgefertigtes Bett bekommen hat.",unknown,37,aii,bi,2,positive,cannot say,False,,,neutral,0.1367,0.5936,0.2697
37_aii_bii1_once_pos,Vor vier Jahren hat Judith Karl ein maßgefertigtes Bett gebaut.,"Vor fünf Wochen hat Judith wieder ein maßgefertigtes Bett konstruiert, weil sie mit einem Freund zusammen zieht.",Judith hat einmal ein maßgefertigtes Bett konstruiert.,unknown,37,aii,bii,1,positive,once,False,,,entailment,0.9522,0.0009,0.0469
37_aii_bii1_twice_pos,Vor vier Jahren hat Judith Karl ein maßgefertigtes Bett gebaut.,"Vor fünf Wochen hat Judith wieder ein maßgefertigtes Bett konstruiert, weil sie mit einem Freund zusammen zieht.",Judith hat mindestens zweimal ein maßgefertigtes Bett konstruiert.,entailment,37,aii,bii,1,positive,twice,False,,,entailment,0.8929,0.0062,0.101
37_aii_bii1_cannot_say_pos,Vor vier Jahren hat Judith Karl ein maßgefertigtes Bett gebaut.,"Vor fünf Wochen hat Judith wieder ein maßgefertigtes Bett konstruiert, weil sie mit einem Freund zusammen zieht.","Es lässt sich nicht sagen, wie oft Judith ein maßgefertigtes Bett konstruiert hat.",unknown,37,aii,bii,1,positive,cannot say,False,,,neutral,0.1431,0.6381,0.2188
37_aii_bii2_once_neu,Vor vier Jahren hat Judith Karl ein maßgefertigtes Bett gebaut.,"Vor fünf Wochen hat Karl wieder ein maßgefertigtes Bett konstruiert, weil er mit einem Freund zusammen zieht.",Karl hat einmal ein maßgefertigtes Bett konstruiert.,entailment,37,aii,bii,2,neutral,once,False,,,entailment,0.9313,0.0016,0.0671
37_aii_bii2_twice_neu,Vor vier Jahren hat Judith Karl ein maßgefertigtes Bett gebaut.,"Vor fünf Wochen hat Karl wieder ein maßgefertigtes Bett konstruiert, weil er mit einem Freund zusammen zieht.",Karl hat mindestens zweimal ein maßgefertigtes Bett konstruiert.,unknown,37,aii,bii,2,neutral,twice,False,,,entailment,0.8452,0.0133,0.1415
37_aii_bii2_cannot_say_neu,Vor vier Jahren hat Judith Karl ein maßgefertigtes Bett gebaut.,"Vor fünf Wochen hat Karl wieder ein maßgefertigtes Bett konstruiert, weil er mit einem Freund zusammen zieht.","Es lässt sich nicht sagen, wie oft Karl ein maßgefertigtes Bett konstruiert hat.",unknown,37,aii,bii,2,neutral,cannot say,False,,,neutral,0.1341,0.6223,0.2436
38_ai_bi1_once_pos,Vor drei Monaten hat Karl für Linda ein neues Instrument gekauft.,"Vor zwei Wochen hat Linda wieder ein neues Instrument bekommen, weil sie in ein Orchester eingetreten ist.",Linda hat einmal ein neues Instrument bekommen.,unknown,38,ai,bi,1,positive,once,False,,,entailment,0.853,0.0298,0.1173
38_ai_bi1_twice_pos,Vor drei Monaten hat Karl für Linda ein neues Instrument gekauft.,"Vor zwei Wochen hat Linda wieder ein neues Instrument bekommen, weil sie in ein Orchester eingetreten ist.",Linda hat mindestens zweimal ein neues Instrument bekommen.,entailment,38,ai,bi,1,positive,twice,False,,,entailment,0.9067,0.0146,0.0787
38_ai_bi1_cannot_say_pos,Vor drei Monaten hat Karl für Linda ein neues Instrument gekauft.,"Vor zwei Wochen hat Linda wieder ein neues Instrument bekommen, weil sie in ein Orchester eingetreten ist.","Es lässt sich nicht sagen, wie oft Linda ein neues Instrument bekommen hat.",unknown,38,ai,bi,1,positive,cannot say,False,,,neutral,0.1054,0.6654,0.2292
38_ai_bi2_once_neu,Vor drei Monaten hat Karl für Linda ein neues Instrument gekauft.,"Vor zwei Wochen hat Karl wieder ein neues Instrument bekommen, weil er in ein Orchester eingetreten ist.",Karl hat einmal ein neues Instrument bekommen.,entailment,38,ai,bi,2,neutral,once,False,,,entailment,0.8298,0.0256,0.1447
38_ai_bi2_twice_neu,Vor drei Monaten hat Karl für Linda ein neues Instrument gekauft.,"Vor zwei Wochen hat Karl wieder ein neues Instrument bekommen, weil er in ein Orchester eingetreten ist.",Karl hat mindestens zweimal ein neues Instrument bekommen.,unknown,38,ai,bi,2,neutral,twice,False,,,entailment,0.9065,0.0089,0.0846
38_ai_bi2_cannot_say_neu,Vor drei Monaten hat Karl für Linda ein neues Instrument gekauft.,"Vor zwei Wochen hat Karl wieder ein neues Instrument bekommen, weil er in ein Orchester eingetreten ist.","Es lässt sich nicht sagen, wie oft Karl ein neues Instrument bekommen hat.",unknown,38,ai,bi,2,neutral,cannot say,False,,,neutral,0.0953,0.6885,0.2162
38_ai_bii1_once_neu,Vor drei Monaten hat Karl für Linda ein neues Instrument gekauft.,"Vor zwei Wochen hat Linda wieder ein neues Instrument erstanden, weil sie in ein Orchester eingetreten ist.",Linda hat einmal ein neues Instrument erstanden.,entailment,38,ai,bii,1,neutral,once,False,,,entailment,0.8901,0.0166,0.0932
38_ai_bii1_twice_neu,Vor drei Monaten hat Karl für Linda ein neues Instrument gekauft.,"Vor zwei Wochen hat Linda wieder ein neues Instrument erstanden, weil sie in ein Orchester eingetreten ist.",Linda hat mindestens zweimal ein neues Instrument erstanden.,unknown,38,ai,bii,1,neutral,twice,False,,,entailment,0.9151,0.0116,0.0734
38_ai_bii1_cannot_say_neu,Vor drei Monaten hat Karl für Linda ein neues Instrument gekauft.,"Vor zwei Wochen hat Linda wieder ein neues Instrument erstanden, weil sie in ein Orchester eingetreten ist.","Es lässt sich nicht sagen, wie oft Linda ein neues Instrument erstanden hat.",unknown,38,ai,bii,1,neutral,cannot say,False,,,neutral,0.1168,0.6393,0.2439
38_ai_bii2_once_pos,Vor drei Monaten hat Karl für Linda ein neues Instrument gekauft.,"Vor zwei Wochen hat Karl wieder ein neues Instrument erstanden, weil er in ein Orchester eingetreten ist.",Karl hat einmal ein neues Instrument erstanden.,unknown,38,ai,bii,2,positive,once,False,,,entailment,0.8838,0.0078,0.1084
38_ai_bii2_twice_pos,Vor drei Monaten hat Karl für Linda ein neues Instrument gekauft.,"Vor zwei Wochen hat Karl wieder ein neues Instrument erstanden, weil er in ein Orchester eingetreten ist.",Karl hat mindestens zweimal ein neues Instrument erstanden.,entailment,38,ai,bii,2,positive,twice,False,,,entailment,0.9233,0.005,0.0717
38_ai_bii2_cannot_say_pos,Vor drei Monaten hat Karl für Linda ein neues Instrument gekauft.,"Vor zwei Wochen hat Karl wieder ein neues Instrument erstanden, weil er in ein Orchester eingetreten ist.","Es lässt sich nicht sagen, wie oft Karl ein neues Instrument erstanden hat.",unknown,38,ai,bii,2,positive,cannot say,False,,,neutral,0.1091,0.6532,0.2377
38_aii_bi1_once_neu,Vor drei Monaten hat Linda für Karl ein neues Instrument gekauft.,"Vor zwei Wochen hat Linda wieder ein neues Instrument bekommen, weil sie in ein Orchester eingetreten ist.",Linda hat einmal ein neues Instrument bekommen.,entailment,38,aii,bi,1,neutral,once,False,,,entailment,0.87,0.0126,0.1174
38_aii_bi1_twice_neu,Vor drei Monaten hat Linda für Karl ein neues Instrument gekauft.,"Vor zwei Wochen hat Linda wieder ein neues Instrument bekommen, weil sie in ein Orchester eingetreten ist.",Linda hat mindestens zweimal ein neues Instrument bekommen.,unknown,38,aii,bi,1,neutral,twice,False,,,entailment,0.9204,0.0056,0.0739
38_aii_bi1_cannot_say_neu,Vor drei Monaten hat Linda für Karl ein neues Instrument gekauft.,"Vor zwei Wochen hat Linda wieder ein neues Instrument bekommen, weil sie in ein Orchester eingetreten ist.","Es lässt sich nicht sagen, wie oft Linda ein neues Instrument bekommen hat.",unknown,38,aii,bi,1,neutral,cannot say,False,,,neutral,0.1101,0.6507,0.2392
38_aii_bi2_once_pos,Vor drei Monaten hat Linda für Karl ein neues Instrument gekauft.,"Vor zwei Wochen hat Karl wieder ein neues Instrument bekommen, weil er in ein Orchester eingetreten ist.",Karl hat einmal ein neues Instrument bekommen.,unknown,38,aii,bi,2,positive,once,False,,,entailment,0.7859,0.0346,0.1796
38_aii_bi2_twice_pos,Vor drei Monaten hat Linda für Karl ein neues Instrument gekauft.,"Vor zwei Wochen hat Karl wieder ein neues Instrument bekommen, weil er in ein Orchester eingetreten ist.",Karl hat mindestens zweimal ein neues Instrument bekommen.,entailment,38,aii,bi,2,positive,twice,False,,,entailment,0.8914,0.0088,0.0998
38_aii_bi2_cannot_say_pos,Vor drei Monaten hat Linda für Karl ein neues Instrument gekauft.,"Vor zwei Wochen hat Karl wieder ein neues Instrument bekommen, weil er in ein Orchester eingetreten ist.","Es lässt sich nicht sagen, wie oft Karl ein neues Instrument bekommen hat.",unknown,38,aii,bi,2,positive,cannot say,False,,,neutral,0.0955,0.6566,0.2479
38_aii_bii1_once_pos,Vor drei Monaten hat Linda für Karl ein neues Instrument gekauft.,"Vor zwei Wochen hat Linda wieder ein neues Instrument erstanden, weil sie in ein Orchester eingetreten ist.",Linda hat einmal ein neues Instrument erstanden.,unknown,38,aii,bii,1,positive,once,False,,,entailment,0.9084,0.0043,0.0873
38_aii_bii1_twice_pos,Vor drei Monaten hat Linda für Karl ein neues Instrument gekauft.,"Vor zwei Wochen hat Linda wieder ein neues Instrument erstanden, weil sie in ein Orchester eingetreten ist.",Linda hat mindestens zweimal ein neues Instrument erstanden.,entailment,38,aii,bii,1,positive,twice,False,,,entailment,0.9298,0.0034,0.0668
38_aii_bii1_cannot_say_pos,Vor drei Monaten hat Linda für Karl ein neues Instrument gekauft.,"Vor zwei Wochen hat Linda wieder ein neues Instrument erstanden, weil sie in ein Orchester eingetreten ist.","Es lässt sich nicht sagen, wie oft Linda ein neues Instrument erstanden hat.",unknown,38,aii,bii,1,positive,cannot say,False,,,neutral,0.1208,0.6264,0.2528
38_aii_bii2_once_neu,Vor drei Monaten hat Linda für Karl ein neues Instrument gekauft.,"Vor zwei Wochen hat Karl wieder ein neues Instrument erstanden, weil er in ein Orchester eingetreten ist.",Karl hat einmal ein neues Instrument erstanden.,entailment,38,aii,bii,2,neutral,once,False,,,entailment,0.8224,0.015,0.1626
38_aii_bii2_twice_neu,Vor drei Monaten hat Linda für Karl ein neues Instrument gekauft.,"Vor zwei Wochen hat Karl wieder ein neues Instrument erstanden, weil er in ein Orchester eingetreten ist.",Karl hat mindestens zweimal ein neues Instrument erstanden.,unknown,38,aii,bii,2,neutral,twice,False,,,entailment,0.8953,0.0069,0.0978
38_aii_bii2_cannot_say_neu,Vor drei Monaten hat Linda für Karl ein neues Instrument gekauft.,"Vor zwei Wochen hat Karl wieder ein neues Instrument erstanden, weil er in ein Orchester eingetreten ist.","Es lässt sich nicht sagen, wie oft Karl ein neues Instrument erstanden hat.",unknown,38,aii,bii,2,neutral,cannot say,False,,,neutral,0.1079,0.6359,0.2562
39_ai_bi1_once_neu,Letztes Jahr hat Karl Timo einen kräftigen Fausthieb verpasst.,"Vor vier Wochen hat Timo wieder einen kräftigen Fausthieb ausgeteilt, als er in eine Schlägerei verwickelt war.",Timo hat einmal einen kräftigen Fausthieb ausgeteilt.,entailment,39,ai,bi,1,neutral,once,False,,ausgeteilt is agent-oriented; abbekommen is recipient-oriented.,entailment,0.8428,0.0039,0.1533
39_ai_bi1_twice_neu,Letztes Jahr hat Karl Timo einen kräftigen Fausthieb verpasst.,"Vor vier Wochen hat Timo wieder einen kräftigen Fausthieb ausgeteilt, als er in eine Schlägerei verwickelt war.",Timo hat mindestens zweimal einen kräftigen Fausthieb ausgeteilt.,unknown,39,ai,bi,1,neutral,twice,False,,ausgeteilt is agent-oriented; abbekommen is recipient-oriented.,entailment,0.8207,0.0091,0.1702
39_ai_bi1_cannot_say_neu,Letztes Jahr hat Karl Timo einen kräftigen Fausthieb verpasst.,"Vor vier Wochen hat Timo wieder einen kräftigen Fausthieb ausgeteilt, als er in eine Schlägerei verwickelt war.","Es lässt sich nicht sagen, wie oft Timo einen kräftigen Fausthieb ausgeteilt hat.",unknown,39,ai,bi,1,neutral,cannot say,False,,ausgeteilt is agent-oriented; abbekommen is recipient-oriented.,neutral,0.1125,0.6619,0.2256
39_ai_bi2_once_pos,Letztes Jahr hat Karl Timo einen kräftigen Fausthieb verpasst.,"Vor vier Wochen hat Karl wieder einen kräftigen Fausthieb ausgeteilt, als er in eine Schlägerei verwickelt war.",Karl hat einmal einen kräftigen Fausthieb ausgeteilt.,unknown,39,ai,bi,2,positive,once,False,,ausgeteilt is agent-oriented; abbekommen is recipient-oriented.,entailment,0.8811,0.0017,0.1171
39_ai_bi2_twice_pos,Letztes Jahr hat Karl Timo einen kräftigen Fausthieb verpasst.,"Vor vier Wochen hat Karl wieder einen kräftigen Fausthieb ausgeteilt, als er in eine Schlägerei verwickelt war.",Karl hat mindestens zweimal einen kräftigen Fausthieb ausgeteilt.,entailment,39,ai,bi,2,positive,twice,False,,ausgeteilt is agent-oriented; abbekommen is recipient-oriented.,entailment,0.8305,0.0031,0.1665
39_ai_bi2_cannot_say_pos,Letztes Jahr hat Karl Timo einen kräftigen Fausthieb verpasst.,"Vor vier Wochen hat Karl wieder einen kräftigen Fausthieb ausgeteilt, als er in eine Schlägerei verwickelt war.","Es lässt sich nicht sagen, wie oft Karl einen kräftigen Fausthieb ausgeteilt hat.",unknown,39,ai,bi,2,positive,cannot say,False,,ausgeteilt is agent-oriented; abbekommen is recipient-oriented.,neutral,0.1215,0.6225,0.256
39_ai_bii1_once_pos,Letztes Jahr hat Karl Timo einen kräftigen Fausthieb verpasst.,"Vor vier Wochen hat Timo wieder einen kräftigen Fausthieb abbekommen, als er in eine Schlägerei verwickelt war.",Timo hat einmal einen kräftigen Fausthieb abbekommen.,unknown,39,ai,bii,1,positive,once,False,,ausgeteilt is agent-oriented; abbekommen is recipient-oriented.,entailment,0.7959,0.0033,0.2008
39_ai_bii1_twice_pos,Letztes Jahr hat Karl Timo einen kräftigen Fausthieb verpasst.,"Vor vier Wochen hat Timo wieder einen kräftigen Fausthieb abbekommen, als er in eine Schlägerei verwickelt war.",Timo hat mindestens zweimal einen kräftigen Fausthieb abbekommen.,entailment,39,ai,bii,1,positive,twice,False,,ausgeteilt is agent-oriented; abbekommen is recipient-oriented.,entailment,0.8025,0.0078,0.1897
39_ai_bii1_cannot_say_pos,Letztes Jahr hat Karl Timo einen kräftigen Fausthieb verpasst.,"Vor vier Wochen hat Timo wieder einen kräftigen Fausthieb abbekommen, als er in eine Schlägerei verwickelt war.","Es lässt sich nicht sagen, wie oft Timo einen kräftigen Fausthieb abbekommen hat.",unknown,39,ai,bii,1,positive,cannot say,False,,ausgeteilt is agent-oriented; abbekommen is recipient-oriented.,neutral,0.1069,0.605,0.2881
39_ai_bii2_once_neu,Letztes Jahr hat Karl Timo einen kräftigen Fausthieb verpasst.,"Vor vier Wochen hat Karl wieder einen kräftigen Fausthieb abbekommen, als er in eine Schlägerei verwickelt war.",Karl hat einmal einen kräftigen Fausthieb abbekommen.,entailment,39,ai,bii,2,neutral,once,False,,ausgeteilt is agent-oriented; abbekommen is recipient-oriented.,entailment,0.7914,0.0128,0.1957
39_ai_bii2_twice_neu,Letztes Jahr hat Karl Timo einen kräftigen Fausthieb verpasst.,"Vor vier Wochen hat Karl wieder einen kräftigen Fausthieb abbekommen, als er in eine Schlägerei verwickelt war.",Karl hat mindestens zweimal einen kräftigen Fausthieb abbekommen.,unknown,39,ai,bii,2,neutral,twice,False,,ausgeteilt is agent-oriented; abbekommen is recipient-oriented.,entailment,0.8145,0.0048,0.1806
39_ai_bii2_cannot_say_neu,Letztes Jahr hat Karl Timo einen kräftigen Fausthieb verpasst.,"Vor vier Wochen hat Karl wieder einen kräftigen Fausthieb abbekommen, als er in eine Schlägerei verwickelt war.","Es lässt sich nicht sagen, wie oft Karl einen kräftigen Fausthieb abbekommen hat.",unknown,39,ai,bii,2,neutral,cannot say,False,,ausgeteilt is agent-oriented; abbekommen is recipient-oriented.,neutral,0.1005,0.5365,0.363
39_aii_bi1_once_pos,Letztes Jahr hat Timo Karl einen kräftigen Fausthieb verpasst.,"Vor vier Wochen hat Timo wieder einen kräftigen Fausthieb ausgeteilt, als er in eine Schlägerei verwickelt war.",Timo hat einmal einen kräftigen Fausthieb ausgeteilt.,unknown,39,aii,bi,1,positive,once,False,,ausgeteilt is agent-oriented; abbekommen is recipient-oriented.,entailment,0.8616,0.0024,0.136
39_aii_bi1_twice_pos,Letztes Jahr hat Timo Karl einen kräftigen Fausthieb verpasst.,"Vor vier Wochen hat Timo wieder einen kräftigen Fausthieb ausgeteilt, als er in eine Schlägerei verwickelt war.",Timo hat mindestens zweimal einen kräftigen Fausthieb ausgeteilt.,entailment,39,aii,bi,1,positive,twice,False,,ausgeteilt is agent-oriented; abbekommen is recipient-oriented.,entailment,0.8283,0.005,0.1667
39_aii_bi1_cannot_say_pos,Letztes Jahr hat Timo Karl einen kräftigen Fausthieb verpasst.,"Vor vier Wochen hat Timo wieder einen kräftigen Fausthieb ausgeteilt, als er in eine Schlägerei verwickelt war.","Es lässt sich nicht sagen, wie oft Timo einen kräftigen Fausthieb ausgeteilt hat.",unknown,39,aii,bi,1,positive,cannot say,False,,ausgeteilt is agent-oriented; abbekommen is recipient-oriented.,neutral,0.1051,0.6767,0.2182
39_aii_bi2_once_neu,Letztes Jahr hat Timo Karl einen kräftigen Fausthieb verpasst.,"Vor vier Wochen hat Karl wieder einen kräftigen Fausthieb ausgeteilt, als er in eine Schlägerei verwickelt war.",Karl hat einmal einen kräftigen Fausthieb ausgeteilt.,entailment,39,aii,bi,2,neutral,once,False,,ausgeteilt is agent-oriented; abbekommen is recipient-oriented.,entailment,0.8685,0.0022,0.1293
39_aii_bi2_twice_neu,Letztes Jahr hat Timo Karl einen kräftigen Fausthieb verpasst.,"Vor vier Wochen hat Karl wieder einen kräftigen Fausthieb ausgeteilt, als er in eine Schlägerei verwickelt war.",Karl hat mindestens zweimal einen kräftigen Fausthieb ausgeteilt.,unknown,39,aii,bi,2,neutral,twice,False,,ausgeteilt is agent-oriented; abbekommen is recipient-oriented.,entailment,0.7947,0.0054,0.1999
39_aii_bi2_cannot_say_neu,Letztes Jahr hat Timo Karl einen kräftigen Fausthieb verpasst.,"Vor vier Wochen hat Karl wieder einen kräftigen Fausthieb ausgeteilt, als er in eine Schlägerei verwickelt war.","Es lässt sich nicht sagen, wie oft Karl einen kräftigen Fausthieb ausgeteilt hat.",unknown,39,aii,bi,2,neutral,cannot say,False,,ausgeteilt is agent-oriented; abbekommen is recipient-oriented.,neutral,0.1174,0.6274,0.2552
39_aii_bii1_once_neu,Letztes Jahr hat Timo Karl einen kräftigen Fausthieb verpasst.,"Vor vier Wochen hat Timo wieder einen kräftigen Fausthieb abbekommen, als er in eine Schlägerei verwickelt war.",Timo hat einmal einen kräftigen Fausthieb abbekommen.,entailment,39,aii,bii,1,neutral,once,False,,ausgeteilt is agent-oriented; abbekommen is recipient-oriented.,entailment,0.8059,0.0026,0.1915
39_aii_bii1_twice_neu,Letztes Jahr hat Timo Karl einen kräftigen Fausthieb verpasst.,"Vor vier Wochen hat Timo wieder einen kräftigen Fausthieb abbekommen, als er in eine Schlägerei verwickelt war.",Timo hat mindestens zweimal einen kräftigen Fausthieb abbekommen.,unknown,39,aii,bii,1,neutral,twice,False,,ausgeteilt is agent-oriented; abbekommen is recipient-oriented.,entailment,0.8116,0.0042,0.1842
39_aii_bii1_cannot_say_neu,Letztes Jahr hat Timo Karl einen kräftigen Fausthieb verpasst.,"Vor vier Wochen hat Timo wieder einen kräftigen Fausthieb abbekommen, als er in eine Schlägerei verwickelt war.","Es lässt sich nicht sagen, wie oft Timo einen kräftigen Fausthieb abbekommen hat.",unknown,39,aii,bii,1,neutral,cannot say,False,,ausgeteilt is agent-oriented; abbekommen is recipient-oriented.,neutral,0.1092,0.5955,0.2954
39_aii_bii2_once_pos,Letztes Jahr hat Timo Karl einen kräftigen Fausthieb verpasst.,"Vor vier Wochen hat Karl wieder einen kräftigen Fausthieb abbekommen, als er in eine Schlägerei verwickelt war.",Karl hat einmal einen kräftigen Fausthieb abbekommen.,unknown,39,aii,bii,2,positive,once,False,,ausgeteilt is agent-oriented; abbekommen is recipient-oriented.,entailment,0.8232,0.0043,0.1725
39_aii_bii2_twice_pos,Letztes Jahr hat Timo Karl einen kräftigen Fausthieb verpasst.,"Vor vier Wochen hat Karl wieder einen kräftigen Fausthieb abbekommen, als er in eine Schlägerei verwickelt war.",Karl hat mindestens zweimal einen kräftigen Fausthieb abbekommen.,entailment,39,aii,bii,2,positive,twice,False,,ausgeteilt is agent-oriented; abbekommen is recipient-oriented.,entailment,0.8116,0.0042,0.1842
39_aii_bii2_cannot_say_pos,Letztes Jahr hat Timo Karl einen kräftigen Fausthieb verpasst.,"Vor vier Wochen hat Karl wieder einen kräftigen Fausthieb abbekommen, als er in eine Schlägerei verwickelt war.","Es lässt sich nicht sagen, wie oft Karl einen kräftigen Fausthieb abbekommen hat.",unknown,39,aii,bii,2,positive,cannot say,False,,ausgeteilt is agent-oriented; abbekommen is recipient-oriented.,neutral,0.1047,0.5327,0.3626
40_ai_bi1_once_pos,Vor einem halben Jahr hat Karl Greta charmant zum Tanzen aufgefordert.,"Vor zwei Wochen hat Greta wieder eine charmante Tanzaufforderung erhalten, als sie auf einer Party einsam war.",Greta hat einmal eine charmante Tanzaufforderung erhalten.,unknown,40,ai,bi,1,positive,once,False,,,entailment,0.8934,0.0305,0.076
40_ai_bi1_twice_pos,Vor einem halben Jahr hat Karl Greta charmant zum Tanzen aufgefordert.,"Vor zwei Wochen hat Greta wieder eine charmante Tanzaufforderung erhalten, als sie auf einer Party einsam war.",Greta hat mindestens zweimal eine charmante Tanzaufforderung erhalten.,entailment,40,ai,bi,1,positive,twice,False,,,entailment,0.9336,0.0082,0.0581
40_ai_bi1_cannot_say_pos,Vor einem halben Jahr hat Karl Greta charmant zum Tanzen aufgefordert.,"Vor zwei Wochen hat Greta wieder eine charmante Tanzaufforderung erhalten, als sie auf einer Party einsam war.","Es lässt sich nicht sagen, wie oft Greta eine charmante Tanzaufforderung erhalten hat.",unknown,40,ai,bi,1,positive,cannot say,False,,,neutral,0.141,0.7107,0.1482
40_ai_bi2_once_neu,Vor einem halben Jahr hat Karl Greta charmant zum Tanzen aufgefordert.,"Vor zwei Wochen hat Karl wieder eine charmante Tanzaufforderung erhalten, als er auf einer Party einsam war.",Karl hat einmal eine charmante Tanzaufforderung erhalten.,entailment,40,ai,bi,2,neutral,once,False,,,entailment,0.9019,0.0131,0.085
40_ai_bi2_twice_neu,Vor einem halben Jahr hat Karl Greta charmant zum Tanzen aufgefordert.,"Vor zwei Wochen hat Karl wieder eine charmante Tanzaufforderung erhalten, als er auf einer Party einsam war.",Karl hat mindestens zweimal eine charmante Tanzaufforderung erhalten.,unknown,40,ai,bi,2,neutral,twice,False,,,entailment,0.9419,0.0052,0.0529
40_ai_bi2_cannot_say_neu,Vor einem halben Jahr hat Karl Greta charmant zum Tanzen aufgefordert.,"Vor zwei Wochen hat Karl wieder eine charmante Tanzaufforderung erhalten, als er auf einer Party einsam war.","Es lässt sich nicht sagen, wie oft Karl eine charmante Tanzaufforderung erhalten hat.",unknown,40,ai,bi,2,neutral,cannot say,False,,,neutral,0.1419,0.7157,0.1424
40_ai_bii1_once_neu,Vor einem halben Jahr hat Karl Greta charmant zum Tanzen aufgefordert.,"Vor zwei Wochen hat Greta wieder eine charmante Tanzaufforderung ausgesprochen, als sie auf einer Party einsam war.",Greta hat einmal eine charmante Tanzaufforderung ausgesprochen.,entailment,40,ai,bii,1,neutral,once,False,,,entailment,0.9043,0.0194,0.0763
40_ai_bii1_twice_neu,Vor einem halben Jahr hat Karl Greta charmant zum Tanzen aufgefordert.,"Vor zwei Wochen hat Greta wieder eine charmante Tanzaufforderung ausgesprochen, als sie auf einer Party einsam war.",Greta hat mindestens zweimal eine charmante Tanzaufforderung ausgesprochen.,unknown,40,ai,bii,1,neutral,twice,False,,,entailment,0.9181,0.0072,0.0747
40_ai_bii1_cannot_say_neu,Vor einem halben Jahr hat Karl Greta charmant zum Tanzen aufgefordert.,"Vor zwei Wochen hat Greta wieder eine charmante Tanzaufforderung ausgesprochen, als sie auf einer Party einsam war.","Es lässt sich nicht sagen, wie oft Greta eine charmante Tanzaufforderung ausgesprochen hat.",unknown,40,ai,bii,1,neutral,cannot say,False,,,neutral,0.1307,0.718,0.1512
40_ai_bii2_once_pos,Vor einem halben Jahr hat Karl Greta charmant zum Tanzen aufgefordert.,"Vor zwei Wochen hat Karl wieder eine charmante Tanzaufforderung ausgesprochen, als er auf einer Party einsam war.",Karl hat einmal eine charmante Tanzaufforderung ausgesprochen.,unknown,40,ai,bii,2,positive,once,False,,,entailment,0.9265,0.004,0.0694
40_ai_bii2_twice_pos,Vor einem halben Jahr hat Karl Greta charmant zum Tanzen aufgefordert.,"Vor zwei Wochen hat Karl wieder eine charmante Tanzaufforderung ausgesprochen, als er auf einer Party einsam war.",Karl hat mindestens zweimal eine charmante Tanzaufforderung ausgesprochen.,entailment,40,ai,bii,2,positive,twice,False,,,entailment,0.9293,0.0021,0.0685
40_ai_bii2_cannot_say_pos,Vor einem halben Jahr hat Karl Greta charmant zum Tanzen aufgefordert.,"Vor zwei Wochen hat Karl wieder eine charmante Tanzaufforderung ausgesprochen, als er auf einer Party einsam war.","Es lässt sich nicht sagen, wie oft Karl eine charmante Tanzaufforderung ausgesprochen hat.",unknown,40,ai,bii,2,positive,cannot say,False,,,neutral,0.1356,0.7219,0.1425
40_aii_bi1_once_neu,Vor einem halben Jahr hat Greta Karl charmant zum Tanzen aufgefordert.,"Vor zwei Wochen hat Greta wieder eine charmante Tanzaufforderung erhalten, als sie auf einer Party einsam war.",Greta hat einmal eine charmante Tanzaufforderung erhalten.,entailment,40,aii,bi,1,neutral,once,False,,,entailment,0.9096,0.0171,0.0733
40_aii_bi1_twice_neu,Vor einem halben Jahr hat Greta Karl charmant zum Tanzen aufgefordert.,"Vor zwei Wochen hat Greta wieder eine charmante Tanzaufforderung erhalten, als sie auf einer Party einsam war.",Greta hat mindestens zweimal eine charmante Tanzaufforderung erhalten.,unknown,40,aii,bi,1,neutral,twice,False,,,entailment,0.9485,0.004,0.0475
40_aii_bi1_cannot_say_neu,Vor einem halben Jahr hat Greta Karl charmant zum Tanzen aufgefordert.,"Vor zwei Wochen hat Greta wieder eine charmante Tanzaufforderung erhalten, als sie auf einer Party einsam war.","Es lässt sich nicht sagen, wie oft Greta eine charmante Tanzaufforderung erhalten hat.",unknown,40,aii,bi,1,neutral,cannot say,False,,,neutral,0.1502,0.6918,0.1579
40_aii_bi2_once_pos,Vor einem halben Jahr hat Greta Karl charmant zum Tanzen aufgefordert.,"Vor zwei Wochen hat Karl wieder eine charmante Tanzaufforderung erhalten, als er auf einer Party einsam war.",Karl hat einmal eine charmante Tanzaufforderung erhalten.,unknown,40,aii,bi,2,positive,once,False,,,entailment,0.8979,0.0149,0.0872
40_aii_bi2_twice_pos,Vor einem halben Jahr hat Greta Karl charmant zum Tanzen aufgefordert.,"Vor zwei Wochen hat Karl wieder eine charmante Tanzaufforderung erhalten, als er auf einer Party einsam war.",Karl hat mindestens zweimal eine charmante Tanzaufforderung erhalten.,entailment,40,aii,bi,2,positive,twice,False,,,entailment,0.9425,0.0046,0.0529
40_aii_bi2_cannot_say_pos,Vor einem halben Jahr hat Greta Karl charmant zum Tanzen aufgefordert.,"Vor zwei Wochen hat Karl wieder eine charmante Tanzaufforderung erhalten, als er auf einer Party einsam war.","Es lässt sich nicht sagen, wie oft Karl eine charmante Tanzaufforderung erhalten hat.",unknown,40,aii,bi,2,positive,cannot say,False,,,neutral,0.1405,0.7068,0.1526
40_aii_bii1_once_pos,Vor einem halben Jahr hat Greta Karl charmant zum Tanzen aufgefordert.,"Vor zwei Wochen hat Greta wieder eine charmante Tanzaufforderung ausgesprochen, als sie auf einer Party einsam war.",Greta hat einmal eine charmante Tanzaufforderung ausgesprochen.,unknown,40,aii,bii,1,positive,once,False,,,entailment,0.9123,0.0136,0.0741
40_aii_bii1_twice_pos,Vor einem halben Jahr hat Greta Karl charmant zum Tanzen aufgefordert.,"Vor zwei Wochen hat Greta wieder eine charmante Tanzaufforderung ausgesprochen, als sie auf einer Party einsam war.",Greta hat mindestens zweimal eine charmante Tanzaufforderung ausgesprochen.,entailment,40,aii,bii,1,positive,twice,False,,,entailment,0.9321,0.0034,0.0645
40_aii_bii1_cannot_say_pos,Vor einem halben Jahr hat Greta Karl charmant zum Tanzen aufgefordert.,"Vor zwei Wochen hat Greta wieder eine charmante Tanzaufforderung ausgesprochen, als sie auf einer Party einsam war.","Es lässt sich nicht sagen, wie oft Greta eine charmante Tanzaufforderung ausgesprochen hat.",unknown,40,aii,bii,1,positive,cannot say,False,,,neutral,0.1439,0.69,0.1661
40_aii_bii2_once_neu,Vor einem halben Jahr hat Greta Karl charmant zum Tanzen aufgefordert.,"Vor zwei Wochen hat Karl wieder eine charmante Tanzaufforderung ausgesprochen, als er auf einer Party einsam war.",Karl hat einmal eine charmante Tanzaufforderung ausgesprochen.,entailment,40,aii,bii,2,neutral,once,False,,,entailment,0.9174,0.0052,0.0775
40_aii_bii2_twice_neu,Vor einem halben Jahr hat Greta Karl charmant zum Tanzen aufgefordert.,"Vor zwei Wochen hat Karl wieder eine charmante Tanzaufforderung ausgesprochen, als er auf einer Party einsam war.",Karl hat mindestens zweimal eine charmante Tanzaufforderung ausgesprochen.,unknown,40,aii,bii,2,neutral,twice,False,,,entailment,0.9237,0.0026,0.0737
40_aii_bii2_cannot_say_neu,Vor einem halben Jahr hat Greta Karl charmant zum Tanzen aufgefordert.,"Vor zwei Wochen hat Karl wieder eine charmante Tanzaufforderung ausgesprochen, als er auf einer Party einsam war.","Es lässt sich nicht sagen, wie oft Karl eine charmante Tanzaufforderung ausgesprochen hat.",unknown,40,aii,bii,2,neutral,cannot say,False,,,neutral,0.1386,0.6951,0.1663
