id;premises;target_sentence;conclusion;gold_label;item_id;context;target;brace;condition;response_option;target_inferred;target_note;role_note;model_premise;model_conclusion;model;predicted_label;match;score_contradiction;score_neutral;score_entailment
1_ai_bi1_once_pos;Letzte Woche hat Linda Judith eine rosa Lampe für ein Zimmer gekauft.;Vor zwei Tagen hat Judith wieder eine rosa Lampe erhalten, als sie mit einer Freundin unterwegs war.;Judith hat einmal eine rosa Lampe erhalten.;unknown;1;ai;bi;1;positive;once;False;;;Letzte Woche hat Linda Judith eine rosa Lampe für ein Zimmer gekauft. Vor zwei Tagen hat Judith wieder eine rosa Lampe erhalten, als sie mit einer Freundin unterwegs war.;Judith hat einmal eine rosa Lampe erhalten.;morit/german_xlm_xnli;entailment;0;0.021956536918878555;0.021217940375208855;0.9568254947662354
1_ai_bi1_twice_pos;Letzte Woche hat Linda Judith eine rosa Lampe für ein Zimmer gekauft.;Vor zwei Tagen hat Judith wieder eine rosa Lampe erhalten, als sie mit einer Freundin unterwegs war.;Judith hat mindestens zweimal eine rosa Lampe erhalten.;entailment;1;ai;bi;1;positive;twice;False;;;Letzte Woche hat Linda Judith eine rosa Lampe für ein Zimmer gekauft. Vor zwei Tagen hat Judith wieder eine rosa Lampe erhalten, als sie mit einer Freundin unterwegs war.;Judith hat mindestens zweimal eine rosa Lampe erhalten.;morit/german_xlm_xnli;entailment;1;0.0013303052401170135;0.04232849180698395;0.9563412070274353
1_ai_bi1_cannot_say_pos;Letzte Woche hat Linda Judith eine rosa Lampe für ein Zimmer gekauft.;Vor zwei Tagen hat Judith wieder eine rosa Lampe erhalten, als sie mit einer Freundin unterwegs war.;Es lässt sich nicht sagen, wie oft Judith eine rosa Lampe erhalten hat.;unknown;1;ai;bi;1;positive;cannot say;False;;;Letzte Woche hat Linda Judith eine rosa Lampe für ein Zimmer gekauft. Vor zwei Tagen hat Judith wieder eine rosa Lampe erhalten, als sie mit einer Freundin unterwegs war.;Es lässt sich nicht sagen, wie oft Judith eine rosa Lampe erhalten hat.;morit/german_xlm_xnli;neutral;1;0.024916423484683037;0.9723868370056152;0.0026966689620167017
1_ai_bi2_once_neu;Letzte Woche hat Linda Judith eine rosa Lampe für ein Zimmer gekauft.;Vor zwei Tagen hat Linda wieder eine rosa Lampe erhalten, als sie mit einer Freundin unterwegs war.;Linda hat einmal eine rosa Lampe erhalten.;entailment;1;ai;bi;2;neutral;once;False;;;Letzte Woche hat Linda Judith eine rosa Lampe für ein Zimmer gekauft. Vor zwei Tagen hat Linda wieder eine rosa Lampe erhalten, als sie mit einer Freundin unterwegs war.;Linda hat einmal eine rosa Lampe erhalten.;morit/german_xlm_xnli;entailment;1;0.022404126822948456;0.02538151852786541;0.9522144198417664
1_ai_bi2_twice_neu;Letzte Woche hat Linda Judith eine rosa Lampe für ein Zimmer gekauft.;Vor zwei Tagen hat Linda wieder eine rosa Lampe erhalten, als sie mit einer Freundin unterwegs war.;Linda hat mindestens zweimal eine rosa Lampe erhalten.;unknown;1;ai;bi;2;neutral;twice;False;;;Letzte Woche hat Linda Judith eine rosa Lampe für ein Zimmer gekauft. Vor zwei Tagen hat Linda wieder eine rosa Lampe erhalten, als sie mit einer Freundin unterwegs war.;Linda hat mindestens zweimal eine rosa Lampe erhalten.;morit/german_xlm_xnli;entailment;0;0.0015707479324191809;0.06317190080881119;0.9352573156356812
1_ai_bi2_cannot_say_neu;Letzte Woche hat Linda Judith eine rosa Lampe für ein Zimmer gekauft.;Vor zwei Tagen hat Linda wieder eine rosa Lampe erhalten, als sie mit einer Freundin unterwegs war.;Es lässt sich nicht sagen, wie oft Linda eine rosa Lampe erhalten hat.;unknown;1;ai;bi;2;neutral;cannot say;False;;;Letzte Woche hat Linda Judith eine rosa Lampe für ein Zimmer gekauft. Vor zwei Tagen hat Linda wieder eine rosa Lampe erhalten, als sie mit einer Freundin unterwegs war.;Es lässt sich nicht sagen, wie oft Linda eine rosa Lampe erhalten hat.;morit/german_xlm_xnli;neutral;1;0.022986004129052162;0.9751845598220825;0.001829436281695962
1_ai_bii1_once_neu;Letzte Woche hat Linda Judith eine rosa Lampe für ein Zimmer gekauft.;Vor zwei Tagen hat Judith wieder eine rosa Lampe besorgt, als sie mit einer Freundin unterwegs war.;Judith hat einmal eine rosa Lampe besorgt.;entailment;1;ai;bii;1;neutral;once;False;;;Letzte Woche hat Linda Judith eine rosa Lampe für ein Zimmer gekauft. Vor zwei Tagen hat Judith wieder eine rosa Lampe besorgt, als sie mit einer Freundin unterwegs war.;Judith hat einmal eine rosa Lampe besorgt.;morit/german_xlm_xnli;entailment;1;0.033115122467279434;0.0250558964908123;0.9418289661407471
1_ai_bii1_twice_neu;Letzte Woche hat Linda Judith eine rosa Lampe für ein Zimmer gekauft.;Vor zwei Tagen hat Judith wieder eine rosa Lampe besorgt, als sie mit einer Freundin unterwegs war.;Judith hat mindestens zweimal eine rosa Lampe besorgt.;unknown;1;ai;bii;1;neutral;twice;False;;;Letzte Woche hat Linda Judith eine rosa Lampe für ein Zimmer gekauft. Vor zwei Tagen hat Judith wieder eine rosa Lampe besorgt, als sie mit einer Freundin unterwegs war.;Judith hat mindestens zweimal eine rosa Lampe besorgt.;morit/german_xlm_xnli;entailment;0;0.0013757046544924378;0.03739733248949051;0.9612268805503845
1_ai_bii1_cannot_say_neu;Letzte Woche hat Linda Judith eine rosa Lampe für ein Zimmer gekauft.;Vor zwei Tagen hat Judith wieder eine rosa Lampe besorgt, als sie mit einer Freundin unterwegs war.;Es lässt sich nicht sagen, wie oft Judith eine rosa Lampe besorgt hat.;unknown;1;ai;bii;1;neutral;cannot say;False;;;Letzte Woche hat Linda Judith eine rosa Lampe für ein Zimmer gekauft. Vor zwei Tagen hat Judith wieder eine rosa Lampe besorgt, als sie mit einer Freundin unterwegs war.;Es lässt sich nicht sagen, wie oft Judith eine rosa Lampe besorgt hat.;morit/german_xlm_xnli;neutral;1;0.012205972336232662;0.9858168959617615;0.0019770741928368807
1_ai_bii2_once_pos;Letzte Woche hat Linda Judith eine rosa Lampe für ein Zimmer gekauft.;Vor zwei Tagen hat Linda wieder eine rosa Lampe besorgt, als sie mit einer Freundin unterwegs war.;Linda hat einmal eine rosa Lampe besorgt.;unknown;1;ai;bii;2;positive;once;False;;;Letzte Woche hat Linda Judith eine rosa Lampe für ein Zimmer gekauft. Vor zwei Tagen hat Linda wieder eine rosa Lampe besorgt, als sie mit einer Freundin unterwegs war.;Linda hat einmal eine rosa Lampe besorgt.;morit/german_xlm_xnli;entailment;0;0.029951609671115875;0.03287864848971367;0.9371697306632996
1_ai_bii2_twice_pos;Letzte Woche hat Linda Judith eine rosa Lampe für ein Zimmer gekauft.;Vor zwei Tagen hat Linda wieder eine rosa Lampe besorgt, als sie mit einer Freundin unterwegs war.;Linda hat mindestens zweimal eine rosa Lampe besorgt.;entailment;1;ai;bii;2;positive;twice;False;;;Letzte Woche hat Linda Judith eine rosa Lampe für ein Zimmer gekauft. Vor zwei Tagen hat Linda wieder eine rosa Lampe besorgt, als sie mit einer Freundin unterwegs war.;Linda hat mindestens zweimal eine rosa Lampe besorgt.;morit/german_xlm_xnli;entailment;1;0.0016746377805247903;0.06648987531661987;0.9318355321884155
1_ai_bii2_cannot_say_pos;Letzte Woche hat Linda Judith eine rosa Lampe für ein Zimmer gekauft.;Vor zwei Tagen hat Linda wieder eine rosa Lampe besorgt, als sie mit einer Freundin unterwegs war.;Es lässt sich nicht sagen, wie oft Linda eine rosa Lampe besorgt hat.;unknown;1;ai;bii;2;positive;cannot say;False;;;Letzte Woche hat Linda Judith eine rosa Lampe für ein Zimmer gekauft. Vor zwei Tagen hat Linda wieder eine rosa Lampe besorgt, als sie mit einer Freundin unterwegs war.;Es lässt sich nicht sagen, wie oft Linda eine rosa Lampe besorgt hat.;morit/german_xlm_xnli;neutral;1;0.014588657766580582;0.9828177690505981;0.002593626966699958
1_aii_bi1_once_neu;Letzte Woche hat Judith Linda eine rosa Lampe für ein Zimmer gekauft.;Vor zwei Tagen hat Judith wieder eine rosa Lampe erhalten, als sie mit einer Freundin unterwegs war.;Judith hat einmal eine rosa Lampe erhalten.;entailment;1;aii;bi;1;neutral;once;False;;;Letzte Woche hat Judith Linda eine rosa Lampe für ein Zimmer gekauft. Vor zwei Tagen hat Judith wieder eine rosa Lampe erhalten, als sie mit einer Freundin unterwegs war.;Judith hat einmal eine rosa Lampe erhalten.;morit/german_xlm_xnli;entailment;1;0.020709557458758354;0.020741773769259453;0.9585486054420471
1_aii_bi1_twice_neu;Letzte Woche hat Judith Linda eine rosa Lampe für ein Zimmer gekauft.;Vor zwei Tagen hat Judith wieder eine rosa Lampe erhalten, als sie mit einer Freundin unterwegs war.;Judith hat mindestens zweimal eine rosa Lampe erhalten.;unknown;1;aii;bi;1;neutral;twice;False;;;Letzte Woche hat Judith Linda eine rosa Lampe für ein Zimmer gekauft. Vor zwei Tagen hat Judith wieder eine rosa Lampe erhalten, als sie mit einer Freundin unterwegs war.;Judith hat mindestens zweimal eine rosa Lampe erhalten.;morit/german_xlm_xnli;entailment;0;0.001282973913475871;0.04080720618367195;0.9579098224639893
1_aii_bi1_cannot_say_neu;Letzte Woche hat Judith Linda eine rosa Lampe für ein Zimmer gekauft.;Vor zwei Tagen hat Judith wieder eine rosa Lampe erhalten, als sie mit einer Freundin unterwegs war.;Es lässt sich nicht sagen, wie oft Judith eine rosa Lampe erhalten hat.;unknown;1;aii;bi;1;neutral;cannot say;False;;;Letzte Woche hat Judith Linda eine rosa Lampe für ein Zimmer gekauft. Vor zwei Tagen hat Judith wieder eine rosa Lampe erhalten, als sie mit einer Freundin unterwegs war.;Es lässt sich nicht sagen, wie oft Judith eine rosa Lampe erhalten hat.;morit/german_xlm_xnli;neutral;1;0.02335626445710659;0.9740115404129028;0.002632247284054756
1_aii_bi2_once_pos;Letzte Woche hat Judith Linda eine rosa Lampe für ein Zimmer gekauft.;Vor zwei Tagen hat Linda wieder eine rosa Lampe erhalten, als sie mit einer Freundin unterwegs war.;Linda hat einmal eine rosa Lampe erhalten.;unknown;1;aii;bi;2;positive;once;False;;;Letzte Woche hat Judith Linda eine rosa Lampe für ein Zimmer gekauft. Vor zwei Tagen hat Linda wieder eine rosa Lampe erhalten, als sie mit einer Freundin unterwegs war.;Linda hat einmal eine rosa Lampe erhalten.;morit/german_xlm_xnli;entailment;0;0.02226071245968342;0.024900449439883232;0.9528387784957886
1_aii_bi2_twice_pos;Letzte Woche hat Judith Linda eine rosa Lampe für ein Zimmer gekauft.;Vor zwei Tagen hat Linda wieder eine rosa Lampe erhalten, als sie mit einer Freundin unterwegs war.;Linda hat mindestens zweimal eine rosa Lampe erhalten.;entailment;1;aii;bi;2;positive;twice;False;;;Letzte Woche hat Judith Linda eine rosa Lampe für ein Zimmer gekauft. Vor zwei Tagen hat Linda wieder eine rosa Lampe erhalten, als sie mit einer Freundin unterwegs war.;Linda hat mindestens zweimal eine rosa Lampe erhalten.;morit/german_xlm_xnli;entailment;1;0.0015889869537204504;0.06253568083047867;0.9358752965927124
1_aii_bi2_cannot_say_pos;Letzte Woche hat Judith Linda eine rosa Lampe für ein Zimmer gekauft.;Vor zwei Tagen hat Linda wieder eine rosa Lampe erhalten, als sie mit einer Freundin unterwegs war.;Es lässt sich nicht sagen, wie oft Linda eine rosa Lampe erhalten hat.;unknown;1;aii;bi;2;positive;cannot say;False;;;Letzte Woche hat Judith Linda eine rosa Lampe für ein Zimmer gekauft. Vor zwei Tagen hat Linda wieder eine rosa Lampe erhalten, als sie mit einer Freundin unterwegs war.;Es lässt sich nicht sagen, wie oft Linda eine rosa Lampe erhalten hat.;morit/german_xlm_xnli;neutral;1;0.023049229755997658;0.9750804305076599;0.0018704213434830308
1_aii_bii1_once_pos;Letzte Woche hat Judith Linda eine rosa Lampe für ein Zimmer gekauft.;Vor zwei Tagen hat Judith wieder eine rosa Lampe besorgt, als sie mit einer Freundin unterwegs war.;Judith hat einmal eine rosa Lampe besorgt.;unknown;1;aii;bii;1;positive;once;False;;;Letzte Woche hat Judith Linda eine rosa Lampe für ein Zimmer gekauft. Vor zwei Tagen hat Judith wieder eine rosa Lampe besorgt, als sie mit einer Freundin unterwegs war.;Judith hat einmal eine rosa Lampe besorgt.;morit/german_xlm_xnli;entailment;0;0.03290253505110741;0.026616908609867096;0.9404805898666382
1_aii_bii1_twice_pos;Letzte Woche hat Judith Linda eine rosa Lampe für ein Zimmer gekauft.;Vor zwei Tagen hat Judith wieder eine rosa Lampe besorgt, als sie mit einer Freundin unterwegs war.;Judith hat mindestens zweimal eine rosa Lampe besorgt.;entailment;1;aii;bii;1;positive;twice;False;;;Letzte Woche hat Judith Linda eine rosa Lampe für ein Zimmer gekauft. Vor zwei Tagen hat Judith wieder eine rosa Lampe besorgt, als sie mit einer Freundin unterwegs war.;Judith hat mindestens zweimal eine rosa Lampe besorgt.;morit/german_xlm_xnli;entailment;1;0.0013249795883893967;0.039281025528907776;0.9593939781188965
1_aii_bii1_cannot_say_pos;Letzte Woche hat Judith Linda eine rosa Lampe für ein Zimmer gekauft.;Vor zwei Tagen hat Judith wieder eine rosa Lampe besorgt, als sie mit einer Freundin unterwegs war.;Es lässt sich nicht sagen, wie oft Judith eine rosa Lampe besorgt hat.;unknown;1;aii;bii;1;positive;cannot say;False;;;Letzte Woche hat Judith Linda eine rosa Lampe für ein Zimmer gekauft. Vor zwei Tagen hat Judith wieder eine rosa Lampe besorgt, als sie mit einer Freundin unterwegs war.;Es lässt sich nicht sagen, wie oft Judith eine rosa Lampe besorgt hat.;morit/german_xlm_xnli;neutral;1;0.012293738313019276;0.9857029318809509;0.0020033943001180887
1_aii_bii2_once_neu;Letzte Woche hat Judith Linda eine rosa Lampe für ein Zimmer gekauft.;Vor zwei Tagen hat Linda wieder eine rosa Lampe besorgt, als sie mit einer Freundin unterwegs war.;Linda hat einmal eine rosa Lampe besorgt.;entailment;1;aii;bii;2;neutral;once;False;;;Letzte Woche hat Judith Linda eine rosa Lampe für ein Zimmer gekauft. Vor zwei Tagen hat Linda wieder eine rosa Lampe besorgt, als sie mit einer Freundin unterwegs war.;Linda hat einmal eine rosa Lampe besorgt.;morit/german_xlm_xnli;entailment;1;0.030747629702091217;0.031464215368032455;0.9377880692481995
1_aii_bii2_twice_neu;Letzte Woche hat Judith Linda eine rosa Lampe für ein Zimmer gekauft.;Vor zwei Tagen hat Linda wieder eine rosa Lampe besorgt, als sie mit einer Freundin unterwegs war.;Linda hat mindestens zweimal eine rosa Lampe besorgt.;unknown;1;aii;bii;2;neutral;twice;False;;;Letzte Woche hat Judith Linda eine rosa Lampe für ein Zimmer gekauft. Vor zwei Tagen hat Linda wieder eine rosa Lampe besorgt, als sie mit einer Freundin unterwegs war.;Linda hat mindestens zweimal eine rosa Lampe besorgt.;morit/german_xlm_xnli;entailment;0;0.0016853110864758492;0.06549631059169769;0.9328183531761169
1_aii_bii2_cannot_say_neu;Letzte Woche hat Judith Linda eine rosa Lampe für ein Zimmer gekauft.;Vor zwei Tagen hat Linda wieder eine rosa Lampe besorgt, als sie mit einer Freundin unterwegs war.;Es lässt sich nicht sagen, wie oft Linda eine rosa Lampe besorgt hat.;unknown;1;aii;bii;2;neutral;cannot say;False;;;Letzte Woche hat Judith Linda eine rosa Lampe für ein Zimmer gekauft. Vor zwei Tagen hat Linda wieder eine rosa Lampe besorgt, als sie mit einer Freundin unterwegs war.;Es lässt sich nicht sagen, wie oft Linda eine rosa Lampe besorgt hat.;morit/german_xlm_xnli;neutral;1;0.014199423603713512;0.9831152558326721;0.002685371320694685
2_ai_bi1_once_pos;Letztes Jahr hat Linda Timo ein schönes Geschenk zum Geburtstag gebastelt.;Vor einer Woche hat Timo wieder ein schönes Geschenk empfangen, weil er bei einer Wichtelaktion mitgemacht hat.;Timo hat einmal ein schönes Geschenk empfangen.;unknown;2;ai;bi;1;positive;once;False;;;Letztes Jahr hat Linda Timo ein schönes Geschenk zum Geburtstag gebastelt. Vor einer Woche hat Timo wieder ein schönes Geschenk empfangen, weil er bei einer Wichtelaktion mitgemacht hat.;Timo hat einmal ein schönes Geschenk empfangen.;morit/german_xlm_xnli;entailment;0;0.005783416330814362;0.011962763033807278;0.9822538495063782
2_ai_bi1_twice_pos;Letztes Jahr hat Linda Timo ein schönes Geschenk zum Geburtstag gebastelt.;Vor einer Woche hat Timo wieder ein schönes Geschenk empfangen, weil er bei einer Wichtelaktion mitgemacht hat.;Timo hat mindestens zweimal ein schönes Geschenk empfangen.;entailment;2;ai;bi;1;positive;twice;False;;;Letztes Jahr hat Linda Timo ein schönes Geschenk zum Geburtstag gebastelt. Vor einer Woche hat Timo wieder ein schönes Geschenk empfangen, weil er bei einer Wichtelaktion mitgemacht hat.;Timo hat mindestens zweimal ein schönes Geschenk empfangen.;morit/german_xlm_xnli;entailment;1;0.0031159566715359688;0.07286908477544785;0.9240149855613708
2_ai_bi1_cannot_say_pos;Letztes Jahr hat Linda Timo ein schönes Geschenk zum Geburtstag gebastelt.;Vor einer Woche hat Timo wieder ein schönes Geschenk empfangen, weil er bei einer Wichtelaktion mitgemacht hat.;Es lässt sich nicht sagen, wie oft Timo ein schönes Geschenk empfangen hat.;unknown;2;ai;bi;1;positive;cannot say;False;;;Letztes Jahr hat Linda Timo ein schönes Geschenk zum Geburtstag gebastelt. Vor einer Woche hat Timo wieder ein schönes Geschenk empfangen, weil er bei einer Wichtelaktion mitgemacht hat.;Es lässt sich nicht sagen, wie oft Timo ein schönes Geschenk empfangen hat.;morit/german_xlm_xnli;neutral;1;0.007362442556768656;0.9872635006904602;0.005374116823077202
2_ai_bi2_once_neu;Letztes Jahr hat Linda Timo ein schönes Geschenk zum Geburtstag gebastelt.;Vor einer Woche hat Linda wieder ein schönes Geschenk empfangen, weil sie bei einer Wichtelaktion mitgemacht hat.;Linda hat einmal ein schönes Geschenk empfangen.;entailment;2;ai;bi;2;neutral;once;False;;;Letztes Jahr hat Linda Timo ein schönes Geschenk zum Geburtstag gebastelt. Vor einer Woche hat Linda wieder ein schönes Geschenk empfangen, weil sie bei einer Wichtelaktion mitgemacht hat.;Linda hat einmal ein schönes Geschenk empfangen.;morit/german_xlm_xnli;entailment;1;0.005870060995221138;0.015186140313744545;0.9789437055587769
2_ai_bi2_twice_neu;Letztes Jahr hat Linda Timo ein schönes Geschenk zum Geburtstag gebastelt.;Vor einer Woche hat Linda wieder ein schönes Geschenk empfangen, weil sie bei einer Wichtelaktion mitgemacht hat.;Linda hat mindestens zweimal ein schönes Geschenk empfangen.;unknown;2;ai;bi;2;neutral;twice;False;;;Letztes Jahr hat Linda Timo ein schönes Geschenk zum Geburtstag gebastelt. Vor einer Woche hat Linda wieder ein schönes Geschenk empfangen, weil sie bei einer Wichtelaktion mitgemacht hat.;Linda hat mindestens zweimal ein schönes Geschenk empfangen.;morit/german_xlm_xnli;entailment;0;0.0028685240540653467;0.06964347511529922;0.9274880290031433
2_ai_bi2_cannot_say_neu;Letztes Jahr hat Linda Timo ein schönes Geschenk zum Geburtstag gebastelt.;Vor einer Woche hat Linda wieder ein schönes Geschenk empfangen, weil sie bei einer Wichtelaktion mitgemacht hat.;Es lässt sich nicht sagen, wie oft Linda ein schönes Geschenk empfangen hat.;unknown;2;ai;bi;2;neutral;cannot say;False;;;Letztes Jahr hat Linda Timo ein schönes Geschenk zum Geburtstag gebastelt. Vor einer Woche hat Linda wieder ein schönes Geschenk empfangen, weil sie bei einer Wichtelaktion mitgemacht hat.;Es lässt sich nicht sagen, wie oft Linda ein schönes Geschenk empfangen hat.;morit/german_xlm_xnli;neutral;1;0.006065934430807829;0.9897372126579285;0.004196924157440662
2_ai_bii1_once_neu;Letztes Jahr hat Linda Timo ein schönes Geschenk zum Geburtstag gebastelt.;Vor einer Woche hat Timo wieder ein schönes Geschenk gemacht, weil er bei einer Wichtelaktion mitgemacht hat.;Timo hat einmal ein schönes Geschenk gemacht.;entailment;2;ai;bii;1;neutral;once;False;;;Letztes Jahr hat Linda Timo ein schönes Geschenk zum Geburtstag gebastelt. Vor einer Woche hat Timo wieder ein schönes Geschenk gemacht, weil er bei einer Wichtelaktion mitgemacht hat.;Timo hat einmal ein schönes Geschenk gemacht.;morit/german_xlm_xnli;entailment;1;0.004830970428884029;0.015509454533457756;0.9796594977378845
2_ai_bii1_twice_neu;Letztes Jahr hat Linda Timo ein schönes Geschenk zum Geburtstag gebastelt.;Vor einer Woche hat Timo wieder ein schönes Geschenk gemacht, weil er bei einer Wichtelaktion mitgemacht hat.;Timo hat mindestens zweimal ein schönes Geschenk gemacht.;unknown;2;ai;bii;1;neutral;twice;False;;;Letztes Jahr hat Linda Timo ein schönes Geschenk zum Geburtstag gebastelt. Vor einer Woche hat Timo wieder ein schönes Geschenk gemacht, weil er bei einer Wichtelaktion mitgemacht hat.;Timo hat mindestens zweimal ein schönes Geschenk gemacht.;morit/german_xlm_xnli;entailment;0;0.0032592753414064646;0.08466154336929321;0.9120792150497437
2_ai_bii1_cannot_say_neu;Letztes Jahr hat Linda Timo ein schönes Geschenk zum Geburtstag gebastelt.;Vor einer Woche hat Timo wieder ein schönes Geschenk gemacht, weil er bei einer Wichtelaktion mitgemacht hat.;Es lässt sich nicht sagen, wie oft Timo ein schönes Geschenk gemacht hat.;unknown;2;ai;bii;1;neutral;cannot say;False;;;Letztes Jahr hat Linda Timo ein schönes Geschenk zum Geburtstag gebastelt. Vor einer Woche hat Timo wieder ein schönes Geschenk gemacht, weil er bei einer Wichtelaktion mitgemacht hat.;Es lässt sich nicht sagen, wie oft Timo ein schönes Geschenk gemacht hat.;morit/german_xlm_xnli;neutral;1;0.006752280052751303;0.9903244972229004;0.0029231251683086157
2_ai_bii2_once_pos;Letztes Jahr hat Linda Timo ein schönes Geschenk zum Geburtstag gebastelt.;Vor einer Woche hat Linda wieder ein schönes Geschenk gemacht, weil sie bei einer Wichtelaktion mitgemacht hat.;Linda hat einmal ein schönes Geschenk gemacht.;unknown;2;ai;bii;2;positive;once;False;;;Letztes Jahr hat Linda Timo ein schönes Geschenk zum Geburtstag gebastelt. Vor einer Woche hat Linda wieder ein schönes Geschenk gemacht, weil sie bei einer Wichtelaktion mitgemacht hat.;Linda hat einmal ein schönes Geschenk gemacht.;morit/german_xlm_xnli;entailment;0;0.0047411322593688965;0.01837645284831524;0.9768823385238647
2_ai_bii2_twice_pos;Letztes Jahr hat Linda Timo ein schönes Geschenk zum Geburtstag gebastelt.;Vor einer Woche hat Linda wieder ein schönes Geschenk gemacht, weil sie bei einer Wichtelaktion mitgemacht hat.;Linda hat mindestens zweimal ein schönes Geschenk gemacht.;entailment;2;ai;bii;2;positive;twice;False;;;Letztes Jahr hat Linda Timo ein schönes Geschenk zum Geburtstag gebastelt. Vor einer Woche hat Linda wieder ein schönes Geschenk gemacht, weil sie bei einer Wichtelaktion mitgemacht hat.;Linda hat mindestens zweimal ein schönes Geschenk gemacht.;morit/german_xlm_xnli;entailment;1;0.0029071704484522343;0.07732861489057541;0.9197641611099243
2_ai_bii2_cannot_say_pos;Letztes Jahr hat Linda Timo ein schönes Geschenk zum Geburtstag gebastelt.;Vor einer Woche hat Linda wieder ein schönes Geschenk gemacht, weil sie bei einer Wichtelaktion mitgemacht hat.;Es lässt sich nicht sagen, wie oft Linda ein schönes Geschenk gemacht hat.;unknown;2;ai;bii;2;positive;cannot say;False;;;Letztes Jahr hat Linda Timo ein schönes Geschenk zum Geburtstag gebastelt. Vor einer Woche hat Linda wieder ein schönes Geschenk gemacht, weil sie bei einer Wichtelaktion mitgemacht hat.;Es lässt sich nicht sagen, wie oft Linda ein schönes Geschenk gemacht hat.;morit/german_xlm_xnli;neutral;1;0.005313732661306858;0.9927564263343811;0.0019298723200336099
2_aii_bi1_once_neu;Letztes Jahr hat Timo Linda ein schönes Geschenk zum Geburtstag gebastelt.;Vor einer Woche hat Timo wieder ein schönes Geschenk empfangen, weil er bei einer Wichtelaktion mitgemacht hat.;Timo hat einmal ein schönes Geschenk empfangen.;entailment;2;aii;bi;1;neutral;once;False;;;Letztes Jahr hat Timo Linda ein schönes Geschenk zum Geburtstag gebastelt. Vor einer Woche hat Timo wieder ein schönes Geschenk empfangen, weil er bei einer Wichtelaktion mitgemacht hat.;Timo hat einmal ein schönes Geschenk empfangen.;morit/german_xlm_xnli;entailment;1;0.0069062309339642525;0.012714150361716747;0.9803797006607056
2_aii_bi1_twice_neu;Letztes Jahr hat Timo Linda ein schönes Geschenk zum Geburtstag gebastelt.;Vor einer Woche hat Timo wieder ein schönes Geschenk empfangen, weil er bei einer Wichtelaktion mitgemacht hat.;Timo hat mindestens zweimal ein schönes Geschenk empfangen.;unknown;2;aii;bi;1;neutral;twice;False;;;Letztes Jahr hat Timo Linda ein schönes Geschenk zum Geburtstag gebastelt. Vor einer Woche hat Timo wieder ein schönes Geschenk empfangen, weil er bei einer Wichtelaktion mitgemacht hat.;Timo hat mindestens zweimal ein schönes Geschenk empfangen.;morit/german_xlm_xnli;entailment;0;0.0033118228893727064;0.06780768185853958;0.9288804531097412
2_aii_bi1_cannot_say_neu;Letztes Jahr hat Timo Linda ein schönes Geschenk zum Geburtstag gebastelt.;Vor einer Woche hat Timo wieder ein schönes Geschenk empfangen, weil er bei einer Wichtelaktion mitgemacht hat.;Es lässt sich nicht sagen, wie oft Timo ein schönes Geschenk empfangen hat.;unknown;2;aii;bi;1;neutral;cannot say;False;;;Letztes Jahr hat Timo Linda ein schönes Geschenk zum Geburtstag gebastelt. Vor einer Woche hat Timo wieder ein schönes Geschenk empfangen, weil er bei einer Wichtelaktion mitgemacht hat.;Es lässt sich nicht sagen, wie oft Timo ein schönes Geschenk empfangen hat.;morit/german_xlm_xnli;neutral;1;0.007125400938093662;0.9877697825431824;0.005104848649352789
2_aii_bi2_once_pos;Letztes Jahr hat Timo Linda ein schönes Geschenk zum Geburtstag gebastelt.;Vor einer Woche hat Linda wieder ein schönes Geschenk empfangen, weil sie bei einer Wichtelaktion mitgemacht hat.;Linda hat einmal ein schönes Geschenk empfangen.;unknown;2;aii;bi;2;positive;once;False;;;Letztes Jahr hat Timo Linda ein schönes Geschenk zum Geburtstag gebastelt. Vor einer Woche hat Linda wieder ein schönes Geschenk empfangen, weil sie bei einer Wichtelaktion mitgemacht hat.;Linda hat einmal ein schönes Geschenk empfangen.;morit/german_xlm_xnli;entailment;0;0.005427912343293428;0.014248483814299107;0.9803235530853271
2_aii_bi2_twice_pos;Letztes Jahr hat Timo Linda ein schönes Geschenk zum Geburtstag gebastelt.;Vor einer Woche hat Linda wieder ein schönes Geschenk empfangen, weil sie bei einer Wichtelaktion mitgemacht hat.;Linda hat mindestens zweimal ein schönes Geschenk empfangen.;entailment;2;aii;bi;2;positive;twice;False;;;Letztes Jahr hat Timo Linda ein schönes Geschenk zum Geburtstag gebastelt. Vor einer Woche hat Linda wieder ein schönes Geschenk empfangen, weil sie bei einer Wichtelaktion mitgemacht hat.;Linda hat mindestens zweimal ein schönes Geschenk empfangen.;morit/german_xlm_xnli;entailment;1;0.0029270814266055822;0.07283920049667358;0.9242337346076965
2_aii_bi2_cannot_say_pos;Letztes Jahr hat Timo Linda ein schönes Geschenk zum Geburtstag gebastelt.;Vor einer Woche hat Linda wieder ein schönes Geschenk empfangen, weil sie bei einer Wichtelaktion mitgemacht hat.;Es lässt sich nicht sagen, wie oft Linda ein schönes Geschenk empfangen hat.;unknown;2;aii;bi;2;positive;cannot say;False;;;Letztes Jahr hat Timo Linda ein schönes Geschenk zum Geburtstag gebastelt. Vor einer Woche hat Linda wieder ein schönes Geschenk empfangen, weil sie bei einer Wichtelaktion mitgemacht hat.;Es lässt sich nicht sagen, wie oft Linda ein schönes Geschenk empfangen hat.;morit/german_xlm_xnli;neutral;1;0.00732662295922637;0.9878465533256531;0.004826835822314024
2_aii_bii1_once_pos;Letztes Jahr hat Timo Linda ein schönes Geschenk zum Geburtstag gebastelt.;Vor einer Woche hat Timo wieder ein schönes Geschenk gemacht, weil er bei einer Wichtelaktion mitgemacht hat.;Timo hat einmal ein schönes Geschenk gemacht.;unknown;2;aii;bii;1;positive;once;False;;;Letztes Jahr hat Timo Linda ein schönes Geschenk zum Geburtstag gebastelt. Vor einer Woche hat Timo wieder ein schönes Geschenk gemacht, weil er bei einer Wichtelaktion mitgemacht hat.;Timo hat einmal ein schönes Geschenk gemacht.;morit/german_xlm_xnli;entailment;0;0.005444778129458427;0.01577758602797985;0.9787776470184326
2_aii_bii1_twice_pos;Letztes Jahr hat Timo Linda ein schönes Geschenk zum Geburtstag gebastelt.;Vor einer Woche hat Timo wieder ein schönes Geschenk gemacht, weil er bei einer Wichtelaktion mitgemacht hat.;Timo hat mindestens zweimal ein schönes Geschenk gemacht.;entailment;2;aii;bii;1;positive;twice;False;;;Letztes Jahr hat Timo Linda ein schönes Geschenk zum Geburtstag gebastelt. Vor einer Woche hat Timo wieder ein schönes Geschenk gemacht, weil er bei einer Wichtelaktion mitgemacht hat.;Timo hat mindestens zweimal ein schönes Geschenk gemacht.;morit/german_xlm_xnli;entailment;1;0.0032390053384006023;0.07379020005464554;0.9229708313941956
2_aii_bii1_cannot_say_pos;Letztes Jahr hat Timo Linda ein schönes Geschenk zum Geburtstag gebastelt.;Vor einer Woche hat Timo wieder ein schönes Geschenk gemacht, weil er bei einer Wichtelaktion mitgemacht hat.;Es lässt sich nicht sagen, wie oft Timo ein schönes Geschenk gemacht hat.;unknown;2;aii;bii;1;positive;cannot say;False;;;Letztes Jahr hat Timo Linda ein schönes Geschenk zum Geburtstag gebastelt. Vor einer Woche hat Timo wieder ein schönes Geschenk gemacht, weil er bei einer Wichtelaktion mitgemacht hat.;Es lässt sich nicht sagen, wie oft Timo ein schönes Geschenk gemacht hat.;morit/german_xlm_xnli;neutral;1;0.006227416452020407;0.9912298917770386;0.0025426510255783796
2_aii_bii2_once_neu;Letztes Jahr hat Timo Linda ein schönes Geschenk zum Geburtstag gebastelt.;Vor einer Woche hat Linda wieder ein schönes Geschenk gemacht, weil sie bei einer Wichtelaktion mitgemacht hat.;Linda hat einmal ein schönes Geschenk gemacht.;entailment;2;aii;bii;2;neutral;once;False;;;Letztes Jahr hat Timo Linda ein schönes Geschenk zum Geburtstag gebastelt. Vor einer Woche hat Linda wieder ein schönes Geschenk gemacht, weil sie bei einer Wichtelaktion mitgemacht hat.;Linda hat einmal ein schönes Geschenk gemacht.;morit/german_xlm_xnli;entailment;1;0.004609976429492235;0.017702791839838028;0.9776871800422668
2_aii_bii2_twice_neu;Letztes Jahr hat Timo Linda ein schönes Geschenk zum Geburtstag gebastelt.;Vor einer Woche hat Linda wieder ein schönes Geschenk gemacht, weil sie bei einer Wichtelaktion mitgemacht hat.;Linda hat mindestens zweimal ein schönes Geschenk gemacht.;unknown;2;aii;bii;2;neutral;twice;False;;;Letztes Jahr hat Timo Linda ein schönes Geschenk zum Geburtstag gebastelt. Vor einer Woche hat Linda wieder ein schönes Geschenk gemacht, weil sie bei einer Wichtelaktion mitgemacht hat.;Linda hat mindestens zweimal ein schönes Geschenk gemacht.;morit/german_xlm_xnli;entailment;0;0.003109571523964405;0.08584217727184296;0.9110482335090637
2_aii_bii2_cannot_say_neu;Letztes Jahr hat Timo Linda ein schönes Geschenk zum Geburtstag gebastelt.;Vor einer Woche hat Linda wieder ein schönes Geschenk gemacht, weil sie bei einer Wichtelaktion mitgemacht hat.;Es lässt sich nicht sagen, wie oft Linda ein schönes Geschenk gemacht hat.;unknown;2;aii;bii;2;neutral;cannot say;False;;;Letztes Jahr hat Timo Linda ein schönes Geschenk zum Geburtstag gebastelt. Vor einer Woche hat Linda wieder ein schönes Geschenk gemacht, weil sie bei einer Wichtelaktion mitgemacht hat.;Es lässt sich nicht sagen, wie oft Linda ein schönes Geschenk gemacht hat.;morit/german_xlm_xnli;neutral;1;0.0061322171241045;0.9916946291923523;0.0021731529850512743
3_ai_bi1_once_neu;Letztes Jahr hat Linda Thorsten ein selbstgeschriebenes Lied vorgesungen.;Vor drei Wochen hat Linda wieder ein selbstgeschriebenes Lied gehört, als sie bei einer Freundin daheim war.;Linda hat einmal ein selbstgeschriebenes Lied gehört.;entailment;3;ai;bi;1;neutral;once;False;;Linda/Thorsten: agent-first braces.;Letztes Jahr hat Linda Thorsten ein selbstgeschriebenes Lied vorgesungen. Vor drei Wochen hat Linda wieder ein selbstgeschriebenes Lied gehört, als sie bei einer Freundin daheim war.;Linda hat einmal ein selbstgeschriebenes Lied gehört.;morit/german_xlm_xnli;entailment;1;0.012957360595464706;0.02539799176156521;0.9616447687149048
3_ai_bi1_twice_neu;Letztes Jahr hat Linda Thorsten ein selbstgeschriebenes Lied vorgesungen.;Vor drei Wochen hat Linda wieder ein selbstgeschriebenes Lied gehört, als sie bei einer Freundin daheim war.;Linda hat mindestens zweimal ein selbstgeschriebenes Lied gehört.;unknown;3;ai;bi;1;neutral;twice;False;;Linda/Thorsten: agent-first braces.;Letztes Jahr hat Linda Thorsten ein selbstgeschriebenes Lied vorgesungen. Vor drei Wochen hat Linda wieder ein selbstgeschriebenes Lied gehört, als sie bei einer Freundin daheim war.;Linda hat mindestens zweimal ein selbstgeschriebenes Lied gehört.;morit/german_xlm_xnli;entailment;0;0.0024635682348161936;0.11647571623325348;0.8810607194900513
3_ai_bi1_cannot_say_neu;Letztes Jahr hat Linda Thorsten ein selbstgeschriebenes Lied vorgesungen.;Vor drei Wochen hat Linda wieder ein selbstgeschriebenes Lied gehört, als sie bei einer Freundin daheim war.;Es lässt sich nicht sagen, wie oft Linda ein selbstgeschriebenes Lied gehört hat.;unknown;3;ai;bi;1;neutral;cannot say;False;;Linda/Thorsten: agent-first braces.;Letztes Jahr hat Linda Thorsten ein selbstgeschriebenes Lied vorgesungen. Vor drei Wochen hat Linda wieder ein selbstgeschriebenes Lied gehört, als sie bei einer Freundin daheim war.;Es lässt sich nicht sagen, wie oft Linda ein selbstgeschriebenes Lied gehört hat.;morit/german_xlm_xnli;neutral;1;0.03261779993772507;0.957402229309082;0.009979932568967342
3_ai_bi2_once_pos;Letztes Jahr hat Linda Thorsten ein selbstgeschriebenes Lied vorgesungen.;Vor drei Wochen hat Thorsten wieder ein selbstgeschriebenes Lied gehört, als er bei einer Freundin daheim war.;Thorsten hat einmal ein selbstgeschriebenes Lied gehört.;unknown;3;ai;bi;2;positive;once;False;;Linda/Thorsten: agent-first braces.;Letztes Jahr hat Linda Thorsten ein selbstgeschriebenes Lied vorgesungen. Vor drei Wochen hat Thorsten wieder ein selbstgeschriebenes Lied gehört, als er bei einer Freundin daheim war.;Thorsten hat einmal ein selbstgeschriebenes Lied gehört.;morit/german_xlm_xnli;entailment;0;0.021897396072745323;0.023361923173069954;0.9547407627105713
3_ai_bi2_twice_pos;Letztes Jahr hat Linda Thorsten ein selbstgeschriebenes Lied vorgesungen.;Vor drei Wochen hat Thorsten wieder ein selbstgeschriebenes Lied gehört, als er bei einer Freundin daheim war.;Thorsten hat mindestens zweimal ein selbstgeschriebenes Lied gehört.;entailment;3;ai;bi;2;positive;twice;False;;Linda/Thorsten: agent-first braces.;Letztes Jahr hat Linda Thorsten ein selbstgeschriebenes Lied vorgesungen. Vor drei Wochen hat Thorsten wieder ein selbstgeschriebenes Lied gehört, als er bei einer Freundin daheim war.;Thorsten hat mindestens zweimal ein selbstgeschriebenes Lied gehört.;morit/german_xlm_xnli;entailment;1;0.002430990571156144;0.07648879289627075;0.9210801720619202
3_ai_bi2_cannot_say_pos;Letztes Jahr hat Linda Thorsten ein selbstgeschriebenes Lied vorgesungen.;Vor drei Wochen hat Thorsten wieder ein selbstgeschriebenes Lied gehört, als er bei einer Freundin daheim war.;Es lässt sich nicht sagen, wie oft Thorsten ein selbstgeschriebenes Lied gehört hat.;unknown;3;ai;bi;2;positive;cannot say;False;;Linda/Thorsten: agent-first braces.;Letztes Jahr hat Linda Thorsten ein selbstgeschriebenes Lied vorgesungen. Vor drei Wochen hat Thorsten wieder ein selbstgeschriebenes Lied gehört, als er bei einer Freundin daheim war.;Es lässt sich nicht sagen, wie oft Thorsten ein selbstgeschriebenes Lied gehört hat.;morit/german_xlm_xnli;neutral;1;0.03103637509047985;0.9555010199546814;0.013462668284773827
3_ai_bii1_once_pos;Letztes Jahr hat Linda Thorsten ein selbstgeschriebenes Lied vorgesungen.;Vor drei Wochen hat Linda wieder ein selbstgeschriebenes Lied gesungen, als sie bei einer Freundin daheim war.;Linda hat einmal ein selbstgeschriebenes Lied gesungen.;unknown;3;ai;bii;1;positive;once;False;;Linda/Thorsten: agent-first braces.;Letztes Jahr hat Linda Thorsten ein selbstgeschriebenes Lied vorgesungen. Vor drei Wochen hat Linda wieder ein selbstgeschriebenes Lied gesungen, als sie bei einer Freundin daheim war.;Linda hat einmal ein selbstgeschriebenes Lied gesungen.;morit/german_xlm_xnli;entailment;0;0.015826040878891945;0.020755235105752945;0.9634187817573547
3_ai_bii1_twice_pos;Letztes Jahr hat Linda Thorsten ein selbstgeschriebenes Lied vorgesungen.;Vor drei Wochen hat Linda wieder ein selbstgeschriebenes Lied gesungen, als sie bei einer Freundin daheim war.;Linda hat mindestens zweimal ein selbstgeschriebenes Lied gesungen.;entailment;3;ai;bii;1;positive;twice;False;;Linda/Thorsten: agent-first braces.;Letztes Jahr hat Linda Thorsten ein selbstgeschriebenes Lied vorgesungen. Vor drei Wochen hat Linda wieder ein selbstgeschriebenes Lied gesungen, als sie bei einer Freundin daheim war.;Linda hat mindestens zweimal ein selbstgeschriebenes Lied gesungen.;morit/german_xlm_xnli;entailment;1;0.0028989806305617094;0.0927862673997879;0.9043147563934326
3_ai_bii1_cannot_say_pos;Letztes Jahr hat Linda Thorsten ein selbstgeschriebenes Lied vorgesungen.;Vor drei Wochen hat Linda wieder ein selbstgeschriebenes Lied gesungen, als sie bei einer Freundin daheim war.;Es lässt sich nicht sagen, wie oft Linda ein selbstgeschriebenes Lied gesungen hat.;unknown;3;ai;bii;1;positive;cannot say;False;;Linda/Thorsten: agent-first braces.;Letztes Jahr hat Linda Thorsten ein selbstgeschriebenes Lied vorgesungen. Vor drei Wochen hat Linda wieder ein selbstgeschriebenes Lied gesungen, als sie bei einer Freundin daheim war.;Es lässt sich nicht sagen, wie oft Linda ein selbstgeschriebenes Lied gesungen hat.;morit/german_xlm_xnli;neutral;1;0.04841199889779091;0.9368751645088196;0.01471283845603466
3_ai_bii2_once_neu;Letztes Jahr hat Linda Thorsten ein selbstgeschriebenes Lied vorgesungen.;Vor drei Wochen hat Thorsten wieder ein selbstgeschriebenes Lied gesungen, als er bei einer Freundin daheim war.;Thorsten hat einmal ein selbstgeschriebenes Lied gesungen.;entailment;3;ai;bii;2;neutral;once;False;;Linda/Thorsten: agent-first braces.;Letztes Jahr hat Linda Thorsten ein selbstgeschriebenes Lied vorgesungen. Vor drei Wochen hat Thorsten wieder ein selbstgeschriebenes Lied gesungen, als er bei einer Freundin daheim war.;Thorsten hat einmal ein selbstgeschriebenes Lied gesungen.;morit/german_xlm_xnli;entailment;1;0.027572281658649445;0.019769778475165367;0.9526579976081848
3_ai_bii2_twice_neu;Letztes Jahr hat Linda Thorsten ein selbstgeschriebenes Lied vorgesungen.;Vor drei Wochen hat Thorsten wieder ein selbstgeschriebenes Lied gesungen, als er bei einer Freundin daheim war.;Thorsten hat mindestens zweimal ein selbstgeschriebenes Lied gesungen.;unknown;3;ai;bii;2;neutral;twice;False;;Linda/Thorsten: agent-first braces.;Letztes Jahr hat Linda Thorsten ein selbstgeschriebenes Lied vorgesungen. Vor drei Wochen hat Thorsten wieder ein selbstgeschriebenes Lied gesungen, als er bei einer Freundin daheim war.;Thorsten hat mindestens zweimal ein selbstgeschriebenes Lied gesungen.;morit/german_xlm_xnli;entailment;0;0.0033583862241357565;0.0919184535741806;0.9047232270240784
3_ai_bii2_cannot_say_neu;Letztes Jahr hat Linda Thorsten ein selbstgeschriebenes Lied vorgesungen.;Vor drei Wochen hat Thorsten wieder ein selbstgeschriebenes Lied gesungen, als er bei einer Freundin daheim war.;Es lässt sich nicht sagen, wie oft Thorsten ein selbstgeschriebenes Lied gesungen hat.;unknown;3;ai;bii;2;neutral;cannot say;False;;Linda/Thorsten: agent-first braces.;Letztes Jahr hat Linda Thorsten ein selbstgeschriebenes Lied vorgesungen. Vor drei Wochen hat Thorsten wieder ein selbstgeschriebenes Lied gesungen, als er bei einer Freundin daheim war.;Es lässt sich nicht sagen, wie oft Thorsten ein selbstgeschriebenes Lied gesungen hat.;morit/german_xlm_xnli;neutral;1;0.06241007149219513;0.9174749255180359;0.02011507749557495
3_aii_bi1_once_pos;Letztes Jahr hat Thorsten Linda ein selbstgeschriebenes Lied vorgesungen.;Vor drei Wochen hat Linda wieder ein selbstgeschriebenes Lied gehört, als sie bei einer Freundin daheim war.;Linda hat einmal ein selbstgeschriebenes Lied gehört.;unknown;3;aii;bi;1;positive;once;False;;Linda/Thorsten: agent-first braces.;Letztes Jahr hat Thorsten Linda ein selbstgeschriebenes Lied vorgesungen. Vor drei Wochen hat Linda wieder ein selbstgeschriebenes Lied gehört, als sie bei einer Freundin daheim war.;Linda hat einmal ein selbstgeschriebenes Lied gehört.;morit/german_xlm_xnli;entailment;0;0.012921711429953575;0.02478392794728279;0.9622943997383118
3_aii_bi1_twice_pos;Letztes Jahr hat Thorsten Linda ein selbstgeschriebenes Lied vorgesungen.;Vor drei Wochen hat Linda wieder ein selbstgeschriebenes Lied gehört, als sie bei einer Freundin daheim war.;Linda hat mindestens zweimal ein selbstgeschriebenes Lied gehört.;entailment;3;aii;bi;1;positive;twice;False;;Linda/Thorsten: agent-first braces.;Letztes Jahr hat Thorsten Linda ein selbstgeschriebenes Lied vorgesungen. Vor drei Wochen hat Linda wieder ein selbstgeschriebenes Lied gehört, als sie bei einer Freundin daheim war.;Linda hat mindestens zweimal ein selbstgeschriebenes Lied gehört.;morit/german_xlm_xnli;entailment;1;0.0024072963278740644;0.1165647804737091;0.8810279369354248
3_aii_bi1_cannot_say_pos;Letztes Jahr hat Thorsten Linda ein selbstgeschriebenes Lied vorgesungen.;Vor drei Wochen hat Linda wieder ein selbstgeschriebenes Lied gehört, als sie bei einer Freundin daheim war.;Es lässt sich nicht sagen, wie oft Linda ein selbstgeschriebenes Lied gehört hat.;unknown;3;aii;bi;1;positive;cannot say;False;;Linda/Thorsten: agent-first braces.;Letztes Jahr hat Thorsten Linda ein selbstgeschriebenes Lied vorgesungen. Vor drei Wochen hat Linda wieder ein selbstgeschriebenes Lied gehört, als sie bei einer Freundin daheim war.;Es lässt sich nicht sagen, wie oft Linda ein selbstgeschriebenes Lied gehört hat.;morit/german_xlm_xnli;neutral;1;0.03950392082333565;0.9491627216339111;0.011333348229527473
3_aii_bi2_once_neu;Letztes Jahr hat Thorsten Linda ein selbstgeschriebenes Lied vorgesungen.;Vor drei Wochen hat Thorsten wieder ein selbstgeschriebenes Lied gehört, als er bei einer Freundin daheim war.;Thorsten hat einmal ein selbstgeschriebenes Lied gehört.;entailment;3;aii;bi;2;neutral;once;False;;Linda/Thorsten: agent-first braces.;Letztes Jahr hat Thorsten Linda ein selbstgeschriebenes Lied vorgesungen. Vor drei Wochen hat Thorsten wieder ein selbstgeschriebenes Lied gehört, als er bei einer Freundin daheim war.;Thorsten hat einmal ein selbstgeschriebenes Lied gehört.;morit/german_xlm_xnli;entailment;1;0.024566709995269775;0.023369863629341125;0.9520634412765503
3_aii_bi2_twice_neu;Letztes Jahr hat Thorsten Linda ein selbstgeschriebenes Lied vorgesungen.;Vor drei Wochen hat Thorsten wieder ein selbstgeschriebenes Lied gehört, als er bei einer Freundin daheim war.;Thorsten hat mindestens zweimal ein selbstgeschriebenes Lied gehört.;unknown;3;aii;bi;2;neutral;twice;False;;Linda/Thorsten: agent-first braces.;Letztes Jahr hat Thorsten Linda ein selbstgeschriebenes Lied vorgesungen. Vor drei Wochen hat Thorsten wieder ein selbstgeschriebenes Lied gehört, als er bei einer Freundin daheim war.;Thorsten hat mindestens zweimal ein selbstgeschriebenes Lied gehört.;morit/german_xlm_xnli;entailment;0;0.002600089879706502;0.06685153394937515;0.930548369884491
3_aii_bi2_cannot_say_neu;Letztes Jahr hat Thorsten Linda ein selbstgeschriebenes Lied vorgesungen.;Vor drei Wochen hat Thorsten wieder ein selbstgeschriebenes Lied gehört, als er bei einer Freundin daheim war.;Es lässt sich nicht sagen, wie oft Thorsten ein selbstgeschriebenes Lied gehört hat.;unknown;3;aii;bi;2;neutral;cannot say;False;;Linda/Thorsten: agent-first braces.;Letztes Jahr hat Thorsten Linda ein selbstgeschriebenes Lied vorgesungen. Vor drei Wochen hat Thorsten wieder ein selbstgeschriebenes Lied gehört, als er bei einer Freundin daheim war.;Es lässt sich nicht sagen, wie oft Thorsten ein selbstgeschriebenes Lied gehört hat.;morit/german_xlm_xnli;neutral;1;0.02621711790561676;0.9608100652694702;0.012972766533493996
3_aii_bii1_once_neu;Letztes Jahr hat Thorsten Linda ein selbstgeschriebenes Lied vorgesungen.;Vor drei Wochen hat Linda wieder ein selbstgeschriebenes Lied gesungen, als sie bei einer Freundin daheim war.;Linda hat einmal ein selbstgeschriebenes Lied gesungen.;entailment;3;aii;bii;1;neutral;once;False;;Linda/Thorsten: agent-first braces.;Letztes Jahr hat Thorsten Linda ein selbstgeschriebenes Lied vorgesungen. Vor drei Wochen hat Linda wieder ein selbstgeschriebenes Lied gesungen, als sie bei einer Freundin daheim war.;Linda hat einmal ein selbstgeschriebenes Lied gesungen.;morit/german_xlm_xnli;entailment;1;0.015123560093343258;0.020123999565839767;0.9647523760795593
3_aii_bii1_twice_neu;Letztes Jahr hat Thorsten Linda ein selbstgeschriebenes Lied vorgesungen.;Vor drei Wochen hat Linda wieder ein selbstgeschriebenes Lied gesungen, als sie bei einer Freundin daheim war.;Linda hat mindestens zweimal ein selbstgeschriebenes Lied gesungen.;unknown;3;aii;bii;1;neutral;twice;False;;Linda/Thorsten: agent-first braces.;Letztes Jahr hat Thorsten Linda ein selbstgeschriebenes Lied vorgesungen. Vor drei Wochen hat Linda wieder ein selbstgeschriebenes Lied gesungen, als sie bei einer Freundin daheim war.;Linda hat mindestens zweimal ein selbstgeschriebenes Lied gesungen.;morit/german_xlm_xnli;entailment;0;0.002784470096230507;0.09441109746694565;0.9028043746948242
3_aii_bii1_cannot_say_neu;Letztes Jahr hat Thorsten Linda ein selbstgeschriebenes Lied vorgesungen.;Vor drei Wochen hat Linda wieder ein selbstgeschriebenes Lied gesungen, als sie bei einer Freundin daheim war.;Es lässt sich nicht sagen, wie oft Linda ein selbstgeschriebenes Lied gesungen hat.;unknown;3;aii;bii;1;neutral;cannot say;False;;Linda/Thorsten: agent-first braces.;Letztes Jahr hat Thorsten Linda ein selbstgeschriebenes Lied vorgesungen. Vor drei Wochen hat Linda wieder ein selbstgeschriebenes Lied gesungen, als sie bei einer Freundin daheim war.;Es lässt sich nicht sagen, wie oft Linda ein selbstgeschriebenes Lied gesungen hat.;morit/german_xlm_xnli;neutral;1;0.0634591355919838;0.9183347821235657;0.018206104636192322
3_aii_bii2_once_pos;Letztes Jahr hat Thorsten Linda ein selbstgeschriebenes Lied vorgesungen.;Vor drei Wochen hat Thorsten wieder ein selbstgeschriebenes Lied gesungen, als er bei einer Freundin daheim war.;Thorsten hat einmal ein selbstgeschriebenes Lied gesungen.;unknown;3;aii;bii;2;positive;once;False;;Linda/Thorsten: agent-first braces.;Letztes Jahr hat Thorsten Linda ein selbstgeschriebenes Lied vorgesungen. Vor drei Wochen hat Thorsten wieder ein selbstgeschriebenes Lied gesungen, als er bei einer Freundin daheim war.;Thorsten hat einmal ein selbstgeschriebenes Lied gesungen.;morit/german_xlm_xnli;entailment;0;0.0381864532828331;0.019986467435956;0.9418270587921143
3_aii_bii2_twice_pos;Letztes Jahr hat Thorsten Linda ein selbstgeschriebenes Lied vorgesungen.;Vor drei Wochen hat Thorsten wieder ein selbstgeschriebenes Lied gesungen, als er bei einer Freundin daheim war.;Thorsten hat mindestens zweimal ein selbstgeschriebenes Lied gesungen.;entailment;3;aii;bii;2;positive;twice;False;;Linda/Thorsten: agent-first braces.;Letztes Jahr hat Thorsten Linda ein selbstgeschriebenes Lied vorgesungen. Vor drei Wochen hat Thorsten wieder ein selbstgeschriebenes Lied gesungen, als er bei einer Freundin daheim war.;Thorsten hat mindestens zweimal ein selbstgeschriebenes Lied gesungen.;morit/german_xlm_xnli;entailment;1;0.003504025051370263;0.07216652482748032;0.9243294596672058
3_aii_bii2_cannot_say_pos;Letztes Jahr hat Thorsten Linda ein selbstgeschriebenes Lied vorgesungen.;Vor drei Wochen hat Thorsten wieder ein selbstgeschriebenes Lied gesungen, als er bei einer Freundin daheim war.;Es lässt sich nicht sagen, wie oft Thorsten ein selbstgeschriebenes Lied gesungen hat.;unknown;3;aii;bii;2;positive;cannot say;False;;Linda/Thorsten: agent-first braces.;Letztes Jahr hat Thorsten Linda ein selbstgeschriebenes Lied vorgesungen. Vor drei Wochen hat Thorsten wieder ein selbstgeschriebenes Lied gesungen, als er bei einer Freundin daheim war.;Es lässt sich nicht sagen, wie oft Thorsten ein selbstgeschriebenes Lied gesungen hat.;morit/german_xlm_xnli;neutral;1;0.05600985139608383;0.9237971901893616;0.020192887634038925
4_ai_bi1_once_neu;Vorletzte Woche hat Linda Karl eine rote Rose geschenkt.;Vor vier Tagen hat Linda wieder eine rote Rose bekommen, als sie zu einem Date verabredet war.;Linda hat einmal eine rote Rose bekommen.;entailment;4;ai;bi;1;neutral;once;False;;Linda/Karl: agent-first braces.;Vorletzte Woche hat Linda Karl eine rote Rose geschenkt. Vor vier Tagen hat Linda wieder eine rote Rose bekommen, als sie zu einem Date verabredet war.;Linda hat einmal eine rote Rose bekommen.;morit/german_xlm_xnli;entailment;1;0.017788583412766457;0.014811934903264046;0.9673994779586792
4_ai_bi1_twice_neu;Vorletzte Woche hat Linda Karl eine rote Rose geschenkt.;Vor vier Tagen hat Linda wieder eine rote Rose bekommen, als sie zu einem Date verabredet war.;Linda hat mindestens zweimal eine rote Rose bekommen.;unknown;4;ai;bi;1;neutral;twice;False;;Linda/Karl: agent-first braces.;Vorletzte Woche hat Linda Karl eine rote Rose geschenkt. Vor vier Tagen hat Linda wieder eine rote Rose bekommen, als sie zu einem Date verabredet war.;Linda hat mindestens zweimal eine rote Rose bekommen.;morit/german_xlm_xnli;entailment;0;0.0021195870358496904;0.08377844095230103;0.9141020178794861
4_ai_bi1_cannot_say_neu;Vorletzte Woche hat Linda Karl eine rote Rose geschenkt.;Vor vier Tagen hat Linda wieder eine rote Rose bekommen, als sie zu einem Date verabredet war.;Es lässt sich nicht sagen, wie oft Linda eine rote Rose bekommen hat.;unknown;4;ai;bi;1;neutral;cannot say;False;;Linda/Karl: agent-first braces.;Vorletzte Woche hat Linda Karl eine rote Rose geschenkt. Vor vier Tagen hat Linda wieder eine rote Rose bekommen, als sie zu einem Date verabredet war.;Es lässt sich nicht sagen, wie oft Linda eine rote Rose bekommen hat.;morit/german_xlm_xnli;neutral;1;0.04091347008943558;0.953740656375885;0.005345797166228294
4_ai_bi2_once_pos;Vorletzte Woche hat Linda Karl eine rote Rose geschenkt.;Vor vier Tagen hat Karl wieder eine rote Rose bekommen, als er zu einem Date verabredet war.;Karl hat einmal eine rote Rose bekommen.;unknown;4;ai;bi;2;positive;once;False;;Linda/Karl: agent-first braces.;Vorletzte Woche hat Linda Karl eine rote Rose geschenkt. Vor vier Tagen hat Karl wieder eine rote Rose bekommen, als er zu einem Date verabredet war.;Karl hat einmal eine rote Rose bekommen.;morit/german_xlm_xnli;entailment;0;0.022457623854279518;0.015997927635908127;0.9615445733070374
4_ai_bi2_twice_pos;Vorletzte Woche hat Linda Karl eine rote Rose geschenkt.;Vor vier Tagen hat Karl wieder eine rote Rose bekommen, als er zu einem Date verabredet war.;Karl hat mindestens zweimal eine rote Rose bekommen.;entailment;4;ai;bi;2;positive;twice;False;;Linda/Karl: agent-first braces.;Vorletzte Woche hat Linda Karl eine rote Rose geschenkt. Vor vier Tagen hat Karl wieder eine rote Rose bekommen, als er zu einem Date verabredet war.;Karl hat mindestens zweimal eine rote Rose bekommen.;morit/german_xlm_xnli;entailment;1;0.0021513185929507017;0.0863124281167984;0.9115362167358398
4_ai_bi2_cannot_say_pos;Vorletzte Woche hat Linda Karl eine rote Rose geschenkt.;Vor vier Tagen hat Karl wieder eine rote Rose bekommen, als er zu einem Date verabredet war.;Es lässt sich nicht sagen, wie oft Karl eine rote Rose bekommen hat.;unknown;4;ai;bi;2;positive;cannot say;False;;Linda/Karl: agent-first braces.;Vorletzte Woche hat Linda Karl eine rote Rose geschenkt. Vor vier Tagen hat Karl wieder eine rote Rose bekommen, als er zu einem Date verabredet war.;Es lässt sich nicht sagen, wie oft Karl eine rote Rose bekommen hat.;morit/german_xlm_xnli;neutral;1;0.05091356113553047;0.9433892965316772;0.005697186570614576
4_ai_bii1_once_pos;Vorletzte Woche hat Linda Karl eine rote Rose geschenkt.;Vor vier Tagen hat Linda wieder eine rote Rose vergeben, als sie zu einem Date verabredet war.;Linda hat einmal eine rote Rose vergeben.;unknown;4;ai;bii;1;positive;once;False;;Linda/Karl: agent-first braces.;Vorletzte Woche hat Linda Karl eine rote Rose geschenkt. Vor vier Tagen hat Linda wieder eine rote Rose vergeben, als sie zu einem Date verabredet war.;Linda hat einmal eine rote Rose vergeben.;morit/german_xlm_xnli;entailment;0;0.02508852444589138;0.014993688091635704;0.9599177837371826
4_ai_bii1_twice_pos;Vorletzte Woche hat Linda Karl eine rote Rose geschenkt.;Vor vier Tagen hat Linda wieder eine rote Rose vergeben, als sie zu einem Date verabredet war.;Linda hat mindestens zweimal eine rote Rose vergeben.;entailment;4;ai;bii;1;positive;twice;False;;Linda/Karl: agent-first braces.;Vorletzte Woche hat Linda Karl eine rote Rose geschenkt. Vor vier Tagen hat Linda wieder eine rote Rose vergeben, als sie zu einem Date verabredet war.;Linda hat mindestens zweimal eine rote Rose vergeben.;morit/german_xlm_xnli;entailment;1;0.002242390066385269;0.07254164665937424;0.9252158999443054
4_ai_bii1_cannot_say_pos;Vorletzte Woche hat Linda Karl eine rote Rose geschenkt.;Vor vier Tagen hat Linda wieder eine rote Rose vergeben, als sie zu einem Date verabredet war.;Es lässt sich nicht sagen, wie oft Linda eine rote Rose vergeben hat.;unknown;4;ai;bii;1;positive;cannot say;False;;Linda/Karl: agent-first braces.;Vorletzte Woche hat Linda Karl eine rote Rose geschenkt. Vor vier Tagen hat Linda wieder eine rote Rose vergeben, als sie zu einem Date verabredet war.;Es lässt sich nicht sagen, wie oft Linda eine rote Rose vergeben hat.;morit/german_xlm_xnli;neutral;1;0.046028222888708115;0.9342457056045532;0.01972614973783493
4_ai_bii2_once_neu;Vorletzte Woche hat Linda Karl eine rote Rose geschenkt.;Vor vier Tagen hat Karl wieder eine rote Rose vergeben, als er zu einem Date verabredet war.;Karl hat einmal eine rote Rose vergeben.;entailment;4;ai;bii;2;neutral;once;False;;Linda/Karl: agent-first braces.;Vorletzte Woche hat Linda Karl eine rote Rose geschenkt. Vor vier Tagen hat Karl wieder eine rote Rose vergeben, als er zu einem Date verabredet war.;Karl hat einmal eine rote Rose vergeben.;morit/german_xlm_xnli;entailment;1;0.033829979598522186;0.0175960510969162;0.948573887348175
4_ai_bii2_twice_neu;Vorletzte Woche hat Linda Karl eine rote Rose geschenkt.;Vor vier Tagen hat Karl wieder eine rote Rose vergeben, als er zu einem Date verabredet war.;Karl hat mindestens zweimal eine rote Rose vergeben.;unknown;4;ai;bii;2;neutral;twice;False;;Linda/Karl: agent-first braces.;Vorletzte Woche hat Linda Karl eine rote Rose geschenkt. Vor vier Tagen hat Karl wieder eine rote Rose vergeben, als er zu einem Date verabredet war.;Karl hat mindestens zweimal eine rote Rose vergeben.;morit/german_xlm_xnli;entailment;0;0.00238999305292964;0.07009593397378922;0.9275139570236206
4_ai_bii2_cannot_say_neu;Vorletzte Woche hat Linda Karl eine rote Rose geschenkt.;Vor vier Tagen hat Karl wieder eine rote Rose vergeben, als er zu einem Date verabredet war.;Es lässt sich nicht sagen, wie oft Karl eine rote Rose vergeben hat.;unknown;4;ai;bii;2;neutral;cannot say;False;;Linda/Karl: agent-first braces.;Vorletzte Woche hat Linda Karl eine rote Rose geschenkt. Vor vier Tagen hat Karl wieder eine rote Rose vergeben, als er zu einem Date verabredet war.;Es lässt sich nicht sagen, wie oft Karl eine rote Rose vergeben hat.;morit/german_xlm_xnli;neutral;1;0.04943953827023506;0.9326417446136475;0.01791873387992382
4_aii_bi1_once_pos;Vorletzte Woche hat Karl Linda eine rote Rose geschenkt.;Vor vier Tagen hat Linda wieder eine rote Rose bekommen, als sie zu einem Date verabredet war.;Linda hat einmal eine rote Rose bekommen.;unknown;4;aii;bi;1;positive;once;False;;Linda/Karl: agent-first braces.;Vorletzte Woche hat Karl Linda eine rote Rose geschenkt. Vor vier Tagen hat Linda wieder eine rote Rose bekommen, als sie zu einem Date verabredet war.;Linda hat einmal eine rote Rose bekommen.;morit/german_xlm_xnli;entailment;0;0.018649958074092865;0.013567130081355572;0.9677829146385193
4_aii_bi1_twice_pos;Vorletzte Woche hat Karl Linda eine rote Rose geschenkt.;Vor vier Tagen hat Linda wieder eine rote Rose bekommen, als sie zu einem Date verabredet war.;Linda hat mindestens zweimal eine rote Rose bekommen.;entailment;4;aii;bi;1;positive;twice;False;;Linda/Karl: agent-first braces.;Vorletzte Woche hat Karl Linda eine rote Rose geschenkt. Vor vier Tagen hat Linda wieder eine rote Rose bekommen, als sie zu einem Date verabredet war.;Linda hat mindestens zweimal eine rote Rose bekommen.;morit/german_xlm_xnli;entailment;1;0.002181373769417405;0.08029177784919739;0.91752690076828
4_aii_bi1_cannot_say_pos;Vorletzte Woche hat Karl Linda eine rote Rose geschenkt.;Vor vier Tagen hat Linda wieder eine rote Rose bekommen, als sie zu einem Date verabredet war.;Es lässt sich nicht sagen, wie oft Linda eine rote Rose bekommen hat.;unknown;4;aii;bi;1;positive;cannot say;False;;Linda/Karl: agent-first braces.;Vorletzte Woche hat Karl Linda eine rote Rose geschenkt. Vor vier Tagen hat Linda wieder eine rote Rose bekommen, als sie zu einem Date verabredet war.;Es lässt sich nicht sagen, wie oft Linda eine rote Rose bekommen hat.;morit/german_xlm_xnli;neutral;1;0.04692480340600014;0.9462975859642029;0.006777691654860973
4_aii_bi2_once_neu;Vorletzte Woche hat Karl Linda eine rote Rose geschenkt.;Vor vier Tagen hat Karl wieder eine rote Rose bekommen, als er zu einem Date verabredet war.;Karl hat einmal eine rote Rose bekommen.;entailment;4;aii;bi;2;neutral;once;False;;Linda/Karl: agent-first braces.;Vorletzte Woche hat Karl Linda eine rote Rose geschenkt. Vor vier Tagen hat Karl wieder eine rote Rose bekommen, als er zu einem Date verabredet war.;Karl hat einmal eine rote Rose bekommen.;morit/german_xlm_xnli;entailment;1;0.02121010608971119;0.015574057586491108;0.9632158279418945
4_aii_bi2_twice_neu;Vorletzte Woche hat Karl Linda eine rote Rose geschenkt.;Vor vier Tagen hat Karl wieder eine rote Rose bekommen, als er zu einem Date verabredet war.;Karl hat mindestens zweimal eine rote Rose bekommen.;unknown;4;aii;bi;2;neutral;twice;False;;Linda/Karl: agent-first braces.;Vorletzte Woche hat Karl Linda eine rote Rose geschenkt. Vor vier Tagen hat Karl wieder eine rote Rose bekommen, als er zu einem Date verabredet war.;Karl hat mindestens zweimal eine rote Rose bekommen.;morit/german_xlm_xnli;entailment;0;0.0019940214697271585;0.07990270853042603;0.9181032776832581
4_aii_bi2_cannot_say_neu;Vorletzte Woche hat Karl Linda eine rote Rose geschenkt.;Vor vier Tagen hat Karl wieder eine rote Rose bekommen, als er zu einem Date verabredet war.;Es lässt sich nicht sagen, wie oft Karl eine rote Rose bekommen hat.;unknown;4;aii;bi;2;neutral;cannot say;False;;Linda/Karl: agent-first braces.;Vorletzte Woche hat Karl Linda eine rote Rose geschenkt. Vor vier Tagen hat Karl wieder eine rote Rose bekommen, als er zu einem Date verabredet war.;Es lässt sich nicht sagen, wie oft Karl eine rote Rose bekommen hat.;morit/german_xlm_xnli;neutral;1;0.047029901295900345;0.9473169445991516;0.005653060507029295
4_aii_bii1_once_neu;Vorletzte Woche hat Karl Linda eine rote Rose geschenkt.;Vor vier Tagen hat Linda wieder eine rote Rose vergeben, als sie zu einem Date verabredet war.;Linda hat einmal eine rote Rose vergeben.;entailment;4;aii;bii;1;neutral;once;False;;Linda/Karl: agent-first braces.;Vorletzte Woche hat Karl Linda eine rote Rose geschenkt. Vor vier Tagen hat Linda wieder eine rote Rose vergeben, als sie zu einem Date verabredet war.;Linda hat einmal eine rote Rose vergeben.;morit/german_xlm_xnli;entailment;1;0.025890985503792763;0.013704090379178524;0.9604048132896423
4_aii_bii1_twice_neu;Vorletzte Woche hat Karl Linda eine rote Rose geschenkt.;Vor vier Tagen hat Linda wieder eine rote Rose vergeben, als sie zu einem Date verabredet war.;Linda hat mindestens zweimal eine rote Rose vergeben.;unknown;4;aii;bii;1;neutral;twice;False;;Linda/Karl: agent-first braces.;Vorletzte Woche hat Karl Linda eine rote Rose geschenkt. Vor vier Tagen hat Linda wieder eine rote Rose vergeben, als sie zu einem Date verabredet war.;Linda hat mindestens zweimal eine rote Rose vergeben.;morit/german_xlm_xnli;entailment;0;0.0023535615764558315;0.06849437952041626;0.9291519522666931
4_aii_bii1_cannot_say_neu;Vorletzte Woche hat Karl Linda eine rote Rose geschenkt.;Vor vier Tagen hat Linda wieder eine rote Rose vergeben, als sie zu einem Date verabredet war.;Es lässt sich nicht sagen, wie oft Linda eine rote Rose vergeben hat.;unknown;4;aii;bii;1;neutral;cannot say;False;;Linda/Karl: agent-first braces.;Vorletzte Woche hat Karl Linda eine rote Rose geschenkt. Vor vier Tagen hat Linda wieder eine rote Rose vergeben, als sie zu einem Date verabredet war.;Es lässt sich nicht sagen, wie oft Linda eine rote Rose vergeben hat.;morit/german_xlm_xnli;neutral;1;0.06031379848718643;0.9150323271751404;0.024653926491737366
4_aii_bii2_once_pos;Vorletzte Woche hat Karl Linda eine rote Rose geschenkt.;Vor vier Tagen hat Karl wieder eine rote Rose vergeben, als er zu einem Date verabredet war.;Karl hat einmal eine rote Rose vergeben.;unknown;4;aii;bii;2;positive;once;False;;Linda/Karl: agent-first braces.;Vorletzte Woche hat Karl Linda eine rote Rose geschenkt. Vor vier Tagen hat Karl wieder eine rote Rose vergeben, als er zu einem Date verabredet war.;Karl hat einmal eine rote Rose vergeben.;morit/german_xlm_xnli;entailment;0;0.02985755167901516;0.016515672206878662;0.9536267518997192
4_aii_bii2_twice_pos;Vorletzte Woche hat Karl Linda eine rote Rose geschenkt.;Vor vier Tagen hat Karl wieder eine rote Rose vergeben, als er zu einem Date verabredet war.;Karl hat mindestens zweimal eine rote Rose vergeben.;entailment;4;aii;bii;2;positive;twice;False;;Linda/Karl: agent-first braces.;Vorletzte Woche hat Karl Linda eine rote Rose geschenkt. Vor vier Tagen hat Karl wieder eine rote Rose vergeben, als er zu einem Date verabredet war.;Karl hat mindestens zweimal eine rote Rose vergeben.;morit/german_xlm_xnli;entailment;1;0.0021620341576635838;0.06866323947906494;0.9291747212409973
4_aii_bii2_cannot_say_pos;Vorletzte Woche hat Karl Linda eine rote Rose geschenkt.;Vor vier Tagen hat Karl wieder eine rote Rose vergeben, als er zu einem Date verabredet war.;Es lässt sich nicht sagen, wie oft Karl eine rote Rose vergeben hat.;unknown;4;aii;bii;2;positive;cannot say;False;;Linda/Karl: agent-first braces.;Vorletzte Woche hat Karl Linda eine rote Rose geschenkt. Vor vier Tagen hat Karl wieder eine rote Rose vergeben, als er zu einem Date verabredet war.;Es lässt sich nicht sagen, wie oft Karl eine rote Rose vergeben hat.;morit/german_xlm_xnli;neutral;1;0.0426262691617012;0.9387069344520569;0.01866680383682251
5_ai_bi1_once_pos;Vor drei Wochen hat Linda Greta einen langen Brief geschrieben.;Vor einer Woche hat Greta wieder einen langen Brief empfangen, weil sie auf eine Anzeige geantwortet hat.;Greta hat einmal einen langen Brief empfangen.;unknown;5;ai;bi;1;positive;once;False;;;Vor drei Wochen hat Linda Greta einen langen Brief geschrieben. Vor einer Woche hat Greta wieder einen langen Brief empfangen, weil sie auf eine Anzeige geantwortet hat.;Greta hat einmal einen langen Brief empfangen.;morit/german_xlm_xnli;entailment;0;0.04711276665329933;0.017081212252378464;0.9358059763908386
5_ai_bi1_twice_pos;Vor drei Wochen hat Linda Greta einen langen Brief geschrieben.;Vor einer Woche hat Greta wieder einen langen Brief empfangen, weil sie auf eine Anzeige geantwortet hat.;Greta hat mindestens zweimal einen langen Brief empfangen.;entailment;5;ai;bi;1;positive;twice;False;;;Vor drei Wochen hat Linda Greta einen langen Brief geschrieben. Vor einer Woche hat Greta wieder einen langen Brief empfangen, weil sie auf eine Anzeige geantwortet hat.;Greta hat mindestens zweimal einen langen Brief empfangen.;morit/german_xlm_xnli;entailment;1;0.00669243186712265;0.09221148490905762;0.9010961055755615
5_ai_bi1_cannot_say_pos;Vor drei Wochen hat Linda Greta einen langen Brief geschrieben.;Vor einer Woche hat Greta wieder einen langen Brief empfangen, weil sie auf eine Anzeige geantwortet hat.;Es lässt sich nicht sagen, wie oft Greta einen langen Brief empfangen hat.;unknown;5;ai;bi;1;positive;cannot say;False;;;Vor drei Wochen hat Linda Greta einen langen Brief geschrieben. Vor einer Woche hat Greta wieder einen langen Brief empfangen, weil sie auf eine Anzeige geantwortet hat.;Es lässt sich nicht sagen, wie oft Greta einen langen Brief empfangen hat.;morit/german_xlm_xnli;neutral;1;0.10933741927146912;0.851582407951355;0.03908008337020874
5_ai_bi2_once_neu;Vor drei Wochen hat Linda Greta einen langen Brief geschrieben.;Vor einer Woche hat Linda wieder einen langen Brief empfangen, weil sie auf eine Anzeige geantwortet hat.;Linda hat einmal einen langen Brief empfangen.;entailment;5;ai;bi;2;neutral;once;False;;;Vor drei Wochen hat Linda Greta einen langen Brief geschrieben. Vor einer Woche hat Linda wieder einen langen Brief empfangen, weil sie auf eine Anzeige geantwortet hat.;Linda hat einmal einen langen Brief empfangen.;morit/german_xlm_xnli;entailment;1;0.04586445540189743;0.01816951483488083;0.9359659552574158
5_ai_bi2_twice_neu;Vor drei Wochen hat Linda Greta einen langen Brief geschrieben.;Vor einer Woche hat Linda wieder einen langen Brief empfangen, weil sie auf eine Anzeige geantwortet hat.;Linda hat mindestens zweimal einen langen Brief empfangen.;unknown;5;ai;bi;2;neutral;twice;False;;;Vor drei Wochen hat Linda Greta einen langen Brief geschrieben. Vor einer Woche hat Linda wieder einen langen Brief empfangen, weil sie auf eine Anzeige geantwortet hat.;Linda hat mindestens zweimal einen langen Brief empfangen.;morit/german_xlm_xnli;entailment;0;0.007859277538955212;0.14731565117835999;0.8448250889778137
5_ai_bi2_cannot_say_neu;Vor drei Wochen hat Linda Greta einen langen Brief geschrieben.;Vor einer Woche hat Linda wieder einen langen Brief empfangen, weil sie auf eine Anzeige geantwortet hat.;Es lässt sich nicht sagen, wie oft Linda einen langen Brief empfangen hat.;unknown;5;ai;bi;2;neutral;cannot say;False;;;Vor drei Wochen hat Linda Greta einen langen Brief geschrieben. Vor einer Woche hat Linda wieder einen langen Brief empfangen, weil sie auf eine Anzeige geantwortet hat.;Es lässt sich nicht sagen, wie oft Linda einen langen Brief empfangen hat.;morit/german_xlm_xnli;neutral;1;0.08851466327905655;0.8753394484519958;0.03614594414830208
5_ai_bii1_once_neu;Vor drei Wochen hat Linda Greta einen langen Brief geschrieben.;Vor einer Woche hat Greta wieder einen langen Brief verfasst, weil sie auf eine Anzeige geantwortet hat.;Greta hat einmal einen langen Brief verfasst.;entailment;5;ai;bii;1;neutral;once;False;;;Vor drei Wochen hat Linda Greta einen langen Brief geschrieben. Vor einer Woche hat Greta wieder einen langen Brief verfasst, weil sie auf eine Anzeige geantwortet hat.;Greta hat einmal einen langen Brief verfasst.;morit/german_xlm_xnli;entailment;1;0.04515562206506729;0.014324754476547241;0.9405196905136108
5_ai_bii1_twice_neu;Vor drei Wochen hat Linda Greta einen langen Brief geschrieben.;Vor einer Woche hat Greta wieder einen langen Brief verfasst, weil sie auf eine Anzeige geantwortet hat.;Greta hat mindestens zweimal einen langen Brief verfasst.;unknown;5;ai;bii;1;neutral;twice;False;;;Vor drei Wochen hat Linda Greta einen langen Brief geschrieben. Vor einer Woche hat Greta wieder einen langen Brief verfasst, weil sie auf eine Anzeige geantwortet hat.;Greta hat mindestens zweimal einen langen Brief verfasst.;morit/german_xlm_xnli;entailment;0;0.0065519483759999275;0.058721769601106644;0.9347262382507324
5_ai_bii1_cannot_say_neu;Vor drei Wochen hat Linda Greta einen langen Brief geschrieben.;Vor einer Woche hat Greta wieder einen langen Brief verfasst, weil sie auf eine Anzeige geantwortet hat.;Es lässt sich nicht sagen, wie oft Greta einen langen Brief verfasst hat.;unknown;5;ai;bii;1;neutral;cannot say;False;;;Vor drei Wochen hat Linda Greta einen langen Brief geschrieben. Vor einer Woche hat Greta wieder einen langen Brief verfasst, weil sie auf eine Anzeige geantwortet hat.;Es lässt sich nicht sagen, wie oft Greta einen langen Brief verfasst hat.;morit/german_xlm_xnli;neutral;1;0.11057129502296448;0.8425559997558594;0.04687265679240227
5_ai_bii2_once_pos;Vor drei Wochen hat Linda Greta einen langen Brief geschrieben.;Vor einer Woche hat Linda wieder einen langen Brief verfasst, weil sie auf eine Anzeige geantwortet hat.;Linda hat einmal einen langen Brief verfasst.;unknown;5;ai;bii;2;positive;once;False;;;Vor drei Wochen hat Linda Greta einen langen Brief geschrieben. Vor einer Woche hat Linda wieder einen langen Brief verfasst, weil sie auf eine Anzeige geantwortet hat.;Linda hat einmal einen langen Brief verfasst.;morit/german_xlm_xnli;entailment;0;0.03501691669225693;0.015038781799376011;0.9499443173408508
5_ai_bii2_twice_pos;Vor drei Wochen hat Linda Greta einen langen Brief geschrieben.;Vor einer Woche hat Linda wieder einen langen Brief verfasst, weil sie auf eine Anzeige geantwortet hat.;Linda hat mindestens zweimal einen langen Brief verfasst.;entailment;5;ai;bii;2;positive;twice;False;;;Vor drei Wochen hat Linda Greta einen langen Brief geschrieben. Vor einer Woche hat Linda wieder einen langen Brief verfasst, weil sie auf eine Anzeige geantwortet hat.;Linda hat mindestens zweimal einen langen Brief verfasst.;morit/german_xlm_xnli;entailment;1;0.007115792483091354;0.09194881469011307;0.9009354114532471
5_ai_bii2_cannot_say_pos;Vor drei Wochen hat Linda Greta einen langen Brief geschrieben.;Vor einer Woche hat Linda wieder einen langen Brief verfasst, weil sie auf eine Anzeige geantwortet hat.;Es lässt sich nicht sagen, wie oft Linda einen langen Brief verfasst hat.;unknown;5;ai;bii;2;positive;cannot say;False;;;Vor drei Wochen hat Linda Greta einen langen Brief geschrieben. Vor einer Woche hat Linda wieder einen langen Brief verfasst, weil sie auf eine Anzeige geantwortet hat.;Es lässt sich nicht sagen, wie oft Linda einen langen Brief verfasst hat.;morit/german_xlm_xnli;neutral;1;0.08779069036245346;0.8745782971382141;0.037631090730428696
5_aii_bi1_once_neu;Vor drei Wochen hat Greta Linda einen langen Brief geschrieben.;Vor einer Woche hat Greta wieder einen langen Brief empfangen, weil sie auf eine Anzeige geantwortet hat.;Greta hat einmal einen langen Brief empfangen.;entailment;5;aii;bi;1;neutral;once;False;;;Vor drei Wochen hat Greta Linda einen langen Brief geschrieben. Vor einer Woche hat Greta wieder einen langen Brief empfangen, weil sie auf eine Anzeige geantwortet hat.;Greta hat einmal einen langen Brief empfangen.;morit/german_xlm_xnli;entailment;1;0.0542445071041584;0.017382683232426643;0.928372859954834
5_aii_bi1_twice_neu;Vor drei Wochen hat Greta Linda einen langen Brief geschrieben.;Vor einer Woche hat Greta wieder einen langen Brief empfangen, weil sie auf eine Anzeige geantwortet hat.;Greta hat mindestens zweimal einen langen Brief empfangen.;unknown;5;aii;bi;1;neutral;twice;False;;;Vor drei Wochen hat Greta Linda einen langen Brief geschrieben. Vor einer Woche hat Greta wieder einen langen Brief empfangen, weil sie auf eine Anzeige geantwortet hat.;Greta hat mindestens zweimal einen langen Brief empfangen.;morit/german_xlm_xnli;entailment;0;0.006826980039477348;0.09112344682216644;0.9020496606826782
5_aii_bi1_cannot_say_neu;Vor drei Wochen hat Greta Linda einen langen Brief geschrieben.;Vor einer Woche hat Greta wieder einen langen Brief empfangen, weil sie auf eine Anzeige geantwortet hat.;Es lässt sich nicht sagen, wie oft Greta einen langen Brief empfangen hat.;unknown;5;aii;bi;1;neutral;cannot say;False;;;Vor drei Wochen hat Greta Linda einen langen Brief geschrieben. Vor einer Woche hat Greta wieder einen langen Brief empfangen, weil sie auf eine Anzeige geantwortet hat.;Es lässt sich nicht sagen, wie oft Greta einen langen Brief empfangen hat.;morit/german_xlm_xnli;neutral;1;0.10416467487812042;0.8586598634719849;0.03717552125453949
5_aii_bi2_once_pos;Vor drei Wochen hat Greta Linda einen langen Brief geschrieben.;Vor einer Woche hat Linda wieder einen langen Brief empfangen, weil sie auf eine Anzeige geantwortet hat.;Linda hat einmal einen langen Brief empfangen.;unknown;5;aii;bi;2;positive;once;False;;;Vor drei Wochen hat Greta Linda einen langen Brief geschrieben. Vor einer Woche hat Linda wieder einen langen Brief empfangen, weil sie auf eine Anzeige geantwortet hat.;Linda hat einmal einen langen Brief empfangen.;morit/german_xlm_xnli;entailment;0;0.04131843149662018;0.01581689715385437;0.9428645968437195
5_aii_bi2_twice_pos;Vor drei Wochen hat Greta Linda einen langen Brief geschrieben.;Vor einer Woche hat Linda wieder einen langen Brief empfangen, weil sie auf eine Anzeige geantwortet hat.;Linda hat mindestens zweimal einen langen Brief empfangen.;entailment;5;aii;bi;2;positive;twice;False;;;Vor drei Wochen hat Greta Linda einen langen Brief geschrieben. Vor einer Woche hat Linda wieder einen langen Brief empfangen, weil sie auf eine Anzeige geantwortet hat.;Linda hat mindestens zweimal einen langen Brief empfangen.;morit/german_xlm_xnli;entailment;1;0.008073053322732449;0.14973288774490356;0.8421940207481384
5_aii_bi2_cannot_say_pos;Vor drei Wochen hat Greta Linda einen langen Brief geschrieben.;Vor einer Woche hat Linda wieder einen langen Brief empfangen, weil sie auf eine Anzeige geantwortet hat.;Es lässt sich nicht sagen, wie oft Linda einen langen Brief empfangen hat.;unknown;5;aii;bi;2;positive;cannot say;False;;;Vor drei Wochen hat Greta Linda einen langen Brief geschrieben. Vor einer Woche hat Linda wieder einen langen Brief empfangen, weil sie auf eine Anzeige geantwortet hat.;Es lässt sich nicht sagen, wie oft Linda einen langen Brief empfangen hat.;morit/german_xlm_xnli;neutral;1;0.1048927828669548;0.8620256781578064;0.03308163210749626
5_aii_bii1_once_pos;Vor drei Wochen hat Greta Linda einen langen Brief geschrieben.;Vor einer Woche hat Greta wieder einen langen Brief verfasst, weil sie auf eine Anzeige geantwortet hat.;Greta hat einmal einen langen Brief verfasst.;unknown;5;aii;bii;1;positive;once;False;;;Vor drei Wochen hat Greta Linda einen langen Brief geschrieben. Vor einer Woche hat Greta wieder einen langen Brief verfasst, weil sie auf eine Anzeige geantwortet hat.;Greta hat einmal einen langen Brief verfasst.;morit/german_xlm_xnli;entailment;0;0.04747830703854561;0.013703473843634129;0.9388182759284973
5_aii_bii1_twice_pos;Vor drei Wochen hat Greta Linda einen langen Brief geschrieben.;Vor einer Woche hat Greta wieder einen langen Brief verfasst, weil sie auf eine Anzeige geantwortet hat.;Greta hat mindestens zweimal einen langen Brief verfasst.;entailment;5;aii;bii;1;positive;twice;False;;;Vor drei Wochen hat Greta Linda einen langen Brief geschrieben. Vor einer Woche hat Greta wieder einen langen Brief verfasst, weil sie auf eine Anzeige geantwortet hat.;Greta hat mindestens zweimal einen langen Brief verfasst.;morit/german_xlm_xnli;entailment;1;0.00659212376922369;0.05793703347444534;0.9354708790779114
5_aii_bii1_cannot_say_pos;Vor drei Wochen hat Greta Linda einen langen Brief geschrieben.;Vor einer Woche hat Greta wieder einen langen Brief verfasst, weil sie auf eine Anzeige geantwortet hat.;Es lässt sich nicht sagen, wie oft Greta einen langen Brief verfasst hat.;unknown;5;aii;bii;1;positive;cannot say;False;;;Vor drei Wochen hat Greta Linda einen langen Brief geschrieben. Vor einer Woche hat Greta wieder einen langen Brief verfasst, weil sie auf eine Anzeige geantwortet hat.;Es lässt sich nicht sagen, wie oft Greta einen langen Brief verfasst hat.;morit/german_xlm_xnli;neutral;1;0.10890833288431168;0.8486831188201904;0.042408473789691925
5_aii_bii2_once_neu;Vor drei Wochen hat Greta Linda einen langen Brief geschrieben.;Vor einer Woche hat Linda wieder einen langen Brief verfasst, weil sie auf eine Anzeige geantwortet hat.;Linda hat einmal einen langen Brief verfasst.;entailment;5;aii;bii;2;neutral;once;False;;;Vor drei Wochen hat Greta Linda einen langen Brief geschrieben. Vor einer Woche hat Linda wieder einen langen Brief verfasst, weil sie auf eine Anzeige geantwortet hat.;Linda hat einmal einen langen Brief verfasst.;morit/german_xlm_xnli;entailment;1;0.03032400645315647;0.01308854203671217;0.9565874338150024
5_aii_bii2_twice_neu;Vor drei Wochen hat Greta Linda einen langen Brief geschrieben.;Vor einer Woche hat Linda wieder einen langen Brief verfasst, weil sie auf eine Anzeige geantwortet hat.;Linda hat mindestens zweimal einen langen Brief verfasst.;unknown;5;aii;bii;2;neutral;twice;False;;;Vor drei Wochen hat Greta Linda einen langen Brief geschrieben. Vor einer Woche hat Linda wieder einen langen Brief verfasst, weil sie auf eine Anzeige geantwortet hat.;Linda hat mindestens zweimal einen langen Brief verfasst.;morit/german_xlm_xnli;entailment;0;0.0073407799936831;0.09358670562505722;0.8990724682807922
5_aii_bii2_cannot_say_neu;Vor drei Wochen hat Greta Linda einen langen Brief geschrieben.;Vor einer Woche hat Linda wieder einen langen Brief verfasst, weil sie auf eine Anzeige geantwortet hat.;Es lässt sich nicht sagen, wie oft Linda einen langen Brief verfasst hat.;unknown;5;aii;bii;2;neutral;cannot say;False;;;Vor drei Wochen hat Greta Linda einen langen Brief geschrieben. Vor einer Woche hat Linda wieder einen langen Brief verfasst, weil sie auf eine Anzeige geantwortet hat.;Es lässt sich nicht sagen, wie oft Linda einen langen Brief verfasst hat.;morit/german_xlm_xnli;neutral;1;0.10005106776952744;0.8643973469734192;0.03555161505937576
6_ai_bi1_once_pos;Vor zwei Monaten hat Judith für Tina einen leckeren Kuchen gebacken.;Vor zwei Wochen hat Tina wieder einen leckeren Kuchen erhalten, weil sie zu einer Party eingeladen hatte.;Tina hat einmal einen leckeren Kuchen erhalten.;unknown;6;ai;bi;1;positive;once;False;;;Vor zwei Monaten hat Judith für Tina einen leckeren Kuchen gebacken. Vor zwei Wochen hat Tina wieder einen leckeren Kuchen erhalten, weil sie zu einer Party eingeladen hatte.;Tina hat einmal einen leckeren Kuchen erhalten.;morit/german_xlm_xnli;entailment;0;0.015838373452425003;0.01934734545648098;0.964814305305481
6_ai_bi1_twice_pos;Vor zwei Monaten hat Judith für Tina einen leckeren Kuchen gebacken.;Vor zwei Wochen hat Tina wieder einen leckeren Kuchen erhalten, weil sie zu einer Party eingeladen hatte.;Tina hat mindestens zweimal einen leckeren Kuchen erhalten.;entailment;6;ai;bi;1;positive;twice;False;;;Vor zwei Monaten hat Judith für Tina einen leckeren Kuchen gebacken. Vor zwei Wochen hat Tina wieder einen leckeren Kuchen erhalten, weil sie zu einer Party eingeladen hatte.;Tina hat mindestens zweimal einen leckeren Kuchen erhalten.;morit/german_xlm_xnli;entailment;1;0.0013003963977098465;0.023394199088215828;0.9753053188323975
6_ai_bi1_cannot_say_pos;Vor zwei Monaten hat Judith für Tina einen leckeren Kuchen gebacken.;Vor zwei Wochen hat Tina wieder einen leckeren Kuchen erhalten, weil sie zu einer Party eingeladen hatte.;Es lässt sich nicht sagen, wie oft Tina einen leckeren Kuchen erhalten hat.;unknown;6;ai;bi;1;positive;cannot say;False;;;Vor zwei Monaten hat Judith für Tina einen leckeren Kuchen gebacken. Vor zwei Wochen hat Tina wieder einen leckeren Kuchen erhalten, weil sie zu einer Party eingeladen hatte.;Es lässt sich nicht sagen, wie oft Tina einen leckeren Kuchen erhalten hat.;morit/german_xlm_xnli;neutral;1;0.016766957938671112;0.9726462364196777;0.01058674044907093
6_ai_bi2_once_neu;Vor zwei Monaten hat Judith für Tina einen leckeren Kuchen gebacken.;Vor zwei Wochen hat Judith wieder einen leckeren Kuchen erhalten, weil sie zu einer Party eingeladen hatte.;Judith hat einmal einen leckeren Kuchen erhalten.;entailment;6;ai;bi;2;neutral;once;False;;;Vor zwei Monaten hat Judith für Tina einen leckeren Kuchen gebacken. Vor zwei Wochen hat Judith wieder einen leckeren Kuchen erhalten, weil sie zu einer Party eingeladen hatte.;Judith hat einmal einen leckeren Kuchen erhalten.;morit/german_xlm_xnli;entailment;1;0.012674098834395409;0.01705792360007763;0.9702679514884949
6_ai_bi2_twice_neu;Vor zwei Monaten hat Judith für Tina einen leckeren Kuchen gebacken.;Vor zwei Wochen hat Judith wieder einen leckeren Kuchen erhalten, weil sie zu einer Party eingeladen hatte.;Judith hat mindestens zweimal einen leckeren Kuchen erhalten.;unknown;6;ai;bi;2;neutral;twice;False;;;Vor zwei Monaten hat Judith für Tina einen leckeren Kuchen gebacken. Vor zwei Wochen hat Judith wieder einen leckeren Kuchen erhalten, weil sie zu einer Party eingeladen hatte.;Judith hat mindestens zweimal einen leckeren Kuchen erhalten.;morit/german_xlm_xnli;entailment;0;0.0012633054284378886;0.0183780025690794;0.9803586006164551
6_ai_bi2_cannot_say_neu;Vor zwei Monaten hat Judith für Tina einen leckeren Kuchen gebacken.;Vor zwei Wochen hat Judith wieder einen leckeren Kuchen erhalten, weil sie zu einer Party eingeladen hatte.;Es lässt sich nicht sagen, wie oft Judith einen leckeren Kuchen erhalten hat.;unknown;6;ai;bi;2;neutral;cannot say;False;;;Vor zwei Monaten hat Judith für Tina einen leckeren Kuchen gebacken. Vor zwei Wochen hat Judith wieder einen leckeren Kuchen erhalten, weil sie zu einer Party eingeladen hatte.;Es lässt sich nicht sagen, wie oft Judith einen leckeren Kuchen erhalten hat.;morit/german_xlm_xnli;neutral;1;0.01952916570007801;0.9725684523582458;0.007902465760707855
6_ai_bii1_once_neu;Vor zwei Monaten hat Judith für Tina einen leckeren Kuchen gebacken.;Vor zwei Wochen hat Tina wieder einen leckeren Kuchen gemacht, weil sie zu einer Party eingeladen hatte.;Tina hat einmal einen leckeren Kuchen gemacht.;entailment;6;ai;bii;1;neutral;once;False;;;Vor zwei Monaten hat Judith für Tina einen leckeren Kuchen gebacken. Vor zwei Wochen hat Tina wieder einen leckeren Kuchen gemacht, weil sie zu einer Party eingeladen hatte.;Tina hat einmal einen leckeren Kuchen gemacht.;morit/german_xlm_xnli;entailment;1;0.017861783504486084;0.026684820652008057;0.9554534554481506
6_ai_bii1_twice_neu;Vor zwei Monaten hat Judith für Tina einen leckeren Kuchen gebacken.;Vor zwei Wochen hat Tina wieder einen leckeren Kuchen gemacht, weil sie zu einer Party eingeladen hatte.;Tina hat mindestens zweimal einen leckeren Kuchen gemacht.;unknown;6;ai;bii;1;neutral;twice;False;;;Vor zwei Monaten hat Judith für Tina einen leckeren Kuchen gebacken. Vor zwei Wochen hat Tina wieder einen leckeren Kuchen gemacht, weil sie zu einer Party eingeladen hatte.;Tina hat mindestens zweimal einen leckeren Kuchen gemacht.;morit/german_xlm_xnli;entailment;0;0.0011998082045465708;0.02429226040840149;0.9745079278945923
6_ai_bii1_cannot_say_neu;Vor zwei Monaten hat Judith für Tina einen leckeren Kuchen gebacken.;Vor zwei Wochen hat Tina wieder einen leckeren Kuchen gemacht, weil sie zu einer Party eingeladen hatte.;Es lässt sich nicht sagen, wie oft Tina einen leckeren Kuchen gemacht hat.;unknown;6;ai;bii;1;neutral;cannot say;False;;;Vor zwei Monaten hat Judith für Tina einen leckeren Kuchen gebacken. Vor zwei Wochen hat Tina wieder einen leckeren Kuchen gemacht, weil sie zu einer Party eingeladen hatte.;Es lässt sich nicht sagen, wie oft Tina einen leckeren Kuchen gemacht hat.;morit/german_xlm_xnli;neutral;1;0.013047690503299236;0.9775661826133728;0.009386079385876656
6_ai_bii2_once_pos;Vor zwei Monaten hat Judith für Tina einen leckeren Kuchen gebacken.;Vor zwei Wochen hat Judith wieder einen leckeren Kuchen gemacht, weil sie zu einer Party eingeladen hatte.;Judith hat einmal einen leckeren Kuchen gemacht.;unknown;6;ai;bii;2;positive;once;False;;;Vor zwei Monaten hat Judith für Tina einen leckeren Kuchen gebacken. Vor zwei Wochen hat Judith wieder einen leckeren Kuchen gemacht, weil sie zu einer Party eingeladen hatte.;Judith hat einmal einen leckeren Kuchen gemacht.;morit/german_xlm_xnli;entailment;0;0.014502055011689663;0.02256392128765583;0.9629339575767517
6_ai_bii2_twice_pos;Vor zwei Monaten hat Judith für Tina einen leckeren Kuchen gebacken.;Vor zwei Wochen hat Judith wieder einen leckeren Kuchen gemacht, weil sie zu einer Party eingeladen hatte.;Judith hat mindestens zweimal einen leckeren Kuchen gemacht.;entailment;6;ai;bii;2;positive;twice;False;;;Vor zwei Monaten hat Judith für Tina einen leckeren Kuchen gebacken. Vor zwei Wochen hat Judith wieder einen leckeren Kuchen gemacht, weil sie zu einer Party eingeladen hatte.;Judith hat mindestens zweimal einen leckeren Kuchen gemacht.;morit/german_xlm_xnli;entailment;1;0.001199340564198792;0.02023017220199108;0.9785705208778381
6_ai_bii2_cannot_say_pos;Vor zwei Monaten hat Judith für Tina einen leckeren Kuchen gebacken.;Vor zwei Wochen hat Judith wieder einen leckeren Kuchen gemacht, weil sie zu einer Party eingeladen hatte.;Es lässt sich nicht sagen, wie oft Judith einen leckeren Kuchen gemacht hat.;unknown;6;ai;bii;2;positive;cannot say;False;;;Vor zwei Monaten hat Judith für Tina einen leckeren Kuchen gebacken. Vor zwei Wochen hat Judith wieder einen leckeren Kuchen gemacht, weil sie zu einer Party eingeladen hatte.;Es lässt sich nicht sagen, wie oft Judith einen leckeren Kuchen gemacht hat.;morit/german_xlm_xnli;neutral;1;0.014296618290245533;0.9759112596511841;0.0097921472042799
6_aii_bi1_once_neu;Vor zwei Monaten hat Tina für Judith einen leckeren Kuchen gebacken.;Vor zwei Wochen hat Tina wieder einen leckeren Kuchen erhalten, weil sie zu einer Party eingeladen hatte.;Tina hat einmal einen leckeren Kuchen erhalten.;entailment;6;aii;bi;1;neutral;once;False;;;Vor zwei Monaten hat Tina für Judith einen leckeren Kuchen gebacken. Vor zwei Wochen hat Tina wieder einen leckeren Kuchen erhalten, weil sie zu einer Party eingeladen hatte.;Tina hat einmal einen leckeren Kuchen erhalten.;morit/german_xlm_xnli;entailment;1;0.01740093156695366;0.02041042037308216;0.9621886610984802
6_aii_bi1_twice_neu;Vor zwei Monaten hat Tina für Judith einen leckeren Kuchen gebacken.;Vor zwei Wochen hat Tina wieder einen leckeren Kuchen erhalten, weil sie zu einer Party eingeladen hatte.;Tina hat mindestens zweimal einen leckeren Kuchen erhalten.;unknown;6;aii;bi;1;neutral;twice;False;;;Vor zwei Monaten hat Tina für Judith einen leckeren Kuchen gebacken. Vor zwei Wochen hat Tina wieder einen leckeren Kuchen erhalten, weil sie zu einer Party eingeladen hatte.;Tina hat mindestens zweimal einen leckeren Kuchen erhalten.;morit/german_xlm_xnli;entailment;0;0.001207841793075204;0.02284577675163746;0.975946307182312
6_aii_bi1_cannot_say_neu;Vor zwei Monaten hat Tina für Judith einen leckeren Kuchen gebacken.;Vor zwei Wochen hat Tina wieder einen leckeren Kuchen erhalten, weil sie zu einer Party eingeladen hatte.;Es lässt sich nicht sagen, wie oft Tina einen leckeren Kuchen erhalten hat.;unknown;6;aii;bi;1;neutral;cannot say;False;;;Vor zwei Monaten hat Tina für Judith einen leckeren Kuchen gebacken. Vor zwei Wochen hat Tina wieder einen leckeren Kuchen erhalten, weil sie zu einer Party eingeladen hatte.;Es lässt sich nicht sagen, wie oft Tina einen leckeren Kuchen erhalten hat.;morit/german_xlm_xnli;neutral;1;0.014267394319176674;0.9756254553794861;0.010107121430337429
6_aii_bi2_once_pos;Vor zwei Monaten hat Tina für Judith einen leckeren Kuchen gebacken.;Vor zwei Wochen hat Judith wieder einen leckeren Kuchen erhalten, weil sie zu einer Party eingeladen hatte.;Judith hat einmal einen leckeren Kuchen erhalten.;unknown;6;aii;bi;2;positive;once;False;;;Vor zwei Monaten hat Tina für Judith einen leckeren Kuchen gebacken. Vor zwei Wochen hat Judith wieder einen leckeren Kuchen erhalten, weil sie zu einer Party eingeladen hatte.;Judith hat einmal einen leckeren Kuchen erhalten.;morit/german_xlm_xnli;entailment;0;0.012929283082485199;0.017533546313643456;0.9695372581481934
6_aii_bi2_twice_pos;Vor zwei Monaten hat Tina für Judith einen leckeren Kuchen gebacken.;Vor zwei Wochen hat Judith wieder einen leckeren Kuchen erhalten, weil sie zu einer Party eingeladen hatte.;Judith hat mindestens zweimal einen leckeren Kuchen erhalten.;entailment;6;aii;bi;2;positive;twice;False;;;Vor zwei Monaten hat Tina für Judith einen leckeren Kuchen gebacken. Vor zwei Wochen hat Judith wieder einen leckeren Kuchen erhalten, weil sie zu einer Party eingeladen hatte.;Judith hat mindestens zweimal einen leckeren Kuchen erhalten.;morit/german_xlm_xnli;entailment;1;0.0013515924802049994;0.01848638989031315;0.9801620244979858
6_aii_bi2_cannot_say_pos;Vor zwei Monaten hat Tina für Judith einen leckeren Kuchen gebacken.;Vor zwei Wochen hat Judith wieder einen leckeren Kuchen erhalten, weil sie zu einer Party eingeladen hatte.;Es lässt sich nicht sagen, wie oft Judith einen leckeren Kuchen erhalten hat.;unknown;6;aii;bi;2;positive;cannot say;False;;;Vor zwei Monaten hat Tina für Judith einen leckeren Kuchen gebacken. Vor zwei Wochen hat Judith wieder einen leckeren Kuchen erhalten, weil sie zu einer Party eingeladen hatte.;Es lässt sich nicht sagen, wie oft Judith einen leckeren Kuchen erhalten hat.;morit/german_xlm_xnli;neutral;1;0.025540925562381744;0.9649953246116638;0.009463743306696415
6_aii_bii1_once_pos;Vor zwei Monaten hat Tina für Judith einen leckeren Kuchen gebacken.;Vor zwei Wochen hat Tina wieder einen leckeren Kuchen gemacht, weil sie zu einer Party eingeladen hatte.;Tina hat einmal einen leckeren Kuchen gemacht.;unknown;6;aii;bii;1;positive;once;False;;;Vor zwei Monaten hat Tina für Judith einen leckeren Kuchen gebacken. Vor zwei Wochen hat Tina wieder einen leckeren Kuchen gemacht, weil sie zu einer Party eingeladen hatte.;Tina hat einmal einen leckeren Kuchen gemacht.;morit/german_xlm_xnli;entailment;0;0.02012268640100956;0.029208047315478325;0.9506691694259644
6_aii_bii1_twice_pos;Vor zwei Monaten hat Tina für Judith einen leckeren Kuchen gebacken.;Vor zwei Wochen hat Tina wieder einen leckeren Kuchen gemacht, weil sie zu einer Party eingeladen hatte.;Tina hat mindestens zweimal einen leckeren Kuchen gemacht.;entailment;6;aii;bii;1;positive;twice;False;;;Vor zwei Monaten hat Tina für Judith einen leckeren Kuchen gebacken. Vor zwei Wochen hat Tina wieder einen leckeren Kuchen gemacht, weil sie zu einer Party eingeladen hatte.;Tina hat mindestens zweimal einen leckeren Kuchen gemacht.;morit/german_xlm_xnli;entailment;1;0.0011070179753005505;0.02382897026836872;0.9750639796257019
6_aii_bii1_cannot_say_pos;Vor zwei Monaten hat Tina für Judith einen leckeren Kuchen gebacken.;Vor zwei Wochen hat Tina wieder einen leckeren Kuchen gemacht, weil sie zu einer Party eingeladen hatte.;Es lässt sich nicht sagen, wie oft Tina einen leckeren Kuchen gemacht hat.;unknown;6;aii;bii;1;positive;cannot say;False;;;Vor zwei Monaten hat Tina für Judith einen leckeren Kuchen gebacken. Vor zwei Wochen hat Tina wieder einen leckeren Kuchen gemacht, weil sie zu einer Party eingeladen hatte.;Es lässt sich nicht sagen, wie oft Tina einen leckeren Kuchen gemacht hat.;morit/german_xlm_xnli;neutral;1;0.011530465446412563;0.9788220524787903;0.009647474624216557
6_aii_bii2_once_neu;Vor zwei Monaten hat Tina für Judith einen leckeren Kuchen gebacken.;Vor zwei Wochen hat Judith wieder einen leckeren Kuchen gemacht, weil sie zu einer Party eingeladen hatte.;Judith hat einmal einen leckeren Kuchen gemacht.;entailment;6;aii;bii;2;neutral;once;False;;;Vor zwei Monaten hat Tina für Judith einen leckeren Kuchen gebacken. Vor zwei Wochen hat Judith wieder einen leckeren Kuchen gemacht, weil sie zu einer Party eingeladen hatte.;Judith hat einmal einen leckeren Kuchen gemacht.;morit/german_xlm_xnli;entailment;1;0.014696425758302212;0.023557523265480995;0.961746096611023
6_aii_bii2_twice_neu;Vor zwei Monaten hat Tina für Judith einen leckeren Kuchen gebacken.;Vor zwei Wochen hat Judith wieder einen leckeren Kuchen gemacht, weil sie zu einer Party eingeladen hatte.;Judith hat mindestens zweimal einen leckeren Kuchen gemacht.;unknown;6;aii;bii;2;neutral;twice;False;;;Vor zwei Monaten hat Tina für Judith einen leckeren Kuchen gebacken. Vor zwei Wochen hat Judith wieder einen leckeren Kuchen gemacht, weil sie zu einer Party eingeladen hatte.;Judith hat mindestens zweimal einen leckeren Kuchen gemacht.;morit/german_xlm_xnli;entailment;0;0.0013116038171574473;0.020294446498155594;0.9783938527107239
6_aii_bii2_cannot_say_neu;Vor zwei Monaten hat Tina für Judith einen leckeren Kuchen gebacken.;Vor zwei Wochen hat Judith wieder einen leckeren Kuchen gemacht, weil sie zu einer Party eingeladen hatte.;Es lässt sich nicht sagen, wie oft Judith einen leckeren Kuchen gemacht hat.;unknown;6;aii;bii;2;neutral;cannot say;False;;;Vor zwei Monaten hat Tina für Judith einen leckeren Kuchen gebacken. Vor zwei Wochen hat Judith wieder einen leckeren Kuchen gemacht, weil sie zu einer Party eingeladen hatte.;Es lässt sich nicht sagen, wie oft Judith einen leckeren Kuchen gemacht hat.;morit/german_xlm_xnli;neutral;1;0.01854456029832363;0.9692464470863342;0.012209008447825909
7_ai_bi1_once_pos;Vor einer Woche hat Judith für Sabine eine fetzige CD zusammengestellt.;Vor drei Tagen hat Sabine wieder eine fetzige CD bekommen, weil sie bei einer Tauschaktion mitgemacht hat.;Sabine hat einmal eine fetzige CD bekommen.;unknown;7;ai;bi;1;positive;once;False;;;Vor einer Woche hat Judith für Sabine eine fetzige CD zusammengestellt. Vor drei Tagen hat Sabine wieder eine fetzige CD bekommen, weil sie bei einer Tauschaktion mitgemacht hat.;Sabine hat einmal eine fetzige CD bekommen.;morit/german_xlm_xnli;entailment;0;0.03463996574282646;0.022659575566649437;0.9427005052566528
7_ai_bi1_twice_pos;Vor einer Woche hat Judith für Sabine eine fetzige CD zusammengestellt.;Vor drei Tagen hat Sabine wieder eine fetzige CD bekommen, weil sie bei einer Tauschaktion mitgemacht hat.;Sabine hat mindestens zweimal eine fetzige CD bekommen.;entailment;7;ai;bi;1;positive;twice;False;;;Vor einer Woche hat Judith für Sabine eine fetzige CD zusammengestellt. Vor drei Tagen hat Sabine wieder eine fetzige CD bekommen, weil sie bei einer Tauschaktion mitgemacht hat.;Sabine hat mindestens zweimal eine fetzige CD bekommen.;morit/german_xlm_xnli;entailment;1;0.002406456507742405;0.03692399710416794;0.9606695771217346
7_ai_bi1_cannot_say_pos;Vor einer Woche hat Judith für Sabine eine fetzige CD zusammengestellt.;Vor drei Tagen hat Sabine wieder eine fetzige CD bekommen, weil sie bei einer Tauschaktion mitgemacht hat.;Es lässt sich nicht sagen, wie oft Sabine eine fetzige CD bekommen hat.;unknown;7;ai;bi;1;positive;cannot say;False;;;Vor einer Woche hat Judith für Sabine eine fetzige CD zusammengestellt. Vor drei Tagen hat Sabine wieder eine fetzige CD bekommen, weil sie bei einer Tauschaktion mitgemacht hat.;Es lässt sich nicht sagen, wie oft Sabine eine fetzige CD bekommen hat.;morit/german_xlm_xnli;neutral;1;0.04030894115567207;0.9339565634727478;0.02573445253074169
7_ai_bi2_once_neu;Vor einer Woche hat Judith für Sabine eine fetzige CD zusammengestellt.;Vor drei Tagen hat Judith wieder eine fetzige CD bekommen, weil sie bei einer Tauschaktion mitgemacht hat.;Judith hat einmal eine fetzige CD bekommen.;entailment;7;ai;bi;2;neutral;once;False;;;Vor einer Woche hat Judith für Sabine eine fetzige CD zusammengestellt. Vor drei Tagen hat Judith wieder eine fetzige CD bekommen, weil sie bei einer Tauschaktion mitgemacht hat.;Judith hat einmal eine fetzige CD bekommen.;morit/german_xlm_xnli;entailment;1;0.03980783373117447;0.024919802322983742;0.9352723360061646
7_ai_bi2_twice_neu;Vor einer Woche hat Judith für Sabine eine fetzige CD zusammengestellt.;Vor drei Tagen hat Judith wieder eine fetzige CD bekommen, weil sie bei einer Tauschaktion mitgemacht hat.;Judith hat mindestens zweimal eine fetzige CD bekommen.;unknown;7;ai;bi;2;neutral;twice;False;;;Vor einer Woche hat Judith für Sabine eine fetzige CD zusammengestellt. Vor drei Tagen hat Judith wieder eine fetzige CD bekommen, weil sie bei einer Tauschaktion mitgemacht hat.;Judith hat mindestens zweimal eine fetzige CD bekommen.;morit/german_xlm_xnli;entailment;0;0.0022365476470440626;0.03686169534921646;0.9609017372131348
7_ai_bi2_cannot_say_neu;Vor einer Woche hat Judith für Sabine eine fetzige CD zusammengestellt.;Vor drei Tagen hat Judith wieder eine fetzige CD bekommen, weil sie bei einer Tauschaktion mitgemacht hat.;Es lässt sich nicht sagen, wie oft Judith eine fetzige CD bekommen hat.;unknown;7;ai;bi;2;neutral;cannot say;False;;;Vor einer Woche hat Judith für Sabine eine fetzige CD zusammengestellt. Vor drei Tagen hat Judith wieder eine fetzige CD bekommen, weil sie bei einer Tauschaktion mitgemacht hat.;Es lässt sich nicht sagen, wie oft Judith eine fetzige CD bekommen hat.;morit/german_xlm_xnli;neutral;1;0.025232931599020958;0.9561785459518433;0.0185884740203619
7_ai_bii1_once_neu;Vor einer Woche hat Judith für Sabine eine fetzige CD zusammengestellt.;Vor drei Tagen hat Sabine wieder eine fetzige CD gebrannt, weil sie bei einer Tauschaktion mitgemacht hat.;Sabine hat einmal eine fetzige CD gebrannt.;entailment;7;ai;bii;1;neutral;once;False;;;Vor einer Woche hat Judith für Sabine eine fetzige CD zusammengestellt. Vor drei Tagen hat Sabine wieder eine fetzige CD gebrannt, weil sie bei einer Tauschaktion mitgemacht hat.;Sabine hat einmal eine fetzige CD gebrannt.;morit/german_xlm_xnli;entailment;1;0.027643563225865364;0.023036489263176918;0.9493198394775391
7_ai_bii1_twice_neu;Vor einer Woche hat Judith für Sabine eine fetzige CD zusammengestellt.;Vor drei Tagen hat Sabine wieder eine fetzige CD gebrannt, weil sie bei einer Tauschaktion mitgemacht hat.;Sabine hat mindestens zweimal eine fetzige CD gebrannt.;unknown;7;ai;bii;1;neutral;twice;False;;;Vor einer Woche hat Judith für Sabine eine fetzige CD zusammengestellt. Vor drei Tagen hat Sabine wieder eine fetzige CD gebrannt, weil sie bei einer Tauschaktion mitgemacht hat.;Sabine hat mindestens zweimal eine fetzige CD gebrannt.;morit/german_xlm_xnli;entailment;0;0.0030486807227134705;0.05049972981214523;0.9464516043663025
7_ai_bii1_cannot_say_neu;Vor einer Woche hat Judith für Sabine eine fetzige CD zusammengestellt.;Vor drei Tagen hat Sabine wieder eine fetzige CD gebrannt, weil sie bei einer Tauschaktion mitgemacht hat.;Es lässt sich nicht sagen, wie oft Sabine eine fetzige CD gebrannt hat.;unknown;7;ai;bii;1;neutral;cannot say;False;;;Vor einer Woche hat Judith für Sabine eine fetzige CD zusammengestellt. Vor drei Tagen hat Sabine wieder eine fetzige CD gebrannt, weil sie bei einer Tauschaktion mitgemacht hat.;Es lässt sich nicht sagen, wie oft Sabine eine fetzige CD gebrannt hat.;morit/german_xlm_xnli;neutral;1;0.051255326718091965;0.9050649404525757;0.04367969185113907
7_ai_bii2_once_pos;Vor einer Woche hat Judith für Sabine eine fetzige CD zusammengestellt.;Vor drei Tagen hat Judith wieder eine fetzige CD gebrannt, weil sie bei einer Tauschaktion mitgemacht hat.;Judith hat einmal eine fetzige CD gebrannt.;unknown;7;ai;bii;2;positive;once;False;;;Vor einer Woche hat Judith für Sabine eine fetzige CD zusammengestellt. Vor drei Tagen hat Judith wieder eine fetzige CD gebrannt, weil sie bei einer Tauschaktion mitgemacht hat.;Judith hat einmal eine fetzige CD gebrannt.;morit/german_xlm_xnli;entailment;0;0.035581137984991074;0.027613872662186623;0.9368049502372742
7_ai_bii2_twice_pos;Vor einer Woche hat Judith für Sabine eine fetzige CD zusammengestellt.;Vor drei Tagen hat Judith wieder eine fetzige CD gebrannt, weil sie bei einer Tauschaktion mitgemacht hat.;Judith hat mindestens zweimal eine fetzige CD gebrannt.;entailment;7;ai;bii;2;positive;twice;False;;;Vor einer Woche hat Judith für Sabine eine fetzige CD zusammengestellt. Vor drei Tagen hat Judith wieder eine fetzige CD gebrannt, weil sie bei einer Tauschaktion mitgemacht hat.;Judith hat mindestens zweimal eine fetzige CD gebrannt.;morit/german_xlm_xnli;entailment;1;0.0029246078338474035;0.051199719309806824;0.9458756446838379
7_ai_bii2_cannot_say_pos;Vor einer Woche hat Judith für Sabine eine fetzige CD zusammengestellt.;Vor drei Tagen hat Judith wieder eine fetzige CD gebrannt, weil sie bei einer Tauschaktion mitgemacht hat.;Es lässt sich nicht sagen, wie oft Judith eine fetzige CD gebrannt hat.;unknown;7;ai;bii;2;positive;cannot say;False;;;Vor einer Woche hat Judith für Sabine eine fetzige CD zusammengestellt. Vor drei Tagen hat Judith wieder eine fetzige CD gebrannt, weil sie bei einer Tauschaktion mitgemacht hat.;Es lässt sich nicht sagen, wie oft Judith eine fetzige CD gebrannt hat.;morit/german_xlm_xnli;neutral;1;0.03846832737326622;0.919949471950531;0.04158230125904083
7_aii_bi1_once_neu;Vor einer Woche hat Sabine für Judith eine fetzige CD zusammengestellt.;Vor drei Tagen hat Sabine wieder eine fetzige CD bekommen, weil sie bei einer Tauschaktion mitgemacht hat.;Sabine hat einmal eine fetzige CD bekommen.;entailment;7;aii;bi;1;neutral;once;False;;;Vor einer Woche hat Sabine für Judith eine fetzige CD zusammengestellt. Vor drei Tagen hat Sabine wieder eine fetzige CD bekommen, weil sie bei einer Tauschaktion mitgemacht hat.;Sabine hat einmal eine fetzige CD bekommen.;morit/german_xlm_xnli;entailment;1;0.03455079346895218;0.02450241893529892;0.9409467577934265
7_aii_bi1_twice_neu;Vor einer Woche hat Sabine für Judith eine fetzige CD zusammengestellt.;Vor drei Tagen hat Sabine wieder eine fetzige CD bekommen, weil sie bei einer Tauschaktion mitgemacht hat.;Sabine hat mindestens zweimal eine fetzige CD bekommen.;unknown;7;aii;bi;1;neutral;twice;False;;;Vor einer Woche hat Sabine für Judith eine fetzige CD zusammengestellt. Vor drei Tagen hat Sabine wieder eine fetzige CD bekommen, weil sie bei einer Tauschaktion mitgemacht hat.;Sabine hat mindestens zweimal eine fetzige CD bekommen.;morit/german_xlm_xnli;entailment;0;0.002381411846727133;0.03731805086135864;0.9603005051612854
7_aii_bi1_cannot_say_neu;Vor einer Woche hat Sabine für Judith eine fetzige CD zusammengestellt.;Vor drei Tagen hat Sabine wieder eine fetzige CD bekommen, weil sie bei einer Tauschaktion mitgemacht hat.;Es lässt sich nicht sagen, wie oft Sabine eine fetzige CD bekommen hat.;unknown;7;aii;bi;1;neutral;cannot say;False;;;Vor einer Woche hat Sabine für Judith eine fetzige CD zusammengestellt. Vor drei Tagen hat Sabine wieder eine fetzige CD bekommen, weil sie bei einer Tauschaktion mitgemacht hat.;Es lässt sich nicht sagen, wie oft Sabine eine fetzige CD bekommen hat.;morit/german_xlm_xnli;neutral;1;0.03408154100179672;0.9426625370979309;0.023255929350852966
7_aii_bi2_once_pos;Vor einer Woche hat Sabine für Judith eine fetzige CD zusammengestellt.;Vor drei Tagen hat Judith wieder eine fetzige CD bekommen, weil sie bei einer Tauschaktion mitgemacht hat.;Judith hat einmal eine fetzige CD bekommen.;unknown;7;aii;bi;2;positive;once;False;;;Vor einer Woche hat Sabine für Judith eine fetzige CD zusammengestellt. Vor drei Tagen hat Judith wieder eine fetzige CD bekommen, weil sie bei einer Tauschaktion mitgemacht hat.;Judith hat einmal eine fetzige CD bekommen.;morit/german_xlm_xnli;entailment;0;0.03845658898353577;0.02374947816133499;0.9377939105033875
7_aii_bi2_twice_pos;Vor einer Woche hat Sabine für Judith eine fetzige CD zusammengestellt.;Vor drei Tagen hat Judith wieder eine fetzige CD bekommen, weil sie bei einer Tauschaktion mitgemacht hat.;Judith hat mindestens zweimal eine fetzige CD bekommen.;entailment;7;aii;bi;2;positive;twice;False;;;Vor einer Woche hat Sabine für Judith eine fetzige CD zusammengestellt. Vor drei Tagen hat Judith wieder eine fetzige CD bekommen, weil sie bei einer Tauschaktion mitgemacht hat.;Judith hat mindestens zweimal eine fetzige CD bekommen.;morit/german_xlm_xnli;entailment;1;0.0023405752144753933;0.03536631539463997;0.9622930884361267
7_aii_bi2_cannot_say_pos;Vor einer Woche hat Sabine für Judith eine fetzige CD zusammengestellt.;Vor drei Tagen hat Judith wieder eine fetzige CD bekommen, weil sie bei einer Tauschaktion mitgemacht hat.;Es lässt sich nicht sagen, wie oft Judith eine fetzige CD bekommen hat.;unknown;7;aii;bi;2;positive;cannot say;False;;;Vor einer Woche hat Sabine für Judith eine fetzige CD zusammengestellt. Vor drei Tagen hat Judith wieder eine fetzige CD bekommen, weil sie bei einer Tauschaktion mitgemacht hat.;Es lässt sich nicht sagen, wie oft Judith eine fetzige CD bekommen hat.;morit/german_xlm_xnli;neutral;1;0.03222008794546127;0.943854808807373;0.023925092071294785
7_aii_bii1_once_pos;Vor einer Woche hat Sabine für Judith eine fetzige CD zusammengestellt.;Vor drei Tagen hat Sabine wieder eine fetzige CD gebrannt, weil sie bei einer Tauschaktion mitgemacht hat.;Sabine hat einmal eine fetzige CD gebrannt.;unknown;7;aii;bii;1;positive;once;False;;;Vor einer Woche hat Sabine für Judith eine fetzige CD zusammengestellt. Vor drei Tagen hat Sabine wieder eine fetzige CD gebrannt, weil sie bei einer Tauschaktion mitgemacht hat.;Sabine hat einmal eine fetzige CD gebrannt.;morit/german_xlm_xnli;entailment;0;0.03210422769188881;0.025627082213759422;0.9422686696052551
7_aii_bii1_twice_pos;Vor einer Woche hat Sabine für Judith eine fetzige CD zusammengestellt.;Vor drei Tagen hat Sabine wieder eine fetzige CD gebrannt, weil sie bei einer Tauschaktion mitgemacht hat.;Sabine hat mindestens zweimal eine fetzige CD gebrannt.;entailment;7;aii;bii;1;positive;twice;False;;;Vor einer Woche hat Sabine für Judith eine fetzige CD zusammengestellt. Vor drei Tagen hat Sabine wieder eine fetzige CD gebrannt, weil sie bei einer Tauschaktion mitgemacht hat.;Sabine hat mindestens zweimal eine fetzige CD gebrannt.;morit/german_xlm_xnli;entailment;1;0.003043615259230137;0.05124491825699806;0.9457115530967712
7_aii_bii1_cannot_say_pos;Vor einer Woche hat Sabine für Judith eine fetzige CD zusammengestellt.;Vor drei Tagen hat Sabine wieder eine fetzige CD gebrannt, weil sie bei einer Tauschaktion mitgemacht hat.;Es lässt sich nicht sagen, wie oft Sabine eine fetzige CD gebrannt hat.;unknown;7;aii;bii;1;positive;cannot say;False;;;Vor einer Woche hat Sabine für Judith eine fetzige CD zusammengestellt. Vor drei Tagen hat Sabine wieder eine fetzige CD gebrannt, weil sie bei einer Tauschaktion mitgemacht hat.;Es lässt sich nicht sagen, wie oft Sabine eine fetzige CD gebrannt hat.;morit/german_xlm_xnli;neutral;1;0.03675922006368637;0.9250670671463013;0.038173649460077286
7_aii_bii2_once_neu;Vor einer Woche hat Sabine für Judith eine fetzige CD zusammengestellt.;Vor drei Tagen hat Judith wieder eine fetzige CD gebrannt, weil sie bei einer Tauschaktion mitgemacht hat.;Judith hat einmal eine fetzige CD gebrannt.;entailment;7;aii;bii;2;neutral;once;False;;;Vor einer Woche hat Sabine für Judith eine fetzige CD zusammengestellt. Vor drei Tagen hat Judith wieder eine fetzige CD gebrannt, weil sie bei einer Tauschaktion mitgemacht hat.;Judith hat einmal eine fetzige CD gebrannt.;morit/german_xlm_xnli;entailment;1;0.029806451871991158;0.024445710703730583;0.9457477927207947
7_aii_bii2_twice_neu;Vor einer Woche hat Sabine für Judith eine fetzige CD zusammengestellt.;Vor drei Tagen hat Judith wieder eine fetzige CD gebrannt, weil sie bei einer Tauschaktion mitgemacht hat.;Judith hat mindestens zweimal eine fetzige CD gebrannt.;unknown;7;aii;bii;2;neutral;twice;False;;;Vor einer Woche hat Sabine für Judith eine fetzige CD zusammengestellt. Vor drei Tagen hat Judith wieder eine fetzige CD gebrannt, weil sie bei einer Tauschaktion mitgemacht hat.;Judith hat mindestens zweimal eine fetzige CD gebrannt.;morit/german_xlm_xnli;entailment;0;0.0028963249642401934;0.048466604202985764;0.9486369490623474
7_aii_bii2_cannot_say_neu;Vor einer Woche hat Sabine für Judith eine fetzige CD zusammengestellt.;Vor drei Tagen hat Judith wieder eine fetzige CD gebrannt, weil sie bei einer Tauschaktion mitgemacht hat.;Es lässt sich nicht sagen, wie oft Judith eine fetzige CD gebrannt hat.;unknown;7;aii;bii;2;neutral;cannot say;False;;;Vor einer Woche hat Sabine für Judith eine fetzige CD zusammengestellt. Vor drei Tagen hat Judith wieder eine fetzige CD gebrannt, weil sie bei einer Tauschaktion mitgemacht hat.;Es lässt sich nicht sagen, wie oft Judith eine fetzige CD gebrannt hat.;morit/german_xlm_xnli;neutral;1;0.05136334151029587;0.895047128200531;0.053589578717947006
8_ai_bi1_once_pos;Letzten Monat hat Judith bei Linda eine neue Blume im Garten eingepflanzt.;Vor einer Woche hat Linda wieder eine neue Blume bekommen, weil sie von einer Rosensorte begeistert ist.;Linda hat einmal eine neue Blume bekommen.;unknown;8;ai;bi;1;positive;once;False;;;Letzten Monat hat Judith bei Linda eine neue Blume im Garten eingepflanzt. Vor einer Woche hat Linda wieder eine neue Blume bekommen, weil sie von einer Rosensorte begeistert ist.;Linda hat einmal eine neue Blume bekommen.;morit/german_xlm_xnli;entailment;0;0.04160809516906738;0.02388719469308853;0.9345047473907471
8_ai_bi1_twice_pos;Letzten Monat hat Judith bei Linda eine neue Blume im Garten eingepflanzt.;Vor einer Woche hat Linda wieder eine neue Blume bekommen, weil sie von einer Rosensorte begeistert ist.;Linda hat mindestens zweimal eine neue Blume bekommen.;entailment;8;ai;bi;1;positive;twice;False;;;Letzten Monat hat Judith bei Linda eine neue Blume im Garten eingepflanzt. Vor einer Woche hat Linda wieder eine neue Blume bekommen, weil sie von einer Rosensorte begeistert ist.;Linda hat mindestens zweimal eine neue Blume bekommen.;morit/german_xlm_xnli;entailment;1;0.0023419694043695927;0.045828551054000854;0.9518295526504517
8_ai_bi1_cannot_say_pos;Letzten Monat hat Judith bei Linda eine neue Blume im Garten eingepflanzt.;Vor einer Woche hat Linda wieder eine neue Blume bekommen, weil sie von einer Rosensorte begeistert ist.;Es lässt sich nicht sagen, wie oft Linda eine neue Blume bekommen hat.;unknown;8;ai;bi;1;positive;cannot say;False;;;Letzten Monat hat Judith bei Linda eine neue Blume im Garten eingepflanzt. Vor einer Woche hat Linda wieder eine neue Blume bekommen, weil sie von einer Rosensorte begeistert ist.;Es lässt sich nicht sagen, wie oft Linda eine neue Blume bekommen hat.;morit/german_xlm_xnli;neutral;1;0.03787130117416382;0.9449139833450317;0.01721465401351452
8_ai_bi2_once_neu;Letzten Monat hat Judith bei Linda eine neue Blume im Garten eingepflanzt.;Vor einer Woche hat Judith wieder eine neue Blume bekommen, weil sie von einer Rosensorte begeistert ist.;Judith hat einmal eine neue Blume bekommen.;entailment;8;ai;bi;2;neutral;once;False;;;Letzten Monat hat Judith bei Linda eine neue Blume im Garten eingepflanzt. Vor einer Woche hat Judith wieder eine neue Blume bekommen, weil sie von einer Rosensorte begeistert ist.;Judith hat einmal eine neue Blume bekommen.;morit/german_xlm_xnli;entailment;1;0.041007548570632935;0.026558134704828262;0.9324343204498291
8_ai_bi2_twice_neu;Letzten Monat hat Judith bei Linda eine neue Blume im Garten eingepflanzt.;Vor einer Woche hat Judith wieder eine neue Blume bekommen, weil sie von einer Rosensorte begeistert ist.;Judith hat mindestens zweimal eine neue Blume bekommen.;unknown;8;ai;bi;2;neutral;twice;False;;;Letzten Monat hat Judith bei Linda eine neue Blume im Garten eingepflanzt. Vor einer Woche hat Judith wieder eine neue Blume bekommen, weil sie von einer Rosensorte begeistert ist.;Judith hat mindestens zweimal eine neue Blume bekommen.;morit/german_xlm_xnli;entailment;0;0.0024230421986430883;0.04322611540555954;0.9543508887290955
8_ai_bi2_cannot_say_neu;Letzten Monat hat Judith bei Linda eine neue Blume im Garten eingepflanzt.;Vor einer Woche hat Judith wieder eine neue Blume bekommen, weil sie von einer Rosensorte begeistert ist.;Es lässt sich nicht sagen, wie oft Judith eine neue Blume bekommen hat.;unknown;8;ai;bi;2;neutral;cannot say;False;;;Letzten Monat hat Judith bei Linda eine neue Blume im Garten eingepflanzt. Vor einer Woche hat Judith wieder eine neue Blume bekommen, weil sie von einer Rosensorte begeistert ist.;Es lässt sich nicht sagen, wie oft Judith eine neue Blume bekommen hat.;morit/german_xlm_xnli;neutral;1;0.037039391696453094;0.9501412510871887;0.012819354422390461
8_ai_bii1_once_neu;Letzten Monat hat Judith bei Linda eine neue Blume im Garten eingepflanzt.;Vor einer Woche hat Linda wieder eine neue Blume eingegraben, weil sie von einer Rosensorte begeistert ist.;Linda hat einmal eine neue Blume eingegraben.;entailment;8;ai;bii;1;neutral;once;False;;;Letzten Monat hat Judith bei Linda eine neue Blume im Garten eingepflanzt. Vor einer Woche hat Linda wieder eine neue Blume eingegraben, weil sie von einer Rosensorte begeistert ist.;Linda hat einmal eine neue Blume eingegraben.;morit/german_xlm_xnli;entailment;1;0.044721148908138275;0.025358686223626137;0.9299201369285583
8_ai_bii1_twice_neu;Letzten Monat hat Judith bei Linda eine neue Blume im Garten eingepflanzt.;Vor einer Woche hat Linda wieder eine neue Blume eingegraben, weil sie von einer Rosensorte begeistert ist.;Linda hat mindestens zweimal eine neue Blume eingegraben.;unknown;8;ai;bii;1;neutral;twice;False;;;Letzten Monat hat Judith bei Linda eine neue Blume im Garten eingepflanzt. Vor einer Woche hat Linda wieder eine neue Blume eingegraben, weil sie von einer Rosensorte begeistert ist.;Linda hat mindestens zweimal eine neue Blume eingegraben.;morit/german_xlm_xnli;entailment;0;0.003342806128785014;0.0408746674656868;0.9557825326919556
8_ai_bii1_cannot_say_neu;Letzten Monat hat Judith bei Linda eine neue Blume im Garten eingepflanzt.;Vor einer Woche hat Linda wieder eine neue Blume eingegraben, weil sie von einer Rosensorte begeistert ist.;Es lässt sich nicht sagen, wie oft Linda eine neue Blume eingegraben hat.;unknown;8;ai;bii;1;neutral;cannot say;False;;;Letzten Monat hat Judith bei Linda eine neue Blume im Garten eingepflanzt. Vor einer Woche hat Linda wieder eine neue Blume eingegraben, weil sie von einer Rosensorte begeistert ist.;Es lässt sich nicht sagen, wie oft Linda eine neue Blume eingegraben hat.;morit/german_xlm_xnli;neutral;1;0.019892465323209763;0.9504756331443787;0.02963184379041195
8_ai_bii2_once_pos;Letzten Monat hat Judith bei Linda eine neue Blume im Garten eingepflanzt.;Vor einer Woche hat Judith wieder eine neue Blume eingegraben, weil sie von einer Rosensorte begeistert ist.;Judith hat einmal eine neue Blume eingegraben.;unknown;8;ai;bii;2;positive;once;False;;;Letzten Monat hat Judith bei Linda eine neue Blume im Garten eingepflanzt. Vor einer Woche hat Judith wieder eine neue Blume eingegraben, weil sie von einer Rosensorte begeistert ist.;Judith hat einmal eine neue Blume eingegraben.;morit/german_xlm_xnli;entailment;0;0.06210973113775253;0.024612214416265488;0.9132781028747559
8_ai_bii2_twice_pos;Letzten Monat hat Judith bei Linda eine neue Blume im Garten eingepflanzt.;Vor einer Woche hat Judith wieder eine neue Blume eingegraben, weil sie von einer Rosensorte begeistert ist.;Judith hat mindestens zweimal eine neue Blume eingegraben.;entailment;8;ai;bii;2;positive;twice;False;;;Letzten Monat hat Judith bei Linda eine neue Blume im Garten eingepflanzt. Vor einer Woche hat Judith wieder eine neue Blume eingegraben, weil sie von einer Rosensorte begeistert ist.;Judith hat mindestens zweimal eine neue Blume eingegraben.;morit/german_xlm_xnli;entailment;1;0.0025972698349505663;0.04453074187040329;0.9528720378875732
8_ai_bii2_cannot_say_pos;Letzten Monat hat Judith bei Linda eine neue Blume im Garten eingepflanzt.;Vor einer Woche hat Judith wieder eine neue Blume eingegraben, weil sie von einer Rosensorte begeistert ist.;Es lässt sich nicht sagen, wie oft Judith eine neue Blume eingegraben hat.;unknown;8;ai;bii;2;positive;cannot say;False;;;Letzten Monat hat Judith bei Linda eine neue Blume im Garten eingepflanzt. Vor einer Woche hat Judith wieder eine neue Blume eingegraben, weil sie von einer Rosensorte begeistert ist.;Es lässt sich nicht sagen, wie oft Judith eine neue Blume eingegraben hat.;morit/german_xlm_xnli;neutral;1;0.020439403131604195;0.9461520910263062;0.0334085188806057
8_aii_bi1_once_neu;Letzten Monat hat Linda bei Judith eine neue Blume im Garten eingepflanzt.;Vor einer Woche hat Linda wieder eine neue Blume bekommen, weil sie von einer Rosensorte begeistert ist.;Linda hat einmal eine neue Blume bekommen.;entailment;8;aii;bi;1;neutral;once;False;;;Letzten Monat hat Linda bei Judith eine neue Blume im Garten eingepflanzt. Vor einer Woche hat Linda wieder eine neue Blume bekommen, weil sie von einer Rosensorte begeistert ist.;Linda hat einmal eine neue Blume bekommen.;morit/german_xlm_xnli;entailment;1;0.046016741544008255;0.024807382375001907;0.9291759729385376
8_aii_bi1_twice_neu;Letzten Monat hat Linda bei Judith eine neue Blume im Garten eingepflanzt.;Vor einer Woche hat Linda wieder eine neue Blume bekommen, weil sie von einer Rosensorte begeistert ist.;Linda hat mindestens zweimal eine neue Blume bekommen.;unknown;8;aii;bi;1;neutral;twice;False;;;Letzten Monat hat Linda bei Judith eine neue Blume im Garten eingepflanzt. Vor einer Woche hat Linda wieder eine neue Blume bekommen, weil sie von einer Rosensorte begeistert ist.;Linda hat mindestens zweimal eine neue Blume bekommen.;morit/german_xlm_xnli;entailment;0;0.0022496383171528578;0.044602345675230026;0.9531480073928833
8_aii_bi1_cannot_say_neu;Letzten Monat hat Linda bei Judith eine neue Blume im Garten eingepflanzt.;Vor einer Woche hat Linda wieder eine neue Blume bekommen, weil sie von einer Rosensorte begeistert ist.;Es lässt sich nicht sagen, wie oft Linda eine neue Blume bekommen hat.;unknown;8;aii;bi;1;neutral;cannot say;False;;;Letzten Monat hat Linda bei Judith eine neue Blume im Garten eingepflanzt. Vor einer Woche hat Linda wieder eine neue Blume bekommen, weil sie von einer Rosensorte begeistert ist.;Es lässt sich nicht sagen, wie oft Linda eine neue Blume bekommen hat.;morit/german_xlm_xnli;neutral;1;0.043246638029813766;0.9372711777687073;0.019482174888253212
8_aii_bi2_once_pos;Letzten Monat hat Linda bei Judith eine neue Blume im Garten eingepflanzt.;Vor einer Woche hat Judith wieder eine neue Blume bekommen, weil sie von einer Rosensorte begeistert ist.;Judith hat einmal eine neue Blume bekommen.;unknown;8;aii;bi;2;positive;once;False;;;Letzten Monat hat Linda bei Judith eine neue Blume im Garten eingepflanzt. Vor einer Woche hat Judith wieder eine neue Blume bekommen, weil sie von einer Rosensorte begeistert ist.;Judith hat einmal eine neue Blume bekommen.;morit/german_xlm_xnli;entailment;0;0.044724639505147934;0.027597179636359215;0.9276781678199768
8_aii_bi2_twice_pos;Letzten Monat hat Linda bei Judith eine neue Blume im Garten eingepflanzt.;Vor einer Woche hat Judith wieder eine neue Blume bekommen, weil sie von einer Rosensorte begeistert ist.;Judith hat mindestens zweimal eine neue Blume bekommen.;entailment;8;aii;bi;2;positive;twice;False;;;Letzten Monat hat Linda bei Judith eine neue Blume im Garten eingepflanzt. Vor einer Woche hat Judith wieder eine neue Blume bekommen, weil sie von einer Rosensorte begeistert ist.;Judith hat mindestens zweimal eine neue Blume bekommen.;morit/german_xlm_xnli;entailment;1;0.0025928837712854147;0.04250582307577133;0.9549012780189514
8_aii_bi2_cannot_say_pos;Letzten Monat hat Linda bei Judith eine neue Blume im Garten eingepflanzt.;Vor einer Woche hat Judith wieder eine neue Blume bekommen, weil sie von einer Rosensorte begeistert ist.;Es lässt sich nicht sagen, wie oft Judith eine neue Blume bekommen hat.;unknown;8;aii;bi;2;positive;cannot say;False;;;Letzten Monat hat Linda bei Judith eine neue Blume im Garten eingepflanzt. Vor einer Woche hat Judith wieder eine neue Blume bekommen, weil sie von einer Rosensorte begeistert ist.;Es lässt sich nicht sagen, wie oft Judith eine neue Blume bekommen hat.;morit/german_xlm_xnli;neutral;1;0.04062940552830696;0.9460828304290771;0.013287704437971115
8_aii_bii1_once_pos;Letzten Monat hat Linda bei Judith eine neue Blume im Garten eingepflanzt.;Vor einer Woche hat Linda wieder eine neue Blume eingegraben, weil sie von einer Rosensorte begeistert ist.;Linda hat einmal eine neue Blume eingegraben.;unknown;8;aii;bii;1;positive;once;False;;;Letzten Monat hat Linda bei Judith eine neue Blume im Garten eingepflanzt. Vor einer Woche hat Linda wieder eine neue Blume eingegraben, weil sie von einer Rosensorte begeistert ist.;Linda hat einmal eine neue Blume eingegraben.;morit/german_xlm_xnli;entailment;0;0.05135023221373558;0.02708755061030388;0.9215622544288635
8_aii_bii1_twice_pos;Letzten Monat hat Linda bei Judith eine neue Blume im Garten eingepflanzt.;Vor einer Woche hat Linda wieder eine neue Blume eingegraben, weil sie von einer Rosensorte begeistert ist.;Linda hat mindestens zweimal eine neue Blume eingegraben.;entailment;8;aii;bii;1;positive;twice;False;;;Letzten Monat hat Linda bei Judith eine neue Blume im Garten eingepflanzt. Vor einer Woche hat Linda wieder eine neue Blume eingegraben, weil sie von einer Rosensorte begeistert ist.;Linda hat mindestens zweimal eine neue Blume eingegraben.;morit/german_xlm_xnli;entailment;1;0.003227060427889228;0.04058901220560074;0.956183910369873
8_aii_bii1_cannot_say_pos;Letzten Monat hat Linda bei Judith eine neue Blume im Garten eingepflanzt.;Vor einer Woche hat Linda wieder eine neue Blume eingegraben, weil sie von einer Rosensorte begeistert ist.;Es lässt sich nicht sagen, wie oft Linda eine neue Blume eingegraben hat.;unknown;8;aii;bii;1;positive;cannot say;False;;;Letzten Monat hat Linda bei Judith eine neue Blume im Garten eingepflanzt. Vor einer Woche hat Linda wieder eine neue Blume eingegraben, weil sie von einer Rosensorte begeistert ist.;Es lässt sich nicht sagen, wie oft Linda eine neue Blume eingegraben hat.;morit/german_xlm_xnli;neutral;1;0.021701546385884285;0.9445685148239136;0.03373001143336296
8_aii_bii2_once_neu;Letzten Monat hat Linda bei Judith eine neue Blume im Garten eingepflanzt.;Vor einer Woche hat Judith wieder eine neue Blume eingegraben, weil sie von einer Rosensorte begeistert ist.;Judith hat einmal eine neue Blume eingegraben.;entailment;8;aii;bii;2;neutral;once;False;;;Letzten Monat hat Linda bei Judith eine neue Blume im Garten eingepflanzt. Vor einer Woche hat Judith wieder eine neue Blume eingegraben, weil sie von einer Rosensorte begeistert ist.;Judith hat einmal eine neue Blume eingegraben.;morit/german_xlm_xnli;entailment;1;0.07108847796916962;0.026794688776135445;0.9021167755126953
8_aii_bii2_twice_neu;Letzten Monat hat Linda bei Judith eine neue Blume im Garten eingepflanzt.;Vor einer Woche hat Judith wieder eine neue Blume eingegraben, weil sie von einer Rosensorte begeistert ist.;Judith hat mindestens zweimal eine neue Blume eingegraben.;unknown;8;aii;bii;2;neutral;twice;False;;;Letzten Monat hat Linda bei Judith eine neue Blume im Garten eingepflanzt. Vor einer Woche hat Judith wieder eine neue Blume eingegraben, weil sie von einer Rosensorte begeistert ist.;Judith hat mindestens zweimal eine neue Blume eingegraben.;morit/german_xlm_xnli;entailment;0;0.0029185726307332516;0.04349265992641449;0.9535887837409973
8_aii_bii2_cannot_say_neu;Letzten Monat hat Linda bei Judith eine neue Blume im Garten eingepflanzt.;Vor einer Woche hat Judith wieder eine neue Blume eingegraben, weil sie von einer Rosensorte begeistert ist.;Es lässt sich nicht sagen, wie oft Judith eine neue Blume eingegraben hat.;unknown;8;aii;bii;2;neutral;cannot say;False;;;Letzten Monat hat Linda bei Judith eine neue Blume im Garten eingepflanzt. Vor einer Woche hat Judith wieder eine neue Blume eingegraben, weil sie von einer Rosensorte begeistert ist.;Es lässt sich nicht sagen, wie oft Judith eine neue Blume eingegraben hat.;morit/german_xlm_xnli;neutral;1;0.022486194968223572;0.942464292049408;0.03504947945475578
9_ai_bi1_once_pos;Vor einem Jahr hat Judith für Timo ein teures Konzertticket bestellt.;Vor vier Wochen hat Timo wieder ein teures Konzertticket bekommen, weil sie mit einem Freund feiern will.;Timo hat einmal ein teures Konzertticket bekommen.;unknown;9;ai;bi;1;positive;once;False;;;Vor einem Jahr hat Judith für Timo ein teures Konzertticket bestellt. Vor vier Wochen hat Timo wieder ein teures Konzertticket bekommen, weil sie mit einem Freund feiern will.;Timo hat einmal ein teures Konzertticket bekommen.;morit/german_xlm_xnli;entailment;0;0.04427821934223175;0.019257836043834686;0.9364639520645142
9_ai_bi1_twice_pos;Vor einem Jahr hat Judith für Timo ein teures Konzertticket bestellt.;Vor vier Wochen hat Timo wieder ein teures Konzertticket bekommen, weil sie mit einem Freund feiern will.;Timo hat mindestens zweimal ein teures Konzertticket bekommen.;entailment;9;ai;bi;1;positive;twice;False;;;Vor einem Jahr hat Judith für Timo ein teures Konzertticket bestellt. Vor vier Wochen hat Timo wieder ein teures Konzertticket bekommen, weil sie mit einem Freund feiern will.;Timo hat mindestens zweimal ein teures Konzertticket bekommen.;morit/german_xlm_xnli;entailment;1;0.002649318426847458;0.054733145982027054;0.9426175355911255
9_ai_bi1_cannot_say_pos;Vor einem Jahr hat Judith für Timo ein teures Konzertticket bestellt.;Vor vier Wochen hat Timo wieder ein teures Konzertticket bekommen, weil sie mit einem Freund feiern will.;Es lässt sich nicht sagen, wie oft Timo ein teures Konzertticket bekommen hat.;unknown;9;ai;bi;1;positive;cannot say;False;;;Vor einem Jahr hat Judith für Timo ein teures Konzertticket bestellt. Vor vier Wochen hat Timo wieder ein teures Konzertticket bekommen, weil sie mit einem Freund feiern will.;Es lässt sich nicht sagen, wie oft Timo ein teures Konzertticket bekommen hat.;morit/german_xlm_xnli;neutral;1;0.060720182955265045;0.8899564743041992;0.049323342740535736
9_ai_bi2_once_neu;Vor einem Jahr hat Judith für Timo ein teures Konzertticket bestellt.;Vor vier Wochen hat Judith wieder ein teures Konzertticket bekommen, weil er mit einem Freund feiern will.;Judith hat einmal ein teures Konzertticket bekommen.;entailment;9;ai;bi;2;neutral;once;False;;;Vor einem Jahr hat Judith für Timo ein teures Konzertticket bestellt. Vor vier Wochen hat Judith wieder ein teures Konzertticket bekommen, weil er mit einem Freund feiern will.;Judith hat einmal ein teures Konzertticket bekommen.;morit/german_xlm_xnli;entailment;1;0.034353237599134445;0.014775632880628109;0.9508711099624634
9_ai_bi2_twice_neu;Vor einem Jahr hat Judith für Timo ein teures Konzertticket bestellt.;Vor vier Wochen hat Judith wieder ein teures Konzertticket bekommen, weil er mit einem Freund feiern will.;Judith hat mindestens zweimal ein teures Konzertticket bekommen.;unknown;9;ai;bi;2;neutral;twice;False;;;Vor einem Jahr hat Judith für Timo ein teures Konzertticket bestellt. Vor vier Wochen hat Judith wieder ein teures Konzertticket bekommen, weil er mit einem Freund feiern will.;Judith hat mindestens zweimal ein teures Konzertticket bekommen.;morit/german_xlm_xnli;entailment;0;0.0020535485818982124;0.0313129723072052;0.9666334986686707
9_ai_bi2_cannot_say_neu;Vor einem Jahr hat Judith für Timo ein teures Konzertticket bestellt.;Vor vier Wochen hat Judith wieder ein teures Konzertticket bekommen, weil er mit einem Freund feiern will.;Es lässt sich nicht sagen, wie oft Judith ein teures Konzertticket bekommen hat.;unknown;9;ai;bi;2;neutral;cannot say;False;;;Vor einem Jahr hat Judith für Timo ein teures Konzertticket bestellt. Vor vier Wochen hat Judith wieder ein teures Konzertticket bekommen, weil er mit einem Freund feiern will.;Es lässt sich nicht sagen, wie oft Judith ein teures Konzertticket bekommen hat.;morit/german_xlm_xnli;neutral;1;0.0595800057053566;0.8937399983406067;0.046679943799972534
9_ai_bii1_once_neu;Vor einem Jahr hat Judith für Timo ein teures Konzertticket bestellt.;Vor vier Wochen hat Timo wieder ein teures Konzertticket erworben, weil sie mit einem Freund feiern will.;Timo hat einmal ein teures Konzertticket erworben.;entailment;9;ai;bii;1;neutral;once;False;;;Vor einem Jahr hat Judith für Timo ein teures Konzertticket bestellt. Vor vier Wochen hat Timo wieder ein teures Konzertticket erworben, weil sie mit einem Freund feiern will.;Timo hat einmal ein teures Konzertticket erworben.;morit/german_xlm_xnli;entailment;1;0.03093552403151989;0.01946863904595375;0.9495959281921387
9_ai_bii1_twice_neu;Vor einem Jahr hat Judith für Timo ein teures Konzertticket bestellt.;Vor vier Wochen hat Timo wieder ein teures Konzertticket erworben, weil sie mit einem Freund feiern will.;Timo hat mindestens zweimal ein teures Konzertticket erworben.;unknown;9;ai;bii;1;neutral;twice;False;;;Vor einem Jahr hat Judith für Timo ein teures Konzertticket bestellt. Vor vier Wochen hat Timo wieder ein teures Konzertticket erworben, weil sie mit einem Freund feiern will.;Timo hat mindestens zweimal ein teures Konzertticket erworben.;morit/german_xlm_xnli;entailment;0;0.002901402534916997;0.05412273854017258;0.9429758191108704
9_ai_bii1_cannot_say_neu;Vor einem Jahr hat Judith für Timo ein teures Konzertticket bestellt.;Vor vier Wochen hat Timo wieder ein teures Konzertticket erworben, weil sie mit einem Freund feiern will.;Es lässt sich nicht sagen, wie oft Timo ein teures Konzertticket erworben hat.;unknown;9;ai;bii;1;neutral;cannot say;False;;;Vor einem Jahr hat Judith für Timo ein teures Konzertticket bestellt. Vor vier Wochen hat Timo wieder ein teures Konzertticket erworben, weil sie mit einem Freund feiern will.;Es lässt sich nicht sagen, wie oft Timo ein teures Konzertticket erworben hat.;morit/german_xlm_xnli;neutral;1;0.058668721467256546;0.8794373273849487;0.06189398095011711
9_ai_bii2_once_pos;Vor einem Jahr hat Judith für Timo ein teures Konzertticket bestellt.;Vor vier Wochen hat Judith wieder ein teures Konzertticket erworben, weil er mit einem Freund feiern will.;Judith hat einmal ein teures Konzertticket erworben.;unknown;9;ai;bii;2;positive;once;False;;;Vor einem Jahr hat Judith für Timo ein teures Konzertticket bestellt. Vor vier Wochen hat Judith wieder ein teures Konzertticket erworben, weil er mit einem Freund feiern will.;Judith hat einmal ein teures Konzertticket erworben.;morit/german_xlm_xnli;entailment;0;0.025324298068881035;0.014440267346799374;0.9602354168891907
9_ai_bii2_twice_pos;Vor einem Jahr hat Judith für Timo ein teures Konzertticket bestellt.;Vor vier Wochen hat Judith wieder ein teures Konzertticket erworben, weil er mit einem Freund feiern will.;Judith hat mindestens zweimal ein teures Konzertticket erworben.;entailment;9;ai;bii;2;positive;twice;False;;;Vor einem Jahr hat Judith für Timo ein teures Konzertticket bestellt. Vor vier Wochen hat Judith wieder ein teures Konzertticket erworben, weil er mit einem Freund feiern will.;Judith hat mindestens zweimal ein teures Konzertticket erworben.;morit/german_xlm_xnli;entailment;1;0.0022034042049199343;0.03136707469820976;0.9664294719696045
9_ai_bii2_cannot_say_pos;Vor einem Jahr hat Judith für Timo ein teures Konzertticket bestellt.;Vor vier Wochen hat Judith wieder ein teures Konzertticket erworben, weil er mit einem Freund feiern will.;Es lässt sich nicht sagen, wie oft Judith ein teures Konzertticket erworben hat.;unknown;9;ai;bii;2;positive;cannot say;False;;;Vor einem Jahr hat Judith für Timo ein teures Konzertticket bestellt. Vor vier Wochen hat Judith wieder ein teures Konzertticket erworben, weil er mit einem Freund feiern will.;Es lässt sich nicht sagen, wie oft Judith ein teures Konzertticket erworben hat.;morit/german_xlm_xnli;neutral;1;0.05973638966679573;0.872712254524231;0.06755135953426361
9_aii_bi1_once_neu;Vor einem Jahr hat Timo für Judith ein teures Konzertticket bestellt.;Vor vier Wochen hat Timo wieder ein teures Konzertticket bekommen, weil sie mit einem Freund feiern will.;Timo hat einmal ein teures Konzertticket bekommen.;entailment;9;aii;bi;1;neutral;once;False;;;Vor einem Jahr hat Timo für Judith ein teures Konzertticket bestellt. Vor vier Wochen hat Timo wieder ein teures Konzertticket bekommen, weil sie mit einem Freund feiern will.;Timo hat einmal ein teures Konzertticket bekommen.;morit/german_xlm_xnli;entailment;1;0.03762051463127136;0.0179424025118351;0.9444370865821838
9_aii_bi1_twice_neu;Vor einem Jahr hat Timo für Judith ein teures Konzertticket bestellt.;Vor vier Wochen hat Timo wieder ein teures Konzertticket bekommen, weil sie mit einem Freund feiern will.;Timo hat mindestens zweimal ein teures Konzertticket bekommen.;unknown;9;aii;bi;1;neutral;twice;False;;;Vor einem Jahr hat Timo für Judith ein teures Konzertticket bestellt. Vor vier Wochen hat Timo wieder ein teures Konzertticket bekommen, weil sie mit einem Freund feiern will.;Timo hat mindestens zweimal ein teures Konzertticket bekommen.;morit/german_xlm_xnli;entailment;0;0.002562284469604492;0.04988579452037811;0.9475519061088562
9_aii_bi1_cannot_say_neu;Vor einem Jahr hat Timo für Judith ein teures Konzertticket bestellt.;Vor vier Wochen hat Timo wieder ein teures Konzertticket bekommen, weil sie mit einem Freund feiern will.;Es lässt sich nicht sagen, wie oft Timo ein teures Konzertticket bekommen hat.;unknown;9;aii;bi;1;neutral;cannot say;False;;;Vor einem Jahr hat Timo für Judith ein teures Konzertticket bestellt. Vor vier Wochen hat Timo wieder ein teures Konzertticket bekommen, weil sie mit einem Freund feiern will.;Es lässt sich nicht sagen, wie oft Timo ein teures Konzertticket bekommen hat.;morit/german_xlm_xnli;neutral;1;0.045330069959163666;0.9176350831985474;0.03703481703996658
9_aii_bi2_once_pos;Vor einem Jahr hat Timo für Judith ein teures Konzertticket bestellt.;Vor vier Wochen hat Judith wieder ein teures Konzertticket bekommen, weil er mit einem Freund feiern will.;Judith hat einmal ein teures Konzertticket bekommen.;unknown;9;aii;bi;2;positive;once;False;;;Vor einem Jahr hat Timo für Judith ein teures Konzertticket bestellt. Vor vier Wochen hat Judith wieder ein teures Konzertticket bekommen, weil er mit einem Freund feiern will.;Judith hat einmal ein teures Konzertticket bekommen.;morit/german_xlm_xnli;entailment;0;0.042091794312000275;0.01599930040538311;0.9419089555740356
9_aii_bi2_twice_pos;Vor einem Jahr hat Timo für Judith ein teures Konzertticket bestellt.;Vor vier Wochen hat Judith wieder ein teures Konzertticket bekommen, weil er mit einem Freund feiern will.;Judith hat mindestens zweimal ein teures Konzertticket bekommen.;entailment;9;aii;bi;2;positive;twice;False;;;Vor einem Jahr hat Timo für Judith ein teures Konzertticket bestellt. Vor vier Wochen hat Judith wieder ein teures Konzertticket bekommen, weil er mit einem Freund feiern will.;Judith hat mindestens zweimal ein teures Konzertticket bekommen.;morit/german_xlm_xnli;entailment;1;0.002140945754945278;0.03158605843782425;0.9662730693817139
9_aii_bi2_cannot_say_pos;Vor einem Jahr hat Timo für Judith ein teures Konzertticket bestellt.;Vor vier Wochen hat Judith wieder ein teures Konzertticket bekommen, weil er mit einem Freund feiern will.;Es lässt sich nicht sagen, wie oft Judith ein teures Konzertticket bekommen hat.;unknown;9;aii;bi;2;positive;cannot say;False;;;Vor einem Jahr hat Timo für Judith ein teures Konzertticket bestellt. Vor vier Wochen hat Judith wieder ein teures Konzertticket bekommen, weil er mit einem Freund feiern will.;Es lässt sich nicht sagen, wie oft Judith ein teures Konzertticket bekommen hat.;morit/german_xlm_xnli;neutral;1;0.07667718082666397;0.8714497685432434;0.05187308043241501
9_aii_bii1_once_pos;Vor einem Jahr hat Timo für Judith ein teures Konzertticket bestellt.;Vor vier Wochen hat Timo wieder ein teures Konzertticket erworben, weil sie mit einem Freund feiern will.;Timo hat einmal ein teures Konzertticket erworben.;unknown;9;aii;bii;1;positive;once;False;;;Vor einem Jahr hat Timo für Judith ein teures Konzertticket bestellt. Vor vier Wochen hat Timo wieder ein teures Konzertticket erworben, weil sie mit einem Freund feiern will.;Timo hat einmal ein teures Konzertticket erworben.;morit/german_xlm_xnli;entailment;0;0.024473506957292557;0.01737281307578087;0.9581537246704102
9_aii_bii1_twice_pos;Vor einem Jahr hat Timo für Judith ein teures Konzertticket bestellt.;Vor vier Wochen hat Timo wieder ein teures Konzertticket erworben, weil sie mit einem Freund feiern will.;Timo hat mindestens zweimal ein teures Konzertticket erworben.;entailment;9;aii;bii;1;positive;twice;False;;;Vor einem Jahr hat Timo für Judith ein teures Konzertticket bestellt. Vor vier Wochen hat Timo wieder ein teures Konzertticket erworben, weil sie mit einem Freund feiern will.;Timo hat mindestens zweimal ein teures Konzertticket erworben.;morit/german_xlm_xnli;entailment;1;0.002710711443796754;0.04921024292707443;0.9480791091918945
9_aii_bii1_cannot_say_pos;Vor einem Jahr hat Timo für Judith ein teures Konzertticket bestellt.;Vor vier Wochen hat Timo wieder ein teures Konzertticket erworben, weil sie mit einem Freund feiern will.;Es lässt sich nicht sagen, wie oft Timo ein teures Konzertticket erworben hat.;unknown;9;aii;bii;1;positive;cannot say;False;;;Vor einem Jahr hat Timo für Judith ein teures Konzertticket bestellt. Vor vier Wochen hat Timo wieder ein teures Konzertticket erworben, weil sie mit einem Freund feiern will.;Es lässt sich nicht sagen, wie oft Timo ein teures Konzertticket erworben hat.;morit/german_xlm_xnli;neutral;1;0.04087173193693161;0.9111292958259583;0.04799894243478775
9_aii_bii2_once_neu;Vor einem Jahr hat Timo für Judith ein teures Konzertticket bestellt.;Vor vier Wochen hat Judith wieder ein teures Konzertticket erworben, weil er mit einem Freund feiern will.;Judith hat einmal ein teures Konzertticket erworben.;entailment;9;aii;bii;2;neutral;once;False;;;Vor einem Jahr hat Timo für Judith ein teures Konzertticket bestellt. Vor vier Wochen hat Judith wieder ein teures Konzertticket erworben, weil er mit einem Freund feiern will.;Judith hat einmal ein teures Konzertticket erworben.;morit/german_xlm_xnli;entailment;1;0.030016671866178513;0.015494908206164837;0.9544885158538818
9_aii_bii2_twice_neu;Vor einem Jahr hat Timo für Judith ein teures Konzertticket bestellt.;Vor vier Wochen hat Judith wieder ein teures Konzertticket erworben, weil er mit einem Freund feiern will.;Judith hat mindestens zweimal ein teures Konzertticket erworben.;unknown;9;aii;bii;2;neutral;twice;False;;;Vor einem Jahr hat Timo für Judith ein teures Konzertticket bestellt. Vor vier Wochen hat Judith wieder ein teures Konzertticket erworben, weil er mit einem Freund feiern will.;Judith hat mindestens zweimal ein teures Konzertticket erworben.;morit/german_xlm_xnli;entailment;0;0.002310162177309394;0.03161102533340454;0.9660788774490356
9_aii_bii2_cannot_say_neu;Vor einem Jahr hat Timo für Judith ein teures Konzertticket bestellt.;Vor vier Wochen hat Judith wieder ein teures Konzertticket erworben, weil er mit einem Freund feiern will.;Es lässt sich nicht sagen, wie oft Judith ein teures Konzertticket erworben hat.;unknown;9;aii;bii;2;neutral;cannot say;False;;;Vor einem Jahr hat Timo für Judith ein teures Konzertticket bestellt. Vor vier Wochen hat Judith wieder ein teures Konzertticket erworben, weil er mit einem Freund feiern will.;Es lässt sich nicht sagen, wie oft Judith ein teures Konzertticket erworben hat.;morit/german_xlm_xnli;neutral;1;0.07468072324991226;0.8534209132194519;0.07189835608005524
10_ai_bi1_once_pos;Letztes Semester hat Greta Judith einen kleinen Spickzettel zukommen lassen.;Vor fünf Tagen hat Judith wieder einen kleinen Spickzettel erhalten, als sie an einer Klausur teilgenommen hat.;Judith hat einmal einen kleinen Spickzettel erhalten.;unknown;10;ai;bi;1;positive;once;False;;;Letztes Semester hat Greta Judith einen kleinen Spickzettel zukommen lassen. Vor fünf Tagen hat Judith wieder einen kleinen Spickzettel erhalten, als sie an einer Klausur teilgenommen hat.;Judith hat einmal einen kleinen Spickzettel erhalten.;morit/german_xlm_xnli;entailment;0;0.00606933981180191;0.014479050412774086;0.9794517159461975
10_ai_bi1_twice_pos;Letztes Semester hat Greta Judith einen kleinen Spickzettel zukommen lassen.;Vor fünf Tagen hat Judith wieder einen kleinen Spickzettel erhalten, als sie an einer Klausur teilgenommen hat.;Judith hat mindestens zweimal einen kleinen Spickzettel erhalten.;entailment;10;ai;bi;1;positive;twice;False;;;Letztes Semester hat Greta Judith einen kleinen Spickzettel zukommen lassen. Vor fünf Tagen hat Judith wieder einen kleinen Spickzettel erhalten, als sie an einer Klausur teilgenommen hat.;Judith hat mindestens zweimal einen kleinen Spickzettel erhalten.;morit/german_xlm_xnli;entailment;1;0.0020955351646989584;0.07346868515014648;0.9244357347488403
10_ai_bi1_cannot_say_pos;Letztes Semester hat Greta Judith einen kleinen Spickzettel zukommen lassen.;Vor fünf Tagen hat Judith wieder einen kleinen Spickzettel erhalten, als sie an einer Klausur teilgenommen hat.;Es lässt sich nicht sagen, wie oft Judith einen kleinen Spickzettel erhalten hat.;unknown;10;ai;bi;1;positive;cannot say;False;;;Letztes Semester hat Greta Judith einen kleinen Spickzettel zukommen lassen. Vor fünf Tagen hat Judith wieder einen kleinen Spickzettel erhalten, als sie an einer Klausur teilgenommen hat.;Es lässt sich nicht sagen, wie oft Judith einen kleinen Spickzettel erhalten hat.;morit/german_xlm_xnli;neutral;1;0.006756046321243048;0.9900575280189514;0.0031863839831203222
10_ai_bi2_once_neu;Letztes Semester hat Greta Judith einen kleinen Spickzettel zukommen lassen.;Vor fünf Tagen hat Greta wieder einen kleinen Spickzettel erhalten, als sie an einer Klausur teilgenommen hat.;Greta hat einmal einen kleinen Spickzettel erhalten.;entailment;10;ai;bi;2;neutral;once;False;;;Letztes Semester hat Greta Judith einen kleinen Spickzettel zukommen lassen. Vor fünf Tagen hat Greta wieder einen kleinen Spickzettel erhalten, als sie an einer Klausur teilgenommen hat.;Greta hat einmal einen kleinen Spickzettel erhalten.;morit/german_xlm_xnli;entailment;1;0.007692747749388218;0.016213294118642807;0.9760939478874207
10_ai_bi2_twice_neu;Letztes Semester hat Greta Judith einen kleinen Spickzettel zukommen lassen.;Vor fünf Tagen hat Greta wieder einen kleinen Spickzettel erhalten, als sie an einer Klausur teilgenommen hat.;Greta hat mindestens zweimal einen kleinen Spickzettel erhalten.;unknown;10;ai;bi;2;neutral;twice;False;;;Letztes Semester hat Greta Judith einen kleinen Spickzettel zukommen lassen. Vor fünf Tagen hat Greta wieder einen kleinen Spickzettel erhalten, als sie an einer Klausur teilgenommen hat.;Greta hat mindestens zweimal einen kleinen Spickzettel erhalten.;morit/german_xlm_xnli;entailment;0;0.0025135211180895567;0.08381780236959457;0.913668692111969
10_ai_bi2_cannot_say_neu;Letztes Semester hat Greta Judith einen kleinen Spickzettel zukommen lassen.;Vor fünf Tagen hat Greta wieder einen kleinen Spickzettel erhalten, als sie an einer Klausur teilgenommen hat.;Es lässt sich nicht sagen, wie oft Greta einen kleinen Spickzettel erhalten hat.;unknown;10;ai;bi;2;neutral;cannot say;False;;;Letztes Semester hat Greta Judith einen kleinen Spickzettel zukommen lassen. Vor fünf Tagen hat Greta wieder einen kleinen Spickzettel erhalten, als sie an einer Klausur teilgenommen hat.;Es lässt sich nicht sagen, wie oft Greta einen kleinen Spickzettel erhalten hat.;morit/german_xlm_xnli;neutral;1;0.0074462504126131535;0.9893131852149963;0.003240627935156226
10_ai_bii1_once_neu;Letztes Semester hat Greta Judith einen kleinen Spickzettel zukommen lassen.;Vor fünf Tagen hat Judith wieder einen kleinen Spickzettel weitergegeben, als sie an einer Klausur teilgenommen hat.;Judith hat einmal einen kleinen Spickzettel weitergegeben.;entailment;10;ai;bii;1;neutral;once;False;;;Letztes Semester hat Greta Judith einen kleinen Spickzettel zukommen lassen. Vor fünf Tagen hat Judith wieder einen kleinen Spickzettel weitergegeben, als sie an einer Klausur teilgenommen hat.;Judith hat einmal einen kleinen Spickzettel weitergegeben.;morit/german_xlm_xnli;entailment;1;0.007016467396169901;0.013656901195645332;0.979326605796814
10_ai_bii1_twice_neu;Letztes Semester hat Greta Judith einen kleinen Spickzettel zukommen lassen.;Vor fünf Tagen hat Judith wieder einen kleinen Spickzettel weitergegeben, als sie an einer Klausur teilgenommen hat.;Judith hat mindestens zweimal einen kleinen Spickzettel weitergegeben.;unknown;10;ai;bii;1;neutral;twice;False;;;Letztes Semester hat Greta Judith einen kleinen Spickzettel zukommen lassen. Vor fünf Tagen hat Judith wieder einen kleinen Spickzettel weitergegeben, als sie an einer Klausur teilgenommen hat.;Judith hat mindestens zweimal einen kleinen Spickzettel weitergegeben.;morit/german_xlm_xnli;entailment;0;0.0019683032296597958;0.08713644742965698;0.9108952879905701
10_ai_bii1_cannot_say_neu;Letztes Semester hat Greta Judith einen kleinen Spickzettel zukommen lassen.;Vor fünf Tagen hat Judith wieder einen kleinen Spickzettel weitergegeben, als sie an einer Klausur teilgenommen hat.;Es lässt sich nicht sagen, wie oft Judith einen kleinen Spickzettel weitergegeben hat.;unknown;10;ai;bii;1;neutral;cannot say;False;;;Letztes Semester hat Greta Judith einen kleinen Spickzettel zukommen lassen. Vor fünf Tagen hat Judith wieder einen kleinen Spickzettel weitergegeben, als sie an einer Klausur teilgenommen hat.;Es lässt sich nicht sagen, wie oft Judith einen kleinen Spickzettel weitergegeben hat.;morit/german_xlm_xnli;neutral;1;0.0037286896258592606;0.990693986415863;0.005577337462455034
10_ai_bii2_once_pos;Letztes Semester hat Greta Judith einen kleinen Spickzettel zukommen lassen.;Vor fünf Tagen hat Greta wieder einen kleinen Spickzettel weitergegeben, als sie an einer Klausur teilgenommen hat.;Greta hat einmal einen kleinen Spickzettel weitergegeben.;unknown;10;ai;bii;2;positive;once;False;;;Letztes Semester hat Greta Judith einen kleinen Spickzettel zukommen lassen. Vor fünf Tagen hat Greta wieder einen kleinen Spickzettel weitergegeben, als sie an einer Klausur teilgenommen hat.;Greta hat einmal einen kleinen Spickzettel weitergegeben.;morit/german_xlm_xnli;entailment;0;0.008616436272859573;0.015581236220896244;0.9758023619651794
10_ai_bii2_twice_pos;Letztes Semester hat Greta Judith einen kleinen Spickzettel zukommen lassen.;Vor fünf Tagen hat Greta wieder einen kleinen Spickzettel weitergegeben, als sie an einer Klausur teilgenommen hat.;Greta hat mindestens zweimal einen kleinen Spickzettel weitergegeben.;entailment;10;ai;bii;2;positive;twice;False;;;Letztes Semester hat Greta Judith einen kleinen Spickzettel zukommen lassen. Vor fünf Tagen hat Greta wieder einen kleinen Spickzettel weitergegeben, als sie an einer Klausur teilgenommen hat.;Greta hat mindestens zweimal einen kleinen Spickzettel weitergegeben.;morit/german_xlm_xnli;entailment;1;0.0022730783093720675;0.10248617827892303;0.895240843296051
10_ai_bii2_cannot_say_pos;Letztes Semester hat Greta Judith einen kleinen Spickzettel zukommen lassen.;Vor fünf Tagen hat Greta wieder einen kleinen Spickzettel weitergegeben, als sie an einer Klausur teilgenommen hat.;Es lässt sich nicht sagen, wie oft Greta einen kleinen Spickzettel weitergegeben hat.;unknown;10;ai;bii;2;positive;cannot say;False;;;Letztes Semester hat Greta Judith einen kleinen Spickzettel zukommen lassen. Vor fünf Tagen hat Greta wieder einen kleinen Spickzettel weitergegeben, als sie an einer Klausur teilgenommen hat.;Es lässt sich nicht sagen, wie oft Greta einen kleinen Spickzettel weitergegeben hat.;morit/german_xlm_xnli;neutral;1;0.004067547153681517;0.990581750869751;0.005350702442228794
10_aii_bi1_once_neu;Letztes Semester hat Judith Greta einen kleinen Spickzettel zukommen lassen.;Vor fünf Tagen hat Judith wieder einen kleinen Spickzettel erhalten, als sie an einer Klausur teilgenommen hat.;Judith hat einmal einen kleinen Spickzettel erhalten.;entailment;10;aii;bi;1;neutral;once;False;;;Letztes Semester hat Judith Greta einen kleinen Spickzettel zukommen lassen. Vor fünf Tagen hat Judith wieder einen kleinen Spickzettel erhalten, als sie an einer Klausur teilgenommen hat.;Judith hat einmal einen kleinen Spickzettel erhalten.;morit/german_xlm_xnli;entailment;1;0.006313060875982046;0.015458389185369015;0.9782286286354065
10_aii_bi1_twice_neu;Letztes Semester hat Judith Greta einen kleinen Spickzettel zukommen lassen.;Vor fünf Tagen hat Judith wieder einen kleinen Spickzettel erhalten, als sie an einer Klausur teilgenommen hat.;Judith hat mindestens zweimal einen kleinen Spickzettel erhalten.;unknown;10;aii;bi;1;neutral;twice;False;;;Letztes Semester hat Judith Greta einen kleinen Spickzettel zukommen lassen. Vor fünf Tagen hat Judith wieder einen kleinen Spickzettel erhalten, als sie an einer Klausur teilgenommen hat.;Judith hat mindestens zweimal einen kleinen Spickzettel erhalten.;morit/german_xlm_xnli;entailment;0;0.0022162680979818106;0.07730609178543091;0.9204776287078857
10_aii_bi1_cannot_say_neu;Letztes Semester hat Judith Greta einen kleinen Spickzettel zukommen lassen.;Vor fünf Tagen hat Judith wieder einen kleinen Spickzettel erhalten, als sie an einer Klausur teilgenommen hat.;Es lässt sich nicht sagen, wie oft Judith einen kleinen Spickzettel erhalten hat.;unknown;10;aii;bi;1;neutral;cannot say;False;;;Letztes Semester hat Judith Greta einen kleinen Spickzettel zukommen lassen. Vor fünf Tagen hat Judith wieder einen kleinen Spickzettel erhalten, als sie an einer Klausur teilgenommen hat.;Es lässt sich nicht sagen, wie oft Judith einen kleinen Spickzettel erhalten hat.;morit/german_xlm_xnli;neutral;1;0.006099010352045298;0.9910370111465454;0.0028639405500143766
10_aii_bi2_once_pos;Letztes Semester hat Judith Greta einen kleinen Spickzettel zukommen lassen.;Vor fünf Tagen hat Greta wieder einen kleinen Spickzettel erhalten, als sie an einer Klausur teilgenommen hat.;Greta hat einmal einen kleinen Spickzettel erhalten.;unknown;10;aii;bi;2;positive;once;False;;;Letztes Semester hat Judith Greta einen kleinen Spickzettel zukommen lassen. Vor fünf Tagen hat Greta wieder einen kleinen Spickzettel erhalten, als sie an einer Klausur teilgenommen hat.;Greta hat einmal einen kleinen Spickzettel erhalten.;morit/german_xlm_xnli;entailment;0;0.006280405912548304;0.015536647289991379;0.9781829118728638
10_aii_bi2_twice_pos;Letztes Semester hat Judith Greta einen kleinen Spickzettel zukommen lassen.;Vor fünf Tagen hat Greta wieder einen kleinen Spickzettel erhalten, als sie an einer Klausur teilgenommen hat.;Greta hat mindestens zweimal einen kleinen Spickzettel erhalten.;entailment;10;aii;bi;2;positive;twice;False;;;Letztes Semester hat Judith Greta einen kleinen Spickzettel zukommen lassen. Vor fünf Tagen hat Greta wieder einen kleinen Spickzettel erhalten, als sie an einer Klausur teilgenommen hat.;Greta hat mindestens zweimal einen kleinen Spickzettel erhalten.;morit/german_xlm_xnli;entailment;1;0.002330631483346224;0.0786796435713768;0.9189897179603577
10_aii_bi2_cannot_say_pos;Letztes Semester hat Judith Greta einen kleinen Spickzettel zukommen lassen.;Vor fünf Tagen hat Greta wieder einen kleinen Spickzettel erhalten, als sie an einer Klausur teilgenommen hat.;Es lässt sich nicht sagen, wie oft Greta einen kleinen Spickzettel erhalten hat.;unknown;10;aii;bi;2;positive;cannot say;False;;;Letztes Semester hat Judith Greta einen kleinen Spickzettel zukommen lassen. Vor fünf Tagen hat Greta wieder einen kleinen Spickzettel erhalten, als sie an einer Klausur teilgenommen hat.;Es lässt sich nicht sagen, wie oft Greta einen kleinen Spickzettel erhalten hat.;morit/german_xlm_xnli;neutral;1;0.009574594907462597;0.986695408821106;0.0037299087271094322
10_aii_bii1_once_pos;Letztes Semester hat Judith Greta einen kleinen Spickzettel zukommen lassen.;Vor fünf Tagen hat Judith wieder einen kleinen Spickzettel weitergegeben, als sie an einer Klausur teilgenommen hat.;Judith hat einmal einen kleinen Spickzettel weitergegeben.;unknown;10;aii;bii;1;positive;once;False;;;Letztes Semester hat Judith Greta einen kleinen Spickzettel zukommen lassen. Vor fünf Tagen hat Judith wieder einen kleinen Spickzettel weitergegeben, als sie an einer Klausur teilgenommen hat.;Judith hat einmal einen kleinen Spickzettel weitergegeben.;morit/german_xlm_xnli;entailment;0;0.007018977776169777;0.013503530994057655;0.9794775247573853
10_aii_bii1_twice_pos;Letztes Semester hat Judith Greta einen kleinen Spickzettel zukommen lassen.;Vor fünf Tagen hat Judith wieder einen kleinen Spickzettel weitergegeben, als sie an einer Klausur teilgenommen hat.;Judith hat mindestens zweimal einen kleinen Spickzettel weitergegeben.;entailment;10;aii;bii;1;positive;twice;False;;;Letztes Semester hat Judith Greta einen kleinen Spickzettel zukommen lassen. Vor fünf Tagen hat Judith wieder einen kleinen Spickzettel weitergegeben, als sie an einer Klausur teilgenommen hat.;Judith hat mindestens zweimal einen kleinen Spickzettel weitergegeben.;morit/german_xlm_xnli;entailment;1;0.0019163956167176366;0.08474218845367432;0.9133414030075073
10_aii_bii1_cannot_say_pos;Letztes Semester hat Judith Greta einen kleinen Spickzettel zukommen lassen.;Vor fünf Tagen hat Judith wieder einen kleinen Spickzettel weitergegeben, als sie an einer Klausur teilgenommen hat.;Es lässt sich nicht sagen, wie oft Judith einen kleinen Spickzettel weitergegeben hat.;unknown;10;aii;bii;1;positive;cannot say;False;;;Letztes Semester hat Judith Greta einen kleinen Spickzettel zukommen lassen. Vor fünf Tagen hat Judith wieder einen kleinen Spickzettel weitergegeben, als sie an einer Klausur teilgenommen hat.;Es lässt sich nicht sagen, wie oft Judith einen kleinen Spickzettel weitergegeben hat.;morit/german_xlm_xnli;neutral;1;0.003329131519421935;0.991534948348999;0.0051358952187001705
10_aii_bii2_once_neu;Letztes Semester hat Judith Greta einen kleinen Spickzettel zukommen lassen.;Vor fünf Tagen hat Greta wieder einen kleinen Spickzettel weitergegeben, als sie an einer Klausur teilgenommen hat.;Greta hat einmal einen kleinen Spickzettel weitergegeben.;entailment;10;aii;bii;2;neutral;once;False;;;Letztes Semester hat Judith Greta einen kleinen Spickzettel zukommen lassen. Vor fünf Tagen hat Greta wieder einen kleinen Spickzettel weitergegeben, als sie an einer Klausur teilgenommen hat.;Greta hat einmal einen kleinen Spickzettel weitergegeben.;morit/german_xlm_xnli;entailment;1;0.007551900576800108;0.015684932470321655;0.976763129234314
10_aii_bii2_twice_neu;Letztes Semester hat Judith Greta einen kleinen Spickzettel zukommen lassen.;Vor fünf Tagen hat Greta wieder einen kleinen Spickzettel weitergegeben, als sie an einer Klausur teilgenommen hat.;Greta hat mindestens zweimal einen kleinen Spickzettel weitergegeben.;unknown;10;aii;bii;2;neutral;twice;False;;;Letztes Semester hat Judith Greta einen kleinen Spickzettel zukommen lassen. Vor fünf Tagen hat Greta wieder einen kleinen Spickzettel weitergegeben, als sie an einer Klausur teilgenommen hat.;Greta hat mindestens zweimal einen kleinen Spickzettel weitergegeben.;morit/german_xlm_xnli;entailment;0;0.0022372116800397635;0.09810879081487656;0.8996540307998657
10_aii_bii2_cannot_say_neu;Letztes Semester hat Judith Greta einen kleinen Spickzettel zukommen lassen.;Vor fünf Tagen hat Greta wieder einen kleinen Spickzettel weitergegeben, als sie an einer Klausur teilgenommen hat.;Es lässt sich nicht sagen, wie oft Greta einen kleinen Spickzettel weitergegeben hat.;unknown;10;aii;bii;2;neutral;cannot say;False;;;Letztes Semester hat Judith Greta einen kleinen Spickzettel zukommen lassen. Vor fünf Tagen hat Greta wieder einen kleinen Spickzettel weitergegeben, als sie an einer Klausur teilgenommen hat.;Es lässt sich nicht sagen, wie oft Greta einen kleinen Spickzettel weitergegeben hat.;morit/german_xlm_xnli;neutral;1;0.004998043179512024;0.9889923334121704;0.006009715609252453
11_ai_bi1_once_pos;Vor zwei Monaten hat Thorsten Linda ein interessantes Jobangebot offeriert.;Vor zwei Tagen hat Linda wieder ein interessantes Jobangebot bekommen, als sie auf einer Jobbörse zugegen war.;Linda hat einmal ein interessantes Jobangebot bekommen.;unknown;11;ai;bi;1;positive;once;False;;;Vor zwei Monaten hat Thorsten Linda ein interessantes Jobangebot offeriert. Vor zwei Tagen hat Linda wieder ein interessantes Jobangebot bekommen, als sie auf einer Jobbörse zugegen war.;Linda hat einmal ein interessantes Jobangebot bekommen.;morit/german_xlm_xnli;entailment;0;0.041174713522195816;0.023091204464435577;0.9357340931892395
11_ai_bi1_twice_pos;Vor zwei Monaten hat Thorsten Linda ein interessantes Jobangebot offeriert.;Vor zwei Tagen hat Linda wieder ein interessantes Jobangebot bekommen, als sie auf einer Jobbörse zugegen war.;Linda hat mindestens zweimal ein interessantes Jobangebot bekommen.;entailment;11;ai;bi;1;positive;twice;False;;;Vor zwei Monaten hat Thorsten Linda ein interessantes Jobangebot offeriert. Vor zwei Tagen hat Linda wieder ein interessantes Jobangebot bekommen, als sie auf einer Jobbörse zugegen war.;Linda hat mindestens zweimal ein interessantes Jobangebot bekommen.;morit/german_xlm_xnli;entailment;1;0.0019267662428319454;0.02134082280099392;0.9767324328422546
11_ai_bi1_cannot_say_pos;Vor zwei Monaten hat Thorsten Linda ein interessantes Jobangebot offeriert.;Vor zwei Tagen hat Linda wieder ein interessantes Jobangebot bekommen, als sie auf einer Jobbörse zugegen war.;Es lässt sich nicht sagen, wie oft Linda ein interessantes Jobangebot bekommen hat.;unknown;11;ai;bi;1;positive;cannot say;False;;;Vor zwei Monaten hat Thorsten Linda ein interessantes Jobangebot offeriert. Vor zwei Tagen hat Linda wieder ein interessantes Jobangebot bekommen, als sie auf einer Jobbörse zugegen war.;Es lässt sich nicht sagen, wie oft Linda ein interessantes Jobangebot bekommen hat.;morit/german_xlm_xnli;neutral;1;0.08580783009529114;0.8767414689064026;0.037450727075338364
11_ai_bi2_once_neu;Vor zwei Monaten hat Thorsten Linda ein interessantes Jobangebot offeriert.;Vor zwei Tagen hat Thorsten wieder ein interessantes Jobangebot bekommen, als er auf einer Jobbörse zugegen war.;Thorsten hat einmal ein interessantes Jobangebot bekommen.;entailment;11;ai;bi;2;neutral;once;False;;;Vor zwei Monaten hat Thorsten Linda ein interessantes Jobangebot offeriert. Vor zwei Tagen hat Thorsten wieder ein interessantes Jobangebot bekommen, als er auf einer Jobbörse zugegen war.;Thorsten hat einmal ein interessantes Jobangebot bekommen.;morit/german_xlm_xnli;entailment;1;0.04484879598021507;0.022053491324186325;0.9330977201461792
11_ai_bi2_twice_neu;Vor zwei Monaten hat Thorsten Linda ein interessantes Jobangebot offeriert.;Vor zwei Tagen hat Thorsten wieder ein interessantes Jobangebot bekommen, als er auf einer Jobbörse zugegen war.;Thorsten hat mindestens zweimal ein interessantes Jobangebot bekommen.;unknown;11;ai;bi;2;neutral;twice;False;;;Vor zwei Monaten hat Thorsten Linda ein interessantes Jobangebot offeriert. Vor zwei Tagen hat Thorsten wieder ein interessantes Jobangebot bekommen, als er auf einer Jobbörse zugegen war.;Thorsten hat mindestens zweimal ein interessantes Jobangebot bekommen.;morit/german_xlm_xnli;entailment;0;0.0031145212706178427;0.0219721756875515;0.9749132394790649
11_ai_bi2_cannot_say_neu;Vor zwei Monaten hat Thorsten Linda ein interessantes Jobangebot offeriert.;Vor zwei Tagen hat Thorsten wieder ein interessantes Jobangebot bekommen, als er auf einer Jobbörse zugegen war.;Es lässt sich nicht sagen, wie oft Thorsten ein interessantes Jobangebot bekommen hat.;unknown;11;ai;bi;2;neutral;cannot say;False;;;Vor zwei Monaten hat Thorsten Linda ein interessantes Jobangebot offeriert. Vor zwei Tagen hat Thorsten wieder ein interessantes Jobangebot bekommen, als er auf einer Jobbörse zugegen war.;Es lässt sich nicht sagen, wie oft Thorsten ein interessantes Jobangebot bekommen hat.;morit/german_xlm_xnli;neutral;1;0.08373647928237915;0.8719067573547363;0.04435677081346512
11_ai_bii1_once_neu;Vor zwei Monaten hat Thorsten Linda ein interessantes Jobangebot offeriert.;Vor zwei Tagen hat Linda wieder ein interessantes Jobangebot gemacht, als sie auf einer Jobbörse zugegen war.;Linda hat einmal ein interessantes Jobangebot gemacht.;entailment;11;ai;bii;1;neutral;once;False;;;Vor zwei Monaten hat Thorsten Linda ein interessantes Jobangebot offeriert. Vor zwei Tagen hat Linda wieder ein interessantes Jobangebot gemacht, als sie auf einer Jobbörse zugegen war.;Linda hat einmal ein interessantes Jobangebot gemacht.;morit/german_xlm_xnli;entailment;1;0.02265508659183979;0.021452944725751877;0.9558919668197632
11_ai_bii1_twice_neu;Vor zwei Monaten hat Thorsten Linda ein interessantes Jobangebot offeriert.;Vor zwei Tagen hat Linda wieder ein interessantes Jobangebot gemacht, als sie auf einer Jobbörse zugegen war.;Linda hat mindestens zweimal ein interessantes Jobangebot gemacht.;unknown;11;ai;bii;1;neutral;twice;False;;;Vor zwei Monaten hat Thorsten Linda ein interessantes Jobangebot offeriert. Vor zwei Tagen hat Linda wieder ein interessantes Jobangebot gemacht, als sie auf einer Jobbörse zugegen war.;Linda hat mindestens zweimal ein interessantes Jobangebot gemacht.;morit/german_xlm_xnli;entailment;0;0.0019493164727464318;0.02053929679095745;0.9775114059448242
11_ai_bii1_cannot_say_neu;Vor zwei Monaten hat Thorsten Linda ein interessantes Jobangebot offeriert.;Vor zwei Tagen hat Linda wieder ein interessantes Jobangebot gemacht, als sie auf einer Jobbörse zugegen war.;Es lässt sich nicht sagen, wie oft Linda ein interessantes Jobangebot gemacht hat.;unknown;11;ai;bii;1;neutral;cannot say;False;;;Vor zwei Monaten hat Thorsten Linda ein interessantes Jobangebot offeriert. Vor zwei Tagen hat Linda wieder ein interessantes Jobangebot gemacht, als sie auf einer Jobbörse zugegen war.;Es lässt sich nicht sagen, wie oft Linda ein interessantes Jobangebot gemacht hat.;morit/german_xlm_xnli;neutral;1;0.08071734011173248;0.8739861249923706;0.04529659077525139
11_ai_bii2_once_pos;Vor zwei Monaten hat Thorsten Linda ein interessantes Jobangebot offeriert.;Vor zwei Tagen hat Thorsten wieder ein interessantes Jobangebot gemacht, als er auf einer Jobbörse zugegen war.;Thorsten hat einmal ein interessantes Jobangebot gemacht.;unknown;11;ai;bii;2;positive;once;False;;;Vor zwei Monaten hat Thorsten Linda ein interessantes Jobangebot offeriert. Vor zwei Tagen hat Thorsten wieder ein interessantes Jobangebot gemacht, als er auf einer Jobbörse zugegen war.;Thorsten hat einmal ein interessantes Jobangebot gemacht.;morit/german_xlm_xnli;entailment;0;0.023423416540026665;0.01884148269891739;0.9577350616455078
11_ai_bii2_twice_pos;Vor zwei Monaten hat Thorsten Linda ein interessantes Jobangebot offeriert.;Vor zwei Tagen hat Thorsten wieder ein interessantes Jobangebot gemacht, als er auf einer Jobbörse zugegen war.;Thorsten hat mindestens zweimal ein interessantes Jobangebot gemacht.;entailment;11;ai;bii;2;positive;twice;False;;;Vor zwei Monaten hat Thorsten Linda ein interessantes Jobangebot offeriert. Vor zwei Tagen hat Thorsten wieder ein interessantes Jobangebot gemacht, als er auf einer Jobbörse zugegen war.;Thorsten hat mindestens zweimal ein interessantes Jobangebot gemacht.;morit/german_xlm_xnli;entailment;1;0.003004410769790411;0.02199854888021946;0.9749969840049744
11_ai_bii2_cannot_say_pos;Vor zwei Monaten hat Thorsten Linda ein interessantes Jobangebot offeriert.;Vor zwei Tagen hat Thorsten wieder ein interessantes Jobangebot gemacht, als er auf einer Jobbörse zugegen war.;Es lässt sich nicht sagen, wie oft Thorsten ein interessantes Jobangebot gemacht hat.;unknown;11;ai;bii;2;positive;cannot say;False;;;Vor zwei Monaten hat Thorsten Linda ein interessantes Jobangebot offeriert. Vor zwei Tagen hat Thorsten wieder ein interessantes Jobangebot gemacht, als er auf einer Jobbörse zugegen war.;Es lässt sich nicht sagen, wie oft Thorsten ein interessantes Jobangebot gemacht hat.;morit/german_xlm_xnli;neutral;1;0.08557043969631195;0.860111653804779;0.05431797727942467
11_aii_bi1_once_neu;Vor zwei Monaten hat Linda Thorsten ein interessantes Jobangebot offeriert.;Vor zwei Tagen hat Linda wieder ein interessantes Jobangebot bekommen, als sie auf einer Jobbörse zugegen war.;Linda hat einmal ein interessantes Jobangebot bekommen.;entailment;11;aii;bi;1;neutral;once;False;;;Vor zwei Monaten hat Linda Thorsten ein interessantes Jobangebot offeriert. Vor zwei Tagen hat Linda wieder ein interessantes Jobangebot bekommen, als sie auf einer Jobbörse zugegen war.;Linda hat einmal ein interessantes Jobangebot bekommen.;morit/german_xlm_xnli;entailment;1;0.05266384780406952;0.02472148835659027;0.9226146340370178
11_aii_bi1_twice_neu;Vor zwei Monaten hat Linda Thorsten ein interessantes Jobangebot offeriert.;Vor zwei Tagen hat Linda wieder ein interessantes Jobangebot bekommen, als sie auf einer Jobbörse zugegen war.;Linda hat mindestens zweimal ein interessantes Jobangebot bekommen.;unknown;11;aii;bi;1;neutral;twice;False;;;Vor zwei Monaten hat Linda Thorsten ein interessantes Jobangebot offeriert. Vor zwei Tagen hat Linda wieder ein interessantes Jobangebot bekommen, als sie auf einer Jobbörse zugegen war.;Linda hat mindestens zweimal ein interessantes Jobangebot bekommen.;morit/german_xlm_xnli;entailment;0;0.002023150445893407;0.021533560007810593;0.976443350315094
11_aii_bi1_cannot_say_neu;Vor zwei Monaten hat Linda Thorsten ein interessantes Jobangebot offeriert.;Vor zwei Tagen hat Linda wieder ein interessantes Jobangebot bekommen, als sie auf einer Jobbörse zugegen war.;Es lässt sich nicht sagen, wie oft Linda ein interessantes Jobangebot bekommen hat.;unknown;11;aii;bi;1;neutral;cannot say;False;;;Vor zwei Monaten hat Linda Thorsten ein interessantes Jobangebot offeriert. Vor zwei Tagen hat Linda wieder ein interessantes Jobangebot bekommen, als sie auf einer Jobbörse zugegen war.;Es lässt sich nicht sagen, wie oft Linda ein interessantes Jobangebot bekommen hat.;morit/german_xlm_xnli;neutral;1;0.07587671279907227;0.8929418921470642;0.031181396916508675
11_aii_bi2_once_pos;Vor zwei Monaten hat Linda Thorsten ein interessantes Jobangebot offeriert.;Vor zwei Tagen hat Thorsten wieder ein interessantes Jobangebot bekommen, als er auf einer Jobbörse zugegen war.;Thorsten hat einmal ein interessantes Jobangebot bekommen.;unknown;11;aii;bi;2;positive;once;False;;;Vor zwei Monaten hat Linda Thorsten ein interessantes Jobangebot offeriert. Vor zwei Tagen hat Thorsten wieder ein interessantes Jobangebot bekommen, als er auf einer Jobbörse zugegen war.;Thorsten hat einmal ein interessantes Jobangebot bekommen.;morit/german_xlm_xnli;entailment;0;0.028141198679804802;0.019526483491063118;0.9523323178291321
11_aii_bi2_twice_pos;Vor zwei Monaten hat Linda Thorsten ein interessantes Jobangebot offeriert.;Vor zwei Tagen hat Thorsten wieder ein interessantes Jobangebot bekommen, als er auf einer Jobbörse zugegen war.;Thorsten hat mindestens zweimal ein interessantes Jobangebot bekommen.;entailment;11;aii;bi;2;positive;twice;False;;;Vor zwei Monaten hat Linda Thorsten ein interessantes Jobangebot offeriert. Vor zwei Tagen hat Thorsten wieder ein interessantes Jobangebot bekommen, als er auf einer Jobbörse zugegen war.;Thorsten hat mindestens zweimal ein interessantes Jobangebot bekommen.;morit/german_xlm_xnli;entailment;1;0.0027323870453983545;0.02278139442205429;0.9744861721992493
11_aii_bi2_cannot_say_pos;Vor zwei Monaten hat Linda Thorsten ein interessantes Jobangebot offeriert.;Vor zwei Tagen hat Thorsten wieder ein interessantes Jobangebot bekommen, als er auf einer Jobbörse zugegen war.;Es lässt sich nicht sagen, wie oft Thorsten ein interessantes Jobangebot bekommen hat.;unknown;11;aii;bi;2;positive;cannot say;False;;;Vor zwei Monaten hat Linda Thorsten ein interessantes Jobangebot offeriert. Vor zwei Tagen hat Thorsten wieder ein interessantes Jobangebot bekommen, als er auf einer Jobbörse zugegen war.;Es lässt sich nicht sagen, wie oft Thorsten ein interessantes Jobangebot bekommen hat.;morit/german_xlm_xnli;neutral;1;0.0839071199297905;0.8695608377456665;0.04653200879693031
11_aii_bii1_once_pos;Vor zwei Monaten hat Linda Thorsten ein interessantes Jobangebot offeriert.;Vor zwei Tagen hat Linda wieder ein interessantes Jobangebot gemacht, als sie auf einer Jobbörse zugegen war.;Linda hat einmal ein interessantes Jobangebot gemacht.;unknown;11;aii;bii;1;positive;once;False;;;Vor zwei Monaten hat Linda Thorsten ein interessantes Jobangebot offeriert. Vor zwei Tagen hat Linda wieder ein interessantes Jobangebot gemacht, als sie auf einer Jobbörse zugegen war.;Linda hat einmal ein interessantes Jobangebot gemacht.;morit/german_xlm_xnli;entailment;0;0.03125329315662384;0.02399412915110588;0.9447525143623352
11_aii_bii1_twice_pos;Vor zwei Monaten hat Linda Thorsten ein interessantes Jobangebot offeriert.;Vor zwei Tagen hat Linda wieder ein interessantes Jobangebot gemacht, als sie auf einer Jobbörse zugegen war.;Linda hat mindestens zweimal ein interessantes Jobangebot gemacht.;entailment;11;aii;bii;1;positive;twice;False;;;Vor zwei Monaten hat Linda Thorsten ein interessantes Jobangebot offeriert. Vor zwei Tagen hat Linda wieder ein interessantes Jobangebot gemacht, als sie auf einer Jobbörse zugegen war.;Linda hat mindestens zweimal ein interessantes Jobangebot gemacht.;morit/german_xlm_xnli;entailment;1;0.0020478754304349422;0.020732328295707703;0.9772197604179382
11_aii_bii1_cannot_say_pos;Vor zwei Monaten hat Linda Thorsten ein interessantes Jobangebot offeriert.;Vor zwei Tagen hat Linda wieder ein interessantes Jobangebot gemacht, als sie auf einer Jobbörse zugegen war.;Es lässt sich nicht sagen, wie oft Linda ein interessantes Jobangebot gemacht hat.;unknown;11;aii;bii;1;positive;cannot say;False;;;Vor zwei Monaten hat Linda Thorsten ein interessantes Jobangebot offeriert. Vor zwei Tagen hat Linda wieder ein interessantes Jobangebot gemacht, als sie auf einer Jobbörse zugegen war.;Es lässt sich nicht sagen, wie oft Linda ein interessantes Jobangebot gemacht hat.;morit/german_xlm_xnli;neutral;1;0.07371338456869125;0.8864954113960266;0.03979123383760452
11_aii_bii2_once_neu;Vor zwei Monaten hat Linda Thorsten ein interessantes Jobangebot offeriert.;Vor zwei Tagen hat Thorsten wieder ein interessantes Jobangebot gemacht, als er auf einer Jobbörse zugegen war.;Thorsten hat einmal ein interessantes Jobangebot gemacht.;entailment;11;aii;bii;2;neutral;once;False;;;Vor zwei Monaten hat Linda Thorsten ein interessantes Jobangebot offeriert. Vor zwei Tagen hat Thorsten wieder ein interessantes Jobangebot gemacht, als er auf einer Jobbörse zugegen war.;Thorsten hat einmal ein interessantes Jobangebot gemacht.;morit/german_xlm_xnli;entailment;1;0.01444830559194088;0.016514604911208153;0.9690370559692383
11_aii_bii2_twice_neu;Vor zwei Monaten hat Linda Thorsten ein interessantes Jobangebot offeriert.;Vor zwei Tagen hat Thorsten wieder ein interessantes Jobangebot gemacht, als er auf einer Jobbörse zugegen war.;Thorsten hat mindestens zweimal ein interessantes Jobangebot gemacht.;unknown;11;aii;bii;2;neutral;twice;False;;;Vor zwei Monaten hat Linda Thorsten ein interessantes Jobangebot offeriert. Vor zwei Tagen hat Thorsten wieder ein interessantes Jobangebot gemacht, als er auf einer Jobbörse zugegen war.;Thorsten hat mindestens zweimal ein interessantes Jobangebot gemacht.;morit/german_xlm_xnli;entailment;0;0.0026906109414994717;0.022570209577679634;0.9747392535209656
11_aii_bii2_cannot_say_neu;Vor zwei Monaten hat Linda Thorsten ein interessantes Jobangebot offeriert.;Vor zwei Tagen hat Thorsten wieder ein interessantes Jobangebot gemacht, als er auf einer Jobbörse zugegen war.;Es lässt sich nicht sagen, wie oft Thorsten ein interessantes Jobangebot gemacht hat.;unknown;11;aii;bii;2;neutral;cannot say;False;;;Vor zwei Monaten hat Linda Thorsten ein interessantes Jobangebot offeriert. Vor zwei Tagen hat Thorsten wieder ein interessantes Jobangebot gemacht, als er auf einer Jobbörse zugegen war.;Es lässt sich nicht sagen, wie oft Thorsten ein interessantes Jobangebot gemacht hat.;morit/german_xlm_xnli;neutral;1;0.08745051920413971;0.8554714322090149;0.05707811191678047
12_ai_bi1_once_pos;Vor drei Jahren hat Thorsten für Timo einen großen Kleiderschrank gekauft.;Vor einer Woche hat Timo wieder einen großen Kleiderschrank bekommen, weil er mit einem Freund ausgemistet hat.;Timo hat einmal einen großen Kleiderschrank bekommen.;unknown;12;ai;bi;1;positive;once;False;;;Vor drei Jahren hat Thorsten für Timo einen großen Kleiderschrank gekauft. Vor einer Woche hat Timo wieder einen großen Kleiderschrank bekommen, weil er mit einem Freund ausgemistet hat.;Timo hat einmal einen großen Kleiderschrank bekommen.;morit/german_xlm_xnli;entailment;0;0.06371843814849854;0.022096239030361176;0.9141854047775269
12_ai_bi1_twice_pos;Vor drei Jahren hat Thorsten für Timo einen großen Kleiderschrank gekauft.;Vor einer Woche hat Timo wieder einen großen Kleiderschrank bekommen, weil er mit einem Freund ausgemistet hat.;Timo hat mindestens zweimal einen großen Kleiderschrank bekommen.;entailment;12;ai;bi;1;positive;twice;False;;;Vor drei Jahren hat Thorsten für Timo einen großen Kleiderschrank gekauft. Vor einer Woche hat Timo wieder einen großen Kleiderschrank bekommen, weil er mit einem Freund ausgemistet hat.;Timo hat mindestens zweimal einen großen Kleiderschrank bekommen.;morit/german_xlm_xnli;entailment;1;0.004664145410060883;0.08256611227989197;0.9127696752548218
12_ai_bi1_cannot_say_pos;Vor drei Jahren hat Thorsten für Timo einen großen Kleiderschrank gekauft.;Vor einer Woche hat Timo wieder einen großen Kleiderschrank bekommen, weil er mit einem Freund ausgemistet hat.;Es lässt sich nicht sagen, wie oft Timo einen großen Kleiderschrank bekommen hat.;unknown;12;ai;bi;1;positive;cannot say;False;;;Vor drei Jahren hat Thorsten für Timo einen großen Kleiderschrank gekauft. Vor einer Woche hat Timo wieder einen großen Kleiderschrank bekommen, weil er mit einem Freund ausgemistet hat.;Es lässt sich nicht sagen, wie oft Timo einen großen Kleiderschrank bekommen hat.;morit/german_xlm_xnli;neutral;1;0.046580832451581955;0.9354747533798218;0.01794440858066082
12_ai_bi2_once_neu;Vor drei Jahren hat Thorsten für Timo einen großen Kleiderschrank gekauft.;Vor einer Woche hat Thorsten wieder einen großen Kleiderschrank bekommen, weil er mit einem Freund ausgemistet hat.;Thorsten hat einmal einen großen Kleiderschrank bekommen.;entailment;12;ai;bi;2;neutral;once;False;;;Vor drei Jahren hat Thorsten für Timo einen großen Kleiderschrank gekauft. Vor einer Woche hat Thorsten wieder einen großen Kleiderschrank bekommen, weil er mit einem Freund ausgemistet hat.;Thorsten hat einmal einen großen Kleiderschrank bekommen.;morit/german_xlm_xnli;entailment;1;0.04089459776878357;0.023637615144252777;0.9354677796363831
12_ai_bi2_twice_neu;Vor drei Jahren hat Thorsten für Timo einen großen Kleiderschrank gekauft.;Vor einer Woche hat Thorsten wieder einen großen Kleiderschrank bekommen, weil er mit einem Freund ausgemistet hat.;Thorsten hat mindestens zweimal einen großen Kleiderschrank bekommen.;unknown;12;ai;bi;2;neutral;twice;False;;;Vor drei Jahren hat Thorsten für Timo einen großen Kleiderschrank gekauft. Vor einer Woche hat Thorsten wieder einen großen Kleiderschrank bekommen, weil er mit einem Freund ausgemistet hat.;Thorsten hat mindestens zweimal einen großen Kleiderschrank bekommen.;morit/german_xlm_xnli;entailment;0;0.005908877123147249;0.09879175573587418;0.8952993750572205
12_ai_bi2_cannot_say_neu;Vor drei Jahren hat Thorsten für Timo einen großen Kleiderschrank gekauft.;Vor einer Woche hat Thorsten wieder einen großen Kleiderschrank bekommen, weil er mit einem Freund ausgemistet hat.;Es lässt sich nicht sagen, wie oft Thorsten einen großen Kleiderschrank bekommen hat.;unknown;12;ai;bi;2;neutral;cannot say;False;;;Vor drei Jahren hat Thorsten für Timo einen großen Kleiderschrank gekauft. Vor einer Woche hat Thorsten wieder einen großen Kleiderschrank bekommen, weil er mit einem Freund ausgemistet hat.;Es lässt sich nicht sagen, wie oft Thorsten einen großen Kleiderschrank bekommen hat.;morit/german_xlm_xnli;neutral;1;0.024684425443410873;0.9612111449241638;0.01410436537116766
12_ai_bii1_once_neu;Vor drei Jahren hat Thorsten für Timo einen großen Kleiderschrank gekauft.;Vor einer Woche hat Timo wieder einen großen Kleiderschrank weggegeben, weil er mit einem Freund ausgemistet hat.;Timo hat einmal einen großen Kleiderschrank weggegeben.;entailment;12;ai;bii;1;neutral;once;False;;;Vor drei Jahren hat Thorsten für Timo einen großen Kleiderschrank gekauft. Vor einer Woche hat Timo wieder einen großen Kleiderschrank weggegeben, weil er mit einem Freund ausgemistet hat.;Timo hat einmal einen großen Kleiderschrank weggegeben.;morit/german_xlm_xnli;entailment;1;0.061643335968256;0.020134706050157547;0.9182220101356506
12_ai_bii1_twice_neu;Vor drei Jahren hat Thorsten für Timo einen großen Kleiderschrank gekauft.;Vor einer Woche hat Timo wieder einen großen Kleiderschrank weggegeben, weil er mit einem Freund ausgemistet hat.;Timo hat mindestens zweimal einen großen Kleiderschrank weggegeben.;unknown;12;ai;bii;1;neutral;twice;False;;;Vor drei Jahren hat Thorsten für Timo einen großen Kleiderschrank gekauft. Vor einer Woche hat Timo wieder einen großen Kleiderschrank weggegeben, weil er mit einem Freund ausgemistet hat.;Timo hat mindestens zweimal einen großen Kleiderschrank weggegeben.;morit/german_xlm_xnli;entailment;0;0.007049608509987593;0.08746097981929779;0.905489444732666
12_ai_bii1_cannot_say_neu;Vor drei Jahren hat Thorsten für Timo einen großen Kleiderschrank gekauft.;Vor einer Woche hat Timo wieder einen großen Kleiderschrank weggegeben, weil er mit einem Freund ausgemistet hat.;Es lässt sich nicht sagen, wie oft Timo einen großen Kleiderschrank weggegeben hat.;unknown;12;ai;bii;1;neutral;cannot say;False;;;Vor drei Jahren hat Thorsten für Timo einen großen Kleiderschrank gekauft. Vor einer Woche hat Timo wieder einen großen Kleiderschrank weggegeben, weil er mit einem Freund ausgemistet hat.;Es lässt sich nicht sagen, wie oft Timo einen großen Kleiderschrank weggegeben hat.;morit/german_xlm_xnli;neutral;1;0.027403652667999268;0.9273675680160522;0.045228827744722366
12_ai_bii2_once_pos;Vor drei Jahren hat Thorsten für Timo einen großen Kleiderschrank gekauft.;Vor einer Woche hat Thorsten wieder einen großen Kleiderschrank weggegeben, weil er mit einem Freund ausgemistet hat.;Thorsten hat einmal einen großen Kleiderschrank weggegeben.;unknown;12;ai;bii;2;positive;once;False;;;Vor drei Jahren hat Thorsten für Timo einen großen Kleiderschrank gekauft. Vor einer Woche hat Thorsten wieder einen großen Kleiderschrank weggegeben, weil er mit einem Freund ausgemistet hat.;Thorsten hat einmal einen großen Kleiderschrank weggegeben.;morit/german_xlm_xnli;entailment;0;0.046303410083055496;0.021394414827227592;0.9323021769523621
12_ai_bii2_twice_pos;Vor drei Jahren hat Thorsten für Timo einen großen Kleiderschrank gekauft.;Vor einer Woche hat Thorsten wieder einen großen Kleiderschrank weggegeben, weil er mit einem Freund ausgemistet hat.;Thorsten hat mindestens zweimal einen großen Kleiderschrank weggegeben.;entailment;12;ai;bii;2;positive;twice;False;;;Vor drei Jahren hat Thorsten für Timo einen großen Kleiderschrank gekauft. Vor einer Woche hat Thorsten wieder einen großen Kleiderschrank weggegeben, weil er mit einem Freund ausgemistet hat.;Thorsten hat mindestens zweimal einen großen Kleiderschrank weggegeben.;morit/german_xlm_xnli;entailment;1;0.008071455173194408;0.08409842103719711;0.9078301191329956
12_ai_bii2_cannot_say_pos;Vor drei Jahren hat Thorsten für Timo einen großen Kleiderschrank gekauft.;Vor einer Woche hat Thorsten wieder einen großen Kleiderschrank weggegeben, weil er mit einem Freund ausgemistet hat.;Es lässt sich nicht sagen, wie oft Thorsten einen großen Kleiderschrank weggegeben hat.;unknown;12;ai;bii;2;positive;cannot say;False;;;Vor drei Jahren hat Thorsten für Timo einen großen Kleiderschrank gekauft. Vor einer Woche hat Thorsten wieder einen großen Kleiderschrank weggegeben, weil er mit einem Freund ausgemistet hat.;Es lässt sich nicht sagen, wie oft Thorsten einen großen Kleiderschrank weggegeben hat.;morit/german_xlm_xnli;neutral;1;0.01924307644367218;0.9380102753639221;0.04274666681885719
12_aii_bi1_once_neu;Vor drei Jahren hat Timo für Thorsten einen großen Kleiderschrank gekauft.;Vor einer Woche hat Timo wieder einen großen Kleiderschrank bekommen, weil er mit einem Freund ausgemistet hat.;Timo hat einmal einen großen Kleiderschrank bekommen.;entailment;12;aii;bi;1;neutral;once;False;;;Vor drei Jahren hat Timo für Thorsten einen großen Kleiderschrank gekauft. Vor einer Woche hat Timo wieder einen großen Kleiderschrank bekommen, weil er mit einem Freund ausgemistet hat.;Timo hat einmal einen großen Kleiderschrank bekommen.;morit/german_xlm_xnli;entailment;1;0.07618098706007004;0.023125598207116127;0.900693416595459
12_aii_bi1_twice_neu;Vor drei Jahren hat Timo für Thorsten einen großen Kleiderschrank gekauft.;Vor einer Woche hat Timo wieder einen großen Kleiderschrank bekommen, weil er mit einem Freund ausgemistet hat.;Timo hat mindestens zweimal einen großen Kleiderschrank bekommen.;unknown;12;aii;bi;1;neutral;twice;False;;;Vor drei Jahren hat Timo für Thorsten einen großen Kleiderschrank gekauft. Vor einer Woche hat Timo wieder einen großen Kleiderschrank bekommen, weil er mit einem Freund ausgemistet hat.;Timo hat mindestens zweimal einen großen Kleiderschrank bekommen.;morit/german_xlm_xnli;entailment;0;0.004714271053671837;0.07905194908380508;0.9162337183952332
12_aii_bi1_cannot_say_neu;Vor drei Jahren hat Timo für Thorsten einen großen Kleiderschrank gekauft.;Vor einer Woche hat Timo wieder einen großen Kleiderschrank bekommen, weil er mit einem Freund ausgemistet hat.;Es lässt sich nicht sagen, wie oft Timo einen großen Kleiderschrank bekommen hat.;unknown;12;aii;bi;1;neutral;cannot say;False;;;Vor drei Jahren hat Timo für Thorsten einen großen Kleiderschrank gekauft. Vor einer Woche hat Timo wieder einen großen Kleiderschrank bekommen, weil er mit einem Freund ausgemistet hat.;Es lässt sich nicht sagen, wie oft Timo einen großen Kleiderschrank bekommen hat.;morit/german_xlm_xnli;neutral;1;0.045109543949365616;0.9379977583885193;0.01689263805747032
12_aii_bi2_once_pos;Vor drei Jahren hat Timo für Thorsten einen großen Kleiderschrank gekauft.;Vor einer Woche hat Thorsten wieder einen großen Kleiderschrank bekommen, weil er mit einem Freund ausgemistet hat.;Thorsten hat einmal einen großen Kleiderschrank bekommen.;unknown;12;aii;bi;2;positive;once;False;;;Vor drei Jahren hat Timo für Thorsten einen großen Kleiderschrank gekauft. Vor einer Woche hat Thorsten wieder einen großen Kleiderschrank bekommen, weil er mit einem Freund ausgemistet hat.;Thorsten hat einmal einen großen Kleiderschrank bekommen.;morit/german_xlm_xnli;entailment;0;0.05202879011631012;0.02301204577088356;0.924959123134613
12_aii_bi2_twice_pos;Vor drei Jahren hat Timo für Thorsten einen großen Kleiderschrank gekauft.;Vor einer Woche hat Thorsten wieder einen großen Kleiderschrank bekommen, weil er mit einem Freund ausgemistet hat.;Thorsten hat mindestens zweimal einen großen Kleiderschrank bekommen.;entailment;12;aii;bi;2;positive;twice;False;;;Vor drei Jahren hat Timo für Thorsten einen großen Kleiderschrank gekauft. Vor einer Woche hat Thorsten wieder einen großen Kleiderschrank bekommen, weil er mit einem Freund ausgemistet hat.;Thorsten hat mindestens zweimal einen großen Kleiderschrank bekommen.;morit/german_xlm_xnli;entailment;1;0.006372647825628519;0.10924986749887466;0.8843774795532227
12_aii_bi2_cannot_say_pos;Vor drei Jahren hat Timo für Thorsten einen großen Kleiderschrank gekauft.;Vor einer Woche hat Thorsten wieder einen großen Kleiderschrank bekommen, weil er mit einem Freund ausgemistet hat.;Es lässt sich nicht sagen, wie oft Thorsten einen großen Kleiderschrank bekommen hat.;unknown;12;aii;bi;2;positive;cannot say;False;;;Vor drei Jahren hat Timo für Thorsten einen großen Kleiderschrank gekauft. Vor einer Woche hat Thorsten wieder einen großen Kleiderschrank bekommen, weil er mit einem Freund ausgemistet hat.;Es lässt sich nicht sagen, wie oft Thorsten einen großen Kleiderschrank bekommen hat.;morit/german_xlm_xnli;neutral;1;0.030848165974020958;0.9542999863624573;0.014851940795779228
12_aii_bii1_once_pos;Vor drei Jahren hat Timo für Thorsten einen großen Kleiderschrank gekauft.;Vor einer Woche hat Timo wieder einen großen Kleiderschrank weggegeben, weil er mit einem Freund ausgemistet hat.;Timo hat einmal einen großen Kleiderschrank weggegeben.;unknown;12;aii;bii;1;positive;once;False;;;Vor drei Jahren hat Timo für Thorsten einen großen Kleiderschrank gekauft. Vor einer Woche hat Timo wieder einen großen Kleiderschrank weggegeben, weil er mit einem Freund ausgemistet hat.;Timo hat einmal einen großen Kleiderschrank weggegeben.;morit/german_xlm_xnli;entailment;0;0.0705316960811615;0.02144993096590042;0.9080184102058411
12_aii_bii1_twice_pos;Vor drei Jahren hat Timo für Thorsten einen großen Kleiderschrank gekauft.;Vor einer Woche hat Timo wieder einen großen Kleiderschrank weggegeben, weil er mit einem Freund ausgemistet hat.;Timo hat mindestens zweimal einen großen Kleiderschrank weggegeben.;entailment;12;aii;bii;1;positive;twice;False;;;Vor drei Jahren hat Timo für Thorsten einen großen Kleiderschrank gekauft. Vor einer Woche hat Timo wieder einen großen Kleiderschrank weggegeben, weil er mit einem Freund ausgemistet hat.;Timo hat mindestens zweimal einen großen Kleiderschrank weggegeben.;morit/german_xlm_xnli;entailment;1;0.006825088523328304;0.07946762442588806;0.9137073159217834
12_aii_bii1_cannot_say_pos;Vor drei Jahren hat Timo für Thorsten einen großen Kleiderschrank gekauft.;Vor einer Woche hat Timo wieder einen großen Kleiderschrank weggegeben, weil er mit einem Freund ausgemistet hat.;Es lässt sich nicht sagen, wie oft Timo einen großen Kleiderschrank weggegeben hat.;unknown;12;aii;bii;1;positive;cannot say;False;;;Vor drei Jahren hat Timo für Thorsten einen großen Kleiderschrank gekauft. Vor einer Woche hat Timo wieder einen großen Kleiderschrank weggegeben, weil er mit einem Freund ausgemistet hat.;Es lässt sich nicht sagen, wie oft Timo einen großen Kleiderschrank weggegeben hat.;morit/german_xlm_xnli;neutral;1;0.025604717433452606;0.9353324770927429;0.03906278312206268
12_aii_bii2_once_neu;Vor drei Jahren hat Timo für Thorsten einen großen Kleiderschrank gekauft.;Vor einer Woche hat Thorsten wieder einen großen Kleiderschrank weggegeben, weil er mit einem Freund ausgemistet hat.;Thorsten hat einmal einen großen Kleiderschrank weggegeben.;entailment;12;aii;bii;2;neutral;once;False;;;Vor drei Jahren hat Timo für Thorsten einen großen Kleiderschrank gekauft. Vor einer Woche hat Thorsten wieder einen großen Kleiderschrank weggegeben, weil er mit einem Freund ausgemistet hat.;Thorsten hat einmal einen großen Kleiderschrank weggegeben.;morit/german_xlm_xnli;entailment;1;0.052867341786623;0.02157200686633587;0.9255606532096863
12_aii_bii2_twice_neu;Vor drei Jahren hat Timo für Thorsten einen großen Kleiderschrank gekauft.;Vor einer Woche hat Thorsten wieder einen großen Kleiderschrank weggegeben, weil er mit einem Freund ausgemistet hat.;Thorsten hat mindestens zweimal einen großen Kleiderschrank weggegeben.;unknown;12;aii;bii;2;neutral;twice;False;;;Vor drei Jahren hat Timo für Thorsten einen großen Kleiderschrank gekauft. Vor einer Woche hat Thorsten wieder einen großen Kleiderschrank weggegeben, weil er mit einem Freund ausgemistet hat.;Thorsten hat mindestens zweimal einen großen Kleiderschrank weggegeben.;morit/german_xlm_xnli;entailment;0;0.00821387767791748;0.09326120465993881;0.898524820804596
12_aii_bii2_cannot_say_neu;Vor drei Jahren hat Timo für Thorsten einen großen Kleiderschrank gekauft.;Vor einer Woche hat Thorsten wieder einen großen Kleiderschrank weggegeben, weil er mit einem Freund ausgemistet hat.;Es lässt sich nicht sagen, wie oft Thorsten einen großen Kleiderschrank weggegeben hat.;unknown;12;aii;bii;2;neutral;cannot say;False;;;Vor drei Jahren hat Timo für Thorsten einen großen Kleiderschrank gekauft. Vor einer Woche hat Thorsten wieder einen großen Kleiderschrank weggegeben, weil er mit einem Freund ausgemistet hat.;Es lässt sich nicht sagen, wie oft Thorsten einen großen Kleiderschrank weggegeben hat.;morit/german_xlm_xnli;neutral;1;0.02216554805636406;0.937703549861908;0.040130868554115295
13_ai_bi1_once_pos;Letzte Woche hat Thorsten Greta mit einem spannenden Auftrag betreut.;Vor zwei Tagen hat Greta wieder einen spannenden Auftrag ausgeführt, als sie an einer Konferenz teilgenommen hat.;Greta hat einmal einen spannenden Auftrag ausgeführt.;unknown;13;ai;bi;1;positive;once;False;;;Letzte Woche hat Thorsten Greta mit einem spannenden Auftrag betreut. Vor zwei Tagen hat Greta wieder einen spannenden Auftrag ausgeführt, als sie an einer Konferenz teilgenommen hat.;Greta hat einmal einen spannenden Auftrag ausgeführt.;morit/german_xlm_xnli;entailment;0;0.011684312485158443;0.01333691831678152;0.9749787449836731
13_ai_bi1_twice_pos;Letzte Woche hat Thorsten Greta mit einem spannenden Auftrag betreut.;Vor zwei Tagen hat Greta wieder einen spannenden Auftrag ausgeführt, als sie an einer Konferenz teilgenommen hat.;Greta hat mindestens zweimal einen spannenden Auftrag ausgeführt.;entailment;13;ai;bi;1;positive;twice;False;;;Letzte Woche hat Thorsten Greta mit einem spannenden Auftrag betreut. Vor zwei Tagen hat Greta wieder einen spannenden Auftrag ausgeführt, als sie an einer Konferenz teilgenommen hat.;Greta hat mindestens zweimal einen spannenden Auftrag ausgeführt.;morit/german_xlm_xnli;entailment;1;0.0013387189246714115;0.026375794783234596;0.9722855091094971
13_ai_bi1_cannot_say_pos;Letzte Woche hat Thorsten Greta mit einem spannenden Auftrag betreut.;Vor zwei Tagen hat Greta wieder einen spannenden Auftrag ausgeführt, als sie an einer Konferenz teilgenommen hat.;Es lässt sich nicht sagen, wie oft Greta einen spannenden Auftrag ausgeführt hat.;unknown;13;ai;bi;1;positive;cannot say;False;;;Letzte Woche hat Thorsten Greta mit einem spannenden Auftrag betreut. Vor zwei Tagen hat Greta wieder einen spannenden Auftrag ausgeführt, als sie an einer Konferenz teilgenommen hat.;Es lässt sich nicht sagen, wie oft Greta einen spannenden Auftrag ausgeführt hat.;morit/german_xlm_xnli;neutral;1;0.06486358493566513;0.9092891812324524;0.025847293436527252
13_ai_bi2_once_neu;Letzte Woche hat Thorsten Greta mit einem spannenden Auftrag betreut.;Vor zwei Tagen hat Thorsten wieder einen spannenden Auftrag ausgeführt, als er an einer Konferenz teilgenommen hat.;Thorsten hat einmal einen spannenden Auftrag ausgeführt.;entailment;13;ai;bi;2;neutral;once;False;;;Letzte Woche hat Thorsten Greta mit einem spannenden Auftrag betreut. Vor zwei Tagen hat Thorsten wieder einen spannenden Auftrag ausgeführt, als er an einer Konferenz teilgenommen hat.;Thorsten hat einmal einen spannenden Auftrag ausgeführt.;morit/german_xlm_xnli;entailment;1;0.015541916713118553;0.014278389513492584;0.9701797962188721
13_ai_bi2_twice_neu;Letzte Woche hat Thorsten Greta mit einem spannenden Auftrag betreut.;Vor zwei Tagen hat Thorsten wieder einen spannenden Auftrag ausgeführt, als er an einer Konferenz teilgenommen hat.;Thorsten hat mindestens zweimal einen spannenden Auftrag ausgeführt.;unknown;13;ai;bi;2;neutral;twice;False;;;Letzte Woche hat Thorsten Greta mit einem spannenden Auftrag betreut. Vor zwei Tagen hat Thorsten wieder einen spannenden Auftrag ausgeführt, als er an einer Konferenz teilgenommen hat.;Thorsten hat mindestens zweimal einen spannenden Auftrag ausgeführt.;morit/german_xlm_xnli;entailment;0;0.0015732237370684743;0.02527705207467079;0.9731497168540955
13_ai_bi2_cannot_say_neu;Letzte Woche hat Thorsten Greta mit einem spannenden Auftrag betreut.;Vor zwei Tagen hat Thorsten wieder einen spannenden Auftrag ausgeführt, als er an einer Konferenz teilgenommen hat.;Es lässt sich nicht sagen, wie oft Thorsten einen spannenden Auftrag ausgeführt hat.;unknown;13;ai;bi;2;neutral;cannot say;False;;;Letzte Woche hat Thorsten Greta mit einem spannenden Auftrag betreut. Vor zwei Tagen hat Thorsten wieder einen spannenden Auftrag ausgeführt, als er an einer Konferenz teilgenommen hat.;Es lässt sich nicht sagen, wie oft Thorsten einen spannenden Auftrag ausgeführt hat.;morit/german_xlm_xnli;neutral;1;0.04066959023475647;0.9363633990287781;0.022967085242271423
13_ai_bii1_once_neu;Letzte Woche hat Thorsten Greta mit einem spannenden Auftrag betreut.;Vor zwei Tagen hat Greta wieder einen spannenden Auftrag vergeben, als sie an einer Konferenz teilgenommen hat.;Greta hat einmal einen spannenden Auftrag vergeben.;entailment;13;ai;bii;1;neutral;once;False;;;Letzte Woche hat Thorsten Greta mit einem spannenden Auftrag betreut. Vor zwei Tagen hat Greta wieder einen spannenden Auftrag vergeben, als sie an einer Konferenz teilgenommen hat.;Greta hat einmal einen spannenden Auftrag vergeben.;morit/german_xlm_xnli;entailment;1;0.008151331916451454;0.011815233156085014;0.9800334572792053
13_ai_bii1_twice_neu;Letzte Woche hat Thorsten Greta mit einem spannenden Auftrag betreut.;Vor zwei Tagen hat Greta wieder einen spannenden Auftrag vergeben, als sie an einer Konferenz teilgenommen hat.;Greta hat mindestens zweimal einen spannenden Auftrag vergeben.;unknown;13;ai;bii;1;neutral;twice;False;;;Letzte Woche hat Thorsten Greta mit einem spannenden Auftrag betreut. Vor zwei Tagen hat Greta wieder einen spannenden Auftrag vergeben, als sie an einer Konferenz teilgenommen hat.;Greta hat mindestens zweimal einen spannenden Auftrag vergeben.;morit/german_xlm_xnli;entailment;0;0.0011984941083937883;0.02665131352841854;0.9721501469612122
13_ai_bii1_cannot_say_neu;Letzte Woche hat Thorsten Greta mit einem spannenden Auftrag betreut.;Vor zwei Tagen hat Greta wieder einen spannenden Auftrag vergeben, als sie an einer Konferenz teilgenommen hat.;Es lässt sich nicht sagen, wie oft Greta einen spannenden Auftrag vergeben hat.;unknown;13;ai;bii;1;neutral;cannot say;False;;;Letzte Woche hat Thorsten Greta mit einem spannenden Auftrag betreut. Vor zwei Tagen hat Greta wieder einen spannenden Auftrag vergeben, als sie an einer Konferenz teilgenommen hat.;Es lässt sich nicht sagen, wie oft Greta einen spannenden Auftrag vergeben hat.;morit/german_xlm_xnli;neutral;1;0.060033757239580154;0.9136323928833008;0.02633381076157093
13_ai_bii2_once_pos;Letzte Woche hat Thorsten Greta mit einem spannenden Auftrag betreut.;Vor zwei Tagen hat Thorsten wieder einen spannenden Auftrag vergeben, als er an einer Konferenz teilgenommen hat.;Thorsten hat einmal einen spannenden Auftrag vergeben.;unknown;13;ai;bii;2;positive;once;False;;;Letzte Woche hat Thorsten Greta mit einem spannenden Auftrag betreut. Vor zwei Tagen hat Thorsten wieder einen spannenden Auftrag vergeben, als er an einer Konferenz teilgenommen hat.;Thorsten hat einmal einen spannenden Auftrag vergeben.;morit/german_xlm_xnli;entailment;0;0.010695675387978554;0.012416190467774868;0.9768880605697632
13_ai_bii2_twice_pos;Letzte Woche hat Thorsten Greta mit einem spannenden Auftrag betreut.;Vor zwei Tagen hat Thorsten wieder einen spannenden Auftrag vergeben, als er an einer Konferenz teilgenommen hat.;Thorsten hat mindestens zweimal einen spannenden Auftrag vergeben.;entailment;13;ai;bii;2;positive;twice;False;;;Letzte Woche hat Thorsten Greta mit einem spannenden Auftrag betreut. Vor zwei Tagen hat Thorsten wieder einen spannenden Auftrag vergeben, als er an einer Konferenz teilgenommen hat.;Thorsten hat mindestens zweimal einen spannenden Auftrag vergeben.;morit/german_xlm_xnli;entailment;1;0.0013882892671972513;0.024438966065645218;0.9741727113723755
13_ai_bii2_cannot_say_pos;Letzte Woche hat Thorsten Greta mit einem spannenden Auftrag betreut.;Vor zwei Tagen hat Thorsten wieder einen spannenden Auftrag vergeben, als er an einer Konferenz teilgenommen hat.;Es lässt sich nicht sagen, wie oft Thorsten einen spannenden Auftrag vergeben hat.;unknown;13;ai;bii;2;positive;cannot say;False;;;Letzte Woche hat Thorsten Greta mit einem spannenden Auftrag betreut. Vor zwei Tagen hat Thorsten wieder einen spannenden Auftrag vergeben, als er an einer Konferenz teilgenommen hat.;Es lässt sich nicht sagen, wie oft Thorsten einen spannenden Auftrag vergeben hat.;morit/german_xlm_xnli;neutral;1;0.04349653050303459;0.931973397731781;0.024530109018087387
13_aii_bi1_once_neu;Letzte Woche hat Greta Thorsten mit einem spannenden Auftrag betreut.;Vor zwei Tagen hat Greta wieder einen spannenden Auftrag ausgeführt, als sie an einer Konferenz teilgenommen hat.;Greta hat einmal einen spannenden Auftrag ausgeführt.;entailment;13;aii;bi;1;neutral;once;False;;;Letzte Woche hat Greta Thorsten mit einem spannenden Auftrag betreut. Vor zwei Tagen hat Greta wieder einen spannenden Auftrag ausgeführt, als sie an einer Konferenz teilgenommen hat.;Greta hat einmal einen spannenden Auftrag ausgeführt.;morit/german_xlm_xnli;entailment;1;0.01377540547400713;0.014521843753755093;0.9717026352882385
13_aii_bi1_twice_neu;Letzte Woche hat Greta Thorsten mit einem spannenden Auftrag betreut.;Vor zwei Tagen hat Greta wieder einen spannenden Auftrag ausgeführt, als sie an einer Konferenz teilgenommen hat.;Greta hat mindestens zweimal einen spannenden Auftrag ausgeführt.;unknown;13;aii;bi;1;neutral;twice;False;;;Letzte Woche hat Greta Thorsten mit einem spannenden Auftrag betreut. Vor zwei Tagen hat Greta wieder einen spannenden Auftrag ausgeführt, als sie an einer Konferenz teilgenommen hat.;Greta hat mindestens zweimal einen spannenden Auftrag ausgeführt.;morit/german_xlm_xnli;entailment;0;0.0013601111713796854;0.02731504663825035;0.9713248610496521
13_aii_bi1_cannot_say_neu;Letzte Woche hat Greta Thorsten mit einem spannenden Auftrag betreut.;Vor zwei Tagen hat Greta wieder einen spannenden Auftrag ausgeführt, als sie an einer Konferenz teilgenommen hat.;Es lässt sich nicht sagen, wie oft Greta einen spannenden Auftrag ausgeführt hat.;unknown;13;aii;bi;1;neutral;cannot say;False;;;Letzte Woche hat Greta Thorsten mit einem spannenden Auftrag betreut. Vor zwei Tagen hat Greta wieder einen spannenden Auftrag ausgeführt, als sie an einer Konferenz teilgenommen hat.;Es lässt sich nicht sagen, wie oft Greta einen spannenden Auftrag ausgeführt hat.;morit/german_xlm_xnli;neutral;1;0.06022275984287262;0.9170517325401306;0.022725414484739304
13_aii_bi2_once_pos;Letzte Woche hat Greta Thorsten mit einem spannenden Auftrag betreut.;Vor zwei Tagen hat Thorsten wieder einen spannenden Auftrag ausgeführt, als er an einer Konferenz teilgenommen hat.;Thorsten hat einmal einen spannenden Auftrag ausgeführt.;unknown;13;aii;bi;2;positive;once;False;;;Letzte Woche hat Greta Thorsten mit einem spannenden Auftrag betreut. Vor zwei Tagen hat Thorsten wieder einen spannenden Auftrag ausgeführt, als er an einer Konferenz teilgenommen hat.;Thorsten hat einmal einen spannenden Auftrag ausgeführt.;morit/german_xlm_xnli;entailment;0;0.015489248558878899;0.013333466835319996;0.9711772799491882
13_aii_bi2_twice_pos;Letzte Woche hat Greta Thorsten mit einem spannenden Auftrag betreut.;Vor zwei Tagen hat Thorsten wieder einen spannenden Auftrag ausgeführt, als er an einer Konferenz teilgenommen hat.;Thorsten hat mindestens zweimal einen spannenden Auftrag ausgeführt.;entailment;13;aii;bi;2;positive;twice;False;;;Letzte Woche hat Greta Thorsten mit einem spannenden Auftrag betreut. Vor zwei Tagen hat Thorsten wieder einen spannenden Auftrag ausgeführt, als er an einer Konferenz teilgenommen hat.;Thorsten hat mindestens zweimal einen spannenden Auftrag ausgeführt.;morit/german_xlm_xnli;entailment;1;0.0016647622687742114;0.026178263127803802;0.9721569418907166
13_aii_bi2_cannot_say_pos;Letzte Woche hat Greta Thorsten mit einem spannenden Auftrag betreut.;Vor zwei Tagen hat Thorsten wieder einen spannenden Auftrag ausgeführt, als er an einer Konferenz teilgenommen hat.;Es lässt sich nicht sagen, wie oft Thorsten einen spannenden Auftrag ausgeführt hat.;unknown;13;aii;bi;2;positive;cannot say;False;;;Letzte Woche hat Greta Thorsten mit einem spannenden Auftrag betreut. Vor zwei Tagen hat Thorsten wieder einen spannenden Auftrag ausgeführt, als er an einer Konferenz teilgenommen hat.;Es lässt sich nicht sagen, wie oft Thorsten einen spannenden Auftrag ausgeführt hat.;morit/german_xlm_xnli;neutral;1;0.04570648819208145;0.932100772857666;0.02219272404909134
13_aii_bii1_once_pos;Letzte Woche hat Greta Thorsten mit einem spannenden Auftrag betreut.;Vor zwei Tagen hat Greta wieder einen spannenden Auftrag vergeben, als sie an einer Konferenz teilgenommen hat.;Greta hat einmal einen spannenden Auftrag vergeben.;unknown;13;aii;bii;1;positive;once;False;;;Letzte Woche hat Greta Thorsten mit einem spannenden Auftrag betreut. Vor zwei Tagen hat Greta wieder einen spannenden Auftrag vergeben, als sie an einer Konferenz teilgenommen hat.;Greta hat einmal einen spannenden Auftrag vergeben.;morit/german_xlm_xnli;entailment;0;0.009302281774580479;0.01279781199991703;0.9778998494148254
13_aii_bii1_twice_pos;Letzte Woche hat Greta Thorsten mit einem spannenden Auftrag betreut.;Vor zwei Tagen hat Greta wieder einen spannenden Auftrag vergeben, als sie an einer Konferenz teilgenommen hat.;Greta hat mindestens zweimal einen spannenden Auftrag vergeben.;entailment;13;aii;bii;1;positive;twice;False;;;Letzte Woche hat Greta Thorsten mit einem spannenden Auftrag betreut. Vor zwei Tagen hat Greta wieder einen spannenden Auftrag vergeben, als sie an einer Konferenz teilgenommen hat.;Greta hat mindestens zweimal einen spannenden Auftrag vergeben.;morit/german_xlm_xnli;entailment;1;0.001210652757436037;0.027543190866708755;0.9712462425231934
13_aii_bii1_cannot_say_pos;Letzte Woche hat Greta Thorsten mit einem spannenden Auftrag betreut.;Vor zwei Tagen hat Greta wieder einen spannenden Auftrag vergeben, als sie an einer Konferenz teilgenommen hat.;Es lässt sich nicht sagen, wie oft Greta einen spannenden Auftrag vergeben hat.;unknown;13;aii;bii;1;positive;cannot say;False;;;Letzte Woche hat Greta Thorsten mit einem spannenden Auftrag betreut. Vor zwei Tagen hat Greta wieder einen spannenden Auftrag vergeben, als sie an einer Konferenz teilgenommen hat.;Es lässt sich nicht sagen, wie oft Greta einen spannenden Auftrag vergeben hat.;morit/german_xlm_xnli;neutral;1;0.055776990950107574;0.9209523797035217;0.023270603269338608
13_aii_bii2_once_neu;Letzte Woche hat Greta Thorsten mit einem spannenden Auftrag betreut.;Vor zwei Tagen hat Thorsten wieder einen spannenden Auftrag vergeben, als er an einer Konferenz teilgenommen hat.;Thorsten hat einmal einen spannenden Auftrag vergeben.;entailment;13;aii;bii;2;neutral;once;False;;;Letzte Woche hat Greta Thorsten mit einem spannenden Auftrag betreut. Vor zwei Tagen hat Thorsten wieder einen spannenden Auftrag vergeben, als er an einer Konferenz teilgenommen hat.;Thorsten hat einmal einen spannenden Auftrag vergeben.;morit/german_xlm_xnli;entailment;1;0.010715341195464134;0.011624700389802456;0.9776599407196045
13_aii_bii2_twice_neu;Letzte Woche hat Greta Thorsten mit einem spannenden Auftrag betreut.;Vor zwei Tagen hat Thorsten wieder einen spannenden Auftrag vergeben, als er an einer Konferenz teilgenommen hat.;Thorsten hat mindestens zweimal einen spannenden Auftrag vergeben.;unknown;13;aii;bii;2;neutral;twice;False;;;Letzte Woche hat Greta Thorsten mit einem spannenden Auftrag betreut. Vor zwei Tagen hat Thorsten wieder einen spannenden Auftrag vergeben, als er an einer Konferenz teilgenommen hat.;Thorsten hat mindestens zweimal einen spannenden Auftrag vergeben.;morit/german_xlm_xnli;entailment;0;0.001446241163648665;0.025067156180739403;0.973486602306366
13_aii_bii2_cannot_say_neu;Letzte Woche hat Greta Thorsten mit einem spannenden Auftrag betreut.;Vor zwei Tagen hat Thorsten wieder einen spannenden Auftrag vergeben, als er an einer Konferenz teilgenommen hat.;Es lässt sich nicht sagen, wie oft Thorsten einen spannenden Auftrag vergeben hat.;unknown;13;aii;bii;2;neutral;cannot say;False;;;Letzte Woche hat Greta Thorsten mit einem spannenden Auftrag betreut. Vor zwei Tagen hat Thorsten wieder einen spannenden Auftrag vergeben, als er an einer Konferenz teilgenommen hat.;Es lässt sich nicht sagen, wie oft Thorsten einen spannenden Auftrag vergeben hat.;morit/german_xlm_xnli;neutral;1;0.04761367663741112;0.9283674955368042;0.024018852040171623
14_ai_bi1_once_pos;Letzten Monat hat Thorsten Sabine ein selbstgemaltes Bild gezeigt.;Vor zwei Wochen hat Sabine wieder ein selbstgemaltes Bild gesehen, als sie mit einer Künstlerin verabredet war.;Sabine hat einmal ein selbstgemaltes Bild gesehen.;unknown;14;ai;bi;1;positive;once;False;;;Letzten Monat hat Thorsten Sabine ein selbstgemaltes Bild gezeigt. Vor zwei Wochen hat Sabine wieder ein selbstgemaltes Bild gesehen, als sie mit einer Künstlerin verabredet war.;Sabine hat einmal ein selbstgemaltes Bild gesehen.;morit/german_xlm_xnli;entailment;0;0.018330343067646027;0.014326606877148151;0.9673430323600769
14_ai_bi1_twice_pos;Letzten Monat hat Thorsten Sabine ein selbstgemaltes Bild gezeigt.;Vor zwei Wochen hat Sabine wieder ein selbstgemaltes Bild gesehen, als sie mit einer Künstlerin verabredet war.;Sabine hat mindestens zweimal ein selbstgemaltes Bild gesehen.;entailment;14;ai;bi;1;positive;twice;False;;;Letzten Monat hat Thorsten Sabine ein selbstgemaltes Bild gezeigt. Vor zwei Wochen hat Sabine wieder ein selbstgemaltes Bild gesehen, als sie mit einer Künstlerin verabredet war.;Sabine hat mindestens zweimal ein selbstgemaltes Bild gesehen.;morit/german_xlm_xnli;entailment;1;0.0018365394789725542;0.020394833758473396;0.9777686595916748
14_ai_bi1_cannot_say_pos;Letzten Monat hat Thorsten Sabine ein selbstgemaltes Bild gezeigt.;Vor zwei Wochen hat Sabine wieder ein selbstgemaltes Bild gesehen, als sie mit einer Künstlerin verabredet war.;Es lässt sich nicht sagen, wie oft Sabine ein selbstgemaltes Bild gesehen hat.;unknown;14;ai;bi;1;positive;cannot say;False;;;Letzten Monat hat Thorsten Sabine ein selbstgemaltes Bild gezeigt. Vor zwei Wochen hat Sabine wieder ein selbstgemaltes Bild gesehen, als sie mit einer Künstlerin verabredet war.;Es lässt sich nicht sagen, wie oft Sabine ein selbstgemaltes Bild gesehen hat.;morit/german_xlm_xnli;neutral;1;0.17221756279468536;0.7712777853012085;0.05650455504655838
14_ai_bi2_once_neu;Letzten Monat hat Thorsten Sabine ein selbstgemaltes Bild gezeigt.;Vor zwei Wochen hat Thorsten wieder ein selbstgemaltes Bild gesehen, als er mit einer Künstlerin verabredet war.;Thorsten hat einmal ein selbstgemaltes Bild gesehen.;entailment;14;ai;bi;2;neutral;once;False;;;Letzten Monat hat Thorsten Sabine ein selbstgemaltes Bild gezeigt. Vor zwei Wochen hat Thorsten wieder ein selbstgemaltes Bild gesehen, als er mit einer Künstlerin verabredet war.;Thorsten hat einmal ein selbstgemaltes Bild gesehen.;morit/german_xlm_xnli;entailment;1;0.03381199389696121;0.020400667563080788;0.945787250995636
14_ai_bi2_twice_neu;Letzten Monat hat Thorsten Sabine ein selbstgemaltes Bild gezeigt.;Vor zwei Wochen hat Thorsten wieder ein selbstgemaltes Bild gesehen, als er mit einer Künstlerin verabredet war.;Thorsten hat mindestens zweimal ein selbstgemaltes Bild gesehen.;unknown;14;ai;bi;2;neutral;twice;False;;;Letzten Monat hat Thorsten Sabine ein selbstgemaltes Bild gezeigt. Vor zwei Wochen hat Thorsten wieder ein selbstgemaltes Bild gesehen, als er mit einer Künstlerin verabredet war.;Thorsten hat mindestens zweimal ein selbstgemaltes Bild gesehen.;morit/german_xlm_xnli;entailment;0;0.002554754726588726;0.024978801608085632;0.9724664092063904
14_ai_bi2_cannot_say_neu;Letzten Monat hat Thorsten Sabine ein selbstgemaltes Bild gezeigt.;Vor zwei Wochen hat Thorsten wieder ein selbstgemaltes Bild gesehen, als er mit einer Künstlerin verabredet war.;Es lässt sich nicht sagen, wie oft Thorsten ein selbstgemaltes Bild gesehen hat.;unknown;14;ai;bi;2;neutral;cannot say;False;;;Letzten Monat hat Thorsten Sabine ein selbstgemaltes Bild gezeigt. Vor zwei Wochen hat Thorsten wieder ein selbstgemaltes Bild gesehen, als er mit einer Künstlerin verabredet war.;Es lässt sich nicht sagen, wie oft Thorsten ein selbstgemaltes Bild gesehen hat.;morit/german_xlm_xnli;neutral;1;0.1823301464319229;0.7476825714111328;0.06998726725578308
14_ai_bii1_once_neu;Letzten Monat hat Thorsten Sabine ein selbstgemaltes Bild gezeigt.;Vor zwei Wochen hat Sabine wieder ein selbstgemaltes Bild präsentiert, als sie mit einer Künstlerin verabredet war.;Sabine hat einmal ein selbstgemaltes Bild präsentiert.;entailment;14;ai;bii;1;neutral;once;False;;;Letzten Monat hat Thorsten Sabine ein selbstgemaltes Bild gezeigt. Vor zwei Wochen hat Sabine wieder ein selbstgemaltes Bild präsentiert, als sie mit einer Künstlerin verabredet war.;Sabine hat einmal ein selbstgemaltes Bild präsentiert.;morit/german_xlm_xnli;entailment;1;0.016838690266013145;0.012793833389878273;0.970367431640625
14_ai_bii1_twice_neu;Letzten Monat hat Thorsten Sabine ein selbstgemaltes Bild gezeigt.;Vor zwei Wochen hat Sabine wieder ein selbstgemaltes Bild präsentiert, als sie mit einer Künstlerin verabredet war.;Sabine hat mindestens zweimal ein selbstgemaltes Bild präsentiert.;unknown;14;ai;bii;1;neutral;twice;False;;;Letzten Monat hat Thorsten Sabine ein selbstgemaltes Bild gezeigt. Vor zwei Wochen hat Sabine wieder ein selbstgemaltes Bild präsentiert, als sie mit einer Künstlerin verabredet war.;Sabine hat mindestens zweimal ein selbstgemaltes Bild präsentiert.;morit/german_xlm_xnli;entailment;0;0.0020481206011027098;0.023365838453173637;0.974586009979248
14_ai_bii1_cannot_say_neu;Letzten Monat hat Thorsten Sabine ein selbstgemaltes Bild gezeigt.;Vor zwei Wochen hat Sabine wieder ein selbstgemaltes Bild präsentiert, als sie mit einer Künstlerin verabredet war.;Es lässt sich nicht sagen, wie oft Sabine ein selbstgemaltes Bild präsentiert hat.;unknown;14;ai;bii;1;neutral;cannot say;False;;;Letzten Monat hat Thorsten Sabine ein selbstgemaltes Bild gezeigt. Vor zwei Wochen hat Sabine wieder ein selbstgemaltes Bild präsentiert, als sie mit einer Künstlerin verabredet war.;Es lässt sich nicht sagen, wie oft Sabine ein selbstgemaltes Bild präsentiert hat.;morit/german_xlm_xnli;neutral;1;0.1557246893644333;0.7903181910514832;0.053957194089889526
14_ai_bii2_once_pos;Letzten Monat hat Thorsten Sabine ein selbstgemaltes Bild gezeigt.;Vor zwei Wochen hat Thorsten wieder ein selbstgemaltes Bild präsentiert, als er mit einer Künstlerin verabredet war.;Thorsten hat einmal ein selbstgemaltes Bild präsentiert.;unknown;14;ai;bii;2;positive;once;False;;;Letzten Monat hat Thorsten Sabine ein selbstgemaltes Bild gezeigt. Vor zwei Wochen hat Thorsten wieder ein selbstgemaltes Bild präsentiert, als er mit einer Künstlerin verabredet war.;Thorsten hat einmal ein selbstgemaltes Bild präsentiert.;morit/german_xlm_xnli;entailment;0;0.025019990280270576;0.017515020444989204;0.9574649333953857
14_ai_bii2_twice_pos;Letzten Monat hat Thorsten Sabine ein selbstgemaltes Bild gezeigt.;Vor zwei Wochen hat Thorsten wieder ein selbstgemaltes Bild präsentiert, als er mit einer Künstlerin verabredet war.;Thorsten hat mindestens zweimal ein selbstgemaltes Bild präsentiert.;entailment;14;ai;bii;2;positive;twice;False;;;Letzten Monat hat Thorsten Sabine ein selbstgemaltes Bild gezeigt. Vor zwei Wochen hat Thorsten wieder ein selbstgemaltes Bild präsentiert, als er mit einer Künstlerin verabredet war.;Thorsten hat mindestens zweimal ein selbstgemaltes Bild präsentiert.;morit/german_xlm_xnli;entailment;1;0.002676925854757428;0.028690937906503677;0.9686321020126343
14_ai_bii2_cannot_say_pos;Letzten Monat hat Thorsten Sabine ein selbstgemaltes Bild gezeigt.;Vor zwei Wochen hat Thorsten wieder ein selbstgemaltes Bild präsentiert, als er mit einer Künstlerin verabredet war.;Es lässt sich nicht sagen, wie oft Thorsten ein selbstgemaltes Bild präsentiert hat.;unknown;14;ai;bii;2;positive;cannot say;False;;;Letzten Monat hat Thorsten Sabine ein selbstgemaltes Bild gezeigt. Vor zwei Wochen hat Thorsten wieder ein selbstgemaltes Bild präsentiert, als er mit einer Künstlerin verabredet war.;Es lässt sich nicht sagen, wie oft Thorsten ein selbstgemaltes Bild präsentiert hat.;morit/german_xlm_xnli;neutral;1;0.1436566263437271;0.7964065074920654;0.05993682146072388
14_aii_bi1_once_neu;Letzten Monat hat Sabine Thorsten ein selbstgemaltes Bild gezeigt.;Vor zwei Wochen hat Sabine wieder ein selbstgemaltes Bild gesehen, als sie mit einer Künstlerin verabredet war.;Sabine hat einmal ein selbstgemaltes Bild gesehen.;entailment;14;aii;bi;1;neutral;once;False;;;Letzten Monat hat Sabine Thorsten ein selbstgemaltes Bild gezeigt. Vor zwei Wochen hat Sabine wieder ein selbstgemaltes Bild gesehen, als sie mit einer Künstlerin verabredet war.;Sabine hat einmal ein selbstgemaltes Bild gesehen.;morit/german_xlm_xnli;entailment;1;0.02941230870783329;0.017730679363012314;0.9528570771217346
14_aii_bi1_twice_neu;Letzten Monat hat Sabine Thorsten ein selbstgemaltes Bild gezeigt.;Vor zwei Wochen hat Sabine wieder ein selbstgemaltes Bild gesehen, als sie mit einer Künstlerin verabredet war.;Sabine hat mindestens zweimal ein selbstgemaltes Bild gesehen.;unknown;14;aii;bi;1;neutral;twice;False;;;Letzten Monat hat Sabine Thorsten ein selbstgemaltes Bild gezeigt. Vor zwei Wochen hat Sabine wieder ein selbstgemaltes Bild gesehen, als sie mit einer Künstlerin verabredet war.;Sabine hat mindestens zweimal ein selbstgemaltes Bild gesehen.;morit/german_xlm_xnli;entailment;0;0.0020616482943296432;0.020435737445950508;0.9775026440620422
14_aii_bi1_cannot_say_neu;Letzten Monat hat Sabine Thorsten ein selbstgemaltes Bild gezeigt.;Vor zwei Wochen hat Sabine wieder ein selbstgemaltes Bild gesehen, als sie mit einer Künstlerin verabredet war.;Es lässt sich nicht sagen, wie oft Sabine ein selbstgemaltes Bild gesehen hat.;unknown;14;aii;bi;1;neutral;cannot say;False;;;Letzten Monat hat Sabine Thorsten ein selbstgemaltes Bild gezeigt. Vor zwei Wochen hat Sabine wieder ein selbstgemaltes Bild gesehen, als sie mit einer Künstlerin verabredet war.;Es lässt sich nicht sagen, wie oft Sabine ein selbstgemaltes Bild gesehen hat.;morit/german_xlm_xnli;neutral;1;0.16968092322349548;0.7794782519340515;0.05084078758955002
14_aii_bi2_once_pos;Letzten Monat hat Sabine Thorsten ein selbstgemaltes Bild gezeigt.;Vor zwei Wochen hat Thorsten wieder ein selbstgemaltes Bild gesehen, als er mit einer Künstlerin verabredet war.;Thorsten hat einmal ein selbstgemaltes Bild gesehen.;unknown;14;aii;bi;2;positive;once;False;;;Letzten Monat hat Sabine Thorsten ein selbstgemaltes Bild gezeigt. Vor zwei Wochen hat Thorsten wieder ein selbstgemaltes Bild gesehen, als er mit einer Künstlerin verabredet war.;Thorsten hat einmal ein selbstgemaltes Bild gesehen.;morit/german_xlm_xnli;entailment;0;0.023987669497728348;0.017959462478756905;0.958052933216095
14_aii_bi2_twice_pos;Letzten Monat hat Sabine Thorsten ein selbstgemaltes Bild gezeigt.;Vor zwei Wochen hat Thorsten wieder ein selbstgemaltes Bild gesehen, als er mit einer Künstlerin verabredet war.;Thorsten hat mindestens zweimal ein selbstgemaltes Bild gesehen.;entailment;14;aii;bi;2;positive;twice;False;;;Letzten Monat hat Sabine Thorsten ein selbstgemaltes Bild gezeigt. Vor zwei Wochen hat Thorsten wieder ein selbstgemaltes Bild gesehen, als er mit einer Künstlerin verabredet war.;Thorsten hat mindestens zweimal ein selbstgemaltes Bild gesehen.;morit/german_xlm_xnli;entailment;1;0.0023850291036069393;0.024731311947107315;0.9728835821151733
14_aii_bi2_cannot_say_pos;Letzten Monat hat Sabine Thorsten ein selbstgemaltes Bild gezeigt.;Vor zwei Wochen hat Thorsten wieder ein selbstgemaltes Bild gesehen, als er mit einer Künstlerin verabredet war.;Es lässt sich nicht sagen, wie oft Thorsten ein selbstgemaltes Bild gesehen hat.;unknown;14;aii;bi;2;positive;cannot say;False;;;Letzten Monat hat Sabine Thorsten ein selbstgemaltes Bild gezeigt. Vor zwei Wochen hat Thorsten wieder ein selbstgemaltes Bild gesehen, als er mit einer Künstlerin verabredet war.;Es lässt sich nicht sagen, wie oft Thorsten ein selbstgemaltes Bild gesehen hat.;morit/german_xlm_xnli;neutral;1;0.1727466732263565;0.7604532241821289;0.06680019944906235
14_aii_bii1_once_pos;Letzten Monat hat Sabine Thorsten ein selbstgemaltes Bild gezeigt.;Vor zwei Wochen hat Sabine wieder ein selbstgemaltes Bild präsentiert, als sie mit einer Künstlerin verabredet war.;Sabine hat einmal ein selbstgemaltes Bild präsentiert.;unknown;14;aii;bii;1;positive;once;False;;;Letzten Monat hat Sabine Thorsten ein selbstgemaltes Bild gezeigt. Vor zwei Wochen hat Sabine wieder ein selbstgemaltes Bild präsentiert, als sie mit einer Künstlerin verabredet war.;Sabine hat einmal ein selbstgemaltes Bild präsentiert.;morit/german_xlm_xnli;entailment;0;0.027486559003591537;0.016380975022912025;0.9561324715614319
14_aii_bii1_twice_pos;Letzten Monat hat Sabine Thorsten ein selbstgemaltes Bild gezeigt.;Vor zwei Wochen hat Sabine wieder ein selbstgemaltes Bild präsentiert, als sie mit einer Künstlerin verabredet war.;Sabine hat mindestens zweimal ein selbstgemaltes Bild präsentiert.;entailment;14;aii;bii;1;positive;twice;False;;;Letzten Monat hat Sabine Thorsten ein selbstgemaltes Bild gezeigt. Vor zwei Wochen hat Sabine wieder ein selbstgemaltes Bild präsentiert, als sie mit einer Künstlerin verabredet war.;Sabine hat mindestens zweimal ein selbstgemaltes Bild präsentiert.;morit/german_xlm_xnli;entailment;1;0.0023860244546085596;0.023330746218562126;0.9742832779884338
14_aii_bii1_cannot_say_pos;Letzten Monat hat Sabine Thorsten ein selbstgemaltes Bild gezeigt.;Vor zwei Wochen hat Sabine wieder ein selbstgemaltes Bild präsentiert, als sie mit einer Künstlerin verabredet war.;Es lässt sich nicht sagen, wie oft Sabine ein selbstgemaltes Bild präsentiert hat.;unknown;14;aii;bii;1;positive;cannot say;False;;;Letzten Monat hat Sabine Thorsten ein selbstgemaltes Bild gezeigt. Vor zwei Wochen hat Sabine wieder ein selbstgemaltes Bild präsentiert, als sie mit einer Künstlerin verabredet war.;Es lässt sich nicht sagen, wie oft Sabine ein selbstgemaltes Bild präsentiert hat.;morit/german_xlm_xnli;neutral;1;0.14158576726913452;0.8105846047401428;0.04782966896891594
14_aii_bii2_once_neu;Letzten Monat hat Sabine Thorsten ein selbstgemaltes Bild gezeigt.;Vor zwei Wochen hat Thorsten wieder ein selbstgemaltes Bild präsentiert, als er mit einer Künstlerin verabredet war.;Thorsten hat einmal ein selbstgemaltes Bild präsentiert.;entailment;14;aii;bii;2;neutral;once;False;;;Letzten Monat hat Sabine Thorsten ein selbstgemaltes Bild gezeigt. Vor zwei Wochen hat Thorsten wieder ein selbstgemaltes Bild präsentiert, als er mit einer Künstlerin verabredet war.;Thorsten hat einmal ein selbstgemaltes Bild präsentiert.;morit/german_xlm_xnli;entailment;1;0.020193004980683327;0.015515015460550785;0.9642919301986694
14_aii_bii2_twice_neu;Letzten Monat hat Sabine Thorsten ein selbstgemaltes Bild gezeigt.;Vor zwei Wochen hat Thorsten wieder ein selbstgemaltes Bild präsentiert, als er mit einer Künstlerin verabredet war.;Thorsten hat mindestens zweimal ein selbstgemaltes Bild präsentiert.;unknown;14;aii;bii;2;neutral;twice;False;;;Letzten Monat hat Sabine Thorsten ein selbstgemaltes Bild gezeigt. Vor zwei Wochen hat Thorsten wieder ein selbstgemaltes Bild präsentiert, als er mit einer Künstlerin verabredet war.;Thorsten hat mindestens zweimal ein selbstgemaltes Bild präsentiert.;morit/german_xlm_xnli;entailment;0;0.0024142933543771505;0.02780652418732643;0.9697791337966919
14_aii_bii2_cannot_say_neu;Letzten Monat hat Sabine Thorsten ein selbstgemaltes Bild gezeigt.;Vor zwei Wochen hat Thorsten wieder ein selbstgemaltes Bild präsentiert, als er mit einer Künstlerin verabredet war.;Es lässt sich nicht sagen, wie oft Thorsten ein selbstgemaltes Bild präsentiert hat.;unknown;14;aii;bii;2;neutral;cannot say;False;;;Letzten Monat hat Sabine Thorsten ein selbstgemaltes Bild gezeigt. Vor zwei Wochen hat Thorsten wieder ein selbstgemaltes Bild präsentiert, als er mit einer Künstlerin verabredet war.;Es lässt sich nicht sagen, wie oft Thorsten ein selbstgemaltes Bild präsentiert hat.;morit/german_xlm_xnli;neutral;1;0.13796643912792206;0.8051010370254517;0.056932512670755386
15_ai_bi1_once_pos;Vor vier Wochen hat Thorsten Tina angeschrien.;Vor drei Tagen hat Tina wieder eine lautstarke Standpauke bekommen, als sie an einer Bushaltestelle gewartet hat.;Tina hat einmal eine lautstarke Standpauke bekommen.;unknown;15;ai;bi;1;positive;once;False;;;Vor vier Wochen hat Thorsten Tina angeschrien. Vor drei Tagen hat Tina wieder eine lautstarke Standpauke bekommen, als sie an einer Bushaltestelle gewartet hat.;Tina hat einmal eine lautstarke Standpauke bekommen.;morit/german_xlm_xnli;entailment;0;0.009314204566180706;0.01708734780550003;0.9735984802246094
15_ai_bi1_twice_pos;Vor vier Wochen hat Thorsten Tina angeschrien.;Vor drei Tagen hat Tina wieder eine lautstarke Standpauke bekommen, als sie an einer Bushaltestelle gewartet hat.;Tina hat mindestens zweimal eine lautstarke Standpauke bekommen.;entailment;15;ai;bi;1;positive;twice;False;;;Vor vier Wochen hat Thorsten Tina angeschrien. Vor drei Tagen hat Tina wieder eine lautstarke Standpauke bekommen, als sie an einer Bushaltestelle gewartet hat.;Tina hat mindestens zweimal eine lautstarke Standpauke bekommen.;morit/german_xlm_xnli;entailment;1;0.002512086648494005;0.06871523708105087;0.9287726879119873
15_ai_bi1_cannot_say_pos;Vor vier Wochen hat Thorsten Tina angeschrien.;Vor drei Tagen hat Tina wieder eine lautstarke Standpauke bekommen, als sie an einer Bushaltestelle gewartet hat.;Es lässt sich nicht sagen, wie oft Tina eine lautstarke Standpauke bekommen hat.;unknown;15;ai;bi;1;positive;cannot say;False;;;Vor vier Wochen hat Thorsten Tina angeschrien. Vor drei Tagen hat Tina wieder eine lautstarke Standpauke bekommen, als sie an einer Bushaltestelle gewartet hat.;Es lässt sich nicht sagen, wie oft Tina eine lautstarke Standpauke bekommen hat.;morit/german_xlm_xnli;neutral;1;0.06798684597015381;0.8847344517707825;0.04727873578667641
15_ai_bi2_once_neu;Vor vier Wochen hat Thorsten Tina angeschrien.;Vor drei Tagen hat Thorsten wieder eine lautstarke Standpauke bekommen, als er an einer Bushaltestelle gewartet hat.;Thorsten hat einmal eine lautstarke Standpauke bekommen.;entailment;15;ai;bi;2;neutral;once;False;;;Vor vier Wochen hat Thorsten Tina angeschrien. Vor drei Tagen hat Thorsten wieder eine lautstarke Standpauke bekommen, als er an einer Bushaltestelle gewartet hat.;Thorsten hat einmal eine lautstarke Standpauke bekommen.;morit/german_xlm_xnli;entailment;1;0.008223026059567928;0.014844194985926151;0.9769328832626343
15_ai_bi2_twice_neu;Vor vier Wochen hat Thorsten Tina angeschrien.;Vor drei Tagen hat Thorsten wieder eine lautstarke Standpauke bekommen, als er an einer Bushaltestelle gewartet hat.;Thorsten hat mindestens zweimal eine lautstarke Standpauke bekommen.;unknown;15;ai;bi;2;neutral;twice;False;;;Vor vier Wochen hat Thorsten Tina angeschrien. Vor drei Tagen hat Thorsten wieder eine lautstarke Standpauke bekommen, als er an einer Bushaltestelle gewartet hat.;Thorsten hat mindestens zweimal eine lautstarke Standpauke bekommen.;morit/german_xlm_xnli;entailment;0;0.0024444889277219772;0.056610360741615295;0.9409451484680176
15_ai_bi2_cannot_say_neu;Vor vier Wochen hat Thorsten Tina angeschrien.;Vor drei Tagen hat Thorsten wieder eine lautstarke Standpauke bekommen, als er an einer Bushaltestelle gewartet hat.;Es lässt sich nicht sagen, wie oft Thorsten eine lautstarke Standpauke bekommen hat.;unknown;15;ai;bi;2;neutral;cannot say;False;;;Vor vier Wochen hat Thorsten Tina angeschrien. Vor drei Tagen hat Thorsten wieder eine lautstarke Standpauke bekommen, als er an einer Bushaltestelle gewartet hat.;Es lässt sich nicht sagen, wie oft Thorsten eine lautstarke Standpauke bekommen hat.;morit/german_xlm_xnli;neutral;1;0.0569152906537056;0.904242217540741;0.03884255513548851
15_ai_bii1_once_neu;Vor vier Wochen hat Thorsten Tina angeschrien.;Vor drei Tagen hat Tina wieder eine lautstarke Standpauke gehalten, als sie an einer Bushaltestelle gewartet hat.;Tina hat einmal eine lautstarke Standpauke gehalten.;entailment;15;ai;bii;1;neutral;once;False;;;Vor vier Wochen hat Thorsten Tina angeschrien. Vor drei Tagen hat Tina wieder eine lautstarke Standpauke gehalten, als sie an einer Bushaltestelle gewartet hat.;Tina hat einmal eine lautstarke Standpauke gehalten.;morit/german_xlm_xnli;entailment;1;0.004158915486186743;0.010054100304841995;0.9857869148254395
15_ai_bii1_twice_neu;Vor vier Wochen hat Thorsten Tina angeschrien.;Vor drei Tagen hat Tina wieder eine lautstarke Standpauke gehalten, als sie an einer Bushaltestelle gewartet hat.;Tina hat mindestens zweimal eine lautstarke Standpauke gehalten.;unknown;15;ai;bii;1;neutral;twice;False;;;Vor vier Wochen hat Thorsten Tina angeschrien. Vor drei Tagen hat Tina wieder eine lautstarke Standpauke gehalten, als sie an einer Bushaltestelle gewartet hat.;Tina hat mindestens zweimal eine lautstarke Standpauke gehalten.;morit/german_xlm_xnli;entailment;0;0.0025931373238563538;0.06450249254703522;0.9329043626785278
15_ai_bii1_cannot_say_neu;Vor vier Wochen hat Thorsten Tina angeschrien.;Vor drei Tagen hat Tina wieder eine lautstarke Standpauke gehalten, als sie an einer Bushaltestelle gewartet hat.;Es lässt sich nicht sagen, wie oft Tina eine lautstarke Standpauke gehalten hat.;unknown;15;ai;bii;1;neutral;cannot say;False;;;Vor vier Wochen hat Thorsten Tina angeschrien. Vor drei Tagen hat Tina wieder eine lautstarke Standpauke gehalten, als sie an einer Bushaltestelle gewartet hat.;Es lässt sich nicht sagen, wie oft Tina eine lautstarke Standpauke gehalten hat.;morit/german_xlm_xnli;neutral;1;0.04905605688691139;0.893893837928772;0.05705016851425171
15_ai_bii2_once_pos;Vor vier Wochen hat Thorsten Tina angeschrien.;Vor drei Tagen hat Thorsten wieder eine lautstarke Standpauke gehalten, als er an einer Bushaltestelle gewartet hat.;Thorsten hat einmal eine lautstarke Standpauke gehalten.;unknown;15;ai;bii;2;positive;once;False;;;Vor vier Wochen hat Thorsten Tina angeschrien. Vor drei Tagen hat Thorsten wieder eine lautstarke Standpauke gehalten, als er an einer Bushaltestelle gewartet hat.;Thorsten hat einmal eine lautstarke Standpauke gehalten.;morit/german_xlm_xnli;entailment;0;0.008722864091396332;0.012876388616859913;0.978400707244873
15_ai_bii2_twice_pos;Vor vier Wochen hat Thorsten Tina angeschrien.;Vor drei Tagen hat Thorsten wieder eine lautstarke Standpauke gehalten, als er an einer Bushaltestelle gewartet hat.;Thorsten hat mindestens zweimal eine lautstarke Standpauke gehalten.;entailment;15;ai;bii;2;positive;twice;False;;;Vor vier Wochen hat Thorsten Tina angeschrien. Vor drei Tagen hat Thorsten wieder eine lautstarke Standpauke gehalten, als er an einer Bushaltestelle gewartet hat.;Thorsten hat mindestens zweimal eine lautstarke Standpauke gehalten.;morit/german_xlm_xnli;entailment;1;0.004100310616195202;0.10030893236398697;0.8955907225608826
15_ai_bii2_cannot_say_pos;Vor vier Wochen hat Thorsten Tina angeschrien.;Vor drei Tagen hat Thorsten wieder eine lautstarke Standpauke gehalten, als er an einer Bushaltestelle gewartet hat.;Es lässt sich nicht sagen, wie oft Thorsten eine lautstarke Standpauke gehalten hat.;unknown;15;ai;bii;2;positive;cannot say;False;;;Vor vier Wochen hat Thorsten Tina angeschrien. Vor drei Tagen hat Thorsten wieder eine lautstarke Standpauke gehalten, als er an einer Bushaltestelle gewartet hat.;Es lässt sich nicht sagen, wie oft Thorsten eine lautstarke Standpauke gehalten hat.;morit/german_xlm_xnli;neutral;1;0.04890451207756996;0.895094096660614;0.05600142851471901
15_aii_bi1_once_neu;Vor vier Wochen hat Tina Thorsten angeschrien.;Vor drei Tagen hat Tina wieder eine lautstarke Standpauke bekommen, als sie an einer Bushaltestelle gewartet hat.;Tina hat einmal eine lautstarke Standpauke bekommen.;entailment;15;aii;bi;1;neutral;once;False;;;Vor vier Wochen hat Tina Thorsten angeschrien. Vor drei Tagen hat Tina wieder eine lautstarke Standpauke bekommen, als sie an einer Bushaltestelle gewartet hat.;Tina hat einmal eine lautstarke Standpauke bekommen.;morit/german_xlm_xnli;entailment;1;0.009634537622332573;0.017761578783392906;0.9726038575172424
15_aii_bi1_twice_neu;Vor vier Wochen hat Tina Thorsten angeschrien.;Vor drei Tagen hat Tina wieder eine lautstarke Standpauke bekommen, als sie an einer Bushaltestelle gewartet hat.;Tina hat mindestens zweimal eine lautstarke Standpauke bekommen.;unknown;15;aii;bi;1;neutral;twice;False;;;Vor vier Wochen hat Tina Thorsten angeschrien. Vor drei Tagen hat Tina wieder eine lautstarke Standpauke bekommen, als sie an einer Bushaltestelle gewartet hat.;Tina hat mindestens zweimal eine lautstarke Standpauke bekommen.;morit/german_xlm_xnli;entailment;0;0.002367183333262801;0.0655389055609703;0.9320939779281616
15_aii_bi1_cannot_say_neu;Vor vier Wochen hat Tina Thorsten angeschrien.;Vor drei Tagen hat Tina wieder eine lautstarke Standpauke bekommen, als sie an einer Bushaltestelle gewartet hat.;Es lässt sich nicht sagen, wie oft Tina eine lautstarke Standpauke bekommen hat.;unknown;15;aii;bi;1;neutral;cannot say;False;;;Vor vier Wochen hat Tina Thorsten angeschrien. Vor drei Tagen hat Tina wieder eine lautstarke Standpauke bekommen, als sie an einer Bushaltestelle gewartet hat.;Es lässt sich nicht sagen, wie oft Tina eine lautstarke Standpauke bekommen hat.;morit/german_xlm_xnli;neutral;1;0.05919778347015381;0.902036726474762;0.038765471428632736
15_aii_bi2_once_pos;Vor vier Wochen hat Tina Thorsten angeschrien.;Vor drei Tagen hat Thorsten wieder eine lautstarke Standpauke bekommen, als er an einer Bushaltestelle gewartet hat.;Thorsten hat einmal eine lautstarke Standpauke bekommen.;unknown;15;aii;bi;2;positive;once;False;;;Vor vier Wochen hat Tina Thorsten angeschrien. Vor drei Tagen hat Thorsten wieder eine lautstarke Standpauke bekommen, als er an einer Bushaltestelle gewartet hat.;Thorsten hat einmal eine lautstarke Standpauke bekommen.;morit/german_xlm_xnli;entailment;0;0.007333294488489628;0.013932181522250175;0.9787344932556152
15_aii_bi2_twice_pos;Vor vier Wochen hat Tina Thorsten angeschrien.;Vor drei Tagen hat Thorsten wieder eine lautstarke Standpauke bekommen, als er an einer Bushaltestelle gewartet hat.;Thorsten hat mindestens zweimal eine lautstarke Standpauke bekommen.;entailment;15;aii;bi;2;positive;twice;False;;;Vor vier Wochen hat Tina Thorsten angeschrien. Vor drei Tagen hat Thorsten wieder eine lautstarke Standpauke bekommen, als er an einer Bushaltestelle gewartet hat.;Thorsten hat mindestens zweimal eine lautstarke Standpauke bekommen.;morit/german_xlm_xnli;entailment;1;0.0024471688084304333;0.06065596267580986;0.9368968605995178
15_aii_bi2_cannot_say_pos;Vor vier Wochen hat Tina Thorsten angeschrien.;Vor drei Tagen hat Thorsten wieder eine lautstarke Standpauke bekommen, als er an einer Bushaltestelle gewartet hat.;Es lässt sich nicht sagen, wie oft Thorsten eine lautstarke Standpauke bekommen hat.;unknown;15;aii;bi;2;positive;cannot say;False;;;Vor vier Wochen hat Tina Thorsten angeschrien. Vor drei Tagen hat Thorsten wieder eine lautstarke Standpauke bekommen, als er an einer Bushaltestelle gewartet hat.;Es lässt sich nicht sagen, wie oft Thorsten eine lautstarke Standpauke bekommen hat.;morit/german_xlm_xnli;neutral;1;0.06060030683875084;0.8999781608581543;0.03942154720425606
15_aii_bii1_once_pos;Vor vier Wochen hat Tina Thorsten angeschrien.;Vor drei Tagen hat Tina wieder eine lautstarke Standpauke gehalten, als sie an einer Bushaltestelle gewartet hat.;Tina hat einmal eine lautstarke Standpauke gehalten.;unknown;15;aii;bii;1;positive;once;False;;;Vor vier Wochen hat Tina Thorsten angeschrien. Vor drei Tagen hat Tina wieder eine lautstarke Standpauke gehalten, als sie an einer Bushaltestelle gewartet hat.;Tina hat einmal eine lautstarke Standpauke gehalten.;morit/german_xlm_xnli;entailment;0;0.004236520268023014;0.010275984182953835;0.9854874610900879
15_aii_bii1_twice_pos;Vor vier Wochen hat Tina Thorsten angeschrien.;Vor drei Tagen hat Tina wieder eine lautstarke Standpauke gehalten, als sie an einer Bushaltestelle gewartet hat.;Tina hat mindestens zweimal eine lautstarke Standpauke gehalten.;entailment;15;aii;bii;1;positive;twice;False;;;Vor vier Wochen hat Tina Thorsten angeschrien. Vor drei Tagen hat Tina wieder eine lautstarke Standpauke gehalten, als sie an einer Bushaltestelle gewartet hat.;Tina hat mindestens zweimal eine lautstarke Standpauke gehalten.;morit/german_xlm_xnli;entailment;1;0.002451493637636304;0.06188514083623886;0.9356632828712463
15_aii_bii1_cannot_say_pos;Vor vier Wochen hat Tina Thorsten angeschrien.;Vor drei Tagen hat Tina wieder eine lautstarke Standpauke gehalten, als sie an einer Bushaltestelle gewartet hat.;Es lässt sich nicht sagen, wie oft Tina eine lautstarke Standpauke gehalten hat.;unknown;15;aii;bii;1;positive;cannot say;False;;;Vor vier Wochen hat Tina Thorsten angeschrien. Vor drei Tagen hat Tina wieder eine lautstarke Standpauke gehalten, als sie an einer Bushaltestelle gewartet hat.;Es lässt sich nicht sagen, wie oft Tina eine lautstarke Standpauke gehalten hat.;morit/german_xlm_xnli;neutral;1;0.04129495099186897;0.9141032099723816;0.04460187628865242
15_aii_bii2_once_neu;Vor vier Wochen hat Tina Thorsten angeschrien.;Vor drei Tagen hat Thorsten wieder eine lautstarke Standpauke gehalten, als er an einer Bushaltestelle gewartet hat.;Thorsten hat einmal eine lautstarke Standpauke gehalten.;entailment;15;aii;bii;2;neutral;once;False;;;Vor vier Wochen hat Tina Thorsten angeschrien. Vor drei Tagen hat Thorsten wieder eine lautstarke Standpauke gehalten, als er an einer Bushaltestelle gewartet hat.;Thorsten hat einmal eine lautstarke Standpauke gehalten.;morit/german_xlm_xnli;entailment;1;0.008323157206177711;0.01237101573497057;0.9793058037757874
15_aii_bii2_twice_neu;Vor vier Wochen hat Tina Thorsten angeschrien.;Vor drei Tagen hat Thorsten wieder eine lautstarke Standpauke gehalten, als er an einer Bushaltestelle gewartet hat.;Thorsten hat mindestens zweimal eine lautstarke Standpauke gehalten.;unknown;15;aii;bii;2;neutral;twice;False;;;Vor vier Wochen hat Tina Thorsten angeschrien. Vor drei Tagen hat Thorsten wieder eine lautstarke Standpauke gehalten, als er an einer Bushaltestelle gewartet hat.;Thorsten hat mindestens zweimal eine lautstarke Standpauke gehalten.;morit/german_xlm_xnli;entailment;0;0.004148631822317839;0.11329807341098785;0.8825533986091614
15_aii_bii2_cannot_say_neu;Vor vier Wochen hat Tina Thorsten angeschrien.;Vor drei Tagen hat Thorsten wieder eine lautstarke Standpauke gehalten, als er an einer Bushaltestelle gewartet hat.;Es lässt sich nicht sagen, wie oft Thorsten eine lautstarke Standpauke gehalten hat.;unknown;15;aii;bii;2;neutral;cannot say;False;;;Vor vier Wochen hat Tina Thorsten angeschrien. Vor drei Tagen hat Thorsten wieder eine lautstarke Standpauke gehalten, als er an einer Bushaltestelle gewartet hat.;Es lässt sich nicht sagen, wie oft Thorsten eine lautstarke Standpauke gehalten hat.;morit/german_xlm_xnli;neutral;1;0.05022317171096802;0.8972814679145813;0.052495427429676056
16_ai_bi1_once_pos;Vor vier Monaten hat Greta Sabine ein tragisches Gedicht vorgetragen.;Vor zwei Tagen hat Sabine wieder ein tragisches Gedicht gehört, als sie bei einem Kleinkunstabend zugegen war.;Sabine hat einmal ein tragisches Gedicht gehört.;unknown;16;ai;bi;1;positive;once;False;;;Vor vier Monaten hat Greta Sabine ein tragisches Gedicht vorgetragen. Vor zwei Tagen hat Sabine wieder ein tragisches Gedicht gehört, als sie bei einem Kleinkunstabend zugegen war.;Sabine hat einmal ein tragisches Gedicht gehört.;morit/german_xlm_xnli;entailment;0;0.026334984228014946;0.013692476786673069;0.9599725604057312
16_ai_bi1_twice_pos;Vor vier Monaten hat Greta Sabine ein tragisches Gedicht vorgetragen.;Vor zwei Tagen hat Sabine wieder ein tragisches Gedicht gehört, als sie bei einem Kleinkunstabend zugegen war.;Sabine hat mindestens zweimal ein tragisches Gedicht gehört.;entailment;16;ai;bi;1;positive;twice;False;;;Vor vier Monaten hat Greta Sabine ein tragisches Gedicht vorgetragen. Vor zwei Tagen hat Sabine wieder ein tragisches Gedicht gehört, als sie bei einem Kleinkunstabend zugegen war.;Sabine hat mindestens zweimal ein tragisches Gedicht gehört.;morit/german_xlm_xnli;entailment;1;0.0020845639519393444;0.023411983624100685;0.9745035171508789
16_ai_bi1_cannot_say_pos;Vor vier Monaten hat Greta Sabine ein tragisches Gedicht vorgetragen.;Vor zwei Tagen hat Sabine wieder ein tragisches Gedicht gehört, als sie bei einem Kleinkunstabend zugegen war.;Es lässt sich nicht sagen, wie oft Sabine ein tragisches Gedicht gehört hat.;unknown;16;ai;bi;1;positive;cannot say;False;;;Vor vier Monaten hat Greta Sabine ein tragisches Gedicht vorgetragen. Vor zwei Tagen hat Sabine wieder ein tragisches Gedicht gehört, als sie bei einem Kleinkunstabend zugegen war.;Es lässt sich nicht sagen, wie oft Sabine ein tragisches Gedicht gehört hat.;morit/german_xlm_xnli;neutral;1;0.08346067368984222;0.8499734997749329;0.06656576693058014
16_ai_bi2_once_neu;Vor vier Monaten hat Greta Sabine ein tragisches Gedicht vorgetragen.;Vor zwei Tagen hat Greta wieder ein tragisches Gedicht gehört, als sie bei einem Kleinkunstabend zugegen war.;Greta hat einmal ein tragisches Gedicht gehört.;entailment;16;ai;bi;2;neutral;once;False;;;Vor vier Monaten hat Greta Sabine ein tragisches Gedicht vorgetragen. Vor zwei Tagen hat Greta wieder ein tragisches Gedicht gehört, als sie bei einem Kleinkunstabend zugegen war.;Greta hat einmal ein tragisches Gedicht gehört.;morit/german_xlm_xnli;entailment;1;0.031002433970570564;0.016927020624279976;0.9520705342292786
16_ai_bi2_twice_neu;Vor vier Monaten hat Greta Sabine ein tragisches Gedicht vorgetragen.;Vor zwei Tagen hat Greta wieder ein tragisches Gedicht gehört, als sie bei einem Kleinkunstabend zugegen war.;Greta hat mindestens zweimal ein tragisches Gedicht gehört.;unknown;16;ai;bi;2;neutral;twice;False;;;Vor vier Monaten hat Greta Sabine ein tragisches Gedicht vorgetragen. Vor zwei Tagen hat Greta wieder ein tragisches Gedicht gehört, als sie bei einem Kleinkunstabend zugegen war.;Greta hat mindestens zweimal ein tragisches Gedicht gehört.;morit/german_xlm_xnli;entailment;0;0.002151986351236701;0.027453839778900146;0.9703941345214844
16_ai_bi2_cannot_say_neu;Vor vier Monaten hat Greta Sabine ein tragisches Gedicht vorgetragen.;Vor zwei Tagen hat Greta wieder ein tragisches Gedicht gehört, als sie bei einem Kleinkunstabend zugegen war.;Es lässt sich nicht sagen, wie oft Greta ein tragisches Gedicht gehört hat.;unknown;16;ai;bi;2;neutral;cannot say;False;;;Vor vier Monaten hat Greta Sabine ein tragisches Gedicht vorgetragen. Vor zwei Tagen hat Greta wieder ein tragisches Gedicht gehört, als sie bei einem Kleinkunstabend zugegen war.;Es lässt sich nicht sagen, wie oft Greta ein tragisches Gedicht gehört hat.;morit/german_xlm_xnli;neutral;1;0.10618239641189575;0.8177552223205566;0.0760623961687088
16_ai_bii1_once_neu;Vor vier Monaten hat Greta Sabine ein tragisches Gedicht vorgetragen.;Vor zwei Tagen hat Sabine wieder ein tragisches Gedicht rezitiert, als sie bei einem Kleinkunstabend zugegen war.;Sabine hat einmal ein tragisches Gedicht rezitiert.;entailment;16;ai;bii;1;neutral;once;False;;;Vor vier Monaten hat Greta Sabine ein tragisches Gedicht vorgetragen. Vor zwei Tagen hat Sabine wieder ein tragisches Gedicht rezitiert, als sie bei einem Kleinkunstabend zugegen war.;Sabine hat einmal ein tragisches Gedicht rezitiert.;morit/german_xlm_xnli;entailment;1;0.029271293431520462;0.013017144985496998;0.9577115774154663
16_ai_bii1_twice_neu;Vor vier Monaten hat Greta Sabine ein tragisches Gedicht vorgetragen.;Vor zwei Tagen hat Sabine wieder ein tragisches Gedicht rezitiert, als sie bei einem Kleinkunstabend zugegen war.;Sabine hat mindestens zweimal ein tragisches Gedicht rezitiert.;unknown;16;ai;bii;1;neutral;twice;False;;;Vor vier Monaten hat Greta Sabine ein tragisches Gedicht vorgetragen. Vor zwei Tagen hat Sabine wieder ein tragisches Gedicht rezitiert, als sie bei einem Kleinkunstabend zugegen war.;Sabine hat mindestens zweimal ein tragisches Gedicht rezitiert.;morit/german_xlm_xnli;entailment;0;0.002548085991293192;0.02252868004143238;0.9749232530593872
16_ai_bii1_cannot_say_neu;Vor vier Monaten hat Greta Sabine ein tragisches Gedicht vorgetragen.;Vor zwei Tagen hat Sabine wieder ein tragisches Gedicht rezitiert, als sie bei einem Kleinkunstabend zugegen war.;Es lässt sich nicht sagen, wie oft Sabine ein tragisches Gedicht rezitiert hat.;unknown;16;ai;bii;1;neutral;cannot say;False;;;Vor vier Monaten hat Greta Sabine ein tragisches Gedicht vorgetragen. Vor zwei Tagen hat Sabine wieder ein tragisches Gedicht rezitiert, als sie bei einem Kleinkunstabend zugegen war.;Es lässt sich nicht sagen, wie oft Sabine ein tragisches Gedicht rezitiert hat.;morit/german_xlm_xnli;neutral;1;0.08835749328136444;0.8764088749885559;0.03523359075188637
16_ai_bii2_once_pos;Vor vier Monaten hat Greta Sabine ein tragisches Gedicht vorgetragen.;Vor zwei Tagen hat Greta wieder ein tragisches Gedicht rezitiert, als sie bei einem Kleinkunstabend zugegen war.;Greta hat einmal ein tragisches Gedicht rezitiert.;unknown;16;ai;bii;2;positive;once;False;;;Vor vier Monaten hat Greta Sabine ein tragisches Gedicht vorgetragen. Vor zwei Tagen hat Greta wieder ein tragisches Gedicht rezitiert, als sie bei einem Kleinkunstabend zugegen war.;Greta hat einmal ein tragisches Gedicht rezitiert.;morit/german_xlm_xnli;entailment;0;0.029611848294734955;0.014780192635953426;0.9556078910827637
16_ai_bii2_twice_pos;Vor vier Monaten hat Greta Sabine ein tragisches Gedicht vorgetragen.;Vor zwei Tagen hat Greta wieder ein tragisches Gedicht rezitiert, als sie bei einem Kleinkunstabend zugegen war.;Greta hat mindestens zweimal ein tragisches Gedicht rezitiert.;entailment;16;ai;bii;2;positive;twice;False;;;Vor vier Monaten hat Greta Sabine ein tragisches Gedicht vorgetragen. Vor zwei Tagen hat Greta wieder ein tragisches Gedicht rezitiert, als sie bei einem Kleinkunstabend zugegen war.;Greta hat mindestens zweimal ein tragisches Gedicht rezitiert.;morit/german_xlm_xnli;entailment;1;0.00238547520712018;0.026207637041807175;0.9714068174362183
16_ai_bii2_cannot_say_pos;Vor vier Monaten hat Greta Sabine ein tragisches Gedicht vorgetragen.;Vor zwei Tagen hat Greta wieder ein tragisches Gedicht rezitiert, als sie bei einem Kleinkunstabend zugegen war.;Es lässt sich nicht sagen, wie oft Greta ein tragisches Gedicht rezitiert hat.;unknown;16;ai;bii;2;positive;cannot say;False;;;Vor vier Monaten hat Greta Sabine ein tragisches Gedicht vorgetragen. Vor zwei Tagen hat Greta wieder ein tragisches Gedicht rezitiert, als sie bei einem Kleinkunstabend zugegen war.;Es lässt sich nicht sagen, wie oft Greta ein tragisches Gedicht rezitiert hat.;morit/german_xlm_xnli;neutral;1;0.10122737288475037;0.8575912117958069;0.04118139669299126
16_aii_bi1_once_neu;Vor vier Monaten hat Sabine Greta ein tragisches Gedicht vorgetragen.;Vor zwei Tagen hat Sabine wieder ein tragisches Gedicht gehört, als sie bei einem Kleinkunstabend zugegen war.;Sabine hat einmal ein tragisches Gedicht gehört.;entailment;16;aii;bi;1;neutral;once;False;;;Vor vier Monaten hat Sabine Greta ein tragisches Gedicht vorgetragen. Vor zwei Tagen hat Sabine wieder ein tragisches Gedicht gehört, als sie bei einem Kleinkunstabend zugegen war.;Sabine hat einmal ein tragisches Gedicht gehört.;morit/german_xlm_xnli;entailment;1;0.028620291501283646;0.015776632353663445;0.9556030035018921
16_aii_bi1_twice_neu;Vor vier Monaten hat Sabine Greta ein tragisches Gedicht vorgetragen.;Vor zwei Tagen hat Sabine wieder ein tragisches Gedicht gehört, als sie bei einem Kleinkunstabend zugegen war.;Sabine hat mindestens zweimal ein tragisches Gedicht gehört.;unknown;16;aii;bi;1;neutral;twice;False;;;Vor vier Monaten hat Sabine Greta ein tragisches Gedicht vorgetragen. Vor zwei Tagen hat Sabine wieder ein tragisches Gedicht gehört, als sie bei einem Kleinkunstabend zugegen war.;Sabine hat mindestens zweimal ein tragisches Gedicht gehört.;morit/german_xlm_xnli;entailment;0;0.002298667561262846;0.02601323276758194;0.9716881513595581
16_aii_bi1_cannot_say_neu;Vor vier Monaten hat Sabine Greta ein tragisches Gedicht vorgetragen.;Vor zwei Tagen hat Sabine wieder ein tragisches Gedicht gehört, als sie bei einem Kleinkunstabend zugegen war.;Es lässt sich nicht sagen, wie oft Sabine ein tragisches Gedicht gehört hat.;unknown;16;aii;bi;1;neutral;cannot say;False;;;Vor vier Monaten hat Sabine Greta ein tragisches Gedicht vorgetragen. Vor zwei Tagen hat Sabine wieder ein tragisches Gedicht gehört, als sie bei einem Kleinkunstabend zugegen war.;Es lässt sich nicht sagen, wie oft Sabine ein tragisches Gedicht gehört hat.;morit/german_xlm_xnli;neutral;1;0.06684493273496628;0.8823446035385132;0.05081041902303696
16_aii_bi2_once_pos;Vor vier Monaten hat Sabine Greta ein tragisches Gedicht vorgetragen.;Vor zwei Tagen hat Greta wieder ein tragisches Gedicht gehört, als sie bei einem Kleinkunstabend zugegen war.;Greta hat einmal ein tragisches Gedicht gehört.;unknown;16;aii;bi;2;positive;once;False;;;Vor vier Monaten hat Sabine Greta ein tragisches Gedicht vorgetragen. Vor zwei Tagen hat Greta wieder ein tragisches Gedicht gehört, als sie bei einem Kleinkunstabend zugegen war.;Greta hat einmal ein tragisches Gedicht gehört.;morit/german_xlm_xnli;entailment;0;0.020814616233110428;0.01400863379240036;0.9651767611503601
16_aii_bi2_twice_pos;Vor vier Monaten hat Sabine Greta ein tragisches Gedicht vorgetragen.;Vor zwei Tagen hat Greta wieder ein tragisches Gedicht gehört, als sie bei einem Kleinkunstabend zugegen war.;Greta hat mindestens zweimal ein tragisches Gedicht gehört.;entailment;16;aii;bi;2;positive;twice;False;;;Vor vier Monaten hat Sabine Greta ein tragisches Gedicht vorgetragen. Vor zwei Tagen hat Greta wieder ein tragisches Gedicht gehört, als sie bei einem Kleinkunstabend zugegen war.;Greta hat mindestens zweimal ein tragisches Gedicht gehört.;morit/german_xlm_xnli;entailment;1;0.0020142553839832544;0.026617253199219704;0.9713684916496277
16_aii_bi2_cannot_say_pos;Vor vier Monaten hat Sabine Greta ein tragisches Gedicht vorgetragen.;Vor zwei Tagen hat Greta wieder ein tragisches Gedicht gehört, als sie bei einem Kleinkunstabend zugegen war.;Es lässt sich nicht sagen, wie oft Greta ein tragisches Gedicht gehört hat.;unknown;16;aii;bi;2;positive;cannot say;False;;;Vor vier Monaten hat Sabine Greta ein tragisches Gedicht vorgetragen. Vor zwei Tagen hat Greta wieder ein tragisches Gedicht gehört, als sie bei einem Kleinkunstabend zugegen war.;Es lässt sich nicht sagen, wie oft Greta ein tragisches Gedicht gehört hat.;morit/german_xlm_xnli;neutral;1;0.10566024482250214;0.8082872033119202;0.08605257421731949
16_aii_bii1_once_pos;Vor vier Monaten hat Sabine Greta ein tragisches Gedicht vorgetragen.;Vor zwei Tagen hat Sabine wieder ein tragisches Gedicht rezitiert, als sie bei einem Kleinkunstabend zugegen war.;Sabine hat einmal ein tragisches Gedicht rezitiert.;unknown;16;aii;bii;1;positive;once;False;;;Vor vier Monaten hat Sabine Greta ein tragisches Gedicht vorgetragen. Vor zwei Tagen hat Sabine wieder ein tragisches Gedicht rezitiert, als sie bei einem Kleinkunstabend zugegen war.;Sabine hat einmal ein tragisches Gedicht rezitiert.;morit/german_xlm_xnli;entailment;0;0.03094777837395668;0.013658585958182812;0.9553936123847961
16_aii_bii1_twice_pos;Vor vier Monaten hat Sabine Greta ein tragisches Gedicht vorgetragen.;Vor zwei Tagen hat Sabine wieder ein tragisches Gedicht rezitiert, als sie bei einem Kleinkunstabend zugegen war.;Sabine hat mindestens zweimal ein tragisches Gedicht rezitiert.;entailment;16;aii;bii;1;positive;twice;False;;;Vor vier Monaten hat Sabine Greta ein tragisches Gedicht vorgetragen. Vor zwei Tagen hat Sabine wieder ein tragisches Gedicht rezitiert, als sie bei einem Kleinkunstabend zugegen war.;Sabine hat mindestens zweimal ein tragisches Gedicht rezitiert.;morit/german_xlm_xnli;entailment;1;0.0026539666578173637;0.023468153551220894;0.9738778471946716
16_aii_bii1_cannot_say_pos;Vor vier Monaten hat Sabine Greta ein tragisches Gedicht vorgetragen.;Vor zwei Tagen hat Sabine wieder ein tragisches Gedicht rezitiert, als sie bei einem Kleinkunstabend zugegen war.;Es lässt sich nicht sagen, wie oft Sabine ein tragisches Gedicht rezitiert hat.;unknown;16;aii;bii;1;positive;cannot say;False;;;Vor vier Monaten hat Sabine Greta ein tragisches Gedicht vorgetragen. Vor zwei Tagen hat Sabine wieder ein tragisches Gedicht rezitiert, als sie bei einem Kleinkunstabend zugegen war.;Es lässt sich nicht sagen, wie oft Sabine ein tragisches Gedicht rezitiert hat.;morit/german_xlm_xnli;neutral;1;0.05658270791172981;0.9178908467292786;0.025526363402605057
16_aii_bii2_once_neu;Vor vier Monaten hat Sabine Greta ein tragisches Gedicht vorgetragen.;Vor zwei Tagen hat Greta wieder ein tragisches Gedicht rezitiert, als sie bei einem Kleinkunstabend zugegen war.;Greta hat einmal ein tragisches Gedicht rezitiert.;entailment;16;aii;bii;2;neutral;once;False;;;Vor vier Monaten hat Sabine Greta ein tragisches Gedicht vorgetragen. Vor zwei Tagen hat Greta wieder ein tragisches Gedicht rezitiert, als sie bei einem Kleinkunstabend zugegen war.;Greta hat einmal ein tragisches Gedicht rezitiert.;morit/german_xlm_xnli;entailment;1;0.022862790152430534;0.013194750994443893;0.9639424681663513
16_aii_bii2_twice_neu;Vor vier Monaten hat Sabine Greta ein tragisches Gedicht vorgetragen.;Vor zwei Tagen hat Greta wieder ein tragisches Gedicht rezitiert, als sie bei einem Kleinkunstabend zugegen war.;Greta hat mindestens zweimal ein tragisches Gedicht rezitiert.;unknown;16;aii;bii;2;neutral;twice;False;;;Vor vier Monaten hat Sabine Greta ein tragisches Gedicht vorgetragen. Vor zwei Tagen hat Greta wieder ein tragisches Gedicht rezitiert, als sie bei einem Kleinkunstabend zugegen war.;Greta hat mindestens zweimal ein tragisches Gedicht rezitiert.;morit/german_xlm_xnli;entailment;0;0.002382636768743396;0.026198022067546844;0.9714193344116211
16_aii_bii2_cannot_say_neu;Vor vier Monaten hat Sabine Greta ein tragisches Gedicht vorgetragen.;Vor zwei Tagen hat Greta wieder ein tragisches Gedicht rezitiert, als sie bei einem Kleinkunstabend zugegen war.;Es lässt sich nicht sagen, wie oft Greta ein tragisches Gedicht rezitiert hat.;unknown;16;aii;bii;2;neutral;cannot say;False;;;Vor vier Monaten hat Sabine Greta ein tragisches Gedicht vorgetragen. Vor zwei Tagen hat Greta wieder ein tragisches Gedicht rezitiert, als sie bei einem Kleinkunstabend zugegen war.;Es lässt sich nicht sagen, wie oft Greta ein tragisches Gedicht rezitiert hat.;morit/german_xlm_xnli;neutral;1;0.10587922483682632;0.8479925990104675;0.04612819477915764
17_ai_bi1_once_pos;Vor zwei Monaten hat Greta vor Tina einen komplizierten Vortrag gehalten.;Vor drei Tagen hat Tina wieder einen komplizierten Vortrag gehört, als sie auf einer Tagung gewesen ist.;Tina hat einmal einen komplizierten Vortrag gehört.;unknown;17;ai;bi;1;positive;once;False;;;Vor zwei Monaten hat Greta vor Tina einen komplizierten Vortrag gehalten. Vor drei Tagen hat Tina wieder einen komplizierten Vortrag gehört, als sie auf einer Tagung gewesen ist.;Tina hat einmal einen komplizierten Vortrag gehört.;morit/german_xlm_xnli;entailment;0;0.015880174934864044;0.022556154057383537;0.961563766002655
17_ai_bi1_twice_pos;Vor zwei Monaten hat Greta vor Tina einen komplizierten Vortrag gehalten.;Vor drei Tagen hat Tina wieder einen komplizierten Vortrag gehört, als sie auf einer Tagung gewesen ist.;Tina hat mindestens zweimal einen komplizierten Vortrag gehört.;entailment;17;ai;bi;1;positive;twice;False;;;Vor zwei Monaten hat Greta vor Tina einen komplizierten Vortrag gehalten. Vor drei Tagen hat Tina wieder einen komplizierten Vortrag gehört, als sie auf einer Tagung gewesen ist.;Tina hat mindestens zweimal einen komplizierten Vortrag gehört.;morit/german_xlm_xnli;entailment;1;0.002338455757126212;0.03773090988397598;0.9599305987358093
17_ai_bi1_cannot_say_pos;Vor zwei Monaten hat Greta vor Tina einen komplizierten Vortrag gehalten.;Vor drei Tagen hat Tina wieder einen komplizierten Vortrag gehört, als sie auf einer Tagung gewesen ist.;Es lässt sich nicht sagen, wie oft Tina einen komplizierten Vortrag gehört hat.;unknown;17;ai;bi;1;positive;cannot say;False;;;Vor zwei Monaten hat Greta vor Tina einen komplizierten Vortrag gehalten. Vor drei Tagen hat Tina wieder einen komplizierten Vortrag gehört, als sie auf einer Tagung gewesen ist.;Es lässt sich nicht sagen, wie oft Tina einen komplizierten Vortrag gehört hat.;morit/german_xlm_xnli;neutral;1;0.07389939576387405;0.8742445111274719;0.051856111735105515
17_ai_bi2_once_neu;Vor zwei Monaten hat Greta vor Tina einen komplizierten Vortrag gehalten.;Vor drei Tagen hat Greta wieder einen komplizierten Vortrag gehört, als sie auf einer Tagung gewesen ist.;Greta hat einmal einen komplizierten Vortrag gehört.;entailment;17;ai;bi;2;neutral;once;False;;;Vor zwei Monaten hat Greta vor Tina einen komplizierten Vortrag gehalten. Vor drei Tagen hat Greta wieder einen komplizierten Vortrag gehört, als sie auf einer Tagung gewesen ist.;Greta hat einmal einen komplizierten Vortrag gehört.;morit/german_xlm_xnli;entailment;1;0.021008098497986794;0.019063303247094154;0.9599286317825317
17_ai_bi2_twice_neu;Vor zwei Monaten hat Greta vor Tina einen komplizierten Vortrag gehalten.;Vor drei Tagen hat Greta wieder einen komplizierten Vortrag gehört, als sie auf einer Tagung gewesen ist.;Greta hat mindestens zweimal einen komplizierten Vortrag gehört.;unknown;17;ai;bi;2;neutral;twice;False;;;Vor zwei Monaten hat Greta vor Tina einen komplizierten Vortrag gehalten. Vor drei Tagen hat Greta wieder einen komplizierten Vortrag gehört, als sie auf einer Tagung gewesen ist.;Greta hat mindestens zweimal einen komplizierten Vortrag gehört.;morit/german_xlm_xnli;entailment;0;0.0019003007328137755;0.02837715670466423;0.9697225093841553
17_ai_bi2_cannot_say_neu;Vor zwei Monaten hat Greta vor Tina einen komplizierten Vortrag gehalten.;Vor drei Tagen hat Greta wieder einen komplizierten Vortrag gehört, als sie auf einer Tagung gewesen ist.;Es lässt sich nicht sagen, wie oft Greta einen komplizierten Vortrag gehört hat.;unknown;17;ai;bi;2;neutral;cannot say;False;;;Vor zwei Monaten hat Greta vor Tina einen komplizierten Vortrag gehalten. Vor drei Tagen hat Greta wieder einen komplizierten Vortrag gehört, als sie auf einer Tagung gewesen ist.;Es lässt sich nicht sagen, wie oft Greta einen komplizierten Vortrag gehört hat.;morit/german_xlm_xnli;neutral;1;0.07734960317611694;0.8519901633262634;0.07066032290458679
17_ai_bii1_once_neu;Vor zwei Monaten hat Greta vor Tina einen komplizierten Vortrag gehalten.;Vor drei Tagen hat Tina wieder einen komplizierten Vortrag präsentiert, als sie auf einer Tagung gewesen ist.;Tina hat einmal einen komplizierten Vortrag präsentiert.;entailment;17;ai;bii;1;neutral;once;False;;;Vor zwei Monaten hat Greta vor Tina einen komplizierten Vortrag gehalten. Vor drei Tagen hat Tina wieder einen komplizierten Vortrag präsentiert, als sie auf einer Tagung gewesen ist.;Tina hat einmal einen komplizierten Vortrag präsentiert.;morit/german_xlm_xnli;entailment;1;0.012397649697959423;0.015108630061149597;0.9724937081336975
17_ai_bii1_twice_neu;Vor zwei Monaten hat Greta vor Tina einen komplizierten Vortrag gehalten.;Vor drei Tagen hat Tina wieder einen komplizierten Vortrag präsentiert, als sie auf einer Tagung gewesen ist.;Tina hat mindestens zweimal einen komplizierten Vortrag präsentiert.;unknown;17;ai;bii;1;neutral;twice;False;;;Vor zwei Monaten hat Greta vor Tina einen komplizierten Vortrag gehalten. Vor drei Tagen hat Tina wieder einen komplizierten Vortrag präsentiert, als sie auf einer Tagung gewesen ist.;Tina hat mindestens zweimal einen komplizierten Vortrag präsentiert.;morit/german_xlm_xnli;entailment;0;0.0023448856081813574;0.032809559255838394;0.964845597743988
17_ai_bii1_cannot_say_neu;Vor zwei Monaten hat Greta vor Tina einen komplizierten Vortrag gehalten.;Vor drei Tagen hat Tina wieder einen komplizierten Vortrag präsentiert, als sie auf einer Tagung gewesen ist.;Es lässt sich nicht sagen, wie oft Tina einen komplizierten Vortrag präsentiert hat.;unknown;17;ai;bii;1;neutral;cannot say;False;;;Vor zwei Monaten hat Greta vor Tina einen komplizierten Vortrag gehalten. Vor drei Tagen hat Tina wieder einen komplizierten Vortrag präsentiert, als sie auf einer Tagung gewesen ist.;Es lässt sich nicht sagen, wie oft Tina einen komplizierten Vortrag präsentiert hat.;morit/german_xlm_xnli;neutral;1;0.07038979232311249;0.8658115267753601;0.0637986809015274
17_ai_bii2_once_pos;Vor zwei Monaten hat Greta vor Tina einen komplizierten Vortrag gehalten.;Vor drei Tagen hat Greta wieder einen komplizierten Vortrag präsentiert, als sie auf einer Tagung gewesen ist.;Greta hat einmal einen komplizierten Vortrag präsentiert.;unknown;17;ai;bii;2;positive;once;False;;;Vor zwei Monaten hat Greta vor Tina einen komplizierten Vortrag gehalten. Vor drei Tagen hat Greta wieder einen komplizierten Vortrag präsentiert, als sie auf einer Tagung gewesen ist.;Greta hat einmal einen komplizierten Vortrag präsentiert.;morit/german_xlm_xnli;entailment;0;0.015921277925372124;0.012336518615484238;0.9717421531677246
17_ai_bii2_twice_pos;Vor zwei Monaten hat Greta vor Tina einen komplizierten Vortrag gehalten.;Vor drei Tagen hat Greta wieder einen komplizierten Vortrag präsentiert, als sie auf einer Tagung gewesen ist.;Greta hat mindestens zweimal einen komplizierten Vortrag präsentiert.;entailment;17;ai;bii;2;positive;twice;False;;;Vor zwei Monaten hat Greta vor Tina einen komplizierten Vortrag gehalten. Vor drei Tagen hat Greta wieder einen komplizierten Vortrag präsentiert, als sie auf einer Tagung gewesen ist.;Greta hat mindestens zweimal einen komplizierten Vortrag präsentiert.;morit/german_xlm_xnli;entailment;1;0.0018787699518725276;0.02304278314113617;0.9750784635543823
17_ai_bii2_cannot_say_pos;Vor zwei Monaten hat Greta vor Tina einen komplizierten Vortrag gehalten.;Vor drei Tagen hat Greta wieder einen komplizierten Vortrag präsentiert, als sie auf einer Tagung gewesen ist.;Es lässt sich nicht sagen, wie oft Greta einen komplizierten Vortrag präsentiert hat.;unknown;17;ai;bii;2;positive;cannot say;False;;;Vor zwei Monaten hat Greta vor Tina einen komplizierten Vortrag gehalten. Vor drei Tagen hat Greta wieder einen komplizierten Vortrag präsentiert, als sie auf einer Tagung gewesen ist.;Es lässt sich nicht sagen, wie oft Greta einen komplizierten Vortrag präsentiert hat.;morit/german_xlm_xnli;neutral;1;0.07642123103141785;0.8255449533462524;0.0980338528752327
17_aii_bi1_once_neu;Vor zwei Monaten hat Tina vor Greta einen komplizierten Vortrag gehalten.;Vor drei Tagen hat Tina wieder einen komplizierten Vortrag gehört, als sie auf einer Tagung gewesen ist.;Tina hat einmal einen komplizierten Vortrag gehört.;entailment;17;aii;bi;1;neutral;once;False;;;Vor zwei Monaten hat Tina vor Greta einen komplizierten Vortrag gehalten. Vor drei Tagen hat Tina wieder einen komplizierten Vortrag gehört, als sie auf einer Tagung gewesen ist.;Tina hat einmal einen komplizierten Vortrag gehört.;morit/german_xlm_xnli;entailment;1;0.013287373818457127;0.020788833498954773;0.9659237265586853
17_aii_bi1_twice_neu;Vor zwei Monaten hat Tina vor Greta einen komplizierten Vortrag gehalten.;Vor drei Tagen hat Tina wieder einen komplizierten Vortrag gehört, als sie auf einer Tagung gewesen ist.;Tina hat mindestens zweimal einen komplizierten Vortrag gehört.;unknown;17;aii;bi;1;neutral;twice;False;;;Vor zwei Monaten hat Tina vor Greta einen komplizierten Vortrag gehalten. Vor drei Tagen hat Tina wieder einen komplizierten Vortrag gehört, als sie auf einer Tagung gewesen ist.;Tina hat mindestens zweimal einen komplizierten Vortrag gehört.;morit/german_xlm_xnli;entailment;0;0.0018550623208284378;0.03757366165518761;0.9605713486671448
17_aii_bi1_cannot_say_neu;Vor zwei Monaten hat Tina vor Greta einen komplizierten Vortrag gehalten.;Vor drei Tagen hat Tina wieder einen komplizierten Vortrag gehört, als sie auf einer Tagung gewesen ist.;Es lässt sich nicht sagen, wie oft Tina einen komplizierten Vortrag gehört hat.;unknown;17;aii;bi;1;neutral;cannot say;False;;;Vor zwei Monaten hat Tina vor Greta einen komplizierten Vortrag gehalten. Vor drei Tagen hat Tina wieder einen komplizierten Vortrag gehört, als sie auf einer Tagung gewesen ist.;Es lässt sich nicht sagen, wie oft Tina einen komplizierten Vortrag gehört hat.;morit/german_xlm_xnli;neutral;1;0.045153986662626266;0.9115230441093445;0.043322980403900146
17_aii_bi2_once_pos;Vor zwei Monaten hat Tina vor Greta einen komplizierten Vortrag gehalten.;Vor drei Tagen hat Greta wieder einen komplizierten Vortrag gehört, als sie auf einer Tagung gewesen ist.;Greta hat einmal einen komplizierten Vortrag gehört.;unknown;17;aii;bi;2;positive;once;False;;;Vor zwei Monaten hat Tina vor Greta einen komplizierten Vortrag gehalten. Vor drei Tagen hat Greta wieder einen komplizierten Vortrag gehört, als sie auf einer Tagung gewesen ist.;Greta hat einmal einen komplizierten Vortrag gehört.;morit/german_xlm_xnli;entailment;0;0.023959944024682045;0.019299665465950966;0.9567403793334961
17_aii_bi2_twice_pos;Vor zwei Monaten hat Tina vor Greta einen komplizierten Vortrag gehalten.;Vor drei Tagen hat Greta wieder einen komplizierten Vortrag gehört, als sie auf einer Tagung gewesen ist.;Greta hat mindestens zweimal einen komplizierten Vortrag gehört.;entailment;17;aii;bi;2;positive;twice;False;;;Vor zwei Monaten hat Tina vor Greta einen komplizierten Vortrag gehalten. Vor drei Tagen hat Greta wieder einen komplizierten Vortrag gehört, als sie auf einer Tagung gewesen ist.;Greta hat mindestens zweimal einen komplizierten Vortrag gehört.;morit/german_xlm_xnli;entailment;1;0.0022689946927130222;0.027575217187404633;0.9701557755470276
17_aii_bi2_cannot_say_pos;Vor zwei Monaten hat Tina vor Greta einen komplizierten Vortrag gehalten.;Vor drei Tagen hat Greta wieder einen komplizierten Vortrag gehört, als sie auf einer Tagung gewesen ist.;Es lässt sich nicht sagen, wie oft Greta einen komplizierten Vortrag gehört hat.;unknown;17;aii;bi;2;positive;cannot say;False;;;Vor zwei Monaten hat Tina vor Greta einen komplizierten Vortrag gehalten. Vor drei Tagen hat Greta wieder einen komplizierten Vortrag gehört, als sie auf einer Tagung gewesen ist.;Es lässt sich nicht sagen, wie oft Greta einen komplizierten Vortrag gehört hat.;morit/german_xlm_xnli;neutral;1;0.10850260406732559;0.8058597445487976;0.08563770353794098
17_aii_bii1_once_pos;Vor zwei Monaten hat Tina vor Greta einen komplizierten Vortrag gehalten.;Vor drei Tagen hat Tina wieder einen komplizierten Vortrag präsentiert, als sie auf einer Tagung gewesen ist.;Tina hat einmal einen komplizierten Vortrag präsentiert.;unknown;17;aii;bii;1;positive;once;False;;;Vor zwei Monaten hat Tina vor Greta einen komplizierten Vortrag gehalten. Vor drei Tagen hat Tina wieder einen komplizierten Vortrag präsentiert, als sie auf einer Tagung gewesen ist.;Tina hat einmal einen komplizierten Vortrag präsentiert.;morit/german_xlm_xnli;entailment;0;0.010892198421061039;0.013962018303573132;0.9751458168029785
17_aii_bii1_twice_pos;Vor zwei Monaten hat Tina vor Greta einen komplizierten Vortrag gehalten.;Vor drei Tagen hat Tina wieder einen komplizierten Vortrag präsentiert, als sie auf einer Tagung gewesen ist.;Tina hat mindestens zweimal einen komplizierten Vortrag präsentiert.;entailment;17;aii;bii;1;positive;twice;False;;;Vor zwei Monaten hat Tina vor Greta einen komplizierten Vortrag gehalten. Vor drei Tagen hat Tina wieder einen komplizierten Vortrag präsentiert, als sie auf einer Tagung gewesen ist.;Tina hat mindestens zweimal einen komplizierten Vortrag präsentiert.;morit/german_xlm_xnli;entailment;1;0.0018957769498229027;0.032278597354888916;0.965825617313385
17_aii_bii1_cannot_say_pos;Vor zwei Monaten hat Tina vor Greta einen komplizierten Vortrag gehalten.;Vor drei Tagen hat Tina wieder einen komplizierten Vortrag präsentiert, als sie auf einer Tagung gewesen ist.;Es lässt sich nicht sagen, wie oft Tina einen komplizierten Vortrag präsentiert hat.;unknown;17;aii;bii;1;positive;cannot say;False;;;Vor zwei Monaten hat Tina vor Greta einen komplizierten Vortrag gehalten. Vor drei Tagen hat Tina wieder einen komplizierten Vortrag präsentiert, als sie auf einer Tagung gewesen ist.;Es lässt sich nicht sagen, wie oft Tina einen komplizierten Vortrag präsentiert hat.;morit/german_xlm_xnli;neutral;1;0.047101378440856934;0.8947798013687134;0.05811885744333267
17_aii_bii2_once_neu;Vor zwei Monaten hat Tina vor Greta einen komplizierten Vortrag gehalten.;Vor drei Tagen hat Greta wieder einen komplizierten Vortrag präsentiert, als sie auf einer Tagung gewesen ist.;Greta hat einmal einen komplizierten Vortrag präsentiert.;entailment;17;aii;bii;2;neutral;once;False;;;Vor zwei Monaten hat Tina vor Greta einen komplizierten Vortrag gehalten. Vor drei Tagen hat Greta wieder einen komplizierten Vortrag präsentiert, als sie auf einer Tagung gewesen ist.;Greta hat einmal einen komplizierten Vortrag präsentiert.;morit/german_xlm_xnli;entailment;1;0.01854415237903595;0.013310701586306095;0.9681451916694641
17_aii_bii2_twice_neu;Vor zwei Monaten hat Tina vor Greta einen komplizierten Vortrag gehalten.;Vor drei Tagen hat Greta wieder einen komplizierten Vortrag präsentiert, als sie auf einer Tagung gewesen ist.;Greta hat mindestens zweimal einen komplizierten Vortrag präsentiert.;unknown;17;aii;bii;2;neutral;twice;False;;;Vor zwei Monaten hat Tina vor Greta einen komplizierten Vortrag gehalten. Vor drei Tagen hat Greta wieder einen komplizierten Vortrag präsentiert, als sie auf einer Tagung gewesen ist.;Greta hat mindestens zweimal einen komplizierten Vortrag präsentiert.;morit/german_xlm_xnli;entailment;0;0.002250851131975651;0.022408438846468925;0.975340723991394
17_aii_bii2_cannot_say_neu;Vor zwei Monaten hat Tina vor Greta einen komplizierten Vortrag gehalten.;Vor drei Tagen hat Greta wieder einen komplizierten Vortrag präsentiert, als sie auf einer Tagung gewesen ist.;Es lässt sich nicht sagen, wie oft Greta einen komplizierten Vortrag präsentiert hat.;unknown;17;aii;bii;2;neutral;cannot say;False;;;Vor zwei Monaten hat Tina vor Greta einen komplizierten Vortrag gehalten. Vor drei Tagen hat Greta wieder einen komplizierten Vortrag präsentiert, als sie auf einer Tagung gewesen ist.;Es lässt sich nicht sagen, wie oft Greta einen komplizierten Vortrag präsentiert hat.;morit/german_xlm_xnli;neutral;1;0.09591260552406311;0.7946889400482178;0.10939843952655792
18_ai_bi1_once_pos;Vor einer Woche hat Greta Thorsten einen Cocktail ausgegeben.;Vor vier Tagen hat Thorsten wieder einen leckeren Cocktail bekommen, als er in einer Bar gewesen ist.;Thorsten hat einmal einen leckeren Cocktail bekommen.;unknown;18;ai;bi;1;positive;once;False;;;Vor einer Woche hat Greta Thorsten einen Cocktail ausgegeben. Vor vier Tagen hat Thorsten wieder einen leckeren Cocktail bekommen, als er in einer Bar gewesen ist.;Thorsten hat einmal einen leckeren Cocktail bekommen.;morit/german_xlm_xnli;entailment;0;0.00600699195638299;0.019534533843398094;0.9744584560394287
18_ai_bi1_twice_pos;Vor einer Woche hat Greta Thorsten einen Cocktail ausgegeben.;Vor vier Tagen hat Thorsten wieder einen leckeren Cocktail bekommen, als er in einer Bar gewesen ist.;Thorsten hat mindestens zweimal einen leckeren Cocktail bekommen.;entailment;18;ai;bi;1;positive;twice;False;;;Vor einer Woche hat Greta Thorsten einen Cocktail ausgegeben. Vor vier Tagen hat Thorsten wieder einen leckeren Cocktail bekommen, als er in einer Bar gewesen ist.;Thorsten hat mindestens zweimal einen leckeren Cocktail bekommen.;morit/german_xlm_xnli;entailment;1;0.0017044554697349668;0.05757599696516991;0.9407195448875427
18_ai_bi1_cannot_say_pos;Vor einer Woche hat Greta Thorsten einen Cocktail ausgegeben.;Vor vier Tagen hat Thorsten wieder einen leckeren Cocktail bekommen, als er in einer Bar gewesen ist.;Es lässt sich nicht sagen, wie oft Thorsten einen leckeren Cocktail bekommen hat.;unknown;18;ai;bi;1;positive;cannot say;False;;;Vor einer Woche hat Greta Thorsten einen Cocktail ausgegeben. Vor vier Tagen hat Thorsten wieder einen leckeren Cocktail bekommen, als er in einer Bar gewesen ist.;Es lässt sich nicht sagen, wie oft Thorsten einen leckeren Cocktail bekommen hat.;morit/german_xlm_xnli;neutral;1;0.02374986931681633;0.9658108353614807;0.010439329780638218
18_ai_bi2_once_neu;Vor einer Woche hat Greta Thorsten einen Cocktail ausgegeben.;Vor vier Tagen hat Greta wieder einen leckeren Cocktail bekommen, als sie in einer Bar gewesen ist.;Greta hat einmal einen leckeren Cocktail bekommen.;entailment;18;ai;bi;2;neutral;once;False;;;Vor einer Woche hat Greta Thorsten einen Cocktail ausgegeben. Vor vier Tagen hat Greta wieder einen leckeren Cocktail bekommen, als sie in einer Bar gewesen ist.;Greta hat einmal einen leckeren Cocktail bekommen.;morit/german_xlm_xnli;entailment;1;0.006616285070776939;0.023386172950267792;0.9699975848197937
18_ai_bi2_twice_neu;Vor einer Woche hat Greta Thorsten einen Cocktail ausgegeben.;Vor vier Tagen hat Greta wieder einen leckeren Cocktail bekommen, als sie in einer Bar gewesen ist.;Greta hat mindestens zweimal einen leckeren Cocktail bekommen.;unknown;18;ai;bi;2;neutral;twice;False;;;Vor einer Woche hat Greta Thorsten einen Cocktail ausgegeben. Vor vier Tagen hat Greta wieder einen leckeren Cocktail bekommen, als sie in einer Bar gewesen ist.;Greta hat mindestens zweimal einen leckeren Cocktail bekommen.;morit/german_xlm_xnli;entailment;0;0.001567348837852478;0.04929976537823677;0.9491328597068787
18_ai_bi2_cannot_say_neu;Vor einer Woche hat Greta Thorsten einen Cocktail ausgegeben.;Vor vier Tagen hat Greta wieder einen leckeren Cocktail bekommen, als sie in einer Bar gewesen ist.;Es lässt sich nicht sagen, wie oft Greta einen leckeren Cocktail bekommen hat.;unknown;18;ai;bi;2;neutral;cannot say;False;;;Vor einer Woche hat Greta Thorsten einen Cocktail ausgegeben. Vor vier Tagen hat Greta wieder einen leckeren Cocktail bekommen, als sie in einer Bar gewesen ist.;Es lässt sich nicht sagen, wie oft Greta einen leckeren Cocktail bekommen hat.;morit/german_xlm_xnli;neutral;1;0.01949187181890011;0.971076250076294;0.009431864134967327
18_ai_bii1_once_neu;Vor einer Woche hat Greta Thorsten einen Cocktail ausgegeben.;Vor vier Tagen hat Thorsten wieder einen leckeren Cocktail bezahlt, als er in einer Bar gewesen ist.;Thorsten hat einmal einen leckeren Cocktail bezahlt.;entailment;18;ai;bii;1;neutral;once;False;;;Vor einer Woche hat Greta Thorsten einen Cocktail ausgegeben. Vor vier Tagen hat Thorsten wieder einen leckeren Cocktail bezahlt, als er in einer Bar gewesen ist.;Thorsten hat einmal einen leckeren Cocktail bezahlt.;morit/german_xlm_xnli;entailment;1;0.0052982051856815815;0.015711219981312752;0.9789905548095703
18_ai_bii1_twice_neu;Vor einer Woche hat Greta Thorsten einen Cocktail ausgegeben.;Vor vier Tagen hat Thorsten wieder einen leckeren Cocktail bezahlt, als er in einer Bar gewesen ist.;Thorsten hat mindestens zweimal einen leckeren Cocktail bezahlt.;unknown;18;ai;bii;1;neutral;twice;False;;;Vor einer Woche hat Greta Thorsten einen Cocktail ausgegeben. Vor vier Tagen hat Thorsten wieder einen leckeren Cocktail bezahlt, als er in einer Bar gewesen ist.;Thorsten hat mindestens zweimal einen leckeren Cocktail bezahlt.;morit/german_xlm_xnli;entailment;0;0.0016575793270021677;0.0510338693857193;0.9473085999488831
18_ai_bii1_cannot_say_neu;Vor einer Woche hat Greta Thorsten einen Cocktail ausgegeben.;Vor vier Tagen hat Thorsten wieder einen leckeren Cocktail bezahlt, als er in einer Bar gewesen ist.;Es lässt sich nicht sagen, wie oft Thorsten einen leckeren Cocktail bezahlt hat.;unknown;18;ai;bii;1;neutral;cannot say;False;;;Vor einer Woche hat Greta Thorsten einen Cocktail ausgegeben. Vor vier Tagen hat Thorsten wieder einen leckeren Cocktail bezahlt, als er in einer Bar gewesen ist.;Es lässt sich nicht sagen, wie oft Thorsten einen leckeren Cocktail bezahlt hat.;morit/german_xlm_xnli;neutral;1;0.0624372772872448;0.8816911578178406;0.0558716244995594
18_ai_bii2_once_pos;Vor einer Woche hat Greta Thorsten einen Cocktail ausgegeben.;Vor vier Tagen hat Greta wieder einen leckeren Cocktail bezahlt, als sie in einer Bar gewesen ist.;Greta hat einmal einen leckeren Cocktail bezahlt.;unknown;18;ai;bii;2;positive;once;False;;;Vor einer Woche hat Greta Thorsten einen Cocktail ausgegeben. Vor vier Tagen hat Greta wieder einen leckeren Cocktail bezahlt, als sie in einer Bar gewesen ist.;Greta hat einmal einen leckeren Cocktail bezahlt.;morit/german_xlm_xnli;entailment;0;0.00519944541156292;0.018003951758146286;0.976796567440033
18_ai_bii2_twice_pos;Vor einer Woche hat Greta Thorsten einen Cocktail ausgegeben.;Vor vier Tagen hat Greta wieder einen leckeren Cocktail bezahlt, als sie in einer Bar gewesen ist.;Greta hat mindestens zweimal einen leckeren Cocktail bezahlt.;entailment;18;ai;bii;2;positive;twice;False;;;Vor einer Woche hat Greta Thorsten einen Cocktail ausgegeben. Vor vier Tagen hat Greta wieder einen leckeren Cocktail bezahlt, als sie in einer Bar gewesen ist.;Greta hat mindestens zweimal einen leckeren Cocktail bezahlt.;morit/german_xlm_xnli;entailment;1;0.0015462952433153987;0.04368169978260994;0.9547719359397888
18_ai_bii2_cannot_say_pos;Vor einer Woche hat Greta Thorsten einen Cocktail ausgegeben.;Vor vier Tagen hat Greta wieder einen leckeren Cocktail bezahlt, als sie in einer Bar gewesen ist.;Es lässt sich nicht sagen, wie oft Greta einen leckeren Cocktail bezahlt hat.;unknown;18;ai;bii;2;positive;cannot say;False;;;Vor einer Woche hat Greta Thorsten einen Cocktail ausgegeben. Vor vier Tagen hat Greta wieder einen leckeren Cocktail bezahlt, als sie in einer Bar gewesen ist.;Es lässt sich nicht sagen, wie oft Greta einen leckeren Cocktail bezahlt hat.;morit/german_xlm_xnli;neutral;1;0.05892361328005791;0.8870762586593628;0.05400020629167557
18_aii_bi1_once_neu;Vor einer Woche hat Thorsten Greta einen Cocktail ausgegeben.;Vor vier Tagen hat Thorsten wieder einen leckeren Cocktail bekommen, als er in einer Bar gewesen ist.;Thorsten hat einmal einen leckeren Cocktail bekommen.;entailment;18;aii;bi;1;neutral;once;False;;;Vor einer Woche hat Thorsten Greta einen Cocktail ausgegeben. Vor vier Tagen hat Thorsten wieder einen leckeren Cocktail bekommen, als er in einer Bar gewesen ist.;Thorsten hat einmal einen leckeren Cocktail bekommen.;morit/german_xlm_xnli;entailment;1;0.007170992437750101;0.021355846896767616;0.971473217010498
18_aii_bi1_twice_neu;Vor einer Woche hat Thorsten Greta einen Cocktail ausgegeben.;Vor vier Tagen hat Thorsten wieder einen leckeren Cocktail bekommen, als er in einer Bar gewesen ist.;Thorsten hat mindestens zweimal einen leckeren Cocktail bekommen.;unknown;18;aii;bi;1;neutral;twice;False;;;Vor einer Woche hat Thorsten Greta einen Cocktail ausgegeben. Vor vier Tagen hat Thorsten wieder einen leckeren Cocktail bekommen, als er in einer Bar gewesen ist.;Thorsten hat mindestens zweimal einen leckeren Cocktail bekommen.;morit/german_xlm_xnli;entailment;0;0.0016545053804293275;0.05475827306509018;0.9435871839523315
18_aii_bi1_cannot_say_neu;Vor einer Woche hat Thorsten Greta einen Cocktail ausgegeben.;Vor vier Tagen hat Thorsten wieder einen leckeren Cocktail bekommen, als er in einer Bar gewesen ist.;Es lässt sich nicht sagen, wie oft Thorsten einen leckeren Cocktail bekommen hat.;unknown;18;aii;bi;1;neutral;cannot say;False;;;Vor einer Woche hat Thorsten Greta einen Cocktail ausgegeben. Vor vier Tagen hat Thorsten wieder einen leckeren Cocktail bekommen, als er in einer Bar gewesen ist.;Es lässt sich nicht sagen, wie oft Thorsten einen leckeren Cocktail bekommen hat.;morit/german_xlm_xnli;neutral;1;0.018168693408370018;0.973653256893158;0.00817810744047165
18_aii_bi2_once_pos;Vor einer Woche hat Thorsten Greta einen Cocktail ausgegeben.;Vor vier Tagen hat Greta wieder einen leckeren Cocktail bekommen, als sie in einer Bar gewesen ist.;Greta hat einmal einen leckeren Cocktail bekommen.;unknown;18;aii;bi;2;positive;once;False;;;Vor einer Woche hat Thorsten Greta einen Cocktail ausgegeben. Vor vier Tagen hat Greta wieder einen leckeren Cocktail bekommen, als sie in einer Bar gewesen ist.;Greta hat einmal einen leckeren Cocktail bekommen.;morit/german_xlm_xnli;entailment;0;0.005212314892560244;0.02206171490252018;0.9727259874343872
18_aii_bi2_twice_pos;Vor einer Woche hat Thorsten Greta einen Cocktail ausgegeben.;Vor vier Tagen hat Greta wieder einen leckeren Cocktail bekommen, als sie in einer Bar gewesen ist.;Greta hat mindestens zweimal einen leckeren Cocktail bekommen.;entailment;18;aii;bi;2;positive;twice;False;;;Vor einer Woche hat Thorsten Greta einen Cocktail ausgegeben. Vor vier Tagen hat Greta wieder einen leckeren Cocktail bekommen, als sie in einer Bar gewesen ist.;Greta hat mindestens zweimal einen leckeren Cocktail bekommen.;morit/german_xlm_xnli;entailment;1;0.0015130117535591125;0.05000142753124237;0.9484856128692627
18_aii_bi2_cannot_say_pos;Vor einer Woche hat Thorsten Greta einen Cocktail ausgegeben.;Vor vier Tagen hat Greta wieder einen leckeren Cocktail bekommen, als sie in einer Bar gewesen ist.;Es lässt sich nicht sagen, wie oft Greta einen leckeren Cocktail bekommen hat.;unknown;18;aii;bi;2;positive;cannot say;False;;;Vor einer Woche hat Thorsten Greta einen Cocktail ausgegeben. Vor vier Tagen hat Greta wieder einen leckeren Cocktail bekommen, als sie in einer Bar gewesen ist.;Es lässt sich nicht sagen, wie oft Greta einen leckeren Cocktail bekommen hat.;morit/german_xlm_xnli;neutral;1;0.02356921136379242;0.9655845165252686;0.010846288874745369
18_aii_bii1_once_pos;Vor einer Woche hat Thorsten Greta einen Cocktail ausgegeben.;Vor vier Tagen hat Thorsten wieder einen leckeren Cocktail bezahlt, als er in einer Bar gewesen ist.;Thorsten hat einmal einen leckeren Cocktail bezahlt.;unknown;18;aii;bii;1;positive;once;False;;;Vor einer Woche hat Thorsten Greta einen Cocktail ausgegeben. Vor vier Tagen hat Thorsten wieder einen leckeren Cocktail bezahlt, als er in einer Bar gewesen ist.;Thorsten hat einmal einen leckeren Cocktail bezahlt.;morit/german_xlm_xnli;entailment;0;0.005905443802475929;0.01655868999660015;0.9775359034538269
18_aii_bii1_twice_pos;Vor einer Woche hat Thorsten Greta einen Cocktail ausgegeben.;Vor vier Tagen hat Thorsten wieder einen leckeren Cocktail bezahlt, als er in einer Bar gewesen ist.;Thorsten hat mindestens zweimal einen leckeren Cocktail bezahlt.;entailment;18;aii;bii;1;positive;twice;False;;;Vor einer Woche hat Thorsten Greta einen Cocktail ausgegeben. Vor vier Tagen hat Thorsten wieder einen leckeren Cocktail bezahlt, als er in einer Bar gewesen ist.;Thorsten hat mindestens zweimal einen leckeren Cocktail bezahlt.;morit/german_xlm_xnli;entailment;1;0.001574931782670319;0.04723222181200981;0.9511928558349609
18_aii_bii1_cannot_say_pos;Vor einer Woche hat Thorsten Greta einen Cocktail ausgegeben.;Vor vier Tagen hat Thorsten wieder einen leckeren Cocktail bezahlt, als er in einer Bar gewesen ist.;Es lässt sich nicht sagen, wie oft Thorsten einen leckeren Cocktail bezahlt hat.;unknown;18;aii;bii;1;positive;cannot say;False;;;Vor einer Woche hat Thorsten Greta einen Cocktail ausgegeben. Vor vier Tagen hat Thorsten wieder einen leckeren Cocktail bezahlt, als er in einer Bar gewesen ist.;Es lässt sich nicht sagen, wie oft Thorsten einen leckeren Cocktail bezahlt hat.;morit/german_xlm_xnli;neutral;1;0.048929519951343536;0.9044625759124756;0.04660795256495476
18_aii_bii2_once_neu;Vor einer Woche hat Thorsten Greta einen Cocktail ausgegeben.;Vor vier Tagen hat Greta wieder einen leckeren Cocktail bezahlt, als sie in einer Bar gewesen ist.;Greta hat einmal einen leckeren Cocktail bezahlt.;entailment;18;aii;bii;2;neutral;once;False;;;Vor einer Woche hat Thorsten Greta einen Cocktail ausgegeben. Vor vier Tagen hat Greta wieder einen leckeren Cocktail bezahlt, als sie in einer Bar gewesen ist.;Greta hat einmal einen leckeren Cocktail bezahlt.;morit/german_xlm_xnli;entailment;1;0.004233045503497124;0.01651080697774887;0.9792560338973999
18_aii_bii2_twice_neu;Vor einer Woche hat Thorsten Greta einen Cocktail ausgegeben.;Vor vier Tagen hat Greta wieder einen leckeren Cocktail bezahlt, als sie in einer Bar gewesen ist.;Greta hat mindestens zweimal einen leckeren Cocktail bezahlt.;unknown;18;aii;bii;2;neutral;twice;False;;;Vor einer Woche hat Thorsten Greta einen Cocktail ausgegeben. Vor vier Tagen hat Greta wieder einen leckeren Cocktail bezahlt, als sie in einer Bar gewesen ist.;Greta hat mindestens zweimal einen leckeren Cocktail bezahlt.;morit/german_xlm_xnli;entailment;0;0.0015150465769693255;0.04479413479566574;0.9536908268928528
18_aii_bii2_cannot_say_neu;Vor einer Woche hat Thorsten Greta einen Cocktail ausgegeben.;Vor vier Tagen hat Greta wieder einen leckeren Cocktail bezahlt, als sie in einer Bar gewesen ist.;Es lässt sich nicht sagen, wie oft Greta einen leckeren Cocktail bezahlt hat.;unknown;18;aii;bii;2;neutral;cannot say;False;;;Vor einer Woche hat Thorsten Greta einen Cocktail ausgegeben. Vor vier Tagen hat Greta wieder einen leckeren Cocktail bezahlt, als sie in einer Bar gewesen ist.;Es lässt sich nicht sagen, wie oft Greta einen leckeren Cocktail bezahlt hat.;morit/german_xlm_xnli;neutral;1;0.06582038104534149;0.8764341473579407;0.05774552375078201
19_ai_bi1_once_pos;Vor zwei Wochen hat Greta Judith ein Kompliment gemacht.;Vor einer Woche hat Judith wieder ein nettes Kompliment erhalten, als sie in einem Park spazieren war.;Judith hat einmal ein nettes Kompliment erhalten.;unknown;19;ai;bi;1;positive;once;False;;;Vor zwei Wochen hat Greta Judith ein Kompliment gemacht. Vor einer Woche hat Judith wieder ein nettes Kompliment erhalten, als sie in einem Park spazieren war.;Judith hat einmal ein nettes Kompliment erhalten.;morit/german_xlm_xnli;entailment;0;0.012348431162536144;0.018268274143338203;0.9693832993507385
19_ai_bi1_twice_pos;Vor zwei Wochen hat Greta Judith ein Kompliment gemacht.;Vor einer Woche hat Judith wieder ein nettes Kompliment erhalten, als sie in einem Park spazieren war.;Judith hat mindestens zweimal ein nettes Kompliment erhalten.;entailment;19;ai;bi;1;positive;twice;False;;;Vor zwei Wochen hat Greta Judith ein Kompliment gemacht. Vor einer Woche hat Judith wieder ein nettes Kompliment erhalten, als sie in einem Park spazieren war.;Judith hat mindestens zweimal ein nettes Kompliment erhalten.;morit/german_xlm_xnli;entailment;1;0.0016954033635556698;0.026673488318920135;0.9716311693191528
19_ai_bi1_cannot_say_pos;Vor zwei Wochen hat Greta Judith ein Kompliment gemacht.;Vor einer Woche hat Judith wieder ein nettes Kompliment erhalten, als sie in einem Park spazieren war.;Es lässt sich nicht sagen, wie oft Judith ein nettes Kompliment erhalten hat.;unknown;19;ai;bi;1;positive;cannot say;False;;;Vor zwei Wochen hat Greta Judith ein Kompliment gemacht. Vor einer Woche hat Judith wieder ein nettes Kompliment erhalten, als sie in einem Park spazieren war.;Es lässt sich nicht sagen, wie oft Judith ein nettes Kompliment erhalten hat.;morit/german_xlm_xnli;neutral;1;0.009678433649241924;0.985353410243988;0.004968271125108004
19_ai_bi2_once_neu;Vor zwei Wochen hat Greta Judith ein Kompliment gemacht.;Vor einer Woche hat Greta wieder ein nettes Kompliment erhalten, als sie in einem Park spazieren war.;Greta hat einmal ein nettes Kompliment erhalten.;entailment;19;ai;bi;2;neutral;once;False;;;Vor zwei Wochen hat Greta Judith ein Kompliment gemacht. Vor einer Woche hat Greta wieder ein nettes Kompliment erhalten, als sie in einem Park spazieren war.;Greta hat einmal ein nettes Kompliment erhalten.;morit/german_xlm_xnli;entailment;1;0.017562130466103554;0.021843526512384415;0.9605942964553833
19_ai_bi2_twice_neu;Vor zwei Wochen hat Greta Judith ein Kompliment gemacht.;Vor einer Woche hat Greta wieder ein nettes Kompliment erhalten, als sie in einem Park spazieren war.;Greta hat mindestens zweimal ein nettes Kompliment erhalten.;unknown;19;ai;bi;2;neutral;twice;False;;;Vor zwei Wochen hat Greta Judith ein Kompliment gemacht. Vor einer Woche hat Greta wieder ein nettes Kompliment erhalten, als sie in einem Park spazieren war.;Greta hat mindestens zweimal ein nettes Kompliment erhalten.;morit/german_xlm_xnli;entailment;0;0.0019936158787459135;0.028073478490114212;0.9699328541755676
19_ai_bi2_cannot_say_neu;Vor zwei Wochen hat Greta Judith ein Kompliment gemacht.;Vor einer Woche hat Greta wieder ein nettes Kompliment erhalten, als sie in einem Park spazieren war.;Es lässt sich nicht sagen, wie oft Greta ein nettes Kompliment erhalten hat.;unknown;19;ai;bi;2;neutral;cannot say;False;;;Vor zwei Wochen hat Greta Judith ein Kompliment gemacht. Vor einer Woche hat Greta wieder ein nettes Kompliment erhalten, als sie in einem Park spazieren war.;Es lässt sich nicht sagen, wie oft Greta ein nettes Kompliment erhalten hat.;morit/german_xlm_xnli;neutral;1;0.01076527964323759;0.9842970967292786;0.004937682766467333
19_ai_bii1_once_neu;Vor zwei Wochen hat Greta Judith ein Kompliment gemacht.;Vor einer Woche hat Judith wieder ein nettes Kompliment verteilt, als sie in einem Park spazieren war.;Judith hat einmal ein nettes Kompliment verteilt.;entailment;19;ai;bii;1;neutral;once;False;;;Vor zwei Wochen hat Greta Judith ein Kompliment gemacht. Vor einer Woche hat Judith wieder ein nettes Kompliment verteilt, als sie in einem Park spazieren war.;Judith hat einmal ein nettes Kompliment verteilt.;morit/german_xlm_xnli;entailment;1;0.01753593236207962;0.01627214066684246;0.9661919474601746
19_ai_bii1_twice_neu;Vor zwei Wochen hat Greta Judith ein Kompliment gemacht.;Vor einer Woche hat Judith wieder ein nettes Kompliment verteilt, als sie in einem Park spazieren war.;Judith hat mindestens zweimal ein nettes Kompliment verteilt.;unknown;19;ai;bii;1;neutral;twice;False;;;Vor zwei Wochen hat Greta Judith ein Kompliment gemacht. Vor einer Woche hat Judith wieder ein nettes Kompliment verteilt, als sie in einem Park spazieren war.;Judith hat mindestens zweimal ein nettes Kompliment verteilt.;morit/german_xlm_xnli;entailment;0;0.0018141575856134295;0.022269081324338913;0.9759166836738586
19_ai_bii1_cannot_say_neu;Vor zwei Wochen hat Greta Judith ein Kompliment gemacht.;Vor einer Woche hat Judith wieder ein nettes Kompliment verteilt, als sie in einem Park spazieren war.;Es lässt sich nicht sagen, wie oft Judith ein nettes Kompliment verteilt hat.;unknown;19;ai;bii;1;neutral;cannot say;False;;;Vor zwei Wochen hat Greta Judith ein Kompliment gemacht. Vor einer Woche hat Judith wieder ein nettes Kompliment verteilt, als sie in einem Park spazieren war.;Es lässt sich nicht sagen, wie oft Judith ein nettes Kompliment verteilt hat.;morit/german_xlm_xnli;neutral;1;0.03339614346623421;0.9367337226867676;0.029870174825191498
19_ai_bii2_once_pos;Vor zwei Wochen hat Greta Judith ein Kompliment gemacht.;Vor einer Woche hat Greta wieder ein nettes Kompliment verteilt, als sie in einem Park spazieren war.;Greta hat einmal ein nettes Kompliment verteilt.;unknown;19;ai;bii;2;positive;once;False;;;Vor zwei Wochen hat Greta Judith ein Kompliment gemacht. Vor einer Woche hat Greta wieder ein nettes Kompliment verteilt, als sie in einem Park spazieren war.;Greta hat einmal ein nettes Kompliment verteilt.;morit/german_xlm_xnli;entailment;0;0.024948330596089363;0.019254619255661964;0.9557971358299255
19_ai_bii2_twice_pos;Vor zwei Wochen hat Greta Judith ein Kompliment gemacht.;Vor einer Woche hat Greta wieder ein nettes Kompliment verteilt, als sie in einem Park spazieren war.;Greta hat mindestens zweimal ein nettes Kompliment verteilt.;entailment;19;ai;bii;2;positive;twice;False;;;Vor zwei Wochen hat Greta Judith ein Kompliment gemacht. Vor einer Woche hat Greta wieder ein nettes Kompliment verteilt, als sie in einem Park spazieren war.;Greta hat mindestens zweimal ein nettes Kompliment verteilt.;morit/german_xlm_xnli;entailment;1;0.0020604559686034918;0.024339353665709496;0.9736001491546631
19_ai_bii2_cannot_say_pos;Vor zwei Wochen hat Greta Judith ein Kompliment gemacht.;Vor einer Woche hat Greta wieder ein nettes Kompliment verteilt, als sie in einem Park spazieren war.;Es lässt sich nicht sagen, wie oft Greta ein nettes Kompliment verteilt hat.;unknown;19;ai;bii;2;positive;cannot say;False;;;Vor zwei Wochen hat Greta Judith ein Kompliment gemacht. Vor einer Woche hat Greta wieder ein nettes Kompliment verteilt, als sie in einem Park spazieren war.;Es lässt sich nicht sagen, wie oft Greta ein nettes Kompliment verteilt hat.;morit/german_xlm_xnli;neutral;1;0.03635105863213539;0.9297381639480591;0.03391082584857941
19_aii_bi1_once_neu;Vor zwei Wochen hat Judith Greta ein Kompliment gemacht.;Vor einer Woche hat Judith wieder ein nettes Kompliment erhalten, als sie in einem Park spazieren war.;Judith hat einmal ein nettes Kompliment erhalten.;entailment;19;aii;bi;1;neutral;once;False;;;Vor zwei Wochen hat Judith Greta ein Kompliment gemacht. Vor einer Woche hat Judith wieder ein nettes Kompliment erhalten, als sie in einem Park spazieren war.;Judith hat einmal ein nettes Kompliment erhalten.;morit/german_xlm_xnli;entailment;1;0.015144907869398594;0.02049914188683033;0.964356005191803
19_aii_bi1_twice_neu;Vor zwei Wochen hat Judith Greta ein Kompliment gemacht.;Vor einer Woche hat Judith wieder ein nettes Kompliment erhalten, als sie in einem Park spazieren war.;Judith hat mindestens zweimal ein nettes Kompliment erhalten.;unknown;19;aii;bi;1;neutral;twice;False;;;Vor zwei Wochen hat Judith Greta ein Kompliment gemacht. Vor einer Woche hat Judith wieder ein nettes Kompliment erhalten, als sie in einem Park spazieren war.;Judith hat mindestens zweimal ein nettes Kompliment erhalten.;morit/german_xlm_xnli;entailment;0;0.0017436813795939088;0.025625398382544518;0.9726309180259705
19_aii_bi1_cannot_say_neu;Vor zwei Wochen hat Judith Greta ein Kompliment gemacht.;Vor einer Woche hat Judith wieder ein nettes Kompliment erhalten, als sie in einem Park spazieren war.;Es lässt sich nicht sagen, wie oft Judith ein nettes Kompliment erhalten hat.;unknown;19;aii;bi;1;neutral;cannot say;False;;;Vor zwei Wochen hat Judith Greta ein Kompliment gemacht. Vor einer Woche hat Judith wieder ein nettes Kompliment erhalten, als sie in einem Park spazieren war.;Es lässt sich nicht sagen, wie oft Judith ein nettes Kompliment erhalten hat.;morit/german_xlm_xnli;neutral;1;0.00924009270966053;0.9858275651931763;0.00493225734680891
19_aii_bi2_once_pos;Vor zwei Wochen hat Judith Greta ein Kompliment gemacht.;Vor einer Woche hat Greta wieder ein nettes Kompliment erhalten, als sie in einem Park spazieren war.;Greta hat einmal ein nettes Kompliment erhalten.;unknown;19;aii;bi;2;positive;once;False;;;Vor zwei Wochen hat Judith Greta ein Kompliment gemacht. Vor einer Woche hat Greta wieder ein nettes Kompliment erhalten, als sie in einem Park spazieren war.;Greta hat einmal ein nettes Kompliment erhalten.;morit/german_xlm_xnli;entailment;0;0.013537615537643433;0.019029250368475914;0.9674330353736877
19_aii_bi2_twice_pos;Vor zwei Wochen hat Judith Greta ein Kompliment gemacht.;Vor einer Woche hat Greta wieder ein nettes Kompliment erhalten, als sie in einem Park spazieren war.;Greta hat mindestens zweimal ein nettes Kompliment erhalten.;entailment;19;aii;bi;2;positive;twice;False;;;Vor zwei Wochen hat Judith Greta ein Kompliment gemacht. Vor einer Woche hat Greta wieder ein nettes Kompliment erhalten, als sie in einem Park spazieren war.;Greta hat mindestens zweimal ein nettes Kompliment erhalten.;morit/german_xlm_xnli;entailment;1;0.0019397041760385036;0.0273499246686697;0.9707104563713074
19_aii_bi2_cannot_say_pos;Vor zwei Wochen hat Judith Greta ein Kompliment gemacht.;Vor einer Woche hat Greta wieder ein nettes Kompliment erhalten, als sie in einem Park spazieren war.;Es lässt sich nicht sagen, wie oft Greta ein nettes Kompliment erhalten hat.;unknown;19;aii;bi;2;positive;cannot say;False;;;Vor zwei Wochen hat Judith Greta ein Kompliment gemacht. Vor einer Woche hat Greta wieder ein nettes Kompliment erhalten, als sie in einem Park spazieren war.;Es lässt sich nicht sagen, wie oft Greta ein nettes Kompliment erhalten hat.;morit/german_xlm_xnli;neutral;1;0.012204603292047977;0.9818222522735596;0.005973105318844318
19_aii_bii1_once_pos;Vor zwei Wochen hat Judith Greta ein Kompliment gemacht.;Vor einer Woche hat Judith wieder ein nettes Kompliment verteilt, als sie in einem Park spazieren war.;Judith hat einmal ein nettes Kompliment verteilt.;unknown;19;aii;bii;1;positive;once;False;;;Vor zwei Wochen hat Judith Greta ein Kompliment gemacht. Vor einer Woche hat Judith wieder ein nettes Kompliment verteilt, als sie in einem Park spazieren war.;Judith hat einmal ein nettes Kompliment verteilt.;morit/german_xlm_xnli;entailment;0;0.023022769019007683;0.018172111362218857;0.9588051438331604
19_aii_bii1_twice_pos;Vor zwei Wochen hat Judith Greta ein Kompliment gemacht.;Vor einer Woche hat Judith wieder ein nettes Kompliment verteilt, als sie in einem Park spazieren war.;Judith hat mindestens zweimal ein nettes Kompliment verteilt.;entailment;19;aii;bii;1;positive;twice;False;;;Vor zwei Wochen hat Judith Greta ein Kompliment gemacht. Vor einer Woche hat Judith wieder ein nettes Kompliment verteilt, als sie in einem Park spazieren war.;Judith hat mindestens zweimal ein nettes Kompliment verteilt.;morit/german_xlm_xnli;entailment;1;0.0018068047938868403;0.021655043587088585;0.9765381217002869
19_aii_bii1_cannot_say_pos;Vor zwei Wochen hat Judith Greta ein Kompliment gemacht.;Vor einer Woche hat Judith wieder ein nettes Kompliment verteilt, als sie in einem Park spazieren war.;Es lässt sich nicht sagen, wie oft Judith ein nettes Kompliment verteilt hat.;unknown;19;aii;bii;1;positive;cannot say;False;;;Vor zwei Wochen hat Judith Greta ein Kompliment gemacht. Vor einer Woche hat Judith wieder ein nettes Kompliment verteilt, als sie in einem Park spazieren war.;Es lässt sich nicht sagen, wie oft Judith ein nettes Kompliment verteilt hat.;morit/german_xlm_xnli;neutral;1;0.03339572623372078;0.9359674453735352;0.030636873096227646
19_aii_bii2_once_neu;Vor zwei Wochen hat Judith Greta ein Kompliment gemacht.;Vor einer Woche hat Greta wieder ein nettes Kompliment verteilt, als sie in einem Park spazieren war.;Greta hat einmal ein nettes Kompliment verteilt.;entailment;19;aii;bii;2;neutral;once;False;;;Vor zwei Wochen hat Judith Greta ein Kompliment gemacht. Vor einer Woche hat Greta wieder ein nettes Kompliment verteilt, als sie in einem Park spazieren war.;Greta hat einmal ein nettes Kompliment verteilt.;morit/german_xlm_xnli;entailment;1;0.017280716449022293;0.017177138477563858;0.9655421376228333
19_aii_bii2_twice_neu;Vor zwei Wochen hat Judith Greta ein Kompliment gemacht.;Vor einer Woche hat Greta wieder ein nettes Kompliment verteilt, als sie in einem Park spazieren war.;Greta hat mindestens zweimal ein nettes Kompliment verteilt.;unknown;19;aii;bii;2;neutral;twice;False;;;Vor zwei Wochen hat Judith Greta ein Kompliment gemacht. Vor einer Woche hat Greta wieder ein nettes Kompliment verteilt, als sie in einem Park spazieren war.;Greta hat mindestens zweimal ein nettes Kompliment verteilt.;morit/german_xlm_xnli;entailment;0;0.0020201329607516527;0.023532623425126076;0.9744473695755005
19_aii_bii2_cannot_say_neu;Vor zwei Wochen hat Judith Greta ein Kompliment gemacht.;Vor einer Woche hat Greta wieder ein nettes Kompliment verteilt, als sie in einem Park spazieren war.;Es lässt sich nicht sagen, wie oft Greta ein nettes Kompliment verteilt hat.;unknown;19;aii;bii;2;neutral;cannot say;False;;;Vor zwei Wochen hat Judith Greta ein Kompliment gemacht. Vor einer Woche hat Greta wieder ein nettes Kompliment verteilt, als sie in einem Park spazieren war.;Es lässt sich nicht sagen, wie oft Greta ein nettes Kompliment verteilt hat.;morit/german_xlm_xnli;neutral;1;0.04242832958698273;0.9148311018943787;0.042740486562252045
20_ai_bi1_once_pos;Vor drei Monaten hat Greta Karl ein französisches Lied beigebracht.;Vor zwei Wochen hat Karl wieder ein französisches Lied gelernt, als er mit einem Freund unterwegs war.;Karl hat einmal ein französisches Lied gelernt.;unknown;20;ai;bi;1;positive;once;False;;;Vor drei Monaten hat Greta Karl ein französisches Lied beigebracht. Vor zwei Wochen hat Karl wieder ein französisches Lied gelernt, als er mit einem Freund unterwegs war.;Karl hat einmal ein französisches Lied gelernt.;morit/german_xlm_xnli;entailment;0;0.03180066868662834;0.027395714074373245;0.9408036470413208
20_ai_bi1_twice_pos;Vor drei Monaten hat Greta Karl ein französisches Lied beigebracht.;Vor zwei Wochen hat Karl wieder ein französisches Lied gelernt, als er mit einem Freund unterwegs war.;Karl hat mindestens zweimal ein französisches Lied gelernt.;entailment;20;ai;bi;1;positive;twice;False;;;Vor drei Monaten hat Greta Karl ein französisches Lied beigebracht. Vor zwei Wochen hat Karl wieder ein französisches Lied gelernt, als er mit einem Freund unterwegs war.;Karl hat mindestens zweimal ein französisches Lied gelernt.;morit/german_xlm_xnli;entailment;1;0.0018538450822234154;0.04046833515167236;0.9576779007911682
20_ai_bi1_cannot_say_pos;Vor drei Monaten hat Greta Karl ein französisches Lied beigebracht.;Vor zwei Wochen hat Karl wieder ein französisches Lied gelernt, als er mit einem Freund unterwegs war.;Es lässt sich nicht sagen, wie oft Karl ein französisches Lied gelernt hat.;unknown;20;ai;bi;1;positive;cannot say;False;;;Vor drei Monaten hat Greta Karl ein französisches Lied beigebracht. Vor zwei Wochen hat Karl wieder ein französisches Lied gelernt, als er mit einem Freund unterwegs war.;Es lässt sich nicht sagen, wie oft Karl ein französisches Lied gelernt hat.;morit/german_xlm_xnli;neutral;1;0.06528495252132416;0.9103794097900391;0.024335667490959167
20_ai_bi2_once_neu;Vor drei Monaten hat Greta Karl ein französisches Lied beigebracht.;Vor zwei Wochen hat Greta wieder ein französisches Lied gelernt, als sie mit einem Freund unterwegs war.;Greta hat einmal ein französisches Lied gelernt.;entailment;20;ai;bi;2;neutral;once;False;;;Vor drei Monaten hat Greta Karl ein französisches Lied beigebracht. Vor zwei Wochen hat Greta wieder ein französisches Lied gelernt, als sie mit einem Freund unterwegs war.;Greta hat einmal ein französisches Lied gelernt.;morit/german_xlm_xnli;entailment;1;0.04499811306595802;0.030544571578502655;0.924457311630249
20_ai_bi2_twice_neu;Vor drei Monaten hat Greta Karl ein französisches Lied beigebracht.;Vor zwei Wochen hat Greta wieder ein französisches Lied gelernt, als sie mit einem Freund unterwegs war.;Greta hat mindestens zweimal ein französisches Lied gelernt.;unknown;20;ai;bi;2;neutral;twice;False;;;Vor drei Monaten hat Greta Karl ein französisches Lied beigebracht. Vor zwei Wochen hat Greta wieder ein französisches Lied gelernt, als sie mit einem Freund unterwegs war.;Greta hat mindestens zweimal ein französisches Lied gelernt.;morit/german_xlm_xnli;entailment;0;0.0021326870191842318;0.03815850242972374;0.9597088694572449
20_ai_bi2_cannot_say_neu;Vor drei Monaten hat Greta Karl ein französisches Lied beigebracht.;Vor zwei Wochen hat Greta wieder ein französisches Lied gelernt, als sie mit einem Freund unterwegs war.;Es lässt sich nicht sagen, wie oft Greta ein französisches Lied gelernt hat.;unknown;20;ai;bi;2;neutral;cannot say;False;;;Vor drei Monaten hat Greta Karl ein französisches Lied beigebracht. Vor zwei Wochen hat Greta wieder ein französisches Lied gelernt, als sie mit einem Freund unterwegs war.;Es lässt sich nicht sagen, wie oft Greta ein französisches Lied gelernt hat.;morit/german_xlm_xnli;neutral;1;0.06797167658805847;0.8899255990982056;0.04210272803902626
20_ai_bii1_once_neu;Vor drei Monaten hat Greta Karl ein französisches Lied beigebracht.;Vor zwei Wochen hat Karl wieder einem Freund ein französisches Lied beigebracht, als er mit einem Freund unterwegs war.;Karl hat einmal einem Freund ein französisches Lied beigebracht.;entailment;20;ai;bii;1;neutral;once;True;The b(ii) printed for item 20 in Tiemann.Dissertation2.pdf (p. 154) is a verbatim duplicate of item 19 b(ii) — 'ein nettes Kompliment verteilt, als {er/sie} in einem Park spazieren war' — carrying the wrong names and the wrong theme for an item about a französisches Lied. That is a typesetting error in the dissertation, not an extraction error. This text is a user-approved editorial reconstruction (2026-09-08), replacing the earlier gesungen reconstruction, following the verb-pairing pattern of the surrounding items (recipient verb in bi, agent verb in bii), not verbatim dissertation text.;;Vor drei Monaten hat Greta Karl ein französisches Lied beigebracht. Vor zwei Wochen hat Karl wieder einem Freund ein französisches Lied beigebracht, als er mit einem Freund unterwegs war.;Karl hat einmal einem Freund ein französisches Lied beigebracht.;morit/german_xlm_xnli;entailment;1;0.012984390370547771;0.01404818519949913;0.9729674458503723
20_ai_bii1_twice_neu;Vor drei Monaten hat Greta Karl ein französisches Lied beigebracht.;Vor zwei Wochen hat Karl wieder einem Freund ein französisches Lied beigebracht, als er mit einem Freund unterwegs war.;Karl hat mindestens zweimal einem Freund ein französisches Lied beigebracht.;unknown;20;ai;bii;1;neutral;twice;True;The b(ii) printed for item 20 in Tiemann.Dissertation2.pdf (p. 154) is a verbatim duplicate of item 19 b(ii) — 'ein nettes Kompliment verteilt, als {er/sie} in einem Park spazieren war' — carrying the wrong names and the wrong theme for an item about a französisches Lied. That is a typesetting error in the dissertation, not an extraction error. This text is a user-approved editorial reconstruction (2026-09-08), replacing the earlier gesungen reconstruction, following the verb-pairing pattern of the surrounding items (recipient verb in bi, agent verb in bii), not verbatim dissertation text.;;Vor drei Monaten hat Greta Karl ein französisches Lied beigebracht. Vor zwei Wochen hat Karl wieder einem Freund ein französisches Lied beigebracht, als er mit einem Freund unterwegs war.;Karl hat mindestens zweimal einem Freund ein französisches Lied beigebracht.;morit/german_xlm_xnli;entailment;0;0.0022785260807722807;0.05301395058631897;0.9447075128555298
20_ai_bii1_cannot_say_neu;Vor drei Monaten hat Greta Karl ein französisches Lied beigebracht.;Vor zwei Wochen hat Karl wieder einem Freund ein französisches Lied beigebracht, als er mit einem Freund unterwegs war.;Es lässt sich nicht sagen, wie oft Karl einem Freund ein französisches Lied beigebracht hat.;unknown;20;ai;bii;1;neutral;cannot say;True;The b(ii) printed for item 20 in Tiemann.Dissertation2.pdf (p. 154) is a verbatim duplicate of item 19 b(ii) — 'ein nettes Kompliment verteilt, als {er/sie} in einem Park spazieren war' — carrying the wrong names and the wrong theme for an item about a französisches Lied. That is a typesetting error in the dissertation, not an extraction error. This text is a user-approved editorial reconstruction (2026-09-08), replacing the earlier gesungen reconstruction, following the verb-pairing pattern of the surrounding items (recipient verb in bi, agent verb in bii), not verbatim dissertation text.;;Vor drei Monaten hat Greta Karl ein französisches Lied beigebracht. Vor zwei Wochen hat Karl wieder einem Freund ein französisches Lied beigebracht, als er mit einem Freund unterwegs war.;Es lässt sich nicht sagen, wie oft Karl einem Freund ein französisches Lied beigebracht hat.;morit/german_xlm_xnli;neutral;1;0.05893721804022789;0.8877571225166321;0.053305745124816895
20_ai_bii2_once_pos;Vor drei Monaten hat Greta Karl ein französisches Lied beigebracht.;Vor zwei Wochen hat Greta wieder einem Freund ein französisches Lied beigebracht, als sie mit einem Freund unterwegs war.;Greta hat einmal einem Freund ein französisches Lied beigebracht.;unknown;20;ai;bii;2;positive;once;True;The b(ii) printed for item 20 in Tiemann.Dissertation2.pdf (p. 154) is a verbatim duplicate of item 19 b(ii) — 'ein nettes Kompliment verteilt, als {er/sie} in einem Park spazieren war' — carrying the wrong names and the wrong theme for an item about a französisches Lied. That is a typesetting error in the dissertation, not an extraction error. This text is a user-approved editorial reconstruction (2026-09-08), replacing the earlier gesungen reconstruction, following the verb-pairing pattern of the surrounding items (recipient verb in bi, agent verb in bii), not verbatim dissertation text.;;Vor drei Monaten hat Greta Karl ein französisches Lied beigebracht. Vor zwei Wochen hat Greta wieder einem Freund ein französisches Lied beigebracht, als sie mit einem Freund unterwegs war.;Greta hat einmal einem Freund ein französisches Lied beigebracht.;morit/german_xlm_xnli;entailment;0;0.02006412111222744;0.017542382702231407;0.9623935222625732
20_ai_bii2_twice_pos;Vor drei Monaten hat Greta Karl ein französisches Lied beigebracht.;Vor zwei Wochen hat Greta wieder einem Freund ein französisches Lied beigebracht, als sie mit einem Freund unterwegs war.;Greta hat mindestens zweimal einem Freund ein französisches Lied beigebracht.;entailment;20;ai;bii;2;positive;twice;True;The b(ii) printed for item 20 in Tiemann.Dissertation2.pdf (p. 154) is a verbatim duplicate of item 19 b(ii) — 'ein nettes Kompliment verteilt, als {er/sie} in einem Park spazieren war' — carrying the wrong names and the wrong theme for an item about a französisches Lied. That is a typesetting error in the dissertation, not an extraction error. This text is a user-approved editorial reconstruction (2026-09-08), replacing the earlier gesungen reconstruction, following the verb-pairing pattern of the surrounding items (recipient verb in bi, agent verb in bii), not verbatim dissertation text.;;Vor drei Monaten hat Greta Karl ein französisches Lied beigebracht. Vor zwei Wochen hat Greta wieder einem Freund ein französisches Lied beigebracht, als sie mit einem Freund unterwegs war.;Greta hat mindestens zweimal einem Freund ein französisches Lied beigebracht.;morit/german_xlm_xnli;entailment;1;0.0023417528718709946;0.04343736171722412;0.9542209506034851
20_ai_bii2_cannot_say_pos;Vor drei Monaten hat Greta Karl ein französisches Lied beigebracht.;Vor zwei Wochen hat Greta wieder einem Freund ein französisches Lied beigebracht, als sie mit einem Freund unterwegs war.;Es lässt sich nicht sagen, wie oft Greta einem Freund ein französisches Lied beigebracht hat.;unknown;20;ai;bii;2;positive;cannot say;True;The b(ii) printed for item 20 in Tiemann.Dissertation2.pdf (p. 154) is a verbatim duplicate of item 19 b(ii) — 'ein nettes Kompliment verteilt, als {er/sie} in einem Park spazieren war' — carrying the wrong names and the wrong theme for an item about a französisches Lied. That is a typesetting error in the dissertation, not an extraction error. This text is a user-approved editorial reconstruction (2026-09-08), replacing the earlier gesungen reconstruction, following the verb-pairing pattern of the surrounding items (recipient verb in bi, agent verb in bii), not verbatim dissertation text.;;Vor drei Monaten hat Greta Karl ein französisches Lied beigebracht. Vor zwei Wochen hat Greta wieder einem Freund ein französisches Lied beigebracht, als sie mit einem Freund unterwegs war.;Es lässt sich nicht sagen, wie oft Greta einem Freund ein französisches Lied beigebracht hat.;morit/german_xlm_xnli;neutral;1;0.05941551551222801;0.8880907893180847;0.052493661642074585
20_aii_bi1_once_neu;Vor drei Monaten hat Karl Greta ein französisches Lied beigebracht.;Vor zwei Wochen hat Karl wieder ein französisches Lied gelernt, als er mit einem Freund unterwegs war.;Karl hat einmal ein französisches Lied gelernt.;entailment;20;aii;bi;1;neutral;once;False;;;Vor drei Monaten hat Karl Greta ein französisches Lied beigebracht. Vor zwei Wochen hat Karl wieder ein französisches Lied gelernt, als er mit einem Freund unterwegs war.;Karl hat einmal ein französisches Lied gelernt.;morit/german_xlm_xnli;entailment;1;0.03503609076142311;0.0314810611307621;0.933482825756073
20_aii_bi1_twice_neu;Vor drei Monaten hat Karl Greta ein französisches Lied beigebracht.;Vor zwei Wochen hat Karl wieder ein französisches Lied gelernt, als er mit einem Freund unterwegs war.;Karl hat mindestens zweimal ein französisches Lied gelernt.;unknown;20;aii;bi;1;neutral;twice;False;;;Vor drei Monaten hat Karl Greta ein französisches Lied beigebracht. Vor zwei Wochen hat Karl wieder ein französisches Lied gelernt, als er mit einem Freund unterwegs war.;Karl hat mindestens zweimal ein französisches Lied gelernt.;morit/german_xlm_xnli;entailment;0;0.001766255940310657;0.04486651346087456;0.953367292881012
20_aii_bi1_cannot_say_neu;Vor drei Monaten hat Karl Greta ein französisches Lied beigebracht.;Vor zwei Wochen hat Karl wieder ein französisches Lied gelernt, als er mit einem Freund unterwegs war.;Es lässt sich nicht sagen, wie oft Karl ein französisches Lied gelernt hat.;unknown;20;aii;bi;1;neutral;cannot say;False;;;Vor drei Monaten hat Karl Greta ein französisches Lied beigebracht. Vor zwei Wochen hat Karl wieder ein französisches Lied gelernt, als er mit einem Freund unterwegs war.;Es lässt sich nicht sagen, wie oft Karl ein französisches Lied gelernt hat.;morit/german_xlm_xnli;neutral;1;0.047271471470594406;0.9331520795822144;0.019576380029320717
20_aii_bi2_once_pos;Vor drei Monaten hat Karl Greta ein französisches Lied beigebracht.;Vor zwei Wochen hat Greta wieder ein französisches Lied gelernt, als sie mit einem Freund unterwegs war.;Greta hat einmal ein französisches Lied gelernt.;unknown;20;aii;bi;2;positive;once;False;;;Vor drei Monaten hat Karl Greta ein französisches Lied beigebracht. Vor zwei Wochen hat Greta wieder ein französisches Lied gelernt, als sie mit einem Freund unterwegs war.;Greta hat einmal ein französisches Lied gelernt.;morit/german_xlm_xnli;entailment;0;0.032363150268793106;0.02466391585767269;0.9429729580879211
20_aii_bi2_twice_pos;Vor drei Monaten hat Karl Greta ein französisches Lied beigebracht.;Vor zwei Wochen hat Greta wieder ein französisches Lied gelernt, als sie mit einem Freund unterwegs war.;Greta hat mindestens zweimal ein französisches Lied gelernt.;entailment;20;aii;bi;2;positive;twice;False;;;Vor drei Monaten hat Karl Greta ein französisches Lied beigebracht. Vor zwei Wochen hat Greta wieder ein französisches Lied gelernt, als sie mit einem Freund unterwegs war.;Greta hat mindestens zweimal ein französisches Lied gelernt.;morit/german_xlm_xnli;entailment;1;0.00205922219902277;0.03375251218676567;0.9641882181167603
20_aii_bi2_cannot_say_pos;Vor drei Monaten hat Karl Greta ein französisches Lied beigebracht.;Vor zwei Wochen hat Greta wieder ein französisches Lied gelernt, als sie mit einem Freund unterwegs war.;Es lässt sich nicht sagen, wie oft Greta ein französisches Lied gelernt hat.;unknown;20;aii;bi;2;positive;cannot say;False;;;Vor drei Monaten hat Karl Greta ein französisches Lied beigebracht. Vor zwei Wochen hat Greta wieder ein französisches Lied gelernt, als sie mit einem Freund unterwegs war.;Es lässt sich nicht sagen, wie oft Greta ein französisches Lied gelernt hat.;morit/german_xlm_xnli;neutral;1;0.07682950049638748;0.8736576437950134;0.049512796103954315
20_aii_bii1_once_pos;Vor drei Monaten hat Karl Greta ein französisches Lied beigebracht.;Vor zwei Wochen hat Karl wieder einem Freund ein französisches Lied beigebracht, als er mit einem Freund unterwegs war.;Karl hat einmal einem Freund ein französisches Lied beigebracht.;unknown;20;aii;bii;1;positive;once;True;The b(ii) printed for item 20 in Tiemann.Dissertation2.pdf (p. 154) is a verbatim duplicate of item 19 b(ii) — 'ein nettes Kompliment verteilt, als {er/sie} in einem Park spazieren war' — carrying the wrong names and the wrong theme for an item about a französisches Lied. That is a typesetting error in the dissertation, not an extraction error. This text is a user-approved editorial reconstruction (2026-09-08), replacing the earlier gesungen reconstruction, following the verb-pairing pattern of the surrounding items (recipient verb in bi, agent verb in bii), not verbatim dissertation text.;;Vor drei Monaten hat Karl Greta ein französisches Lied beigebracht. Vor zwei Wochen hat Karl wieder einem Freund ein französisches Lied beigebracht, als er mit einem Freund unterwegs war.;Karl hat einmal einem Freund ein französisches Lied beigebracht.;morit/german_xlm_xnli;entailment;0;0.012806410901248455;0.014226991683244705;0.9729665517807007
20_aii_bii1_twice_pos;Vor drei Monaten hat Karl Greta ein französisches Lied beigebracht.;Vor zwei Wochen hat Karl wieder einem Freund ein französisches Lied beigebracht, als er mit einem Freund unterwegs war.;Karl hat mindestens zweimal einem Freund ein französisches Lied beigebracht.;entailment;20;aii;bii;1;positive;twice;True;The b(ii) printed for item 20 in Tiemann.Dissertation2.pdf (p. 154) is a verbatim duplicate of item 19 b(ii) — 'ein nettes Kompliment verteilt, als {er/sie} in einem Park spazieren war' — carrying the wrong names and the wrong theme for an item about a französisches Lied. That is a typesetting error in the dissertation, not an extraction error. This text is a user-approved editorial reconstruction (2026-09-08), replacing the earlier gesungen reconstruction, following the verb-pairing pattern of the surrounding items (recipient verb in bi, agent verb in bii), not verbatim dissertation text.;;Vor drei Monaten hat Karl Greta ein französisches Lied beigebracht. Vor zwei Wochen hat Karl wieder einem Freund ein französisches Lied beigebracht, als er mit einem Freund unterwegs war.;Karl hat mindestens zweimal einem Freund ein französisches Lied beigebracht.;morit/german_xlm_xnli;entailment;1;0.002256260486319661;0.05286948010325432;0.9448742866516113
20_aii_bii1_cannot_say_pos;Vor drei Monaten hat Karl Greta ein französisches Lied beigebracht.;Vor zwei Wochen hat Karl wieder einem Freund ein französisches Lied beigebracht, als er mit einem Freund unterwegs war.;Es lässt sich nicht sagen, wie oft Karl einem Freund ein französisches Lied beigebracht hat.;unknown;20;aii;bii;1;positive;cannot say;True;The b(ii) printed for item 20 in Tiemann.Dissertation2.pdf (p. 154) is a verbatim duplicate of item 19 b(ii) — 'ein nettes Kompliment verteilt, als {er/sie} in einem Park spazieren war' — carrying the wrong names and the wrong theme for an item about a französisches Lied. That is a typesetting error in the dissertation, not an extraction error. This text is a user-approved editorial reconstruction (2026-09-08), replacing the earlier gesungen reconstruction, following the verb-pairing pattern of the surrounding items (recipient verb in bi, agent verb in bii), not verbatim dissertation text.;;Vor drei Monaten hat Karl Greta ein französisches Lied beigebracht. Vor zwei Wochen hat Karl wieder einem Freund ein französisches Lied beigebracht, als er mit einem Freund unterwegs war.;Es lässt sich nicht sagen, wie oft Karl einem Freund ein französisches Lied beigebracht hat.;morit/german_xlm_xnli;neutral;1;0.0472031831741333;0.9023056030273438;0.050491224974393845
20_aii_bii2_once_neu;Vor drei Monaten hat Karl Greta ein französisches Lied beigebracht.;Vor zwei Wochen hat Greta wieder einem Freund ein französisches Lied beigebracht, als sie mit einem Freund unterwegs war.;Greta hat einmal einem Freund ein französisches Lied beigebracht.;entailment;20;aii;bii;2;neutral;once;True;The b(ii) printed for item 20 in Tiemann.Dissertation2.pdf (p. 154) is a verbatim duplicate of item 19 b(ii) — 'ein nettes Kompliment verteilt, als {er/sie} in einem Park spazieren war' — carrying the wrong names and the wrong theme for an item about a französisches Lied. That is a typesetting error in the dissertation, not an extraction error. This text is a user-approved editorial reconstruction (2026-09-08), replacing the earlier gesungen reconstruction, following the verb-pairing pattern of the surrounding items (recipient verb in bi, agent verb in bii), not verbatim dissertation text.;;Vor drei Monaten hat Karl Greta ein französisches Lied beigebracht. Vor zwei Wochen hat Greta wieder einem Freund ein französisches Lied beigebracht, als sie mit einem Freund unterwegs war.;Greta hat einmal einem Freund ein französisches Lied beigebracht.;morit/german_xlm_xnli;entailment;1;0.01476329006254673;0.01552751287817955;0.9697092175483704
20_aii_bii2_twice_neu;Vor drei Monaten hat Karl Greta ein französisches Lied beigebracht.;Vor zwei Wochen hat Greta wieder einem Freund ein französisches Lied beigebracht, als sie mit einem Freund unterwegs war.;Greta hat mindestens zweimal einem Freund ein französisches Lied beigebracht.;unknown;20;aii;bii;2;neutral;twice;True;The b(ii) printed for item 20 in Tiemann.Dissertation2.pdf (p. 154) is a verbatim duplicate of item 19 b(ii) — 'ein nettes Kompliment verteilt, als {er/sie} in einem Park spazieren war' — carrying the wrong names and the wrong theme for an item about a französisches Lied. That is a typesetting error in the dissertation, not an extraction error. This text is a user-approved editorial reconstruction (2026-09-08), replacing the earlier gesungen reconstruction, following the verb-pairing pattern of the surrounding items (recipient verb in bi, agent verb in bii), not verbatim dissertation text.;;Vor drei Monaten hat Karl Greta ein französisches Lied beigebracht. Vor zwei Wochen hat Greta wieder einem Freund ein französisches Lied beigebracht, als sie mit einem Freund unterwegs war.;Greta hat mindestens zweimal einem Freund ein französisches Lied beigebracht.;morit/german_xlm_xnli;entailment;0;0.0021540503948926926;0.0423126257956028;0.9555333256721497
20_aii_bii2_cannot_say_neu;Vor drei Monaten hat Karl Greta ein französisches Lied beigebracht.;Vor zwei Wochen hat Greta wieder einem Freund ein französisches Lied beigebracht, als sie mit einem Freund unterwegs war.;Es lässt sich nicht sagen, wie oft Greta einem Freund ein französisches Lied beigebracht hat.;unknown;20;aii;bii;2;neutral;cannot say;True;The b(ii) printed for item 20 in Tiemann.Dissertation2.pdf (p. 154) is a verbatim duplicate of item 19 b(ii) — 'ein nettes Kompliment verteilt, als {er/sie} in einem Park spazieren war' — carrying the wrong names and the wrong theme for an item about a französisches Lied. That is a typesetting error in the dissertation, not an extraction error. This text is a user-approved editorial reconstruction (2026-09-08), replacing the earlier gesungen reconstruction, following the verb-pairing pattern of the surrounding items (recipient verb in bi, agent verb in bii), not verbatim dissertation text.;;Vor drei Monaten hat Karl Greta ein französisches Lied beigebracht. Vor zwei Wochen hat Greta wieder einem Freund ein französisches Lied beigebracht, als sie mit einem Freund unterwegs war.;Es lässt sich nicht sagen, wie oft Greta einem Freund ein französisches Lied beigebracht hat.;morit/german_xlm_xnli;neutral;1;0.06052972003817558;0.887489914894104;0.05198034271597862
21_ai_bi1_once_pos;Letztes Jahr hat Tina Timo eine Überraschungsparty zum bestandenen Examen organisiert.;Vor vier Monaten hat Timo wieder eine große Überraschungsparty bekommen, weil er in einem Preisausschreiben gewonnen hatte.;Timo hat einmal eine große Überraschungsparty bekommen.;unknown;21;ai;bi;1;positive;once;False;;;Letztes Jahr hat Tina Timo eine Überraschungsparty zum bestandenen Examen organisiert. Vor vier Monaten hat Timo wieder eine große Überraschungsparty bekommen, weil er in einem Preisausschreiben gewonnen hatte.;Timo hat einmal eine große Überraschungsparty bekommen.;morit/german_xlm_xnli;entailment;0;0.006126684136688709;0.01270033698529005;0.9811729788780212
21_ai_bi1_twice_pos;Letztes Jahr hat Tina Timo eine Überraschungsparty zum bestandenen Examen organisiert.;Vor vier Monaten hat Timo wieder eine große Überraschungsparty bekommen, weil er in einem Preisausschreiben gewonnen hatte.;Timo hat mindestens zweimal eine große Überraschungsparty bekommen.;entailment;21;ai;bi;1;positive;twice;False;;;Letztes Jahr hat Tina Timo eine Überraschungsparty zum bestandenen Examen organisiert. Vor vier Monaten hat Timo wieder eine große Überraschungsparty bekommen, weil er in einem Preisausschreiben gewonnen hatte.;Timo hat mindestens zweimal eine große Überraschungsparty bekommen.;morit/german_xlm_xnli;entailment;1;0.0028431962709873915;0.0659676343202591;0.9311891198158264
21_ai_bi1_cannot_say_pos;Letztes Jahr hat Tina Timo eine Überraschungsparty zum bestandenen Examen organisiert.;Vor vier Monaten hat Timo wieder eine große Überraschungsparty bekommen, weil er in einem Preisausschreiben gewonnen hatte.;Es lässt sich nicht sagen, wie oft Timo eine große Überraschungsparty bekommen hat.;unknown;21;ai;bi;1;positive;cannot say;False;;;Letztes Jahr hat Tina Timo eine Überraschungsparty zum bestandenen Examen organisiert. Vor vier Monaten hat Timo wieder eine große Überraschungsparty bekommen, weil er in einem Preisausschreiben gewonnen hatte.;Es lässt sich nicht sagen, wie oft Timo eine große Überraschungsparty bekommen hat.;morit/german_xlm_xnli;neutral;1;0.024500185623764992;0.9690729975700378;0.0064266943372786045
21_ai_bi2_once_neu;Letztes Jahr hat Tina Timo eine Überraschungsparty zum bestandenen Examen organisiert.;Vor vier Monaten hat Tina wieder eine große Überraschungsparty bekommen, weil sie in einem Preisausschreiben gewonnen hatte.;Tina hat einmal eine große Überraschungsparty bekommen.;entailment;21;ai;bi;2;neutral;once;False;;;Letztes Jahr hat Tina Timo eine Überraschungsparty zum bestandenen Examen organisiert. Vor vier Monaten hat Tina wieder eine große Überraschungsparty bekommen, weil sie in einem Preisausschreiben gewonnen hatte.;Tina hat einmal eine große Überraschungsparty bekommen.;morit/german_xlm_xnli;entailment;1;0.005887260660529137;0.014923028647899628;0.9791896343231201
21_ai_bi2_twice_neu;Letztes Jahr hat Tina Timo eine Überraschungsparty zum bestandenen Examen organisiert.;Vor vier Monaten hat Tina wieder eine große Überraschungsparty bekommen, weil sie in einem Preisausschreiben gewonnen hatte.;Tina hat mindestens zweimal eine große Überraschungsparty bekommen.;unknown;21;ai;bi;2;neutral;twice;False;;;Letztes Jahr hat Tina Timo eine Überraschungsparty zum bestandenen Examen organisiert. Vor vier Monaten hat Tina wieder eine große Überraschungsparty bekommen, weil sie in einem Preisausschreiben gewonnen hatte.;Tina hat mindestens zweimal eine große Überraschungsparty bekommen.;morit/german_xlm_xnli;entailment;0;0.0026523880660533905;0.06345272064208984;0.9338948726654053
21_ai_bi2_cannot_say_neu;Letztes Jahr hat Tina Timo eine Überraschungsparty zum bestandenen Examen organisiert.;Vor vier Monaten hat Tina wieder eine große Überraschungsparty bekommen, weil sie in einem Preisausschreiben gewonnen hatte.;Es lässt sich nicht sagen, wie oft Tina eine große Überraschungsparty bekommen hat.;unknown;21;ai;bi;2;neutral;cannot say;False;;;Letztes Jahr hat Tina Timo eine Überraschungsparty zum bestandenen Examen organisiert. Vor vier Monaten hat Tina wieder eine große Überraschungsparty bekommen, weil sie in einem Preisausschreiben gewonnen hatte.;Es lässt sich nicht sagen, wie oft Tina eine große Überraschungsparty bekommen hat.;morit/german_xlm_xnli;neutral;1;0.0233645960688591;0.9707248210906982;0.005910584237426519
21_ai_bii1_once_neu;Letztes Jahr hat Tina Timo eine Überraschungsparty zum bestandenen Examen organisiert.;Vor vier Monaten hat Timo wieder eine große Überraschungsparty ausgerichtet, weil er in einem Preisausschreiben gewonnen hatte.;Timo hat einmal eine große Überraschungsparty ausgerichtet.;entailment;21;ai;bii;1;neutral;once;False;;;Letztes Jahr hat Tina Timo eine Überraschungsparty zum bestandenen Examen organisiert. Vor vier Monaten hat Timo wieder eine große Überraschungsparty ausgerichtet, weil er in einem Preisausschreiben gewonnen hatte.;Timo hat einmal eine große Überraschungsparty ausgerichtet.;morit/german_xlm_xnli;entailment;1;0.010539071634411812;0.014146460220217705;0.9753143787384033
21_ai_bii1_twice_neu;Letztes Jahr hat Tina Timo eine Überraschungsparty zum bestandenen Examen organisiert.;Vor vier Monaten hat Timo wieder eine große Überraschungsparty ausgerichtet, weil er in einem Preisausschreiben gewonnen hatte.;Timo hat mindestens zweimal eine große Überraschungsparty ausgerichtet.;unknown;21;ai;bii;1;neutral;twice;False;;;Letztes Jahr hat Tina Timo eine Überraschungsparty zum bestandenen Examen organisiert. Vor vier Monaten hat Timo wieder eine große Überraschungsparty ausgerichtet, weil er in einem Preisausschreiben gewonnen hatte.;Timo hat mindestens zweimal eine große Überraschungsparty ausgerichtet.;morit/german_xlm_xnli;entailment;0;0.004086724482476711;0.06134704127907753;0.9345662593841553
21_ai_bii1_cannot_say_neu;Letztes Jahr hat Tina Timo eine Überraschungsparty zum bestandenen Examen organisiert.;Vor vier Monaten hat Timo wieder eine große Überraschungsparty ausgerichtet, weil er in einem Preisausschreiben gewonnen hatte.;Es lässt sich nicht sagen, wie oft Timo eine große Überraschungsparty ausgerichtet hat.;unknown;21;ai;bii;1;neutral;cannot say;False;;;Letztes Jahr hat Tina Timo eine Überraschungsparty zum bestandenen Examen organisiert. Vor vier Monaten hat Timo wieder eine große Überraschungsparty ausgerichtet, weil er in einem Preisausschreiben gewonnen hatte.;Es lässt sich nicht sagen, wie oft Timo eine große Überraschungsparty ausgerichtet hat.;morit/german_xlm_xnli;neutral;1;0.04408593103289604;0.9403776526451111;0.015536412596702576
21_ai_bii2_once_pos;Letztes Jahr hat Tina Timo eine Überraschungsparty zum bestandenen Examen organisiert.;Vor vier Monaten hat Tina wieder eine große Überraschungsparty ausgerichtet, weil sie in einem Preisausschreiben gewonnen hatte.;Tina hat einmal eine große Überraschungsparty ausgerichtet.;unknown;21;ai;bii;2;positive;once;False;;;Letztes Jahr hat Tina Timo eine Überraschungsparty zum bestandenen Examen organisiert. Vor vier Monaten hat Tina wieder eine große Überraschungsparty ausgerichtet, weil sie in einem Preisausschreiben gewonnen hatte.;Tina hat einmal eine große Überraschungsparty ausgerichtet.;morit/german_xlm_xnli;entailment;0;0.010521658696234226;0.016298547387123108;0.9731797575950623
21_ai_bii2_twice_pos;Letztes Jahr hat Tina Timo eine Überraschungsparty zum bestandenen Examen organisiert.;Vor vier Monaten hat Tina wieder eine große Überraschungsparty ausgerichtet, weil sie in einem Preisausschreiben gewonnen hatte.;Tina hat mindestens zweimal eine große Überraschungsparty ausgerichtet.;entailment;21;ai;bii;2;positive;twice;False;;;Letztes Jahr hat Tina Timo eine Überraschungsparty zum bestandenen Examen organisiert. Vor vier Monaten hat Tina wieder eine große Überraschungsparty ausgerichtet, weil sie in einem Preisausschreiben gewonnen hatte.;Tina hat mindestens zweimal eine große Überraschungsparty ausgerichtet.;morit/german_xlm_xnli;entailment;1;0.0035934916231781244;0.05520923063158989;0.9411972761154175
21_ai_bii2_cannot_say_pos;Letztes Jahr hat Tina Timo eine Überraschungsparty zum bestandenen Examen organisiert.;Vor vier Monaten hat Tina wieder eine große Überraschungsparty ausgerichtet, weil sie in einem Preisausschreiben gewonnen hatte.;Es lässt sich nicht sagen, wie oft Tina eine große Überraschungsparty ausgerichtet hat.;unknown;21;ai;bii;2;positive;cannot say;False;;;Letztes Jahr hat Tina Timo eine Überraschungsparty zum bestandenen Examen organisiert. Vor vier Monaten hat Tina wieder eine große Überraschungsparty ausgerichtet, weil sie in einem Preisausschreiben gewonnen hatte.;Es lässt sich nicht sagen, wie oft Tina eine große Überraschungsparty ausgerichtet hat.;morit/german_xlm_xnli;neutral;1;0.035058725625276566;0.9495829343795776;0.015358359552919865
21_aii_bi1_once_neu;Letztes Jahr hat Timo Tina eine Überraschungsparty zum bestandenen Examen organisiert.;Vor vier Monaten hat Timo wieder eine große Überraschungsparty bekommen, weil er in einem Preisausschreiben gewonnen hatte.;Timo hat einmal eine große Überraschungsparty bekommen.;entailment;21;aii;bi;1;neutral;once;False;;;Letztes Jahr hat Timo Tina eine Überraschungsparty zum bestandenen Examen organisiert. Vor vier Monaten hat Timo wieder eine große Überraschungsparty bekommen, weil er in einem Preisausschreiben gewonnen hatte.;Timo hat einmal eine große Überraschungsparty bekommen.;morit/german_xlm_xnli;entailment;1;0.006590076722204685;0.013766562566161156;0.9796434044837952
21_aii_bi1_twice_neu;Letztes Jahr hat Timo Tina eine Überraschungsparty zum bestandenen Examen organisiert.;Vor vier Monaten hat Timo wieder eine große Überraschungsparty bekommen, weil er in einem Preisausschreiben gewonnen hatte.;Timo hat mindestens zweimal eine große Überraschungsparty bekommen.;unknown;21;aii;bi;1;neutral;twice;False;;;Letztes Jahr hat Timo Tina eine Überraschungsparty zum bestandenen Examen organisiert. Vor vier Monaten hat Timo wieder eine große Überraschungsparty bekommen, weil er in einem Preisausschreiben gewonnen hatte.;Timo hat mindestens zweimal eine große Überraschungsparty bekommen.;morit/german_xlm_xnli;entailment;0;0.0029728440567851067;0.06949254870414734;0.9275345802307129
21_aii_bi1_cannot_say_neu;Letztes Jahr hat Timo Tina eine Überraschungsparty zum bestandenen Examen organisiert.;Vor vier Monaten hat Timo wieder eine große Überraschungsparty bekommen, weil er in einem Preisausschreiben gewonnen hatte.;Es lässt sich nicht sagen, wie oft Timo eine große Überraschungsparty bekommen hat.;unknown;21;aii;bi;1;neutral;cannot say;False;;;Letztes Jahr hat Timo Tina eine Überraschungsparty zum bestandenen Examen organisiert. Vor vier Monaten hat Timo wieder eine große Überraschungsparty bekommen, weil er in einem Preisausschreiben gewonnen hatte.;Es lässt sich nicht sagen, wie oft Timo eine große Überraschungsparty bekommen hat.;morit/german_xlm_xnli;neutral;1;0.024503091350197792;0.9695982336997986;0.0058986428193748
21_aii_bi2_once_pos;Letztes Jahr hat Timo Tina eine Überraschungsparty zum bestandenen Examen organisiert.;Vor vier Monaten hat Tina wieder eine große Überraschungsparty bekommen, weil sie in einem Preisausschreiben gewonnen hatte.;Tina hat einmal eine große Überraschungsparty bekommen.;unknown;21;aii;bi;2;positive;once;False;;;Letztes Jahr hat Timo Tina eine Überraschungsparty zum bestandenen Examen organisiert. Vor vier Monaten hat Tina wieder eine große Überraschungsparty bekommen, weil sie in einem Preisausschreiben gewonnen hatte.;Tina hat einmal eine große Überraschungsparty bekommen.;morit/german_xlm_xnli;entailment;0;0.005588748026639223;0.014207596890628338;0.9802036285400391
21_aii_bi2_twice_pos;Letztes Jahr hat Timo Tina eine Überraschungsparty zum bestandenen Examen organisiert.;Vor vier Monaten hat Tina wieder eine große Überraschungsparty bekommen, weil sie in einem Preisausschreiben gewonnen hatte.;Tina hat mindestens zweimal eine große Überraschungsparty bekommen.;entailment;21;aii;bi;2;positive;twice;False;;;Letztes Jahr hat Timo Tina eine Überraschungsparty zum bestandenen Examen organisiert. Vor vier Monaten hat Tina wieder eine große Überraschungsparty bekommen, weil sie in einem Preisausschreiben gewonnen hatte.;Tina hat mindestens zweimal eine große Überraschungsparty bekommen.;morit/german_xlm_xnli;entailment;1;0.002693596761673689;0.06765785813331604;0.9296486377716064
21_aii_bi2_cannot_say_pos;Letztes Jahr hat Timo Tina eine Überraschungsparty zum bestandenen Examen organisiert.;Vor vier Monaten hat Tina wieder eine große Überraschungsparty bekommen, weil sie in einem Preisausschreiben gewonnen hatte.;Es lässt sich nicht sagen, wie oft Tina eine große Überraschungsparty bekommen hat.;unknown;21;aii;bi;2;positive;cannot say;False;;;Letztes Jahr hat Timo Tina eine Überraschungsparty zum bestandenen Examen organisiert. Vor vier Monaten hat Tina wieder eine große Überraschungsparty bekommen, weil sie in einem Preisausschreiben gewonnen hatte.;Es lässt sich nicht sagen, wie oft Tina eine große Überraschungsparty bekommen hat.;morit/german_xlm_xnli;neutral;1;0.024858778342604637;0.9687612056732178;0.006379957776516676
21_aii_bii1_once_pos;Letztes Jahr hat Timo Tina eine Überraschungsparty zum bestandenen Examen organisiert.;Vor vier Monaten hat Timo wieder eine große Überraschungsparty ausgerichtet, weil er in einem Preisausschreiben gewonnen hatte.;Timo hat einmal eine große Überraschungsparty ausgerichtet.;unknown;21;aii;bii;1;positive;once;False;;;Letztes Jahr hat Timo Tina eine Überraschungsparty zum bestandenen Examen organisiert. Vor vier Monaten hat Timo wieder eine große Überraschungsparty ausgerichtet, weil er in einem Preisausschreiben gewonnen hatte.;Timo hat einmal eine große Überraschungsparty ausgerichtet.;morit/german_xlm_xnli;entailment;0;0.011515352874994278;0.015344648621976376;0.9731400012969971
21_aii_bii1_twice_pos;Letztes Jahr hat Timo Tina eine Überraschungsparty zum bestandenen Examen organisiert.;Vor vier Monaten hat Timo wieder eine große Überraschungsparty ausgerichtet, weil er in einem Preisausschreiben gewonnen hatte.;Timo hat mindestens zweimal eine große Überraschungsparty ausgerichtet.;entailment;21;aii;bii;1;positive;twice;False;;;Letztes Jahr hat Timo Tina eine Überraschungsparty zum bestandenen Examen organisiert. Vor vier Monaten hat Timo wieder eine große Überraschungsparty ausgerichtet, weil er in einem Preisausschreiben gewonnen hatte.;Timo hat mindestens zweimal eine große Überraschungsparty ausgerichtet.;morit/german_xlm_xnli;entailment;1;0.004675646312534809;0.06405341625213623;0.9312708973884583
21_aii_bii1_cannot_say_pos;Letztes Jahr hat Timo Tina eine Überraschungsparty zum bestandenen Examen organisiert.;Vor vier Monaten hat Timo wieder eine große Überraschungsparty ausgerichtet, weil er in einem Preisausschreiben gewonnen hatte.;Es lässt sich nicht sagen, wie oft Timo eine große Überraschungsparty ausgerichtet hat.;unknown;21;aii;bii;1;positive;cannot say;False;;;Letztes Jahr hat Timo Tina eine Überraschungsparty zum bestandenen Examen organisiert. Vor vier Monaten hat Timo wieder eine große Überraschungsparty ausgerichtet, weil er in einem Preisausschreiben gewonnen hatte.;Es lässt sich nicht sagen, wie oft Timo eine große Überraschungsparty ausgerichtet hat.;morit/german_xlm_xnli;neutral;1;0.03947783634066582;0.9466513395309448;0.013870778493583202
21_aii_bii2_once_neu;Letztes Jahr hat Timo Tina eine Überraschungsparty zum bestandenen Examen organisiert.;Vor vier Monaten hat Tina wieder eine große Überraschungsparty ausgerichtet, weil sie in einem Preisausschreiben gewonnen hatte.;Tina hat einmal eine große Überraschungsparty ausgerichtet.;entailment;21;aii;bii;2;neutral;once;False;;;Letztes Jahr hat Timo Tina eine Überraschungsparty zum bestandenen Examen organisiert. Vor vier Monaten hat Tina wieder eine große Überraschungsparty ausgerichtet, weil sie in einem Preisausschreiben gewonnen hatte.;Tina hat einmal eine große Überraschungsparty ausgerichtet.;morit/german_xlm_xnli;entailment;1;0.009771701879799366;0.015831025317311287;0.9743971824645996
21_aii_bii2_twice_neu;Letztes Jahr hat Timo Tina eine Überraschungsparty zum bestandenen Examen organisiert.;Vor vier Monaten hat Tina wieder eine große Überraschungsparty ausgerichtet, weil sie in einem Preisausschreiben gewonnen hatte.;Tina hat mindestens zweimal eine große Überraschungsparty ausgerichtet.;unknown;21;aii;bii;2;neutral;twice;False;;;Letztes Jahr hat Timo Tina eine Überraschungsparty zum bestandenen Examen organisiert. Vor vier Monaten hat Tina wieder eine große Überraschungsparty ausgerichtet, weil sie in einem Preisausschreiben gewonnen hatte.;Tina hat mindestens zweimal eine große Überraschungsparty ausgerichtet.;morit/german_xlm_xnli;entailment;0;0.0036496438551694155;0.06018633022904396;0.9361640214920044
21_aii_bii2_cannot_say_neu;Letztes Jahr hat Timo Tina eine Überraschungsparty zum bestandenen Examen organisiert.;Vor vier Monaten hat Tina wieder eine große Überraschungsparty ausgerichtet, weil sie in einem Preisausschreiben gewonnen hatte.;Es lässt sich nicht sagen, wie oft Tina eine große Überraschungsparty ausgerichtet hat.;unknown;21;aii;bii;2;neutral;cannot say;False;;;Letztes Jahr hat Timo Tina eine Überraschungsparty zum bestandenen Examen organisiert. Vor vier Monaten hat Tina wieder eine große Überraschungsparty ausgerichtet, weil sie in einem Preisausschreiben gewonnen hatte.;Es lässt sich nicht sagen, wie oft Tina eine große Überraschungsparty ausgerichtet hat.;morit/german_xlm_xnli;neutral;1;0.03729309141635895;0.9467280507087708;0.01597893051803112
22_ai_bi1_once_pos;Vor vier Wochen hat Tina Greta von einer albernen Geschichte aus ihrem Leben berichtet.;Vor zwei Tagen hat Greta wieder eine alberne Geschichte gehört, als sie auf einer Geburtstagsparty eingeladen war.;Greta hat einmal eine alberne Geschichte gehört.;unknown;22;ai;bi;1;positive;once;False;;;Vor vier Wochen hat Tina Greta von einer albernen Geschichte aus ihrem Leben berichtet. Vor zwei Tagen hat Greta wieder eine alberne Geschichte gehört, als sie auf einer Geburtstagsparty eingeladen war.;Greta hat einmal eine alberne Geschichte gehört.;morit/german_xlm_xnli;entailment;0;0.012769489549100399;0.017011305317282677;0.9702192544937134
22_ai_bi1_twice_pos;Vor vier Wochen hat Tina Greta von einer albernen Geschichte aus ihrem Leben berichtet.;Vor zwei Tagen hat Greta wieder eine alberne Geschichte gehört, als sie auf einer Geburtstagsparty eingeladen war.;Greta hat mindestens zweimal eine alberne Geschichte gehört.;entailment;22;ai;bi;1;positive;twice;False;;;Vor vier Wochen hat Tina Greta von einer albernen Geschichte aus ihrem Leben berichtet. Vor zwei Tagen hat Greta wieder eine alberne Geschichte gehört, als sie auf einer Geburtstagsparty eingeladen war.;Greta hat mindestens zweimal eine alberne Geschichte gehört.;morit/german_xlm_xnli;entailment;1;0.0023987824097275734;0.03632095828652382;0.9612802267074585
22_ai_bi1_cannot_say_pos;Vor vier Wochen hat Tina Greta von einer albernen Geschichte aus ihrem Leben berichtet.;Vor zwei Tagen hat Greta wieder eine alberne Geschichte gehört, als sie auf einer Geburtstagsparty eingeladen war.;Es lässt sich nicht sagen, wie oft Greta eine alberne Geschichte gehört hat.;unknown;22;ai;bi;1;positive;cannot say;False;;;Vor vier Wochen hat Tina Greta von einer albernen Geschichte aus ihrem Leben berichtet. Vor zwei Tagen hat Greta wieder eine alberne Geschichte gehört, als sie auf einer Geburtstagsparty eingeladen war.;Es lässt sich nicht sagen, wie oft Greta eine alberne Geschichte gehört hat.;morit/german_xlm_xnli;contradiction;0;0.8684449791908264;0.10906154662370682;0.022493503987789154
22_ai_bi2_once_neu;Vor vier Wochen hat Tina Greta von einer albernen Geschichte aus ihrem Leben berichtet.;Vor zwei Tagen hat Tina wieder eine alberne Geschichte gehört, als sie auf einer Geburtstagsparty eingeladen war.;Tina hat einmal eine alberne Geschichte gehört.;entailment;22;ai;bi;2;neutral;once;False;;;Vor vier Wochen hat Tina Greta von einer albernen Geschichte aus ihrem Leben berichtet. Vor zwei Tagen hat Tina wieder eine alberne Geschichte gehört, als sie auf einer Geburtstagsparty eingeladen war.;Tina hat einmal eine alberne Geschichte gehört.;morit/german_xlm_xnli;entailment;1;0.030092952772974968;0.019969617947936058;0.9499373435974121
22_ai_bi2_twice_neu;Vor vier Wochen hat Tina Greta von einer albernen Geschichte aus ihrem Leben berichtet.;Vor zwei Tagen hat Tina wieder eine alberne Geschichte gehört, als sie auf einer Geburtstagsparty eingeladen war.;Tina hat mindestens zweimal eine alberne Geschichte gehört.;unknown;22;ai;bi;2;neutral;twice;False;;;Vor vier Wochen hat Tina Greta von einer albernen Geschichte aus ihrem Leben berichtet. Vor zwei Tagen hat Tina wieder eine alberne Geschichte gehört, als sie auf einer Geburtstagsparty eingeladen war.;Tina hat mindestens zweimal eine alberne Geschichte gehört.;morit/german_xlm_xnli;entailment;0;0.0018268608255311847;0.027525609359145164;0.9706475734710693
22_ai_bi2_cannot_say_neu;Vor vier Wochen hat Tina Greta von einer albernen Geschichte aus ihrem Leben berichtet.;Vor zwei Tagen hat Tina wieder eine alberne Geschichte gehört, als sie auf einer Geburtstagsparty eingeladen war.;Es lässt sich nicht sagen, wie oft Tina eine alberne Geschichte gehört hat.;unknown;22;ai;bi;2;neutral;cannot say;False;;;Vor vier Wochen hat Tina Greta von einer albernen Geschichte aus ihrem Leben berichtet. Vor zwei Tagen hat Tina wieder eine alberne Geschichte gehört, als sie auf einer Geburtstagsparty eingeladen war.;Es lässt sich nicht sagen, wie oft Tina eine alberne Geschichte gehört hat.;morit/german_xlm_xnli;contradiction;0;0.7655442953109741;0.19771899282932281;0.03673672303557396
22_ai_bii1_once_neu;Vor vier Wochen hat Tina Greta von einer albernen Geschichte aus ihrem Leben berichtet.;Vor zwei Tagen hat Greta wieder eine alberne Geschichte erzählt, als sie auf einer Geburtstagsparty eingeladen war.;Greta hat einmal eine alberne Geschichte erzählt.;entailment;22;ai;bii;1;neutral;once;False;;;Vor vier Wochen hat Tina Greta von einer albernen Geschichte aus ihrem Leben berichtet. Vor zwei Tagen hat Greta wieder eine alberne Geschichte erzählt, als sie auf einer Geburtstagsparty eingeladen war.;Greta hat einmal eine alberne Geschichte erzählt.;morit/german_xlm_xnli;entailment;1;0.016076581552624702;0.010567640885710716;0.973355770111084
22_ai_bii1_twice_neu;Vor vier Wochen hat Tina Greta von einer albernen Geschichte aus ihrem Leben berichtet.;Vor zwei Tagen hat Greta wieder eine alberne Geschichte erzählt, als sie auf einer Geburtstagsparty eingeladen war.;Greta hat mindestens zweimal eine alberne Geschichte erzählt.;unknown;22;ai;bii;1;neutral;twice;False;;;Vor vier Wochen hat Tina Greta von einer albernen Geschichte aus ihrem Leben berichtet. Vor zwei Tagen hat Greta wieder eine alberne Geschichte erzählt, als sie auf einer Geburtstagsparty eingeladen war.;Greta hat mindestens zweimal eine alberne Geschichte erzählt.;morit/german_xlm_xnli;entailment;0;0.0021816608496010303;0.022414477542042732;0.9754037857055664
22_ai_bii1_cannot_say_neu;Vor vier Wochen hat Tina Greta von einer albernen Geschichte aus ihrem Leben berichtet.;Vor zwei Tagen hat Greta wieder eine alberne Geschichte erzählt, als sie auf einer Geburtstagsparty eingeladen war.;Es lässt sich nicht sagen, wie oft Greta eine alberne Geschichte erzählt hat.;unknown;22;ai;bii;1;neutral;cannot say;False;;;Vor vier Wochen hat Tina Greta von einer albernen Geschichte aus ihrem Leben berichtet. Vor zwei Tagen hat Greta wieder eine alberne Geschichte erzählt, als sie auf einer Geburtstagsparty eingeladen war.;Es lässt sich nicht sagen, wie oft Greta eine alberne Geschichte erzählt hat.;morit/german_xlm_xnli;neutral;1;0.21059349179267883;0.7386395335197449;0.05076700076460838
22_ai_bii2_once_pos;Vor vier Wochen hat Tina Greta von einer albernen Geschichte aus ihrem Leben berichtet.;Vor zwei Tagen hat Tina wieder eine alberne Geschichte erzählt, als sie auf einer Geburtstagsparty eingeladen war.;Tina hat einmal eine alberne Geschichte erzählt.;unknown;22;ai;bii;2;positive;once;False;;;Vor vier Wochen hat Tina Greta von einer albernen Geschichte aus ihrem Leben berichtet. Vor zwei Tagen hat Tina wieder eine alberne Geschichte erzählt, als sie auf einer Geburtstagsparty eingeladen war.;Tina hat einmal eine alberne Geschichte erzählt.;morit/german_xlm_xnli;entailment;0;0.03668557479977608;0.013205143623054028;0.9501091837882996
22_ai_bii2_twice_pos;Vor vier Wochen hat Tina Greta von einer albernen Geschichte aus ihrem Leben berichtet.;Vor zwei Tagen hat Tina wieder eine alberne Geschichte erzählt, als sie auf einer Geburtstagsparty eingeladen war.;Tina hat mindestens zweimal eine alberne Geschichte erzählt.;entailment;22;ai;bii;2;positive;twice;False;;;Vor vier Wochen hat Tina Greta von einer albernen Geschichte aus ihrem Leben berichtet. Vor zwei Tagen hat Tina wieder eine alberne Geschichte erzählt, als sie auf einer Geburtstagsparty eingeladen war.;Tina hat mindestens zweimal eine alberne Geschichte erzählt.;morit/german_xlm_xnli;entailment;1;0.001628266298212111;0.020235873758792877;0.978135883808136
22_ai_bii2_cannot_say_pos;Vor vier Wochen hat Tina Greta von einer albernen Geschichte aus ihrem Leben berichtet.;Vor zwei Tagen hat Tina wieder eine alberne Geschichte erzählt, als sie auf einer Geburtstagsparty eingeladen war.;Es lässt sich nicht sagen, wie oft Tina eine alberne Geschichte erzählt hat.;unknown;22;ai;bii;2;positive;cannot say;False;;;Vor vier Wochen hat Tina Greta von einer albernen Geschichte aus ihrem Leben berichtet. Vor zwei Tagen hat Tina wieder eine alberne Geschichte erzählt, als sie auf einer Geburtstagsparty eingeladen war.;Es lässt sich nicht sagen, wie oft Tina eine alberne Geschichte erzählt hat.;morit/german_xlm_xnli;neutral;1;0.11022456735372543;0.8259258270263672;0.06384959816932678
22_aii_bi1_once_neu;Vor vier Wochen hat Greta Tina von einer albernen Geschichte aus ihrem Leben berichtet.;Vor zwei Tagen hat Greta wieder eine alberne Geschichte gehört, als sie auf einer Geburtstagsparty eingeladen war.;Greta hat einmal eine alberne Geschichte gehört.;entailment;22;aii;bi;1;neutral;once;False;;;Vor vier Wochen hat Greta Tina von einer albernen Geschichte aus ihrem Leben berichtet. Vor zwei Tagen hat Greta wieder eine alberne Geschichte gehört, als sie auf einer Geburtstagsparty eingeladen war.;Greta hat einmal eine alberne Geschichte gehört.;morit/german_xlm_xnli;entailment;1;0.016663378104567528;0.017512161284685135;0.9658244252204895
22_aii_bi1_twice_neu;Vor vier Wochen hat Greta Tina von einer albernen Geschichte aus ihrem Leben berichtet.;Vor zwei Tagen hat Greta wieder eine alberne Geschichte gehört, als sie auf einer Geburtstagsparty eingeladen war.;Greta hat mindestens zweimal eine alberne Geschichte gehört.;unknown;22;aii;bi;1;neutral;twice;False;;;Vor vier Wochen hat Greta Tina von einer albernen Geschichte aus ihrem Leben berichtet. Vor zwei Tagen hat Greta wieder eine alberne Geschichte gehört, als sie auf einer Geburtstagsparty eingeladen war.;Greta hat mindestens zweimal eine alberne Geschichte gehört.;morit/german_xlm_xnli;entailment;0;0.002547342097386718;0.03463828191161156;0.9628143906593323
22_aii_bi1_cannot_say_neu;Vor vier Wochen hat Greta Tina von einer albernen Geschichte aus ihrem Leben berichtet.;Vor zwei Tagen hat Greta wieder eine alberne Geschichte gehört, als sie auf einer Geburtstagsparty eingeladen war.;Es lässt sich nicht sagen, wie oft Greta eine alberne Geschichte gehört hat.;unknown;22;aii;bi;1;neutral;cannot say;False;;;Vor vier Wochen hat Greta Tina von einer albernen Geschichte aus ihrem Leben berichtet. Vor zwei Tagen hat Greta wieder eine alberne Geschichte gehört, als sie auf einer Geburtstagsparty eingeladen war.;Es lässt sich nicht sagen, wie oft Greta eine alberne Geschichte gehört hat.;morit/german_xlm_xnli;contradiction;0;0.8595688343048096;0.11651114374399185;0.023920049890875816
22_aii_bi2_once_pos;Vor vier Wochen hat Greta Tina von einer albernen Geschichte aus ihrem Leben berichtet.;Vor zwei Tagen hat Tina wieder eine alberne Geschichte gehört, als sie auf einer Geburtstagsparty eingeladen war.;Tina hat einmal eine alberne Geschichte gehört.;unknown;22;aii;bi;2;positive;once;False;;;Vor vier Wochen hat Greta Tina von einer albernen Geschichte aus ihrem Leben berichtet. Vor zwei Tagen hat Tina wieder eine alberne Geschichte gehört, als sie auf einer Geburtstagsparty eingeladen war.;Tina hat einmal eine alberne Geschichte gehört.;morit/german_xlm_xnli;entailment;0;0.028544429689645767;0.019436564296483994;0.9520190358161926
22_aii_bi2_twice_pos;Vor vier Wochen hat Greta Tina von einer albernen Geschichte aus ihrem Leben berichtet.;Vor zwei Tagen hat Tina wieder eine alberne Geschichte gehört, als sie auf einer Geburtstagsparty eingeladen war.;Tina hat mindestens zweimal eine alberne Geschichte gehört.;entailment;22;aii;bi;2;positive;twice;False;;;Vor vier Wochen hat Greta Tina von einer albernen Geschichte aus ihrem Leben berichtet. Vor zwei Tagen hat Tina wieder eine alberne Geschichte gehört, als sie auf einer Geburtstagsparty eingeladen war.;Tina hat mindestens zweimal eine alberne Geschichte gehört.;morit/german_xlm_xnli;entailment;1;0.0019337068079039454;0.027390634641051292;0.9706756472587585
22_aii_bi2_cannot_say_pos;Vor vier Wochen hat Greta Tina von einer albernen Geschichte aus ihrem Leben berichtet.;Vor zwei Tagen hat Tina wieder eine alberne Geschichte gehört, als sie auf einer Geburtstagsparty eingeladen war.;Es lässt sich nicht sagen, wie oft Tina eine alberne Geschichte gehört hat.;unknown;22;aii;bi;2;positive;cannot say;False;;;Vor vier Wochen hat Greta Tina von einer albernen Geschichte aus ihrem Leben berichtet. Vor zwei Tagen hat Tina wieder eine alberne Geschichte gehört, als sie auf einer Geburtstagsparty eingeladen war.;Es lässt sich nicht sagen, wie oft Tina eine alberne Geschichte gehört hat.;morit/german_xlm_xnli;contradiction;0;0.8274056315422058;0.14447465538978577;0.028119750320911407
22_aii_bii1_once_pos;Vor vier Wochen hat Greta Tina von einer albernen Geschichte aus ihrem Leben berichtet.;Vor zwei Tagen hat Greta wieder eine alberne Geschichte erzählt, als sie auf einer Geburtstagsparty eingeladen war.;Greta hat einmal eine alberne Geschichte erzählt.;unknown;22;aii;bii;1;positive;once;False;;;Vor vier Wochen hat Greta Tina von einer albernen Geschichte aus ihrem Leben berichtet. Vor zwei Tagen hat Greta wieder eine alberne Geschichte erzählt, als sie auf einer Geburtstagsparty eingeladen war.;Greta hat einmal eine alberne Geschichte erzählt.;morit/german_xlm_xnli;entailment;0;0.0200693029910326;0.010597399435937405;0.9693332314491272
22_aii_bii1_twice_pos;Vor vier Wochen hat Greta Tina von einer albernen Geschichte aus ihrem Leben berichtet.;Vor zwei Tagen hat Greta wieder eine alberne Geschichte erzählt, als sie auf einer Geburtstagsparty eingeladen war.;Greta hat mindestens zweimal eine alberne Geschichte erzählt.;entailment;22;aii;bii;1;positive;twice;False;;;Vor vier Wochen hat Greta Tina von einer albernen Geschichte aus ihrem Leben berichtet. Vor zwei Tagen hat Greta wieder eine alberne Geschichte erzählt, als sie auf einer Geburtstagsparty eingeladen war.;Greta hat mindestens zweimal eine alberne Geschichte erzählt.;morit/german_xlm_xnli;entailment;1;0.002269037999212742;0.021543581038713455;0.9761874079704285
22_aii_bii1_cannot_say_pos;Vor vier Wochen hat Greta Tina von einer albernen Geschichte aus ihrem Leben berichtet.;Vor zwei Tagen hat Greta wieder eine alberne Geschichte erzählt, als sie auf einer Geburtstagsparty eingeladen war.;Es lässt sich nicht sagen, wie oft Greta eine alberne Geschichte erzählt hat.;unknown;22;aii;bii;1;positive;cannot say;False;;;Vor vier Wochen hat Greta Tina von einer albernen Geschichte aus ihrem Leben berichtet. Vor zwei Tagen hat Greta wieder eine alberne Geschichte erzählt, als sie auf einer Geburtstagsparty eingeladen war.;Es lässt sich nicht sagen, wie oft Greta eine alberne Geschichte erzählt hat.;morit/german_xlm_xnli;neutral;1;0.2023897022008896;0.7474412322044373;0.05016905814409256
22_aii_bii2_once_neu;Vor vier Wochen hat Greta Tina von einer albernen Geschichte aus ihrem Leben berichtet.;Vor zwei Tagen hat Tina wieder eine alberne Geschichte erzählt, als sie auf einer Geburtstagsparty eingeladen war.;Tina hat einmal eine alberne Geschichte erzählt.;entailment;22;aii;bii;2;neutral;once;False;;;Vor vier Wochen hat Greta Tina von einer albernen Geschichte aus ihrem Leben berichtet. Vor zwei Tagen hat Tina wieder eine alberne Geschichte erzählt, als sie auf einer Geburtstagsparty eingeladen war.;Tina hat einmal eine alberne Geschichte erzählt.;morit/german_xlm_xnli;entailment;1;0.03834410011768341;0.013455860316753387;0.9482001066207886
22_aii_bii2_twice_neu;Vor vier Wochen hat Greta Tina von einer albernen Geschichte aus ihrem Leben berichtet.;Vor zwei Tagen hat Tina wieder eine alberne Geschichte erzählt, als sie auf einer Geburtstagsparty eingeladen war.;Tina hat mindestens zweimal eine alberne Geschichte erzählt.;unknown;22;aii;bii;2;neutral;twice;False;;;Vor vier Wochen hat Greta Tina von einer albernen Geschichte aus ihrem Leben berichtet. Vor zwei Tagen hat Tina wieder eine alberne Geschichte erzählt, als sie auf einer Geburtstagsparty eingeladen war.;Tina hat mindestens zweimal eine alberne Geschichte erzählt.;morit/german_xlm_xnli;entailment;0;0.001773310825228691;0.020944375544786453;0.9772824048995972
22_aii_bii2_cannot_say_neu;Vor vier Wochen hat Greta Tina von einer albernen Geschichte aus ihrem Leben berichtet.;Vor zwei Tagen hat Tina wieder eine alberne Geschichte erzählt, als sie auf einer Geburtstagsparty eingeladen war.;Es lässt sich nicht sagen, wie oft Tina eine alberne Geschichte erzählt hat.;unknown;22;aii;bii;2;neutral;cannot say;False;;;Vor vier Wochen hat Greta Tina von einer albernen Geschichte aus ihrem Leben berichtet. Vor zwei Tagen hat Tina wieder eine alberne Geschichte erzählt, als sie auf einer Geburtstagsparty eingeladen war.;Es lässt sich nicht sagen, wie oft Tina eine alberne Geschichte erzählt hat.;morit/german_xlm_xnli;neutral;1;0.12880390882492065;0.804280161857605;0.06691601872444153
23_ai_bi1_once_pos;Vor einer Woche hat Tina Sabine wütend gemacht.;Vor zwei Tagen hat Sabine wieder einen kleinen Wutanfall bekommen, als sie an einer Schlange anstehen musste.;Sabine hat einmal einen kleinen Wutanfall bekommen.;unknown;23;ai;bi;1;positive;once;False;;;Vor einer Woche hat Tina Sabine wütend gemacht. Vor zwei Tagen hat Sabine wieder einen kleinen Wutanfall bekommen, als sie an einer Schlange anstehen musste.;Sabine hat einmal einen kleinen Wutanfall bekommen.;morit/german_xlm_xnli;entailment;0;0.0097450977191329;0.01362332608550787;0.9766315817832947
23_ai_bi1_twice_pos;Vor einer Woche hat Tina Sabine wütend gemacht.;Vor zwei Tagen hat Sabine wieder einen kleinen Wutanfall bekommen, als sie an einer Schlange anstehen musste.;Sabine hat mindestens zweimal einen kleinen Wutanfall bekommen.;entailment;23;ai;bi;1;positive;twice;False;;;Vor einer Woche hat Tina Sabine wütend gemacht. Vor zwei Tagen hat Sabine wieder einen kleinen Wutanfall bekommen, als sie an einer Schlange anstehen musste.;Sabine hat mindestens zweimal einen kleinen Wutanfall bekommen.;morit/german_xlm_xnli;entailment;1;0.0018823607824742794;0.04419586434960365;0.9539217948913574
23_ai_bi1_cannot_say_pos;Vor einer Woche hat Tina Sabine wütend gemacht.;Vor zwei Tagen hat Sabine wieder einen kleinen Wutanfall bekommen, als sie an einer Schlange anstehen musste.;Es lässt sich nicht sagen, wie oft Sabine einen kleinen Wutanfall bekommen hat.;unknown;23;ai;bi;1;positive;cannot say;False;;;Vor einer Woche hat Tina Sabine wütend gemacht. Vor zwei Tagen hat Sabine wieder einen kleinen Wutanfall bekommen, als sie an einer Schlange anstehen musste.;Es lässt sich nicht sagen, wie oft Sabine einen kleinen Wutanfall bekommen hat.;morit/german_xlm_xnli;neutral;1;0.015895580872893333;0.971206784248352;0.012897615320980549
23_ai_bi2_once_neu;Vor einer Woche hat Tina Sabine wütend gemacht.;Vor zwei Tagen hat Tina wieder einen kleinen Wutanfall bekommen, als sie an einer Schlange anstehen musste.;Tina hat einmal einen kleinen Wutanfall bekommen.;entailment;23;ai;bi;2;neutral;once;False;;;Vor einer Woche hat Tina Sabine wütend gemacht. Vor zwei Tagen hat Tina wieder einen kleinen Wutanfall bekommen, als sie an einer Schlange anstehen musste.;Tina hat einmal einen kleinen Wutanfall bekommen.;morit/german_xlm_xnli;entailment;1;0.009131699800491333;0.017607687041163445;0.9732605814933777
23_ai_bi2_twice_neu;Vor einer Woche hat Tina Sabine wütend gemacht.;Vor zwei Tagen hat Tina wieder einen kleinen Wutanfall bekommen, als sie an einer Schlange anstehen musste.;Tina hat mindestens zweimal einen kleinen Wutanfall bekommen.;unknown;23;ai;bi;2;neutral;twice;False;;;Vor einer Woche hat Tina Sabine wütend gemacht. Vor zwei Tagen hat Tina wieder einen kleinen Wutanfall bekommen, als sie an einer Schlange anstehen musste.;Tina hat mindestens zweimal einen kleinen Wutanfall bekommen.;morit/german_xlm_xnli;entailment;0;0.0020004597026854753;0.051369208842515945;0.9466302990913391
23_ai_bi2_cannot_say_neu;Vor einer Woche hat Tina Sabine wütend gemacht.;Vor zwei Tagen hat Tina wieder einen kleinen Wutanfall bekommen, als sie an einer Schlange anstehen musste.;Es lässt sich nicht sagen, wie oft Tina einen kleinen Wutanfall bekommen hat.;unknown;23;ai;bi;2;neutral;cannot say;False;;;Vor einer Woche hat Tina Sabine wütend gemacht. Vor zwei Tagen hat Tina wieder einen kleinen Wutanfall bekommen, als sie an einer Schlange anstehen musste.;Es lässt sich nicht sagen, wie oft Tina einen kleinen Wutanfall bekommen hat.;morit/german_xlm_xnli;neutral;1;0.015553385019302368;0.9757707118988037;0.008675948716700077
23_ai_bii1_once_neu;Vor einer Woche hat Tina Sabine wütend gemacht.;Vor zwei Tagen hat Sabine wieder einen kleinen Wutanfall provoziert, als sie an einer Schlange anstehen musste.;Sabine hat einmal einen kleinen Wutanfall provoziert.;entailment;23;ai;bii;1;neutral;once;False;;;Vor einer Woche hat Tina Sabine wütend gemacht. Vor zwei Tagen hat Sabine wieder einen kleinen Wutanfall provoziert, als sie an einer Schlange anstehen musste.;Sabine hat einmal einen kleinen Wutanfall provoziert.;morit/german_xlm_xnli;entailment;1;0.012008335441350937;0.010131255723536015;0.9778604507446289
23_ai_bii1_twice_neu;Vor einer Woche hat Tina Sabine wütend gemacht.;Vor zwei Tagen hat Sabine wieder einen kleinen Wutanfall provoziert, als sie an einer Schlange anstehen musste.;Sabine hat mindestens zweimal einen kleinen Wutanfall provoziert.;unknown;23;ai;bii;1;neutral;twice;False;;;Vor einer Woche hat Tina Sabine wütend gemacht. Vor zwei Tagen hat Sabine wieder einen kleinen Wutanfall provoziert, als sie an einer Schlange anstehen musste.;Sabine hat mindestens zweimal einen kleinen Wutanfall provoziert.;morit/german_xlm_xnli;entailment;0;0.001932714250870049;0.029835624620318413;0.9682316780090332
23_ai_bii1_cannot_say_neu;Vor einer Woche hat Tina Sabine wütend gemacht.;Vor zwei Tagen hat Sabine wieder einen kleinen Wutanfall provoziert, als sie an einer Schlange anstehen musste.;Es lässt sich nicht sagen, wie oft Sabine einen kleinen Wutanfall provoziert hat.;unknown;23;ai;bii;1;neutral;cannot say;False;;;Vor einer Woche hat Tina Sabine wütend gemacht. Vor zwei Tagen hat Sabine wieder einen kleinen Wutanfall provoziert, als sie an einer Schlange anstehen musste.;Es lässt sich nicht sagen, wie oft Sabine einen kleinen Wutanfall provoziert hat.;morit/german_xlm_xnli;neutral;1;0.021406490355730057;0.9428732991218567;0.03572022542357445
23_ai_bii2_once_pos;Vor einer Woche hat Tina Sabine wütend gemacht.;Vor zwei Tagen hat Tina wieder einen kleinen Wutanfall provoziert, als sie an einer Schlange anstehen musste.;Tina hat einmal einen kleinen Wutanfall provoziert.;unknown;23;ai;bii;2;positive;once;False;;;Vor einer Woche hat Tina Sabine wütend gemacht. Vor zwei Tagen hat Tina wieder einen kleinen Wutanfall provoziert, als sie an einer Schlange anstehen musste.;Tina hat einmal einen kleinen Wutanfall provoziert.;morit/german_xlm_xnli;entailment;0;0.008522179909050465;0.012193270958960056;0.9792846441268921
23_ai_bii2_twice_pos;Vor einer Woche hat Tina Sabine wütend gemacht.;Vor zwei Tagen hat Tina wieder einen kleinen Wutanfall provoziert, als sie an einer Schlange anstehen musste.;Tina hat mindestens zweimal einen kleinen Wutanfall provoziert.;entailment;23;ai;bii;2;positive;twice;False;;;Vor einer Woche hat Tina Sabine wütend gemacht. Vor zwei Tagen hat Tina wieder einen kleinen Wutanfall provoziert, als sie an einer Schlange anstehen musste.;Tina hat mindestens zweimal einen kleinen Wutanfall provoziert.;morit/german_xlm_xnli;entailment;1;0.002087353728711605;0.04386557638645172;0.9540470838546753
23_ai_bii2_cannot_say_pos;Vor einer Woche hat Tina Sabine wütend gemacht.;Vor zwei Tagen hat Tina wieder einen kleinen Wutanfall provoziert, als sie an einer Schlange anstehen musste.;Es lässt sich nicht sagen, wie oft Tina einen kleinen Wutanfall provoziert hat.;unknown;23;ai;bii;2;positive;cannot say;False;;;Vor einer Woche hat Tina Sabine wütend gemacht. Vor zwei Tagen hat Tina wieder einen kleinen Wutanfall provoziert, als sie an einer Schlange anstehen musste.;Es lässt sich nicht sagen, wie oft Tina einen kleinen Wutanfall provoziert hat.;morit/german_xlm_xnli;neutral;1;0.013591975905001163;0.9658429622650146;0.020564991980791092
23_aii_bi1_once_neu;Vor einer Woche hat Sabine Tina wütend gemacht.;Vor zwei Tagen hat Sabine wieder einen kleinen Wutanfall bekommen, als sie an einer Schlange anstehen musste.;Sabine hat einmal einen kleinen Wutanfall bekommen.;entailment;23;aii;bi;1;neutral;once;False;;;Vor einer Woche hat Sabine Tina wütend gemacht. Vor zwei Tagen hat Sabine wieder einen kleinen Wutanfall bekommen, als sie an einer Schlange anstehen musste.;Sabine hat einmal einen kleinen Wutanfall bekommen.;morit/german_xlm_xnli;entailment;1;0.010776456445455551;0.015233051963150501;0.9739906191825867
23_aii_bi1_twice_neu;Vor einer Woche hat Sabine Tina wütend gemacht.;Vor zwei Tagen hat Sabine wieder einen kleinen Wutanfall bekommen, als sie an einer Schlange anstehen musste.;Sabine hat mindestens zweimal einen kleinen Wutanfall bekommen.;unknown;23;aii;bi;1;neutral;twice;False;;;Vor einer Woche hat Sabine Tina wütend gemacht. Vor zwei Tagen hat Sabine wieder einen kleinen Wutanfall bekommen, als sie an einer Schlange anstehen musste.;Sabine hat mindestens zweimal einen kleinen Wutanfall bekommen.;morit/german_xlm_xnli;entailment;0;0.0018432872602716088;0.04438228905200958;0.9537743926048279
23_aii_bi1_cannot_say_neu;Vor einer Woche hat Sabine Tina wütend gemacht.;Vor zwei Tagen hat Sabine wieder einen kleinen Wutanfall bekommen, als sie an einer Schlange anstehen musste.;Es lässt sich nicht sagen, wie oft Sabine einen kleinen Wutanfall bekommen hat.;unknown;23;aii;bi;1;neutral;cannot say;False;;;Vor einer Woche hat Sabine Tina wütend gemacht. Vor zwei Tagen hat Sabine wieder einen kleinen Wutanfall bekommen, als sie an einer Schlange anstehen musste.;Es lässt sich nicht sagen, wie oft Sabine einen kleinen Wutanfall bekommen hat.;morit/german_xlm_xnli;neutral;1;0.015678338706493378;0.972380518913269;0.011941132135689259
23_aii_bi2_once_pos;Vor einer Woche hat Sabine Tina wütend gemacht.;Vor zwei Tagen hat Tina wieder einen kleinen Wutanfall bekommen, als sie an einer Schlange anstehen musste.;Tina hat einmal einen kleinen Wutanfall bekommen.;unknown;23;aii;bi;2;positive;once;False;;;Vor einer Woche hat Sabine Tina wütend gemacht. Vor zwei Tagen hat Tina wieder einen kleinen Wutanfall bekommen, als sie an einer Schlange anstehen musste.;Tina hat einmal einen kleinen Wutanfall bekommen.;morit/german_xlm_xnli;entailment;0;0.00975009799003601;0.016861237585544586;0.973388671875
23_aii_bi2_twice_pos;Vor einer Woche hat Sabine Tina wütend gemacht.;Vor zwei Tagen hat Tina wieder einen kleinen Wutanfall bekommen, als sie an einer Schlange anstehen musste.;Tina hat mindestens zweimal einen kleinen Wutanfall bekommen.;entailment;23;aii;bi;2;positive;twice;False;;;Vor einer Woche hat Sabine Tina wütend gemacht. Vor zwei Tagen hat Tina wieder einen kleinen Wutanfall bekommen, als sie an einer Schlange anstehen musste.;Tina hat mindestens zweimal einen kleinen Wutanfall bekommen.;morit/german_xlm_xnli;entailment;1;0.002087898086756468;0.04975780472159386;0.9481543898582458
23_aii_bi2_cannot_say_pos;Vor einer Woche hat Sabine Tina wütend gemacht.;Vor zwei Tagen hat Tina wieder einen kleinen Wutanfall bekommen, als sie an einer Schlange anstehen musste.;Es lässt sich nicht sagen, wie oft Tina einen kleinen Wutanfall bekommen hat.;unknown;23;aii;bi;2;positive;cannot say;False;;;Vor einer Woche hat Sabine Tina wütend gemacht. Vor zwei Tagen hat Tina wieder einen kleinen Wutanfall bekommen, als sie an einer Schlange anstehen musste.;Es lässt sich nicht sagen, wie oft Tina einen kleinen Wutanfall bekommen hat.;morit/german_xlm_xnli;neutral;1;0.016228944063186646;0.9754222631454468;0.008348788134753704
23_aii_bii1_once_pos;Vor einer Woche hat Sabine Tina wütend gemacht.;Vor zwei Tagen hat Sabine wieder einen kleinen Wutanfall provoziert, als sie an einer Schlange anstehen musste.;Sabine hat einmal einen kleinen Wutanfall provoziert.;unknown;23;aii;bii;1;positive;once;False;;;Vor einer Woche hat Sabine Tina wütend gemacht. Vor zwei Tagen hat Sabine wieder einen kleinen Wutanfall provoziert, als sie an einer Schlange anstehen musste.;Sabine hat einmal einen kleinen Wutanfall provoziert.;morit/german_xlm_xnli;entailment;0;0.013084369711577892;0.011435765773057938;0.975479781627655
23_aii_bii1_twice_pos;Vor einer Woche hat Sabine Tina wütend gemacht.;Vor zwei Tagen hat Sabine wieder einen kleinen Wutanfall provoziert, als sie an einer Schlange anstehen musste.;Sabine hat mindestens zweimal einen kleinen Wutanfall provoziert.;entailment;23;aii;bii;1;positive;twice;False;;;Vor einer Woche hat Sabine Tina wütend gemacht. Vor zwei Tagen hat Sabine wieder einen kleinen Wutanfall provoziert, als sie an einer Schlange anstehen musste.;Sabine hat mindestens zweimal einen kleinen Wutanfall provoziert.;morit/german_xlm_xnli;entailment;1;0.0018627169774845243;0.029558928683400154;0.9685783386230469
23_aii_bii1_cannot_say_pos;Vor einer Woche hat Sabine Tina wütend gemacht.;Vor zwei Tagen hat Sabine wieder einen kleinen Wutanfall provoziert, als sie an einer Schlange anstehen musste.;Es lässt sich nicht sagen, wie oft Sabine einen kleinen Wutanfall provoziert hat.;unknown;23;aii;bii;1;positive;cannot say;False;;;Vor einer Woche hat Sabine Tina wütend gemacht. Vor zwei Tagen hat Sabine wieder einen kleinen Wutanfall provoziert, als sie an einer Schlange anstehen musste.;Es lässt sich nicht sagen, wie oft Sabine einen kleinen Wutanfall provoziert hat.;morit/german_xlm_xnli;neutral;1;0.02120359055697918;0.9434370994567871;0.03535918891429901
23_aii_bii2_once_neu;Vor einer Woche hat Sabine Tina wütend gemacht.;Vor zwei Tagen hat Tina wieder einen kleinen Wutanfall provoziert, als sie an einer Schlange anstehen musste.;Tina hat einmal einen kleinen Wutanfall provoziert.;entailment;23;aii;bii;2;neutral;once;False;;;Vor einer Woche hat Sabine Tina wütend gemacht. Vor zwei Tagen hat Tina wieder einen kleinen Wutanfall provoziert, als sie an einer Schlange anstehen musste.;Tina hat einmal einen kleinen Wutanfall provoziert.;morit/german_xlm_xnli;entailment;1;0.009817445650696754;0.012045730836689472;0.9781368374824524
23_aii_bii2_twice_neu;Vor einer Woche hat Sabine Tina wütend gemacht.;Vor zwei Tagen hat Tina wieder einen kleinen Wutanfall provoziert, als sie an einer Schlange anstehen musste.;Tina hat mindestens zweimal einen kleinen Wutanfall provoziert.;unknown;23;aii;bii;2;neutral;twice;False;;;Vor einer Woche hat Sabine Tina wütend gemacht. Vor zwei Tagen hat Tina wieder einen kleinen Wutanfall provoziert, als sie an einer Schlange anstehen musste.;Tina hat mindestens zweimal einen kleinen Wutanfall provoziert.;morit/german_xlm_xnli;entailment;0;0.0022500925697386265;0.041842080652713776;0.9559077620506287
23_aii_bii2_cannot_say_neu;Vor einer Woche hat Sabine Tina wütend gemacht.;Vor zwei Tagen hat Tina wieder einen kleinen Wutanfall provoziert, als sie an einer Schlange anstehen musste.;Es lässt sich nicht sagen, wie oft Tina einen kleinen Wutanfall provoziert hat.;unknown;23;aii;bii;2;neutral;cannot say;False;;;Vor einer Woche hat Sabine Tina wütend gemacht. Vor zwei Tagen hat Tina wieder einen kleinen Wutanfall provoziert, als sie an einer Schlange anstehen musste.;Es lässt sich nicht sagen, wie oft Tina einen kleinen Wutanfall provoziert hat.;morit/german_xlm_xnli;neutral;1;0.013614611700177193;0.967843234539032;0.018542123958468437
24_ai_bi1_once_pos;Letzten Monat hat Tina Thorsten ein Lied gewidmet.;Vor einer Woche hat Thorsten wieder eine nette Widmung bekommen, weil er an einem Song mitgearbeitet hat.;Thorsten hat einmal eine nette Widmung bekommen.;unknown;24;ai;bi;1;positive;once;False;;;Letzten Monat hat Tina Thorsten ein Lied gewidmet. Vor einer Woche hat Thorsten wieder eine nette Widmung bekommen, weil er an einem Song mitgearbeitet hat.;Thorsten hat einmal eine nette Widmung bekommen.;morit/german_xlm_xnli;entailment;0;0.007616223301738501;0.0171310193836689;0.9752527475357056
24_ai_bi1_twice_pos;Letzten Monat hat Tina Thorsten ein Lied gewidmet.;Vor einer Woche hat Thorsten wieder eine nette Widmung bekommen, weil er an einem Song mitgearbeitet hat.;Thorsten hat mindestens zweimal eine nette Widmung bekommen.;entailment;24;ai;bi;1;positive;twice;False;;;Letzten Monat hat Tina Thorsten ein Lied gewidmet. Vor einer Woche hat Thorsten wieder eine nette Widmung bekommen, weil er an einem Song mitgearbeitet hat.;Thorsten hat mindestens zweimal eine nette Widmung bekommen.;morit/german_xlm_xnli;entailment;1;0.0030941737350076437;0.12034579366445541;0.8765600919723511
24_ai_bi1_cannot_say_pos;Letzten Monat hat Tina Thorsten ein Lied gewidmet.;Vor einer Woche hat Thorsten wieder eine nette Widmung bekommen, weil er an einem Song mitgearbeitet hat.;Es lässt sich nicht sagen, wie oft Thorsten eine nette Widmung bekommen hat.;unknown;24;ai;bi;1;positive;cannot say;False;;;Letzten Monat hat Tina Thorsten ein Lied gewidmet. Vor einer Woche hat Thorsten wieder eine nette Widmung bekommen, weil er an einem Song mitgearbeitet hat.;Es lässt sich nicht sagen, wie oft Thorsten eine nette Widmung bekommen hat.;morit/german_xlm_xnli;neutral;1;0.010360662825405598;0.9854905605316162;0.004148798529058695
24_ai_bi2_once_neu;Letzten Monat hat Tina Thorsten ein Lied gewidmet.;Vor einer Woche hat Tina wieder eine nette Widmung bekommen, weil sie an einem Song mitgearbeitet hat.;Tina hat einmal eine nette Widmung bekommen.;entailment;24;ai;bi;2;neutral;once;False;;;Letzten Monat hat Tina Thorsten ein Lied gewidmet. Vor einer Woche hat Tina wieder eine nette Widmung bekommen, weil sie an einem Song mitgearbeitet hat.;Tina hat einmal eine nette Widmung bekommen.;morit/german_xlm_xnli;entailment;1;0.006375533528625965;0.0187574103474617;0.974867045879364
24_ai_bi2_twice_neu;Letzten Monat hat Tina Thorsten ein Lied gewidmet.;Vor einer Woche hat Tina wieder eine nette Widmung bekommen, weil sie an einem Song mitgearbeitet hat.;Tina hat mindestens zweimal eine nette Widmung bekommen.;unknown;24;ai;bi;2;neutral;twice;False;;;Letzten Monat hat Tina Thorsten ein Lied gewidmet. Vor einer Woche hat Tina wieder eine nette Widmung bekommen, weil sie an einem Song mitgearbeitet hat.;Tina hat mindestens zweimal eine nette Widmung bekommen.;morit/german_xlm_xnli;entailment;0;0.0027698681224137545;0.12273627519607544;0.8744938969612122
24_ai_bi2_cannot_say_neu;Letzten Monat hat Tina Thorsten ein Lied gewidmet.;Vor einer Woche hat Tina wieder eine nette Widmung bekommen, weil sie an einem Song mitgearbeitet hat.;Es lässt sich nicht sagen, wie oft Tina eine nette Widmung bekommen hat.;unknown;24;ai;bi;2;neutral;cannot say;False;;;Letzten Monat hat Tina Thorsten ein Lied gewidmet. Vor einer Woche hat Tina wieder eine nette Widmung bekommen, weil sie an einem Song mitgearbeitet hat.;Es lässt sich nicht sagen, wie oft Tina eine nette Widmung bekommen hat.;morit/german_xlm_xnli;neutral;1;0.007893246598541737;0.9901374578475952;0.0019693186040967703
24_ai_bii1_once_neu;Letzten Monat hat Tina Thorsten ein Lied gewidmet.;Vor einer Woche hat Thorsten wieder eine nette Widmung geschrieben, weil er an einem Song mitgearbeitet hat.;Thorsten hat einmal eine nette Widmung geschrieben.;entailment;24;ai;bii;1;neutral;once;False;;;Letzten Monat hat Tina Thorsten ein Lied gewidmet. Vor einer Woche hat Thorsten wieder eine nette Widmung geschrieben, weil er an einem Song mitgearbeitet hat.;Thorsten hat einmal eine nette Widmung geschrieben.;morit/german_xlm_xnli;entailment;1;0.009195403195917606;0.01356289628893137;0.9772417545318604
24_ai_bii1_twice_neu;Letzten Monat hat Tina Thorsten ein Lied gewidmet.;Vor einer Woche hat Thorsten wieder eine nette Widmung geschrieben, weil er an einem Song mitgearbeitet hat.;Thorsten hat mindestens zweimal eine nette Widmung geschrieben.;unknown;24;ai;bii;1;neutral;twice;False;;;Letzten Monat hat Tina Thorsten ein Lied gewidmet. Vor einer Woche hat Thorsten wieder eine nette Widmung geschrieben, weil er an einem Song mitgearbeitet hat.;Thorsten hat mindestens zweimal eine nette Widmung geschrieben.;morit/german_xlm_xnli;entailment;0;0.0029722994659096003;0.1155063733458519;0.8815212249755859
24_ai_bii1_cannot_say_neu;Letzten Monat hat Tina Thorsten ein Lied gewidmet.;Vor einer Woche hat Thorsten wieder eine nette Widmung geschrieben, weil er an einem Song mitgearbeitet hat.;Es lässt sich nicht sagen, wie oft Thorsten eine nette Widmung geschrieben hat.;unknown;24;ai;bii;1;neutral;cannot say;False;;;Letzten Monat hat Tina Thorsten ein Lied gewidmet. Vor einer Woche hat Thorsten wieder eine nette Widmung geschrieben, weil er an einem Song mitgearbeitet hat.;Es lässt sich nicht sagen, wie oft Thorsten eine nette Widmung geschrieben hat.;morit/german_xlm_xnli;neutral;1;0.009005749598145485;0.987450122833252;0.0035441198851913214
24_ai_bii2_once_pos;Letzten Monat hat Tina Thorsten ein Lied gewidmet.;Vor einer Woche hat Tina wieder eine nette Widmung geschrieben, weil sie an einem Song mitgearbeitet hat.;Tina hat einmal eine nette Widmung geschrieben.;unknown;24;ai;bii;2;positive;once;False;;;Letzten Monat hat Tina Thorsten ein Lied gewidmet. Vor einer Woche hat Tina wieder eine nette Widmung geschrieben, weil sie an einem Song mitgearbeitet hat.;Tina hat einmal eine nette Widmung geschrieben.;morit/german_xlm_xnli;entailment;0;0.005732715129852295;0.014052468352019787;0.9802148342132568
24_ai_bii2_twice_pos;Letzten Monat hat Tina Thorsten ein Lied gewidmet.;Vor einer Woche hat Tina wieder eine nette Widmung geschrieben, weil sie an einem Song mitgearbeitet hat.;Tina hat mindestens zweimal eine nette Widmung geschrieben.;entailment;24;ai;bii;2;positive;twice;False;;;Letzten Monat hat Tina Thorsten ein Lied gewidmet. Vor einer Woche hat Tina wieder eine nette Widmung geschrieben, weil sie an einem Song mitgearbeitet hat.;Tina hat mindestens zweimal eine nette Widmung geschrieben.;morit/german_xlm_xnli;entailment;1;0.002645965199917555;0.1210341528058052;0.8763198852539062
24_ai_bii2_cannot_say_pos;Letzten Monat hat Tina Thorsten ein Lied gewidmet.;Vor einer Woche hat Tina wieder eine nette Widmung geschrieben, weil sie an einem Song mitgearbeitet hat.;Es lässt sich nicht sagen, wie oft Tina eine nette Widmung geschrieben hat.;unknown;24;ai;bii;2;positive;cannot say;False;;;Letzten Monat hat Tina Thorsten ein Lied gewidmet. Vor einer Woche hat Tina wieder eine nette Widmung geschrieben, weil sie an einem Song mitgearbeitet hat.;Es lässt sich nicht sagen, wie oft Tina eine nette Widmung geschrieben hat.;morit/german_xlm_xnli;neutral;1;0.010543103329837322;0.9865151643753052;0.0029416377656161785
24_aii_bi1_once_neu;Letzten Monat hat Thorsten Tina ein Lied gewidmet.;Vor einer Woche hat Thorsten wieder eine nette Widmung bekommen, weil er an einem Song mitgearbeitet hat.;Thorsten hat einmal eine nette Widmung bekommen.;entailment;24;aii;bi;1;neutral;once;False;;;Letzten Monat hat Thorsten Tina ein Lied gewidmet. Vor einer Woche hat Thorsten wieder eine nette Widmung bekommen, weil er an einem Song mitgearbeitet hat.;Thorsten hat einmal eine nette Widmung bekommen.;morit/german_xlm_xnli;entailment;1;0.007960791699588299;0.017763325944542885;0.9742758870124817
24_aii_bi1_twice_neu;Letzten Monat hat Thorsten Tina ein Lied gewidmet.;Vor einer Woche hat Thorsten wieder eine nette Widmung bekommen, weil er an einem Song mitgearbeitet hat.;Thorsten hat mindestens zweimal eine nette Widmung bekommen.;unknown;24;aii;bi;1;neutral;twice;False;;;Letzten Monat hat Thorsten Tina ein Lied gewidmet. Vor einer Woche hat Thorsten wieder eine nette Widmung bekommen, weil er an einem Song mitgearbeitet hat.;Thorsten hat mindestens zweimal eine nette Widmung bekommen.;morit/german_xlm_xnli;entailment;0;0.0029979764949530363;0.10949798673391342;0.887503981590271
24_aii_bi1_cannot_say_neu;Letzten Monat hat Thorsten Tina ein Lied gewidmet.;Vor einer Woche hat Thorsten wieder eine nette Widmung bekommen, weil er an einem Song mitgearbeitet hat.;Es lässt sich nicht sagen, wie oft Thorsten eine nette Widmung bekommen hat.;unknown;24;aii;bi;1;neutral;cannot say;False;;;Letzten Monat hat Thorsten Tina ein Lied gewidmet. Vor einer Woche hat Thorsten wieder eine nette Widmung bekommen, weil er an einem Song mitgearbeitet hat.;Es lässt sich nicht sagen, wie oft Thorsten eine nette Widmung bekommen hat.;morit/german_xlm_xnli;neutral;1;0.009847520850598812;0.9858877062797546;0.004264769610017538
24_aii_bi2_once_pos;Letzten Monat hat Thorsten Tina ein Lied gewidmet.;Vor einer Woche hat Tina wieder eine nette Widmung bekommen, weil sie an einem Song mitgearbeitet hat.;Tina hat einmal eine nette Widmung bekommen.;unknown;24;aii;bi;2;positive;once;False;;;Letzten Monat hat Thorsten Tina ein Lied gewidmet. Vor einer Woche hat Tina wieder eine nette Widmung bekommen, weil sie an einem Song mitgearbeitet hat.;Tina hat einmal eine nette Widmung bekommen.;morit/german_xlm_xnli;entailment;0;0.0060982536524534225;0.017523828893899918;0.9763778448104858
24_aii_bi2_twice_pos;Letzten Monat hat Thorsten Tina ein Lied gewidmet.;Vor einer Woche hat Tina wieder eine nette Widmung bekommen, weil sie an einem Song mitgearbeitet hat.;Tina hat mindestens zweimal eine nette Widmung bekommen.;entailment;24;aii;bi;2;positive;twice;False;;;Letzten Monat hat Thorsten Tina ein Lied gewidmet. Vor einer Woche hat Tina wieder eine nette Widmung bekommen, weil sie an einem Song mitgearbeitet hat.;Tina hat mindestens zweimal eine nette Widmung bekommen.;morit/german_xlm_xnli;entailment;1;0.002855370519682765;0.12889759242534637;0.8682470321655273
24_aii_bi2_cannot_say_pos;Letzten Monat hat Thorsten Tina ein Lied gewidmet.;Vor einer Woche hat Tina wieder eine nette Widmung bekommen, weil sie an einem Song mitgearbeitet hat.;Es lässt sich nicht sagen, wie oft Tina eine nette Widmung bekommen hat.;unknown;24;aii;bi;2;positive;cannot say;False;;;Letzten Monat hat Thorsten Tina ein Lied gewidmet. Vor einer Woche hat Tina wieder eine nette Widmung bekommen, weil sie an einem Song mitgearbeitet hat.;Es lässt sich nicht sagen, wie oft Tina eine nette Widmung bekommen hat.;morit/german_xlm_xnli;neutral;1;0.009037197567522526;0.9887431859970093;0.002219507470726967
24_aii_bii1_once_pos;Letzten Monat hat Thorsten Tina ein Lied gewidmet.;Vor einer Woche hat Thorsten wieder eine nette Widmung geschrieben, weil er an einem Song mitgearbeitet hat.;Thorsten hat einmal eine nette Widmung geschrieben.;unknown;24;aii;bii;1;positive;once;False;;;Letzten Monat hat Thorsten Tina ein Lied gewidmet. Vor einer Woche hat Thorsten wieder eine nette Widmung geschrieben, weil er an einem Song mitgearbeitet hat.;Thorsten hat einmal eine nette Widmung geschrieben.;morit/german_xlm_xnli;entailment;0;0.009258492849767208;0.013777738437056541;0.9769638180732727
24_aii_bii1_twice_pos;Letzten Monat hat Thorsten Tina ein Lied gewidmet.;Vor einer Woche hat Thorsten wieder eine nette Widmung geschrieben, weil er an einem Song mitgearbeitet hat.;Thorsten hat mindestens zweimal eine nette Widmung geschrieben.;entailment;24;aii;bii;1;positive;twice;False;;;Letzten Monat hat Thorsten Tina ein Lied gewidmet. Vor einer Woche hat Thorsten wieder eine nette Widmung geschrieben, weil er an einem Song mitgearbeitet hat.;Thorsten hat mindestens zweimal eine nette Widmung geschrieben.;morit/german_xlm_xnli;entailment;1;0.0028258359525352716;0.10428082942962646;0.892893373966217
24_aii_bii1_cannot_say_pos;Letzten Monat hat Thorsten Tina ein Lied gewidmet.;Vor einer Woche hat Thorsten wieder eine nette Widmung geschrieben, weil er an einem Song mitgearbeitet hat.;Es lässt sich nicht sagen, wie oft Thorsten eine nette Widmung geschrieben hat.;unknown;24;aii;bii;1;positive;cannot say;False;;;Letzten Monat hat Thorsten Tina ein Lied gewidmet. Vor einer Woche hat Thorsten wieder eine nette Widmung geschrieben, weil er an einem Song mitgearbeitet hat.;Es lässt sich nicht sagen, wie oft Thorsten eine nette Widmung geschrieben hat.;morit/german_xlm_xnli;neutral;1;0.008357402868568897;0.9878326654434204;0.003809868823736906
24_aii_bii2_once_neu;Letzten Monat hat Thorsten Tina ein Lied gewidmet.;Vor einer Woche hat Tina wieder eine nette Widmung geschrieben, weil sie an einem Song mitgearbeitet hat.;Tina hat einmal eine nette Widmung geschrieben.;entailment;24;aii;bii;2;neutral;once;False;;;Letzten Monat hat Thorsten Tina ein Lied gewidmet. Vor einer Woche hat Tina wieder eine nette Widmung geschrieben, weil sie an einem Song mitgearbeitet hat.;Tina hat einmal eine nette Widmung geschrieben.;morit/german_xlm_xnli;entailment;1;0.005895609967410564;0.013342795893549919;0.9807615876197815
24_aii_bii2_twice_neu;Letzten Monat hat Thorsten Tina ein Lied gewidmet.;Vor einer Woche hat Tina wieder eine nette Widmung geschrieben, weil sie an einem Song mitgearbeitet hat.;Tina hat mindestens zweimal eine nette Widmung geschrieben.;unknown;24;aii;bii;2;neutral;twice;False;;;Letzten Monat hat Thorsten Tina ein Lied gewidmet. Vor einer Woche hat Tina wieder eine nette Widmung geschrieben, weil sie an einem Song mitgearbeitet hat.;Tina hat mindestens zweimal eine nette Widmung geschrieben.;morit/german_xlm_xnli;entailment;0;0.0027935465332120657;0.13128916919231415;0.8659172654151917
24_aii_bii2_cannot_say_neu;Letzten Monat hat Thorsten Tina ein Lied gewidmet.;Vor einer Woche hat Tina wieder eine nette Widmung geschrieben, weil sie an einem Song mitgearbeitet hat.;Es lässt sich nicht sagen, wie oft Tina eine nette Widmung geschrieben hat.;unknown;24;aii;bii;2;neutral;cannot say;False;;;Letzten Monat hat Thorsten Tina ein Lied gewidmet. Vor einer Woche hat Tina wieder eine nette Widmung geschrieben, weil sie an einem Song mitgearbeitet hat.;Es lässt sich nicht sagen, wie oft Tina eine nette Widmung geschrieben hat.;morit/german_xlm_xnli;neutral;1;0.012044252827763557;0.9846788644790649;0.003276817500591278
25_ai_bi1_once_pos;Vor vier Wochen hat Tina vor Karl einen lustigen Sketch aufgeführt.;Vor zwei Wochen hat Karl wieder einen lustigen Sketch gesehen, als er auf einem Comedyfestival gewesen ist.;Karl hat einmal einen lustigen Sketch gesehen.;unknown;25;ai;bi;1;positive;once;False;;;Vor vier Wochen hat Tina vor Karl einen lustigen Sketch aufgeführt. Vor zwei Wochen hat Karl wieder einen lustigen Sketch gesehen, als er auf einem Comedyfestival gewesen ist.;Karl hat einmal einen lustigen Sketch gesehen.;morit/german_xlm_xnli;entailment;0;0.024935929104685783;0.027382204309105873;0.9476819038391113
25_ai_bi1_twice_pos;Vor vier Wochen hat Tina vor Karl einen lustigen Sketch aufgeführt.;Vor zwei Wochen hat Karl wieder einen lustigen Sketch gesehen, als er auf einem Comedyfestival gewesen ist.;Karl hat mindestens zweimal einen lustigen Sketch gesehen.;entailment;25;ai;bi;1;positive;twice;False;;;Vor vier Wochen hat Tina vor Karl einen lustigen Sketch aufgeführt. Vor zwei Wochen hat Karl wieder einen lustigen Sketch gesehen, als er auf einem Comedyfestival gewesen ist.;Karl hat mindestens zweimal einen lustigen Sketch gesehen.;morit/german_xlm_xnli;entailment;1;0.0020231003873050213;0.032180339097976685;0.9657965898513794
25_ai_bi1_cannot_say_pos;Vor vier Wochen hat Tina vor Karl einen lustigen Sketch aufgeführt.;Vor zwei Wochen hat Karl wieder einen lustigen Sketch gesehen, als er auf einem Comedyfestival gewesen ist.;Es lässt sich nicht sagen, wie oft Karl einen lustigen Sketch gesehen hat.;unknown;25;ai;bi;1;positive;cannot say;False;;;Vor vier Wochen hat Tina vor Karl einen lustigen Sketch aufgeführt. Vor zwei Wochen hat Karl wieder einen lustigen Sketch gesehen, als er auf einem Comedyfestival gewesen ist.;Es lässt sich nicht sagen, wie oft Karl einen lustigen Sketch gesehen hat.;morit/german_xlm_xnli;neutral;1;0.10183500498533249;0.8603470325469971;0.03781794011592865
25_ai_bi2_once_neu;Vor vier Wochen hat Tina vor Karl einen lustigen Sketch aufgeführt.;Vor zwei Wochen hat Tina wieder einen lustigen Sketch gesehen, als sie auf einem Comedyfestival gewesen ist.;Tina hat einmal einen lustigen Sketch gesehen.;entailment;25;ai;bi;2;neutral;once;False;;;Vor vier Wochen hat Tina vor Karl einen lustigen Sketch aufgeführt. Vor zwei Wochen hat Tina wieder einen lustigen Sketch gesehen, als sie auf einem Comedyfestival gewesen ist.;Tina hat einmal einen lustigen Sketch gesehen.;morit/german_xlm_xnli;entailment;1;0.024184847250580788;0.02467070147395134;0.9511444568634033
25_ai_bi2_twice_neu;Vor vier Wochen hat Tina vor Karl einen lustigen Sketch aufgeführt.;Vor zwei Wochen hat Tina wieder einen lustigen Sketch gesehen, als sie auf einem Comedyfestival gewesen ist.;Tina hat mindestens zweimal einen lustigen Sketch gesehen.;unknown;25;ai;bi;2;neutral;twice;False;;;Vor vier Wochen hat Tina vor Karl einen lustigen Sketch aufgeführt. Vor zwei Wochen hat Tina wieder einen lustigen Sketch gesehen, als sie auf einem Comedyfestival gewesen ist.;Tina hat mindestens zweimal einen lustigen Sketch gesehen.;morit/german_xlm_xnli;entailment;0;0.0017373174196109176;0.023258956149220467;0.9750037789344788
25_ai_bi2_cannot_say_neu;Vor vier Wochen hat Tina vor Karl einen lustigen Sketch aufgeführt.;Vor zwei Wochen hat Tina wieder einen lustigen Sketch gesehen, als sie auf einem Comedyfestival gewesen ist.;Es lässt sich nicht sagen, wie oft Tina einen lustigen Sketch gesehen hat.;unknown;25;ai;bi;2;neutral;cannot say;False;;;Vor vier Wochen hat Tina vor Karl einen lustigen Sketch aufgeführt. Vor zwei Wochen hat Tina wieder einen lustigen Sketch gesehen, als sie auf einem Comedyfestival gewesen ist.;Es lässt sich nicht sagen, wie oft Tina einen lustigen Sketch gesehen hat.;morit/german_xlm_xnli;neutral;1;0.08656200021505356;0.8777132034301758;0.03572480380535126
25_ai_bii1_once_neu;Vor vier Wochen hat Tina vor Karl einen lustigen Sketch aufgeführt.;Vor zwei Wochen hat Karl wieder einen lustigen Sketch dargeboten, als er auf einem Comedyfestival gewesen ist.;Karl hat einmal einen lustigen Sketch dargeboten.;entailment;25;ai;bii;1;neutral;once;False;;;Vor vier Wochen hat Tina vor Karl einen lustigen Sketch aufgeführt. Vor zwei Wochen hat Karl wieder einen lustigen Sketch dargeboten, als er auf einem Comedyfestival gewesen ist.;Karl hat einmal einen lustigen Sketch dargeboten.;morit/german_xlm_xnli;entailment;1;0.029260016977787018;0.022210750728845596;0.9485291838645935
25_ai_bii1_twice_neu;Vor vier Wochen hat Tina vor Karl einen lustigen Sketch aufgeführt.;Vor zwei Wochen hat Karl wieder einen lustigen Sketch dargeboten, als er auf einem Comedyfestival gewesen ist.;Karl hat mindestens zweimal einen lustigen Sketch dargeboten.;unknown;25;ai;bii;1;neutral;twice;False;;;Vor vier Wochen hat Tina vor Karl einen lustigen Sketch aufgeführt. Vor zwei Wochen hat Karl wieder einen lustigen Sketch dargeboten, als er auf einem Comedyfestival gewesen ist.;Karl hat mindestens zweimal einen lustigen Sketch dargeboten.;morit/german_xlm_xnli;entailment;0;0.0024850943591445684;0.04538039118051529;0.9521345496177673
25_ai_bii1_cannot_say_neu;Vor vier Wochen hat Tina vor Karl einen lustigen Sketch aufgeführt.;Vor zwei Wochen hat Karl wieder einen lustigen Sketch dargeboten, als er auf einem Comedyfestival gewesen ist.;Es lässt sich nicht sagen, wie oft Karl einen lustigen Sketch dargeboten hat.;unknown;25;ai;bii;1;neutral;cannot say;False;;;Vor vier Wochen hat Tina vor Karl einen lustigen Sketch aufgeführt. Vor zwei Wochen hat Karl wieder einen lustigen Sketch dargeboten, als er auf einem Comedyfestival gewesen ist.;Es lässt sich nicht sagen, wie oft Karl einen lustigen Sketch dargeboten hat.;morit/german_xlm_xnli;neutral;1;0.11436767131090164;0.8145903944969177;0.07104188948869705
25_ai_bii2_once_pos;Vor vier Wochen hat Tina vor Karl einen lustigen Sketch aufgeführt.;Vor zwei Wochen hat Tina wieder einen lustigen Sketch dargeboten, als sie auf einem Comedyfestival gewesen ist.;Tina hat einmal einen lustigen Sketch dargeboten.;unknown;25;ai;bii;2;positive;once;False;;;Vor vier Wochen hat Tina vor Karl einen lustigen Sketch aufgeführt. Vor zwei Wochen hat Tina wieder einen lustigen Sketch dargeboten, als sie auf einem Comedyfestival gewesen ist.;Tina hat einmal einen lustigen Sketch dargeboten.;morit/german_xlm_xnli;entailment;0;0.021255796775221825;0.01890735700726509;0.9598367810249329
25_ai_bii2_twice_pos;Vor vier Wochen hat Tina vor Karl einen lustigen Sketch aufgeführt.;Vor zwei Wochen hat Tina wieder einen lustigen Sketch dargeboten, als sie auf einem Comedyfestival gewesen ist.;Tina hat mindestens zweimal einen lustigen Sketch dargeboten.;entailment;25;ai;bii;2;positive;twice;False;;;Vor vier Wochen hat Tina vor Karl einen lustigen Sketch aufgeführt. Vor zwei Wochen hat Tina wieder einen lustigen Sketch dargeboten, als sie auf einem Comedyfestival gewesen ist.;Tina hat mindestens zweimal einen lustigen Sketch dargeboten.;morit/german_xlm_xnli;entailment;1;0.002282816916704178;0.0313623771071434;0.9663549065589905
25_ai_bii2_cannot_say_pos;Vor vier Wochen hat Tina vor Karl einen lustigen Sketch aufgeführt.;Vor zwei Wochen hat Tina wieder einen lustigen Sketch dargeboten, als sie auf einem Comedyfestival gewesen ist.;Es lässt sich nicht sagen, wie oft Tina einen lustigen Sketch dargeboten hat.;unknown;25;ai;bii;2;positive;cannot say;False;;;Vor vier Wochen hat Tina vor Karl einen lustigen Sketch aufgeführt. Vor zwei Wochen hat Tina wieder einen lustigen Sketch dargeboten, als sie auf einem Comedyfestival gewesen ist.;Es lässt sich nicht sagen, wie oft Tina einen lustigen Sketch dargeboten hat.;morit/german_xlm_xnli;neutral;1;0.09717732667922974;0.8339410424232483;0.06888164579868317
25_aii_bi1_once_neu;Vor vier Wochen hat Karl vor Tina einen lustigen Sketch aufgeführt.;Vor zwei Wochen hat Karl wieder einen lustigen Sketch gesehen, als er auf einem Comedyfestival gewesen ist.;Karl hat einmal einen lustigen Sketch gesehen.;entailment;25;aii;bi;1;neutral;once;False;;;Vor vier Wochen hat Karl vor Tina einen lustigen Sketch aufgeführt. Vor zwei Wochen hat Karl wieder einen lustigen Sketch gesehen, als er auf einem Comedyfestival gewesen ist.;Karl hat einmal einen lustigen Sketch gesehen.;morit/german_xlm_xnli;entailment;1;0.02867693081498146;0.027849238365888596;0.9434738159179688
25_aii_bi1_twice_neu;Vor vier Wochen hat Karl vor Tina einen lustigen Sketch aufgeführt.;Vor zwei Wochen hat Karl wieder einen lustigen Sketch gesehen, als er auf einem Comedyfestival gewesen ist.;Karl hat mindestens zweimal einen lustigen Sketch gesehen.;unknown;25;aii;bi;1;neutral;twice;False;;;Vor vier Wochen hat Karl vor Tina einen lustigen Sketch aufgeführt. Vor zwei Wochen hat Karl wieder einen lustigen Sketch gesehen, als er auf einem Comedyfestival gewesen ist.;Karl hat mindestens zweimal einen lustigen Sketch gesehen.;morit/german_xlm_xnli;entailment;0;0.0021919116843491793;0.027401283383369446;0.9704068303108215
25_aii_bi1_cannot_say_neu;Vor vier Wochen hat Karl vor Tina einen lustigen Sketch aufgeführt.;Vor zwei Wochen hat Karl wieder einen lustigen Sketch gesehen, als er auf einem Comedyfestival gewesen ist.;Es lässt sich nicht sagen, wie oft Karl einen lustigen Sketch gesehen hat.;unknown;25;aii;bi;1;neutral;cannot say;False;;;Vor vier Wochen hat Karl vor Tina einen lustigen Sketch aufgeführt. Vor zwei Wochen hat Karl wieder einen lustigen Sketch gesehen, als er auf einem Comedyfestival gewesen ist.;Es lässt sich nicht sagen, wie oft Karl einen lustigen Sketch gesehen hat.;morit/german_xlm_xnli;neutral;1;0.08775452524423599;0.8737292289733887;0.03851616755127907
25_aii_bi2_once_pos;Vor vier Wochen hat Karl vor Tina einen lustigen Sketch aufgeführt.;Vor zwei Wochen hat Tina wieder einen lustigen Sketch gesehen, als sie auf einem Comedyfestival gewesen ist.;Tina hat einmal einen lustigen Sketch gesehen.;unknown;25;aii;bi;2;positive;once;False;;;Vor vier Wochen hat Karl vor Tina einen lustigen Sketch aufgeführt. Vor zwei Wochen hat Tina wieder einen lustigen Sketch gesehen, als sie auf einem Comedyfestival gewesen ist.;Tina hat einmal einen lustigen Sketch gesehen.;morit/german_xlm_xnli;entailment;0;0.024919500574469566;0.02636416256427765;0.9487162828445435
25_aii_bi2_twice_pos;Vor vier Wochen hat Karl vor Tina einen lustigen Sketch aufgeführt.;Vor zwei Wochen hat Tina wieder einen lustigen Sketch gesehen, als sie auf einem Comedyfestival gewesen ist.;Tina hat mindestens zweimal einen lustigen Sketch gesehen.;entailment;25;aii;bi;2;positive;twice;False;;;Vor vier Wochen hat Karl vor Tina einen lustigen Sketch aufgeführt. Vor zwei Wochen hat Tina wieder einen lustigen Sketch gesehen, als sie auf einem Comedyfestival gewesen ist.;Tina hat mindestens zweimal einen lustigen Sketch gesehen.;morit/german_xlm_xnli;entailment;1;0.0019139315700158477;0.026093237102031708;0.9719927906990051
25_aii_bi2_cannot_say_pos;Vor vier Wochen hat Karl vor Tina einen lustigen Sketch aufgeführt.;Vor zwei Wochen hat Tina wieder einen lustigen Sketch gesehen, als sie auf einem Comedyfestival gewesen ist.;Es lässt sich nicht sagen, wie oft Tina einen lustigen Sketch gesehen hat.;unknown;25;aii;bi;2;positive;cannot say;False;;;Vor vier Wochen hat Karl vor Tina einen lustigen Sketch aufgeführt. Vor zwei Wochen hat Tina wieder einen lustigen Sketch gesehen, als sie auf einem Comedyfestival gewesen ist.;Es lässt sich nicht sagen, wie oft Tina einen lustigen Sketch gesehen hat.;morit/german_xlm_xnli;neutral;1;0.12331350147724152;0.830751359462738;0.0459352508187294
25_aii_bii1_once_pos;Vor vier Wochen hat Karl vor Tina einen lustigen Sketch aufgeführt.;Vor zwei Wochen hat Karl wieder einen lustigen Sketch dargeboten, als er auf einem Comedyfestival gewesen ist.;Karl hat einmal einen lustigen Sketch dargeboten.;unknown;25;aii;bii;1;positive;once;False;;;Vor vier Wochen hat Karl vor Tina einen lustigen Sketch aufgeführt. Vor zwei Wochen hat Karl wieder einen lustigen Sketch dargeboten, als er auf einem Comedyfestival gewesen ist.;Karl hat einmal einen lustigen Sketch dargeboten.;morit/german_xlm_xnli;entailment;0;0.02849205769598484;0.02287466451525688;0.9486331939697266
25_aii_bii1_twice_pos;Vor vier Wochen hat Karl vor Tina einen lustigen Sketch aufgeführt.;Vor zwei Wochen hat Karl wieder einen lustigen Sketch dargeboten, als er auf einem Comedyfestival gewesen ist.;Karl hat mindestens zweimal einen lustigen Sketch dargeboten.;entailment;25;aii;bii;1;positive;twice;False;;;Vor vier Wochen hat Karl vor Tina einen lustigen Sketch aufgeführt. Vor zwei Wochen hat Karl wieder einen lustigen Sketch dargeboten, als er auf einem Comedyfestival gewesen ist.;Karl hat mindestens zweimal einen lustigen Sketch dargeboten.;morit/german_xlm_xnli;entailment;1;0.0025923538487404585;0.03958718478679657;0.957820475101471
25_aii_bii1_cannot_say_pos;Vor vier Wochen hat Karl vor Tina einen lustigen Sketch aufgeführt.;Vor zwei Wochen hat Karl wieder einen lustigen Sketch dargeboten, als er auf einem Comedyfestival gewesen ist.;Es lässt sich nicht sagen, wie oft Karl einen lustigen Sketch dargeboten hat.;unknown;25;aii;bii;1;positive;cannot say;False;;;Vor vier Wochen hat Karl vor Tina einen lustigen Sketch aufgeführt. Vor zwei Wochen hat Karl wieder einen lustigen Sketch dargeboten, als er auf einem Comedyfestival gewesen ist.;Es lässt sich nicht sagen, wie oft Karl einen lustigen Sketch dargeboten hat.;morit/german_xlm_xnli;neutral;1;0.08559104055166245;0.8519948720932007;0.062414079904556274
25_aii_bii2_once_neu;Vor vier Wochen hat Karl vor Tina einen lustigen Sketch aufgeführt.;Vor zwei Wochen hat Tina wieder einen lustigen Sketch dargeboten, als sie auf einem Comedyfestival gewesen ist.;Tina hat einmal einen lustigen Sketch dargeboten.;entailment;25;aii;bii;2;neutral;once;False;;;Vor vier Wochen hat Karl vor Tina einen lustigen Sketch aufgeführt. Vor zwei Wochen hat Tina wieder einen lustigen Sketch dargeboten, als sie auf einem Comedyfestival gewesen ist.;Tina hat einmal einen lustigen Sketch dargeboten.;morit/german_xlm_xnli;entailment;1;0.03145565465092659;0.02361350692808628;0.944930911064148
25_aii_bii2_twice_neu;Vor vier Wochen hat Karl vor Tina einen lustigen Sketch aufgeführt.;Vor zwei Wochen hat Tina wieder einen lustigen Sketch dargeboten, als sie auf einem Comedyfestival gewesen ist.;Tina hat mindestens zweimal einen lustigen Sketch dargeboten.;unknown;25;aii;bii;2;neutral;twice;False;;;Vor vier Wochen hat Karl vor Tina einen lustigen Sketch aufgeführt. Vor zwei Wochen hat Tina wieder einen lustigen Sketch dargeboten, als sie auf einem Comedyfestival gewesen ist.;Tina hat mindestens zweimal einen lustigen Sketch dargeboten.;morit/german_xlm_xnli;entailment;0;0.002882285974919796;0.03823397308588028;0.9588838219642639
25_aii_bii2_cannot_say_neu;Vor vier Wochen hat Karl vor Tina einen lustigen Sketch aufgeführt.;Vor zwei Wochen hat Tina wieder einen lustigen Sketch dargeboten, als sie auf einem Comedyfestival gewesen ist.;Es lässt sich nicht sagen, wie oft Tina einen lustigen Sketch dargeboten hat.;unknown;25;aii;bii;2;neutral;cannot say;False;;;Vor vier Wochen hat Karl vor Tina einen lustigen Sketch aufgeführt. Vor zwei Wochen hat Tina wieder einen lustigen Sketch dargeboten, als sie auf einem Comedyfestival gewesen ist.;Es lässt sich nicht sagen, wie oft Tina einen lustigen Sketch dargeboten hat.;morit/german_xlm_xnli;neutral;1;0.12704290449619293;0.8033263087272644;0.06963071972131729
26_ai_bi1_once_pos;Vorletzten Monat hat Sabine Tina eine neue Gitarrensaite besorgt.;Vor drei Tagen hat Tina wieder eine neue Gitarrensaite erhalten, als sie mit einem Freund einkaufen war.;Tina hat einmal eine neue Gitarrensaite erhalten.;unknown;26;ai;bi;1;positive;once;False;;;Vorletzten Monat hat Sabine Tina eine neue Gitarrensaite besorgt. Vor drei Tagen hat Tina wieder eine neue Gitarrensaite erhalten, als sie mit einem Freund einkaufen war.;Tina hat einmal eine neue Gitarrensaite erhalten.;morit/german_xlm_xnli;entailment;0;0.04512036591768265;0.024329708889126778;0.9305499196052551
26_ai_bi1_twice_pos;Vorletzten Monat hat Sabine Tina eine neue Gitarrensaite besorgt.;Vor drei Tagen hat Tina wieder eine neue Gitarrensaite erhalten, als sie mit einem Freund einkaufen war.;Tina hat mindestens zweimal eine neue Gitarrensaite erhalten.;entailment;26;ai;bi;1;positive;twice;False;;;Vorletzten Monat hat Sabine Tina eine neue Gitarrensaite besorgt. Vor drei Tagen hat Tina wieder eine neue Gitarrensaite erhalten, als sie mit einem Freund einkaufen war.;Tina hat mindestens zweimal eine neue Gitarrensaite erhalten.;morit/german_xlm_xnli;entailment;1;0.004848774988204241;0.04104376211762428;0.9541074633598328
26_ai_bi1_cannot_say_pos;Vorletzten Monat hat Sabine Tina eine neue Gitarrensaite besorgt.;Vor drei Tagen hat Tina wieder eine neue Gitarrensaite erhalten, als sie mit einem Freund einkaufen war.;Es lässt sich nicht sagen, wie oft Tina eine neue Gitarrensaite erhalten hat.;unknown;26;ai;bi;1;positive;cannot say;False;;;Vorletzten Monat hat Sabine Tina eine neue Gitarrensaite besorgt. Vor drei Tagen hat Tina wieder eine neue Gitarrensaite erhalten, als sie mit einem Freund einkaufen war.;Es lässt sich nicht sagen, wie oft Tina eine neue Gitarrensaite erhalten hat.;morit/german_xlm_xnli;neutral;1;0.08651141077280045;0.8284744620323181;0.08501409739255905
26_ai_bi2_once_neu;Vorletzten Monat hat Sabine Tina eine neue Gitarrensaite besorgt.;Vor drei Tagen hat Sabine wieder eine neue Gitarrensaite erhalten, als sie mit einem Freund einkaufen war.;Sabine hat einmal eine neue Gitarrensaite erhalten.;entailment;26;ai;bi;2;neutral;once;False;;;Vorletzten Monat hat Sabine Tina eine neue Gitarrensaite besorgt. Vor drei Tagen hat Sabine wieder eine neue Gitarrensaite erhalten, als sie mit einem Freund einkaufen war.;Sabine hat einmal eine neue Gitarrensaite erhalten.;morit/german_xlm_xnli;entailment;1;0.03525127097964287;0.02292473614215851;0.9418240189552307
26_ai_bi2_twice_neu;Vorletzten Monat hat Sabine Tina eine neue Gitarrensaite besorgt.;Vor drei Tagen hat Sabine wieder eine neue Gitarrensaite erhalten, als sie mit einem Freund einkaufen war.;Sabine hat mindestens zweimal eine neue Gitarrensaite erhalten.;unknown;26;ai;bi;2;neutral;twice;False;;;Vorletzten Monat hat Sabine Tina eine neue Gitarrensaite besorgt. Vor drei Tagen hat Sabine wieder eine neue Gitarrensaite erhalten, als sie mit einem Freund einkaufen war.;Sabine hat mindestens zweimal eine neue Gitarrensaite erhalten.;morit/german_xlm_xnli;entailment;0;0.004478771239519119;0.039547283202409744;0.9559739232063293
26_ai_bi2_cannot_say_neu;Vorletzten Monat hat Sabine Tina eine neue Gitarrensaite besorgt.;Vor drei Tagen hat Sabine wieder eine neue Gitarrensaite erhalten, als sie mit einem Freund einkaufen war.;Es lässt sich nicht sagen, wie oft Sabine eine neue Gitarrensaite erhalten hat.;unknown;26;ai;bi;2;neutral;cannot say;False;;;Vorletzten Monat hat Sabine Tina eine neue Gitarrensaite besorgt. Vor drei Tagen hat Sabine wieder eine neue Gitarrensaite erhalten, als sie mit einem Freund einkaufen war.;Es lässt sich nicht sagen, wie oft Sabine eine neue Gitarrensaite erhalten hat.;morit/german_xlm_xnli;neutral;1;0.07245946675539017;0.8237273693084717;0.10381317883729935
26_ai_bii1_once_neu;Vorletzten Monat hat Sabine Tina eine neue Gitarrensaite besorgt.;Vor drei Tagen hat Tina wieder eine neue Gitarrensaite gekauft, als sie mit einem Freund einkaufen war.;Tina hat einmal eine neue Gitarrensaite gekauft.;entailment;26;ai;bii;1;neutral;once;False;;;Vorletzten Monat hat Sabine Tina eine neue Gitarrensaite besorgt. Vor drei Tagen hat Tina wieder eine neue Gitarrensaite gekauft, als sie mit einem Freund einkaufen war.;Tina hat einmal eine neue Gitarrensaite gekauft.;morit/german_xlm_xnli;entailment;1;0.05575500801205635;0.03238785266876221;0.9118571281433105
26_ai_bii1_twice_neu;Vorletzten Monat hat Sabine Tina eine neue Gitarrensaite besorgt.;Vor drei Tagen hat Tina wieder eine neue Gitarrensaite gekauft, als sie mit einem Freund einkaufen war.;Tina hat mindestens zweimal eine neue Gitarrensaite gekauft.;unknown;26;ai;bii;1;neutral;twice;False;;;Vorletzten Monat hat Sabine Tina eine neue Gitarrensaite besorgt. Vor drei Tagen hat Tina wieder eine neue Gitarrensaite gekauft, als sie mit einem Freund einkaufen war.;Tina hat mindestens zweimal eine neue Gitarrensaite gekauft.;morit/german_xlm_xnli;entailment;0;0.00567884324118495;0.04524492099881172;0.9490761756896973
26_ai_bii1_cannot_say_neu;Vorletzten Monat hat Sabine Tina eine neue Gitarrensaite besorgt.;Vor drei Tagen hat Tina wieder eine neue Gitarrensaite gekauft, als sie mit einem Freund einkaufen war.;Es lässt sich nicht sagen, wie oft Tina eine neue Gitarrensaite gekauft hat.;unknown;26;ai;bii;1;neutral;cannot say;False;;;Vorletzten Monat hat Sabine Tina eine neue Gitarrensaite besorgt. Vor drei Tagen hat Tina wieder eine neue Gitarrensaite gekauft, als sie mit einem Freund einkaufen war.;Es lässt sich nicht sagen, wie oft Tina eine neue Gitarrensaite gekauft hat.;morit/german_xlm_xnli;neutral;1;0.04897749051451683;0.9139339923858643;0.03708856552839279
26_ai_bii2_once_pos;Vorletzten Monat hat Sabine Tina eine neue Gitarrensaite besorgt.;Vor drei Tagen hat Sabine wieder eine neue Gitarrensaite gekauft, als sie mit einem Freund einkaufen war.;Sabine hat einmal eine neue Gitarrensaite gekauft.;unknown;26;ai;bii;2;positive;once;False;;;Vorletzten Monat hat Sabine Tina eine neue Gitarrensaite besorgt. Vor drei Tagen hat Sabine wieder eine neue Gitarrensaite gekauft, als sie mit einem Freund einkaufen war.;Sabine hat einmal eine neue Gitarrensaite gekauft.;morit/german_xlm_xnli;entailment;0;0.04234197735786438;0.026927396655082703;0.9307306408882141
26_ai_bii2_twice_pos;Vorletzten Monat hat Sabine Tina eine neue Gitarrensaite besorgt.;Vor drei Tagen hat Sabine wieder eine neue Gitarrensaite gekauft, als sie mit einem Freund einkaufen war.;Sabine hat mindestens zweimal eine neue Gitarrensaite gekauft.;entailment;26;ai;bii;2;positive;twice;False;;;Vorletzten Monat hat Sabine Tina eine neue Gitarrensaite besorgt. Vor drei Tagen hat Sabine wieder eine neue Gitarrensaite gekauft, als sie mit einem Freund einkaufen war.;Sabine hat mindestens zweimal eine neue Gitarrensaite gekauft.;morit/german_xlm_xnli;entailment;1;0.004939570557326078;0.04098304361104965;0.9540773630142212
26_ai_bii2_cannot_say_pos;Vorletzten Monat hat Sabine Tina eine neue Gitarrensaite besorgt.;Vor drei Tagen hat Sabine wieder eine neue Gitarrensaite gekauft, als sie mit einem Freund einkaufen war.;Es lässt sich nicht sagen, wie oft Sabine eine neue Gitarrensaite gekauft hat.;unknown;26;ai;bii;2;positive;cannot say;False;;;Vorletzten Monat hat Sabine Tina eine neue Gitarrensaite besorgt. Vor drei Tagen hat Sabine wieder eine neue Gitarrensaite gekauft, als sie mit einem Freund einkaufen war.;Es lässt sich nicht sagen, wie oft Sabine eine neue Gitarrensaite gekauft hat.;morit/german_xlm_xnli;neutral;1;0.04560652747750282;0.8887021541595459;0.06569132953882217
26_aii_bi1_once_neu;Vorletzten Monat hat Tina Sabine eine neue Gitarrensaite besorgt.;Vor drei Tagen hat Tina wieder eine neue Gitarrensaite erhalten, als sie mit einem Freund einkaufen war.;Tina hat einmal eine neue Gitarrensaite erhalten.;entailment;26;aii;bi;1;neutral;once;False;;;Vorletzten Monat hat Tina Sabine eine neue Gitarrensaite besorgt. Vor drei Tagen hat Tina wieder eine neue Gitarrensaite erhalten, als sie mit einem Freund einkaufen war.;Tina hat einmal eine neue Gitarrensaite erhalten.;morit/german_xlm_xnli;entailment;1;0.04923595115542412;0.025237105786800385;0.9255269765853882
26_aii_bi1_twice_neu;Vorletzten Monat hat Tina Sabine eine neue Gitarrensaite besorgt.;Vor drei Tagen hat Tina wieder eine neue Gitarrensaite erhalten, als sie mit einem Freund einkaufen war.;Tina hat mindestens zweimal eine neue Gitarrensaite erhalten.;unknown;26;aii;bi;1;neutral;twice;False;;;Vorletzten Monat hat Tina Sabine eine neue Gitarrensaite besorgt. Vor drei Tagen hat Tina wieder eine neue Gitarrensaite erhalten, als sie mit einem Freund einkaufen war.;Tina hat mindestens zweimal eine neue Gitarrensaite erhalten.;morit/german_xlm_xnli;entailment;0;0.004957455210387707;0.041981279850006104;0.9530612826347351
26_aii_bi1_cannot_say_neu;Vorletzten Monat hat Tina Sabine eine neue Gitarrensaite besorgt.;Vor drei Tagen hat Tina wieder eine neue Gitarrensaite erhalten, als sie mit einem Freund einkaufen war.;Es lässt sich nicht sagen, wie oft Tina eine neue Gitarrensaite erhalten hat.;unknown;26;aii;bi;1;neutral;cannot say;False;;;Vorletzten Monat hat Tina Sabine eine neue Gitarrensaite besorgt. Vor drei Tagen hat Tina wieder eine neue Gitarrensaite erhalten, als sie mit einem Freund einkaufen war.;Es lässt sich nicht sagen, wie oft Tina eine neue Gitarrensaite erhalten hat.;morit/german_xlm_xnli;neutral;1;0.0848737433552742;0.8303437232971191;0.08478257060050964
26_aii_bi2_once_pos;Vorletzten Monat hat Tina Sabine eine neue Gitarrensaite besorgt.;Vor drei Tagen hat Sabine wieder eine neue Gitarrensaite erhalten, als sie mit einem Freund einkaufen war.;Sabine hat einmal eine neue Gitarrensaite erhalten.;unknown;26;aii;bi;2;positive;once;False;;;Vorletzten Monat hat Tina Sabine eine neue Gitarrensaite besorgt. Vor drei Tagen hat Sabine wieder eine neue Gitarrensaite erhalten, als sie mit einem Freund einkaufen war.;Sabine hat einmal eine neue Gitarrensaite erhalten.;morit/german_xlm_xnli;entailment;0;0.028841625899076462;0.02143692597746849;0.9497213959693909
26_aii_bi2_twice_pos;Vorletzten Monat hat Tina Sabine eine neue Gitarrensaite besorgt.;Vor drei Tagen hat Sabine wieder eine neue Gitarrensaite erhalten, als sie mit einem Freund einkaufen war.;Sabine hat mindestens zweimal eine neue Gitarrensaite erhalten.;entailment;26;aii;bi;2;positive;twice;False;;;Vorletzten Monat hat Tina Sabine eine neue Gitarrensaite besorgt. Vor drei Tagen hat Sabine wieder eine neue Gitarrensaite erhalten, als sie mit einem Freund einkaufen war.;Sabine hat mindestens zweimal eine neue Gitarrensaite erhalten.;morit/german_xlm_xnli;entailment;1;0.0044057792983949184;0.0383533351123333;0.957240879535675
26_aii_bi2_cannot_say_pos;Vorletzten Monat hat Tina Sabine eine neue Gitarrensaite besorgt.;Vor drei Tagen hat Sabine wieder eine neue Gitarrensaite erhalten, als sie mit einem Freund einkaufen war.;Es lässt sich nicht sagen, wie oft Sabine eine neue Gitarrensaite erhalten hat.;unknown;26;aii;bi;2;positive;cannot say;False;;;Vorletzten Monat hat Tina Sabine eine neue Gitarrensaite besorgt. Vor drei Tagen hat Sabine wieder eine neue Gitarrensaite erhalten, als sie mit einem Freund einkaufen war.;Es lässt sich nicht sagen, wie oft Sabine eine neue Gitarrensaite erhalten hat.;morit/german_xlm_xnli;neutral;1;0.07260986417531967;0.825927734375;0.10146228969097137
26_aii_bii1_once_pos;Vorletzten Monat hat Tina Sabine eine neue Gitarrensaite besorgt.;Vor drei Tagen hat Tina wieder eine neue Gitarrensaite gekauft, als sie mit einem Freund einkaufen war.;Tina hat einmal eine neue Gitarrensaite gekauft.;unknown;26;aii;bii;1;positive;once;False;;;Vorletzten Monat hat Tina Sabine eine neue Gitarrensaite besorgt. Vor drei Tagen hat Tina wieder eine neue Gitarrensaite gekauft, als sie mit einem Freund einkaufen war.;Tina hat einmal eine neue Gitarrensaite gekauft.;morit/german_xlm_xnli;entailment;0;0.0562894381582737;0.033434126526117325;0.9102763533592224
26_aii_bii1_twice_pos;Vorletzten Monat hat Tina Sabine eine neue Gitarrensaite besorgt.;Vor drei Tagen hat Tina wieder eine neue Gitarrensaite gekauft, als sie mit einem Freund einkaufen war.;Tina hat mindestens zweimal eine neue Gitarrensaite gekauft.;entailment;26;aii;bii;1;positive;twice;False;;;Vorletzten Monat hat Tina Sabine eine neue Gitarrensaite besorgt. Vor drei Tagen hat Tina wieder eine neue Gitarrensaite gekauft, als sie mit einem Freund einkaufen war.;Tina hat mindestens zweimal eine neue Gitarrensaite gekauft.;morit/german_xlm_xnli;entailment;1;0.005658603273332119;0.04624936357140541;0.948091983795166
26_aii_bii1_cannot_say_pos;Vorletzten Monat hat Tina Sabine eine neue Gitarrensaite besorgt.;Vor drei Tagen hat Tina wieder eine neue Gitarrensaite gekauft, als sie mit einem Freund einkaufen war.;Es lässt sich nicht sagen, wie oft Tina eine neue Gitarrensaite gekauft hat.;unknown;26;aii;bii;1;positive;cannot say;False;;;Vorletzten Monat hat Tina Sabine eine neue Gitarrensaite besorgt. Vor drei Tagen hat Tina wieder eine neue Gitarrensaite gekauft, als sie mit einem Freund einkaufen war.;Es lässt sich nicht sagen, wie oft Tina eine neue Gitarrensaite gekauft hat.;morit/german_xlm_xnli;neutral;1;0.0480165109038353;0.9150772094726562;0.03690635785460472
26_aii_bii2_once_neu;Vorletzten Monat hat Tina Sabine eine neue Gitarrensaite besorgt.;Vor drei Tagen hat Sabine wieder eine neue Gitarrensaite gekauft, als sie mit einem Freund einkaufen war.;Sabine hat einmal eine neue Gitarrensaite gekauft.;entailment;26;aii;bii;2;neutral;once;False;;;Vorletzten Monat hat Tina Sabine eine neue Gitarrensaite besorgt. Vor drei Tagen hat Sabine wieder eine neue Gitarrensaite gekauft, als sie mit einem Freund einkaufen war.;Sabine hat einmal eine neue Gitarrensaite gekauft.;morit/german_xlm_xnli;entailment;1;0.03351205587387085;0.024951422587037086;0.9415366053581238
26_aii_bii2_twice_neu;Vorletzten Monat hat Tina Sabine eine neue Gitarrensaite besorgt.;Vor drei Tagen hat Sabine wieder eine neue Gitarrensaite gekauft, als sie mit einem Freund einkaufen war.;Sabine hat mindestens zweimal eine neue Gitarrensaite gekauft.;unknown;26;aii;bii;2;neutral;twice;False;;;Vorletzten Monat hat Tina Sabine eine neue Gitarrensaite besorgt. Vor drei Tagen hat Sabine wieder eine neue Gitarrensaite gekauft, als sie mit einem Freund einkaufen war.;Sabine hat mindestens zweimal eine neue Gitarrensaite gekauft.;morit/german_xlm_xnli;entailment;0;0.004943578504025936;0.039568569511175156;0.955487847328186
26_aii_bii2_cannot_say_neu;Vorletzten Monat hat Tina Sabine eine neue Gitarrensaite besorgt.;Vor drei Tagen hat Sabine wieder eine neue Gitarrensaite gekauft, als sie mit einem Freund einkaufen war.;Es lässt sich nicht sagen, wie oft Sabine eine neue Gitarrensaite gekauft hat.;unknown;26;aii;bii;2;neutral;cannot say;False;;;Vorletzten Monat hat Tina Sabine eine neue Gitarrensaite besorgt. Vor drei Tagen hat Sabine wieder eine neue Gitarrensaite gekauft, als sie mit einem Freund einkaufen war.;Es lässt sich nicht sagen, wie oft Sabine eine neue Gitarrensaite gekauft hat.;morit/german_xlm_xnli;neutral;1;0.04448921978473663;0.8876016736030579;0.06790905445814133
27_ai_bi1_once_pos;Letzten Monat hat Sabine Thorsten ein schweres Paket gebracht.;Vor einer Woche hat Thorsten wieder ein schweres Paket entgegengenommen, während er an eine Geburtstagsparty gedacht hat.;Thorsten hat einmal ein schweres Paket entgegengenommen.;unknown;27;ai;bi;1;positive;once;False;;;Letzten Monat hat Sabine Thorsten ein schweres Paket gebracht. Vor einer Woche hat Thorsten wieder ein schweres Paket entgegengenommen, während er an eine Geburtstagsparty gedacht hat.;Thorsten hat einmal ein schweres Paket entgegengenommen.;morit/german_xlm_xnli;entailment;0;0.008233060128986835;0.008531276136636734;0.9832356572151184
27_ai_bi1_twice_pos;Letzten Monat hat Sabine Thorsten ein schweres Paket gebracht.;Vor einer Woche hat Thorsten wieder ein schweres Paket entgegengenommen, während er an eine Geburtstagsparty gedacht hat.;Thorsten hat mindestens zweimal ein schweres Paket entgegengenommen.;entailment;27;ai;bi;1;positive;twice;False;;;Letzten Monat hat Sabine Thorsten ein schweres Paket gebracht. Vor einer Woche hat Thorsten wieder ein schweres Paket entgegengenommen, während er an eine Geburtstagsparty gedacht hat.;Thorsten hat mindestens zweimal ein schweres Paket entgegengenommen.;morit/german_xlm_xnli;entailment;1;0.0019700773991644382;0.04329848289489746;0.9547314047813416
27_ai_bi1_cannot_say_pos;Letzten Monat hat Sabine Thorsten ein schweres Paket gebracht.;Vor einer Woche hat Thorsten wieder ein schweres Paket entgegengenommen, während er an eine Geburtstagsparty gedacht hat.;Es lässt sich nicht sagen, wie oft Thorsten ein schweres Paket entgegengenommen hat.;unknown;27;ai;bi;1;positive;cannot say;False;;;Letzten Monat hat Sabine Thorsten ein schweres Paket gebracht. Vor einer Woche hat Thorsten wieder ein schweres Paket entgegengenommen, während er an eine Geburtstagsparty gedacht hat.;Es lässt sich nicht sagen, wie oft Thorsten ein schweres Paket entgegengenommen hat.;morit/german_xlm_xnli;neutral;1;0.04359941557049751;0.9251625537872314;0.03123810887336731
27_ai_bi2_once_neu;Letzten Monat hat Sabine Thorsten ein schweres Paket gebracht.;Vor einer Woche hat Sabine wieder ein schweres Paket entgegengenommen, während sie an eine Geburtstagsparty gedacht hat.;Sabine hat einmal ein schweres Paket entgegengenommen.;entailment;27;ai;bi;2;neutral;once;False;;;Letzten Monat hat Sabine Thorsten ein schweres Paket gebracht. Vor einer Woche hat Sabine wieder ein schweres Paket entgegengenommen, während sie an eine Geburtstagsparty gedacht hat.;Sabine hat einmal ein schweres Paket entgegengenommen.;morit/german_xlm_xnli;entailment;1;0.009364821016788483;0.008920984342694283;0.981714129447937
27_ai_bi2_twice_neu;Letzten Monat hat Sabine Thorsten ein schweres Paket gebracht.;Vor einer Woche hat Sabine wieder ein schweres Paket entgegengenommen, während sie an eine Geburtstagsparty gedacht hat.;Sabine hat mindestens zweimal ein schweres Paket entgegengenommen.;unknown;27;ai;bi;2;neutral;twice;False;;;Letzten Monat hat Sabine Thorsten ein schweres Paket gebracht. Vor einer Woche hat Sabine wieder ein schweres Paket entgegengenommen, während sie an eine Geburtstagsparty gedacht hat.;Sabine hat mindestens zweimal ein schweres Paket entgegengenommen.;morit/german_xlm_xnli;entailment;0;0.001819596509449184;0.03290245309472084;0.9652779698371887
27_ai_bi2_cannot_say_neu;Letzten Monat hat Sabine Thorsten ein schweres Paket gebracht.;Vor einer Woche hat Sabine wieder ein schweres Paket entgegengenommen, während sie an eine Geburtstagsparty gedacht hat.;Es lässt sich nicht sagen, wie oft Sabine ein schweres Paket entgegengenommen hat.;unknown;27;ai;bi;2;neutral;cannot say;False;;;Letzten Monat hat Sabine Thorsten ein schweres Paket gebracht. Vor einer Woche hat Sabine wieder ein schweres Paket entgegengenommen, während sie an eine Geburtstagsparty gedacht hat.;Es lässt sich nicht sagen, wie oft Sabine ein schweres Paket entgegengenommen hat.;morit/german_xlm_xnli;neutral;1;0.0389484167098999;0.9287068843841553;0.032344747334718704
27_ai_bii1_once_neu;Letzten Monat hat Sabine Thorsten ein schweres Paket gebracht.;Vor einer Woche hat Thorsten wieder ein schweres Paket abgegeben, während er an eine Geburtstagsparty gedacht hat.;Thorsten hat einmal ein schweres Paket abgegeben.;entailment;27;ai;bii;1;neutral;once;False;;;Letzten Monat hat Sabine Thorsten ein schweres Paket gebracht. Vor einer Woche hat Thorsten wieder ein schweres Paket abgegeben, während er an eine Geburtstagsparty gedacht hat.;Thorsten hat einmal ein schweres Paket abgegeben.;morit/german_xlm_xnli;entailment;1;0.011915639974176884;0.009826209396123886;0.9782581925392151
27_ai_bii1_twice_neu;Letzten Monat hat Sabine Thorsten ein schweres Paket gebracht.;Vor einer Woche hat Thorsten wieder ein schweres Paket abgegeben, während er an eine Geburtstagsparty gedacht hat.;Thorsten hat mindestens zweimal ein schweres Paket abgegeben.;unknown;27;ai;bii;1;neutral;twice;False;;;Letzten Monat hat Sabine Thorsten ein schweres Paket gebracht. Vor einer Woche hat Thorsten wieder ein schweres Paket abgegeben, während er an eine Geburtstagsparty gedacht hat.;Thorsten hat mindestens zweimal ein schweres Paket abgegeben.;morit/german_xlm_xnli;entailment;0;0.0023480746895074844;0.07023556530475616;0.9274163842201233
27_ai_bii1_cannot_say_neu;Letzten Monat hat Sabine Thorsten ein schweres Paket gebracht.;Vor einer Woche hat Thorsten wieder ein schweres Paket abgegeben, während er an eine Geburtstagsparty gedacht hat.;Es lässt sich nicht sagen, wie oft Thorsten ein schweres Paket abgegeben hat.;unknown;27;ai;bii;1;neutral;cannot say;False;;;Letzten Monat hat Sabine Thorsten ein schweres Paket gebracht. Vor einer Woche hat Thorsten wieder ein schweres Paket abgegeben, während er an eine Geburtstagsparty gedacht hat.;Es lässt sich nicht sagen, wie oft Thorsten ein schweres Paket abgegeben hat.;morit/german_xlm_xnli;neutral;1;0.07416239380836487;0.8645910024642944;0.061246614903211594
27_ai_bii2_once_pos;Letzten Monat hat Sabine Thorsten ein schweres Paket gebracht.;Vor einer Woche hat Sabine wieder ein schweres Paket abgegeben, während sie an eine Geburtstagsparty gedacht hat.;Sabine hat einmal ein schweres Paket abgegeben.;unknown;27;ai;bii;2;positive;once;False;;;Letzten Monat hat Sabine Thorsten ein schweres Paket gebracht. Vor einer Woche hat Sabine wieder ein schweres Paket abgegeben, während sie an eine Geburtstagsparty gedacht hat.;Sabine hat einmal ein schweres Paket abgegeben.;morit/german_xlm_xnli;entailment;0;0.01381859090179205;0.01050109788775444;0.9756803512573242
27_ai_bii2_twice_pos;Letzten Monat hat Sabine Thorsten ein schweres Paket gebracht.;Vor einer Woche hat Sabine wieder ein schweres Paket abgegeben, während sie an eine Geburtstagsparty gedacht hat.;Sabine hat mindestens zweimal ein schweres Paket abgegeben.;entailment;27;ai;bii;2;positive;twice;False;;;Letzten Monat hat Sabine Thorsten ein schweres Paket gebracht. Vor einer Woche hat Sabine wieder ein schweres Paket abgegeben, während sie an eine Geburtstagsparty gedacht hat.;Sabine hat mindestens zweimal ein schweres Paket abgegeben.;morit/german_xlm_xnli;entailment;1;0.0021009265910834074;0.04970937594771385;0.9481896162033081
27_ai_bii2_cannot_say_pos;Letzten Monat hat Sabine Thorsten ein schweres Paket gebracht.;Vor einer Woche hat Sabine wieder ein schweres Paket abgegeben, während sie an eine Geburtstagsparty gedacht hat.;Es lässt sich nicht sagen, wie oft Sabine ein schweres Paket abgegeben hat.;unknown;27;ai;bii;2;positive;cannot say;False;;;Letzten Monat hat Sabine Thorsten ein schweres Paket gebracht. Vor einer Woche hat Sabine wieder ein schweres Paket abgegeben, während sie an eine Geburtstagsparty gedacht hat.;Es lässt sich nicht sagen, wie oft Sabine ein schweres Paket abgegeben hat.;morit/german_xlm_xnli;neutral;1;0.06422091275453568;0.8715482950210571;0.064230777323246
27_aii_bi1_once_neu;Letzten Monat hat Thorsten Sabine ein schweres Paket gebracht.;Vor einer Woche hat Thorsten wieder ein schweres Paket entgegengenommen, während er an eine Geburtstagsparty gedacht hat.;Thorsten hat einmal ein schweres Paket entgegengenommen.;entailment;27;aii;bi;1;neutral;once;False;;;Letzten Monat hat Thorsten Sabine ein schweres Paket gebracht. Vor einer Woche hat Thorsten wieder ein schweres Paket entgegengenommen, während er an eine Geburtstagsparty gedacht hat.;Thorsten hat einmal ein schweres Paket entgegengenommen.;morit/german_xlm_xnli;entailment;1;0.008903461508452892;0.009163416922092438;0.981933057308197
27_aii_bi1_twice_neu;Letzten Monat hat Thorsten Sabine ein schweres Paket gebracht.;Vor einer Woche hat Thorsten wieder ein schweres Paket entgegengenommen, während er an eine Geburtstagsparty gedacht hat.;Thorsten hat mindestens zweimal ein schweres Paket entgegengenommen.;unknown;27;aii;bi;1;neutral;twice;False;;;Letzten Monat hat Thorsten Sabine ein schweres Paket gebracht. Vor einer Woche hat Thorsten wieder ein schweres Paket entgegengenommen, während er an eine Geburtstagsparty gedacht hat.;Thorsten hat mindestens zweimal ein schweres Paket entgegengenommen.;morit/german_xlm_xnli;entailment;0;0.0018970540259033442;0.04223949834704399;0.9558634757995605
27_aii_bi1_cannot_say_neu;Letzten Monat hat Thorsten Sabine ein schweres Paket gebracht.;Vor einer Woche hat Thorsten wieder ein schweres Paket entgegengenommen, während er an eine Geburtstagsparty gedacht hat.;Es lässt sich nicht sagen, wie oft Thorsten ein schweres Paket entgegengenommen hat.;unknown;27;aii;bi;1;neutral;cannot say;False;;;Letzten Monat hat Thorsten Sabine ein schweres Paket gebracht. Vor einer Woche hat Thorsten wieder ein schweres Paket entgegengenommen, während er an eine Geburtstagsparty gedacht hat.;Es lässt sich nicht sagen, wie oft Thorsten ein schweres Paket entgegengenommen hat.;morit/german_xlm_xnli;neutral;1;0.03764557093381882;0.9314663410186768;0.030888115987181664
27_aii_bi2_once_pos;Letzten Monat hat Thorsten Sabine ein schweres Paket gebracht.;Vor einer Woche hat Sabine wieder ein schweres Paket entgegengenommen, während sie an eine Geburtstagsparty gedacht hat.;Sabine hat einmal ein schweres Paket entgegengenommen.;unknown;27;aii;bi;2;positive;once;False;;;Letzten Monat hat Thorsten Sabine ein schweres Paket gebracht. Vor einer Woche hat Sabine wieder ein schweres Paket entgegengenommen, während sie an eine Geburtstagsparty gedacht hat.;Sabine hat einmal ein schweres Paket entgegengenommen.;morit/german_xlm_xnli;entailment;0;0.007096408400684595;0.007730104494839907;0.9851734638214111
27_aii_bi2_twice_pos;Letzten Monat hat Thorsten Sabine ein schweres Paket gebracht.;Vor einer Woche hat Sabine wieder ein schweres Paket entgegengenommen, während sie an eine Geburtstagsparty gedacht hat.;Sabine hat mindestens zweimal ein schweres Paket entgegengenommen.;entailment;27;aii;bi;2;positive;twice;False;;;Letzten Monat hat Thorsten Sabine ein schweres Paket gebracht. Vor einer Woche hat Sabine wieder ein schweres Paket entgegengenommen, während sie an eine Geburtstagsparty gedacht hat.;Sabine hat mindestens zweimal ein schweres Paket entgegengenommen.;morit/german_xlm_xnli;entailment;1;0.0017279513413086534;0.03359968960285187;0.964672327041626
27_aii_bi2_cannot_say_pos;Letzten Monat hat Thorsten Sabine ein schweres Paket gebracht.;Vor einer Woche hat Sabine wieder ein schweres Paket entgegengenommen, während sie an eine Geburtstagsparty gedacht hat.;Es lässt sich nicht sagen, wie oft Sabine ein schweres Paket entgegengenommen hat.;unknown;27;aii;bi;2;positive;cannot say;False;;;Letzten Monat hat Thorsten Sabine ein schweres Paket gebracht. Vor einer Woche hat Sabine wieder ein schweres Paket entgegengenommen, während sie an eine Geburtstagsparty gedacht hat.;Es lässt sich nicht sagen, wie oft Sabine ein schweres Paket entgegengenommen hat.;morit/german_xlm_xnli;neutral;1;0.039446212351322174;0.9281048774719238;0.0324489064514637
27_aii_bii1_once_pos;Letzten Monat hat Thorsten Sabine ein schweres Paket gebracht.;Vor einer Woche hat Thorsten wieder ein schweres Paket abgegeben, während er an eine Geburtstagsparty gedacht hat.;Thorsten hat einmal ein schweres Paket abgegeben.;unknown;27;aii;bii;1;positive;once;False;;;Letzten Monat hat Thorsten Sabine ein schweres Paket gebracht. Vor einer Woche hat Thorsten wieder ein schweres Paket abgegeben, während er an eine Geburtstagsparty gedacht hat.;Thorsten hat einmal ein schweres Paket abgegeben.;morit/german_xlm_xnli;entailment;0;0.012871363200247288;0.010781655088067055;0.9763469696044922
27_aii_bii1_twice_pos;Letzten Monat hat Thorsten Sabine ein schweres Paket gebracht.;Vor einer Woche hat Thorsten wieder ein schweres Paket abgegeben, während er an eine Geburtstagsparty gedacht hat.;Thorsten hat mindestens zweimal ein schweres Paket abgegeben.;entailment;27;aii;bii;1;positive;twice;False;;;Letzten Monat hat Thorsten Sabine ein schweres Paket gebracht. Vor einer Woche hat Thorsten wieder ein schweres Paket abgegeben, während er an eine Geburtstagsparty gedacht hat.;Thorsten hat mindestens zweimal ein schweres Paket abgegeben.;morit/german_xlm_xnli;entailment;1;0.002229072619229555;0.0667327493429184;0.9310381412506104
27_aii_bii1_cannot_say_pos;Letzten Monat hat Thorsten Sabine ein schweres Paket gebracht.;Vor einer Woche hat Thorsten wieder ein schweres Paket abgegeben, während er an eine Geburtstagsparty gedacht hat.;Es lässt sich nicht sagen, wie oft Thorsten ein schweres Paket abgegeben hat.;unknown;27;aii;bii;1;positive;cannot say;False;;;Letzten Monat hat Thorsten Sabine ein schweres Paket gebracht. Vor einer Woche hat Thorsten wieder ein schweres Paket abgegeben, während er an eine Geburtstagsparty gedacht hat.;Es lässt sich nicht sagen, wie oft Thorsten ein schweres Paket abgegeben hat.;morit/german_xlm_xnli;neutral;1;0.06381028145551682;0.876030683517456;0.060159001499414444
27_aii_bii2_once_neu;Letzten Monat hat Thorsten Sabine ein schweres Paket gebracht.;Vor einer Woche hat Sabine wieder ein schweres Paket abgegeben, während sie an eine Geburtstagsparty gedacht hat.;Sabine hat einmal ein schweres Paket abgegeben.;entailment;27;aii;bii;2;neutral;once;False;;;Letzten Monat hat Thorsten Sabine ein schweres Paket gebracht. Vor einer Woche hat Sabine wieder ein schweres Paket abgegeben, während sie an eine Geburtstagsparty gedacht hat.;Sabine hat einmal ein schweres Paket abgegeben.;morit/german_xlm_xnli;entailment;1;0.010606670752167702;0.008836912922561169;0.9805564880371094
27_aii_bii2_twice_neu;Letzten Monat hat Thorsten Sabine ein schweres Paket gebracht.;Vor einer Woche hat Sabine wieder ein schweres Paket abgegeben, während sie an eine Geburtstagsparty gedacht hat.;Sabine hat mindestens zweimal ein schweres Paket abgegeben.;unknown;27;aii;bii;2;neutral;twice;False;;;Letzten Monat hat Thorsten Sabine ein schweres Paket gebracht. Vor einer Woche hat Sabine wieder ein schweres Paket abgegeben, während sie an eine Geburtstagsparty gedacht hat.;Sabine hat mindestens zweimal ein schweres Paket abgegeben.;morit/german_xlm_xnli;entailment;0;0.002010155003517866;0.049821637570858;0.9481682181358337
27_aii_bii2_cannot_say_neu;Letzten Monat hat Thorsten Sabine ein schweres Paket gebracht.;Vor einer Woche hat Sabine wieder ein schweres Paket abgegeben, während sie an eine Geburtstagsparty gedacht hat.;Es lässt sich nicht sagen, wie oft Sabine ein schweres Paket abgegeben hat.;unknown;27;aii;bii;2;neutral;cannot say;False;;;Letzten Monat hat Thorsten Sabine ein schweres Paket gebracht. Vor einer Woche hat Sabine wieder ein schweres Paket abgegeben, während sie an eine Geburtstagsparty gedacht hat.;Es lässt sich nicht sagen, wie oft Sabine ein schweres Paket abgegeben hat.;morit/german_xlm_xnli;neutral;1;0.06527700275182724;0.8701168894767761;0.06460617482662201
28_ai_bi1_once_pos;Letztes Jahr hat Sabine Karl einen guten Wein per Post geschickt.;Vor zwei Monaten hat Karl wieder einen guten Wein empfangen, weil er bei einem Weinhändler eingekauft hat.;Karl hat einmal einen guten Wein empfangen.;unknown;28;ai;bi;1;positive;once;False;;;Letztes Jahr hat Sabine Karl einen guten Wein per Post geschickt. Vor zwei Monaten hat Karl wieder einen guten Wein empfangen, weil er bei einem Weinhändler eingekauft hat.;Karl hat einmal einen guten Wein empfangen.;morit/german_xlm_xnli;entailment;0;0.013564536347985268;0.022898005321621895;0.9635374546051025
28_ai_bi1_twice_pos;Letztes Jahr hat Sabine Karl einen guten Wein per Post geschickt.;Vor zwei Monaten hat Karl wieder einen guten Wein empfangen, weil er bei einem Weinhändler eingekauft hat.;Karl hat mindestens zweimal einen guten Wein empfangen.;entailment;28;ai;bi;1;positive;twice;False;;;Letztes Jahr hat Sabine Karl einen guten Wein per Post geschickt. Vor zwei Monaten hat Karl wieder einen guten Wein empfangen, weil er bei einem Weinhändler eingekauft hat.;Karl hat mindestens zweimal einen guten Wein empfangen.;morit/german_xlm_xnli;entailment;1;0.0016456140438094735;0.04496593028306961;0.953388512134552
28_ai_bi1_cannot_say_pos;Letztes Jahr hat Sabine Karl einen guten Wein per Post geschickt.;Vor zwei Monaten hat Karl wieder einen guten Wein empfangen, weil er bei einem Weinhändler eingekauft hat.;Es lässt sich nicht sagen, wie oft Karl einen guten Wein empfangen hat.;unknown;28;ai;bi;1;positive;cannot say;False;;;Letztes Jahr hat Sabine Karl einen guten Wein per Post geschickt. Vor zwei Monaten hat Karl wieder einen guten Wein empfangen, weil er bei einem Weinhändler eingekauft hat.;Es lässt sich nicht sagen, wie oft Karl einen guten Wein empfangen hat.;morit/german_xlm_xnli;neutral;1;0.03982223942875862;0.9381096363067627;0.022068168967962265
28_ai_bi2_once_neu;Letztes Jahr hat Sabine Karl einen guten Wein per Post geschickt.;Vor zwei Monaten hat Sabine wieder einen guten Wein empfangen, weil sie bei einem Weinhändler eingekauft hat.;Sabine hat einmal einen guten Wein empfangen.;entailment;28;ai;bi;2;neutral;once;False;;;Letztes Jahr hat Sabine Karl einen guten Wein per Post geschickt. Vor zwei Monaten hat Sabine wieder einen guten Wein empfangen, weil sie bei einem Weinhändler eingekauft hat.;Sabine hat einmal einen guten Wein empfangen.;morit/german_xlm_xnli;entailment;1;0.014472265727818012;0.020357973873615265;0.9651697874069214
28_ai_bi2_twice_neu;Letztes Jahr hat Sabine Karl einen guten Wein per Post geschickt.;Vor zwei Monaten hat Sabine wieder einen guten Wein empfangen, weil sie bei einem Weinhändler eingekauft hat.;Sabine hat mindestens zweimal einen guten Wein empfangen.;unknown;28;ai;bi;2;neutral;twice;False;;;Letztes Jahr hat Sabine Karl einen guten Wein per Post geschickt. Vor zwei Monaten hat Sabine wieder einen guten Wein empfangen, weil sie bei einem Weinhändler eingekauft hat.;Sabine hat mindestens zweimal einen guten Wein empfangen.;morit/german_xlm_xnli;entailment;0;0.001875469577498734;0.04182877391576767;0.9562957286834717
28_ai_bi2_cannot_say_neu;Letztes Jahr hat Sabine Karl einen guten Wein per Post geschickt.;Vor zwei Monaten hat Sabine wieder einen guten Wein empfangen, weil sie bei einem Weinhändler eingekauft hat.;Es lässt sich nicht sagen, wie oft Sabine einen guten Wein empfangen hat.;unknown;28;ai;bi;2;neutral;cannot say;False;;;Letztes Jahr hat Sabine Karl einen guten Wein per Post geschickt. Vor zwei Monaten hat Sabine wieder einen guten Wein empfangen, weil sie bei einem Weinhändler eingekauft hat.;Es lässt sich nicht sagen, wie oft Sabine einen guten Wein empfangen hat.;morit/german_xlm_xnli;neutral;1;0.05656369775533676;0.9236104488372803;0.0198257677257061
28_ai_bii1_once_neu;Letztes Jahr hat Sabine Karl einen guten Wein per Post geschickt.;Vor zwei Monaten hat Karl wieder einen guten Wein versendet, weil er bei einem Weinhändler eingekauft hat.;Karl hat einmal einen guten Wein versendet.;entailment;28;ai;bii;1;neutral;once;False;;;Letztes Jahr hat Sabine Karl einen guten Wein per Post geschickt. Vor zwei Monaten hat Karl wieder einen guten Wein versendet, weil er bei einem Weinhändler eingekauft hat.;Karl hat einmal einen guten Wein versendet.;morit/german_xlm_xnli;entailment;1;0.0125201977789402;0.016752630472183228;0.9707272052764893
28_ai_bii1_twice_neu;Letztes Jahr hat Sabine Karl einen guten Wein per Post geschickt.;Vor zwei Monaten hat Karl wieder einen guten Wein versendet, weil er bei einem Weinhändler eingekauft hat.;Karl hat mindestens zweimal einen guten Wein versendet.;unknown;28;ai;bii;1;neutral;twice;False;;;Letztes Jahr hat Sabine Karl einen guten Wein per Post geschickt. Vor zwei Monaten hat Karl wieder einen guten Wein versendet, weil er bei einem Weinhändler eingekauft hat.;Karl hat mindestens zweimal einen guten Wein versendet.;morit/german_xlm_xnli;entailment;0;0.0015532663092017174;0.03409747779369354;0.9643493890762329
28_ai_bii1_cannot_say_neu;Letztes Jahr hat Sabine Karl einen guten Wein per Post geschickt.;Vor zwei Monaten hat Karl wieder einen guten Wein versendet, weil er bei einem Weinhändler eingekauft hat.;Es lässt sich nicht sagen, wie oft Karl einen guten Wein versendet hat.;unknown;28;ai;bii;1;neutral;cannot say;False;;;Letztes Jahr hat Sabine Karl einen guten Wein per Post geschickt. Vor zwei Monaten hat Karl wieder einen guten Wein versendet, weil er bei einem Weinhändler eingekauft hat.;Es lässt sich nicht sagen, wie oft Karl einen guten Wein versendet hat.;morit/german_xlm_xnli;neutral;1;0.03983151540160179;0.935244083404541;0.02492440864443779
28_ai_bii2_once_pos;Letztes Jahr hat Sabine Karl einen guten Wein per Post geschickt.;Vor zwei Monaten hat Sabine wieder einen guten Wein versendet, weil sie bei einem Weinhändler eingekauft hat.;Sabine hat einmal einen guten Wein versendet.;unknown;28;ai;bii;2;positive;once;False;;;Letztes Jahr hat Sabine Karl einen guten Wein per Post geschickt. Vor zwei Monaten hat Sabine wieder einen guten Wein versendet, weil sie bei einem Weinhändler eingekauft hat.;Sabine hat einmal einen guten Wein versendet.;morit/german_xlm_xnli;entailment;0;0.0145043870434165;0.014644944109022617;0.9708506464958191
28_ai_bii2_twice_pos;Letztes Jahr hat Sabine Karl einen guten Wein per Post geschickt.;Vor zwei Monaten hat Sabine wieder einen guten Wein versendet, weil sie bei einem Weinhändler eingekauft hat.;Sabine hat mindestens zweimal einen guten Wein versendet.;entailment;28;ai;bii;2;positive;twice;False;;;Letztes Jahr hat Sabine Karl einen guten Wein per Post geschickt. Vor zwei Monaten hat Sabine wieder einen guten Wein versendet, weil sie bei einem Weinhändler eingekauft hat.;Sabine hat mindestens zweimal einen guten Wein versendet.;morit/german_xlm_xnli;entailment;1;0.0019097640179097652;0.03079802729189396;0.9672922492027283
28_ai_bii2_cannot_say_pos;Letztes Jahr hat Sabine Karl einen guten Wein per Post geschickt.;Vor zwei Monaten hat Sabine wieder einen guten Wein versendet, weil sie bei einem Weinhändler eingekauft hat.;Es lässt sich nicht sagen, wie oft Sabine einen guten Wein versendet hat.;unknown;28;ai;bii;2;positive;cannot say;False;;;Letztes Jahr hat Sabine Karl einen guten Wein per Post geschickt. Vor zwei Monaten hat Sabine wieder einen guten Wein versendet, weil sie bei einem Weinhändler eingekauft hat.;Es lässt sich nicht sagen, wie oft Sabine einen guten Wein versendet hat.;morit/german_xlm_xnli;neutral;1;0.055079732090234756;0.9239606261253357;0.020959623157978058
28_aii_bi1_once_neu;Letztes Jahr hat Karl Sabine einen guten Wein per Post geschickt.;Vor zwei Monaten hat Karl wieder einen guten Wein empfangen, weil er bei einem Weinhändler eingekauft hat.;Karl hat einmal einen guten Wein empfangen.;entailment;28;aii;bi;1;neutral;once;False;;;Letztes Jahr hat Karl Sabine einen guten Wein per Post geschickt. Vor zwei Monaten hat Karl wieder einen guten Wein empfangen, weil er bei einem Weinhändler eingekauft hat.;Karl hat einmal einen guten Wein empfangen.;morit/german_xlm_xnli;entailment;1;0.015389923937618732;0.024629326537251472;0.9599807262420654
28_aii_bi1_twice_neu;Letztes Jahr hat Karl Sabine einen guten Wein per Post geschickt.;Vor zwei Monaten hat Karl wieder einen guten Wein empfangen, weil er bei einem Weinhändler eingekauft hat.;Karl hat mindestens zweimal einen guten Wein empfangen.;unknown;28;aii;bi;1;neutral;twice;False;;;Letztes Jahr hat Karl Sabine einen guten Wein per Post geschickt. Vor zwei Monaten hat Karl wieder einen guten Wein empfangen, weil er bei einem Weinhändler eingekauft hat.;Karl hat mindestens zweimal einen guten Wein empfangen.;morit/german_xlm_xnli;entailment;0;0.0016298210248351097;0.045487791299819946;0.9528824090957642
28_aii_bi1_cannot_say_neu;Letztes Jahr hat Karl Sabine einen guten Wein per Post geschickt.;Vor zwei Monaten hat Karl wieder einen guten Wein empfangen, weil er bei einem Weinhändler eingekauft hat.;Es lässt sich nicht sagen, wie oft Karl einen guten Wein empfangen hat.;unknown;28;aii;bi;1;neutral;cannot say;False;;;Letztes Jahr hat Karl Sabine einen guten Wein per Post geschickt. Vor zwei Monaten hat Karl wieder einen guten Wein empfangen, weil er bei einem Weinhändler eingekauft hat.;Es lässt sich nicht sagen, wie oft Karl einen guten Wein empfangen hat.;morit/german_xlm_xnli;neutral;1;0.03613307327032089;0.9379777312278748;0.025889165699481964
28_aii_bi2_once_pos;Letztes Jahr hat Karl Sabine einen guten Wein per Post geschickt.;Vor zwei Monaten hat Sabine wieder einen guten Wein empfangen, weil sie bei einem Weinhändler eingekauft hat.;Sabine hat einmal einen guten Wein empfangen.;unknown;28;aii;bi;2;positive;once;False;;;Letztes Jahr hat Karl Sabine einen guten Wein per Post geschickt. Vor zwei Monaten hat Sabine wieder einen guten Wein empfangen, weil sie bei einem Weinhändler eingekauft hat.;Sabine hat einmal einen guten Wein empfangen.;morit/german_xlm_xnli;entailment;0;0.015131823718547821;0.02007460780441761;0.9647935628890991
28_aii_bi2_twice_pos;Letztes Jahr hat Karl Sabine einen guten Wein per Post geschickt.;Vor zwei Monaten hat Sabine wieder einen guten Wein empfangen, weil sie bei einem Weinhändler eingekauft hat.;Sabine hat mindestens zweimal einen guten Wein empfangen.;entailment;28;aii;bi;2;positive;twice;False;;;Letztes Jahr hat Karl Sabine einen guten Wein per Post geschickt. Vor zwei Monaten hat Sabine wieder einen guten Wein empfangen, weil sie bei einem Weinhändler eingekauft hat.;Sabine hat mindestens zweimal einen guten Wein empfangen.;morit/german_xlm_xnli;entailment;1;0.001727262744680047;0.0381697341799736;0.9601030945777893
28_aii_bi2_cannot_say_pos;Letztes Jahr hat Karl Sabine einen guten Wein per Post geschickt.;Vor zwei Monaten hat Sabine wieder einen guten Wein empfangen, weil sie bei einem Weinhändler eingekauft hat.;Es lässt sich nicht sagen, wie oft Sabine einen guten Wein empfangen hat.;unknown;28;aii;bi;2;positive;cannot say;False;;;Letztes Jahr hat Karl Sabine einen guten Wein per Post geschickt. Vor zwei Monaten hat Sabine wieder einen guten Wein empfangen, weil sie bei einem Weinhändler eingekauft hat.;Es lässt sich nicht sagen, wie oft Sabine einen guten Wein empfangen hat.;morit/german_xlm_xnli;neutral;1;0.08079235255718231;0.8924750685691833;0.026732536032795906
28_aii_bii1_once_pos;Letztes Jahr hat Karl Sabine einen guten Wein per Post geschickt.;Vor zwei Monaten hat Karl wieder einen guten Wein versendet, weil er bei einem Weinhändler eingekauft hat.;Karl hat einmal einen guten Wein versendet.;unknown;28;aii;bii;1;positive;once;False;;;Letztes Jahr hat Karl Sabine einen guten Wein per Post geschickt. Vor zwei Monaten hat Karl wieder einen guten Wein versendet, weil er bei einem Weinhändler eingekauft hat.;Karl hat einmal einen guten Wein versendet.;morit/german_xlm_xnli;entailment;0;0.01551085151731968;0.01893652230501175;0.9655526876449585
28_aii_bii1_twice_pos;Letztes Jahr hat Karl Sabine einen guten Wein per Post geschickt.;Vor zwei Monaten hat Karl wieder einen guten Wein versendet, weil er bei einem Weinhändler eingekauft hat.;Karl hat mindestens zweimal einen guten Wein versendet.;entailment;28;aii;bii;1;positive;twice;False;;;Letztes Jahr hat Karl Sabine einen guten Wein per Post geschickt. Vor zwei Monaten hat Karl wieder einen guten Wein versendet, weil er bei einem Weinhändler eingekauft hat.;Karl hat mindestens zweimal einen guten Wein versendet.;morit/german_xlm_xnli;entailment;1;0.0015811686171218753;0.03573253005743027;0.96268630027771
28_aii_bii1_cannot_say_pos;Letztes Jahr hat Karl Sabine einen guten Wein per Post geschickt.;Vor zwei Monaten hat Karl wieder einen guten Wein versendet, weil er bei einem Weinhändler eingekauft hat.;Es lässt sich nicht sagen, wie oft Karl einen guten Wein versendet hat.;unknown;28;aii;bii;1;positive;cannot say;False;;;Letztes Jahr hat Karl Sabine einen guten Wein per Post geschickt. Vor zwei Monaten hat Karl wieder einen guten Wein versendet, weil er bei einem Weinhändler eingekauft hat.;Es lässt sich nicht sagen, wie oft Karl einen guten Wein versendet hat.;morit/german_xlm_xnli;neutral;1;0.03941791504621506;0.9309313893318176;0.02965068444609642
28_aii_bii2_once_neu;Letztes Jahr hat Karl Sabine einen guten Wein per Post geschickt.;Vor zwei Monaten hat Sabine wieder einen guten Wein versendet, weil sie bei einem Weinhändler eingekauft hat.;Sabine hat einmal einen guten Wein versendet.;entailment;28;aii;bii;2;neutral;once;False;;;Letztes Jahr hat Karl Sabine einen guten Wein per Post geschickt. Vor zwei Monaten hat Sabine wieder einen guten Wein versendet, weil sie bei einem Weinhändler eingekauft hat.;Sabine hat einmal einen guten Wein versendet.;morit/german_xlm_xnli;entailment;1;0.0150466812774539;0.014666963368654251;0.9702863693237305
28_aii_bii2_twice_neu;Letztes Jahr hat Karl Sabine einen guten Wein per Post geschickt.;Vor zwei Monaten hat Sabine wieder einen guten Wein versendet, weil sie bei einem Weinhändler eingekauft hat.;Sabine hat mindestens zweimal einen guten Wein versendet.;unknown;28;aii;bii;2;neutral;twice;False;;;Letztes Jahr hat Karl Sabine einen guten Wein per Post geschickt. Vor zwei Monaten hat Sabine wieder einen guten Wein versendet, weil sie bei einem Weinhändler eingekauft hat.;Sabine hat mindestens zweimal einen guten Wein versendet.;morit/german_xlm_xnli;entailment;0;0.0016833179397508502;0.028333336114883423;0.9699833393096924
28_aii_bii2_cannot_say_neu;Letztes Jahr hat Karl Sabine einen guten Wein per Post geschickt.;Vor zwei Monaten hat Sabine wieder einen guten Wein versendet, weil sie bei einem Weinhändler eingekauft hat.;Es lässt sich nicht sagen, wie oft Sabine einen guten Wein versendet hat.;unknown;28;aii;bii;2;neutral;cannot say;False;;;Letztes Jahr hat Karl Sabine einen guten Wein per Post geschickt. Vor zwei Monaten hat Sabine wieder einen guten Wein versendet, weil sie bei einem Weinhändler eingekauft hat.;Es lässt sich nicht sagen, wie oft Sabine einen guten Wein versendet hat.;morit/german_xlm_xnli;neutral;1;0.07620945572853088;0.8953685760498047;0.02842191606760025
29_ai_bi1_once_pos;Vergangene Woche hat Sabine Judith eine knusprige Brezel vom Bäcker mitgebracht.;Vor zwei Tagen hat Judith wieder eine knusprige Brezel bekommen, als sie auf einer Lebensmittelmesse unterwegs war.;Judith hat einmal eine knusprige Brezel bekommen.;unknown;29;ai;bi;1;positive;once;False;;;Vergangene Woche hat Sabine Judith eine knusprige Brezel vom Bäcker mitgebracht. Vor zwei Tagen hat Judith wieder eine knusprige Brezel bekommen, als sie auf einer Lebensmittelmesse unterwegs war.;Judith hat einmal eine knusprige Brezel bekommen.;morit/german_xlm_xnli;entailment;0;0.01328657940030098;0.015864288434386253;0.9708490967750549
29_ai_bi1_twice_pos;Vergangene Woche hat Sabine Judith eine knusprige Brezel vom Bäcker mitgebracht.;Vor zwei Tagen hat Judith wieder eine knusprige Brezel bekommen, als sie auf einer Lebensmittelmesse unterwegs war.;Judith hat mindestens zweimal eine knusprige Brezel bekommen.;entailment;29;ai;bi;1;positive;twice;False;;;Vergangene Woche hat Sabine Judith eine knusprige Brezel vom Bäcker mitgebracht. Vor zwei Tagen hat Judith wieder eine knusprige Brezel bekommen, als sie auf einer Lebensmittelmesse unterwegs war.;Judith hat mindestens zweimal eine knusprige Brezel bekommen.;morit/german_xlm_xnli;entailment;1;0.0018143280176445842;0.035475365817546844;0.9627103209495544
29_ai_bi1_cannot_say_pos;Vergangene Woche hat Sabine Judith eine knusprige Brezel vom Bäcker mitgebracht.;Vor zwei Tagen hat Judith wieder eine knusprige Brezel bekommen, als sie auf einer Lebensmittelmesse unterwegs war.;Es lässt sich nicht sagen, wie oft Judith eine knusprige Brezel bekommen hat.;unknown;29;ai;bi;1;positive;cannot say;False;;;Vergangene Woche hat Sabine Judith eine knusprige Brezel vom Bäcker mitgebracht. Vor zwei Tagen hat Judith wieder eine knusprige Brezel bekommen, als sie auf einer Lebensmittelmesse unterwegs war.;Es lässt sich nicht sagen, wie oft Judith eine knusprige Brezel bekommen hat.;morit/german_xlm_xnli;neutral;1;0.029027951881289482;0.9639270305633545;0.007044940255582333
29_ai_bi2_once_neu;Vergangene Woche hat Sabine Judith eine knusprige Brezel vom Bäcker mitgebracht.;Vor zwei Tagen hat Sabine wieder eine knusprige Brezel bekommen, als sie auf einer Lebensmittelmesse unterwegs war.;Sabine hat einmal eine knusprige Brezel bekommen.;entailment;29;ai;bi;2;neutral;once;False;;;Vergangene Woche hat Sabine Judith eine knusprige Brezel vom Bäcker mitgebracht. Vor zwei Tagen hat Sabine wieder eine knusprige Brezel bekommen, als sie auf einer Lebensmittelmesse unterwegs war.;Sabine hat einmal eine knusprige Brezel bekommen.;morit/german_xlm_xnli;entailment;1;0.018394319340586662;0.018998026847839355;0.9626075625419617
29_ai_bi2_twice_neu;Vergangene Woche hat Sabine Judith eine knusprige Brezel vom Bäcker mitgebracht.;Vor zwei Tagen hat Sabine wieder eine knusprige Brezel bekommen, als sie auf einer Lebensmittelmesse unterwegs war.;Sabine hat mindestens zweimal eine knusprige Brezel bekommen.;unknown;29;ai;bi;2;neutral;twice;False;;;Vergangene Woche hat Sabine Judith eine knusprige Brezel vom Bäcker mitgebracht. Vor zwei Tagen hat Sabine wieder eine knusprige Brezel bekommen, als sie auf einer Lebensmittelmesse unterwegs war.;Sabine hat mindestens zweimal eine knusprige Brezel bekommen.;morit/german_xlm_xnli;entailment;0;0.0018414120422676206;0.035004936158657074;0.9631536602973938
29_ai_bi2_cannot_say_neu;Vergangene Woche hat Sabine Judith eine knusprige Brezel vom Bäcker mitgebracht.;Vor zwei Tagen hat Sabine wieder eine knusprige Brezel bekommen, als sie auf einer Lebensmittelmesse unterwegs war.;Es lässt sich nicht sagen, wie oft Sabine eine knusprige Brezel bekommen hat.;unknown;29;ai;bi;2;neutral;cannot say;False;;;Vergangene Woche hat Sabine Judith eine knusprige Brezel vom Bäcker mitgebracht. Vor zwei Tagen hat Sabine wieder eine knusprige Brezel bekommen, als sie auf einer Lebensmittelmesse unterwegs war.;Es lässt sich nicht sagen, wie oft Sabine eine knusprige Brezel bekommen hat.;morit/german_xlm_xnli;neutral;1;0.03456399589776993;0.9545742869377136;0.01086181215941906
29_ai_bii1_once_neu;Vergangene Woche hat Sabine Judith eine knusprige Brezel vom Bäcker mitgebracht.;Vor zwei Tagen hat Judith wieder eine knusprige Brezel besorgt, als sie auf einer Lebensmittelmesse unterwegs war.;Judith hat einmal eine knusprige Brezel besorgt.;entailment;29;ai;bii;1;neutral;once;False;;;Vergangene Woche hat Sabine Judith eine knusprige Brezel vom Bäcker mitgebracht. Vor zwei Tagen hat Judith wieder eine knusprige Brezel besorgt, als sie auf einer Lebensmittelmesse unterwegs war.;Judith hat einmal eine knusprige Brezel besorgt.;morit/german_xlm_xnli;entailment;1;0.01968439668416977;0.01566743478178978;0.9646482467651367
29_ai_bii1_twice_neu;Vergangene Woche hat Sabine Judith eine knusprige Brezel vom Bäcker mitgebracht.;Vor zwei Tagen hat Judith wieder eine knusprige Brezel besorgt, als sie auf einer Lebensmittelmesse unterwegs war.;Judith hat mindestens zweimal eine knusprige Brezel besorgt.;unknown;29;ai;bii;1;neutral;twice;False;;;Vergangene Woche hat Sabine Judith eine knusprige Brezel vom Bäcker mitgebracht. Vor zwei Tagen hat Judith wieder eine knusprige Brezel besorgt, als sie auf einer Lebensmittelmesse unterwegs war.;Judith hat mindestens zweimal eine knusprige Brezel besorgt.;morit/german_xlm_xnli;entailment;0;0.0014941144036129117;0.049327168613672256;0.9491786956787109
29_ai_bii1_cannot_say_neu;Vergangene Woche hat Sabine Judith eine knusprige Brezel vom Bäcker mitgebracht.;Vor zwei Tagen hat Judith wieder eine knusprige Brezel besorgt, als sie auf einer Lebensmittelmesse unterwegs war.;Es lässt sich nicht sagen, wie oft Judith eine knusprige Brezel besorgt hat.;unknown;29;ai;bii;1;neutral;cannot say;False;;;Vergangene Woche hat Sabine Judith eine knusprige Brezel vom Bäcker mitgebracht. Vor zwei Tagen hat Judith wieder eine knusprige Brezel besorgt, als sie auf einer Lebensmittelmesse unterwegs war.;Es lässt sich nicht sagen, wie oft Judith eine knusprige Brezel besorgt hat.;morit/german_xlm_xnli;neutral;1;0.0294649675488472;0.9637203216552734;0.006814740598201752
29_ai_bii2_once_pos;Vergangene Woche hat Sabine Judith eine knusprige Brezel vom Bäcker mitgebracht.;Vor zwei Tagen hat Sabine wieder eine knusprige Brezel besorgt, als sie auf einer Lebensmittelmesse unterwegs war.;Sabine hat einmal eine knusprige Brezel besorgt.;unknown;29;ai;bii;2;positive;once;False;;;Vergangene Woche hat Sabine Judith eine knusprige Brezel vom Bäcker mitgebracht. Vor zwei Tagen hat Sabine wieder eine knusprige Brezel besorgt, als sie auf einer Lebensmittelmesse unterwegs war.;Sabine hat einmal eine knusprige Brezel besorgt.;morit/german_xlm_xnli;entailment;0;0.025063786655664444;0.017177103087306023;0.9577591419219971
29_ai_bii2_twice_pos;Vergangene Woche hat Sabine Judith eine knusprige Brezel vom Bäcker mitgebracht.;Vor zwei Tagen hat Sabine wieder eine knusprige Brezel besorgt, als sie auf einer Lebensmittelmesse unterwegs war.;Sabine hat mindestens zweimal eine knusprige Brezel besorgt.;entailment;29;ai;bii;2;positive;twice;False;;;Vergangene Woche hat Sabine Judith eine knusprige Brezel vom Bäcker mitgebracht. Vor zwei Tagen hat Sabine wieder eine knusprige Brezel besorgt, als sie auf einer Lebensmittelmesse unterwegs war.;Sabine hat mindestens zweimal eine knusprige Brezel besorgt.;morit/german_xlm_xnli;entailment;1;0.0016034739091992378;0.04729938507080078;0.9510971307754517
29_ai_bii2_cannot_say_pos;Vergangene Woche hat Sabine Judith eine knusprige Brezel vom Bäcker mitgebracht.;Vor zwei Tagen hat Sabine wieder eine knusprige Brezel besorgt, als sie auf einer Lebensmittelmesse unterwegs war.;Es lässt sich nicht sagen, wie oft Sabine eine knusprige Brezel besorgt hat.;unknown;29;ai;bii;2;positive;cannot say;False;;;Vergangene Woche hat Sabine Judith eine knusprige Brezel vom Bäcker mitgebracht. Vor zwei Tagen hat Sabine wieder eine knusprige Brezel besorgt, als sie auf einer Lebensmittelmesse unterwegs war.;Es lässt sich nicht sagen, wie oft Sabine eine knusprige Brezel besorgt hat.;morit/german_xlm_xnli;neutral;1;0.03331567347049713;0.9575555324554443;0.0091288136318326
29_aii_bi1_once_neu;Vergangene Woche hat Judith Sabine eine knusprige Brezel vom Bäcker mitgebracht.;Vor zwei Tagen hat Judith wieder eine knusprige Brezel bekommen, als sie auf einer Lebensmittelmesse unterwegs war.;Judith hat einmal eine knusprige Brezel bekommen.;entailment;29;aii;bi;1;neutral;once;False;;;Vergangene Woche hat Judith Sabine eine knusprige Brezel vom Bäcker mitgebracht. Vor zwei Tagen hat Judith wieder eine knusprige Brezel bekommen, als sie auf einer Lebensmittelmesse unterwegs war.;Judith hat einmal eine knusprige Brezel bekommen.;morit/german_xlm_xnli;entailment;1;0.014029220677912235;0.01697865128517151;0.9689920544624329
29_aii_bi1_twice_neu;Vergangene Woche hat Judith Sabine eine knusprige Brezel vom Bäcker mitgebracht.;Vor zwei Tagen hat Judith wieder eine knusprige Brezel bekommen, als sie auf einer Lebensmittelmesse unterwegs war.;Judith hat mindestens zweimal eine knusprige Brezel bekommen.;unknown;29;aii;bi;1;neutral;twice;False;;;Vergangene Woche hat Judith Sabine eine knusprige Brezel vom Bäcker mitgebracht. Vor zwei Tagen hat Judith wieder eine knusprige Brezel bekommen, als sie auf einer Lebensmittelmesse unterwegs war.;Judith hat mindestens zweimal eine knusprige Brezel bekommen.;morit/german_xlm_xnli;entailment;0;0.0017655178671702743;0.03577922284603119;0.9624552726745605
29_aii_bi1_cannot_say_neu;Vergangene Woche hat Judith Sabine eine knusprige Brezel vom Bäcker mitgebracht.;Vor zwei Tagen hat Judith wieder eine knusprige Brezel bekommen, als sie auf einer Lebensmittelmesse unterwegs war.;Es lässt sich nicht sagen, wie oft Judith eine knusprige Brezel bekommen hat.;unknown;29;aii;bi;1;neutral;cannot say;False;;;Vergangene Woche hat Judith Sabine eine knusprige Brezel vom Bäcker mitgebracht. Vor zwei Tagen hat Judith wieder eine knusprige Brezel bekommen, als sie auf einer Lebensmittelmesse unterwegs war.;Es lässt sich nicht sagen, wie oft Judith eine knusprige Brezel bekommen hat.;morit/german_xlm_xnli;neutral;1;0.028928112238645554;0.9637887477874756;0.007283159997314215
29_aii_bi2_once_pos;Vergangene Woche hat Judith Sabine eine knusprige Brezel vom Bäcker mitgebracht.;Vor zwei Tagen hat Sabine wieder eine knusprige Brezel bekommen, als sie auf einer Lebensmittelmesse unterwegs war.;Sabine hat einmal eine knusprige Brezel bekommen.;unknown;29;aii;bi;2;positive;once;False;;;Vergangene Woche hat Judith Sabine eine knusprige Brezel vom Bäcker mitgebracht. Vor zwei Tagen hat Sabine wieder eine knusprige Brezel bekommen, als sie auf einer Lebensmittelmesse unterwegs war.;Sabine hat einmal eine knusprige Brezel bekommen.;morit/german_xlm_xnli;entailment;0;0.014280667528510094;0.016210373491048813;0.9695090055465698
29_aii_bi2_twice_pos;Vergangene Woche hat Judith Sabine eine knusprige Brezel vom Bäcker mitgebracht.;Vor zwei Tagen hat Sabine wieder eine knusprige Brezel bekommen, als sie auf einer Lebensmittelmesse unterwegs war.;Sabine hat mindestens zweimal eine knusprige Brezel bekommen.;entailment;29;aii;bi;2;positive;twice;False;;;Vergangene Woche hat Judith Sabine eine knusprige Brezel vom Bäcker mitgebracht. Vor zwei Tagen hat Sabine wieder eine knusprige Brezel bekommen, als sie auf einer Lebensmittelmesse unterwegs war.;Sabine hat mindestens zweimal eine knusprige Brezel bekommen.;morit/german_xlm_xnli;entailment;1;0.0018773350166156888;0.034040261059999466;0.9640823602676392
29_aii_bi2_cannot_say_pos;Vergangene Woche hat Judith Sabine eine knusprige Brezel vom Bäcker mitgebracht.;Vor zwei Tagen hat Sabine wieder eine knusprige Brezel bekommen, als sie auf einer Lebensmittelmesse unterwegs war.;Es lässt sich nicht sagen, wie oft Sabine eine knusprige Brezel bekommen hat.;unknown;29;aii;bi;2;positive;cannot say;False;;;Vergangene Woche hat Judith Sabine eine knusprige Brezel vom Bäcker mitgebracht. Vor zwei Tagen hat Sabine wieder eine knusprige Brezel bekommen, als sie auf einer Lebensmittelmesse unterwegs war.;Es lässt sich nicht sagen, wie oft Sabine eine knusprige Brezel bekommen hat.;morit/german_xlm_xnli;neutral;1;0.031489260494709015;0.9568371772766113;0.011673571541905403
29_aii_bii1_once_pos;Vergangene Woche hat Judith Sabine eine knusprige Brezel vom Bäcker mitgebracht.;Vor zwei Tagen hat Judith wieder eine knusprige Brezel besorgt, als sie auf einer Lebensmittelmesse unterwegs war.;Judith hat einmal eine knusprige Brezel besorgt.;unknown;29;aii;bii;1;positive;once;False;;;Vergangene Woche hat Judith Sabine eine knusprige Brezel vom Bäcker mitgebracht. Vor zwei Tagen hat Judith wieder eine knusprige Brezel besorgt, als sie auf einer Lebensmittelmesse unterwegs war.;Judith hat einmal eine knusprige Brezel besorgt.;morit/german_xlm_xnli;entailment;0;0.01898510567843914;0.016146792098879814;0.9648681282997131
29_aii_bii1_twice_pos;Vergangene Woche hat Judith Sabine eine knusprige Brezel vom Bäcker mitgebracht.;Vor zwei Tagen hat Judith wieder eine knusprige Brezel besorgt, als sie auf einer Lebensmittelmesse unterwegs war.;Judith hat mindestens zweimal eine knusprige Brezel besorgt.;entailment;29;aii;bii;1;positive;twice;False;;;Vergangene Woche hat Judith Sabine eine knusprige Brezel vom Bäcker mitgebracht. Vor zwei Tagen hat Judith wieder eine knusprige Brezel besorgt, als sie auf einer Lebensmittelmesse unterwegs war.;Judith hat mindestens zweimal eine knusprige Brezel besorgt.;morit/german_xlm_xnli;entailment;1;0.0013898077886551619;0.048668600618839264;0.9499415755271912
29_aii_bii1_cannot_say_pos;Vergangene Woche hat Judith Sabine eine knusprige Brezel vom Bäcker mitgebracht.;Vor zwei Tagen hat Judith wieder eine knusprige Brezel besorgt, als sie auf einer Lebensmittelmesse unterwegs war.;Es lässt sich nicht sagen, wie oft Judith eine knusprige Brezel besorgt hat.;unknown;29;aii;bii;1;positive;cannot say;False;;;Vergangene Woche hat Judith Sabine eine knusprige Brezel vom Bäcker mitgebracht. Vor zwei Tagen hat Judith wieder eine knusprige Brezel besorgt, als sie auf einer Lebensmittelmesse unterwegs war.;Es lässt sich nicht sagen, wie oft Judith eine knusprige Brezel besorgt hat.;morit/german_xlm_xnli;neutral;1;0.03204081207513809;0.9604251980781555;0.0075339823961257935
29_aii_bii2_once_neu;Vergangene Woche hat Judith Sabine eine knusprige Brezel vom Bäcker mitgebracht.;Vor zwei Tagen hat Sabine wieder eine knusprige Brezel besorgt, als sie auf einer Lebensmittelmesse unterwegs war.;Sabine hat einmal eine knusprige Brezel besorgt.;entailment;29;aii;bii;2;neutral;once;False;;;Vergangene Woche hat Judith Sabine eine knusprige Brezel vom Bäcker mitgebracht. Vor zwei Tagen hat Sabine wieder eine knusprige Brezel besorgt, als sie auf einer Lebensmittelmesse unterwegs war.;Sabine hat einmal eine knusprige Brezel besorgt.;morit/german_xlm_xnli;entailment;1;0.020262807607650757;0.01468950416892767;0.9650477170944214
29_aii_bii2_twice_neu;Vergangene Woche hat Judith Sabine eine knusprige Brezel vom Bäcker mitgebracht.;Vor zwei Tagen hat Sabine wieder eine knusprige Brezel besorgt, als sie auf einer Lebensmittelmesse unterwegs war.;Sabine hat mindestens zweimal eine knusprige Brezel besorgt.;unknown;29;aii;bii;2;neutral;twice;False;;;Vergangene Woche hat Judith Sabine eine knusprige Brezel vom Bäcker mitgebracht. Vor zwei Tagen hat Sabine wieder eine knusprige Brezel besorgt, als sie auf einer Lebensmittelmesse unterwegs war.;Sabine hat mindestens zweimal eine knusprige Brezel besorgt.;morit/german_xlm_xnli;entailment;0;0.0016829092055559158;0.04594910889863968;0.9523680210113525
29_aii_bii2_cannot_say_neu;Vergangene Woche hat Judith Sabine eine knusprige Brezel vom Bäcker mitgebracht.;Vor zwei Tagen hat Sabine wieder eine knusprige Brezel besorgt, als sie auf einer Lebensmittelmesse unterwegs war.;Es lässt sich nicht sagen, wie oft Sabine eine knusprige Brezel besorgt hat.;unknown;29;aii;bii;2;neutral;cannot say;False;;;Vergangene Woche hat Judith Sabine eine knusprige Brezel vom Bäcker mitgebracht. Vor zwei Tagen hat Sabine wieder eine knusprige Brezel besorgt, als sie auf einer Lebensmittelmesse unterwegs war.;Es lässt sich nicht sagen, wie oft Sabine eine knusprige Brezel besorgt hat.;morit/german_xlm_xnli;neutral;1;0.034908492118120193;0.9545899629592896;0.010501520708203316
30_ai_bi1_once_pos;Vor zwei Wochen hat Sabine Linda angelogen.;Vor vier Tagen hat Linda wieder eine gemeine Lüge gehört, als sie an einem Streit beteiligt war.;Linda hat einmal eine gemeine Lüge gehört.;unknown;30;ai;bi;1;positive;once;False;;;Vor zwei Wochen hat Sabine Linda angelogen. Vor vier Tagen hat Linda wieder eine gemeine Lüge gehört, als sie an einem Streit beteiligt war.;Linda hat einmal eine gemeine Lüge gehört.;morit/german_xlm_xnli;entailment;0;0.013277011923491955;0.017935264855623245;0.9687877297401428
30_ai_bi1_twice_pos;Vor zwei Wochen hat Sabine Linda angelogen.;Vor vier Tagen hat Linda wieder eine gemeine Lüge gehört, als sie an einem Streit beteiligt war.;Linda hat mindestens zweimal eine gemeine Lüge gehört.;entailment;30;ai;bi;1;positive;twice;False;;;Vor zwei Wochen hat Sabine Linda angelogen. Vor vier Tagen hat Linda wieder eine gemeine Lüge gehört, als sie an einem Streit beteiligt war.;Linda hat mindestens zweimal eine gemeine Lüge gehört.;morit/german_xlm_xnli;entailment;1;0.0020541981793940067;0.04581143334507942;0.9521344304084778
30_ai_bi1_cannot_say_pos;Vor zwei Wochen hat Sabine Linda angelogen.;Vor vier Tagen hat Linda wieder eine gemeine Lüge gehört, als sie an einem Streit beteiligt war.;Es lässt sich nicht sagen, wie oft Linda eine gemeine Lüge gehört hat.;unknown;30;ai;bi;1;positive;cannot say;False;;;Vor zwei Wochen hat Sabine Linda angelogen. Vor vier Tagen hat Linda wieder eine gemeine Lüge gehört, als sie an einem Streit beteiligt war.;Es lässt sich nicht sagen, wie oft Linda eine gemeine Lüge gehört hat.;morit/german_xlm_xnli;neutral;1;0.03923652321100235;0.9480214715003967;0.012741987593472004
30_ai_bi2_once_neu;Vor zwei Wochen hat Sabine Linda angelogen.;Vor vier Tagen hat Sabine wieder eine gemeine Lüge gehört, als sie an einem Streit beteiligt war.;Sabine hat einmal eine gemeine Lüge gehört.;entailment;30;ai;bi;2;neutral;once;False;;;Vor zwei Wochen hat Sabine Linda angelogen. Vor vier Tagen hat Sabine wieder eine gemeine Lüge gehört, als sie an einem Streit beteiligt war.;Sabine hat einmal eine gemeine Lüge gehört.;morit/german_xlm_xnli;entailment;1;0.01222367025911808;0.015111320652067661;0.9726650714874268
30_ai_bi2_twice_neu;Vor zwei Wochen hat Sabine Linda angelogen.;Vor vier Tagen hat Sabine wieder eine gemeine Lüge gehört, als sie an einem Streit beteiligt war.;Sabine hat mindestens zweimal eine gemeine Lüge gehört.;unknown;30;ai;bi;2;neutral;twice;False;;;Vor zwei Wochen hat Sabine Linda angelogen. Vor vier Tagen hat Sabine wieder eine gemeine Lüge gehört, als sie an einem Streit beteiligt war.;Sabine hat mindestens zweimal eine gemeine Lüge gehört.;morit/german_xlm_xnli;entailment;0;0.0021378255914896727;0.04382526874542236;0.9540368914604187
30_ai_bi2_cannot_say_neu;Vor zwei Wochen hat Sabine Linda angelogen.;Vor vier Tagen hat Sabine wieder eine gemeine Lüge gehört, als sie an einem Streit beteiligt war.;Es lässt sich nicht sagen, wie oft Sabine eine gemeine Lüge gehört hat.;unknown;30;ai;bi;2;neutral;cannot say;False;;;Vor zwei Wochen hat Sabine Linda angelogen. Vor vier Tagen hat Sabine wieder eine gemeine Lüge gehört, als sie an einem Streit beteiligt war.;Es lässt sich nicht sagen, wie oft Sabine eine gemeine Lüge gehört hat.;morit/german_xlm_xnli;neutral;1;0.025947514921426773;0.9620466232299805;0.01200574729591608
30_ai_bii1_once_neu;Vor zwei Wochen hat Sabine Linda angelogen.;Vor vier Tagen hat Linda wieder eine gemeine Lüge erzählt, als sie an einem Streit beteiligt war.;Linda hat einmal eine gemeine Lüge erzählt.;entailment;30;ai;bii;1;neutral;once;False;;;Vor zwei Wochen hat Sabine Linda angelogen. Vor vier Tagen hat Linda wieder eine gemeine Lüge erzählt, als sie an einem Streit beteiligt war.;Linda hat einmal eine gemeine Lüge erzählt.;morit/german_xlm_xnli;entailment;1;0.01274347398430109;0.013037804514169693;0.9742187261581421
30_ai_bii1_twice_neu;Vor zwei Wochen hat Sabine Linda angelogen.;Vor vier Tagen hat Linda wieder eine gemeine Lüge erzählt, als sie an einem Streit beteiligt war.;Linda hat mindestens zweimal eine gemeine Lüge erzählt.;unknown;30;ai;bii;1;neutral;twice;False;;;Vor zwei Wochen hat Sabine Linda angelogen. Vor vier Tagen hat Linda wieder eine gemeine Lüge erzählt, als sie an einem Streit beteiligt war.;Linda hat mindestens zweimal eine gemeine Lüge erzählt.;morit/german_xlm_xnli;entailment;0;0.0020007258281111717;0.03457770124077797;0.9634214639663696
30_ai_bii1_cannot_say_neu;Vor zwei Wochen hat Sabine Linda angelogen.;Vor vier Tagen hat Linda wieder eine gemeine Lüge erzählt, als sie an einem Streit beteiligt war.;Es lässt sich nicht sagen, wie oft Linda eine gemeine Lüge erzählt hat.;unknown;30;ai;bii;1;neutral;cannot say;False;;;Vor zwei Wochen hat Sabine Linda angelogen. Vor vier Tagen hat Linda wieder eine gemeine Lüge erzählt, als sie an einem Streit beteiligt war.;Es lässt sich nicht sagen, wie oft Linda eine gemeine Lüge erzählt hat.;morit/german_xlm_xnli;neutral;1;0.02152450568974018;0.967181384563446;0.011294142343103886
30_ai_bii2_once_pos;Vor zwei Wochen hat Sabine Linda angelogen.;Vor vier Tagen hat Sabine wieder eine gemeine Lüge erzählt, als sie an einem Streit beteiligt war.;Sabine hat einmal eine gemeine Lüge erzählt.;unknown;30;ai;bii;2;positive;once;False;;;Vor zwei Wochen hat Sabine Linda angelogen. Vor vier Tagen hat Sabine wieder eine gemeine Lüge erzählt, als sie an einem Streit beteiligt war.;Sabine hat einmal eine gemeine Lüge erzählt.;morit/german_xlm_xnli;entailment;0;0.014933156780898571;0.014209570363163948;0.9708572030067444
30_ai_bii2_twice_pos;Vor zwei Wochen hat Sabine Linda angelogen.;Vor vier Tagen hat Sabine wieder eine gemeine Lüge erzählt, als sie an einem Streit beteiligt war.;Sabine hat mindestens zweimal eine gemeine Lüge erzählt.;entailment;30;ai;bii;2;positive;twice;False;;;Vor zwei Wochen hat Sabine Linda angelogen. Vor vier Tagen hat Sabine wieder eine gemeine Lüge erzählt, als sie an einem Streit beteiligt war.;Sabine hat mindestens zweimal eine gemeine Lüge erzählt.;morit/german_xlm_xnli;entailment;1;0.00219327281229198;0.03494353964924812;0.9628632664680481
30_ai_bii2_cannot_say_pos;Vor zwei Wochen hat Sabine Linda angelogen.;Vor vier Tagen hat Sabine wieder eine gemeine Lüge erzählt, als sie an einem Streit beteiligt war.;Es lässt sich nicht sagen, wie oft Sabine eine gemeine Lüge erzählt hat.;unknown;30;ai;bii;2;positive;cannot say;False;;;Vor zwei Wochen hat Sabine Linda angelogen. Vor vier Tagen hat Sabine wieder eine gemeine Lüge erzählt, als sie an einem Streit beteiligt war.;Es lässt sich nicht sagen, wie oft Sabine eine gemeine Lüge erzählt hat.;morit/german_xlm_xnli;neutral;1;0.02039465680718422;0.9680882096290588;0.011517203412950039
30_aii_bi1_once_neu;Vor zwei Wochen hat Linda Sabine angelogen.;Vor vier Tagen hat Linda wieder eine gemeine Lüge gehört, als sie an einem Streit beteiligt war.;Linda hat einmal eine gemeine Lüge gehört.;entailment;30;aii;bi;1;neutral;once;False;;;Vor zwei Wochen hat Linda Sabine angelogen. Vor vier Tagen hat Linda wieder eine gemeine Lüge gehört, als sie an einem Streit beteiligt war.;Linda hat einmal eine gemeine Lüge gehört.;morit/german_xlm_xnli;entailment;1;0.012717898935079575;0.018525946885347366;0.9687561988830566
30_aii_bi1_twice_neu;Vor zwei Wochen hat Linda Sabine angelogen.;Vor vier Tagen hat Linda wieder eine gemeine Lüge gehört, als sie an einem Streit beteiligt war.;Linda hat mindestens zweimal eine gemeine Lüge gehört.;unknown;30;aii;bi;1;neutral;twice;False;;;Vor zwei Wochen hat Linda Sabine angelogen. Vor vier Tagen hat Linda wieder eine gemeine Lüge gehört, als sie an einem Streit beteiligt war.;Linda hat mindestens zweimal eine gemeine Lüge gehört.;morit/german_xlm_xnli;entailment;0;0.0019785354379564524;0.046094704419374466;0.9519267678260803
30_aii_bi1_cannot_say_neu;Vor zwei Wochen hat Linda Sabine angelogen.;Vor vier Tagen hat Linda wieder eine gemeine Lüge gehört, als sie an einem Streit beteiligt war.;Es lässt sich nicht sagen, wie oft Linda eine gemeine Lüge gehört hat.;unknown;30;aii;bi;1;neutral;cannot say;False;;;Vor zwei Wochen hat Linda Sabine angelogen. Vor vier Tagen hat Linda wieder eine gemeine Lüge gehört, als sie an einem Streit beteiligt war.;Es lässt sich nicht sagen, wie oft Linda eine gemeine Lüge gehört hat.;morit/german_xlm_xnli;neutral;1;0.03739984333515167;0.9514480233192444;0.011152190156280994
30_aii_bi2_once_pos;Vor zwei Wochen hat Linda Sabine angelogen.;Vor vier Tagen hat Sabine wieder eine gemeine Lüge gehört, als sie an einem Streit beteiligt war.;Sabine hat einmal eine gemeine Lüge gehört.;unknown;30;aii;bi;2;positive;once;False;;;Vor zwei Wochen hat Linda Sabine angelogen. Vor vier Tagen hat Sabine wieder eine gemeine Lüge gehört, als sie an einem Streit beteiligt war.;Sabine hat einmal eine gemeine Lüge gehört.;morit/german_xlm_xnli;entailment;0;0.013684132136404514;0.01564621739089489;0.970669686794281
30_aii_bi2_twice_pos;Vor zwei Wochen hat Linda Sabine angelogen.;Vor vier Tagen hat Sabine wieder eine gemeine Lüge gehört, als sie an einem Streit beteiligt war.;Sabine hat mindestens zweimal eine gemeine Lüge gehört.;entailment;30;aii;bi;2;positive;twice;False;;;Vor zwei Wochen hat Linda Sabine angelogen. Vor vier Tagen hat Sabine wieder eine gemeine Lüge gehört, als sie an einem Streit beteiligt war.;Sabine hat mindestens zweimal eine gemeine Lüge gehört.;morit/german_xlm_xnli;entailment;1;0.002277947496622801;0.044892262667417526;0.9528297185897827
30_aii_bi2_cannot_say_pos;Vor zwei Wochen hat Linda Sabine angelogen.;Vor vier Tagen hat Sabine wieder eine gemeine Lüge gehört, als sie an einem Streit beteiligt war.;Es lässt sich nicht sagen, wie oft Sabine eine gemeine Lüge gehört hat.;unknown;30;aii;bi;2;positive;cannot say;False;;;Vor zwei Wochen hat Linda Sabine angelogen. Vor vier Tagen hat Sabine wieder eine gemeine Lüge gehört, als sie an einem Streit beteiligt war.;Es lässt sich nicht sagen, wie oft Sabine eine gemeine Lüge gehört hat.;morit/german_xlm_xnli;neutral;1;0.03153194859623909;0.9559436440467834;0.012524371966719627
30_aii_bii1_once_pos;Vor zwei Wochen hat Linda Sabine angelogen.;Vor vier Tagen hat Linda wieder eine gemeine Lüge erzählt, als sie an einem Streit beteiligt war.;Linda hat einmal eine gemeine Lüge erzählt.;unknown;30;aii;bii;1;positive;once;False;;;Vor zwei Wochen hat Linda Sabine angelogen. Vor vier Tagen hat Linda wieder eine gemeine Lüge erzählt, als sie an einem Streit beteiligt war.;Linda hat einmal eine gemeine Lüge erzählt.;morit/german_xlm_xnli;entailment;0;0.012171614915132523;0.013288607820868492;0.9745398163795471
30_aii_bii1_twice_pos;Vor zwei Wochen hat Linda Sabine angelogen.;Vor vier Tagen hat Linda wieder eine gemeine Lüge erzählt, als sie an einem Streit beteiligt war.;Linda hat mindestens zweimal eine gemeine Lüge erzählt.;entailment;30;aii;bii;1;positive;twice;False;;;Vor zwei Wochen hat Linda Sabine angelogen. Vor vier Tagen hat Linda wieder eine gemeine Lüge erzählt, als sie an einem Streit beteiligt war.;Linda hat mindestens zweimal eine gemeine Lüge erzählt.;morit/german_xlm_xnli;entailment;1;0.0019269906915724277;0.034920211881399155;0.9631527662277222
30_aii_bii1_cannot_say_pos;Vor zwei Wochen hat Linda Sabine angelogen.;Vor vier Tagen hat Linda wieder eine gemeine Lüge erzählt, als sie an einem Streit beteiligt war.;Es lässt sich nicht sagen, wie oft Linda eine gemeine Lüge erzählt hat.;unknown;30;aii;bii;1;positive;cannot say;False;;;Vor zwei Wochen hat Linda Sabine angelogen. Vor vier Tagen hat Linda wieder eine gemeine Lüge erzählt, als sie an einem Streit beteiligt war.;Es lässt sich nicht sagen, wie oft Linda eine gemeine Lüge erzählt hat.;morit/german_xlm_xnli;neutral;1;0.0208747461438179;0.9687179327011108;0.010407346300780773
30_aii_bii2_once_neu;Vor zwei Wochen hat Linda Sabine angelogen.;Vor vier Tagen hat Sabine wieder eine gemeine Lüge erzählt, als sie an einem Streit beteiligt war.;Sabine hat einmal eine gemeine Lüge erzählt.;entailment;30;aii;bii;2;neutral;once;False;;;Vor zwei Wochen hat Linda Sabine angelogen. Vor vier Tagen hat Sabine wieder eine gemeine Lüge erzählt, als sie an einem Streit beteiligt war.;Sabine hat einmal eine gemeine Lüge erzählt.;morit/german_xlm_xnli;entailment;1;0.017389779910445213;0.014772983267903328;0.9678372144699097
30_aii_bii2_twice_neu;Vor zwei Wochen hat Linda Sabine angelogen.;Vor vier Tagen hat Sabine wieder eine gemeine Lüge erzählt, als sie an einem Streit beteiligt war.;Sabine hat mindestens zweimal eine gemeine Lüge erzählt.;unknown;30;aii;bii;2;neutral;twice;False;;;Vor zwei Wochen hat Linda Sabine angelogen. Vor vier Tagen hat Sabine wieder eine gemeine Lüge erzählt, als sie an einem Streit beteiligt war.;Sabine hat mindestens zweimal eine gemeine Lüge erzählt.;morit/german_xlm_xnli;entailment;0;0.002432283479720354;0.03558085486292839;0.9619868397712708
30_aii_bii2_cannot_say_neu;Vor zwei Wochen hat Linda Sabine angelogen.;Vor vier Tagen hat Sabine wieder eine gemeine Lüge erzählt, als sie an einem Streit beteiligt war.;Es lässt sich nicht sagen, wie oft Sabine eine gemeine Lüge erzählt hat.;unknown;30;aii;bii;2;neutral;cannot say;False;;;Vor zwei Wochen hat Linda Sabine angelogen. Vor vier Tagen hat Sabine wieder eine gemeine Lüge erzählt, als sie an einem Streit beteiligt war.;Es lässt sich nicht sagen, wie oft Sabine eine gemeine Lüge erzählt hat.;morit/german_xlm_xnli;neutral;1;0.024392465129494667;0.9631478190422058;0.01245974376797676
31_ai_bi1_once_pos;Vor drei Wochen hat Timo Judith massiert.;Vor vier Tagen hat Judith wieder eine wohltuende Massage bekommen, während sie mit einer Freundin gelernt hat.;Judith hat einmal eine wohltuende Massage bekommen.;unknown;31;ai;bi;1;positive;once;False;;;Vor drei Wochen hat Timo Judith massiert. Vor vier Tagen hat Judith wieder eine wohltuende Massage bekommen, während sie mit einer Freundin gelernt hat.;Judith hat einmal eine wohltuende Massage bekommen.;morit/german_xlm_xnli;entailment;0;0.016046389937400818;0.028009716421365738;0.9559439420700073
31_ai_bi1_twice_pos;Vor drei Wochen hat Timo Judith massiert.;Vor vier Tagen hat Judith wieder eine wohltuende Massage bekommen, während sie mit einer Freundin gelernt hat.;Judith hat mindestens zweimal eine wohltuende Massage bekommen.;entailment;31;ai;bi;1;positive;twice;False;;;Vor drei Wochen hat Timo Judith massiert. Vor vier Tagen hat Judith wieder eine wohltuende Massage bekommen, während sie mit einer Freundin gelernt hat.;Judith hat mindestens zweimal eine wohltuende Massage bekommen.;morit/german_xlm_xnli;entailment;1;0.002806730568408966;0.09754519164562225;0.8996480107307434
31_ai_bi1_cannot_say_pos;Vor drei Wochen hat Timo Judith massiert.;Vor vier Tagen hat Judith wieder eine wohltuende Massage bekommen, während sie mit einer Freundin gelernt hat.;Es lässt sich nicht sagen, wie oft Judith eine wohltuende Massage bekommen hat.;unknown;31;ai;bi;1;positive;cannot say;False;;;Vor drei Wochen hat Timo Judith massiert. Vor vier Tagen hat Judith wieder eine wohltuende Massage bekommen, während sie mit einer Freundin gelernt hat.;Es lässt sich nicht sagen, wie oft Judith eine wohltuende Massage bekommen hat.;morit/german_xlm_xnli;neutral;1;0.09405148029327393;0.8950508236885071;0.010897686704993248
31_ai_bi2_once_neu;Vor drei Wochen hat Timo Judith massiert.;Vor vier Tagen hat Timo wieder eine wohltuende Massage bekommen, während er mit einer Freundin gelernt hat.;Timo hat einmal eine wohltuende Massage bekommen.;entailment;31;ai;bi;2;neutral;once;False;;;Vor drei Wochen hat Timo Judith massiert. Vor vier Tagen hat Timo wieder eine wohltuende Massage bekommen, während er mit einer Freundin gelernt hat.;Timo hat einmal eine wohltuende Massage bekommen.;morit/german_xlm_xnli;entailment;1;0.019434764981269836;0.03182649984955788;0.9487388134002686
31_ai_bi2_twice_neu;Vor drei Wochen hat Timo Judith massiert.;Vor vier Tagen hat Timo wieder eine wohltuende Massage bekommen, während er mit einer Freundin gelernt hat.;Timo hat mindestens zweimal eine wohltuende Massage bekommen.;unknown;31;ai;bi;2;neutral;twice;False;;;Vor drei Wochen hat Timo Judith massiert. Vor vier Tagen hat Timo wieder eine wohltuende Massage bekommen, während er mit einer Freundin gelernt hat.;Timo hat mindestens zweimal eine wohltuende Massage bekommen.;morit/german_xlm_xnli;entailment;0;0.0024167580995708704;0.10144338756799698;0.8961398005485535
31_ai_bi2_cannot_say_neu;Vor drei Wochen hat Timo Judith massiert.;Vor vier Tagen hat Timo wieder eine wohltuende Massage bekommen, während er mit einer Freundin gelernt hat.;Es lässt sich nicht sagen, wie oft Timo eine wohltuende Massage bekommen hat.;unknown;31;ai;bi;2;neutral;cannot say;False;;;Vor drei Wochen hat Timo Judith massiert. Vor vier Tagen hat Timo wieder eine wohltuende Massage bekommen, während er mit einer Freundin gelernt hat.;Es lässt sich nicht sagen, wie oft Timo eine wohltuende Massage bekommen hat.;morit/german_xlm_xnli;neutral;1;0.11781145632266998;0.8724575638771057;0.009730907157063484
31_ai_bii1_once_neu;Vor drei Wochen hat Timo Judith massiert.;Vor vier Tagen hat Judith wieder eine wohltuende Massage gegeben, während sie mit einer Freundin gelernt hat.;Judith hat einmal eine wohltuende Massage gegeben.;entailment;31;ai;bii;1;neutral;once;False;;;Vor drei Wochen hat Timo Judith massiert. Vor vier Tagen hat Judith wieder eine wohltuende Massage gegeben, während sie mit einer Freundin gelernt hat.;Judith hat einmal eine wohltuende Massage gegeben.;morit/german_xlm_xnli;entailment;1;0.01283944584429264;0.026683317497372627;0.9604771733283997
31_ai_bii1_twice_neu;Vor drei Wochen hat Timo Judith massiert.;Vor vier Tagen hat Judith wieder eine wohltuende Massage gegeben, während sie mit einer Freundin gelernt hat.;Judith hat mindestens zweimal eine wohltuende Massage gegeben.;unknown;31;ai;bii;1;neutral;twice;False;;;Vor drei Wochen hat Timo Judith massiert. Vor vier Tagen hat Judith wieder eine wohltuende Massage gegeben, während sie mit einer Freundin gelernt hat.;Judith hat mindestens zweimal eine wohltuende Massage gegeben.;morit/german_xlm_xnli;entailment;0;0.0027817944064736366;0.09947086870670319;0.8977473974227905
31_ai_bii1_cannot_say_neu;Vor drei Wochen hat Timo Judith massiert.;Vor vier Tagen hat Judith wieder eine wohltuende Massage gegeben, während sie mit einer Freundin gelernt hat.;Es lässt sich nicht sagen, wie oft Judith eine wohltuende Massage gegeben hat.;unknown;31;ai;bii;1;neutral;cannot say;False;;;Vor drei Wochen hat Timo Judith massiert. Vor vier Tagen hat Judith wieder eine wohltuende Massage gegeben, während sie mit einer Freundin gelernt hat.;Es lässt sich nicht sagen, wie oft Judith eine wohltuende Massage gegeben hat.;morit/german_xlm_xnli;neutral;1;0.05937042832374573;0.929759681224823;0.01086996030062437
31_ai_bii2_once_pos;Vor drei Wochen hat Timo Judith massiert.;Vor vier Tagen hat Timo wieder eine wohltuende Massage gegeben, während er mit einer Freundin gelernt hat.;Timo hat einmal eine wohltuende Massage gegeben.;unknown;31;ai;bii;2;positive;once;False;;;Vor drei Wochen hat Timo Judith massiert. Vor vier Tagen hat Timo wieder eine wohltuende Massage gegeben, während er mit einer Freundin gelernt hat.;Timo hat einmal eine wohltuende Massage gegeben.;morit/german_xlm_xnli;entailment;0;0.017389656975865364;0.03167564049363136;0.950934648513794
31_ai_bii2_twice_pos;Vor drei Wochen hat Timo Judith massiert.;Vor vier Tagen hat Timo wieder eine wohltuende Massage gegeben, während er mit einer Freundin gelernt hat.;Timo hat mindestens zweimal eine wohltuende Massage gegeben.;entailment;31;ai;bii;2;positive;twice;False;;;Vor drei Wochen hat Timo Judith massiert. Vor vier Tagen hat Timo wieder eine wohltuende Massage gegeben, während er mit einer Freundin gelernt hat.;Timo hat mindestens zweimal eine wohltuende Massage gegeben.;morit/german_xlm_xnli;entailment;1;0.0024849316105246544;0.10628274083137512;0.8912323713302612
31_ai_bii2_cannot_say_pos;Vor drei Wochen hat Timo Judith massiert.;Vor vier Tagen hat Timo wieder eine wohltuende Massage gegeben, während er mit einer Freundin gelernt hat.;Es lässt sich nicht sagen, wie oft Timo eine wohltuende Massage gegeben hat.;unknown;31;ai;bii;2;positive;cannot say;False;;;Vor drei Wochen hat Timo Judith massiert. Vor vier Tagen hat Timo wieder eine wohltuende Massage gegeben, während er mit einer Freundin gelernt hat.;Es lässt sich nicht sagen, wie oft Timo eine wohltuende Massage gegeben hat.;morit/german_xlm_xnli;neutral;1;0.0773002952337265;0.9123203754425049;0.010379325598478317
31_aii_bi1_once_neu;Vor drei Wochen hat Judith Timo massiert.;Vor vier Tagen hat Judith wieder eine wohltuende Massage bekommen, während sie mit einer Freundin gelernt hat.;Judith hat einmal eine wohltuende Massage bekommen.;entailment;31;aii;bi;1;neutral;once;False;;;Vor drei Wochen hat Judith Timo massiert. Vor vier Tagen hat Judith wieder eine wohltuende Massage bekommen, während sie mit einer Freundin gelernt hat.;Judith hat einmal eine wohltuende Massage bekommen.;morit/german_xlm_xnli;entailment;1;0.017097627744078636;0.03151918575167656;0.9513831734657288
31_aii_bi1_twice_neu;Vor drei Wochen hat Judith Timo massiert.;Vor vier Tagen hat Judith wieder eine wohltuende Massage bekommen, während sie mit einer Freundin gelernt hat.;Judith hat mindestens zweimal eine wohltuende Massage bekommen.;unknown;31;aii;bi;1;neutral;twice;False;;;Vor drei Wochen hat Judith Timo massiert. Vor vier Tagen hat Judith wieder eine wohltuende Massage bekommen, während sie mit einer Freundin gelernt hat.;Judith hat mindestens zweimal eine wohltuende Massage bekommen.;morit/german_xlm_xnli;entailment;0;0.0027680392377078533;0.09770473837852478;0.8995271325111389
31_aii_bi1_cannot_say_neu;Vor drei Wochen hat Judith Timo massiert.;Vor vier Tagen hat Judith wieder eine wohltuende Massage bekommen, während sie mit einer Freundin gelernt hat.;Es lässt sich nicht sagen, wie oft Judith eine wohltuende Massage bekommen hat.;unknown;31;aii;bi;1;neutral;cannot say;False;;;Vor drei Wochen hat Judith Timo massiert. Vor vier Tagen hat Judith wieder eine wohltuende Massage bekommen, während sie mit einer Freundin gelernt hat.;Es lässt sich nicht sagen, wie oft Judith eine wohltuende Massage bekommen hat.;morit/german_xlm_xnli;neutral;1;0.0919819250702858;0.8969236016273499;0.01109446119517088
31_aii_bi2_once_pos;Vor drei Wochen hat Judith Timo massiert.;Vor vier Tagen hat Timo wieder eine wohltuende Massage bekommen, während er mit einer Freundin gelernt hat.;Timo hat einmal eine wohltuende Massage bekommen.;unknown;31;aii;bi;2;positive;once;False;;;Vor drei Wochen hat Judith Timo massiert. Vor vier Tagen hat Timo wieder eine wohltuende Massage bekommen, während er mit einer Freundin gelernt hat.;Timo hat einmal eine wohltuende Massage bekommen.;morit/german_xlm_xnli;entailment;0;0.02300848625600338;0.03441064804792404;0.9425807595252991
31_aii_bi2_twice_pos;Vor drei Wochen hat Judith Timo massiert.;Vor vier Tagen hat Timo wieder eine wohltuende Massage bekommen, während er mit einer Freundin gelernt hat.;Timo hat mindestens zweimal eine wohltuende Massage bekommen.;entailment;31;aii;bi;2;positive;twice;False;;;Vor drei Wochen hat Judith Timo massiert. Vor vier Tagen hat Timo wieder eine wohltuende Massage bekommen, während er mit einer Freundin gelernt hat.;Timo hat mindestens zweimal eine wohltuende Massage bekommen.;morit/german_xlm_xnli;entailment;1;0.0024529832880944014;0.09801590442657471;0.8995311260223389
31_aii_bi2_cannot_say_pos;Vor drei Wochen hat Judith Timo massiert.;Vor vier Tagen hat Timo wieder eine wohltuende Massage bekommen, während er mit einer Freundin gelernt hat.;Es lässt sich nicht sagen, wie oft Timo eine wohltuende Massage bekommen hat.;unknown;31;aii;bi;2;positive;cannot say;False;;;Vor drei Wochen hat Judith Timo massiert. Vor vier Tagen hat Timo wieder eine wohltuende Massage bekommen, während er mit einer Freundin gelernt hat.;Es lässt sich nicht sagen, wie oft Timo eine wohltuende Massage bekommen hat.;morit/german_xlm_xnli;neutral;1;0.13057447969913483;0.8576094508171082;0.011816096492111683
31_aii_bii1_once_pos;Vor drei Wochen hat Judith Timo massiert.;Vor vier Tagen hat Judith wieder eine wohltuende Massage gegeben, während sie mit einer Freundin gelernt hat.;Judith hat einmal eine wohltuende Massage gegeben.;unknown;31;aii;bii;1;positive;once;False;;;Vor drei Wochen hat Judith Timo massiert. Vor vier Tagen hat Judith wieder eine wohltuende Massage gegeben, während sie mit einer Freundin gelernt hat.;Judith hat einmal eine wohltuende Massage gegeben.;morit/german_xlm_xnli;entailment;0;0.01365539338439703;0.03016766905784607;0.9561769366264343
31_aii_bii1_twice_pos;Vor drei Wochen hat Judith Timo massiert.;Vor vier Tagen hat Judith wieder eine wohltuende Massage gegeben, während sie mit einer Freundin gelernt hat.;Judith hat mindestens zweimal eine wohltuende Massage gegeben.;entailment;31;aii;bii;1;positive;twice;False;;;Vor drei Wochen hat Judith Timo massiert. Vor vier Tagen hat Judith wieder eine wohltuende Massage gegeben, während sie mit einer Freundin gelernt hat.;Judith hat mindestens zweimal eine wohltuende Massage gegeben.;morit/german_xlm_xnli;entailment;1;0.0027072897646576166;0.09960427135229111;0.8976883888244629
31_aii_bii1_cannot_say_pos;Vor drei Wochen hat Judith Timo massiert.;Vor vier Tagen hat Judith wieder eine wohltuende Massage gegeben, während sie mit einer Freundin gelernt hat.;Es lässt sich nicht sagen, wie oft Judith eine wohltuende Massage gegeben hat.;unknown;31;aii;bii;1;positive;cannot say;False;;;Vor drei Wochen hat Judith Timo massiert. Vor vier Tagen hat Judith wieder eine wohltuende Massage gegeben, während sie mit einer Freundin gelernt hat.;Es lässt sich nicht sagen, wie oft Judith eine wohltuende Massage gegeben hat.;morit/german_xlm_xnli;neutral;1;0.05824756622314453;0.9300847053527832;0.01166763249784708
31_aii_bii2_once_neu;Vor drei Wochen hat Judith Timo massiert.;Vor vier Tagen hat Timo wieder eine wohltuende Massage gegeben, während er mit einer Freundin gelernt hat.;Timo hat einmal eine wohltuende Massage gegeben.;entailment;31;aii;bii;2;neutral;once;False;;;Vor drei Wochen hat Judith Timo massiert. Vor vier Tagen hat Timo wieder eine wohltuende Massage gegeben, während er mit einer Freundin gelernt hat.;Timo hat einmal eine wohltuende Massage gegeben.;morit/german_xlm_xnli;entailment;1;0.021565111353993416;0.0350172184407711;0.9434177279472351
31_aii_bii2_twice_neu;Vor drei Wochen hat Judith Timo massiert.;Vor vier Tagen hat Timo wieder eine wohltuende Massage gegeben, während er mit einer Freundin gelernt hat.;Timo hat mindestens zweimal eine wohltuende Massage gegeben.;unknown;31;aii;bii;2;neutral;twice;False;;;Vor drei Wochen hat Judith Timo massiert. Vor vier Tagen hat Timo wieder eine wohltuende Massage gegeben, während er mit einer Freundin gelernt hat.;Timo hat mindestens zweimal eine wohltuende Massage gegeben.;morit/german_xlm_xnli;entailment;0;0.002512281993404031;0.102541483938694;0.894946277141571
31_aii_bii2_cannot_say_neu;Vor drei Wochen hat Judith Timo massiert.;Vor vier Tagen hat Timo wieder eine wohltuende Massage gegeben, während er mit einer Freundin gelernt hat.;Es lässt sich nicht sagen, wie oft Timo eine wohltuende Massage gegeben hat.;unknown;31;aii;bii;2;neutral;cannot say;False;;;Vor drei Wochen hat Judith Timo massiert. Vor vier Tagen hat Timo wieder eine wohltuende Massage gegeben, während er mit einer Freundin gelernt hat.;Es lässt sich nicht sagen, wie oft Timo eine wohltuende Massage gegeben hat.;morit/german_xlm_xnli;neutral;1;0.0861305519938469;0.9011419415473938;0.012727385386824608
32_ai_bi1_once_neu;Vor drei Monaten hat Timo Linda ein weißes Bücherregal gebaut.;Vor zwei Wochen hat Linda wieder ein weißes Bücherregal geschreinert, weil sie in eine WG gezogen ist.;Linda hat einmal ein weißes Bücherregal geschreinert.;entailment;32;ai;bi;1;neutral;once;False;;"geschreinert is agent-oriented; erhalten is recipient-oriented.";Vor drei Monaten hat Timo Linda ein weißes Bücherregal gebaut. Vor zwei Wochen hat Linda wieder ein weißes Bücherregal geschreinert, weil sie in eine WG gezogen ist.;Linda hat einmal ein weißes Bücherregal geschreinert.;morit/german_xlm_xnli;entailment;1;0.11822491139173508;0.031822748482227325;0.8499523401260376
32_ai_bi1_twice_neu;Vor drei Monaten hat Timo Linda ein weißes Bücherregal gebaut.;Vor zwei Wochen hat Linda wieder ein weißes Bücherregal geschreinert, weil sie in eine WG gezogen ist.;Linda hat mindestens zweimal ein weißes Bücherregal geschreinert.;unknown;32;ai;bi;1;neutral;twice;False;;"geschreinert is agent-oriented; erhalten is recipient-oriented.";Vor drei Monaten hat Timo Linda ein weißes Bücherregal gebaut. Vor zwei Wochen hat Linda wieder ein weißes Bücherregal geschreinert, weil sie in eine WG gezogen ist.;Linda hat mindestens zweimal ein weißes Bücherregal geschreinert.;morit/german_xlm_xnli;entailment;0;0.0022242642007768154;0.036244481801986694;0.9615312218666077
32_ai_bi1_cannot_say_neu;Vor drei Monaten hat Timo Linda ein weißes Bücherregal gebaut.;Vor zwei Wochen hat Linda wieder ein weißes Bücherregal geschreinert, weil sie in eine WG gezogen ist.;Es lässt sich nicht sagen, wie oft Linda ein weißes Bücherregal geschreinert hat.;unknown;32;ai;bi;1;neutral;cannot say;False;;"geschreinert is agent-oriented; erhalten is recipient-oriented.";Vor drei Monaten hat Timo Linda ein weißes Bücherregal gebaut. Vor zwei Wochen hat Linda wieder ein weißes Bücherregal geschreinert, weil sie in eine WG gezogen ist.;Es lässt sich nicht sagen, wie oft Linda ein weißes Bücherregal geschreinert hat.;morit/german_xlm_xnli;neutral;1;0.012784271501004696;0.972255289554596;0.014960331842303276
32_ai_bi2_once_pos;Vor drei Monaten hat Timo Linda ein weißes Bücherregal gebaut.;Vor zwei Wochen hat Timo wieder ein weißes Bücherregal geschreinert, weil er in eine WG gezogen ist.;Timo hat einmal ein weißes Bücherregal geschreinert.;unknown;32;ai;bi;2;positive;once;False;;"geschreinert is agent-oriented; erhalten is recipient-oriented.";Vor drei Monaten hat Timo Linda ein weißes Bücherregal gebaut. Vor zwei Wochen hat Timo wieder ein weißes Bücherregal geschreinert, weil er in eine WG gezogen ist.;Timo hat einmal ein weißes Bücherregal geschreinert.;morit/german_xlm_xnli;entailment;0;0.1471700519323349;0.031117059290409088;0.8217129111289978
32_ai_bi2_twice_pos;Vor drei Monaten hat Timo Linda ein weißes Bücherregal gebaut.;Vor zwei Wochen hat Timo wieder ein weißes Bücherregal geschreinert, weil er in eine WG gezogen ist.;Timo hat mindestens zweimal ein weißes Bücherregal geschreinert.;entailment;32;ai;bi;2;positive;twice;False;;"geschreinert is agent-oriented; erhalten is recipient-oriented.";Vor drei Monaten hat Timo Linda ein weißes Bücherregal gebaut. Vor zwei Wochen hat Timo wieder ein weißes Bücherregal geschreinert, weil er in eine WG gezogen ist.;Timo hat mindestens zweimal ein weißes Bücherregal geschreinert.;morit/german_xlm_xnli;entailment;1;0.0028499108739197254;0.041247982531785965;0.9559020400047302
32_ai_bi2_cannot_say_pos;Vor drei Monaten hat Timo Linda ein weißes Bücherregal gebaut.;Vor zwei Wochen hat Timo wieder ein weißes Bücherregal geschreinert, weil er in eine WG gezogen ist.;Es lässt sich nicht sagen, wie oft Timo ein weißes Bücherregal geschreinert hat.;unknown;32;ai;bi;2;positive;cannot say;False;;"geschreinert is agent-oriented; erhalten is recipient-oriented.";Vor drei Monaten hat Timo Linda ein weißes Bücherregal gebaut. Vor zwei Wochen hat Timo wieder ein weißes Bücherregal geschreinert, weil er in eine WG gezogen ist.;Es lässt sich nicht sagen, wie oft Timo ein weißes Bücherregal geschreinert hat.;morit/german_xlm_xnli;neutral;1;0.01456456072628498;0.9686105251312256;0.016824906691908836
32_ai_bii1_once_pos;Vor drei Monaten hat Timo Linda ein weißes Bücherregal gebaut.;Vor zwei Wochen hat Linda wieder ein weißes Bücherregal erhalten, weil sie in eine WG gezogen ist.;Linda hat einmal ein weißes Bücherregal erhalten.;unknown;32;ai;bii;1;positive;once;False;;"geschreinert is agent-oriented; erhalten is recipient-oriented.";Vor drei Monaten hat Timo Linda ein weißes Bücherregal gebaut. Vor zwei Wochen hat Linda wieder ein weißes Bücherregal erhalten, weil sie in eine WG gezogen ist.;Linda hat einmal ein weißes Bücherregal erhalten.;morit/german_xlm_xnli;entailment;0;0.06387526541948318;0.02062135934829712;0.9155033826828003
32_ai_bii1_twice_pos;Vor drei Monaten hat Timo Linda ein weißes Bücherregal gebaut.;Vor zwei Wochen hat Linda wieder ein weißes Bücherregal erhalten, weil sie in eine WG gezogen ist.;Linda hat mindestens zweimal ein weißes Bücherregal erhalten.;entailment;32;ai;bii;1;positive;twice;False;;"geschreinert is agent-oriented; erhalten is recipient-oriented.";Vor drei Monaten hat Timo Linda ein weißes Bücherregal gebaut. Vor zwei Wochen hat Linda wieder ein weißes Bücherregal erhalten, weil sie in eine WG gezogen ist.;Linda hat mindestens zweimal ein weißes Bücherregal erhalten.;morit/german_xlm_xnli;entailment;1;0.0013929372653365135;0.03303546831011772;0.9655715823173523
32_ai_bii1_cannot_say_pos;Vor drei Monaten hat Timo Linda ein weißes Bücherregal gebaut.;Vor zwei Wochen hat Linda wieder ein weißes Bücherregal erhalten, weil sie in eine WG gezogen ist.;Es lässt sich nicht sagen, wie oft Linda ein weißes Bücherregal erhalten hat.;unknown;32;ai;bii;1;positive;cannot say;False;;"geschreinert is agent-oriented; erhalten is recipient-oriented.";Vor drei Monaten hat Timo Linda ein weißes Bücherregal gebaut. Vor zwei Wochen hat Linda wieder ein weißes Bücherregal erhalten, weil sie in eine WG gezogen ist.;Es lässt sich nicht sagen, wie oft Linda ein weißes Bücherregal erhalten hat.;morit/german_xlm_xnli;neutral;1;0.03328127786517143;0.949735164642334;0.01698365993797779
32_ai_bii2_once_neu;Vor drei Monaten hat Timo Linda ein weißes Bücherregal gebaut.;Vor zwei Wochen hat Timo wieder ein weißes Bücherregal erhalten, weil er in eine WG gezogen ist.;Timo hat einmal ein weißes Bücherregal erhalten.;entailment;32;ai;bii;2;neutral;once;False;;"geschreinert is agent-oriented; erhalten is recipient-oriented.";Vor drei Monaten hat Timo Linda ein weißes Bücherregal gebaut. Vor zwei Wochen hat Timo wieder ein weißes Bücherregal erhalten, weil er in eine WG gezogen ist.;Timo hat einmal ein weißes Bücherregal erhalten.;morit/german_xlm_xnli;entailment;1;0.09384313225746155;0.022094672545790672;0.8840621709823608
32_ai_bii2_twice_neu;Vor drei Monaten hat Timo Linda ein weißes Bücherregal gebaut.;Vor zwei Wochen hat Timo wieder ein weißes Bücherregal erhalten, weil er in eine WG gezogen ist.;Timo hat mindestens zweimal ein weißes Bücherregal erhalten.;unknown;32;ai;bii;2;neutral;twice;False;;"geschreinert is agent-oriented; erhalten is recipient-oriented.";Vor drei Monaten hat Timo Linda ein weißes Bücherregal gebaut. Vor zwei Wochen hat Timo wieder ein weißes Bücherregal erhalten, weil er in eine WG gezogen ist.;Timo hat mindestens zweimal ein weißes Bücherregal erhalten.;morit/german_xlm_xnli;entailment;0;0.0017202232265844941;0.04021146520972252;0.9580682516098022
32_ai_bii2_cannot_say_neu;Vor drei Monaten hat Timo Linda ein weißes Bücherregal gebaut.;Vor zwei Wochen hat Timo wieder ein weißes Bücherregal erhalten, weil er in eine WG gezogen ist.;Es lässt sich nicht sagen, wie oft Timo ein weißes Bücherregal erhalten hat.;unknown;32;ai;bii;2;neutral;cannot say;False;;"geschreinert is agent-oriented; erhalten is recipient-oriented.";Vor drei Monaten hat Timo Linda ein weißes Bücherregal gebaut. Vor zwei Wochen hat Timo wieder ein weißes Bücherregal erhalten, weil er in eine WG gezogen ist.;Es lässt sich nicht sagen, wie oft Timo ein weißes Bücherregal erhalten hat.;morit/german_xlm_xnli;neutral;1;0.047453515231609344;0.9307653307914734;0.02178114652633667
32_aii_bi1_once_pos;Vor drei Monaten hat Linda Timo ein weißes Bücherregal gebaut.;Vor zwei Wochen hat Linda wieder ein weißes Bücherregal geschreinert, weil sie in eine WG gezogen ist.;Linda hat einmal ein weißes Bücherregal geschreinert.;unknown;32;aii;bi;1;positive;once;False;;"geschreinert is agent-oriented; erhalten is recipient-oriented.";Vor drei Monaten hat Linda Timo ein weißes Bücherregal gebaut. Vor zwei Wochen hat Linda wieder ein weißes Bücherregal geschreinert, weil sie in eine WG gezogen ist.;Linda hat einmal ein weißes Bücherregal geschreinert.;morit/german_xlm_xnli;entailment;0;0.10614881664514542;0.035828787833452225;0.8580223917961121
32_aii_bi1_twice_pos;Vor drei Monaten hat Linda Timo ein weißes Bücherregal gebaut.;Vor zwei Wochen hat Linda wieder ein weißes Bücherregal geschreinert, weil sie in eine WG gezogen ist.;Linda hat mindestens zweimal ein weißes Bücherregal geschreinert.;entailment;32;aii;bi;1;positive;twice;False;;"geschreinert is agent-oriented; erhalten is recipient-oriented.";Vor drei Monaten hat Linda Timo ein weißes Bücherregal gebaut. Vor zwei Wochen hat Linda wieder ein weißes Bücherregal geschreinert, weil sie in eine WG gezogen ist.;Linda hat mindestens zweimal ein weißes Bücherregal geschreinert.;morit/german_xlm_xnli;entailment;1;0.002333596581593156;0.03934162110090256;0.9583247900009155
32_aii_bi1_cannot_say_pos;Vor drei Monaten hat Linda Timo ein weißes Bücherregal gebaut.;Vor zwei Wochen hat Linda wieder ein weißes Bücherregal geschreinert, weil sie in eine WG gezogen ist.;Es lässt sich nicht sagen, wie oft Linda ein weißes Bücherregal geschreinert hat.;unknown;32;aii;bi;1;positive;cannot say;False;;"geschreinert is agent-oriented; erhalten is recipient-oriented.";Vor drei Monaten hat Linda Timo ein weißes Bücherregal gebaut. Vor zwei Wochen hat Linda wieder ein weißes Bücherregal geschreinert, weil sie in eine WG gezogen ist.;Es lässt sich nicht sagen, wie oft Linda ein weißes Bücherregal geschreinert hat.;morit/german_xlm_xnli;neutral;1;0.011564266867935658;0.9749826192855835;0.013453161343932152
32_aii_bi2_once_neu;Vor drei Monaten hat Linda Timo ein weißes Bücherregal gebaut.;Vor zwei Wochen hat Timo wieder ein weißes Bücherregal geschreinert, weil er in eine WG gezogen ist.;Timo hat einmal ein weißes Bücherregal geschreinert.;entailment;32;aii;bi;2;neutral;once;False;;"geschreinert is agent-oriented; erhalten is recipient-oriented.";Vor drei Monaten hat Linda Timo ein weißes Bücherregal gebaut. Vor zwei Wochen hat Timo wieder ein weißes Bücherregal geschreinert, weil er in eine WG gezogen ist.;Timo hat einmal ein weißes Bücherregal geschreinert.;morit/german_xlm_xnli;entailment;1;0.1386849582195282;0.027219410985708237;0.8340955972671509
32_aii_bi2_twice_neu;Vor drei Monaten hat Linda Timo ein weißes Bücherregal gebaut.;Vor zwei Wochen hat Timo wieder ein weißes Bücherregal geschreinert, weil er in eine WG gezogen ist.;Timo hat mindestens zweimal ein weißes Bücherregal geschreinert.;unknown;32;aii;bi;2;neutral;twice;False;;"geschreinert is agent-oriented; erhalten is recipient-oriented.";Vor drei Monaten hat Linda Timo ein weißes Bücherregal gebaut. Vor zwei Wochen hat Timo wieder ein weißes Bücherregal geschreinert, weil er in eine WG gezogen ist.;Timo hat mindestens zweimal ein weißes Bücherregal geschreinert.;morit/german_xlm_xnli;entailment;0;0.00229988363571465;0.036437664180994034;0.9612624645233154
32_aii_bi2_cannot_say_neu;Vor drei Monaten hat Linda Timo ein weißes Bücherregal gebaut.;Vor zwei Wochen hat Timo wieder ein weißes Bücherregal geschreinert, weil er in eine WG gezogen ist.;Es lässt sich nicht sagen, wie oft Timo ein weißes Bücherregal geschreinert hat.;unknown;32;aii;bi;2;neutral;cannot say;False;;"geschreinert is agent-oriented; erhalten is recipient-oriented.";Vor drei Monaten hat Linda Timo ein weißes Bücherregal gebaut. Vor zwei Wochen hat Timo wieder ein weißes Bücherregal geschreinert, weil er in eine WG gezogen ist.;Es lässt sich nicht sagen, wie oft Timo ein weißes Bücherregal geschreinert hat.;morit/german_xlm_xnli;neutral;1;0.014329587109386921;0.9718018174171448;0.013868547044694424
32_aii_bii1_once_neu;Vor drei Monaten hat Linda Timo ein weißes Bücherregal gebaut.;Vor zwei Wochen hat Linda wieder ein weißes Bücherregal erhalten, weil sie in eine WG gezogen ist.;Linda hat einmal ein weißes Bücherregal erhalten.;entailment;32;aii;bii;1;neutral;once;False;;"geschreinert is agent-oriented; erhalten is recipient-oriented.";Vor drei Monaten hat Linda Timo ein weißes Bücherregal gebaut. Vor zwei Wochen hat Linda wieder ein weißes Bücherregal erhalten, weil sie in eine WG gezogen ist.;Linda hat einmal ein weißes Bücherregal erhalten.;morit/german_xlm_xnli;entailment;1;0.06582550704479218;0.022144021466374397;0.9120304584503174
32_aii_bii1_twice_neu;Vor drei Monaten hat Linda Timo ein weißes Bücherregal gebaut.;Vor zwei Wochen hat Linda wieder ein weißes Bücherregal erhalten, weil sie in eine WG gezogen ist.;Linda hat mindestens zweimal ein weißes Bücherregal erhalten.;unknown;32;aii;bii;1;neutral;twice;False;;"geschreinert is agent-oriented; erhalten is recipient-oriented.";Vor drei Monaten hat Linda Timo ein weißes Bücherregal gebaut. Vor zwei Wochen hat Linda wieder ein weißes Bücherregal erhalten, weil sie in eine WG gezogen ist.;Linda hat mindestens zweimal ein weißes Bücherregal erhalten.;morit/german_xlm_xnli;entailment;0;0.0014791424619033933;0.035484932363033295;0.9630358815193176
32_aii_bii1_cannot_say_neu;Vor drei Monaten hat Linda Timo ein weißes Bücherregal gebaut.;Vor zwei Wochen hat Linda wieder ein weißes Bücherregal erhalten, weil sie in eine WG gezogen ist.;Es lässt sich nicht sagen, wie oft Linda ein weißes Bücherregal erhalten hat.;unknown;32;aii;bii;1;neutral;cannot say;False;;"geschreinert is agent-oriented; erhalten is recipient-oriented.";Vor drei Monaten hat Linda Timo ein weißes Bücherregal gebaut. Vor zwei Wochen hat Linda wieder ein weißes Bücherregal erhalten, weil sie in eine WG gezogen ist.;Es lässt sich nicht sagen, wie oft Linda ein weißes Bücherregal erhalten hat.;morit/german_xlm_xnli;neutral;1;0.032424066215753555;0.9521613121032715;0.015414683148264885
32_aii_bii2_once_pos;Vor drei Monaten hat Linda Timo ein weißes Bücherregal gebaut.;Vor zwei Wochen hat Timo wieder ein weißes Bücherregal erhalten, weil er in eine WG gezogen ist.;Timo hat einmal ein weißes Bücherregal erhalten.;unknown;32;aii;bii;2;positive;once;False;;"geschreinert is agent-oriented; erhalten is recipient-oriented.";Vor drei Monaten hat Linda Timo ein weißes Bücherregal gebaut. Vor zwei Wochen hat Timo wieder ein weißes Bücherregal erhalten, weil er in eine WG gezogen ist.;Timo hat einmal ein weißes Bücherregal erhalten.;morit/german_xlm_xnli;entailment;0;0.08350016176700592;0.019271245226264;0.8972285985946655
32_aii_bii2_twice_pos;Vor drei Monaten hat Linda Timo ein weißes Bücherregal gebaut.;Vor zwei Wochen hat Timo wieder ein weißes Bücherregal erhalten, weil er in eine WG gezogen ist.;Timo hat mindestens zweimal ein weißes Bücherregal erhalten.;entailment;32;aii;bii;2;positive;twice;False;;"geschreinert is agent-oriented; erhalten is recipient-oriented.";Vor drei Monaten hat Linda Timo ein weißes Bücherregal gebaut. Vor zwei Wochen hat Timo wieder ein weißes Bücherregal erhalten, weil er in eine WG gezogen ist.;Timo hat mindestens zweimal ein weißes Bücherregal erhalten.;morit/german_xlm_xnli;entailment;1;0.0015149315586313605;0.035207927227020264;0.9632771015167236
32_aii_bii2_cannot_say_pos;Vor drei Monaten hat Linda Timo ein weißes Bücherregal gebaut.;Vor zwei Wochen hat Timo wieder ein weißes Bücherregal erhalten, weil er in eine WG gezogen ist.;Es lässt sich nicht sagen, wie oft Timo ein weißes Bücherregal erhalten hat.;unknown;32;aii;bii;2;positive;cannot say;False;;"geschreinert is agent-oriented; erhalten is recipient-oriented.";Vor drei Monaten hat Linda Timo ein weißes Bücherregal gebaut. Vor zwei Wochen hat Timo wieder ein weißes Bücherregal erhalten, weil er in eine WG gezogen ist.;Es lässt sich nicht sagen, wie oft Timo ein weißes Bücherregal erhalten hat.;morit/german_xlm_xnli;neutral;1;0.050899751484394073;0.927839994430542;0.021260231733322144
33_ai_bi1_once_pos;Letzten Monat hat Timo Greta ein peinliches Geheimnis verraten.;Vor drei Tagen hat Greta wieder ein peinliches Geheimnis erfahren, als sie an einem Klassentreffen teilgenommen hat.;Greta hat einmal ein peinliches Geheimnis erfahren.;unknown;33;ai;bi;1;positive;once;False;;;Letzten Monat hat Timo Greta ein peinliches Geheimnis verraten. Vor drei Tagen hat Greta wieder ein peinliches Geheimnis erfahren, als sie an einem Klassentreffen teilgenommen hat.;Greta hat einmal ein peinliches Geheimnis erfahren.;morit/german_xlm_xnli;entailment;0;0.007449954282492399;0.011601980775594711;0.9809479713439941
33_ai_bi1_twice_pos;Letzten Monat hat Timo Greta ein peinliches Geheimnis verraten.;Vor drei Tagen hat Greta wieder ein peinliches Geheimnis erfahren, als sie an einem Klassentreffen teilgenommen hat.;Greta hat mindestens zweimal ein peinliches Geheimnis erfahren.;entailment;33;ai;bi;1;positive;twice;False;;;Letzten Monat hat Timo Greta ein peinliches Geheimnis verraten. Vor drei Tagen hat Greta wieder ein peinliches Geheimnis erfahren, als sie an einem Klassentreffen teilgenommen hat.;Greta hat mindestens zweimal ein peinliches Geheimnis erfahren.;morit/german_xlm_xnli;entailment;1;0.002320896601304412;0.05034096911549568;0.9473381042480469
33_ai_bi1_cannot_say_pos;Letzten Monat hat Timo Greta ein peinliches Geheimnis verraten.;Vor drei Tagen hat Greta wieder ein peinliches Geheimnis erfahren, als sie an einem Klassentreffen teilgenommen hat.;Es lässt sich nicht sagen, wie oft Greta ein peinliches Geheimnis erfahren hat.;unknown;33;ai;bi;1;positive;cannot say;False;;;Letzten Monat hat Timo Greta ein peinliches Geheimnis verraten. Vor drei Tagen hat Greta wieder ein peinliches Geheimnis erfahren, als sie an einem Klassentreffen teilgenommen hat.;Es lässt sich nicht sagen, wie oft Greta ein peinliches Geheimnis erfahren hat.;morit/german_xlm_xnli;neutral;1;0.03184540197253227;0.9607889652252197;0.007365626748651266
33_ai_bi2_once_neu;Letzten Monat hat Timo Greta ein peinliches Geheimnis verraten.;Vor drei Tagen hat Timo wieder ein peinliches Geheimnis erfahren, als er an einem Klassentreffen teilgenommen hat.;Timo hat einmal ein peinliches Geheimnis erfahren.;entailment;33;ai;bi;2;neutral;once;False;;;Letzten Monat hat Timo Greta ein peinliches Geheimnis verraten. Vor drei Tagen hat Timo wieder ein peinliches Geheimnis erfahren, als er an einem Klassentreffen teilgenommen hat.;Timo hat einmal ein peinliches Geheimnis erfahren.;morit/german_xlm_xnli;entailment;1;0.01582098752260208;0.014580530114471912;0.9695985317230225
33_ai_bi2_twice_neu;Letzten Monat hat Timo Greta ein peinliches Geheimnis verraten.;Vor drei Tagen hat Timo wieder ein peinliches Geheimnis erfahren, als er an einem Klassentreffen teilgenommen hat.;Timo hat mindestens zweimal ein peinliches Geheimnis erfahren.;unknown;33;ai;bi;2;neutral;twice;False;;;Letzten Monat hat Timo Greta ein peinliches Geheimnis verraten. Vor drei Tagen hat Timo wieder ein peinliches Geheimnis erfahren, als er an einem Klassentreffen teilgenommen hat.;Timo hat mindestens zweimal ein peinliches Geheimnis erfahren.;morit/german_xlm_xnli;entailment;0;0.0029837375041097403;0.09733171761035919;0.8996846079826355
33_ai_bi2_cannot_say_neu;Letzten Monat hat Timo Greta ein peinliches Geheimnis verraten.;Vor drei Tagen hat Timo wieder ein peinliches Geheimnis erfahren, als er an einem Klassentreffen teilgenommen hat.;Es lässt sich nicht sagen, wie oft Timo ein peinliches Geheimnis erfahren hat.;unknown;33;ai;bi;2;neutral;cannot say;False;;;Letzten Monat hat Timo Greta ein peinliches Geheimnis verraten. Vor drei Tagen hat Timo wieder ein peinliches Geheimnis erfahren, als er an einem Klassentreffen teilgenommen hat.;Es lässt sich nicht sagen, wie oft Timo ein peinliches Geheimnis erfahren hat.;morit/german_xlm_xnli;neutral;1;0.02048981748521328;0.9735903143882751;0.0059198117814958096
33_ai_bii1_once_neu;Letzten Monat hat Timo Greta ein peinliches Geheimnis verraten.;Vor drei Tagen hat Greta wieder ein peinliches Geheimnis preisgegeben, als sie an einem Klassentreffen teilgenommen hat.;Greta hat einmal ein peinliches Geheimnis preisgegeben.;entailment;33;ai;bii;1;neutral;once;False;;;Letzten Monat hat Timo Greta ein peinliches Geheimnis verraten. Vor drei Tagen hat Greta wieder ein peinliches Geheimnis preisgegeben, als sie an einem Klassentreffen teilgenommen hat.;Greta hat einmal ein peinliches Geheimnis preisgegeben.;morit/german_xlm_xnli;entailment;1;0.005652319174259901;0.011845408007502556;0.9825022220611572
33_ai_bii1_twice_neu;Letzten Monat hat Timo Greta ein peinliches Geheimnis verraten.;Vor drei Tagen hat Greta wieder ein peinliches Geheimnis preisgegeben, als sie an einem Klassentreffen teilgenommen hat.;Greta hat mindestens zweimal ein peinliches Geheimnis preisgegeben.;unknown;33;ai;bii;1;neutral;twice;False;;;Letzten Monat hat Timo Greta ein peinliches Geheimnis verraten. Vor drei Tagen hat Greta wieder ein peinliches Geheimnis preisgegeben, als sie an einem Klassentreffen teilgenommen hat.;Greta hat mindestens zweimal ein peinliches Geheimnis preisgegeben.;morit/german_xlm_xnli;entailment;0;0.0026756050065159798;0.06118859723210335;0.9361357688903809
33_ai_bii1_cannot_say_neu;Letzten Monat hat Timo Greta ein peinliches Geheimnis verraten.;Vor drei Tagen hat Greta wieder ein peinliches Geheimnis preisgegeben, als sie an einem Klassentreffen teilgenommen hat.;Es lässt sich nicht sagen, wie oft Greta ein peinliches Geheimnis preisgegeben hat.;unknown;33;ai;bii;1;neutral;cannot say;False;;;Letzten Monat hat Timo Greta ein peinliches Geheimnis verraten. Vor drei Tagen hat Greta wieder ein peinliches Geheimnis preisgegeben, als sie an einem Klassentreffen teilgenommen hat.;Es lässt sich nicht sagen, wie oft Greta ein peinliches Geheimnis preisgegeben hat.;morit/german_xlm_xnli;neutral;1;0.041028715670108795;0.9305091500282288;0.028462134301662445
33_ai_bii2_once_pos;Letzten Monat hat Timo Greta ein peinliches Geheimnis verraten.;Vor drei Tagen hat Timo wieder ein peinliches Geheimnis preisgegeben, als er an einem Klassentreffen teilgenommen hat.;Timo hat einmal ein peinliches Geheimnis preisgegeben.;unknown;33;ai;bii;2;positive;once;False;;;Letzten Monat hat Timo Greta ein peinliches Geheimnis verraten. Vor drei Tagen hat Timo wieder ein peinliches Geheimnis preisgegeben, als er an einem Klassentreffen teilgenommen hat.;Timo hat einmal ein peinliches Geheimnis preisgegeben.;morit/german_xlm_xnli;entailment;0;0.008209861814975739;0.012935186736285686;0.9788549542427063
33_ai_bii2_twice_pos;Letzten Monat hat Timo Greta ein peinliches Geheimnis verraten.;Vor drei Tagen hat Timo wieder ein peinliches Geheimnis preisgegeben, als er an einem Klassentreffen teilgenommen hat.;Timo hat mindestens zweimal ein peinliches Geheimnis preisgegeben.;entailment;33;ai;bii;2;positive;twice;False;;;Letzten Monat hat Timo Greta ein peinliches Geheimnis verraten. Vor drei Tagen hat Timo wieder ein peinliches Geheimnis preisgegeben, als er an einem Klassentreffen teilgenommen hat.;Timo hat mindestens zweimal ein peinliches Geheimnis preisgegeben.;morit/german_xlm_xnli;entailment;1;0.002729300409555435;0.10225944966077805;0.8950111865997314
33_ai_bii2_cannot_say_pos;Letzten Monat hat Timo Greta ein peinliches Geheimnis verraten.;Vor drei Tagen hat Timo wieder ein peinliches Geheimnis preisgegeben, als er an einem Klassentreffen teilgenommen hat.;Es lässt sich nicht sagen, wie oft Timo ein peinliches Geheimnis preisgegeben hat.;unknown;33;ai;bii;2;positive;cannot say;False;;;Letzten Monat hat Timo Greta ein peinliches Geheimnis verraten. Vor drei Tagen hat Timo wieder ein peinliches Geheimnis preisgegeben, als er an einem Klassentreffen teilgenommen hat.;Es lässt sich nicht sagen, wie oft Timo ein peinliches Geheimnis preisgegeben hat.;morit/german_xlm_xnli;neutral;1;0.023047106340527534;0.9601682424545288;0.016784649342298508
33_aii_bi1_once_neu;Letzten Monat hat Greta Timo ein peinliches Geheimnis verraten.;Vor drei Tagen hat Greta wieder ein peinliches Geheimnis erfahren, als sie an einem Klassentreffen teilgenommen hat.;Greta hat einmal ein peinliches Geheimnis erfahren.;entailment;33;aii;bi;1;neutral;once;False;;;Letzten Monat hat Greta Timo ein peinliches Geheimnis verraten. Vor drei Tagen hat Greta wieder ein peinliches Geheimnis erfahren, als sie an einem Klassentreffen teilgenommen hat.;Greta hat einmal ein peinliches Geheimnis erfahren.;morit/german_xlm_xnli;entailment;1;0.010668396949768066;0.013052376918494701;0.9762791991233826
33_aii_bi1_twice_neu;Letzten Monat hat Greta Timo ein peinliches Geheimnis verraten.;Vor drei Tagen hat Greta wieder ein peinliches Geheimnis erfahren, als sie an einem Klassentreffen teilgenommen hat.;Greta hat mindestens zweimal ein peinliches Geheimnis erfahren.;unknown;33;aii;bi;1;neutral;twice;False;;;Letzten Monat hat Greta Timo ein peinliches Geheimnis verraten. Vor drei Tagen hat Greta wieder ein peinliches Geheimnis erfahren, als sie an einem Klassentreffen teilgenommen hat.;Greta hat mindestens zweimal ein peinliches Geheimnis erfahren.;morit/german_xlm_xnli;entailment;0;0.0023586403112858534;0.04927954450249672;0.9483617544174194
33_aii_bi1_cannot_say_neu;Letzten Monat hat Greta Timo ein peinliches Geheimnis verraten.;Vor drei Tagen hat Greta wieder ein peinliches Geheimnis erfahren, als sie an einem Klassentreffen teilgenommen hat.;Es lässt sich nicht sagen, wie oft Greta ein peinliches Geheimnis erfahren hat.;unknown;33;aii;bi;1;neutral;cannot say;False;;;Letzten Monat hat Greta Timo ein peinliches Geheimnis verraten. Vor drei Tagen hat Greta wieder ein peinliches Geheimnis erfahren, als sie an einem Klassentreffen teilgenommen hat.;Es lässt sich nicht sagen, wie oft Greta ein peinliches Geheimnis erfahren hat.;morit/german_xlm_xnli;neutral;1;0.025638826191425323;0.9682093262672424;0.00615188293159008
33_aii_bi2_once_pos;Letzten Monat hat Greta Timo ein peinliches Geheimnis verraten.;Vor drei Tagen hat Timo wieder ein peinliches Geheimnis erfahren, als er an einem Klassentreffen teilgenommen hat.;Timo hat einmal ein peinliches Geheimnis erfahren.;unknown;33;aii;bi;2;positive;once;False;;;Letzten Monat hat Greta Timo ein peinliches Geheimnis verraten. Vor drei Tagen hat Timo wieder ein peinliches Geheimnis erfahren, als er an einem Klassentreffen teilgenommen hat.;Timo hat einmal ein peinliches Geheimnis erfahren.;morit/german_xlm_xnli;entailment;0;0.010958051308989525;0.011285952292382717;0.9777560234069824
33_aii_bi2_twice_pos;Letzten Monat hat Greta Timo ein peinliches Geheimnis verraten.;Vor drei Tagen hat Timo wieder ein peinliches Geheimnis erfahren, als er an einem Klassentreffen teilgenommen hat.;Timo hat mindestens zweimal ein peinliches Geheimnis erfahren.;entailment;33;aii;bi;2;positive;twice;False;;;Letzten Monat hat Greta Timo ein peinliches Geheimnis verraten. Vor drei Tagen hat Timo wieder ein peinliches Geheimnis erfahren, als er an einem Klassentreffen teilgenommen hat.;Timo hat mindestens zweimal ein peinliches Geheimnis erfahren.;morit/german_xlm_xnli;entailment;1;0.0027436292730271816;0.08463696390390396;0.912619411945343
33_aii_bi2_cannot_say_pos;Letzten Monat hat Greta Timo ein peinliches Geheimnis verraten.;Vor drei Tagen hat Timo wieder ein peinliches Geheimnis erfahren, als er an einem Klassentreffen teilgenommen hat.;Es lässt sich nicht sagen, wie oft Timo ein peinliches Geheimnis erfahren hat.;unknown;33;aii;bi;2;positive;cannot say;False;;;Letzten Monat hat Greta Timo ein peinliches Geheimnis verraten. Vor drei Tagen hat Timo wieder ein peinliches Geheimnis erfahren, als er an einem Klassentreffen teilgenommen hat.;Es lässt sich nicht sagen, wie oft Timo ein peinliches Geheimnis erfahren hat.;morit/german_xlm_xnli;neutral;1;0.024844523519277573;0.9678547382354736;0.0073006730526685715
33_aii_bii1_once_pos;Letzten Monat hat Greta Timo ein peinliches Geheimnis verraten.;Vor drei Tagen hat Greta wieder ein peinliches Geheimnis preisgegeben, als sie an einem Klassentreffen teilgenommen hat.;Greta hat einmal ein peinliches Geheimnis preisgegeben.;unknown;33;aii;bii;1;positive;once;False;;;Letzten Monat hat Greta Timo ein peinliches Geheimnis verraten. Vor drei Tagen hat Greta wieder ein peinliches Geheimnis preisgegeben, als sie an einem Klassentreffen teilgenommen hat.;Greta hat einmal ein peinliches Geheimnis preisgegeben.;morit/german_xlm_xnli;entailment;0;0.006446816958487034;0.011439795605838299;0.9821133017539978
33_aii_bii1_twice_pos;Letzten Monat hat Greta Timo ein peinliches Geheimnis verraten.;Vor drei Tagen hat Greta wieder ein peinliches Geheimnis preisgegeben, als sie an einem Klassentreffen teilgenommen hat.;Greta hat mindestens zweimal ein peinliches Geheimnis preisgegeben.;entailment;33;aii;bii;1;positive;twice;False;;;Letzten Monat hat Greta Timo ein peinliches Geheimnis verraten. Vor drei Tagen hat Greta wieder ein peinliches Geheimnis preisgegeben, als sie an einem Klassentreffen teilgenommen hat.;Greta hat mindestens zweimal ein peinliches Geheimnis preisgegeben.;morit/german_xlm_xnli;entailment;1;0.0026541666593402624;0.059661250561475754;0.9376845955848694
33_aii_bii1_cannot_say_pos;Letzten Monat hat Greta Timo ein peinliches Geheimnis verraten.;Vor drei Tagen hat Greta wieder ein peinliches Geheimnis preisgegeben, als sie an einem Klassentreffen teilgenommen hat.;Es lässt sich nicht sagen, wie oft Greta ein peinliches Geheimnis preisgegeben hat.;unknown;33;aii;bii;1;positive;cannot say;False;;;Letzten Monat hat Greta Timo ein peinliches Geheimnis verraten. Vor drei Tagen hat Greta wieder ein peinliches Geheimnis preisgegeben, als sie an einem Klassentreffen teilgenommen hat.;Es lässt sich nicht sagen, wie oft Greta ein peinliches Geheimnis preisgegeben hat.;morit/german_xlm_xnli;neutral;1;0.030417272821068764;0.9475783705711365;0.022004375234246254
33_aii_bii2_once_neu;Letzten Monat hat Greta Timo ein peinliches Geheimnis verraten.;Vor drei Tagen hat Timo wieder ein peinliches Geheimnis preisgegeben, als er an einem Klassentreffen teilgenommen hat.;Timo hat einmal ein peinliches Geheimnis preisgegeben.;entailment;33;aii;bii;2;neutral;once;False;;;Letzten Monat hat Greta Timo ein peinliches Geheimnis verraten. Vor drei Tagen hat Timo wieder ein peinliches Geheimnis preisgegeben, als er an einem Klassentreffen teilgenommen hat.;Timo hat einmal ein peinliches Geheimnis preisgegeben.;morit/german_xlm_xnli;entailment;1;0.007314241491258144;0.0106974421069026;0.981988251209259
33_aii_bii2_twice_neu;Letzten Monat hat Greta Timo ein peinliches Geheimnis verraten.;Vor drei Tagen hat Timo wieder ein peinliches Geheimnis preisgegeben, als er an einem Klassentreffen teilgenommen hat.;Timo hat mindestens zweimal ein peinliches Geheimnis preisgegeben.;unknown;33;aii;bii;2;neutral;twice;False;;;Letzten Monat hat Greta Timo ein peinliches Geheimnis verraten. Vor drei Tagen hat Timo wieder ein peinliches Geheimnis preisgegeben, als er an einem Klassentreffen teilgenommen hat.;Timo hat mindestens zweimal ein peinliches Geheimnis preisgegeben.;morit/german_xlm_xnli;entailment;0;0.0026695996057242155;0.09070590138435364;0.906624436378479
33_aii_bii2_cannot_say_neu;Letzten Monat hat Greta Timo ein peinliches Geheimnis verraten.;Vor drei Tagen hat Timo wieder ein peinliches Geheimnis preisgegeben, als er an einem Klassentreffen teilgenommen hat.;Es lässt sich nicht sagen, wie oft Timo ein peinliches Geheimnis preisgegeben hat.;unknown;33;aii;bii;2;neutral;cannot say;False;;;Letzten Monat hat Greta Timo ein peinliches Geheimnis verraten. Vor drei Tagen hat Timo wieder ein peinliches Geheimnis preisgegeben, als er an einem Klassentreffen teilgenommen hat.;Es lässt sich nicht sagen, wie oft Timo ein peinliches Geheimnis preisgegeben hat.;morit/german_xlm_xnli;neutral;1;0.02765578031539917;0.9546341300010681;0.017710058018565178
34_ai_bi1_once_pos;Vor vier Monaten hat Timo Sabine einen neuen Haarschnitt verpasst.;Vor einer Woche hat Sabine wieder einen neuen Haarschnitt bekommen, weil sie an einem Frisurenwettbewerb teilgenommen hat.;Sabine hat einmal einen neuen Haarschnitt bekommen.;unknown;34;ai;bi;1;positive;once;False;;;Vor vier Monaten hat Timo Sabine einen neuen Haarschnitt verpasst. Vor einer Woche hat Sabine wieder einen neuen Haarschnitt bekommen, weil sie an einem Frisurenwettbewerb teilgenommen hat.;Sabine hat einmal einen neuen Haarschnitt bekommen.;morit/german_xlm_xnli;entailment;0;0.11117865145206451;0.019688494503498077;0.8691328763961792
34_ai_bi1_twice_pos;Vor vier Monaten hat Timo Sabine einen neuen Haarschnitt verpasst.;Vor einer Woche hat Sabine wieder einen neuen Haarschnitt bekommen, weil sie an einem Frisurenwettbewerb teilgenommen hat.;Sabine hat mindestens zweimal einen neuen Haarschnitt bekommen.;entailment;34;ai;bi;1;positive;twice;False;;;Vor vier Monaten hat Timo Sabine einen neuen Haarschnitt verpasst. Vor einer Woche hat Sabine wieder einen neuen Haarschnitt bekommen, weil sie an einem Frisurenwettbewerb teilgenommen hat.;Sabine hat mindestens zweimal einen neuen Haarschnitt bekommen.;morit/german_xlm_xnli;entailment;1;0.014606724493205547;0.04415398836135864;0.9412391781806946
34_ai_bi1_cannot_say_pos;Vor vier Monaten hat Timo Sabine einen neuen Haarschnitt verpasst.;Vor einer Woche hat Sabine wieder einen neuen Haarschnitt bekommen, weil sie an einem Frisurenwettbewerb teilgenommen hat.;Es lässt sich nicht sagen, wie oft Sabine einen neuen Haarschnitt bekommen hat.;unknown;34;ai;bi;1;positive;cannot say;False;;;Vor vier Monaten hat Timo Sabine einen neuen Haarschnitt verpasst. Vor einer Woche hat Sabine wieder einen neuen Haarschnitt bekommen, weil sie an einem Frisurenwettbewerb teilgenommen hat.;Es lässt sich nicht sagen, wie oft Sabine einen neuen Haarschnitt bekommen hat.;morit/german_xlm_xnli;neutral;1;0.2611812651157379;0.5822092294692993;0.15660952031612396
34_ai_bi2_once_neu;Vor vier Monaten hat Timo Sabine einen neuen Haarschnitt verpasst.;Vor einer Woche hat Timo wieder einen neuen Haarschnitt bekommen, weil er an einem Frisurenwettbewerb teilgenommen hat.;Timo hat einmal einen neuen Haarschnitt bekommen.;entailment;34;ai;bi;2;neutral;once;False;;;Vor vier Monaten hat Timo Sabine einen neuen Haarschnitt verpasst. Vor einer Woche hat Timo wieder einen neuen Haarschnitt bekommen, weil er an einem Frisurenwettbewerb teilgenommen hat.;Timo hat einmal einen neuen Haarschnitt bekommen.;morit/german_xlm_xnli;entailment;1;0.08573373407125473;0.01781284622848034;0.8964533805847168
34_ai_bi2_twice_neu;Vor vier Monaten hat Timo Sabine einen neuen Haarschnitt verpasst.;Vor einer Woche hat Timo wieder einen neuen Haarschnitt bekommen, weil er an einem Frisurenwettbewerb teilgenommen hat.;Timo hat mindestens zweimal einen neuen Haarschnitt bekommen.;unknown;34;ai;bi;2;neutral;twice;False;;;Vor vier Monaten hat Timo Sabine einen neuen Haarschnitt verpasst. Vor einer Woche hat Timo wieder einen neuen Haarschnitt bekommen, weil er an einem Frisurenwettbewerb teilgenommen hat.;Timo hat mindestens zweimal einen neuen Haarschnitt bekommen.;morit/german_xlm_xnli;entailment;0;0.006966559682041407;0.05576666444540024;0.9372667670249939
34_ai_bi2_cannot_say_neu;Vor vier Monaten hat Timo Sabine einen neuen Haarschnitt verpasst.;Vor einer Woche hat Timo wieder einen neuen Haarschnitt bekommen, weil er an einem Frisurenwettbewerb teilgenommen hat.;Es lässt sich nicht sagen, wie oft Timo einen neuen Haarschnitt bekommen hat.;unknown;34;ai;bi;2;neutral;cannot say;False;;;Vor vier Monaten hat Timo Sabine einen neuen Haarschnitt verpasst. Vor einer Woche hat Timo wieder einen neuen Haarschnitt bekommen, weil er an einem Frisurenwettbewerb teilgenommen hat.;Es lässt sich nicht sagen, wie oft Timo einen neuen Haarschnitt bekommen hat.;morit/german_xlm_xnli;neutral;1;0.2758786380290985;0.6098726391792297;0.11424865573644638
34_ai_bii1_once_neu;Vor vier Monaten hat Timo Sabine einen neuen Haarschnitt verpasst.;Vor einer Woche hat Sabine wieder einen neuen Haarschnitt kreiert, weil sie an einem Frisurenwettbewerb teilgenommen hat.;Sabine hat einmal einen neuen Haarschnitt kreiert.;entailment;34;ai;bii;1;neutral;once;False;;;Vor vier Monaten hat Timo Sabine einen neuen Haarschnitt verpasst. Vor einer Woche hat Sabine wieder einen neuen Haarschnitt kreiert, weil sie an einem Frisurenwettbewerb teilgenommen hat.;Sabine hat einmal einen neuen Haarschnitt kreiert.;morit/german_xlm_xnli;entailment;1;0.13308435678482056;0.0208776593208313;0.8460381031036377
34_ai_bii1_twice_neu;Vor vier Monaten hat Timo Sabine einen neuen Haarschnitt verpasst.;Vor einer Woche hat Sabine wieder einen neuen Haarschnitt kreiert, weil sie an einem Frisurenwettbewerb teilgenommen hat.;Sabine hat mindestens zweimal einen neuen Haarschnitt kreiert.;unknown;34;ai;bii;1;neutral;twice;False;;;Vor vier Monaten hat Timo Sabine einen neuen Haarschnitt verpasst. Vor einer Woche hat Sabine wieder einen neuen Haarschnitt kreiert, weil sie an einem Frisurenwettbewerb teilgenommen hat.;Sabine hat mindestens zweimal einen neuen Haarschnitt kreiert.;morit/german_xlm_xnli;entailment;0;0.005601365584880114;0.029845664277672768;0.9645530581474304
34_ai_bii1_cannot_say_neu;Vor vier Monaten hat Timo Sabine einen neuen Haarschnitt verpasst.;Vor einer Woche hat Sabine wieder einen neuen Haarschnitt kreiert, weil sie an einem Frisurenwettbewerb teilgenommen hat.;Es lässt sich nicht sagen, wie oft Sabine einen neuen Haarschnitt kreiert hat.;unknown;34;ai;bii;1;neutral;cannot say;False;;;Vor vier Monaten hat Timo Sabine einen neuen Haarschnitt verpasst. Vor einer Woche hat Sabine wieder einen neuen Haarschnitt kreiert, weil sie an einem Frisurenwettbewerb teilgenommen hat.;Es lässt sich nicht sagen, wie oft Sabine einen neuen Haarschnitt kreiert hat.;morit/german_xlm_xnli;neutral;1;0.14415490627288818;0.666619598865509;0.18922540545463562
34_ai_bii2_once_pos;Vor vier Monaten hat Timo Sabine einen neuen Haarschnitt verpasst.;Vor einer Woche hat Timo wieder einen neuen Haarschnitt kreiert, weil er an einem Frisurenwettbewerb teilgenommen hat.;Timo hat einmal einen neuen Haarschnitt kreiert.;unknown;34;ai;bii;2;positive;once;False;;;Vor vier Monaten hat Timo Sabine einen neuen Haarschnitt verpasst. Vor einer Woche hat Timo wieder einen neuen Haarschnitt kreiert, weil er an einem Frisurenwettbewerb teilgenommen hat.;Timo hat einmal einen neuen Haarschnitt kreiert.;morit/german_xlm_xnli;entailment;0;0.15296490490436554;0.018911665305495262;0.8281233310699463
34_ai_bii2_twice_pos;Vor vier Monaten hat Timo Sabine einen neuen Haarschnitt verpasst.;Vor einer Woche hat Timo wieder einen neuen Haarschnitt kreiert, weil er an einem Frisurenwettbewerb teilgenommen hat.;Timo hat mindestens zweimal einen neuen Haarschnitt kreiert.;entailment;34;ai;bii;2;positive;twice;False;;;Vor vier Monaten hat Timo Sabine einen neuen Haarschnitt verpasst. Vor einer Woche hat Timo wieder einen neuen Haarschnitt kreiert, weil er an einem Frisurenwettbewerb teilgenommen hat.;Timo hat mindestens zweimal einen neuen Haarschnitt kreiert.;morit/german_xlm_xnli;entailment;1;0.00395569484680891;0.0372786708176136;0.9587656855583191
34_ai_bii2_cannot_say_pos;Vor vier Monaten hat Timo Sabine einen neuen Haarschnitt verpasst.;Vor einer Woche hat Timo wieder einen neuen Haarschnitt kreiert, weil er an einem Frisurenwettbewerb teilgenommen hat.;Es lässt sich nicht sagen, wie oft Timo einen neuen Haarschnitt kreiert hat.;unknown;34;ai;bii;2;positive;cannot say;False;;;Vor vier Monaten hat Timo Sabine einen neuen Haarschnitt verpasst. Vor einer Woche hat Timo wieder einen neuen Haarschnitt kreiert, weil er an einem Frisurenwettbewerb teilgenommen hat.;Es lässt sich nicht sagen, wie oft Timo einen neuen Haarschnitt kreiert hat.;morit/german_xlm_xnli;neutral;1;0.1512671709060669;0.6642935276031494;0.18443937599658966
34_aii_bi1_once_neu;Vor vier Monaten hat Sabine Timo einen neuen Haarschnitt verpasst.;Vor einer Woche hat Sabine wieder einen neuen Haarschnitt bekommen, weil sie an einem Frisurenwettbewerb teilgenommen hat.;Sabine hat einmal einen neuen Haarschnitt bekommen.;entailment;34;aii;bi;1;neutral;once;False;;;Vor vier Monaten hat Sabine Timo einen neuen Haarschnitt verpasst. Vor einer Woche hat Sabine wieder einen neuen Haarschnitt bekommen, weil sie an einem Frisurenwettbewerb teilgenommen hat.;Sabine hat einmal einen neuen Haarschnitt bekommen.;morit/german_xlm_xnli;entailment;1;0.1254137009382248;0.02010628581047058;0.8544800281524658
34_aii_bi1_twice_neu;Vor vier Monaten hat Sabine Timo einen neuen Haarschnitt verpasst.;Vor einer Woche hat Sabine wieder einen neuen Haarschnitt bekommen, weil sie an einem Frisurenwettbewerb teilgenommen hat.;Sabine hat mindestens zweimal einen neuen Haarschnitt bekommen.;unknown;34;aii;bi;1;neutral;twice;False;;;Vor vier Monaten hat Sabine Timo einen neuen Haarschnitt verpasst. Vor einer Woche hat Sabine wieder einen neuen Haarschnitt bekommen, weil sie an einem Frisurenwettbewerb teilgenommen hat.;Sabine hat mindestens zweimal einen neuen Haarschnitt bekommen.;morit/german_xlm_xnli;entailment;0;0.010514561086893082;0.04029154032468796;0.9491938352584839
34_aii_bi1_cannot_say_neu;Vor vier Monaten hat Sabine Timo einen neuen Haarschnitt verpasst.;Vor einer Woche hat Sabine wieder einen neuen Haarschnitt bekommen, weil sie an einem Frisurenwettbewerb teilgenommen hat.;Es lässt sich nicht sagen, wie oft Sabine einen neuen Haarschnitt bekommen hat.;unknown;34;aii;bi;1;neutral;cannot say;False;;;Vor vier Monaten hat Sabine Timo einen neuen Haarschnitt verpasst. Vor einer Woche hat Sabine wieder einen neuen Haarschnitt bekommen, weil sie an einem Frisurenwettbewerb teilgenommen hat.;Es lässt sich nicht sagen, wie oft Sabine einen neuen Haarschnitt bekommen hat.;morit/german_xlm_xnli;neutral;1;0.21670106053352356;0.6251552104949951;0.15814371407032013
34_aii_bi2_once_pos;Vor vier Monaten hat Sabine Timo einen neuen Haarschnitt verpasst.;Vor einer Woche hat Timo wieder einen neuen Haarschnitt bekommen, weil er an einem Frisurenwettbewerb teilgenommen hat.;Timo hat einmal einen neuen Haarschnitt bekommen.;unknown;34;aii;bi;2;positive;once;False;;;Vor vier Monaten hat Sabine Timo einen neuen Haarschnitt verpasst. Vor einer Woche hat Timo wieder einen neuen Haarschnitt bekommen, weil er an einem Frisurenwettbewerb teilgenommen hat.;Timo hat einmal einen neuen Haarschnitt bekommen.;morit/german_xlm_xnli;entailment;0;0.07453052699565887;0.016266724094748497;0.9092028141021729
34_aii_bi2_twice_pos;Vor vier Monaten hat Sabine Timo einen neuen Haarschnitt verpasst.;Vor einer Woche hat Timo wieder einen neuen Haarschnitt bekommen, weil er an einem Frisurenwettbewerb teilgenommen hat.;Timo hat mindestens zweimal einen neuen Haarschnitt bekommen.;entailment;34;aii;bi;2;positive;twice;False;;;Vor vier Monaten hat Sabine Timo einen neuen Haarschnitt verpasst. Vor einer Woche hat Timo wieder einen neuen Haarschnitt bekommen, weil er an einem Frisurenwettbewerb teilgenommen hat.;Timo hat mindestens zweimal einen neuen Haarschnitt bekommen.;morit/german_xlm_xnli;entailment;1;0.008584192022681236;0.05347027629613876;0.9379454255104065
34_aii_bi2_cannot_say_pos;Vor vier Monaten hat Sabine Timo einen neuen Haarschnitt verpasst.;Vor einer Woche hat Timo wieder einen neuen Haarschnitt bekommen, weil er an einem Frisurenwettbewerb teilgenommen hat.;Es lässt sich nicht sagen, wie oft Timo einen neuen Haarschnitt bekommen hat.;unknown;34;aii;bi;2;positive;cannot say;False;;;Vor vier Monaten hat Sabine Timo einen neuen Haarschnitt verpasst. Vor einer Woche hat Timo wieder einen neuen Haarschnitt bekommen, weil er an einem Frisurenwettbewerb teilgenommen hat.;Es lässt sich nicht sagen, wie oft Timo einen neuen Haarschnitt bekommen hat.;morit/german_xlm_xnli;neutral;1;0.2724250257015228;0.5937610268592834;0.13381394743919373
34_aii_bii1_once_pos;Vor vier Monaten hat Sabine Timo einen neuen Haarschnitt verpasst.;Vor einer Woche hat Sabine wieder einen neuen Haarschnitt kreiert, weil sie an einem Frisurenwettbewerb teilgenommen hat.;Sabine hat einmal einen neuen Haarschnitt kreiert.;unknown;34;aii;bii;1;positive;once;False;;;Vor vier Monaten hat Sabine Timo einen neuen Haarschnitt verpasst. Vor einer Woche hat Sabine wieder einen neuen Haarschnitt kreiert, weil sie an einem Frisurenwettbewerb teilgenommen hat.;Sabine hat einmal einen neuen Haarschnitt kreiert.;morit/german_xlm_xnli;entailment;0;0.14854659140110016;0.02130308747291565;0.8301503658294678
34_aii_bii1_twice_pos;Vor vier Monaten hat Sabine Timo einen neuen Haarschnitt verpasst.;Vor einer Woche hat Sabine wieder einen neuen Haarschnitt kreiert, weil sie an einem Frisurenwettbewerb teilgenommen hat.;Sabine hat mindestens zweimal einen neuen Haarschnitt kreiert.;entailment;34;aii;bii;1;positive;twice;False;;;Vor vier Monaten hat Sabine Timo einen neuen Haarschnitt verpasst. Vor einer Woche hat Sabine wieder einen neuen Haarschnitt kreiert, weil sie an einem Frisurenwettbewerb teilgenommen hat.;Sabine hat mindestens zweimal einen neuen Haarschnitt kreiert.;morit/german_xlm_xnli;entailment;1;0.004315623547881842;0.027917608618736267;0.9677667617797852
34_aii_bii1_cannot_say_pos;Vor vier Monaten hat Sabine Timo einen neuen Haarschnitt verpasst.;Vor einer Woche hat Sabine wieder einen neuen Haarschnitt kreiert, weil sie an einem Frisurenwettbewerb teilgenommen hat.;Es lässt sich nicht sagen, wie oft Sabine einen neuen Haarschnitt kreiert hat.;unknown;34;aii;bii;1;positive;cannot say;False;;;Vor vier Monaten hat Sabine Timo einen neuen Haarschnitt verpasst. Vor einer Woche hat Sabine wieder einen neuen Haarschnitt kreiert, weil sie an einem Frisurenwettbewerb teilgenommen hat.;Es lässt sich nicht sagen, wie oft Sabine einen neuen Haarschnitt kreiert hat.;morit/german_xlm_xnli;neutral;1;0.10775977373123169;0.7152073979377747;0.17703288793563843
34_aii_bii2_once_neu;Vor vier Monaten hat Sabine Timo einen neuen Haarschnitt verpasst.;Vor einer Woche hat Timo wieder einen neuen Haarschnitt kreiert, weil er an einem Frisurenwettbewerb teilgenommen hat.;Timo hat einmal einen neuen Haarschnitt kreiert.;entailment;34;aii;bii;2;neutral;once;False;;;Vor vier Monaten hat Sabine Timo einen neuen Haarschnitt verpasst. Vor einer Woche hat Timo wieder einen neuen Haarschnitt kreiert, weil er an einem Frisurenwettbewerb teilgenommen hat.;Timo hat einmal einen neuen Haarschnitt kreiert.;morit/german_xlm_xnli;entailment;1;0.1267297863960266;0.01653832383453846;0.8567319512367249
34_aii_bii2_twice_neu;Vor vier Monaten hat Sabine Timo einen neuen Haarschnitt verpasst.;Vor einer Woche hat Timo wieder einen neuen Haarschnitt kreiert, weil er an einem Frisurenwettbewerb teilgenommen hat.;Timo hat mindestens zweimal einen neuen Haarschnitt kreiert.;unknown;34;aii;bii;2;neutral;twice;False;;;Vor vier Monaten hat Sabine Timo einen neuen Haarschnitt verpasst. Vor einer Woche hat Timo wieder einen neuen Haarschnitt kreiert, weil er an einem Frisurenwettbewerb teilgenommen hat.;Timo hat mindestens zweimal einen neuen Haarschnitt kreiert.;morit/german_xlm_xnli;entailment;0;0.004269992001354694;0.033974308520555496;0.9617556929588318
34_aii_bii2_cannot_say_neu;Vor vier Monaten hat Sabine Timo einen neuen Haarschnitt verpasst.;Vor einer Woche hat Timo wieder einen neuen Haarschnitt kreiert, weil er an einem Frisurenwettbewerb teilgenommen hat.;Es lässt sich nicht sagen, wie oft Timo einen neuen Haarschnitt kreiert hat.;unknown;34;aii;bii;2;neutral;cannot say;False;;;Vor vier Monaten hat Sabine Timo einen neuen Haarschnitt verpasst. Vor einer Woche hat Timo wieder einen neuen Haarschnitt kreiert, weil er an einem Frisurenwettbewerb teilgenommen hat.;Es lässt sich nicht sagen, wie oft Timo einen neuen Haarschnitt kreiert hat.;morit/german_xlm_xnli;neutral;1;0.14966507256031036;0.6341935396194458;0.21614131331443787
35_ai_bi1_once_pos;Vorletzte Woche hat Timo Tina fünf Euro geborgt.;Vor zwei Tagen hat Tina wieder eine kleine Geldsumme ausgeliehen, als sie in einer Kneipe verabredet war.;Tina hat einmal eine kleine Geldsumme ausgeliehen.;unknown;35;ai;bi;1;positive;once;False;;;Vorletzte Woche hat Timo Tina fünf Euro geborgt. Vor zwei Tagen hat Tina wieder eine kleine Geldsumme ausgeliehen, als sie in einer Kneipe verabredet war.;Tina hat einmal eine kleine Geldsumme ausgeliehen.;morit/german_xlm_xnli;entailment;0;0.003915853798389435;0.010946964845061302;0.9851372241973877
35_ai_bi1_twice_pos;Vorletzte Woche hat Timo Tina fünf Euro geborgt.;Vor zwei Tagen hat Tina wieder eine kleine Geldsumme ausgeliehen, als sie in einer Kneipe verabredet war.;Tina hat mindestens zweimal eine kleine Geldsumme ausgeliehen.;entailment;35;ai;bi;1;positive;twice;False;;;Vorletzte Woche hat Timo Tina fünf Euro geborgt. Vor zwei Tagen hat Tina wieder eine kleine Geldsumme ausgeliehen, als sie in einer Kneipe verabredet war.;Tina hat mindestens zweimal eine kleine Geldsumme ausgeliehen.;morit/german_xlm_xnli;entailment;1;0.00124223658349365;0.025495495647192;0.9732623100280762
35_ai_bi1_cannot_say_pos;Vorletzte Woche hat Timo Tina fünf Euro geborgt.;Vor zwei Tagen hat Tina wieder eine kleine Geldsumme ausgeliehen, als sie in einer Kneipe verabredet war.;Es lässt sich nicht sagen, wie oft Tina eine kleine Geldsumme ausgeliehen hat.;unknown;35;ai;bi;1;positive;cannot say;False;;;Vorletzte Woche hat Timo Tina fünf Euro geborgt. Vor zwei Tagen hat Tina wieder eine kleine Geldsumme ausgeliehen, als sie in einer Kneipe verabredet war.;Es lässt sich nicht sagen, wie oft Tina eine kleine Geldsumme ausgeliehen hat.;morit/german_xlm_xnli;neutral;1;0.04315195977687836;0.9046216607093811;0.05222637206315994
35_ai_bi2_once_neu;Vorletzte Woche hat Timo Tina fünf Euro geborgt.;Vor zwei Tagen hat Timo wieder eine kleine Geldsumme ausgeliehen, als er in einer Kneipe verabredet war.;Timo hat einmal eine kleine Geldsumme ausgeliehen.;entailment;35;ai;bi;2;neutral;once;False;;;Vorletzte Woche hat Timo Tina fünf Euro geborgt. Vor zwei Tagen hat Timo wieder eine kleine Geldsumme ausgeliehen, als er in einer Kneipe verabredet war.;Timo hat einmal eine kleine Geldsumme ausgeliehen.;morit/german_xlm_xnli;entailment;1;0.0054035307839512825;0.010893640108406544;0.9837028980255127
35_ai_bi2_twice_neu;Vorletzte Woche hat Timo Tina fünf Euro geborgt.;Vor zwei Tagen hat Timo wieder eine kleine Geldsumme ausgeliehen, als er in einer Kneipe verabredet war.;Timo hat mindestens zweimal eine kleine Geldsumme ausgeliehen.;unknown;35;ai;bi;2;neutral;twice;False;;;Vorletzte Woche hat Timo Tina fünf Euro geborgt. Vor zwei Tagen hat Timo wieder eine kleine Geldsumme ausgeliehen, als er in einer Kneipe verabredet war.;Timo hat mindestens zweimal eine kleine Geldsumme ausgeliehen.;morit/german_xlm_xnli;entailment;0;0.0013084542006254196;0.025454528629779816;0.9732369780540466
35_ai_bi2_cannot_say_neu;Vorletzte Woche hat Timo Tina fünf Euro geborgt.;Vor zwei Tagen hat Timo wieder eine kleine Geldsumme ausgeliehen, als er in einer Kneipe verabredet war.;Es lässt sich nicht sagen, wie oft Timo eine kleine Geldsumme ausgeliehen hat.;unknown;35;ai;bi;2;neutral;cannot say;False;;;Vorletzte Woche hat Timo Tina fünf Euro geborgt. Vor zwei Tagen hat Timo wieder eine kleine Geldsumme ausgeliehen, als er in einer Kneipe verabredet war.;Es lässt sich nicht sagen, wie oft Timo eine kleine Geldsumme ausgeliehen hat.;morit/german_xlm_xnli;neutral;1;0.041536614298820496;0.9117872714996338;0.046676155179739
35_ai_bii1_once_neu;Vorletzte Woche hat Timo Tina fünf Euro geborgt.;Vor zwei Tagen hat Tina wieder eine kleine Geldsumme verliehen, als sie in einer Kneipe verabredet war.;Tina hat einmal eine kleine Geldsumme verliehen.;entailment;35;ai;bii;1;neutral;once;False;;;Vorletzte Woche hat Timo Tina fünf Euro geborgt. Vor zwei Tagen hat Tina wieder eine kleine Geldsumme verliehen, als sie in einer Kneipe verabredet war.;Tina hat einmal eine kleine Geldsumme verliehen.;morit/german_xlm_xnli;entailment;1;0.00430929334834218;0.012012634426355362;0.9836781024932861
35_ai_bii1_twice_neu;Vorletzte Woche hat Timo Tina fünf Euro geborgt.;Vor zwei Tagen hat Tina wieder eine kleine Geldsumme verliehen, als sie in einer Kneipe verabredet war.;Tina hat mindestens zweimal eine kleine Geldsumme verliehen.;unknown;35;ai;bii;1;neutral;twice;False;;;Vorletzte Woche hat Timo Tina fünf Euro geborgt. Vor zwei Tagen hat Tina wieder eine kleine Geldsumme verliehen, als sie in einer Kneipe verabredet war.;Tina hat mindestens zweimal eine kleine Geldsumme verliehen.;morit/german_xlm_xnli;entailment;0;0.0013332038652151823;0.02726513333618641;0.9714016318321228
35_ai_bii1_cannot_say_neu;Vorletzte Woche hat Timo Tina fünf Euro geborgt.;Vor zwei Tagen hat Tina wieder eine kleine Geldsumme verliehen, als sie in einer Kneipe verabredet war.;Es lässt sich nicht sagen, wie oft Tina eine kleine Geldsumme verliehen hat.;unknown;35;ai;bii;1;neutral;cannot say;False;;;Vorletzte Woche hat Timo Tina fünf Euro geborgt. Vor zwei Tagen hat Tina wieder eine kleine Geldsumme verliehen, als sie in einer Kneipe verabredet war.;Es lässt sich nicht sagen, wie oft Tina eine kleine Geldsumme verliehen hat.;morit/german_xlm_xnli;neutral;1;0.04275980591773987;0.9162509441375732;0.040989361703395844
35_ai_bii2_once_pos;Vorletzte Woche hat Timo Tina fünf Euro geborgt.;Vor zwei Tagen hat Timo wieder eine kleine Geldsumme verliehen, als er in einer Kneipe verabredet war.;Timo hat einmal eine kleine Geldsumme verliehen.;unknown;35;ai;bii;2;positive;once;False;;;Vorletzte Woche hat Timo Tina fünf Euro geborgt. Vor zwei Tagen hat Timo wieder eine kleine Geldsumme verliehen, als er in einer Kneipe verabredet war.;Timo hat einmal eine kleine Geldsumme verliehen.;morit/german_xlm_xnli;entailment;0;0.005931918043643236;0.011903643608093262;0.9821645021438599
35_ai_bii2_twice_pos;Vorletzte Woche hat Timo Tina fünf Euro geborgt.;Vor zwei Tagen hat Timo wieder eine kleine Geldsumme verliehen, als er in einer Kneipe verabredet war.;Timo hat mindestens zweimal eine kleine Geldsumme verliehen.;entailment;35;ai;bii;2;positive;twice;False;;;Vorletzte Woche hat Timo Tina fünf Euro geborgt. Vor zwei Tagen hat Timo wieder eine kleine Geldsumme verliehen, als er in einer Kneipe verabredet war.;Timo hat mindestens zweimal eine kleine Geldsumme verliehen.;morit/german_xlm_xnli;entailment;1;0.0013947386760264635;0.027364330366253853;0.9712409377098083
35_ai_bii2_cannot_say_pos;Vorletzte Woche hat Timo Tina fünf Euro geborgt.;Vor zwei Tagen hat Timo wieder eine kleine Geldsumme verliehen, als er in einer Kneipe verabredet war.;Es lässt sich nicht sagen, wie oft Timo eine kleine Geldsumme verliehen hat.;unknown;35;ai;bii;2;positive;cannot say;False;;;Vorletzte Woche hat Timo Tina fünf Euro geborgt. Vor zwei Tagen hat Timo wieder eine kleine Geldsumme verliehen, als er in einer Kneipe verabredet war.;Es lässt sich nicht sagen, wie oft Timo eine kleine Geldsumme verliehen hat.;morit/german_xlm_xnli;neutral;1;0.04134611412882805;0.9220865964889526;0.036567337810993195
35_aii_bi1_once_neu;Vorletzte Woche hat Tina Timo fünf Euro geborgt.;Vor zwei Tagen hat Tina wieder eine kleine Geldsumme ausgeliehen, als sie in einer Kneipe verabredet war.;Tina hat einmal eine kleine Geldsumme ausgeliehen.;entailment;35;aii;bi;1;neutral;once;False;;;Vorletzte Woche hat Tina Timo fünf Euro geborgt. Vor zwei Tagen hat Tina wieder eine kleine Geldsumme ausgeliehen, als sie in einer Kneipe verabredet war.;Tina hat einmal eine kleine Geldsumme ausgeliehen.;morit/german_xlm_xnli;entailment;1;0.004006128292530775;0.012122591026127338;0.9838712215423584
35_aii_bi1_twice_neu;Vorletzte Woche hat Tina Timo fünf Euro geborgt.;Vor zwei Tagen hat Tina wieder eine kleine Geldsumme ausgeliehen, als sie in einer Kneipe verabredet war.;Tina hat mindestens zweimal eine kleine Geldsumme ausgeliehen.;unknown;35;aii;bi;1;neutral;twice;False;;;Vorletzte Woche hat Tina Timo fünf Euro geborgt. Vor zwei Tagen hat Tina wieder eine kleine Geldsumme ausgeliehen, als sie in einer Kneipe verabredet war.;Tina hat mindestens zweimal eine kleine Geldsumme ausgeliehen.;morit/german_xlm_xnli;entailment;0;0.0011872906470671296;0.026026511564850807;0.9727862477302551
35_aii_bi1_cannot_say_neu;Vorletzte Woche hat Tina Timo fünf Euro geborgt.;Vor zwei Tagen hat Tina wieder eine kleine Geldsumme ausgeliehen, als sie in einer Kneipe verabredet war.;Es lässt sich nicht sagen, wie oft Tina eine kleine Geldsumme ausgeliehen hat.;unknown;35;aii;bi;1;neutral;cannot say;False;;;Vorletzte Woche hat Tina Timo fünf Euro geborgt. Vor zwei Tagen hat Tina wieder eine kleine Geldsumme ausgeliehen, als sie in einer Kneipe verabredet war.;Es lässt sich nicht sagen, wie oft Tina eine kleine Geldsumme ausgeliehen hat.;morit/german_xlm_xnli;neutral;1;0.04095235466957092;0.9135323166847229;0.04551536217331886
35_aii_bi2_once_pos;Vorletzte Woche hat Tina Timo fünf Euro geborgt.;Vor zwei Tagen hat Timo wieder eine kleine Geldsumme ausgeliehen, als er in einer Kneipe verabredet war.;Timo hat einmal eine kleine Geldsumme ausgeliehen.;unknown;35;aii;bi;2;positive;once;False;;;Vorletzte Woche hat Tina Timo fünf Euro geborgt. Vor zwei Tagen hat Timo wieder eine kleine Geldsumme ausgeliehen, als er in einer Kneipe verabredet war.;Timo hat einmal eine kleine Geldsumme ausgeliehen.;morit/german_xlm_xnli;entailment;0;0.005751753691583872;0.010396736674010754;0.9838514924049377
35_aii_bi2_twice_pos;Vorletzte Woche hat Tina Timo fünf Euro geborgt.;Vor zwei Tagen hat Timo wieder eine kleine Geldsumme ausgeliehen, als er in einer Kneipe verabredet war.;Timo hat mindestens zweimal eine kleine Geldsumme ausgeliehen.;entailment;35;aii;bi;2;positive;twice;False;;;Vorletzte Woche hat Tina Timo fünf Euro geborgt. Vor zwei Tagen hat Timo wieder eine kleine Geldsumme ausgeliehen, als er in einer Kneipe verabredet war.;Timo hat mindestens zweimal eine kleine Geldsumme ausgeliehen.;morit/german_xlm_xnli;entailment;1;0.0014151744544506073;0.024427251890301704;0.9741576313972473
35_aii_bi2_cannot_say_pos;Vorletzte Woche hat Tina Timo fünf Euro geborgt.;Vor zwei Tagen hat Timo wieder eine kleine Geldsumme ausgeliehen, als er in einer Kneipe verabredet war.;Es lässt sich nicht sagen, wie oft Timo eine kleine Geldsumme ausgeliehen hat.;unknown;35;aii;bi;2;positive;cannot say;False;;;Vorletzte Woche hat Tina Timo fünf Euro geborgt. Vor zwei Tagen hat Timo wieder eine kleine Geldsumme ausgeliehen, als er in einer Kneipe verabredet war.;Es lässt sich nicht sagen, wie oft Timo eine kleine Geldsumme ausgeliehen hat.;morit/german_xlm_xnli;neutral;1;0.05252987891435623;0.8851062655448914;0.06236377730965614
35_aii_bii1_once_pos;Vorletzte Woche hat Tina Timo fünf Euro geborgt.;Vor zwei Tagen hat Tina wieder eine kleine Geldsumme verliehen, als sie in einer Kneipe verabredet war.;Tina hat einmal eine kleine Geldsumme verliehen.;unknown;35;aii;bii;1;positive;once;False;;;Vorletzte Woche hat Tina Timo fünf Euro geborgt. Vor zwei Tagen hat Tina wieder eine kleine Geldsumme verliehen, als sie in einer Kneipe verabredet war.;Tina hat einmal eine kleine Geldsumme verliehen.;morit/german_xlm_xnli;entailment;0;0.004496808163821697;0.01354539580643177;0.9819577932357788
35_aii_bii1_twice_pos;Vorletzte Woche hat Tina Timo fünf Euro geborgt.;Vor zwei Tagen hat Tina wieder eine kleine Geldsumme verliehen, als sie in einer Kneipe verabredet war.;Tina hat mindestens zweimal eine kleine Geldsumme verliehen.;entailment;35;aii;bii;1;positive;twice;False;;;Vorletzte Woche hat Tina Timo fünf Euro geborgt. Vor zwei Tagen hat Tina wieder eine kleine Geldsumme verliehen, als sie in einer Kneipe verabredet war.;Tina hat mindestens zweimal eine kleine Geldsumme verliehen.;morit/german_xlm_xnli;entailment;1;0.00127883767709136;0.02769797295331955;0.9710231423377991
35_aii_bii1_cannot_say_pos;Vorletzte Woche hat Tina Timo fünf Euro geborgt.;Vor zwei Tagen hat Tina wieder eine kleine Geldsumme verliehen, als sie in einer Kneipe verabredet war.;Es lässt sich nicht sagen, wie oft Tina eine kleine Geldsumme verliehen hat.;unknown;35;aii;bii;1;positive;cannot say;False;;;Vorletzte Woche hat Tina Timo fünf Euro geborgt. Vor zwei Tagen hat Tina wieder eine kleine Geldsumme verliehen, als sie in einer Kneipe verabredet war.;Es lässt sich nicht sagen, wie oft Tina eine kleine Geldsumme verliehen hat.;morit/german_xlm_xnli;neutral;1;0.04041033238172531;0.9234989285469055;0.0360906608402729
35_aii_bii2_once_neu;Vorletzte Woche hat Tina Timo fünf Euro geborgt.;Vor zwei Tagen hat Timo wieder eine kleine Geldsumme verliehen, als er in einer Kneipe verabredet war.;Timo hat einmal eine kleine Geldsumme verliehen.;entailment;35;aii;bii;2;neutral;once;False;;;Vorletzte Woche hat Tina Timo fünf Euro geborgt. Vor zwei Tagen hat Timo wieder eine kleine Geldsumme verliehen, als er in einer Kneipe verabredet war.;Timo hat einmal eine kleine Geldsumme verliehen.;morit/german_xlm_xnli;entailment;1;0.006333579774945974;0.011301270686089993;0.982365071773529
35_aii_bii2_twice_neu;Vorletzte Woche hat Tina Timo fünf Euro geborgt.;Vor zwei Tagen hat Timo wieder eine kleine Geldsumme verliehen, als er in einer Kneipe verabredet war.;Timo hat mindestens zweimal eine kleine Geldsumme verliehen.;unknown;35;aii;bii;2;neutral;twice;False;;;Vorletzte Woche hat Tina Timo fünf Euro geborgt. Vor zwei Tagen hat Timo wieder eine kleine Geldsumme verliehen, als er in einer Kneipe verabredet war.;Timo hat mindestens zweimal eine kleine Geldsumme verliehen.;morit/german_xlm_xnli;entailment;0;0.001502441125921905;0.026108501479029655;0.9723891019821167
35_aii_bii2_cannot_say_neu;Vorletzte Woche hat Tina Timo fünf Euro geborgt.;Vor zwei Tagen hat Timo wieder eine kleine Geldsumme verliehen, als er in einer Kneipe verabredet war.;Es lässt sich nicht sagen, wie oft Timo eine kleine Geldsumme verliehen hat.;unknown;35;aii;bii;2;neutral;cannot say;False;;;Vorletzte Woche hat Tina Timo fünf Euro geborgt. Vor zwei Tagen hat Timo wieder eine kleine Geldsumme verliehen, als er in einer Kneipe verabredet war.;Es lässt sich nicht sagen, wie oft Timo eine kleine Geldsumme verliehen hat.;morit/german_xlm_xnli;neutral;1;0.05175398662686348;0.8986121416091919;0.04963395744562149
36_ai_bi1_once_pos;Vor einem Monat hat Karl Thorsten eine dringende Erinnerung per Mail zukommen lassen.;Vor zwei Wochen hat Thorsten wieder eine dringende Erinnerung erhalten, während er an einem Projekt gearbeitet hat.;Thorsten hat einmal eine dringende Erinnerung erhalten.;unknown;36;ai;bi;1;positive;once;False;;;Vor einem Monat hat Karl Thorsten eine dringende Erinnerung per Mail zukommen lassen. Vor zwei Wochen hat Thorsten wieder eine dringende Erinnerung erhalten, während er an einem Projekt gearbeitet hat.;Thorsten hat einmal eine dringende Erinnerung erhalten.;morit/german_xlm_xnli;entailment;0;0.018150875344872475;0.013735157437622547;0.9681140184402466
36_ai_bi1_twice_pos;Vor einem Monat hat Karl Thorsten eine dringende Erinnerung per Mail zukommen lassen.;Vor zwei Wochen hat Thorsten wieder eine dringende Erinnerung erhalten, während er an einem Projekt gearbeitet hat.;Thorsten hat mindestens zweimal eine dringende Erinnerung erhalten.;entailment;36;ai;bi;1;positive;twice;False;;;Vor einem Monat hat Karl Thorsten eine dringende Erinnerung per Mail zukommen lassen. Vor zwei Wochen hat Thorsten wieder eine dringende Erinnerung erhalten, während er an einem Projekt gearbeitet hat.;Thorsten hat mindestens zweimal eine dringende Erinnerung erhalten.;morit/german_xlm_xnli;entailment;1;0.0015870163915678859;0.025695297867059708;0.9727177619934082
36_ai_bi1_cannot_say_pos;Vor einem Monat hat Karl Thorsten eine dringende Erinnerung per Mail zukommen lassen.;Vor zwei Wochen hat Thorsten wieder eine dringende Erinnerung erhalten, während er an einem Projekt gearbeitet hat.;Es lässt sich nicht sagen, wie oft Thorsten eine dringende Erinnerung erhalten hat.;unknown;36;ai;bi;1;positive;cannot say;False;;;Vor einem Monat hat Karl Thorsten eine dringende Erinnerung per Mail zukommen lassen. Vor zwei Wochen hat Thorsten wieder eine dringende Erinnerung erhalten, während er an einem Projekt gearbeitet hat.;Es lässt sich nicht sagen, wie oft Thorsten eine dringende Erinnerung erhalten hat.;morit/german_xlm_xnli;neutral;1;0.080181784927845;0.9058437943458557;0.013974498957395554
36_ai_bi2_once_neu;Vor einem Monat hat Karl Thorsten eine dringende Erinnerung per Mail zukommen lassen.;Vor zwei Wochen hat Karl wieder eine dringende Erinnerung erhalten, während er an einem Projekt gearbeitet hat.;Karl hat einmal eine dringende Erinnerung erhalten.;entailment;36;ai;bi;2;neutral;once;False;;;Vor einem Monat hat Karl Thorsten eine dringende Erinnerung per Mail zukommen lassen. Vor zwei Wochen hat Karl wieder eine dringende Erinnerung erhalten, während er an einem Projekt gearbeitet hat.;Karl hat einmal eine dringende Erinnerung erhalten.;morit/german_xlm_xnli;entailment;1;0.038573868572711945;0.02223186381161213;0.93919438123703
36_ai_bi2_twice_neu;Vor einem Monat hat Karl Thorsten eine dringende Erinnerung per Mail zukommen lassen.;Vor zwei Wochen hat Karl wieder eine dringende Erinnerung erhalten, während er an einem Projekt gearbeitet hat.;Karl hat mindestens zweimal eine dringende Erinnerung erhalten.;unknown;36;ai;bi;2;neutral;twice;False;;;Vor einem Monat hat Karl Thorsten eine dringende Erinnerung per Mail zukommen lassen. Vor zwei Wochen hat Karl wieder eine dringende Erinnerung erhalten, während er an einem Projekt gearbeitet hat.;Karl hat mindestens zweimal eine dringende Erinnerung erhalten.;morit/german_xlm_xnli;entailment;0;0.0015173907158896327;0.03246476873755455;0.9660178422927856
36_ai_bi2_cannot_say_neu;Vor einem Monat hat Karl Thorsten eine dringende Erinnerung per Mail zukommen lassen.;Vor zwei Wochen hat Karl wieder eine dringende Erinnerung erhalten, während er an einem Projekt gearbeitet hat.;Es lässt sich nicht sagen, wie oft Karl eine dringende Erinnerung erhalten hat.;unknown;36;ai;bi;2;neutral;cannot say;False;;;Vor einem Monat hat Karl Thorsten eine dringende Erinnerung per Mail zukommen lassen. Vor zwei Wochen hat Karl wieder eine dringende Erinnerung erhalten, während er an einem Projekt gearbeitet hat.;Es lässt sich nicht sagen, wie oft Karl eine dringende Erinnerung erhalten hat.;morit/german_xlm_xnli;neutral;1;0.06818199157714844;0.920584499835968;0.011233548633754253
36_ai_bii1_once_neu;Vor einem Monat hat Karl Thorsten eine dringende Erinnerung per Mail zukommen lassen.;Vor zwei Wochen hat Thorsten wieder eine dringende Erinnerung verschickt, während er an einem Projekt gearbeitet hat.;Thorsten hat einmal eine dringende Erinnerung verschickt.;entailment;36;ai;bii;1;neutral;once;False;;;Vor einem Monat hat Karl Thorsten eine dringende Erinnerung per Mail zukommen lassen. Vor zwei Wochen hat Thorsten wieder eine dringende Erinnerung verschickt, während er an einem Projekt gearbeitet hat.;Thorsten hat einmal eine dringende Erinnerung verschickt.;morit/german_xlm_xnli;entailment;1;0.02537432312965393;0.01885322481393814;0.9557723999023438
36_ai_bii1_twice_neu;Vor einem Monat hat Karl Thorsten eine dringende Erinnerung per Mail zukommen lassen.;Vor zwei Wochen hat Thorsten wieder eine dringende Erinnerung verschickt, während er an einem Projekt gearbeitet hat.;Thorsten hat mindestens zweimal eine dringende Erinnerung verschickt.;unknown;36;ai;bii;1;neutral;twice;False;;;Vor einem Monat hat Karl Thorsten eine dringende Erinnerung per Mail zukommen lassen. Vor zwei Wochen hat Thorsten wieder eine dringende Erinnerung verschickt, während er an einem Projekt gearbeitet hat.;Thorsten hat mindestens zweimal eine dringende Erinnerung verschickt.;morit/german_xlm_xnli;entailment;0;0.001977869775146246;0.02835492230951786;0.9696671366691589
36_ai_bii1_cannot_say_neu;Vor einem Monat hat Karl Thorsten eine dringende Erinnerung per Mail zukommen lassen.;Vor zwei Wochen hat Thorsten wieder eine dringende Erinnerung verschickt, während er an einem Projekt gearbeitet hat.;Es lässt sich nicht sagen, wie oft Thorsten eine dringende Erinnerung verschickt hat.;unknown;36;ai;bii;1;neutral;cannot say;False;;;Vor einem Monat hat Karl Thorsten eine dringende Erinnerung per Mail zukommen lassen. Vor zwei Wochen hat Thorsten wieder eine dringende Erinnerung verschickt, während er an einem Projekt gearbeitet hat.;Es lässt sich nicht sagen, wie oft Thorsten eine dringende Erinnerung verschickt hat.;morit/german_xlm_xnli;neutral;1;0.05031044781208038;0.9345695972442627;0.015119890682399273
36_ai_bii2_once_pos;Vor einem Monat hat Karl Thorsten eine dringende Erinnerung per Mail zukommen lassen.;Vor zwei Wochen hat Karl wieder eine dringende Erinnerung verschickt, während er an einem Projekt gearbeitet hat.;Karl hat einmal eine dringende Erinnerung verschickt.;unknown;36;ai;bii;2;positive;once;False;;;Vor einem Monat hat Karl Thorsten eine dringende Erinnerung per Mail zukommen lassen. Vor zwei Wochen hat Karl wieder eine dringende Erinnerung verschickt, während er an einem Projekt gearbeitet hat.;Karl hat einmal eine dringende Erinnerung verschickt.;morit/german_xlm_xnli;entailment;0;0.03839435055851936;0.01979733258485794;0.9418083429336548
36_ai_bii2_twice_pos;Vor einem Monat hat Karl Thorsten eine dringende Erinnerung per Mail zukommen lassen.;Vor zwei Wochen hat Karl wieder eine dringende Erinnerung verschickt, während er an einem Projekt gearbeitet hat.;Karl hat mindestens zweimal eine dringende Erinnerung verschickt.;entailment;36;ai;bii;2;positive;twice;False;;;Vor einem Monat hat Karl Thorsten eine dringende Erinnerung per Mail zukommen lassen. Vor zwei Wochen hat Karl wieder eine dringende Erinnerung verschickt, während er an einem Projekt gearbeitet hat.;Karl hat mindestens zweimal eine dringende Erinnerung verschickt.;morit/german_xlm_xnli;entailment;1;0.0015749915037304163;0.023248471319675446;0.9751765131950378
36_ai_bii2_cannot_say_pos;Vor einem Monat hat Karl Thorsten eine dringende Erinnerung per Mail zukommen lassen.;Vor zwei Wochen hat Karl wieder eine dringende Erinnerung verschickt, während er an einem Projekt gearbeitet hat.;Es lässt sich nicht sagen, wie oft Karl eine dringende Erinnerung verschickt hat.;unknown;36;ai;bii;2;positive;cannot say;False;;;Vor einem Monat hat Karl Thorsten eine dringende Erinnerung per Mail zukommen lassen. Vor zwei Wochen hat Karl wieder eine dringende Erinnerung verschickt, während er an einem Projekt gearbeitet hat.;Es lässt sich nicht sagen, wie oft Karl eine dringende Erinnerung verschickt hat.;morit/german_xlm_xnli;neutral;1;0.05918865650892258;0.9272483587265015;0.01356298103928566
36_aii_bi1_once_neu;Vor einem Monat hat Thorsten Karl eine dringende Erinnerung per Mail zukommen lassen.;Vor zwei Wochen hat Thorsten wieder eine dringende Erinnerung erhalten, während er an einem Projekt gearbeitet hat.;Thorsten hat einmal eine dringende Erinnerung erhalten.;entailment;36;aii;bi;1;neutral;once;False;;;Vor einem Monat hat Thorsten Karl eine dringende Erinnerung per Mail zukommen lassen. Vor zwei Wochen hat Thorsten wieder eine dringende Erinnerung erhalten, während er an einem Projekt gearbeitet hat.;Thorsten hat einmal eine dringende Erinnerung erhalten.;morit/german_xlm_xnli;entailment;1;0.022808212786912918;0.01574440486729145;0.9614473581314087
36_aii_bi1_twice_neu;Vor einem Monat hat Thorsten Karl eine dringende Erinnerung per Mail zukommen lassen.;Vor zwei Wochen hat Thorsten wieder eine dringende Erinnerung erhalten, während er an einem Projekt gearbeitet hat.;Thorsten hat mindestens zweimal eine dringende Erinnerung erhalten.;unknown;36;aii;bi;1;neutral;twice;False;;;Vor einem Monat hat Thorsten Karl eine dringende Erinnerung per Mail zukommen lassen. Vor zwei Wochen hat Thorsten wieder eine dringende Erinnerung erhalten, während er an einem Projekt gearbeitet hat.;Thorsten hat mindestens zweimal eine dringende Erinnerung erhalten.;morit/german_xlm_xnli;entailment;0;0.001728670671582222;0.025910193100571632;0.972361147403717
36_aii_bi1_cannot_say_neu;Vor einem Monat hat Thorsten Karl eine dringende Erinnerung per Mail zukommen lassen.;Vor zwei Wochen hat Thorsten wieder eine dringende Erinnerung erhalten, während er an einem Projekt gearbeitet hat.;Es lässt sich nicht sagen, wie oft Thorsten eine dringende Erinnerung erhalten hat.;unknown;36;aii;bi;1;neutral;cannot say;False;;;Vor einem Monat hat Thorsten Karl eine dringende Erinnerung per Mail zukommen lassen. Vor zwei Wochen hat Thorsten wieder eine dringende Erinnerung erhalten, während er an einem Projekt gearbeitet hat.;Es lässt sich nicht sagen, wie oft Thorsten eine dringende Erinnerung erhalten hat.;morit/german_xlm_xnli;neutral;1;0.05721293389797211;0.9316525459289551;0.011134512722492218
36_aii_bi2_once_pos;Vor einem Monat hat Thorsten Karl eine dringende Erinnerung per Mail zukommen lassen.;Vor zwei Wochen hat Karl wieder eine dringende Erinnerung erhalten, während er an einem Projekt gearbeitet hat.;Karl hat einmal eine dringende Erinnerung erhalten.;unknown;36;aii;bi;2;positive;once;False;;;Vor einem Monat hat Thorsten Karl eine dringende Erinnerung per Mail zukommen lassen. Vor zwei Wochen hat Karl wieder eine dringende Erinnerung erhalten, während er an einem Projekt gearbeitet hat.;Karl hat einmal eine dringende Erinnerung erhalten.;morit/german_xlm_xnli;entailment;0;0.03197168558835983;0.019370608031749725;0.9486576914787292
36_aii_bi2_twice_pos;Vor einem Monat hat Thorsten Karl eine dringende Erinnerung per Mail zukommen lassen.;Vor zwei Wochen hat Karl wieder eine dringende Erinnerung erhalten, während er an einem Projekt gearbeitet hat.;Karl hat mindestens zweimal eine dringende Erinnerung erhalten.;entailment;36;aii;bi;2;positive;twice;False;;;Vor einem Monat hat Thorsten Karl eine dringende Erinnerung per Mail zukommen lassen. Vor zwei Wochen hat Karl wieder eine dringende Erinnerung erhalten, während er an einem Projekt gearbeitet hat.;Karl hat mindestens zweimal eine dringende Erinnerung erhalten.;morit/german_xlm_xnli;entailment;1;0.0014108370523899794;0.03258085995912552;0.9660083651542664
36_aii_bi2_cannot_say_pos;Vor einem Monat hat Thorsten Karl eine dringende Erinnerung per Mail zukommen lassen.;Vor zwei Wochen hat Karl wieder eine dringende Erinnerung erhalten, während er an einem Projekt gearbeitet hat.;Es lässt sich nicht sagen, wie oft Karl eine dringende Erinnerung erhalten hat.;unknown;36;aii;bi;2;positive;cannot say;False;;;Vor einem Monat hat Thorsten Karl eine dringende Erinnerung per Mail zukommen lassen. Vor zwei Wochen hat Karl wieder eine dringende Erinnerung erhalten, während er an einem Projekt gearbeitet hat.;Es lässt sich nicht sagen, wie oft Karl eine dringende Erinnerung erhalten hat.;morit/german_xlm_xnli;neutral;1;0.06700140982866287;0.9218708276748657;0.011127687059342861
36_aii_bii1_once_pos;Vor einem Monat hat Thorsten Karl eine dringende Erinnerung per Mail zukommen lassen.;Vor zwei Wochen hat Thorsten wieder eine dringende Erinnerung verschickt, während er an einem Projekt gearbeitet hat.;Thorsten hat einmal eine dringende Erinnerung verschickt.;unknown;36;aii;bii;1;positive;once;False;;;Vor einem Monat hat Thorsten Karl eine dringende Erinnerung per Mail zukommen lassen. Vor zwei Wochen hat Thorsten wieder eine dringende Erinnerung verschickt, während er an einem Projekt gearbeitet hat.;Thorsten hat einmal eine dringende Erinnerung verschickt.;morit/german_xlm_xnli;entailment;0;0.03273387625813484;0.022007210180163383;0.9452588558197021
36_aii_bii1_twice_pos;Vor einem Monat hat Thorsten Karl eine dringende Erinnerung per Mail zukommen lassen.;Vor zwei Wochen hat Thorsten wieder eine dringende Erinnerung verschickt, während er an einem Projekt gearbeitet hat.;Thorsten hat mindestens zweimal eine dringende Erinnerung verschickt.;entailment;36;aii;bii;1;positive;twice;False;;;Vor einem Monat hat Thorsten Karl eine dringende Erinnerung per Mail zukommen lassen. Vor zwei Wochen hat Thorsten wieder eine dringende Erinnerung verschickt, während er an einem Projekt gearbeitet hat.;Thorsten hat mindestens zweimal eine dringende Erinnerung verschickt.;morit/german_xlm_xnli;entailment;1;0.002462365198880434;0.03018782287836075;0.9673498272895813
36_aii_bii1_cannot_say_pos;Vor einem Monat hat Thorsten Karl eine dringende Erinnerung per Mail zukommen lassen.;Vor zwei Wochen hat Thorsten wieder eine dringende Erinnerung verschickt, während er an einem Projekt gearbeitet hat.;Es lässt sich nicht sagen, wie oft Thorsten eine dringende Erinnerung verschickt hat.;unknown;36;aii;bii;1;positive;cannot say;False;;;Vor einem Monat hat Thorsten Karl eine dringende Erinnerung per Mail zukommen lassen. Vor zwei Wochen hat Thorsten wieder eine dringende Erinnerung verschickt, während er an einem Projekt gearbeitet hat.;Es lässt sich nicht sagen, wie oft Thorsten eine dringende Erinnerung verschickt hat.;morit/german_xlm_xnli;neutral;1;0.03420015051960945;0.9542451500892639;0.011554650031030178
36_aii_bii2_once_neu;Vor einem Monat hat Thorsten Karl eine dringende Erinnerung per Mail zukommen lassen.;Vor zwei Wochen hat Karl wieder eine dringende Erinnerung verschickt, während er an einem Projekt gearbeitet hat.;Karl hat einmal eine dringende Erinnerung verschickt.;entailment;36;aii;bii;2;neutral;once;False;;;Vor einem Monat hat Thorsten Karl eine dringende Erinnerung per Mail zukommen lassen. Vor zwei Wochen hat Karl wieder eine dringende Erinnerung verschickt, während er an einem Projekt gearbeitet hat.;Karl hat einmal eine dringende Erinnerung verschickt.;morit/german_xlm_xnli;entailment;1;0.030775398015975952;0.017768047749996185;0.9514565467834473
36_aii_bii2_twice_neu;Vor einem Monat hat Thorsten Karl eine dringende Erinnerung per Mail zukommen lassen.;Vor zwei Wochen hat Karl wieder eine dringende Erinnerung verschickt, während er an einem Projekt gearbeitet hat.;Karl hat mindestens zweimal eine dringende Erinnerung verschickt.;unknown;36;aii;bii;2;neutral;twice;False;;;Vor einem Monat hat Thorsten Karl eine dringende Erinnerung per Mail zukommen lassen. Vor zwei Wochen hat Karl wieder eine dringende Erinnerung verschickt, während er an einem Projekt gearbeitet hat.;Karl hat mindestens zweimal eine dringende Erinnerung verschickt.;morit/german_xlm_xnli;entailment;0;0.0014312334824353456;0.02331560105085373;0.975253164768219
36_aii_bii2_cannot_say_neu;Vor einem Monat hat Thorsten Karl eine dringende Erinnerung per Mail zukommen lassen.;Vor zwei Wochen hat Karl wieder eine dringende Erinnerung verschickt, während er an einem Projekt gearbeitet hat.;Es lässt sich nicht sagen, wie oft Karl eine dringende Erinnerung verschickt hat.;unknown;36;aii;bii;2;neutral;cannot say;False;;;Vor einem Monat hat Thorsten Karl eine dringende Erinnerung per Mail zukommen lassen. Vor zwei Wochen hat Karl wieder eine dringende Erinnerung verschickt, während er an einem Projekt gearbeitet hat.;Es lässt sich nicht sagen, wie oft Karl eine dringende Erinnerung verschickt hat.;morit/german_xlm_xnli;neutral;1;0.05800578370690346;0.9286543130874634;0.013339904136955738
37_ai_bi1_once_pos;Vor vier Jahren hat Karl Judith ein maßgefertigtes Bett gebaut.;Vor fünf Wochen hat Judith wieder ein maßgefertigtes Bett bekommen, weil sie mit einem Freund zusammen zieht.;Judith hat einmal ein maßgefertigtes Bett bekommen.;unknown;37;ai;bi;1;positive;once;False;;;Vor vier Jahren hat Karl Judith ein maßgefertigtes Bett gebaut. Vor fünf Wochen hat Judith wieder ein maßgefertigtes Bett bekommen, weil sie mit einem Freund zusammen zieht.;Judith hat einmal ein maßgefertigtes Bett bekommen.;morit/german_xlm_xnli;entailment;0;0.052815936505794525;0.014455435797572136;0.9327285289764404
37_ai_bi1_twice_pos;Vor vier Jahren hat Karl Judith ein maßgefertigtes Bett gebaut.;Vor fünf Wochen hat Judith wieder ein maßgefertigtes Bett bekommen, weil sie mit einem Freund zusammen zieht.;Judith hat mindestens zweimal ein maßgefertigtes Bett bekommen.;entailment;37;ai;bi;1;positive;twice;False;;;Vor vier Jahren hat Karl Judith ein maßgefertigtes Bett gebaut. Vor fünf Wochen hat Judith wieder ein maßgefertigtes Bett bekommen, weil sie mit einem Freund zusammen zieht.;Judith hat mindestens zweimal ein maßgefertigtes Bett bekommen.;morit/german_xlm_xnli;entailment;1;0.003068071324378252;0.05509160831570625;0.9418402910232544
37_ai_bi1_cannot_say_pos;Vor vier Jahren hat Karl Judith ein maßgefertigtes Bett gebaut.;Vor fünf Wochen hat Judith wieder ein maßgefertigtes Bett bekommen, weil sie mit einem Freund zusammen zieht.;Es lässt sich nicht sagen, wie oft Judith ein maßgefertigtes Bett bekommen hat.;unknown;37;ai;bi;1;positive;cannot say;False;;;Vor vier Jahren hat Karl Judith ein maßgefertigtes Bett gebaut. Vor fünf Wochen hat Judith wieder ein maßgefertigtes Bett bekommen, weil sie mit einem Freund zusammen zieht.;Es lässt sich nicht sagen, wie oft Judith ein maßgefertigtes Bett bekommen hat.;morit/german_xlm_xnli;neutral;1;0.06341361254453659;0.8958681225776672;0.040718287229537964
37_ai_bi2_once_neu;Vor vier Jahren hat Karl Judith ein maßgefertigtes Bett gebaut.;Vor fünf Wochen hat Karl wieder ein maßgefertigtes Bett bekommen, weil er mit einem Freund zusammen zieht.;Karl hat einmal ein maßgefertigtes Bett bekommen.;entailment;37;ai;bi;2;neutral;once;False;;;Vor vier Jahren hat Karl Judith ein maßgefertigtes Bett gebaut. Vor fünf Wochen hat Karl wieder ein maßgefertigtes Bett bekommen, weil er mit einem Freund zusammen zieht.;Karl hat einmal ein maßgefertigtes Bett bekommen.;morit/german_xlm_xnli;entailment;1;0.10609687119722366;0.020274095237255096;0.8736290335655212
37_ai_bi2_twice_neu;Vor vier Jahren hat Karl Judith ein maßgefertigtes Bett gebaut.;Vor fünf Wochen hat Karl wieder ein maßgefertigtes Bett bekommen, weil er mit einem Freund zusammen zieht.;Karl hat mindestens zweimal ein maßgefertigtes Bett bekommen.;unknown;37;ai;bi;2;neutral;twice;False;;;Vor vier Jahren hat Karl Judith ein maßgefertigtes Bett gebaut. Vor fünf Wochen hat Karl wieder ein maßgefertigtes Bett bekommen, weil er mit einem Freund zusammen zieht.;Karl hat mindestens zweimal ein maßgefertigtes Bett bekommen.;morit/german_xlm_xnli;entailment;0;0.002202374627813697;0.05538269504904747;0.9424148797988892
37_ai_bi2_cannot_say_neu;Vor vier Jahren hat Karl Judith ein maßgefertigtes Bett gebaut.;Vor fünf Wochen hat Karl wieder ein maßgefertigtes Bett bekommen, weil er mit einem Freund zusammen zieht.;Es lässt sich nicht sagen, wie oft Karl ein maßgefertigtes Bett bekommen hat.;unknown;37;ai;bi;2;neutral;cannot say;False;;;Vor vier Jahren hat Karl Judith ein maßgefertigtes Bett gebaut. Vor fünf Wochen hat Karl wieder ein maßgefertigtes Bett bekommen, weil er mit einem Freund zusammen zieht.;Es lässt sich nicht sagen, wie oft Karl ein maßgefertigtes Bett bekommen hat.;morit/german_xlm_xnli;neutral;1;0.05221886932849884;0.9268170595169067;0.020964069291949272
37_ai_bii1_once_neu;Vor vier Jahren hat Karl Judith ein maßgefertigtes Bett gebaut.;Vor fünf Wochen hat Judith wieder ein maßgefertigtes Bett konstruiert, weil sie mit einem Freund zusammen zieht.;Judith hat einmal ein maßgefertigtes Bett konstruiert.;entailment;37;ai;bii;1;neutral;once;False;;;Vor vier Jahren hat Karl Judith ein maßgefertigtes Bett gebaut. Vor fünf Wochen hat Judith wieder ein maßgefertigtes Bett konstruiert, weil sie mit einem Freund zusammen zieht.;Judith hat einmal ein maßgefertigtes Bett konstruiert.;morit/german_xlm_xnli;entailment;1;0.08526686578989029;0.017361760139465332;0.8973714113235474
37_ai_bii1_twice_neu;Vor vier Jahren hat Karl Judith ein maßgefertigtes Bett gebaut.;Vor fünf Wochen hat Judith wieder ein maßgefertigtes Bett konstruiert, weil sie mit einem Freund zusammen zieht.;Judith hat mindestens zweimal ein maßgefertigtes Bett konstruiert.;unknown;37;ai;bii;1;neutral;twice;False;;;Vor vier Jahren hat Karl Judith ein maßgefertigtes Bett gebaut. Vor fünf Wochen hat Judith wieder ein maßgefertigtes Bett konstruiert, weil sie mit einem Freund zusammen zieht.;Judith hat mindestens zweimal ein maßgefertigtes Bett konstruiert.;morit/german_xlm_xnli;entailment;0;0.004650675691664219;0.03964263200759888;0.9557066559791565
37_ai_bii1_cannot_say_neu;Vor vier Jahren hat Karl Judith ein maßgefertigtes Bett gebaut.;Vor fünf Wochen hat Judith wieder ein maßgefertigtes Bett konstruiert, weil sie mit einem Freund zusammen zieht.;Es lässt sich nicht sagen, wie oft Judith ein maßgefertigtes Bett konstruiert hat.;unknown;37;ai;bii;1;neutral;cannot say;False;;;Vor vier Jahren hat Karl Judith ein maßgefertigtes Bett gebaut. Vor fünf Wochen hat Judith wieder ein maßgefertigtes Bett konstruiert, weil sie mit einem Freund zusammen zieht.;Es lässt sich nicht sagen, wie oft Judith ein maßgefertigtes Bett konstruiert hat.;morit/german_xlm_xnli;neutral;1;0.09096323698759079;0.7809486389160156;0.12808820605278015
37_ai_bii2_once_pos;Vor vier Jahren hat Karl Judith ein maßgefertigtes Bett gebaut.;Vor fünf Wochen hat Karl wieder ein maßgefertigtes Bett konstruiert, weil er mit einem Freund zusammen zieht.;Karl hat einmal ein maßgefertigtes Bett konstruiert.;unknown;37;ai;bii;2;positive;once;False;;;Vor vier Jahren hat Karl Judith ein maßgefertigtes Bett gebaut. Vor fünf Wochen hat Karl wieder ein maßgefertigtes Bett konstruiert, weil er mit einem Freund zusammen zieht.;Karl hat einmal ein maßgefertigtes Bett konstruiert.;morit/german_xlm_xnli;entailment;0;0.1604313999414444;0.02262945845723152;0.816939115524292
37_ai_bii2_twice_pos;Vor vier Jahren hat Karl Judith ein maßgefertigtes Bett gebaut.;Vor fünf Wochen hat Karl wieder ein maßgefertigtes Bett konstruiert, weil er mit einem Freund zusammen zieht.;Karl hat mindestens zweimal ein maßgefertigtes Bett konstruiert.;entailment;37;ai;bii;2;positive;twice;False;;;Vor vier Jahren hat Karl Judith ein maßgefertigtes Bett gebaut. Vor fünf Wochen hat Karl wieder ein maßgefertigtes Bett konstruiert, weil er mit einem Freund zusammen zieht.;Karl hat mindestens zweimal ein maßgefertigtes Bett konstruiert.;morit/german_xlm_xnli;entailment;1;0.0031116835307329893;0.04304037615656853;0.9538479447364807
37_ai_bii2_cannot_say_pos;Vor vier Jahren hat Karl Judith ein maßgefertigtes Bett gebaut.;Vor fünf Wochen hat Karl wieder ein maßgefertigtes Bett konstruiert, weil er mit einem Freund zusammen zieht.;Es lässt sich nicht sagen, wie oft Karl ein maßgefertigtes Bett konstruiert hat.;unknown;37;ai;bii;2;positive;cannot say;False;;;Vor vier Jahren hat Karl Judith ein maßgefertigtes Bett gebaut. Vor fünf Wochen hat Karl wieder ein maßgefertigtes Bett konstruiert, weil er mit einem Freund zusammen zieht.;Es lässt sich nicht sagen, wie oft Karl ein maßgefertigtes Bett konstruiert hat.;morit/german_xlm_xnli;neutral;1;0.09064680337905884;0.8208916187286377;0.08846160024404526
37_aii_bi1_once_neu;Vor vier Jahren hat Judith Karl ein maßgefertigtes Bett gebaut.;Vor fünf Wochen hat Judith wieder ein maßgefertigtes Bett bekommen, weil sie mit einem Freund zusammen zieht.;Judith hat einmal ein maßgefertigtes Bett bekommen.;entailment;37;aii;bi;1;neutral;once;False;;;Vor vier Jahren hat Judith Karl ein maßgefertigtes Bett gebaut. Vor fünf Wochen hat Judith wieder ein maßgefertigtes Bett bekommen, weil sie mit einem Freund zusammen zieht.;Judith hat einmal ein maßgefertigtes Bett bekommen.;morit/german_xlm_xnli;entailment;1;0.06749574095010757;0.01784762367606163;0.9146566390991211
37_aii_bi1_twice_neu;Vor vier Jahren hat Judith Karl ein maßgefertigtes Bett gebaut.;Vor fünf Wochen hat Judith wieder ein maßgefertigtes Bett bekommen, weil sie mit einem Freund zusammen zieht.;Judith hat mindestens zweimal ein maßgefertigtes Bett bekommen.;unknown;37;aii;bi;1;neutral;twice;False;;;Vor vier Jahren hat Judith Karl ein maßgefertigtes Bett gebaut. Vor fünf Wochen hat Judith wieder ein maßgefertigtes Bett bekommen, weil sie mit einem Freund zusammen zieht.;Judith hat mindestens zweimal ein maßgefertigtes Bett bekommen.;morit/german_xlm_xnli;entailment;0;0.0030698596965521574;0.05673658102750778;0.9401935338973999
37_aii_bi1_cannot_say_neu;Vor vier Jahren hat Judith Karl ein maßgefertigtes Bett gebaut.;Vor fünf Wochen hat Judith wieder ein maßgefertigtes Bett bekommen, weil sie mit einem Freund zusammen zieht.;Es lässt sich nicht sagen, wie oft Judith ein maßgefertigtes Bett bekommen hat.;unknown;37;aii;bi;1;neutral;cannot say;False;;;Vor vier Jahren hat Judith Karl ein maßgefertigtes Bett gebaut. Vor fünf Wochen hat Judith wieder ein maßgefertigtes Bett bekommen, weil sie mit einem Freund zusammen zieht.;Es lässt sich nicht sagen, wie oft Judith ein maßgefertigtes Bett bekommen hat.;morit/german_xlm_xnli;neutral;1;0.05498461425304413;0.9110134243965149;0.034001950174570084
37_aii_bi2_once_pos;Vor vier Jahren hat Judith Karl ein maßgefertigtes Bett gebaut.;Vor fünf Wochen hat Karl wieder ein maßgefertigtes Bett bekommen, weil er mit einem Freund zusammen zieht.;Karl hat einmal ein maßgefertigtes Bett bekommen.;unknown;37;aii;bi;2;positive;once;False;;;Vor vier Jahren hat Judith Karl ein maßgefertigtes Bett gebaut. Vor fünf Wochen hat Karl wieder ein maßgefertigtes Bett bekommen, weil er mit einem Freund zusammen zieht.;Karl hat einmal ein maßgefertigtes Bett bekommen.;morit/german_xlm_xnli;entailment;0;0.06731405854225159;0.018235478550195694;0.914450466632843
37_aii_bi2_twice_pos;Vor vier Jahren hat Judith Karl ein maßgefertigtes Bett gebaut.;Vor fünf Wochen hat Karl wieder ein maßgefertigtes Bett bekommen, weil er mit einem Freund zusammen zieht.;Karl hat mindestens zweimal ein maßgefertigtes Bett bekommen.;entailment;37;aii;bi;2;positive;twice;False;;;Vor vier Jahren hat Judith Karl ein maßgefertigtes Bett gebaut. Vor fünf Wochen hat Karl wieder ein maßgefertigtes Bett bekommen, weil er mit einem Freund zusammen zieht.;Karl hat mindestens zweimal ein maßgefertigtes Bett bekommen.;morit/german_xlm_xnli;entailment;1;0.0023791594430804253;0.058630190789699554;0.9389906525611877
37_aii_bi2_cannot_say_pos;Vor vier Jahren hat Judith Karl ein maßgefertigtes Bett gebaut.;Vor fünf Wochen hat Karl wieder ein maßgefertigtes Bett bekommen, weil er mit einem Freund zusammen zieht.;Es lässt sich nicht sagen, wie oft Karl ein maßgefertigtes Bett bekommen hat.;unknown;37;aii;bi;2;positive;cannot say;False;;;Vor vier Jahren hat Judith Karl ein maßgefertigtes Bett gebaut. Vor fünf Wochen hat Karl wieder ein maßgefertigtes Bett bekommen, weil er mit einem Freund zusammen zieht.;Es lässt sich nicht sagen, wie oft Karl ein maßgefertigtes Bett bekommen hat.;morit/german_xlm_xnli;neutral;1;0.05069665238261223;0.9275510907173157;0.021752241998910904
37_aii_bii1_once_pos;Vor vier Jahren hat Judith Karl ein maßgefertigtes Bett gebaut.;Vor fünf Wochen hat Judith wieder ein maßgefertigtes Bett konstruiert, weil sie mit einem Freund zusammen zieht.;Judith hat einmal ein maßgefertigtes Bett konstruiert.;unknown;37;aii;bii;1;positive;once;False;;;Vor vier Jahren hat Judith Karl ein maßgefertigtes Bett gebaut. Vor fünf Wochen hat Judith wieder ein maßgefertigtes Bett konstruiert, weil sie mit einem Freund zusammen zieht.;Judith hat einmal ein maßgefertigtes Bett konstruiert.;morit/german_xlm_xnli;entailment;0;0.1039082333445549;0.02082316391170025;0.8752686381340027
37_aii_bii1_twice_pos;Vor vier Jahren hat Judith Karl ein maßgefertigtes Bett gebaut.;Vor fünf Wochen hat Judith wieder ein maßgefertigtes Bett konstruiert, weil sie mit einem Freund zusammen zieht.;Judith hat mindestens zweimal ein maßgefertigtes Bett konstruiert.;entailment;37;aii;bii;1;positive;twice;False;;;Vor vier Jahren hat Judith Karl ein maßgefertigtes Bett gebaut. Vor fünf Wochen hat Judith wieder ein maßgefertigtes Bett konstruiert, weil sie mit einem Freund zusammen zieht.;Judith hat mindestens zweimal ein maßgefertigtes Bett konstruiert.;morit/german_xlm_xnli;entailment;1;0.004326367750763893;0.04185494780540466;0.9538187384605408
37_aii_bii1_cannot_say_pos;Vor vier Jahren hat Judith Karl ein maßgefertigtes Bett gebaut.;Vor fünf Wochen hat Judith wieder ein maßgefertigtes Bett konstruiert, weil sie mit einem Freund zusammen zieht.;Es lässt sich nicht sagen, wie oft Judith ein maßgefertigtes Bett konstruiert hat.;unknown;37;aii;bii;1;positive;cannot say;False;;;Vor vier Jahren hat Judith Karl ein maßgefertigtes Bett gebaut. Vor fünf Wochen hat Judith wieder ein maßgefertigtes Bett konstruiert, weil sie mit einem Freund zusammen zieht.;Es lässt sich nicht sagen, wie oft Judith ein maßgefertigtes Bett konstruiert hat.;morit/german_xlm_xnli;neutral;1;0.07274234294891357;0.8390785455703735;0.08817906677722931
37_aii_bii2_once_neu;Vor vier Jahren hat Judith Karl ein maßgefertigtes Bett gebaut.;Vor fünf Wochen hat Karl wieder ein maßgefertigtes Bett konstruiert, weil er mit einem Freund zusammen zieht.;Karl hat einmal ein maßgefertigtes Bett konstruiert.;entailment;37;aii;bii;2;neutral;once;False;;;Vor vier Jahren hat Judith Karl ein maßgefertigtes Bett gebaut. Vor fünf Wochen hat Karl wieder ein maßgefertigtes Bett konstruiert, weil er mit einem Freund zusammen zieht.;Karl hat einmal ein maßgefertigtes Bett konstruiert.;morit/german_xlm_xnli;entailment;1;0.1219555139541626;0.0209202878177166;0.8571242094039917
37_aii_bii2_twice_neu;Vor vier Jahren hat Judith Karl ein maßgefertigtes Bett gebaut.;Vor fünf Wochen hat Karl wieder ein maßgefertigtes Bett konstruiert, weil er mit einem Freund zusammen zieht.;Karl hat mindestens zweimal ein maßgefertigtes Bett konstruiert.;unknown;37;aii;bii;2;neutral;twice;False;;;Vor vier Jahren hat Judith Karl ein maßgefertigtes Bett gebaut. Vor fünf Wochen hat Karl wieder ein maßgefertigtes Bett konstruiert, weil er mit einem Freund zusammen zieht.;Karl hat mindestens zweimal ein maßgefertigtes Bett konstruiert.;morit/german_xlm_xnli;entailment;0;0.0034062580671161413;0.04585389047861099;0.950739860534668
37_aii_bii2_cannot_say_neu;Vor vier Jahren hat Judith Karl ein maßgefertigtes Bett gebaut.;Vor fünf Wochen hat Karl wieder ein maßgefertigtes Bett konstruiert, weil er mit einem Freund zusammen zieht.;Es lässt sich nicht sagen, wie oft Karl ein maßgefertigtes Bett konstruiert hat.;unknown;37;aii;bii;2;neutral;cannot say;False;;;Vor vier Jahren hat Judith Karl ein maßgefertigtes Bett gebaut. Vor fünf Wochen hat Karl wieder ein maßgefertigtes Bett konstruiert, weil er mit einem Freund zusammen zieht.;Es lässt sich nicht sagen, wie oft Karl ein maßgefertigtes Bett konstruiert hat.;morit/german_xlm_xnli;neutral;1;0.09389553964138031;0.8153162598609924;0.09078818559646606
38_ai_bi1_once_pos;Vor drei Monaten hat Karl für Linda ein neues Instrument gekauft.;Vor zwei Wochen hat Linda wieder ein neues Instrument bekommen, weil sie in ein Orchester eingetreten ist.;Linda hat einmal ein neues Instrument bekommen.;unknown;38;ai;bi;1;positive;once;False;;;Vor drei Monaten hat Karl für Linda ein neues Instrument gekauft. Vor zwei Wochen hat Linda wieder ein neues Instrument bekommen, weil sie in ein Orchester eingetreten ist.;Linda hat einmal ein neues Instrument bekommen.;morit/german_xlm_xnli;entailment;0;0.11043539643287659;0.03522258624434471;0.8543421030044556
38_ai_bi1_twice_pos;Vor drei Monaten hat Karl für Linda ein neues Instrument gekauft.;Vor zwei Wochen hat Linda wieder ein neues Instrument bekommen, weil sie in ein Orchester eingetreten ist.;Linda hat mindestens zweimal ein neues Instrument bekommen.;entailment;38;ai;bi;1;positive;twice;False;;;Vor drei Monaten hat Karl für Linda ein neues Instrument gekauft. Vor zwei Wochen hat Linda wieder ein neues Instrument bekommen, weil sie in ein Orchester eingetreten ist.;Linda hat mindestens zweimal ein neues Instrument bekommen.;morit/german_xlm_xnli;entailment;1;0.002294400939717889;0.1027102842926979;0.8949953317642212
38_ai_bi1_cannot_say_pos;Vor drei Monaten hat Karl für Linda ein neues Instrument gekauft.;Vor zwei Wochen hat Linda wieder ein neues Instrument bekommen, weil sie in ein Orchester eingetreten ist.;Es lässt sich nicht sagen, wie oft Linda ein neues Instrument bekommen hat.;unknown;38;ai;bi;1;positive;cannot say;False;;;Vor drei Monaten hat Karl für Linda ein neues Instrument gekauft. Vor zwei Wochen hat Linda wieder ein neues Instrument bekommen, weil sie in ein Orchester eingetreten ist.;Es lässt sich nicht sagen, wie oft Linda ein neues Instrument bekommen hat.;morit/german_xlm_xnli;neutral;1;0.0775747150182724;0.8850085139274597;0.03741670399904251
38_ai_bi2_once_neu;Vor drei Monaten hat Karl für Linda ein neues Instrument gekauft.;Vor zwei Wochen hat Karl wieder ein neues Instrument bekommen, weil er in ein Orchester eingetreten ist.;Karl hat einmal ein neues Instrument bekommen.;entailment;38;ai;bi;2;neutral;once;False;;;Vor drei Monaten hat Karl für Linda ein neues Instrument gekauft. Vor zwei Wochen hat Karl wieder ein neues Instrument bekommen, weil er in ein Orchester eingetreten ist.;Karl hat einmal ein neues Instrument bekommen.;morit/german_xlm_xnli;entailment;1;0.09428062289953232;0.032478272914886475;0.8732410669326782
38_ai_bi2_twice_neu;Vor drei Monaten hat Karl für Linda ein neues Instrument gekauft.;Vor zwei Wochen hat Karl wieder ein neues Instrument bekommen, weil er in ein Orchester eingetreten ist.;Karl hat mindestens zweimal ein neues Instrument bekommen.;unknown;38;ai;bi;2;neutral;twice;False;;;Vor drei Monaten hat Karl für Linda ein neues Instrument gekauft. Vor zwei Wochen hat Karl wieder ein neues Instrument bekommen, weil er in ein Orchester eingetreten ist.;Karl hat mindestens zweimal ein neues Instrument bekommen.;morit/german_xlm_xnli;entailment;0;0.0018693218007683754;0.08745257556438446;0.9106781482696533
38_ai_bi2_cannot_say_neu;Vor drei Monaten hat Karl für Linda ein neues Instrument gekauft.;Vor zwei Wochen hat Karl wieder ein neues Instrument bekommen, weil er in ein Orchester eingetreten ist.;Es lässt sich nicht sagen, wie oft Karl ein neues Instrument bekommen hat.;unknown;38;ai;bi;2;neutral;cannot say;False;;;Vor drei Monaten hat Karl für Linda ein neues Instrument gekauft. Vor zwei Wochen hat Karl wieder ein neues Instrument bekommen, weil er in ein Orchester eingetreten ist.;Es lässt sich nicht sagen, wie oft Karl ein neues Instrument bekommen hat.;morit/german_xlm_xnli;neutral;1;0.07697495818138123;0.8855489492416382;0.03747598081827164
38_ai_bii1_once_neu;Vor drei Monaten hat Karl für Linda ein neues Instrument gekauft.;Vor zwei Wochen hat Linda wieder ein neues Instrument erstanden, weil sie in ein Orchester eingetreten ist.;Linda hat einmal ein neues Instrument erstanden.;entailment;38;ai;bii;1;neutral;once;False;;;Vor drei Monaten hat Karl für Linda ein neues Instrument gekauft. Vor zwei Wochen hat Linda wieder ein neues Instrument erstanden, weil sie in ein Orchester eingetreten ist.;Linda hat einmal ein neues Instrument erstanden.;morit/german_xlm_xnli;entailment;1;0.05653217062354088;0.027842679992318153;0.9156251549720764
38_ai_bii1_twice_neu;Vor drei Monaten hat Karl für Linda ein neues Instrument gekauft.;Vor zwei Wochen hat Linda wieder ein neues Instrument erstanden, weil sie in ein Orchester eingetreten ist.;Linda hat mindestens zweimal ein neues Instrument erstanden.;unknown;38;ai;bii;1;neutral;twice;False;;;Vor drei Monaten hat Karl für Linda ein neues Instrument gekauft. Vor zwei Wochen hat Linda wieder ein neues Instrument erstanden, weil sie in ein Orchester eingetreten ist.;Linda hat mindestens zweimal ein neues Instrument erstanden.;morit/german_xlm_xnli;entailment;0;0.0018095287960022688;0.05913936346769333;0.93905109167099
38_ai_bii1_cannot_say_neu;Vor drei Monaten hat Karl für Linda ein neues Instrument gekauft.;Vor zwei Wochen hat Linda wieder ein neues Instrument erstanden, weil sie in ein Orchester eingetreten ist.;Es lässt sich nicht sagen, wie oft Linda ein neues Instrument erstanden hat.;unknown;38;ai;bii;1;neutral;cannot say;False;;;Vor drei Monaten hat Karl für Linda ein neues Instrument gekauft. Vor zwei Wochen hat Linda wieder ein neues Instrument erstanden, weil sie in ein Orchester eingetreten ist.;Es lässt sich nicht sagen, wie oft Linda ein neues Instrument erstanden hat.;morit/german_xlm_xnli;neutral;1;0.06238732114434242;0.8886319398880005;0.048980697989463806
38_ai_bii2_once_pos;Vor drei Monaten hat Karl für Linda ein neues Instrument gekauft.;Vor zwei Wochen hat Karl wieder ein neues Instrument erstanden, weil er in ein Orchester eingetreten ist.;Karl hat einmal ein neues Instrument erstanden.;unknown;38;ai;bii;2;positive;once;False;;;Vor drei Monaten hat Karl für Linda ein neues Instrument gekauft. Vor zwei Wochen hat Karl wieder ein neues Instrument erstanden, weil er in ein Orchester eingetreten ist.;Karl hat einmal ein neues Instrument erstanden.;morit/german_xlm_xnli;entailment;0;0.0615026131272316;0.028123360127210617;0.9103739261627197
38_ai_bii2_twice_pos;Vor drei Monaten hat Karl für Linda ein neues Instrument gekauft.;Vor zwei Wochen hat Karl wieder ein neues Instrument erstanden, weil er in ein Orchester eingetreten ist.;Karl hat mindestens zweimal ein neues Instrument erstanden.;entailment;38;ai;bii;2;positive;twice;False;;;Vor drei Monaten hat Karl für Linda ein neues Instrument gekauft. Vor zwei Wochen hat Karl wieder ein neues Instrument erstanden, weil er in ein Orchester eingetreten ist.;Karl hat mindestens zweimal ein neues Instrument erstanden.;morit/german_xlm_xnli;entailment;1;0.0015357064548879862;0.05427907779812813;0.9441852569580078
38_ai_bii2_cannot_say_pos;Vor drei Monaten hat Karl für Linda ein neues Instrument gekauft.;Vor zwei Wochen hat Karl wieder ein neues Instrument erstanden, weil er in ein Orchester eingetreten ist.;Es lässt sich nicht sagen, wie oft Karl ein neues Instrument erstanden hat.;unknown;38;ai;bii;2;positive;cannot say;False;;;Vor drei Monaten hat Karl für Linda ein neues Instrument gekauft. Vor zwei Wochen hat Karl wieder ein neues Instrument erstanden, weil er in ein Orchester eingetreten ist.;Es lässt sich nicht sagen, wie oft Karl ein neues Instrument erstanden hat.;morit/german_xlm_xnli;neutral;1;0.06605957448482513;0.8740941286087036;0.05984630063176155
38_aii_bi1_once_neu;Vor drei Monaten hat Linda für Karl ein neues Instrument gekauft.;Vor zwei Wochen hat Linda wieder ein neues Instrument bekommen, weil sie in ein Orchester eingetreten ist.;Linda hat einmal ein neues Instrument bekommen.;entailment;38;aii;bi;1;neutral;once;False;;;Vor drei Monaten hat Linda für Karl ein neues Instrument gekauft. Vor zwei Wochen hat Linda wieder ein neues Instrument bekommen, weil sie in ein Orchester eingetreten ist.;Linda hat einmal ein neues Instrument bekommen.;morit/german_xlm_xnli;entailment;1;0.10983077436685562;0.03059079498052597;0.8595784306526184
38_aii_bi1_twice_neu;Vor drei Monaten hat Linda für Karl ein neues Instrument gekauft.;Vor zwei Wochen hat Linda wieder ein neues Instrument bekommen, weil sie in ein Orchester eingetreten ist.;Linda hat mindestens zweimal ein neues Instrument bekommen.;unknown;38;aii;bi;1;neutral;twice;False;;;Vor drei Monaten hat Linda für Karl ein neues Instrument gekauft. Vor zwei Wochen hat Linda wieder ein neues Instrument bekommen, weil sie in ein Orchester eingetreten ist.;Linda hat mindestens zweimal ein neues Instrument bekommen.;morit/german_xlm_xnli;entailment;0;0.0020992388017475605;0.09202014654874802;0.9058806300163269
38_aii_bi1_cannot_say_neu;Vor drei Monaten hat Linda für Karl ein neues Instrument gekauft.;Vor zwei Wochen hat Linda wieder ein neues Instrument bekommen, weil sie in ein Orchester eingetreten ist.;Es lässt sich nicht sagen, wie oft Linda ein neues Instrument bekommen hat.;unknown;38;aii;bi;1;neutral;cannot say;False;;;Vor drei Monaten hat Linda für Karl ein neues Instrument gekauft. Vor zwei Wochen hat Linda wieder ein neues Instrument bekommen, weil sie in ein Orchester eingetreten ist.;Es lässt sich nicht sagen, wie oft Linda ein neues Instrument bekommen hat.;morit/german_xlm_xnli;neutral;1;0.0750894695520401;0.8832365274429321;0.04167397692799568
38_aii_bi2_once_pos;Vor drei Monaten hat Linda für Karl ein neues Instrument gekauft.;Vor zwei Wochen hat Karl wieder ein neues Instrument bekommen, weil er in ein Orchester eingetreten ist.;Karl hat einmal ein neues Instrument bekommen.;unknown;38;aii;bi;2;positive;once;False;;;Vor drei Monaten hat Linda für Karl ein neues Instrument gekauft. Vor zwei Wochen hat Karl wieder ein neues Instrument bekommen, weil er in ein Orchester eingetreten ist.;Karl hat einmal ein neues Instrument bekommen.;morit/german_xlm_xnli;entailment;0;0.07653752714395523;0.034805797040462494;0.8886566758155823
38_aii_bi2_twice_pos;Vor drei Monaten hat Linda für Karl ein neues Instrument gekauft.;Vor zwei Wochen hat Karl wieder ein neues Instrument bekommen, weil er in ein Orchester eingetreten ist.;Karl hat mindestens zweimal ein neues Instrument bekommen.;entailment;38;aii;bi;2;positive;twice;False;;;Vor drei Monaten hat Linda für Karl ein neues Instrument gekauft. Vor zwei Wochen hat Karl wieder ein neues Instrument bekommen, weil er in ein Orchester eingetreten ist.;Karl hat mindestens zweimal ein neues Instrument bekommen.;morit/german_xlm_xnli;entailment;1;0.0019305055029690266;0.09521329402923584;0.902856171131134
38_aii_bi2_cannot_say_pos;Vor drei Monaten hat Linda für Karl ein neues Instrument gekauft.;Vor zwei Wochen hat Karl wieder ein neues Instrument bekommen, weil er in ein Orchester eingetreten ist.;Es lässt sich nicht sagen, wie oft Karl ein neues Instrument bekommen hat.;unknown;38;aii;bi;2;positive;cannot say;False;;;Vor drei Monaten hat Linda für Karl ein neues Instrument gekauft. Vor zwei Wochen hat Karl wieder ein neues Instrument bekommen, weil er in ein Orchester eingetreten ist.;Es lässt sich nicht sagen, wie oft Karl ein neues Instrument bekommen hat.;morit/german_xlm_xnli;neutral;1;0.09669762849807739;0.8661178946495056;0.03718455508351326
38_aii_bii1_once_pos;Vor drei Monaten hat Linda für Karl ein neues Instrument gekauft.;Vor zwei Wochen hat Linda wieder ein neues Instrument erstanden, weil sie in ein Orchester eingetreten ist.;Linda hat einmal ein neues Instrument erstanden.;unknown;38;aii;bii;1;positive;once;False;;;Vor drei Monaten hat Linda für Karl ein neues Instrument gekauft. Vor zwei Wochen hat Linda wieder ein neues Instrument erstanden, weil sie in ein Orchester eingetreten ist.;Linda hat einmal ein neues Instrument erstanden.;morit/german_xlm_xnli;entailment;0;0.07250424474477768;0.02697516605257988;0.9005206227302551
38_aii_bii1_twice_pos;Vor drei Monaten hat Linda für Karl ein neues Instrument gekauft.;Vor zwei Wochen hat Linda wieder ein neues Instrument erstanden, weil sie in ein Orchester eingetreten ist.;Linda hat mindestens zweimal ein neues Instrument erstanden.;entailment;38;aii;bii;1;positive;twice;False;;;Vor drei Monaten hat Linda für Karl ein neues Instrument gekauft. Vor zwei Wochen hat Linda wieder ein neues Instrument erstanden, weil sie in ein Orchester eingetreten ist.;Linda hat mindestens zweimal ein neues Instrument erstanden.;morit/german_xlm_xnli;entailment;1;0.001682940637692809;0.054052259773015976;0.944264829158783
38_aii_bii1_cannot_say_pos;Vor drei Monaten hat Linda für Karl ein neues Instrument gekauft.;Vor zwei Wochen hat Linda wieder ein neues Instrument erstanden, weil sie in ein Orchester eingetreten ist.;Es lässt sich nicht sagen, wie oft Linda ein neues Instrument erstanden hat.;unknown;38;aii;bii;1;positive;cannot say;False;;;Vor drei Monaten hat Linda für Karl ein neues Instrument gekauft. Vor zwei Wochen hat Linda wieder ein neues Instrument erstanden, weil sie in ein Orchester eingetreten ist.;Es lässt sich nicht sagen, wie oft Linda ein neues Instrument erstanden hat.;morit/german_xlm_xnli;neutral;1;0.058377090841531754;0.8843225836753845;0.0573003813624382
38_aii_bii2_once_neu;Vor drei Monaten hat Linda für Karl ein neues Instrument gekauft.;Vor zwei Wochen hat Karl wieder ein neues Instrument erstanden, weil er in ein Orchester eingetreten ist.;Karl hat einmal ein neues Instrument erstanden.;entailment;38;aii;bii;2;neutral;once;False;;;Vor drei Monaten hat Linda für Karl ein neues Instrument gekauft. Vor zwei Wochen hat Karl wieder ein neues Instrument erstanden, weil er in ein Orchester eingetreten ist.;Karl hat einmal ein neues Instrument erstanden.;morit/german_xlm_xnli;entailment;1;0.041780274361371994;0.027308229357004166;0.9309115409851074
38_aii_bii2_twice_neu;Vor drei Monaten hat Linda für Karl ein neues Instrument gekauft.;Vor zwei Wochen hat Karl wieder ein neues Instrument erstanden, weil er in ein Orchester eingetreten ist.;Karl hat mindestens zweimal ein neues Instrument erstanden.;unknown;38;aii;bii;2;neutral;twice;False;;;Vor drei Monaten hat Linda für Karl ein neues Instrument gekauft. Vor zwei Wochen hat Karl wieder ein neues Instrument erstanden, weil er in ein Orchester eingetreten ist.;Karl hat mindestens zweimal ein neues Instrument erstanden.;morit/german_xlm_xnli;entailment;0;0.0015831615310162306;0.05737728625535965;0.941039502620697
38_aii_bii2_cannot_say_neu;Vor drei Monaten hat Linda für Karl ein neues Instrument gekauft.;Vor zwei Wochen hat Karl wieder ein neues Instrument erstanden, weil er in ein Orchester eingetreten ist.;Es lässt sich nicht sagen, wie oft Karl ein neues Instrument erstanden hat.;unknown;38;aii;bii;2;neutral;cannot say;False;;;Vor drei Monaten hat Linda für Karl ein neues Instrument gekauft. Vor zwei Wochen hat Karl wieder ein neues Instrument erstanden, weil er in ein Orchester eingetreten ist.;Es lässt sich nicht sagen, wie oft Karl ein neues Instrument erstanden hat.;morit/german_xlm_xnli;neutral;1;0.08231271803379059;0.8625499606132507;0.055137310177087784
39_ai_bi1_once_neu;Letztes Jahr hat Karl Timo einen kräftigen Fausthieb verpasst.;Vor vier Wochen hat Timo wieder einen kräftigen Fausthieb ausgeteilt, als er in eine Schlägerei verwickelt war.;Timo hat einmal einen kräftigen Fausthieb ausgeteilt.;entailment;39;ai;bi;1;neutral;once;False;;"ausgeteilt is agent-oriented; abbekommen is recipient-oriented.";Letztes Jahr hat Karl Timo einen kräftigen Fausthieb verpasst. Vor vier Wochen hat Timo wieder einen kräftigen Fausthieb ausgeteilt, als er in eine Schlägerei verwickelt war.;Timo hat einmal einen kräftigen Fausthieb ausgeteilt.;morit/german_xlm_xnli;entailment;1;0.03936241194605827;0.024741079658269882;0.9358965158462524
39_ai_bi1_twice_neu;Letztes Jahr hat Karl Timo einen kräftigen Fausthieb verpasst.;Vor vier Wochen hat Timo wieder einen kräftigen Fausthieb ausgeteilt, als er in eine Schlägerei verwickelt war.;Timo hat mindestens zweimal einen kräftigen Fausthieb ausgeteilt.;unknown;39;ai;bi;1;neutral;twice;False;;"ausgeteilt is agent-oriented; abbekommen is recipient-oriented.";Letztes Jahr hat Karl Timo einen kräftigen Fausthieb verpasst. Vor vier Wochen hat Timo wieder einen kräftigen Fausthieb ausgeteilt, als er in eine Schlägerei verwickelt war.;Timo hat mindestens zweimal einen kräftigen Fausthieb ausgeteilt.;morit/german_xlm_xnli;entailment;0;0.007424428593367338;0.11220594495534897;0.8803696036338806
39_ai_bi1_cannot_say_neu;Letztes Jahr hat Karl Timo einen kräftigen Fausthieb verpasst.;Vor vier Wochen hat Timo wieder einen kräftigen Fausthieb ausgeteilt, als er in eine Schlägerei verwickelt war.;Es lässt sich nicht sagen, wie oft Timo einen kräftigen Fausthieb ausgeteilt hat.;unknown;39;ai;bi;1;neutral;cannot say;False;;"ausgeteilt is agent-oriented; abbekommen is recipient-oriented.";Letztes Jahr hat Karl Timo einen kräftigen Fausthieb verpasst. Vor vier Wochen hat Timo wieder einen kräftigen Fausthieb ausgeteilt, als er in eine Schlägerei verwickelt war.;Es lässt sich nicht sagen, wie oft Timo einen kräftigen Fausthieb ausgeteilt hat.;morit/german_xlm_xnli;neutral;1;0.1306065171957016;0.7704441547393799;0.09894934296607971
39_ai_bi2_once_pos;Letztes Jahr hat Karl Timo einen kräftigen Fausthieb verpasst.;Vor vier Wochen hat Karl wieder einen kräftigen Fausthieb ausgeteilt, als er in eine Schlägerei verwickelt war.;Karl hat einmal einen kräftigen Fausthieb ausgeteilt.;unknown;39;ai;bi;2;positive;once;False;;"ausgeteilt is agent-oriented; abbekommen is recipient-oriented.";Letztes Jahr hat Karl Timo einen kräftigen Fausthieb verpasst. Vor vier Wochen hat Karl wieder einen kräftigen Fausthieb ausgeteilt, als er in eine Schlägerei verwickelt war.;Karl hat einmal einen kräftigen Fausthieb ausgeteilt.;morit/german_xlm_xnli;entailment;0;0.04062022268772125;0.027317281812429428;0.9320625066757202
39_ai_bi2_twice_pos;Letztes Jahr hat Karl Timo einen kräftigen Fausthieb verpasst.;Vor vier Wochen hat Karl wieder einen kräftigen Fausthieb ausgeteilt, als er in eine Schlägerei verwickelt war.;Karl hat mindestens zweimal einen kräftigen Fausthieb ausgeteilt.;entailment;39;ai;bi;2;positive;twice;False;;"ausgeteilt is agent-oriented; abbekommen is recipient-oriented.";Letztes Jahr hat Karl Timo einen kräftigen Fausthieb verpasst. Vor vier Wochen hat Karl wieder einen kräftigen Fausthieb ausgeteilt, als er in eine Schlägerei verwickelt war.;Karl hat mindestens zweimal einen kräftigen Fausthieb ausgeteilt.;morit/german_xlm_xnli;entailment;1;0.006144608370959759;0.10718820244073868;0.8866672515869141
39_ai_bi2_cannot_say_pos;Letztes Jahr hat Karl Timo einen kräftigen Fausthieb verpasst.;Vor vier Wochen hat Karl wieder einen kräftigen Fausthieb ausgeteilt, als er in eine Schlägerei verwickelt war.;Es lässt sich nicht sagen, wie oft Karl einen kräftigen Fausthieb ausgeteilt hat.;unknown;39;ai;bi;2;positive;cannot say;False;;"ausgeteilt is agent-oriented; abbekommen is recipient-oriented.";Letztes Jahr hat Karl Timo einen kräftigen Fausthieb verpasst. Vor vier Wochen hat Karl wieder einen kräftigen Fausthieb ausgeteilt, als er in eine Schlägerei verwickelt war.;Es lässt sich nicht sagen, wie oft Karl einen kräftigen Fausthieb ausgeteilt hat.;morit/german_xlm_xnli;neutral;1;0.1078975573182106;0.7999361753463745;0.09216635674238205
39_ai_bii1_once_pos;Letztes Jahr hat Karl Timo einen kräftigen Fausthieb verpasst.;Vor vier Wochen hat Timo wieder einen kräftigen Fausthieb abbekommen, als er in eine Schlägerei verwickelt war.;Timo hat einmal einen kräftigen Fausthieb abbekommen.;unknown;39;ai;bii;1;positive;once;False;;"ausgeteilt is agent-oriented; abbekommen is recipient-oriented.";Letztes Jahr hat Karl Timo einen kräftigen Fausthieb verpasst. Vor vier Wochen hat Timo wieder einen kräftigen Fausthieb abbekommen, als er in eine Schlägerei verwickelt war.;Timo hat einmal einen kräftigen Fausthieb abbekommen.;morit/german_xlm_xnli;entailment;0;0.014210736379027367;0.016790319234132767;0.968998908996582
39_ai_bii1_twice_pos;Letztes Jahr hat Karl Timo einen kräftigen Fausthieb verpasst.;Vor vier Wochen hat Timo wieder einen kräftigen Fausthieb abbekommen, als er in eine Schlägerei verwickelt war.;Timo hat mindestens zweimal einen kräftigen Fausthieb abbekommen.;entailment;39;ai;bii;1;positive;twice;False;;"ausgeteilt is agent-oriented; abbekommen is recipient-oriented.";Letztes Jahr hat Karl Timo einen kräftigen Fausthieb verpasst. Vor vier Wochen hat Timo wieder einen kräftigen Fausthieb abbekommen, als er in eine Schlägerei verwickelt war.;Timo hat mindestens zweimal einen kräftigen Fausthieb abbekommen.;morit/german_xlm_xnli;entailment;1;0.0071313525550067425;0.15727819502353668;0.8355903625488281
39_ai_bii1_cannot_say_pos;Letztes Jahr hat Karl Timo einen kräftigen Fausthieb verpasst.;Vor vier Wochen hat Timo wieder einen kräftigen Fausthieb abbekommen, als er in eine Schlägerei verwickelt war.;Es lässt sich nicht sagen, wie oft Timo einen kräftigen Fausthieb abbekommen hat.;unknown;39;ai;bii;1;positive;cannot say;False;;"ausgeteilt is agent-oriented; abbekommen is recipient-oriented.";Letztes Jahr hat Karl Timo einen kräftigen Fausthieb verpasst. Vor vier Wochen hat Timo wieder einen kräftigen Fausthieb abbekommen, als er in eine Schlägerei verwickelt war.;Es lässt sich nicht sagen, wie oft Timo einen kräftigen Fausthieb abbekommen hat.;morit/german_xlm_xnli;neutral;1;0.3144132196903229;0.6135207414627075;0.07206595689058304
39_ai_bii2_once_neu;Letztes Jahr hat Karl Timo einen kräftigen Fausthieb verpasst.;Vor vier Wochen hat Karl wieder einen kräftigen Fausthieb abbekommen, als er in eine Schlägerei verwickelt war.;Karl hat einmal einen kräftigen Fausthieb abbekommen.;entailment;39;ai;bii;2;neutral;once;False;;"ausgeteilt is agent-oriented; abbekommen is recipient-oriented.";Letztes Jahr hat Karl Timo einen kräftigen Fausthieb verpasst. Vor vier Wochen hat Karl wieder einen kräftigen Fausthieb abbekommen, als er in eine Schlägerei verwickelt war.;Karl hat einmal einen kräftigen Fausthieb abbekommen.;morit/german_xlm_xnli;entailment;1;0.012632997706532478;0.018650468438863754;0.9687164425849915
39_ai_bii2_twice_neu;Letztes Jahr hat Karl Timo einen kräftigen Fausthieb verpasst.;Vor vier Wochen hat Karl wieder einen kräftigen Fausthieb abbekommen, als er in eine Schlägerei verwickelt war.;Karl hat mindestens zweimal einen kräftigen Fausthieb abbekommen.;unknown;39;ai;bii;2;neutral;twice;False;;"ausgeteilt is agent-oriented; abbekommen is recipient-oriented.";Letztes Jahr hat Karl Timo einen kräftigen Fausthieb verpasst. Vor vier Wochen hat Karl wieder einen kräftigen Fausthieb abbekommen, als er in eine Schlägerei verwickelt war.;Karl hat mindestens zweimal einen kräftigen Fausthieb abbekommen.;morit/german_xlm_xnli;entailment;0;0.006009173579514027;0.14506588876247406;0.848924994468689
39_ai_bii2_cannot_say_neu;Letztes Jahr hat Karl Timo einen kräftigen Fausthieb verpasst.;Vor vier Wochen hat Karl wieder einen kräftigen Fausthieb abbekommen, als er in eine Schlägerei verwickelt war.;Es lässt sich nicht sagen, wie oft Karl einen kräftigen Fausthieb abbekommen hat.;unknown;39;ai;bii;2;neutral;cannot say;False;;"ausgeteilt is agent-oriented; abbekommen is recipient-oriented.";Letztes Jahr hat Karl Timo einen kräftigen Fausthieb verpasst. Vor vier Wochen hat Karl wieder einen kräftigen Fausthieb abbekommen, als er in eine Schlägerei verwickelt war.;Es lässt sich nicht sagen, wie oft Karl einen kräftigen Fausthieb abbekommen hat.;morit/german_xlm_xnli;neutral;1;0.229137122631073;0.7080241441726685;0.06283877044916153
39_aii_bi1_once_pos;Letztes Jahr hat Timo Karl einen kräftigen Fausthieb verpasst.;Vor vier Wochen hat Timo wieder einen kräftigen Fausthieb ausgeteilt, als er in eine Schlägerei verwickelt war.;Timo hat einmal einen kräftigen Fausthieb ausgeteilt.;unknown;39;aii;bi;1;positive;once;False;;"ausgeteilt is agent-oriented; abbekommen is recipient-oriented.";Letztes Jahr hat Timo Karl einen kräftigen Fausthieb verpasst. Vor vier Wochen hat Timo wieder einen kräftigen Fausthieb ausgeteilt, als er in eine Schlägerei verwickelt war.;Timo hat einmal einen kräftigen Fausthieb ausgeteilt.;morit/german_xlm_xnli;entailment;0;0.04056413471698761;0.027078961953520775;0.9323568940162659
39_aii_bi1_twice_pos;Letztes Jahr hat Timo Karl einen kräftigen Fausthieb verpasst.;Vor vier Wochen hat Timo wieder einen kräftigen Fausthieb ausgeteilt, als er in eine Schlägerei verwickelt war.;Timo hat mindestens zweimal einen kräftigen Fausthieb ausgeteilt.;entailment;39;aii;bi;1;positive;twice;False;;"ausgeteilt is agent-oriented; abbekommen is recipient-oriented.";Letztes Jahr hat Timo Karl einen kräftigen Fausthieb verpasst. Vor vier Wochen hat Timo wieder einen kräftigen Fausthieb ausgeteilt, als er in eine Schlägerei verwickelt war.;Timo hat mindestens zweimal einen kräftigen Fausthieb ausgeteilt.;morit/german_xlm_xnli;entailment;1;0.006005868781358004;0.11129458248615265;0.8826995491981506
39_aii_bi1_cannot_say_pos;Letztes Jahr hat Timo Karl einen kräftigen Fausthieb verpasst.;Vor vier Wochen hat Timo wieder einen kräftigen Fausthieb ausgeteilt, als er in eine Schlägerei verwickelt war.;Es lässt sich nicht sagen, wie oft Timo einen kräftigen Fausthieb ausgeteilt hat.;unknown;39;aii;bi;1;positive;cannot say;False;;"ausgeteilt is agent-oriented; abbekommen is recipient-oriented.";Letztes Jahr hat Timo Karl einen kräftigen Fausthieb verpasst. Vor vier Wochen hat Timo wieder einen kräftigen Fausthieb ausgeteilt, als er in eine Schlägerei verwickelt war.;Es lässt sich nicht sagen, wie oft Timo einen kräftigen Fausthieb ausgeteilt hat.;morit/german_xlm_xnli;neutral;1;0.09647119045257568;0.8249088525772095;0.07861996442079544
39_aii_bi2_once_neu;Letztes Jahr hat Timo Karl einen kräftigen Fausthieb verpasst.;Vor vier Wochen hat Karl wieder einen kräftigen Fausthieb ausgeteilt, als er in eine Schlägerei verwickelt war.;Karl hat einmal einen kräftigen Fausthieb ausgeteilt.;entailment;39;aii;bi;2;neutral;once;False;;"ausgeteilt is agent-oriented; abbekommen is recipient-oriented.";Letztes Jahr hat Timo Karl einen kräftigen Fausthieb verpasst. Vor vier Wochen hat Karl wieder einen kräftigen Fausthieb ausgeteilt, als er in eine Schlägerei verwickelt war.;Karl hat einmal einen kräftigen Fausthieb ausgeteilt.;morit/german_xlm_xnli;entailment;1;0.037886254489421844;0.026545871049165726;0.9355678558349609
39_aii_bi2_twice_neu;Letztes Jahr hat Timo Karl einen kräftigen Fausthieb verpasst.;Vor vier Wochen hat Karl wieder einen kräftigen Fausthieb ausgeteilt, als er in eine Schlägerei verwickelt war.;Karl hat mindestens zweimal einen kräftigen Fausthieb ausgeteilt.;unknown;39;aii;bi;2;neutral;twice;False;;"ausgeteilt is agent-oriented; abbekommen is recipient-oriented.";Letztes Jahr hat Timo Karl einen kräftigen Fausthieb verpasst. Vor vier Wochen hat Karl wieder einen kräftigen Fausthieb ausgeteilt, als er in eine Schlägerei verwickelt war.;Karl hat mindestens zweimal einen kräftigen Fausthieb ausgeteilt.;morit/german_xlm_xnli;entailment;0;0.0070268576964735985;0.10785592347383499;0.8851171731948853
39_aii_bi2_cannot_say_neu;Letztes Jahr hat Timo Karl einen kräftigen Fausthieb verpasst.;Vor vier Wochen hat Karl wieder einen kräftigen Fausthieb ausgeteilt, als er in eine Schlägerei verwickelt war.;Es lässt sich nicht sagen, wie oft Karl einen kräftigen Fausthieb ausgeteilt hat.;unknown;39;aii;bi;2;neutral;cannot say;False;;"ausgeteilt is agent-oriented; abbekommen is recipient-oriented.";Letztes Jahr hat Timo Karl einen kräftigen Fausthieb verpasst. Vor vier Wochen hat Karl wieder einen kräftigen Fausthieb ausgeteilt, als er in eine Schlägerei verwickelt war.;Es lässt sich nicht sagen, wie oft Karl einen kräftigen Fausthieb ausgeteilt hat.;morit/german_xlm_xnli;neutral;1;0.10273919254541397;0.7944108247756958;0.102850042283535
39_aii_bii1_once_neu;Letztes Jahr hat Timo Karl einen kräftigen Fausthieb verpasst.;Vor vier Wochen hat Timo wieder einen kräftigen Fausthieb abbekommen, als er in eine Schlägerei verwickelt war.;Timo hat einmal einen kräftigen Fausthieb abbekommen.;entailment;39;aii;bii;1;neutral;once;False;;"ausgeteilt is agent-oriented; abbekommen is recipient-oriented.";Letztes Jahr hat Timo Karl einen kräftigen Fausthieb verpasst. Vor vier Wochen hat Timo wieder einen kräftigen Fausthieb abbekommen, als er in eine Schlägerei verwickelt war.;Timo hat einmal einen kräftigen Fausthieb abbekommen.;morit/german_xlm_xnli;entailment;1;0.015842929482460022;0.018746227025985718;0.9654108285903931
39_aii_bii1_twice_neu;Letztes Jahr hat Timo Karl einen kräftigen Fausthieb verpasst.;Vor vier Wochen hat Timo wieder einen kräftigen Fausthieb abbekommen, als er in eine Schlägerei verwickelt war.;Timo hat mindestens zweimal einen kräftigen Fausthieb abbekommen.;unknown;39;aii;bii;1;neutral;twice;False;;"ausgeteilt is agent-oriented; abbekommen is recipient-oriented.";Letztes Jahr hat Timo Karl einen kräftigen Fausthieb verpasst. Vor vier Wochen hat Timo wieder einen kräftigen Fausthieb abbekommen, als er in eine Schlägerei verwickelt war.;Timo hat mindestens zweimal einen kräftigen Fausthieb abbekommen.;morit/german_xlm_xnli;entailment;0;0.006131029222160578;0.15791194140911102;0.8359569907188416
39_aii_bii1_cannot_say_neu;Letztes Jahr hat Timo Karl einen kräftigen Fausthieb verpasst.;Vor vier Wochen hat Timo wieder einen kräftigen Fausthieb abbekommen, als er in eine Schlägerei verwickelt war.;Es lässt sich nicht sagen, wie oft Timo einen kräftigen Fausthieb abbekommen hat.;unknown;39;aii;bii;1;neutral;cannot say;False;;"ausgeteilt is agent-oriented; abbekommen is recipient-oriented.";Letztes Jahr hat Timo Karl einen kräftigen Fausthieb verpasst. Vor vier Wochen hat Timo wieder einen kräftigen Fausthieb abbekommen, als er in eine Schlägerei verwickelt war.;Es lässt sich nicht sagen, wie oft Timo einen kräftigen Fausthieb abbekommen hat.;morit/german_xlm_xnli;neutral;1;0.24226249754428864;0.6971551179885864;0.0605824813246727
39_aii_bii2_once_pos;Letztes Jahr hat Timo Karl einen kräftigen Fausthieb verpasst.;Vor vier Wochen hat Karl wieder einen kräftigen Fausthieb abbekommen, als er in eine Schlägerei verwickelt war.;Karl hat einmal einen kräftigen Fausthieb abbekommen.;unknown;39;aii;bii;2;positive;once;False;;"ausgeteilt is agent-oriented; abbekommen is recipient-oriented.";Letztes Jahr hat Timo Karl einen kräftigen Fausthieb verpasst. Vor vier Wochen hat Karl wieder einen kräftigen Fausthieb abbekommen, als er in eine Schlägerei verwickelt war.;Karl hat einmal einen kräftigen Fausthieb abbekommen.;morit/german_xlm_xnli;entailment;0;0.013432559557259083;0.018401959910988808;0.968165397644043
39_aii_bii2_twice_pos;Letztes Jahr hat Timo Karl einen kräftigen Fausthieb verpasst.;Vor vier Wochen hat Karl wieder einen kräftigen Fausthieb abbekommen, als er in eine Schlägerei verwickelt war.;Karl hat mindestens zweimal einen kräftigen Fausthieb abbekommen.;entailment;39;aii;bii;2;positive;twice;False;;"ausgeteilt is agent-oriented; abbekommen is recipient-oriented.";Letztes Jahr hat Timo Karl einen kräftigen Fausthieb verpasst. Vor vier Wochen hat Karl wieder einen kräftigen Fausthieb abbekommen, als er in eine Schlägerei verwickelt war.;Karl hat mindestens zweimal einen kräftigen Fausthieb abbekommen.;morit/german_xlm_xnli;entailment;1;0.006823602598160505;0.1530236005783081;0.8401528000831604
39_aii_bii2_cannot_say_pos;Letztes Jahr hat Timo Karl einen kräftigen Fausthieb verpasst.;Vor vier Wochen hat Karl wieder einen kräftigen Fausthieb abbekommen, als er in eine Schlägerei verwickelt war.;Es lässt sich nicht sagen, wie oft Karl einen kräftigen Fausthieb abbekommen hat.;unknown;39;aii;bii;2;positive;cannot say;False;;"ausgeteilt is agent-oriented; abbekommen is recipient-oriented.";Letztes Jahr hat Timo Karl einen kräftigen Fausthieb verpasst. Vor vier Wochen hat Karl wieder einen kräftigen Fausthieb abbekommen, als er in eine Schlägerei verwickelt war.;Es lässt sich nicht sagen, wie oft Karl einen kräftigen Fausthieb abbekommen hat.;morit/german_xlm_xnli;neutral;1;0.21166794002056122;0.7173819541931152;0.07095013558864594
40_ai_bi1_once_pos;Vor einem halben Jahr hat Karl Greta charmant zum Tanzen aufgefordert.;Vor zwei Wochen hat Greta wieder eine charmante Tanzaufforderung erhalten, als sie auf einer Party einsam war.;Greta hat einmal eine charmante Tanzaufforderung erhalten.;unknown;40;ai;bi;1;positive;once;False;;;Vor einem halben Jahr hat Karl Greta charmant zum Tanzen aufgefordert. Vor zwei Wochen hat Greta wieder eine charmante Tanzaufforderung erhalten, als sie auf einer Party einsam war.;Greta hat einmal eine charmante Tanzaufforderung erhalten.;morit/german_xlm_xnli;entailment;0;0.012575141154229641;0.015303858555853367;0.972121000289917
40_ai_bi1_twice_pos;Vor einem halben Jahr hat Karl Greta charmant zum Tanzen aufgefordert.;Vor zwei Wochen hat Greta wieder eine charmante Tanzaufforderung erhalten, als sie auf einer Party einsam war.;Greta hat mindestens zweimal eine charmante Tanzaufforderung erhalten.;entailment;40;ai;bi;1;positive;twice;False;;;Vor einem halben Jahr hat Karl Greta charmant zum Tanzen aufgefordert. Vor zwei Wochen hat Greta wieder eine charmante Tanzaufforderung erhalten, als sie auf einer Party einsam war.;Greta hat mindestens zweimal eine charmante Tanzaufforderung erhalten.;morit/german_xlm_xnli;entailment;1;0.001884451718069613;0.02571675553917885;0.9723987579345703
40_ai_bi1_cannot_say_pos;Vor einem halben Jahr hat Karl Greta charmant zum Tanzen aufgefordert.;Vor zwei Wochen hat Greta wieder eine charmante Tanzaufforderung erhalten, als sie auf einer Party einsam war.;Es lässt sich nicht sagen, wie oft Greta eine charmante Tanzaufforderung erhalten hat.;unknown;40;ai;bi;1;positive;cannot say;False;;;Vor einem halben Jahr hat Karl Greta charmant zum Tanzen aufgefordert. Vor zwei Wochen hat Greta wieder eine charmante Tanzaufforderung erhalten, als sie auf einer Party einsam war.;Es lässt sich nicht sagen, wie oft Greta eine charmante Tanzaufforderung erhalten hat.;morit/german_xlm_xnli;neutral;1;0.04362433776259422;0.9337438344955444;0.022631840780377388
40_ai_bi2_once_neu;Vor einem halben Jahr hat Karl Greta charmant zum Tanzen aufgefordert.;Vor zwei Wochen hat Karl wieder eine charmante Tanzaufforderung erhalten, als er auf einer Party einsam war.;Karl hat einmal eine charmante Tanzaufforderung erhalten.;entailment;40;ai;bi;2;neutral;once;False;;;Vor einem halben Jahr hat Karl Greta charmant zum Tanzen aufgefordert. Vor zwei Wochen hat Karl wieder eine charmante Tanzaufforderung erhalten, als er auf einer Party einsam war.;Karl hat einmal eine charmante Tanzaufforderung erhalten.;morit/german_xlm_xnli;entailment;1;0.018811484798789024;0.0185861736536026;0.9626023769378662
40_ai_bi2_twice_neu;Vor einem halben Jahr hat Karl Greta charmant zum Tanzen aufgefordert.;Vor zwei Wochen hat Karl wieder eine charmante Tanzaufforderung erhalten, als er auf einer Party einsam war.;Karl hat mindestens zweimal eine charmante Tanzaufforderung erhalten.;unknown;40;ai;bi;2;neutral;twice;False;;;Vor einem halben Jahr hat Karl Greta charmant zum Tanzen aufgefordert. Vor zwei Wochen hat Karl wieder eine charmante Tanzaufforderung erhalten, als er auf einer Party einsam war.;Karl hat mindestens zweimal eine charmante Tanzaufforderung erhalten.;morit/german_xlm_xnli;entailment;0;0.001724434201605618;0.026037584990262985;0.9722379446029663
40_ai_bi2_cannot_say_neu;Vor einem halben Jahr hat Karl Greta charmant zum Tanzen aufgefordert.;Vor zwei Wochen hat Karl wieder eine charmante Tanzaufforderung erhalten, als er auf einer Party einsam war.;Es lässt sich nicht sagen, wie oft Karl eine charmante Tanzaufforderung erhalten hat.;unknown;40;ai;bi;2;neutral;cannot say;False;;;Vor einem halben Jahr hat Karl Greta charmant zum Tanzen aufgefordert. Vor zwei Wochen hat Karl wieder eine charmante Tanzaufforderung erhalten, als er auf einer Party einsam war.;Es lässt sich nicht sagen, wie oft Karl eine charmante Tanzaufforderung erhalten hat.;morit/german_xlm_xnli;neutral;1;0.017435366287827492;0.9721101522445679;0.010454458184540272
40_ai_bii1_once_neu;Vor einem halben Jahr hat Karl Greta charmant zum Tanzen aufgefordert.;Vor zwei Wochen hat Greta wieder eine charmante Tanzaufforderung ausgesprochen, als sie auf einer Party einsam war.;Greta hat einmal eine charmante Tanzaufforderung ausgesprochen.;entailment;40;ai;bii;1;neutral;once;False;;;Vor einem halben Jahr hat Karl Greta charmant zum Tanzen aufgefordert. Vor zwei Wochen hat Greta wieder eine charmante Tanzaufforderung ausgesprochen, als sie auf einer Party einsam war.;Greta hat einmal eine charmante Tanzaufforderung ausgesprochen.;morit/german_xlm_xnli;entailment;1;0.012998532503843307;0.014088931493461132;0.972912609577179
40_ai_bii1_twice_neu;Vor einem halben Jahr hat Karl Greta charmant zum Tanzen aufgefordert.;Vor zwei Wochen hat Greta wieder eine charmante Tanzaufforderung ausgesprochen, als sie auf einer Party einsam war.;Greta hat mindestens zweimal eine charmante Tanzaufforderung ausgesprochen.;unknown;40;ai;bii;1;neutral;twice;False;;;Vor einem halben Jahr hat Karl Greta charmant zum Tanzen aufgefordert. Vor zwei Wochen hat Greta wieder eine charmante Tanzaufforderung ausgesprochen, als sie auf einer Party einsam war.;Greta hat mindestens zweimal eine charmante Tanzaufforderung ausgesprochen.;morit/german_xlm_xnli;entailment;0;0.0019935742020606995;0.0287273321300745;0.9692791700363159
40_ai_bii1_cannot_say_neu;Vor einem halben Jahr hat Karl Greta charmant zum Tanzen aufgefordert.;Vor zwei Wochen hat Greta wieder eine charmante Tanzaufforderung ausgesprochen, als sie auf einer Party einsam war.;Es lässt sich nicht sagen, wie oft Greta eine charmante Tanzaufforderung ausgesprochen hat.;unknown;40;ai;bii;1;neutral;cannot say;False;;;Vor einem halben Jahr hat Karl Greta charmant zum Tanzen aufgefordert. Vor zwei Wochen hat Greta wieder eine charmante Tanzaufforderung ausgesprochen, als sie auf einer Party einsam war.;Es lässt sich nicht sagen, wie oft Greta eine charmante Tanzaufforderung ausgesprochen hat.;morit/german_xlm_xnli;neutral;1;0.04334366321563721;0.9020880460739136;0.054568275809288025
40_ai_bii2_once_pos;Vor einem halben Jahr hat Karl Greta charmant zum Tanzen aufgefordert.;Vor zwei Wochen hat Karl wieder eine charmante Tanzaufforderung ausgesprochen, als er auf einer Party einsam war.;Karl hat einmal eine charmante Tanzaufforderung ausgesprochen.;unknown;40;ai;bii;2;positive;once;False;;;Vor einem halben Jahr hat Karl Greta charmant zum Tanzen aufgefordert. Vor zwei Wochen hat Karl wieder eine charmante Tanzaufforderung ausgesprochen, als er auf einer Party einsam war.;Karl hat einmal eine charmante Tanzaufforderung ausgesprochen.;morit/german_xlm_xnli;entailment;0;0.025134984403848648;0.01873224787414074;0.9561327695846558
40_ai_bii2_twice_pos;Vor einem halben Jahr hat Karl Greta charmant zum Tanzen aufgefordert.;Vor zwei Wochen hat Karl wieder eine charmante Tanzaufforderung ausgesprochen, als er auf einer Party einsam war.;Karl hat mindestens zweimal eine charmante Tanzaufforderung ausgesprochen.;entailment;40;ai;bii;2;positive;twice;False;;;Vor einem halben Jahr hat Karl Greta charmant zum Tanzen aufgefordert. Vor zwei Wochen hat Karl wieder eine charmante Tanzaufforderung ausgesprochen, als er auf einer Party einsam war.;Karl hat mindestens zweimal eine charmante Tanzaufforderung ausgesprochen.;morit/german_xlm_xnli;entailment;1;0.0016539222560822964;0.02596103958785534;0.9723849892616272
40_ai_bii2_cannot_say_pos;Vor einem halben Jahr hat Karl Greta charmant zum Tanzen aufgefordert.;Vor zwei Wochen hat Karl wieder eine charmante Tanzaufforderung ausgesprochen, als er auf einer Party einsam war.;Es lässt sich nicht sagen, wie oft Karl eine charmante Tanzaufforderung ausgesprochen hat.;unknown;40;ai;bii;2;positive;cannot say;False;;;Vor einem halben Jahr hat Karl Greta charmant zum Tanzen aufgefordert. Vor zwei Wochen hat Karl wieder eine charmante Tanzaufforderung ausgesprochen, als er auf einer Party einsam war.;Es lässt sich nicht sagen, wie oft Karl eine charmante Tanzaufforderung ausgesprochen hat.;morit/german_xlm_xnli;neutral;1;0.025534430518746376;0.9323780536651611;0.04208751767873764
40_aii_bi1_once_neu;Vor einem halben Jahr hat Greta Karl charmant zum Tanzen aufgefordert.;Vor zwei Wochen hat Greta wieder eine charmante Tanzaufforderung erhalten, als sie auf einer Party einsam war.;Greta hat einmal eine charmante Tanzaufforderung erhalten.;entailment;40;aii;bi;1;neutral;once;False;;;Vor einem halben Jahr hat Greta Karl charmant zum Tanzen aufgefordert. Vor zwei Wochen hat Greta wieder eine charmante Tanzaufforderung erhalten, als sie auf einer Party einsam war.;Greta hat einmal eine charmante Tanzaufforderung erhalten.;morit/german_xlm_xnli;entailment;1;0.013441856950521469;0.01725074276328087;0.9693073630332947
40_aii_bi1_twice_neu;Vor einem halben Jahr hat Greta Karl charmant zum Tanzen aufgefordert.;Vor zwei Wochen hat Greta wieder eine charmante Tanzaufforderung erhalten, als sie auf einer Party einsam war.;Greta hat mindestens zweimal eine charmante Tanzaufforderung erhalten.;unknown;40;aii;bi;1;neutral;twice;False;;;Vor einem halben Jahr hat Greta Karl charmant zum Tanzen aufgefordert. Vor zwei Wochen hat Greta wieder eine charmante Tanzaufforderung erhalten, als sie auf einer Party einsam war.;Greta hat mindestens zweimal eine charmante Tanzaufforderung erhalten.;morit/german_xlm_xnli;entailment;0;0.0020022240933030844;0.02721504122018814;0.9707828164100647
40_aii_bi1_cannot_say_neu;Vor einem halben Jahr hat Greta Karl charmant zum Tanzen aufgefordert.;Vor zwei Wochen hat Greta wieder eine charmante Tanzaufforderung erhalten, als sie auf einer Party einsam war.;Es lässt sich nicht sagen, wie oft Greta eine charmante Tanzaufforderung erhalten hat.;unknown;40;aii;bi;1;neutral;cannot say;False;;;Vor einem halben Jahr hat Greta Karl charmant zum Tanzen aufgefordert. Vor zwei Wochen hat Greta wieder eine charmante Tanzaufforderung erhalten, als sie auf einer Party einsam war.;Es lässt sich nicht sagen, wie oft Greta eine charmante Tanzaufforderung erhalten hat.;morit/german_xlm_xnli;neutral;1;0.03426406532526016;0.9476335048675537;0.018102513626217842
40_aii_bi2_once_pos;Vor einem halben Jahr hat Greta Karl charmant zum Tanzen aufgefordert.;Vor zwei Wochen hat Karl wieder eine charmante Tanzaufforderung erhalten, als er auf einer Party einsam war.;Karl hat einmal eine charmante Tanzaufforderung erhalten.;unknown;40;aii;bi;2;positive;once;False;;;Vor einem halben Jahr hat Greta Karl charmant zum Tanzen aufgefordert. Vor zwei Wochen hat Karl wieder eine charmante Tanzaufforderung erhalten, als er auf einer Party einsam war.;Karl hat einmal eine charmante Tanzaufforderung erhalten.;morit/german_xlm_xnli;entailment;0;0.01641387678682804;0.017515892162919044;0.9660703539848328
40_aii_bi2_twice_pos;Vor einem halben Jahr hat Greta Karl charmant zum Tanzen aufgefordert.;Vor zwei Wochen hat Karl wieder eine charmante Tanzaufforderung erhalten, als er auf einer Party einsam war.;Karl hat mindestens zweimal eine charmante Tanzaufforderung erhalten.;entailment;40;aii;bi;2;positive;twice;False;;;Vor einem halben Jahr hat Greta Karl charmant zum Tanzen aufgefordert. Vor zwei Wochen hat Karl wieder eine charmante Tanzaufforderung erhalten, als er auf einer Party einsam war.;Karl hat mindestens zweimal eine charmante Tanzaufforderung erhalten.;morit/german_xlm_xnli;entailment;1;0.0017166713951155543;0.02619842253625393;0.9720849394798279
40_aii_bi2_cannot_say_pos;Vor einem halben Jahr hat Greta Karl charmant zum Tanzen aufgefordert.;Vor zwei Wochen hat Karl wieder eine charmante Tanzaufforderung erhalten, als er auf einer Party einsam war.;Es lässt sich nicht sagen, wie oft Karl eine charmante Tanzaufforderung erhalten hat.;unknown;40;aii;bi;2;positive;cannot say;False;;;Vor einem halben Jahr hat Greta Karl charmant zum Tanzen aufgefordert. Vor zwei Wochen hat Karl wieder eine charmante Tanzaufforderung erhalten, als er auf einer Party einsam war.;Es lässt sich nicht sagen, wie oft Karl eine charmante Tanzaufforderung erhalten hat.;morit/german_xlm_xnli;neutral;1;0.019722076132893562;0.9698856472969055;0.01039225235581398
40_aii_bii1_once_pos;Vor einem halben Jahr hat Greta Karl charmant zum Tanzen aufgefordert.;Vor zwei Wochen hat Greta wieder eine charmante Tanzaufforderung ausgesprochen, als sie auf einer Party einsam war.;Greta hat einmal eine charmante Tanzaufforderung ausgesprochen.;unknown;40;aii;bii;1;positive;once;False;;;Vor einem halben Jahr hat Greta Karl charmant zum Tanzen aufgefordert. Vor zwei Wochen hat Greta wieder eine charmante Tanzaufforderung ausgesprochen, als sie auf einer Party einsam war.;Greta hat einmal eine charmante Tanzaufforderung ausgesprochen.;morit/german_xlm_xnli;entailment;0;0.01505993027240038;0.016699299216270447;0.9682406783103943
40_aii_bii1_twice_pos;Vor einem halben Jahr hat Greta Karl charmant zum Tanzen aufgefordert.;Vor zwei Wochen hat Greta wieder eine charmante Tanzaufforderung ausgesprochen, als sie auf einer Party einsam war.;Greta hat mindestens zweimal eine charmante Tanzaufforderung ausgesprochen.;entailment;40;aii;bii;1;positive;twice;False;;;Vor einem halben Jahr hat Greta Karl charmant zum Tanzen aufgefordert. Vor zwei Wochen hat Greta wieder eine charmante Tanzaufforderung ausgesprochen, als sie auf einer Party einsam war.;Greta hat mindestens zweimal eine charmante Tanzaufforderung ausgesprochen.;morit/german_xlm_xnli;entailment;1;0.0020327584352344275;0.030779408290982246;0.967187762260437
40_aii_bii1_cannot_say_pos;Vor einem halben Jahr hat Greta Karl charmant zum Tanzen aufgefordert.;Vor zwei Wochen hat Greta wieder eine charmante Tanzaufforderung ausgesprochen, als sie auf einer Party einsam war.;Es lässt sich nicht sagen, wie oft Greta eine charmante Tanzaufforderung ausgesprochen hat.;unknown;40;aii;bii;1;positive;cannot say;False;;;Vor einem halben Jahr hat Greta Karl charmant zum Tanzen aufgefordert. Vor zwei Wochen hat Greta wieder eine charmante Tanzaufforderung ausgesprochen, als sie auf einer Party einsam war.;Es lässt sich nicht sagen, wie oft Greta eine charmante Tanzaufforderung ausgesprochen hat.;morit/german_xlm_xnli;neutral;1;0.0332135409116745;0.9239656925201416;0.0428207702934742
40_aii_bii2_once_neu;Vor einem halben Jahr hat Greta Karl charmant zum Tanzen aufgefordert.;Vor zwei Wochen hat Karl wieder eine charmante Tanzaufforderung ausgesprochen, als er auf einer Party einsam war.;Karl hat einmal eine charmante Tanzaufforderung ausgesprochen.;entailment;40;aii;bii;2;neutral;once;False;;;Vor einem halben Jahr hat Greta Karl charmant zum Tanzen aufgefordert. Vor zwei Wochen hat Karl wieder eine charmante Tanzaufforderung ausgesprochen, als er auf einer Party einsam war.;Karl hat einmal eine charmante Tanzaufforderung ausgesprochen.;morit/german_xlm_xnli;entailment;1;0.021401669830083847;0.01801741123199463;0.9605808854103088
40_aii_bii2_twice_neu;Vor einem halben Jahr hat Greta Karl charmant zum Tanzen aufgefordert.;Vor zwei Wochen hat Karl wieder eine charmante Tanzaufforderung ausgesprochen, als er auf einer Party einsam war.;Karl hat mindestens zweimal eine charmante Tanzaufforderung ausgesprochen.;unknown;40;aii;bii;2;neutral;twice;False;;;Vor einem halben Jahr hat Greta Karl charmant zum Tanzen aufgefordert. Vor zwei Wochen hat Karl wieder eine charmante Tanzaufforderung ausgesprochen, als er auf einer Party einsam war.;Karl hat mindestens zweimal eine charmante Tanzaufforderung ausgesprochen.;morit/german_xlm_xnli;entailment;0;0.001620527938939631;0.026148034259676933;0.9722315073013306
40_aii_bii2_cannot_say_neu;Vor einem halben Jahr hat Greta Karl charmant zum Tanzen aufgefordert.;Vor zwei Wochen hat Karl wieder eine charmante Tanzaufforderung ausgesprochen, als er auf einer Party einsam war.;Es lässt sich nicht sagen, wie oft Karl eine charmante Tanzaufforderung ausgesprochen hat.;unknown;40;aii;bii;2;neutral;cannot say;False;;;Vor einem halben Jahr hat Greta Karl charmant zum Tanzen aufgefordert. Vor zwei Wochen hat Karl wieder eine charmante Tanzaufforderung ausgesprochen, als er auf einer Party einsam war.;Es lässt sich nicht sagen, wie oft Karl eine charmante Tanzaufforderung ausgesprochen hat.;morit/german_xlm_xnli;neutral;1;0.02876913547515869;0.9324094653129578;0.038821421563625336
